<?xml version="1.0" encoding="UTF-8"?>
<kml xmlns="http://www.opengis.net/kml/2.2" xmlns:gx="http://www.google.com/kml/ext/2.2" xmlns:kml="http://www.opengis.net/kml/2.2" xmlns:atom="http://www.w3.org/2005/Atom">
<Folder>
	<name>Temporary Places</name>
	<open>1</open>
	<Document>
		<name>Ward A1.kml</name>
		<StyleMap id="m_ylw-pushpin">
			<Pair>
				<key>normal</key>
				<styleUrl>#s_ylw-pushpin</styleUrl>
			</Pair>
			<Pair>
				<key>highlight</key>
				<styleUrl>#s_ylw-pushpin_hl</styleUrl>
			</Pair>
		</StyleMap>
		<Style id="s_ylw-pushpin">
			<IconStyle>
				<scale>1.1</scale>
				<Icon>
					<href>https://maps.google.com/mapfiles/kml/pushpin/ylw-pushpin.png</href>
				</Icon>
				<hotSpot x="20" y="2" xunits="pixels" yunits="pixels"/>
			</IconStyle>
			<LineStyle>
				<color>ffffff55</color>
				<width>3</width>
			</LineStyle>
			<PolyStyle>
				<fill>0</fill>
			</PolyStyle>
		</Style>
		<Style id="s_ylw-pushpin_hl">
			<IconStyle>
				<scale>1.3</scale>
				<Icon>
					<href>https://maps.google.com/mapfiles/kml/pushpin/ylw-pushpin.png</href>
				</Icon>
				<hotSpot x="20" y="2" xunits="pixels" yunits="pixels"/>
			</IconStyle>
			<LineStyle>
				<color>ffffff55</color>
				<width>3</width>
			</LineStyle>
			<PolyStyle>
				<fill>0</fill>
			</PolyStyle>
		</Style>
		<Placemark>
			<name>Ward A1.kml</name>
			<styleUrl>#m_ylw-pushpin</styleUrl>
			<Polygon>
				<tessellate>1</tessellate>
				<outerBoundaryIs>
					<LinearRing>
						<coordinates>
							77.74486485578177,20.96538552693113,0 77.7444562590623,20.96530921765316,0 77.74327617921477,20.96511945483775,0 77.74181248024632,20.96485241139936,0 77.74097050102472,20.96470291708306,0 77.74070807948897,20.96248973472495,0 77.74328074136292,20.96230152895077,0 77.74334712661346,20.96127476394423,0 77.74336011446286,20.95512491217136,0 77.74053838606596,20.95282801667872,0 77.74366075714283,20.95319387137118,0 77.74412401360627,20.95323394215382,0 77.74604733270314,20.95327635858223,0 77.74604742519108,20.95326944295448,0 77.74647309039108,20.95327870370932,0 77.74729734385511,20.95344670697608,0 77.74832759611428,20.95367330201481,0 77.74891661954342,20.95383968693011,0 77.74959144841728,20.95406444898225,0 77.74974356344308,20.95393571133877,0 77.74990043206321,20.95366491800314,0 77.75015975871798,20.95356829000934,0 77.75051839935514,20.95337636718807,0 77.75341336093385,20.95167751811312,0 77.7569564222145,20.94959507929707,0 77.75772254329308,20.94916922323324,0 77.75933203109196,20.9484619284267,0 77.76036593790701,20.95011559332454,0 77.76117176399146,20.95129285232821,0 77.76156622053162,20.95186912405933,0 77.75752430567172,20.95528356002939,0 77.75646117989942,20.95613715234555,0 77.75640609239667,20.95618220268057,0 77.75634555978132,20.95623702445079,0 77.75618644154042,20.95638113095583,0 77.75615930028141,20.95640571161954,0 77.75612838529088,20.95643370998869,0 77.7561078577599,20.95645230088479,0 77.75609945334782,20.95645991239729,0 77.75601392039323,20.95653737589299,0 77.75596987873399,20.95657726251784,0 77.75591518677226,20.95662679466085,0 77.75587936346886,20.95665923827647,0 77.75586958629867,20.9566680930364,0 77.75586272674127,20.95667430544086,0 77.75585557122616,20.9566838461277,0 77.75584586302517,20.95669679039537,0 77.75583689721611,20.9567087448076,0 77.7558251923021,20.95672220922205,0 77.75577349695345,20.95677067361157,0 77.7557163898893,20.95682421148416,0 77.75569361464522,20.95685186713757,0 77.75564273120466,20.95690660357627,0 77.75562359091015,20.95692414884638,0 77.75559146818648,20.95697054833596,0 77.75556445266636,20.95699964197314,0 77.75552687436448,20.95704421196194,0 77.75542964772615,20.9571708327,0 77.75536758480604,20.95724847733914,0 77.75531546076883,20.95730945262795,0 77.75524828103011,20.95738804024688,0 77.75510617861653,20.95756307754368,0 77.75461418122865,20.95818362725487,0 77.75423894643444,20.95865690587101,0 77.75297424376316,20.96014321413202,0 77.75240593291198,20.96079878999581,0 77.75116487613445,20.96173781433941,0 77.75064710292776,20.96213937024226,0 77.74986035561585,20.96272181656155,0 77.74931993472751,20.96314002860629,0 77.74805164030215,20.96416353486416,0 77.74721729700974,20.96477097799885,0 77.74589903804144,20.96567055919132,0 77.74569678117365,20.96560221031882,0 77.74554988100107,20.96555256819164,0 77.74514660384523,20.96544171523601,0 77.74486485578177,20.96538552693113,0 
						</coordinates>
					</LinearRing>
				</outerBoundaryIs>
			</Polygon>
		</Placemark>
	</Document>
	<Document>
		<name>Ward A2.kml</name>
		<StyleMap id="m_ylw-pushpin0">
			<Pair>
				<key>normal</key>
				<styleUrl>#s_ylw-pushpin0</styleUrl>
			</Pair>
			<Pair>
				<key>highlight</key>
				<styleUrl>#s_ylw-pushpin_hl0</styleUrl>
			</Pair>
		</StyleMap>
		<Style id="s_ylw-pushpin0">
			<IconStyle>
				<scale>1.1</scale>
				<Icon>
					<href>https://maps.google.com/mapfiles/kml/pushpin/ylw-pushpin.png</href>
				</Icon>
				<hotSpot x="20" y="2" xunits="pixels" yunits="pixels"/>
			</IconStyle>
			<LineStyle>
				<color>ffffff55</color>
				<width>3</width>
			</LineStyle>
			<PolyStyle>
				<fill>0</fill>
			</PolyStyle>
		</Style>
		<Style id="s_ylw-pushpin_hl0">
			<IconStyle>
				<scale>1.3</scale>
				<Icon>
					<href>https://maps.google.com/mapfiles/kml/pushpin/ylw-pushpin.png</href>
				</Icon>
				<hotSpot x="20" y="2" xunits="pixels" yunits="pixels"/>
			</IconStyle>
			<LineStyle>
				<color>ffffff55</color>
				<width>3</width>
			</LineStyle>
			<PolyStyle>
				<fill>0</fill>
			</PolyStyle>
		</Style>
		<Placemark>
			<name>Ward A2.kml</name>
			<styleUrl>#m_ylw-pushpin0</styleUrl>
			<Polygon>
				<tessellate>1</tessellate>
				<outerBoundaryIs>
					<LinearRing>
						<coordinates>
							77.74048714729753,20.97173943525331,0 77.74048981190208,20.97173162126956,0 77.74049094826148,20.97172828888273,0 77.74049281265513,20.97172282152707,0 77.74049486602894,20.97171774983008,0 77.74049858832575,20.9717085560041,0 77.7405016153275,20.97170107951109,0 77.74050244759542,20.9716990238644,0 77.74051020408615,20.97167986584736,0 77.74067076275264,20.97128329660518,0 77.74104253264767,20.97044535974237,0 77.74105853855485,20.97040928382609,0 77.7410735280493,20.97037435035878,0 77.7410894390004,20.9703396369211,0 77.741098572591,20.97031836896076,0 77.74112163627444,20.97026706707857,0 77.74117671868258,20.97015609858381,0 77.74123756095929,20.97004818057846,0 77.74130399470071,20.96994361176612,0 77.74137583602652,20.96984268158025,0 77.74142096945224,20.96978459084039,0 77.7419257117146,20.96913494258251,0 77.74329474694559,20.96755472859581,0 77.74584312027304,20.96570871753039,0 77.74721729700974,20.96477097799902,0 77.74805164030232,20.96416353486416,0 77.74931993472751,20.96314002860629,0 77.74986035561602,20.96272181656155,0 77.75064710292776,20.96213937024243,0 77.75116487613445,20.96173781433959,0 77.75240593291215,20.96079878999581,0 77.75297424376316,20.96014321413202,0 77.75423894643461,20.95865690587101,0 77.75370357509502,20.96034920188544,0 77.75462339564081,20.96036917756732,0 77.75451723763058,20.96211009978902,0 77.75437074209026,20.96462970755357,0 77.75398153832896,20.96842219056316,0 77.75392781334648,20.96905824882276,0 77.7545823564119,20.9689949333964,0 77.75506737118263,20.9689480168243,0 77.75552320526532,20.96890392296592,0 77.75611097479185,20.96884706669459,0 77.756266919891,20.96883198177358,0 77.75621080181139,20.97181884778831,0 77.75609671554224,20.9740026723257,0 77.75593984692193,20.97807728401699,0 77.75552103895637,20.98144460658511,0 77.75540071300009,20.9810494510001,0 77.75512975800029,20.97949821300017,0 77.75506917919307,20.97918968738765,0 77.75489445500011,20.97829982000019,0 77.75462162783799,20.97672164668478,0 77.75460210900025,20.9766087390002,0 77.75408214338904,20.9762208532228,0 77.75402347700015,20.97617708900015,0 77.75394623200026,20.97376914500023,0 77.75307684445289,20.97387375611805,0 77.75279348500015,20.97390785200008,0 77.75187247600024,20.9740299150003,0 77.75112378500023,20.97419081500016,0 77.74978089400025,20.9745126160002,0 77.74780221100019,20.97503415300008,0 77.74590671500022,20.97553349500021,0 77.74503918400012,20.97582755100018,0 77.74454005600023,20.97599954600014,0 77.74269209600027,20.97652662600024,0 77.74109964200011,20.97691500000019,0 77.7401429810003,20.9770758970003,0 77.73836696108424,20.9772461204937,0 77.73836722942588,20.97724427313642,0 77.73822999103561,20.97661099854741,0 77.73638979272562,20.97652195329016,0 77.73576741771615,20.97658728297955,0 77.73354441894514,20.97682062730036,0 77.73298802459459,20.97710177876473,0 77.73273630787122,20.97722897349365,0 77.73201376149916,20.97740651496866,0 77.73188668021947,20.97740867239685,0 77.73197168472188,20.97727544320867,0 77.73270611508019,20.97650979341904,0 77.73319811211638,20.97607703310717,0 77.73445306107823,20.97547338586105,0 77.73867522425587,20.97361169503023,0 77.73931451529785,20.97332520458531,0 77.73942255758635,20.97327678675788,0 77.7396939587274,20.97315282614011,0 77.73972912262997,20.9731368876208,0 77.7397593618615,20.97312170208232,0 77.7397900840628,20.97310478774961,0 77.73980886205356,20.97309367042675,0 77.73982266919137,20.97308510084326,0 77.73983066894226,20.97307997743525,0 77.73983730513288,20.97307563709882,0 77.73985066097043,20.97306664775692,0 77.73986217420435,20.97305861833001,0 77.7398720737188,20.97305149999619,0 77.73988325786837,20.97304321182514,0 77.73989089799869,20.973037395468,0 77.73989653095788,20.97303302473597,0 77.73990623782231,20.97302526530621,0 77.739911529967,20.97302103489534,0 77.73992589632167,20.97300905170368,0 77.73993155648026,20.97300419072292,0 77.73993574822731,20.97300053837,0 77.73994234781486,20.97299469564547,0 77.7399515201094,20.97298638265801,0 77.73995768887164,20.97298066205002,0 77.73996336091506,20.97297530726371,0 77.73996878958167,20.97297009504888,0 77.73997639092255,20.97296264949216,0 77.73998067853069,20.97295837194571,0 77.73998446834679,20.97295454315366,0 77.73999151837381,20.97294729821652,0 77.74000497752121,20.9729330067911,0 77.74001499520091,20.97292195653137,0 77.7400209183848,20.97291524802472,0 77.74002754659602,20.97290758037065,0 77.74004370044173,20.97288814098812,0 77.74005307643915,20.97287633480113,0 77.74006774763285,20.97285701766958,0 77.74007701080086,20.97284424715588,0 77.74007988781182,20.97284018407748,0 77.74009052002464,20.97282474564884,0 77.74009818569397,20.97281317597151,0 77.74010479417984,20.9728028840733,0 77.74011956544564,20.9727787107318,0 77.74013749647065,20.9727468674285,0 77.7401523669858,20.97271794311149,0 77.74016418840608,20.97269294976098,0 77.74018044757202,20.97265490300185,0 77.74018707909721,20.97263785891039,0 77.74019070862641,20.9726280760965,0 77.7401946864656,20.97261693842336,0 77.74020161104596,20.97259636000723,0 77.74020480951145,20.97258626530061,0 77.74020946049825,20.97257080046785,0 77.74021447269536,20.97255290238911,0 77.74022580353579,20.97250582882748,0 77.74024115801348,20.97246080164587,0 77.74024702611393,20.97244359337373,0 77.74025936231249,20.97240741733043,0 77.74027065046192,20.97237431470256,0 77.74028135442927,20.97234292519613,0 77.74030719385269,20.97226715079108,0 77.74031500342875,20.97224424911957,0 77.74032802295767,20.97220606920183,0 77.74034104516323,20.9721678814351,0 77.74035413598108,20.97212949246205,0 77.74036361878581,20.97210168402808,0 77.74038163014177,20.97204886552049,0 77.74039268167428,20.97201645677512,0 77.74040381520183,20.97198380757817,0 77.74041611575564,20.97194773606282,0 77.74042386851954,20.97192500099402,0 77.74044125603376,20.97187401190928,0 77.74044883434595,20.97185178842238,0 77.74046874751804,20.97179339281672,0 77.74047920039163,20.9717627396455,0 77.74048386302064,20.97174906643272,0 77.74048714729753,20.97173943525331,0 
						</coordinates>
					</LinearRing>
				</outerBoundaryIs>
			</Polygon>
		</Placemark>
	</Document>
	<Document>
		<name>Ward A3.kml</name>
		<StyleMap id="m_ylw-pushpin1">
			<Pair>
				<key>normal</key>
				<styleUrl>#s_ylw-pushpin1</styleUrl>
			</Pair>
			<Pair>
				<key>highlight</key>
				<styleUrl>#s_ylw-pushpin_hl1</styleUrl>
			</Pair>
		</StyleMap>
		<Style id="s_ylw-pushpin1">
			<IconStyle>
				<scale>1.1</scale>
				<Icon>
					<href>https://maps.google.com/mapfiles/kml/pushpin/ylw-pushpin.png</href>
				</Icon>
				<hotSpot x="20" y="2" xunits="pixels" yunits="pixels"/>
			</IconStyle>
			<LineStyle>
				<color>ffffff55</color>
				<width>3</width>
			</LineStyle>
			<PolyStyle>
				<fill>0</fill>
			</PolyStyle>
		</Style>
		<Style id="s_ylw-pushpin_hl1">
			<IconStyle>
				<scale>1.3</scale>
				<Icon>
					<href>https://maps.google.com/mapfiles/kml/pushpin/ylw-pushpin.png</href>
				</Icon>
				<hotSpot x="20" y="2" xunits="pixels" yunits="pixels"/>
			</IconStyle>
			<LineStyle>
				<color>ffffff55</color>
				<width>3</width>
			</LineStyle>
			<PolyStyle>
				<fill>0</fill>
			</PolyStyle>
		</Style>
		<Placemark>
			<name>Ward A3.kml</name>
			<styleUrl>#m_ylw-pushpin1</styleUrl>
			<Polygon>
				<tessellate>1</tessellate>
				<outerBoundaryIs>
					<LinearRing>
						<coordinates>
							77.76295378091663,20.9616431211578,0 77.76286060785249,20.9621880815173,0 77.76277908631687,20.96236889626859,0 77.7626486595662,20.96272817583997,0 77.76266292035008,20.96292792935946,0 77.76272730398358,20.9631502391654,0 77.76281903551617,20.96373758557981,0 77.76289106288067,20.96413311143381,0 77.7629015793118,20.96420096070559,0 77.76291629167486,20.96429588098454,0 77.76294799571959,20.96444983122964,0 77.76302894713048,20.96487218301354,0 77.76308044115093,20.96499098148434,0 77.76312445378852,20.96510822975235,0 77.76317155496696,20.9652672451637,0 77.76313827980512,20.96543148417715,0 77.76314778699431,20.96555577304067,0 77.76324285888529,20.96563123408587,0 77.76334965857508,20.96582636096441,0 77.76341874188377,20.96623492107692,0 77.76327247365049,20.96688328546932,0 77.76324761247997,20.96700284291809,0 77.76314303339979,20.96718483537757,0 77.76302267074576,20.96730249665239,0 77.76283880334836,20.96748223721245,0 77.76268703818454,20.96772398755203,0 77.76264358999158,20.9678197569466,0 77.76249654454058,20.96817025411566,0 77.76245063506418,20.96824939745838,0 77.76231115435309,20.96848984798723,0 77.76216778147047,20.96857910019619,0 77.76205921384178,20.96878280843595,0 77.76185956287065,20.96888933936599,0 77.76168367987219,20.96901806413839,0 77.76135092825359,20.96947969689387,0 77.76112275571512,20.97002122580868,0 77.76111800212044,20.97047397798633,0 77.76102762179325,20.9708633842907,0 77.76081275931926,20.97184877878205,0 77.76055416377569,20.9725749482227,0 77.75995521086215,20.97307740569747,0 77.75975847407847,20.97303067042954,0 77.75963963421464,20.97311500502553,0 77.75957308389098,20.97326148078971,0 77.75944473683803,20.97335913121932,0 77.75934491135253,20.97358550242463,0 77.75921656429956,20.97372753908423,0 77.75902166692293,20.97382518920931,0 77.7589361022209,20.97389620744228,0 77.75884578392441,20.97405155970878,0 77.75883152314077,20.97446435208964,0 77.75876849003545,20.97460283797198,0 77.75609978596492,20.97394389869532,0 77.75621080181139,20.97181884778833,0 77.756266919891,20.96883198177358,0 77.75552320526602,20.96890392296575,0 77.75392781334648,20.96905824882277,0 77.75398153832897,20.96842219056316,0 77.75437074209027,20.96462970755358,0 77.75451723763058,20.962110099789,0 77.75462339564081,20.96036917756734,0 77.75370357509502,20.96034920188545,0 77.75423894643463,20.95865690587101,0 77.75520242631207,20.95744168161504,0 77.75539159346188,20.95722039174148,0 77.75554506869692,20.95702051701704,0 77.75559146818632,20.95697054833579,0 77.75562359091001,20.95692414884623,0 77.75566642120805,20.95688488773966,0 77.75571638988914,20.95682421148399,0 77.7557734969533,20.95677067361137,0 77.75583060401743,20.95671713573875,0 77.7558627267411,20.95667430544072,0 77.75610785776075,20.95645230088408,0 77.75641407431903,20.95617497379871,0 77.75752430567188,20.95528356002938,0 77.76156622053162,20.95186912405957,0 77.76154735689352,20.95184156573447,0 77.76164376483628,20.95198073436934,0 77.76228204122181,20.95289940892991,0 77.76564476206904,20.95725352432422,0 77.76581527226307,20.95751099219685,0 77.76690520638824,20.9594642950047,0 77.76722725980824,20.96039553420531,0 77.76613013018557,20.96048431496493,0 77.76588318355937,20.96084039942563,0 77.76529920185783,20.96102587645784,0 77.7653068102199,20.96119552109195,0 77.7653117943872,20.96158281039601,0 77.76490297376293,20.96162612393986,0 77.76445389997674,20.96167370106181,0 77.76400572225027,20.9617211820547,0 77.76378658351851,20.96174439768775,0 77.76365610734267,20.96174296486029,0 77.76353796720656,20.96174166741488,0 77.76348142991186,20.96170304767627,0 77.76295378091663,20.9616431211578,0 
						</coordinates>
					</LinearRing>
				</outerBoundaryIs>
			</Polygon>
		</Placemark>
	</Document>
	<Document>
		<name>Ward A4.kml</name>
		<StyleMap id="m_ylw-pushpin2">
			<Pair>
				<key>normal</key>
				<styleUrl>#s_ylw-pushpin2</styleUrl>
			</Pair>
			<Pair>
				<key>highlight</key>
				<styleUrl>#s_ylw-pushpin_hl2</styleUrl>
			</Pair>
		</StyleMap>
		<Style id="s_ylw-pushpin2">
			<IconStyle>
				<scale>1.1</scale>
				<Icon>
					<href>https://maps.google.com/mapfiles/kml/pushpin/ylw-pushpin.png</href>
				</Icon>
				<hotSpot x="20" y="2" xunits="pixels" yunits="pixels"/>
			</IconStyle>
			<LineStyle>
				<color>ffffff55</color>
				<width>3</width>
			</LineStyle>
			<PolyStyle>
				<fill>0</fill>
			</PolyStyle>
		</Style>
		<Style id="s_ylw-pushpin_hl2">
			<IconStyle>
				<scale>1.3</scale>
				<Icon>
					<href>https://maps.google.com/mapfiles/kml/pushpin/ylw-pushpin.png</href>
				</Icon>
				<hotSpot x="20" y="2" xunits="pixels" yunits="pixels"/>
			</IconStyle>
			<LineStyle>
				<color>ffffff55</color>
				<width>3</width>
			</LineStyle>
			<PolyStyle>
				<fill>0</fill>
			</PolyStyle>
		</Style>
		<Placemark>
			<name>Ward A4.kml</name>
			<styleUrl>#m_ylw-pushpin2</styleUrl>
			<Polygon>
				<tessellate>1</tessellate>
				<outerBoundaryIs>
					<LinearRing>
						<coordinates>
							77.7629537809164,20.9616431211576,0 77.76348142991186,20.96170304767627,0 77.76353796720656,20.96174166741488,0 77.76378658351851,20.96174439768775,0 77.7653117943872,20.96158281039601,0 77.7653068102199,20.96119552109195,0 77.76529920185763,20.96102587645784,0 77.76588318355937,20.96084039942563,0 77.76613013018557,20.96048431496493,0 77.76722725980807,20.96039553420531,0 77.76690520638806,20.9594642950047,0 77.76581527226291,20.95751099219685,0 77.76564476206882,20.95725352432423,0 77.76228204122162,20.95289940892975,0 77.76164376483609,20.95198073436935,0 77.76156622053162,20.95186912405957,0 77.76240836068104,20.95071426716606,0 77.7624527418065,20.95074785527044,0 77.76263792669616,20.95085823777088,0 77.7647076018222,20.95209190168415,0 77.76586629049427,20.9503883161006,0 77.76497376701623,20.94983980484394,0 77.76886442212829,20.94806768455716,0 77.76986060723175,20.94986633598422,0 77.76953082660977,20.95016321733591,0 77.76899307622598,20.95038240973194,0 77.76845556352193,20.95051547878156,0 77.7684484331302,20.95068861264754,0 77.76818817382843,20.95110479900581,0 77.76788513217572,20.95132121545464,0 77.76794217531032,20.95165887998088,0 77.76776391551459,20.95193633588264,0 77.7672707300797,20.95245240249148,0 77.76724632829446,20.95297320253068,0 77.76817327923214,20.95277343571766,0 77.76824524208149,20.95277517426986,0 77.76832586774924,20.95378119380332,0 77.76838776003325,20.95523462447143,0 77.76842046614897,20.9554369712957,0 77.76845591061796,20.95553627165878,0 77.76878388334627,20.95638444140531,0 77.76908596938614,20.95716824399329,0 77.7693093883301,20.9575233743778,0 77.76943298178846,20.95764766981327,0 77.76952330008496,20.95766542629559,0 77.76993805120959,20.95836569588741,0 77.76970037148192,20.95948656432232,0 77.76973602344117,20.96003034895271,0 77.77039477984387,20.95982255919404,0 77.77107297190901,20.95960863859514,0 77.77135874250143,20.95955013423056,0 77.77160503255539,20.95949971249814,0 77.77308730760051,20.95912588975223,0 77.77357182762887,20.95906547849849,0 77.77305016026162,20.96009460994064,0 77.77322506268045,20.96020563413771,0 77.77269241263667,20.96125725758487,0 77.77225927002907,20.96142743094311,0 77.77161753476449,20.96191128210597,0 77.77122774001117,20.96236849782143,0 77.77063527838936,20.9629401630823,0 77.77051969210271,20.96305946056959,0 77.76997897072233,20.9637253031226,0 77.76960462515143,20.9639805419818,0 77.76904013579821,20.96430791292445,0 77.76876086211834,20.96449656704042,0 77.76829738664949,20.96486277729201,0 77.76754869550746,20.96522898664678,0 77.76713869797732,20.96543428543823,0 77.76668116450168,20.9655563548563,0 77.76627116697153,20.96578384759666,0 77.76524320214945,20.96606682588833,0 77.76470842276247,20.9662776721104,0 77.76415581739566,20.96636090080046,0 77.76375770385192,20.96642193514377,0 77.76334907449086,20.96654373664842,0 77.76341874188377,20.96623492107692,0 77.76334965857509,20.96582636096424,0 77.76324285888529,20.96563123408567,0 77.7631477869943,20.96555577304044,0 77.76313827980513,20.96543148417715,0 77.76317155496697,20.96526724516349,0 77.76312445378835,20.96510822975235,0 77.76308044115076,20.96499098148434,0 77.76302894713051,20.96487218301339,0 77.76294799571959,20.96444983122964,0 77.7629162916747,20.96429588098437,0 77.7629015793118,20.96420096070559,0 77.7628910628805,20.96413311143365,0 77.76281903551616,20.96373758557958,0 77.76272730398361,20.96315023916526,0 77.76266292034987,20.96292792935946,0 77.7626486595662,20.96272817583981,0 77.76277908631667,20.96236889626836,0 77.76286060785233,20.96218808151714,0 77.7629537809164,20.9616431211576,0 
						</coordinates>
					</LinearRing>
				</outerBoundaryIs>
			</Polygon>
		</Placemark>
	</Document>
	<Document>
		<name>Ward A5.kml</name>
		<StyleMap id="m_ylw-pushpin3">
			<Pair>
				<key>normal</key>
				<styleUrl>#s_ylw-pushpin3</styleUrl>
			</Pair>
			<Pair>
				<key>highlight</key>
				<styleUrl>#s_ylw-pushpin_hl3</styleUrl>
			</Pair>
		</StyleMap>
		<Style id="s_ylw-pushpin3">
			<IconStyle>
				<scale>1.1</scale>
				<Icon>
					<href>https://maps.google.com/mapfiles/kml/pushpin/ylw-pushpin.png</href>
				</Icon>
				<hotSpot x="20" y="2" xunits="pixels" yunits="pixels"/>
			</IconStyle>
			<LineStyle>
				<color>ffffff55</color>
				<width>3</width>
			</LineStyle>
			<PolyStyle>
				<fill>0</fill>
			</PolyStyle>
		</Style>
		<Style id="s_ylw-pushpin_hl3">
			<IconStyle>
				<scale>1.3</scale>
				<Icon>
					<href>https://maps.google.com/mapfiles/kml/pushpin/ylw-pushpin.png</href>
				</Icon>
				<hotSpot x="20" y="2" xunits="pixels" yunits="pixels"/>
			</IconStyle>
			<LineStyle>
				<color>ffffff55</color>
				<width>3</width>
			</LineStyle>
			<PolyStyle>
				<fill>0</fill>
			</PolyStyle>
		</Style>
		<Placemark>
			<name>Ward A5.kml</name>
			<styleUrl>#m_ylw-pushpin3</styleUrl>
			<Polygon>
				<tessellate>1</tessellate>
				<outerBoundaryIs>
					<LinearRing>
						<coordinates>
							77.74528207351682,20.96547895318349,0 77.74543176554874,20.96552010057775,0 77.74544579126319,20.96552395597075,0 77.745462001345,20.96552841180323,0 77.74546966681004,20.96553051888878,0 77.74547730710896,20.96553261905666,0 77.74548874711451,20.9655357636891,0 77.74549795542151,20.96553829487169,0 77.74551346878741,20.96554255919051,0 77.74553166994031,20.96554756232939,0 77.74554235503791,20.96555049945249,0 77.74555657870479,20.96555483155373,0 77.74557422377546,20.96556079437062,0 77.74560010262314,20.96556953963631,0 77.74561476082295,20.96557449309705,0 77.74564233635448,20.96558381172491,0 77.74568906806581,20.96559960382035,0 77.74570190365614,20.96560394136469,0 77.7457283060898,20.96561286356655,0 77.74575065680699,20.96562041656745,0 77.74577716749258,20.96562937535083,0 77.74589903804161,20.96567055919149,0 77.74580938658255,20.96573315381113,0 77.74329474694542,20.96755472859581,0 77.74192571171443,20.96913494258234,0 77.74142096945241,20.96978459084056,0 77.74134970481362,20.96988119856132,0 77.7412827341002,20.96998083100584,0 77.74122018550719,20.97008329745876,0 77.74116217876468,20.97018840177958,0 77.74110882490822,20.97029594277842,0 77.74106190022314,20.97040170691918,0 77.74067076275264,20.97128329660518,0 77.74049281265496,20.9717228215269,0 77.74022580353562,20.97250582882731,0 77.74020664678562,20.97258027444445,0 77.74018127260803,20.97265283670788,0 77.7401498622267,20.97272299737267,0 77.74011263997687,20.97279025534698,0 77.74006987170281,20.97285413026924,0 77.7400218628581,20.97291416594027,0 77.73996895632541,20.97296993358106,0 77.739911529967,20.97302103489534,0 77.73990643731554,20.97302516418478,0 77.73985375695577,20.97306451448509,0 77.73979837148227,20.97309995620856,0 77.73974057032854,20.97313130414437,0 77.73968065555175,20.97315839447401,0 77.73946215067519,20.97325837825417,0 77.73924468438702,20.97336060129931,0 77.73445306107823,20.97547338586088,0 77.73319811211638,20.976077033107,0 77.73270611508019,20.97650979341887,0 77.73197168472171,20.97727544320844,0 77.73188668021925,20.97740867239685,0 77.73134926188243,20.97809583600929,0 77.73128389130557,20.97816774364412,0 77.73124602052968,20.97820557161407,0 77.73118561485597,20.97825917021373,0 77.73112155638336,20.97830834507897,0 77.7310541683911,20.97835284804296,0 77.73098461846882,20.97839202635458,0 77.7309124905936,20.97842622725273,0 77.73083814042258,20.97845528209552,0 77.73076193457064,20.97847904761556,0 77.73068424880296,20.9784974066269,0 77.730610985103,20.97850955177938,0 77.73053708474566,20.97851688742043,0 77.73046286311592,20.9785193822438,0 77.73038863697036,20.97851702560234,0 77.73034037041589,20.97851938006829,0 77.73012146000343,20.97852889791238,0 77.72997393342098,20.97852889791238,0 77.72978821648957,20.97852889791261,0 77.72960343754363,20.97852956300795,0 77.72941881620017,20.97853722203638,0 77.72923461708626,20.97855186401983,0 77.72905110422431,20.9785734679715,0 77.72886854065291,20.97860200292496,0 77.72868718804961,20.97863742797983,0 77.72850730635673,20.97867969235938,0 77.72832915340803,20.97872873548397,0 77.72815298455924,20.97878448705745,0 77.72630480455001,20.97921418268197,0 77.72627063640476,20.97903804312091,0 77.72168817430662,20.97857779583597,0 77.72218974305883,20.97793334867811,0 77.72270727190971,20.97731555245701,0 77.72366274441458,20.97608607266631,0 77.72424268294998,20.97528268871088,0 77.72477508553993,20.97463909071377,0 77.72548337112829,20.97376024207614,0 77.72668603054996,20.97227328943143,0 77.72720417235621,20.97165631070817,0 77.72747512724567,20.97126570415702,0 77.72767477821679,20.97093723876719,0 77.72801703702459,20.97038239694223,0 77.72952868009219,20.96795438489414,0 77.73049841338087,20.96634752525642,0 77.73113539505096,20.96535321672133,0 77.73232260529022,20.9634317189379,0 77.73260425576757,20.9629439886009,0 77.73307961522283,20.96217604591561,0 77.73392100145855,20.96076888058911,0 77.73436783934648,20.96004975628875,0 77.73469108377611,20.95950819126142,0 77.73501432820558,20.95895774610977,0 77.73553247001183,20.95813207458411,0 77.73596908767155,20.9574355771569,0 77.73663221411152,20.95632357167437,0 77.7369637773316,20.95580085965457,0 77.73760194740021,20.95477873596934,0 77.73825794344845,20.9536434047323,0 77.73866081058668,20.95298084674533,0 77.73887828753743,20.95260794849759,0 77.7390208953741,20.95230829744628,0 77.73925687830257,20.95180248613309,0 77.73925849657627,20.95180788250514,0 77.74053838606596,20.95282801667872,0 77.74336011446286,20.95512491217136,0 77.74334712661346,20.96127476394423,0 77.74328074136292,20.96230152895077,0 77.74070807948897,20.96248973472495,0 77.74097050102472,20.96470291708306,0 77.74181248024632,20.96485241139936,0 77.74327617921477,20.96511945483775,0 77.7444562590623,20.96530921765316,0 77.74480191780748,20.96537377267293,0 77.74490565204979,20.96539366282792,0 77.74498226963073,20.96540894247869,0 77.74505612967732,20.96542367220121,0 77.7451466038454,20.96544171523618,0 77.74528207351682,20.96547895318349,0 
						</coordinates>
					</LinearRing>
				</outerBoundaryIs>
			</Polygon>
		</Placemark>
	</Document>
	<Document>
		<name>Ward A6.kml</name>
		<StyleMap id="m_ylw-pushpin4">
			<Pair>
				<key>normal</key>
				<styleUrl>#s_ylw-pushpin4</styleUrl>
			</Pair>
			<Pair>
				<key>highlight</key>
				<styleUrl>#s_ylw-pushpin_hl4</styleUrl>
			</Pair>
		</StyleMap>
		<Style id="s_ylw-pushpin4">
			<IconStyle>
				<scale>1.1</scale>
				<Icon>
					<href>https://maps.google.com/mapfiles/kml/pushpin/ylw-pushpin.png</href>
				</Icon>
				<hotSpot x="20" y="2" xunits="pixels" yunits="pixels"/>
			</IconStyle>
			<LineStyle>
				<color>ffffff55</color>
				<width>3</width>
			</LineStyle>
			<PolyStyle>
				<fill>0</fill>
			</PolyStyle>
		</Style>
		<Style id="s_ylw-pushpin_hl4">
			<IconStyle>
				<scale>1.3</scale>
				<Icon>
					<href>https://maps.google.com/mapfiles/kml/pushpin/ylw-pushpin.png</href>
				</Icon>
				<hotSpot x="20" y="2" xunits="pixels" yunits="pixels"/>
			</IconStyle>
			<LineStyle>
				<color>ffffff55</color>
				<width>3</width>
			</LineStyle>
			<PolyStyle>
				<fill>0</fill>
			</PolyStyle>
		</Style>
		<Placemark>
			<name>Ward A6.kml</name>
			<styleUrl>#m_ylw-pushpin4</styleUrl>
			<Polygon>
				<tessellate>1</tessellate>
				<outerBoundaryIs>
					<LinearRing>
						<coordinates>
							77.77341246612025,20.97108692501962,0 77.77385624080057,20.97166194241032,0 77.77393371702868,20.97176233159547,0 77.77398903997613,20.97183547262841,0 77.77405774643427,20.97193348074933,0 77.77412977888855,20.97203667819707,0 77.77419701149825,20.97213398531551,0 77.77432607062985,20.97235768443414,0 77.77452619183885,20.97272387825268,0 77.77508558292999,20.97391697973393,0 77.77370386458153,20.97404164605103,0 77.77289415942244,20.97393368536319,0 77.77188512248682,20.97379914710496,0 77.77022574049573,20.97335719773292,0 77.76876369338993,20.97291650902537,0 77.76865960575651,20.97288465028356,0 77.76833124122129,20.9728666281265,0 77.76756665917458,20.97283671006824,0 77.76735664115398,20.97282749799035,0 77.7671476811305,20.97279948986795,0 77.7656486361513,20.97259856418657,0 77.7656824814361,20.97206537832164,0 77.76574911018128,20.97101573417746,0 77.7657942792967,20.97029773255895,0 77.76580231045301,20.97016869864717,0 77.76580089533951,20.97012412257158,0 77.76579439838667,20.96991946856207,0 77.76579088904009,20.96980892414314,0 77.76578621929832,20.96976021024784,0 77.7657434676305,20.96931423262021,0 77.7657064417923,20.96891287083565,0 77.76570629880143,20.96890824785669,0 77.76550724105124,20.96896063147523,0 77.76339077153375,20.96881007550417,0 77.76337136050324,20.96903712573931,0 77.7624141525244,20.96897831740404,0 77.76228335480846,20.96948625552119,0 77.76144554173976,20.96934843777518,0 77.76168367987225,20.96901806413848,0 77.76185956287077,20.96888933936611,0 77.76205921384189,20.96878280843606,0 77.76216778147057,20.96857910019628,0 77.7623111543532,20.96848984798726,0 77.76245063506423,20.96824939745846,0 77.76249654454062,20.96817025411576,0 77.76264358999168,20.96781975694665,0 77.76268703818459,20.96772398755212,0 77.76283880334842,20.96748223721255,0 77.76302267074584,20.96730249665251,0 77.7631430333999,20.96718483537768,0 77.76324761248003,20.96700284291813,0 77.7632724736506,20.96688328546941,0 77.76334907449109,20.9665437366487,0 77.76375770385221,20.96642193514384,0 77.76415581739593,20.96636090080057,0 77.76470842276257,20.96627767211066,0 77.76524320214975,20.96606682588839,0 77.76627116697165,20.96578384759692,0 77.76668116450179,20.9655563548564,0 77.76713869797743,20.9654342854385,0 77.76754869550757,20.96522898664705,0 77.76829738664969,20.96486277729213,0 77.76876086211854,20.9644965670405,0 77.76904013579832,20.96430791292448,0 77.76960462515149,20.96398054198187,0 77.76997897072243,20.96372530312266,0 77.77051969210277,20.96305946056987,0 77.77063527838948,20.96294016308258,0 77.77122774001128,20.96236849782167,0 77.77161753476474,20.96191128210609,0 77.77225927002928,20.96142743094322,0 77.77258325606448,20.96130014311069,0 77.7726062537356,20.96133216592278,0 77.77254386280708,20.96251127370522,0 77.77322897462182,20.96253724171555,0 77.77510904005993,20.96243005537451,0 77.77485947634602,20.96424114780592,0 77.77442176666528,20.96421868983674,0 77.77303645404243,20.96498087789286,0 77.77302583529337,20.9654667503429,0 77.77304461336598,20.96617676558469,0 77.77401214706799,20.96879490897493,0 77.77388497067005,20.96881437652678,0 77.7739146806361,20.9692083185663,0 77.77386284926848,20.96972214555063,0 77.77383350312766,20.97020003924183,0 77.77386597508468,20.97088710681555,0 77.77344606674336,20.97097603545848,0 77.77336347974585,20.97099352582211,0 77.77333002795251,20.97100061027902,0 77.77336001683659,20.97102721262269,0 77.77337990124892,20.97104485155739,0 77.77341271888093,20.97108677245171,0 77.77341246612025,20.97108692501962,0 
						</coordinates>
					</LinearRing>
				</outerBoundaryIs>
			</Polygon>
		</Placemark>
	</Document>
	<Document>
		<name>Ward A6A.kml</name>
		<StyleMap id="m_ylw-pushpin5">
			<Pair>
				<key>normal</key>
				<styleUrl>#s_ylw-pushpin5</styleUrl>
			</Pair>
			<Pair>
				<key>highlight</key>
				<styleUrl>#s_ylw-pushpin_hl5</styleUrl>
			</Pair>
		</StyleMap>
		<Style id="s_ylw-pushpin5">
			<IconStyle>
				<scale>1.1</scale>
				<Icon>
					<href>https://maps.google.com/mapfiles/kml/pushpin/ylw-pushpin.png</href>
				</Icon>
				<hotSpot x="20" y="2" xunits="pixels" yunits="pixels"/>
			</IconStyle>
			<LineStyle>
				<color>ffffff55</color>
				<width>3</width>
			</LineStyle>
			<PolyStyle>
				<fill>0</fill>
			</PolyStyle>
		</Style>
		<Style id="s_ylw-pushpin_hl5">
			<IconStyle>
				<scale>1.3</scale>
				<Icon>
					<href>https://maps.google.com/mapfiles/kml/pushpin/ylw-pushpin.png</href>
				</Icon>
				<hotSpot x="20" y="2" xunits="pixels" yunits="pixels"/>
			</IconStyle>
			<LineStyle>
				<color>ffffff55</color>
				<width>3</width>
			</LineStyle>
			<PolyStyle>
				<fill>0</fill>
			</PolyStyle>
		</Style>
		<Placemark>
			<name>Ward A6A.kml</name>
			<styleUrl>#m_ylw-pushpin5</styleUrl>
			<Polygon>
				<tessellate>1</tessellate>
				<outerBoundaryIs>
					<LinearRing>
						<coordinates>
							77.77508558292999,20.97391697973393,0 77.77530093782713,20.97438561735902,0 77.7756378586613,20.97492313561099,0 77.77534075900172,20.97535035102015,0 77.77533110773334,20.97568750293027,0 77.77532751228512,20.97581310411624,0 77.77532425258789,20.97592697667227,0 77.77533375007033,20.97614596721849,0 77.77534164571415,20.97632802297528,0 77.775352594813,20.97658048452666,0 77.77537046896776,20.97699262226126,0 77.77589939366754,20.9772288122245,0 77.77522449643965,20.97791262460828,0 77.77524281762192,20.97797894312288,0 77.7751590280003,20.97798024700023,0 77.77476685700026,20.97845294900009,0 77.77470268300027,20.97869928500023,0 77.7745957270003,20.9789256490003,0 77.77441746800037,20.97953815900036,0 77.77418929500027,20.97972457500032,0 77.77359034200032,20.9799376210002,0 77.77301991100029,20.98013069400025,0 77.77272043400029,20.98027050500036,0 77.77254930500027,20.98048355000032,0 77.77234965400021,20.98072988400031,0 77.77227835000031,20.98104279300014,0 77.77235678400024,20.98136235900029,0 77.77239243600036,20.98170855500035,0 77.77230687200017,20.9820081480002,0 77.77215000300026,20.98207472300027,0 77.77192183100021,20.98220787500026,0 77.77164374500029,20.98228776600024,0 77.77130148600031,20.98232105400029,0 77.7710661830003,20.98232771200031,0 77.77070966400021,20.98229442400026,0 77.77047436100037,20.98234768500032,0 77.77031036200037,20.98253409700027,0 77.77001801600034,20.98293355100026,0 77.76973280000021,20.98326642800038,0 77.76955454000017,20.98351941400034,0 77.76941193300019,20.9837391130003,0 77.76928358600031,20.98403870100026,0 77.76913384700032,20.98423176800031,0 77.76910532600033,20.98443815000036,0 77.7691267170004,20.98478433900027,0 77.76920515100034,20.98523704700028,0 77.76929784600026,20.98566312300034,0 77.7667594270003,20.98533690900035,0 77.76636012500029,20.98434494600025,0 77.76370048900031,20.98441152000026,0 77.76184658700026,20.98447809500016,0 77.75859512800025,20.98461124500034,0 77.75858086700038,20.98343286600027,0 77.75841686800021,20.98124252200046,0 77.75560749400029,20.9817285280003,0 77.75552103895649,20.98144460658523,0 77.75593984692205,20.97807728401705,0 77.75609084454391,20.97415516960922,0 77.75609729201932,20.9740028264896,0 77.7560997859652,20.97394389869561,0 77.75876849003555,20.97460283797204,0 77.75880295608334,20.97452711488984,0 77.75883152314105,20.97446435208991,0 77.75883348815921,20.97440747270923,0 77.75883656286095,20.97431847244877,0 77.75884113248082,20.97418620031436,0 77.7588457839247,20.97405155970904,0 77.75886595462589,20.9740168650315,0 77.75890533889526,20.97394912199684,0 77.75893610222118,20.97389620744252,0 77.7589844298758,20.97385609575434,0 77.75902166692316,20.97382518920961,0 77.75907713643181,20.97379739712454,0 77.75914706716662,20.97376235947991,0 77.75921656429983,20.97372753908445,0 77.75928709575322,20.97364948468578,0 77.7593449113528,20.9735855024249,0 77.75939513214581,20.97347161826588,0 77.7594447368383,20.97335913121952,0 77.75950589340698,20.97331260139993,0 77.75957308389127,20.97326148078992,0 77.75963963421492,20.97311500502582,0 77.75969202339076,20.97307782709714,0 77.75975847407875,20.97303067042981,0 77.75990499562562,20.97306547695456,0 77.75995521086224,20.97307740569755,0 77.76055416377579,20.97257494822281,0 77.76081275931938,20.97184877878215,0 77.76102762179329,20.97086338429079,0 77.7611180021205,20.97047397798644,0 77.76112275571518,20.97002122580881,0 77.76135092825365,20.96947969689393,0 77.76144554173976,20.96934843777518,0 77.76228335480846,20.96948625552119,0 77.7624141525244,20.96897831740404,0 77.76337136050324,20.96903712573931,0 77.76339077153375,20.96881007550394,0 77.76550724105107,20.96896063147506,0 77.76570629880143,20.96890824785652,0 77.7657064417923,20.96891287083565,0 77.7657434676305,20.96931423262021,0 77.76578621929832,20.96976021024784,0 77.76579088904009,20.96980892414314,0 77.76579439838667,20.96991946856207,0 77.76580089533951,20.97012412257158,0 77.76580231045301,20.97016869864717,0 77.7657942792967,20.97029773255895,0 77.76574911018128,20.97101573417746,0 77.7656824814361,20.97206537832164,0 77.7656486361513,20.97259856418657,0 77.7671476811305,20.97279948986795,0 77.76735664115398,20.97282749799035,0 77.76756665917458,20.97283671006824,0 77.76833124122129,20.9728666281265,0 77.76865960575651,20.97288465028356,0 77.76876369338993,20.97291650902537,0 77.77044400300355,20.97342298618941,0 77.7717408092517,20.97377990534034,0 77.77370386458153,20.97404164605103,0 77.77508558292999,20.97391697973393,0 
						</coordinates>
					</LinearRing>
				</outerBoundaryIs>
			</Polygon>
		</Placemark>
	</Document>
	<Document>
		<name>Ward A7.kml</name>
		<StyleMap id="m_ylw-pushpin6">
			<Pair>
				<key>normal</key>
				<styleUrl>#s_ylw-pushpin6</styleUrl>
			</Pair>
			<Pair>
				<key>highlight</key>
				<styleUrl>#s_ylw-pushpin_hl6</styleUrl>
			</Pair>
		</StyleMap>
		<Style id="s_ylw-pushpin6">
			<IconStyle>
				<scale>1.1</scale>
				<Icon>
					<href>https://maps.google.com/mapfiles/kml/pushpin/ylw-pushpin.png</href>
				</Icon>
				<hotSpot x="20" y="2" xunits="pixels" yunits="pixels"/>
			</IconStyle>
			<LineStyle>
				<color>ffffff55</color>
				<width>3</width>
			</LineStyle>
			<PolyStyle>
				<fill>0</fill>
			</PolyStyle>
		</Style>
		<Style id="s_ylw-pushpin_hl6">
			<IconStyle>
				<scale>1.3</scale>
				<Icon>
					<href>https://maps.google.com/mapfiles/kml/pushpin/ylw-pushpin.png</href>
				</Icon>
				<hotSpot x="20" y="2" xunits="pixels" yunits="pixels"/>
			</IconStyle>
			<LineStyle>
				<color>ffffff55</color>
				<width>3</width>
			</LineStyle>
			<PolyStyle>
				<fill>0</fill>
			</PolyStyle>
		</Style>
		<Placemark>
			<name>Ward A7.kml</name>
			<styleUrl>#m_ylw-pushpin6</styleUrl>
			<Polygon>
				<tessellate>1</tessellate>
				<outerBoundaryIs>
					<LinearRing>
						<coordinates>
							77.78496779269693,20.96919037583882,0 77.78449737066262,20.96963051000046,0 77.78474693437653,20.9702630326978,0 77.78469798755407,20.97076578508472,0 77.78466374647195,20.97111748893406,0 77.78447360268979,20.97155026360616,0 77.78437853079879,20.97165013450632,0 77.78391713173284,20.97171999959409,0 77.78349911580659,20.9717832956029,0 77.78328520405182,20.97206071417276,0 77.78316636418799,20.97248238941313,0 77.78302375635133,20.97279309672365,0 77.78254839689606,20.97308161007697,0 77.78235825311396,20.97331463968624,0 77.78221564527746,20.97374740799688,0 77.78183535771319,20.97391385701337,0 77.78112165284693,20.97447646661851,0 77.78050435123856,20.97501241587395,0 77.78022569155689,20.97507884854684,0 77.77994580387872,20.97514557397506,0 77.77956071547544,20.97512355678731,0 77.77960533333697,20.9751681746489,0 77.77969921704261,20.97560066348512,0 77.77907847942839,20.97597308975469,0 77.77926403988073,20.97650355049205,0 77.77936763846151,20.97678688272867,0 77.77836523369001,20.9768699606675,0 77.77698123139521,20.9770713733194,0 77.77589939366754,20.9772288122245,0 77.77562872636742,20.97710794643831,0 77.77537046896776,20.97699262226126,0 77.77532425258789,20.97592697667227,0 77.77534075900172,20.97535035102015,0 77.7756378586613,20.97492313561099,0 77.77530093782713,20.97438561735902,0 77.77481316666712,20.97332417141916,0 77.77459608080937,20.97285176529215,0 77.77432607062985,20.97235768443414,0 77.77419701149825,20.97213398531551,0 77.77410843607004,20.97200578830342,0 77.77398903997613,20.97183547262841,0 77.77370899461516,20.97146523192458,0 77.77337990124892,20.97104485155739,0 77.77333002795251,20.97100061027902,0 77.77386597508468,20.97088710681555,0 77.77383350312766,20.97020003924183,0 77.77386284926848,20.96972214555063,0 77.7739146806361,20.9692083185663,0 77.77388497067005,20.96881437652678,0 77.77401214706799,20.96879490897493,0 77.77304461336598,20.96617676558469,0 77.77302583529337,20.9654667503429,0 77.77303645404243,20.96498087789286,0 77.77442176666528,20.96421868983674,0 77.77485947634602,20.96424114780592,0 77.77510904005993,20.96243005537451,0 77.77322897462182,20.96253724171555,0 77.77254386280708,20.96251127370522,0 77.7726062537356,20.96133216592278,0 77.77258325606448,20.96130014311069,0 77.77269241263679,20.96125725758498,0 77.77322506268064,20.96020563413782,0 77.7730501602619,20.96009460994065,0 77.77357182762915,20.95906547849859,0 77.77393726021023,20.95894340378254,0 77.77432361735083,20.9585773478878,0 77.77442830652745,20.95847815947934,0 77.77654959809649,20.95831835193064,0 77.77653752639287,20.95760392065779,0 77.77652583012366,20.95691170520462,0 77.77643844183723,20.95640627345324,0 77.7764159032497,20.95566041662607,0 77.77626735342,20.955640995213,0 77.77603858668215,20.95486413662701,0 77.77625844043018,20.95474760749113,0 77.77637133830081,20.954431313665,0 77.77627592445936,20.95359503488191,0 77.77627923740641,20.95348520270227,0 77.77624555476876,20.95339702487138,0 77.77612260215835,20.95307514652586,0 77.776092093128,20.95301454003146,0 77.77609800661406,20.95301075770914,0 77.77613267211444,20.95295896056138,0 77.77614257156296,20.95294416881774,0 77.77614998680008,20.95295800610512,0 77.77615964306432,20.95297602528649,0 77.77618920296231,20.95303118586924,0 77.77623808458054,20.95312240196722,0 77.77626929472149,20.95318064200438,0 77.77628922961861,20.95321784174524,0 77.77634040155556,20.9533133317185,0 77.77637439965696,20.95337677426096,0 77.77645629110111,20.95352958871894,0 77.77663889281655,20.95387033472065,0 77.77674253542608,20.95406373818702,0 77.77689879847838,20.95435533462773,0 77.77702576517612,20.95459226227359,0 77.77707801780593,20.95468976888577,0 77.77709582276628,20.95472299403394,0 77.77736404729615,20.95522351745927,0 77.7784393546977,20.95671323996339,0 77.78225074249593,20.96111213875741,0 77.78421403348756,20.96323829378758,0 77.78743932690605,20.96720341753445,0 77.78726889276584,20.96732567504063,0 77.78703849276326,20.96797789062009,0 77.78572981640775,20.9686290534915,0 77.78562700426869,20.96868021010289,0 77.78496779269693,20.96919037583882,0 
						</coordinates>
					</LinearRing>
				</outerBoundaryIs>
			</Polygon>
		</Placemark>
	</Document>
	<Document>
		<name>Ward A7A.kml</name>
		<StyleMap id="m_ylw-pushpin7">
			<Pair>
				<key>normal</key>
				<styleUrl>#s_ylw-pushpin7</styleUrl>
			</Pair>
			<Pair>
				<key>highlight</key>
				<styleUrl>#s_ylw-pushpin_hl7</styleUrl>
			</Pair>
		</StyleMap>
		<Style id="s_ylw-pushpin7">
			<IconStyle>
				<scale>1.1</scale>
				<Icon>
					<href>https://maps.google.com/mapfiles/kml/pushpin/ylw-pushpin.png</href>
				</Icon>
				<hotSpot x="20" y="2" xunits="pixels" yunits="pixels"/>
			</IconStyle>
			<LineStyle>
				<color>ffffff55</color>
				<width>3</width>
			</LineStyle>
			<PolyStyle>
				<fill>0</fill>
			</PolyStyle>
		</Style>
		<Style id="s_ylw-pushpin_hl7">
			<IconStyle>
				<scale>1.3</scale>
				<Icon>
					<href>https://maps.google.com/mapfiles/kml/pushpin/ylw-pushpin.png</href>
				</Icon>
				<hotSpot x="20" y="2" xunits="pixels" yunits="pixels"/>
			</IconStyle>
			<LineStyle>
				<color>ffffff55</color>
				<width>3</width>
			</LineStyle>
			<PolyStyle>
				<fill>0</fill>
			</PolyStyle>
		</Style>
		<Placemark>
			<name>Ward A7A.kml</name>
			<styleUrl>#m_ylw-pushpin7</styleUrl>
			<Polygon>
				<tessellate>1</tessellate>
				<outerBoundaryIs>
					<LinearRing>
						<coordinates>
							77.78449737066262,20.96963051000046,0 77.78496779269693,20.96919037583882,0 77.78562700426886,20.96868021010306,0 77.78572981640775,20.9686290534915,0 77.78703849276326,20.96797789062009,0 77.78726889276584,20.96732567504063,0 77.78743932690605,20.96720341753445,0 77.7883437187549,20.96831526229738,0 77.79357267276248,20.975500403936,0 77.79716757864264,20.98129820076622,0 77.79785090785953,20.98321225654388,0 77.79868278690623,20.98645777333735,0 77.79878364922263,20.98724736410685,0 77.79811647388578,20.98751165385193,0 77.7974075451308,20.98781028817916,0 77.79686546418884,20.98877451613089,0 77.79658858553159,20.98904711320523,0 77.79638858200036,20.98919906600025,0 77.79591084500038,20.98941786800026,0 77.79571119400026,20.99047415100034,0 77.79508847400024,20.9905939810003,0 77.79314880297824,20.98947338155045,0 77.79248820091664,20.98901270052824,0 77.79224107000022,20.98888084800041,0 77.79146702546205,20.98849028145918,0 77.79070598214179,20.98811385870539,0 77.78971691200024,20.9875138780003,0 77.78927770480237,20.98714704313039,0 77.78878202841139,20.98670065869436,0 77.78798730780619,20.98614052361199,0 77.78644395818526,20.98519986671511,0 77.78593305000015,20.98487088600024,0 77.78513760757534,20.98436996208159,0 77.78475688761188,20.98406250646769,0 77.78366078083644,20.982873981767,0 77.78331619700026,20.98242757500032,0 77.78253898400021,20.98141562000035,0 77.78207507176091,20.98104991783367,0 77.78102434527023,20.98037640185277,0 77.78049582250014,20.98006334764085,0 77.77921765992397,20.97962242014012,0 77.77791699745541,20.97909798048948,0 77.77758732440122,20.97887928763686,0 77.77722550073031,20.97852208073687,0 77.77697937827168,20.9782578006475,0 77.7769131050004,20.97818663800035,0 77.77601467500028,20.9779669320003,0 77.77524281762192,20.97797894312288,0 77.77522449643965,20.97791262460828,0 77.77551601890985,20.97761725161217,0 77.77589939366754,20.9772288122245,0 77.77712376832113,20.9770506300444,0 77.77807362068586,20.97691239885472,0 77.77836523369001,20.9768699606675,0 77.77936763846151,20.97678688272867,0 77.77907847942839,20.97597308975469,0 77.77969921704261,20.97560066348512,0 77.77960533333697,20.9751681746489,0 77.77956071547544,20.97512355678731,0 77.77994580387872,20.97514557397506,0 77.78050435123856,20.97501241587395,0 77.78101424991985,20.97456971523144,0 77.78183535771319,20.97391385701337,0 77.78198713018975,20.97384742733794,0 77.78221564527746,20.97374740799688,0 77.78235825311396,20.97331463968624,0 77.78254839689606,20.97308161007697,0 77.78302375635133,20.97279309672365,0 77.78316636418799,20.97248238941313,0 77.78328520405182,20.97206071417276,0 77.78349911580659,20.9717832956029,0 77.78437853079879,20.97165013450632,0 77.78466374647195,20.97111748893406,0 77.78474693437653,20.9702630326978,0 77.78449737066262,20.96963051000046,0 
						</coordinates>
					</LinearRing>
				</outerBoundaryIs>
			</Polygon>
		</Placemark>
	</Document>
	<Document>
		<name>Ward A8.kml</name>
		<StyleMap id="m_ylw-pushpin8">
			<Pair>
				<key>normal</key>
				<styleUrl>#s_ylw-pushpin8</styleUrl>
			</Pair>
			<Pair>
				<key>highlight</key>
				<styleUrl>#s_ylw-pushpin_hl8</styleUrl>
			</Pair>
		</StyleMap>
		<Style id="s_ylw-pushpin8">
			<IconStyle>
				<scale>1.1</scale>
				<Icon>
					<href>https://maps.google.com/mapfiles/kml/pushpin/ylw-pushpin.png</href>
				</Icon>
				<hotSpot x="20" y="2" xunits="pixels" yunits="pixels"/>
			</IconStyle>
			<LineStyle>
				<color>ffffff55</color>
				<width>3</width>
			</LineStyle>
			<PolyStyle>
				<fill>0</fill>
			</PolyStyle>
		</Style>
		<Style id="s_ylw-pushpin_hl8">
			<IconStyle>
				<scale>1.3</scale>
				<Icon>
					<href>https://maps.google.com/mapfiles/kml/pushpin/ylw-pushpin.png</href>
				</Icon>
				<hotSpot x="20" y="2" xunits="pixels" yunits="pixels"/>
			</IconStyle>
			<LineStyle>
				<color>ffffff55</color>
				<width>3</width>
			</LineStyle>
			<PolyStyle>
				<fill>0</fill>
			</PolyStyle>
		</Style>
		<Placemark>
			<name>Ward A8.kml</name>
			<styleUrl>#m_ylw-pushpin8</styleUrl>
			<Polygon>
				<tessellate>1</tessellate>
				<outerBoundaryIs>
					<LinearRing>
						<coordinates>
							77.76464653847614,20.94670587199948,0 77.76465272093765,20.94669881921766,0 77.76465552601434,20.94669571429461,0 77.76466310018907,20.94668760952408,0 77.76466821453533,20.94668235529645,0 77.76467092294075,20.94667964057959,0 77.76467331553192,20.94667728020835,0 77.76467723913771,20.94667348410303,0 77.76468288533215,20.94666817854068,0 77.76468672103266,20.9466646760643,0 77.764689863755,20.94666186566548,0 77.76469178564679,20.94666017270521,0 77.76469785004713,20.94665562156848,0 77.764709969379,20.94664652640103,0 77.76471837358736,20.94664021931391,0 77.76472523881642,20.94663515947883,0 77.76473084116043,20.94663086280275,0 77.7647346036361,20.94662803918624,0 77.76555655678453,20.94601118988004,0 77.76680615910198,20.94502435244232,0 77.76710219716801,20.94479457784189,0 77.76994719185285,20.94291415161882,0 77.77319981911864,20.9472689061356,0 77.77612260213499,20.9530751465345,0 77.77627923740613,20.95348520270215,0 77.77627592445907,20.9535950348818,0 77.77630595378014,20.95385823497588,0 77.77637133830069,20.95443131366471,0 77.77625844043007,20.95474760749107,0 77.77603858668192,20.95486413662672,0 77.77626735341971,20.95564099521289,0 77.77641590324959,20.95566041662585,0 77.77642778723583,20.95631796869162,0 77.77652583012343,20.95691170520433,0 77.77654959809644,20.95831835193036,0 77.77442830652734,20.95847815947928,0 77.77393726020995,20.95894340378243,0 77.77357182762887,20.95906547849847,0 77.77308730760052,20.95912588975222,0 77.77160503255539,20.95949971249814,0 77.77107297190901,20.95960863859511,0 77.77039477984385,20.95982255919404,0 77.76973602344117,20.96003034895273,0 77.76970037148192,20.95948656432228,0 77.76993805120958,20.95836569588738,0 77.76952330008493,20.95766542629559,0 77.76943298178844,20.95764766981324,0 77.7693093883301,20.95752337437779,0 77.76908596938614,20.95716824399329,0 77.76878388334626,20.95638444140531,0 77.76845591061794,20.95553627165879,0 77.76842046614894,20.95543697129568,0 77.76838776003325,20.95523462447142,0 77.76832586774924,20.95378119380331,0 77.76824524208149,20.95277517426985,0 77.76817327923214,20.95277343571763,0 77.76724632829445,20.95297320253064,0 77.7672707300797,20.95245240249147,0 77.76776391551459,20.95193633588264,0 77.76794217531034,20.95165887998087,0 77.76788513217571,20.95132121545464,0 77.76818817382843,20.9511047990058,0 77.76844843313017,20.95068861264753,0 77.76845556352191,20.95051547878154,0 77.76899307622597,20.9503824097319,0 77.76953082660975,20.9501632173359,0 77.76986060723175,20.94986633598421,0 77.76886442212827,20.94806768455715,0 77.76526857815566,20.94970552464508,0 77.76507367152544,20.94934798049684,0 77.76483694251658,20.94874200566136,0 77.76462210265282,20.94816873259055,0 77.76447804612792,20.94807032519276,0 77.76457726623931,20.94794166508672,0 77.76433767558478,20.94744048686852,0 77.76453145752498,20.94693375661342,0 77.76454358995016,20.94690203091739,0 77.76454890605845,20.94688812955559,0 77.76455047534415,20.94688402594994,0 77.76455369449155,20.94687560803771,0 77.76456287801699,20.94685076200687,0 77.76456919407684,20.9468350773833,0 77.76457492259811,20.94682009758242,0 77.76457728704418,20.94681476124839,0 77.76458282322068,20.94680293856675,0 77.76458582539146,20.94679687629957,0 77.76458694389692,20.94679467443177,0 77.7645904309623,20.9467879936368,0 77.7645945041379,20.94678051595292,0 77.76459816389695,20.94677406966849,0 77.76460128114087,20.94676876554638,0 77.76460620598323,20.94676070661473,0 77.76460972527104,20.94675516996807,0 77.76461462444831,20.94674774532348,0 77.76461858475488,20.94674196676277,0 77.7646216355385,20.94673764237518,0 77.76462613204512,20.94673145814176,0 77.76463035359677,20.94672584543093,0 77.7646358743774,20.94671876901026,0 77.76464026412197,20.94671334216548,0 77.76464653847614,20.94670587199948,0 
						</coordinates>
					</LinearRing>
				</outerBoundaryIs>
			</Polygon>
		</Placemark>
	</Document>
	<Document>
		<name>Ward A9.kml</name>
		<StyleMap id="m_ylw-pushpin9">
			<Pair>
				<key>normal</key>
				<styleUrl>#s_ylw-pushpin9</styleUrl>
			</Pair>
			<Pair>
				<key>highlight</key>
				<styleUrl>#s_ylw-pushpin_hl9</styleUrl>
			</Pair>
		</StyleMap>
		<Style id="s_ylw-pushpin9">
			<IconStyle>
				<scale>1.1</scale>
				<Icon>
					<href>https://maps.google.com/mapfiles/kml/pushpin/ylw-pushpin.png</href>
				</Icon>
				<hotSpot x="20" y="2" xunits="pixels" yunits="pixels"/>
			</IconStyle>
			<LineStyle>
				<color>ffffff55</color>
				<width>3</width>
			</LineStyle>
			<PolyStyle>
				<fill>0</fill>
			</PolyStyle>
		</Style>
		<Style id="s_ylw-pushpin_hl9">
			<IconStyle>
				<scale>1.3</scale>
				<Icon>
					<href>https://maps.google.com/mapfiles/kml/pushpin/ylw-pushpin.png</href>
				</Icon>
				<hotSpot x="20" y="2" xunits="pixels" yunits="pixels"/>
			</IconStyle>
			<LineStyle>
				<color>ffffff55</color>
				<width>3</width>
			</LineStyle>
			<PolyStyle>
				<fill>0</fill>
			</PolyStyle>
		</Style>
		<Placemark>
			<name>Ward A9.kml</name>
			<styleUrl>#m_ylw-pushpin9</styleUrl>
			<Polygon>
				<tessellate>1</tessellate>
				<outerBoundaryIs>
					<LinearRing>
						<coordinates>
							77.79325043330074,20.95507803236875,0 77.79324914101045,20.95506735368636,0 77.79251724034206,20.95522485038157,0 77.79061954107148,20.95494751502121,0 77.78881859451835,20.95582627378653,0 77.78665401047692,20.95718814365773,0 77.78650148702653,20.9573288491186,0 77.78650743567897,20.9574478221688,0 77.78657881950916,20.95754300060905,0 77.78665615199181,20.95772146018455,0 77.78664425468683,20.957864227845,0 77.7865847681618,20.95795940628517,0 77.78656097355154,20.95803079011541,0 77.78654907624656,20.9581259685555,0 77.78654907624657,20.95825089025835,0 77.78653717894156,20.95831632543618,0 77.78649553837393,20.95836986330875,0 77.78643605184877,20.95836391465621,0 77.78638251397615,20.95835201735121,0 77.78629328418849,20.95833417139365,0 77.78613267057058,20.95832227408866,0 77.78597205695273,20.95826873621598,0 77.7858649812073,20.95828063352098,0 77.78579359737728,20.95835201735121,0 77.78574600815703,20.95845314444402,0 77.78566867567439,20.95861970671448,0 77.78559134319154,20.95883980685741,0 77.78547831879385,20.95903016373786,0 77.7853950376587,20.95921457196591,0 77.78534744843851,20.95931569905857,0 77.78526416730325,20.95943467210903,0 77.78517493751559,20.95951200459173,0 77.78502622120268,20.95957149111683,0 77.7849905292875,20.9595833884219,0 77.78493104276249,20.95958338842189,0 77.78488345354224,20.95958338842189,0 77.78484776162726,20.95950605593909,0 77.7846871480094,20.95938113423637,0 77.7846693020518,20.95933354501626,0 77.78458602091658,20.9592443152286,0 77.78449084247627,20.95923241792334,0 77.78442540729868,20.95928595579613,0 77.78430643424839,20.95933354501629,0 77.78424099907059,20.95941087749885,0 77.78413392332533,20.95949415863405,0 77.78406848814772,20.9595476965069,0 77.7839554637499,20.95964287494691,0 77.78390192587726,20.95969641281978,0 77.78384243935207,20.95980943721739,0 77.78377105552204,20.95991056431024,0 77.78369967169182,20.96003548601308,0 77.78369372303919,20.96013066445333,0 77.78369372303919,20.96027343211363,0 77.78371751764932,20.96042809707913,0 77.78383649069966,20.96050542956172,0 77.78392572048733,20.96060655665459,0 77.78394356644492,20.96073147835737,0 77.78394356644493,20.96095752715289,0 77.78386623396226,20.96111814077076,0 77.78387218261464,20.9612549597786,0 77.78390787452989,20.96139772743908,0 77.78397330970748,20.96154049509928,0 77.78404469353769,20.96167731410713,0 77.7841458206304,20.96172490332746,0 77.78429453694322,20.96174274928507,0 77.7844432532561,20.96176059524239,0 77.78462766148417,20.96176654389497,0 77.78473473722939,20.96180818446259,0 77.78488345354224,20.96189146559784,0 77.78506786177037,20.96202233595305,0 77.78535934574344,20.96221864148627,0 77.78571031624203,20.96244469028172,0 77.786126721918,20.96167136545473,0 77.78629328418849,20.96139772743906,0 77.78647769241654,20.96114788403342,0 77.78709635227794,20.96037455920646,0 77.78739622901884,20.95997472355205,0 77.78843509262968,20.9598818170122,0 77.78942396175877,20.96062096368919,0 77.78917649781435,20.96173693090082,0 77.78905501635141,20.96192179399663,0 77.78988378936479,20.96180146772899,0 77.79034284105131,20.96172053075243,0 77.79153659246954,20.96151005280035,0 77.79210293713689,20.96171512343192,0 77.79221851797473,20.96225477908415,0 77.79156118050835,20.96263158565089,0 77.79225037515687,20.96468762629424,0 77.79390728782676,20.96424543777382,0 77.79402955572345,20.96540070632837,0 77.79403218060067,20.96620939823298,0 77.7917341499666,20.96638528930499,0 77.7900868607212,20.9667450129302,0 77.79019517957821,20.96923322555573,0 77.78966349191434,20.96964024004258,0 77.78941509753794,20.96978745124646,0 77.78834371875479,20.96831526229724,0 77.78472744994555,20.96386947970642,0 77.78421403348743,20.96323829378741,0 77.78225074249579,20.96111213875722,0 77.7821685909517,20.96101866266754,0 77.78199963932268,20.960822328981,0 77.78168768555128,20.96046228871691,0 77.78115813600481,20.95985111111326,0 77.78091628229139,20.95957197656592,0 77.7806384751852,20.95925134654633,0 77.78022612207531,20.958775430766,0 77.78003898286045,20.95855944474985,0 77.77994737527027,20.95845371619661,0 77.77951186518061,20.95795107387598,0 77.77918484040899,20.95757363947395,0 77.77878630404089,20.957113670234,0 77.77855048883458,20.95684150500691,0 77.77844604331358,20.95672095960417,0 77.77825120775414,20.9564525826523,0 77.77800659603641,20.95611369948271,0 77.77778599315224,20.95580807796404,0 77.77736404729606,20.95522351745913,0 77.77735268229767,20.95520178538144,0 77.77735252235387,20.95520201121028,0 77.77730697761723,20.95511702193774,0 77.77713820312741,20.9548020783874,0 77.77707383531518,20.9546819641019,0 77.7769679289426,20.95448433631417,0 77.77682202540288,20.9542120713596,0 77.77676130921041,20.95409877122046,0 77.77669109615528,20.95396774935274,0 77.77654451387232,20.95369421782145,0 77.77647311205217,20.95356097764554,0 77.77635929383695,20.95334858587436,0 77.7761425715628,20.95294416881755,0 77.77609800661389,20.95301075770893,0 77.77609209312784,20.95301454003133,0 77.77572764168664,20.95229055293938,0 77.77603878571533,20.95208966440385,0 77.7773079954606,20.95093766531394,0 77.77803529542719,20.9500520183655,0 77.77825633757394,20.94957922724688,0 77.77837755423515,20.94908645744952,0 77.77865563951633,20.94858036786042,0 77.78016015219222,20.9470687479771,0 77.78083040902412,20.94629628434522,0 77.78098727764431,20.94582348136243,0 77.78095162568506,20.94531072150996,0 77.78068780118747,20.9450177150913,0 77.78022432571869,20.94466477478025,0 77.77998189239632,20.94432515218547,0 77.77987493651892,20.9438723208608,0 77.78000405531499,20.9428646320351,0 77.7800686609547,20.94269656575246,0 77.7803325900102,20.94145038266227,0 77.78059503821345,20.94024319878813,0 77.78083803702742,20.93856253007248,0 77.78084509975341,20.93855102742672,0 77.78108398787575,20.93859528123085,0 77.78251719663329,20.93888497046115,0 77.78343345198307,20.9390780963032,0 77.78413579557825,20.93921794589559,0 77.78457431467578,20.93930784913584,0 77.78479779911056,20.93935728409414,0 77.78552147703068,20.93951601796252,0 77.78577824540287,20.93957024520329,0 77.78623922699185,20.93966380894162,0 77.7865321552589,20.93972436928117,0 77.78668751613353,20.9397622750933,0 77.78708337628646,20.93983832930784,0 77.78757231051306,20.93993941202196,0 77.78769660359319,20.93996510847744,0 77.78789764704514,20.94000667235965,0 77.78842653479266,20.94011601497562,0 77.7894686148008,20.9403314550781,0 77.79020957237938,20.94048464080192,0 77.79058556435827,20.94056237340184,0 77.79086024544367,20.94061916095714,0 77.79101504400066,20.94065116399436,0 77.79125037654016,20.94069981660569,0 77.7916012030223,20.9407723463866,0 77.79204106013705,20.94086328228902,0 77.7923145659957,20.94091982676433,0 77.7925210695574,20.94100136273418,0 77.79257566872684,20.94102292069013,0 77.79280879071774,20.94107346375471,0 77.79322052679775,20.94116273201081,0 77.79379556790816,20.94128740624487,0 77.79407457588482,20.9413514195518,0 77.79433869305396,20.94140516070699,0 77.79454040799128,20.9414488943131,0 77.7947052790862,20.9414846398345,0 77.79496105253649,20.94160022619685,0 77.79507877205708,20.94165342469525,0 77.79515425440907,20.94168753583146,0 77.79548654760241,20.94183770194491,0 77.79568037882719,20.94192529585041,0 77.7958383326377,20.94199667642298,0 77.79591257778779,20.94203715892775,0 77.79608215375336,20.94215516318668,0 77.79627847529869,20.94229177900176,0 77.79647382291533,20.94242771695776,0 77.79668681362458,20.94257593219937,0 77.79685390382386,20.94269220624933,0 77.79714634705165,20.94276902234358,0 77.79757877358961,20.94288260779696,0 77.79787895985913,20.94296145765606,0 77.79799055102902,20.94299076927258,0 77.79807082402927,20.94301185455215,0 77.79814907688522,20.94301657856068,0 77.79825597022713,20.94302303155246,0 77.79841946011729,20.94303290119292,0 77.79855586209122,20.94304113557591,0 77.79859755193952,20.94304365232954,0 77.79905432917084,20.94307122728341,0 77.79953057939458,20.94309997778702,0 77.80005025292924,20.94313134968392,0 77.80050759758852,20.94315895887636,0 77.80058786951594,20.9431638047684,0 77.80097481261379,20.94318716392231,0 77.8012381063716,20.94320305855558,0 77.8015101045909,20.94321947866178,0 77.80169419344443,20.9432305918163,0 77.80193380090908,20.9432450565408,0 77.80227628798627,20.94326573194286,0 77.80248002566084,20.94327803126191,0 77.80250809376901,20.94327972568881,0 77.80283304952816,20.94329934274848,0 77.8030716054983,20.94331374398937,0 77.80329371203335,20.94336381400607,0 77.80360399250253,20.94343376125947,0 77.80374739107623,20.94346608792505,0 77.80391356046677,20.94350354785857,0 77.80413254735137,20.94355291454253,0 77.80436891606209,20.94362240070968,0 77.80451593334716,20.94366779053263,0 77.80475199964492,20.94374067314101,0 77.80503489246374,20.94382801282362,0 77.80522871502052,20.9438878531276,0 77.80530036080182,20.94390997286558,0 77.80534488530824,20.94392371924773,0 77.80541654718576,20.94394584394992,0 77.80550871084235,20.94397429831323,0 77.80562546194605,20.94401034373219,0 77.80589037780062,20.94409213310212,0 77.80622378744724,20.94419506898776,0 77.80633681991179,20.94422996627272,0 77.80638192523416,20.9442438919448,0 77.80644559541992,20.94426354927083,0 77.80647517919779,20.94427268286937,0 77.80652197973801,20.94428020802926,0 77.80658696260637,20.94429065676427,0 77.80664121369989,20.94429937991359,0 77.80679212900442,20.94432364590551,0 77.80683867536186,20.94433113019229,0 77.80688986302407,20.94433936076384,0 77.80697421166975,20.94435292335827,0 77.80712471101255,20.94437712245822,0 77.8072645461254,20.94439960683104,0 77.80748047477363,20.94443432643189,0 77.80774332867139,20.94447659122701,0 77.80808260064043,20.94453114341632,0 77.80835895636096,20.94457557916701,0 77.80855103689792,20.94460646414631,0 77.80861845340318,20.94461730416749,0 77.80876039055218,20.94464012649429,0 77.80894023921678,20.94473154433526,0 77.80906935262507,20.94475494004635,0 77.80917973897402,20.94477494235905,0 77.80929009482153,20.94479493914205,0 77.80928330100016,20.94485103600022,0 77.80844666800013,20.94783435000008,0 77.81034688341326,20.94733956600072,0 77.81100410200015,20.94716843700013,0 77.81065818049287,20.94893930000036,0 77.80757150320635,20.9510068011863,0 77.80754262086107,20.95099372458304,0 77.80336105726543,20.95150427072026,0 77.80354497301295,20.95197717574617,0 77.80329624781109,20.951972016659,0 77.80287606409,20.95196330115903,0 77.80168403461387,20.95209007822008,0 77.80028594348649,20.952274952589,0 77.79779621018488,20.95197615851052,0 77.79462378769057,20.95172005633884,0 77.79428443543298,20.95177076188604,0 77.79408860497526,20.95183852479407,0 77.79387668610065,20.95247001529284,0 77.79352813896104,20.95399033932012,0 77.79336666531091,20.9546946617723,0 77.7932804034252,20.95507124194052,0 77.79325043330074,20.95507803236875,0 
						</coordinates>
					</LinearRing>
				</outerBoundaryIs>
			</Polygon>
		</Placemark>
	</Document>
	<Document>
		<name>Ward A9A.kml</name>
		<StyleMap id="m_ylw-pushpin10">
			<Pair>
				<key>normal</key>
				<styleUrl>#s_ylw-pushpin10</styleUrl>
			</Pair>
			<Pair>
				<key>highlight</key>
				<styleUrl>#s_ylw-pushpin_hl10</styleUrl>
			</Pair>
		</StyleMap>
		<Style id="s_ylw-pushpin10">
			<IconStyle>
				<scale>1.1</scale>
				<Icon>
					<href>https://maps.google.com/mapfiles/kml/pushpin/ylw-pushpin.png</href>
				</Icon>
				<hotSpot x="20" y="2" xunits="pixels" yunits="pixels"/>
			</IconStyle>
			<LineStyle>
				<color>ffffff55</color>
				<width>3</width>
			</LineStyle>
			<PolyStyle>
				<fill>0</fill>
			</PolyStyle>
		</Style>
		<Style id="s_ylw-pushpin_hl10">
			<IconStyle>
				<scale>1.3</scale>
				<Icon>
					<href>https://maps.google.com/mapfiles/kml/pushpin/ylw-pushpin.png</href>
				</Icon>
				<hotSpot x="20" y="2" xunits="pixels" yunits="pixels"/>
			</IconStyle>
			<LineStyle>
				<color>ffffff55</color>
				<width>3</width>
			</LineStyle>
			<PolyStyle>
				<fill>0</fill>
			</PolyStyle>
		</Style>
		<Placemark>
			<name>Ward A9A.kml</name>
			<styleUrl>#m_ylw-pushpin10</styleUrl>
			<Polygon>
				<tessellate>1</tessellate>
				<outerBoundaryIs>
					<LinearRing>
						<coordinates>
							77.79325043330074,20.95507803236875,0 77.79328035754179,20.9550714422463,0 77.79328028589508,20.95507143307479,0 77.79333907196251,20.9548150190921,0 77.79343048529915,20.95441628969042,0 77.79387668610065,20.95247001529284,0 77.79408860497524,20.95183852479408,0 77.79428443543297,20.95177076188601,0 77.79462378769057,20.95172005633879,0 77.79779621018486,20.95197615851043,0 77.80028594348653,20.952274952589,0 77.80168403461387,20.95209007822002,0 77.80287606409006,20.95196330115898,0 77.80329624781109,20.95197201665896,0 77.80354497301295,20.95197717574617,0 77.80336105726543,20.95150427072026,0 77.80754262086107,20.950993724583,0 77.80757150320632,20.9510068011863,0 77.80748515612926,20.95106463770993,0 77.8088148711326,20.95399011803403,0 77.80920249000015,20.95486177500007,0 77.80973122955517,20.95654709274142,0 77.80995290922624,20.9593870185447,0 77.80997997553546,20.96020675108947,0 77.81025428459215,20.9620576946754,0 77.81067135100021,20.96534902500019,0 77.80801052600012,20.96549994800011,0 77.80673894,20.96572189200004,0 77.80616997194763,20.96777058794305,0 77.80543841937265,20.97086545672529,0 77.80468053534332,20.97362576066678,0 77.80442350347272,20.97430088726909,0 77.80374892900018,20.97601974200015,0 77.80361785440438,20.97790630751656,0 77.80349936500011,20.97976141400011,0 77.80369901600024,20.98097976700014,0 77.80424082784712,20.9809992803061,0 77.80424449100015,20.98126604600008,0 77.8045973474386,20.98133771002125,0 77.8063858873889,20.98138764220943,0 77.80464488338409,20.98310197054758,0 77.80399136200008,20.98355292400009,0 77.80324943970595,20.98382847082568,0 77.80234780700009,20.98410549800019,0 77.80035783300008,20.98646512000002,0 77.79963797355818,20.98686464959145,0 77.79898619819789,20.98716712780908,0 77.7987836492224,20.98724736410668,0 77.79868278690606,20.98645777333721,0 77.79785090785937,20.98321225654372,0 77.79716757864249,20.98129820076603,0 77.79357267276231,20.97550040393583,0 77.78941509753794,20.96978745124643,0 77.78966349191434,20.96964024004253,0 77.79019517957821,20.9692332255557,0 77.79008686072116,20.96674501293026,0 77.7917341499666,20.96638528930494,0 77.79403218060067,20.96620939823295,0 77.79402955572345,20.96540070632837,0 77.7939072878267,20.96424543777375,0 77.79225037515688,20.96468762629424,0 77.79156118050832,20.96263158565093,0 77.79221851797473,20.9622547790842,0 77.79210293713687,20.96171512343188,0 77.79153659246955,20.96151005280032,0 77.79034284105126,20.96172053075235,0 77.78988378936479,20.96180146772894,0 77.78905501635137,20.96192179399663,0 77.78917649781432,20.96173693090078,0 77.78942396175877,20.96062096368916,0 77.78843509262964,20.9598818170122,0 77.78739622901884,20.95997472355202,0 77.78709635227797,20.96037455920641,0 77.7864776924165,20.96114788403333,0 77.78629328418849,20.96139772743906,0 77.786126721918,20.96167136545473,0 77.78571031624199,20.96244469028164,0 77.78535934574346,20.96221864148618,0 77.7850678617703,20.96202233595308,0 77.78488345354225,20.96189146559784,0 77.78473473722939,20.96180818446259,0 77.78462766148414,20.96176654389497,0 77.7844432532561,20.96176059524239,0 77.78429453694321,20.96174274928495,0 77.78414582063033,20.96172490332737,0 77.78404469353769,20.96167731410713,0 77.78397330970745,20.96154049509932,0 77.78390787452989,20.96139772743903,0 77.78387218261464,20.96125495977856,0 77.78386623396226,20.96111814077076,0 77.78394356644486,20.96095752715286,0 77.78394356644486,20.96073147835732,0 77.78392572048728,20.96060655665451,0 77.78383649069963,20.96050542956164,0 77.78371751764934,20.96042809707904,0 77.78369372303916,20.9602734321136,0 77.78369372303916,20.9601306644533,0 77.78369967169174,20.96003548601308,0 77.78377105552198,20.95991056431019,0 77.78384243935204,20.95980943721736,0 77.78390192587722,20.95969641281971,0 77.78395546374986,20.95964287494691,0 77.7840684881477,20.95954769650684,0 77.78413392332533,20.95949415863402,0 77.78424099907056,20.95941087749878,0 77.78430643424838,20.9593335450162,0 77.78442540729868,20.95928595579613,0 77.78449084247626,20.95923241792334,0 77.78458602091655,20.95924431522855,0 77.7846693020518,20.95933354501623,0 77.78468714800937,20.95938113423637,0 77.78484776162726,20.95950605593909,0 77.78488345354228,20.95958338842189,0 77.78493104276249,20.95958338842189,0 77.7849905292875,20.9595833884219,0 77.78502622120271,20.95957149111683,0 77.78517493751559,20.95951200459168,0 77.78526416730325,20.95943467210903,0 77.78534744843847,20.95931569905857,0 77.7853950376587,20.95921457196591,0 77.78547831879388,20.95903016373786,0 77.78559134319154,20.95883980685741,0 77.78566867567437,20.95861970671444,0 77.78574600815699,20.95845314444399,0 77.78579359737722,20.95835201735116,0 77.78586498120728,20.95828063352093,0 77.78597205695269,20.95826873621595,0 77.78613267057057,20.95832227408857,0 77.78629328418846,20.9583341713936,0 77.78638251397609,20.95835201735118,0 77.78643605184868,20.95836391465616,0 77.78649553837391,20.95836986330875,0 77.78653717894156,20.95831632543618,0 77.78654907624657,20.95825089025835,0 77.78654907624656,20.9581259685555,0 77.7865609735516,20.95803079011541,0 77.78658476816175,20.95795940628518,0 77.78664425468681,20.95786422784494,0 77.78665615199179,20.9577214601845,0 77.78657881950916,20.957543000609,0 77.78650743567891,20.9574478221688,0 77.78650148702653,20.95732884911854,0 77.78665401047692,20.95718814365773,0 77.78881859451837,20.95582627378645,0 77.79061954107148,20.95494751502121,0 77.79251724034208,20.95522485038153,0 77.79324914101045,20.9550673536863,0 77.79325043330074,20.95507803236875,0 
						</coordinates>
					</LinearRing>
				</outerBoundaryIs>
			</Polygon>
		</Placemark>
	</Document>
	<Document>
		<name>Ward A10.kml</name>
		<StyleMap id="m_ylw-pushpin11">
			<Pair>
				<key>normal</key>
				<styleUrl>#s_ylw-pushpin11</styleUrl>
			</Pair>
			<Pair>
				<key>highlight</key>
				<styleUrl>#s_ylw-pushpin_hl11</styleUrl>
			</Pair>
		</StyleMap>
		<Style id="s_ylw-pushpin11">
			<IconStyle>
				<scale>1.1</scale>
				<Icon>
					<href>https://maps.google.com/mapfiles/kml/pushpin/ylw-pushpin.png</href>
				</Icon>
				<hotSpot x="20" y="2" xunits="pixels" yunits="pixels"/>
			</IconStyle>
			<LineStyle>
				<color>ffffff55</color>
				<width>3</width>
			</LineStyle>
			<PolyStyle>
				<fill>0</fill>
			</PolyStyle>
		</Style>
		<Style id="s_ylw-pushpin_hl11">
			<IconStyle>
				<scale>1.3</scale>
				<Icon>
					<href>https://maps.google.com/mapfiles/kml/pushpin/ylw-pushpin.png</href>
				</Icon>
				<hotSpot x="20" y="2" xunits="pixels" yunits="pixels"/>
			</IconStyle>
			<LineStyle>
				<color>ffffff55</color>
				<width>3</width>
			</LineStyle>
			<PolyStyle>
				<fill>0</fill>
			</PolyStyle>
		</Style>
		<Placemark>
			<name>Ward A10.kml</name>
			<styleUrl>#m_ylw-pushpin11</styleUrl>
			<Polygon>
				<tessellate>1</tessellate>
				<outerBoundaryIs>
					<LinearRing>
						<coordinates>
							77.76484121874051,20.94243141136866,0 77.76483405628909,20.94243244455231,0 77.76483197659144,20.94242273298795,0 77.7647695109996,20.94243392679243,0 77.76470499473066,20.94243707299091,0 77.76470584104408,20.94236296775699,0 77.76471032598465,20.94211924192706,0 77.76475161774937,20.9421181006789,0 77.76474863032962,20.94187158660537,0 77.76573659478208,20.94191174259504,0 77.76577258234136,20.94191357797166,0 77.76573829932846,20.94340733780768,0 77.76590094912132,20.94338563721186,0 77.76738747119259,20.94460602433514,0 77.76710219716813,20.944794577842,0 77.76680615910203,20.94502435244237,0 77.76555655678459,20.9460111898801,0 77.76469178564668,20.94666017270509,0 77.76465611876159,20.94669506551236,0 77.76462450588878,20.94673366941072,0 77.76459733059312,20.9467755160116,0 77.76457492259806,20.94682009758236,0 77.76456023987458,20.94685849218274,0 77.7643376755849,20.94744048686863,0 77.76457726623943,20.94794166508683,0 77.76447804612798,20.94807032519287,0 77.76462210265294,20.94816873259066,0 77.76483694251669,20.94874200566147,0 77.76507367152556,20.9493479804969,0 77.76526857815577,20.94970552464514,0 77.76497376701633,20.94983980484403,0 77.76586629049439,20.95038831610071,0 77.76470760182229,20.95209190168424,0 77.76245274180661,20.95074785527055,0 77.76240836068098,20.95071426716595,0 77.76156622053173,20.95186912405961,0 77.7615473568934,20.95184156573458,0 77.76117176399157,20.95129285232832,0 77.76036593790712,20.9501155933246,0 77.75933203109201,20.94846192842681,0 77.7577225432932,20.94916922323335,0 77.75695642221461,20.94959507929718,0 77.75519486881672,20.94777049131068,0 77.75565061969428,20.94760993242221,0 77.75620619605769,20.94631417149429,0 77.75613855822564,20.94593630762148,0 77.75808515519475,20.94533031897311,0 77.75795797294938,20.9448653681971,0 77.75796393853386,20.94486417218934,0 77.76031399684058,20.94409308453146,0 77.76017247786234,20.94357254843345,0 77.76019684354924,20.94356402808955,0 77.76011686080614,20.94308775005567,0 77.76010827492354,20.94281211670665,0 77.76010260002249,20.94279207554911,0 77.76102242056845,20.94281338544289,0 77.76222600540859,20.94284927947336,0 77.76349058640017,20.94287133207683,0 77.76352090986495,20.9428719876355,0 77.76352663534124,20.94325481167425,0 77.76505412236804,20.94327595922783,0 77.76498603702925,20.94253853937414,0 77.76494925213592,20.9425445972222,0 77.76492418188622,20.94254487082503,0 77.76489173807499,20.94242410891877,0 77.76484349956615,20.94243585081227,0 77.76484121874051,20.94243141136866,0 
						</coordinates>
					</LinearRing>
				</outerBoundaryIs>
			</Polygon>
		</Placemark>
	</Document>
	<Document>
		<name>Ward A11.kml</name>
		<StyleMap id="m_ylw-pushpin12">
			<Pair>
				<key>normal</key>
				<styleUrl>#s_ylw-pushpin12</styleUrl>
			</Pair>
			<Pair>
				<key>highlight</key>
				<styleUrl>#s_ylw-pushpin_hl12</styleUrl>
			</Pair>
		</StyleMap>
		<Style id="s_ylw-pushpin12">
			<IconStyle>
				<scale>1.1</scale>
				<Icon>
					<href>https://maps.google.com/mapfiles/kml/pushpin/ylw-pushpin.png</href>
				</Icon>
				<hotSpot x="20" y="2" xunits="pixels" yunits="pixels"/>
			</IconStyle>
			<LineStyle>
				<color>ffffff55</color>
				<width>3</width>
			</LineStyle>
			<PolyStyle>
				<fill>0</fill>
			</PolyStyle>
		</Style>
		<Style id="s_ylw-pushpin_hl12">
			<IconStyle>
				<scale>1.3</scale>
				<Icon>
					<href>https://maps.google.com/mapfiles/kml/pushpin/ylw-pushpin.png</href>
				</Icon>
				<hotSpot x="20" y="2" xunits="pixels" yunits="pixels"/>
			</IconStyle>
			<LineStyle>
				<color>ffffff55</color>
				<width>3</width>
			</LineStyle>
			<PolyStyle>
				<fill>0</fill>
			</PolyStyle>
		</Style>
		<Placemark>
			<name>Ward A11.kml</name>
			<styleUrl>#m_ylw-pushpin12</styleUrl>
			<Polygon>
				<tessellate>1</tessellate>
				<outerBoundaryIs>
					<LinearRing>
						<coordinates>
							77.75058001061093,20.946298657022,0 77.75068458969103,20.94656946368733,0 77.75104110928245,20.9477192766946,0 77.75124551384823,20.94778098455613,0 77.75203698734116,20.94913943894593,0 77.75351866280481,20.9516156272212,0 77.75341336093389,20.9516775181131,0 77.75051839935502,20.95337636718805,0 77.75035677714024,20.95274599270276,0 77.74981938029737,20.95106934714762,0 77.74959120775893,20.95037681224415,0 77.74927747051844,20.94997727141882,0 77.7490770281273,20.94919508067494,0 77.7490020254933,20.94865015196694,0 77.74895699986456,20.94832301906713,0 77.74884647992633,20.9477153061344,0 77.74844836638259,20.94641122214241,0 77.74830101237866,20.94593705883577,0 77.748244690522,20.94575582306626,0 77.7471638460855,20.94588434465645,0 77.7465981683338,20.945906542004,0 77.74448313566427,20.94605304441503,0 77.74369641576584,20.94574006181738,0 77.74296673900211,20.94546703391038,0 77.7422420337725,20.94523472609818,0 77.7423417565283,20.9450148277976,0 77.74302960165997,20.9434654358073,0 77.74320263250168,20.94305344578238,0 77.74331671877098,20.94276753824529,0 77.74332812739794,20.94273734921892,0 77.74337733667993,20.94261741657029,0 77.74362978991923,20.94291986798684,0 77.7438104265122,20.94298202178249,0 77.74403859905075,20.94294650533099,0 77.7443523362912,20.94285771416536,0 77.7447801598009,20.94275116469725,0 77.7449988251503,20.94275116469725,0 77.74512241860867,20.94281331856284,0 77.74525551925615,20.9428843515206,0 77.7453981270927,20.94286659328436,0 77.7455882708748,20.94282219768437,0 77.74573087871134,20.94275116469725,0 77.74592102249342,20.94267125254632,0 77.74613018065386,20.94253806553337,0 77.74617771659926,20.94244039498185,0 77.74623475973391,20.94225393284305,0 77.74636786038138,20.94218289958618,0 77.74656057169346,20.94210870575504,0 77.74669367234094,20.94202879326121,0 77.74675641978909,20.94198972491525,0 77.74684008305307,20.94197374240712,0 77.74693515494427,20.94196131156649,0 77.74705304408914,20.94195953573202,0 77.74725269506021,20.94197374240712,0 77.74736107701607,20.94197374240712,0 77.74742572590205,20.9419559840629,0 77.74749607910131,20.94190981235801,0 77.74754361504688,20.94184943395299,0 77.74757784092769,20.94179793470603,0 77.74763108118658,20.94173222874457,0 77.74774136458026,20.94167007443003,0 77.74781552065531,20.94163810934392,0 77.74793531123807,20.94157417915139,0 77.74805890469641,20.94151912813027,0 77.74819390678167,20.9414463186843,0 77.7483117959265,20.94138949177479,0 77.74850384114637,20.94133266484406,0 77.74857996702693,20.94128728343589,0 77.74859320872406,20.94127938957678,0 77.74865215329649,20.94123854519236,0 77.74875673237666,20.94118526989149,0 77.74882328270033,20.94113199457177,0 77.74890884740228,20.94107516754318,0 77.74897159485056,20.94102721972081,0 77.74902863798509,20.94097394434487,0 77.74913321706521,20.94092599649028,0 77.74923779614517,20.94088337616219,0 77.74939672465644,20.94082358929266,0 77.74949655014211,20.94079473176054,0 77.74960112922228,20.94076143460103,0 77.7496605491542,20.94071037894206,0 77.7497556210451,20.94061270719838,0 77.74981979457169,20.94057940999829,0 77.74996275474435,20.94053166723382,0 77.75021196612222,20.94044844094,0 77.75027102692599,20.94049294500762,0 77.75033924667791,20.94054435059793,0 77.75042112428251,20.94060604775878,0 77.7505242206493,20.94068835758911,0 77.75056848571359,20.94072369781122,0 77.75084519446052,20.94100922448648,0 77.7509493503359,20.94111669937524,0 77.75113659931709,20.94131249688315,0 77.7512709459584,20.94146460610036,0 77.75142016683617,20.94163355596288,0 77.75187837591743,20.94210650537561,0 77.75041133723087,20.94273596844313,0 77.74922888058593,20.94310778139981,0 77.7486465652533,20.94330201168165,0 77.74875946312395,20.94353508768712,0 77.74889612896729,20.94372931741457,0 77.74905062079027,20.9437515150817,0 77.74933583646343,20.94437304842365,0 77.74971018203438,20.9450112272951,0 77.74994669936193,20.94537519954685,0 77.75005711521013,20.94557058421396,0 77.75058001061093,20.946298657022,0 
						</coordinates>
					</LinearRing>
				</outerBoundaryIs>
			</Polygon>
		</Placemark>
	</Document>
	<Document>
		<name>Ward A12.kml</name>
		<StyleMap id="m_ylw-pushpin13">
			<Pair>
				<key>normal</key>
				<styleUrl>#s_ylw-pushpin13</styleUrl>
			</Pair>
			<Pair>
				<key>highlight</key>
				<styleUrl>#s_ylw-pushpin_hl13</styleUrl>
			</Pair>
		</StyleMap>
		<Style id="s_ylw-pushpin13">
			<IconStyle>
				<scale>1.1</scale>
				<Icon>
					<href>https://maps.google.com/mapfiles/kml/pushpin/ylw-pushpin.png</href>
				</Icon>
				<hotSpot x="20" y="2" xunits="pixels" yunits="pixels"/>
			</IconStyle>
			<LineStyle>
				<color>ffffff55</color>
				<width>3</width>
			</LineStyle>
			<PolyStyle>
				<fill>0</fill>
			</PolyStyle>
		</Style>
		<Style id="s_ylw-pushpin_hl13">
			<IconStyle>
				<scale>1.3</scale>
				<Icon>
					<href>https://maps.google.com/mapfiles/kml/pushpin/ylw-pushpin.png</href>
				</Icon>
				<hotSpot x="20" y="2" xunits="pixels" yunits="pixels"/>
			</IconStyle>
			<LineStyle>
				<color>ffffff55</color>
				<width>3</width>
			</LineStyle>
			<PolyStyle>
				<fill>0</fill>
			</PolyStyle>
		</Style>
		<Placemark>
			<name>Ward A12.kml</name>
			<styleUrl>#m_ylw-pushpin13</styleUrl>
			<Polygon>
				<tessellate>1</tessellate>
				<outerBoundaryIs>
					<LinearRing>
						<coordinates>
							77.748244690522,20.94575582306626,0 77.74844836638259,20.94641122214241,0 77.74884647992633,20.9477153061344,0 77.74895699986456,20.94832301906713,0 77.7490770281273,20.94919508067494,0 77.74927747051844,20.94997727141882,0 77.74959120775893,20.95037681224415,0 77.74975547571431,20.95087538830909,0 77.74981938029737,20.95106934714762,0 77.75035677714024,20.95274599270276,0 77.75051839935502,20.95337636718805,0 77.75015975871796,20.95356829000927,0 77.74990043206321,20.95366491800317,0 77.74974356344303,20.95393571133883,0 77.74959144841729,20.95406444898223,0 77.74900936578429,20.95386652083017,0 77.74848911324305,20.95370738296596,0 77.74694512938848,20.95337111089615,0 77.74647309039102,20.95327870370939,0 77.74617168659567,20.95327704353918,0 77.74531841261363,20.95326028315093,0 77.74412401360627,20.95323394215384,0 77.74366075714286,20.95319387137123,0 77.74053838606596,20.95282801667872,0 77.73925849657628,20.95180788250513,0 77.7392568783026,20.95180248613307,0 77.73961271789577,20.95103976801613,0 77.73991932474446,20.95036388049027,0 77.74054846298336,20.94900366146396,0 77.74144332715795,20.94699593960851,0 77.7422420337725,20.94523472609818,0 77.74296673900211,20.94546703391038,0 77.74369641576584,20.94574006181738,0 77.74448313566427,20.94605304441503,0 77.7465981683338,20.945906542004,0 77.7471638460855,20.94588434465645,0 77.748244690522,20.94575582306626,0 
						</coordinates>
					</LinearRing>
				</outerBoundaryIs>
			</Polygon>
		</Placemark>
	</Document>
	<Document>
		<name>Ward A13.kml</name>
		<StyleMap id="m_ylw-pushpin14">
			<Pair>
				<key>normal</key>
				<styleUrl>#s_ylw-pushpin14</styleUrl>
			</Pair>
			<Pair>
				<key>highlight</key>
				<styleUrl>#s_ylw-pushpin_hl14</styleUrl>
			</Pair>
		</StyleMap>
		<Style id="s_ylw-pushpin14">
			<IconStyle>
				<scale>1.1</scale>
				<Icon>
					<href>https://maps.google.com/mapfiles/kml/pushpin/ylw-pushpin.png</href>
				</Icon>
				<hotSpot x="20" y="2" xunits="pixels" yunits="pixels"/>
			</IconStyle>
			<LineStyle>
				<color>ffffff55</color>
				<width>3</width>
			</LineStyle>
			<PolyStyle>
				<fill>0</fill>
			</PolyStyle>
		</Style>
		<Style id="s_ylw-pushpin_hl14">
			<IconStyle>
				<scale>1.3</scale>
				<Icon>
					<href>https://maps.google.com/mapfiles/kml/pushpin/ylw-pushpin.png</href>
				</Icon>
				<hotSpot x="20" y="2" xunits="pixels" yunits="pixels"/>
			</IconStyle>
			<LineStyle>
				<color>ffffff55</color>
				<width>3</width>
			</LineStyle>
			<PolyStyle>
				<fill>0</fill>
			</PolyStyle>
		</Style>
		<Placemark>
			<name>Ward A13.kml</name>
			<styleUrl>#m_ylw-pushpin14</styleUrl>
			<Polygon>
				<tessellate>1</tessellate>
				<outerBoundaryIs>
					<LinearRing>
						<coordinates>
							77.75367454696233,20.9415330103702,0 77.75464105522447,20.94140405858694,0 77.75559692093414,20.94136994170038,0 77.75671854605571,20.94142482183514,0 77.75682603328994,20.94143008069895,0 77.75735019459309,20.94151357371748,0 77.75735083519433,20.94151864717371,0 77.7573564737033,20.94197755196917,0 77.75750696123593,20.94290654632974,0 77.7575598314053,20.94317106635312,0 77.75773704648404,20.94405770539947,0 77.75779187190368,20.94425813653174,0 77.75783083049464,20.94440056144372,0 77.75808515519469,20.94533031897295,0 77.75613855822554,20.94593630762143,0 77.75620619605749,20.94631417149418,0 77.75565061969421,20.94760993242207,0 77.75519486881653,20.94777049131056,0 77.75695642221447,20.94959507929696,0 77.75351866280481,20.95161562722123,0 77.75203698734117,20.94913943894594,0 77.75124551384825,20.94778098455615,0 77.75104110928247,20.94771927669461,0 77.75068458969103,20.94656946368735,0 77.75058001061093,20.94629865702203,0 77.75005711521013,20.94557058421395,0 77.74994669936193,20.94537519954685,0 77.74971018203439,20.94501122729509,0 77.74933583646344,20.94437304842365,0 77.74905062079029,20.94375151508173,0 77.74889612896729,20.94372931741457,0 77.74875946312395,20.94353508768711,0 77.7486465652533,20.94330201168167,0 77.74922888058593,20.94310778139982,0 77.75041133723089,20.94273596844313,0 77.75187837591743,20.94210650537564,0 77.75199800050008,20.94222997808614,0 77.75367454696233,20.9415330103702,0 
						</coordinates>
					</LinearRing>
				</outerBoundaryIs>
			</Polygon>
		</Placemark>
	</Document>
	<Document>
		<name>Ward A14.kml</name>
		<StyleMap id="m_ylw-pushpin15">
			<Pair>
				<key>normal</key>
				<styleUrl>#s_ylw-pushpin15</styleUrl>
			</Pair>
			<Pair>
				<key>highlight</key>
				<styleUrl>#s_ylw-pushpin_hl15</styleUrl>
			</Pair>
		</StyleMap>
		<Style id="s_ylw-pushpin15">
			<IconStyle>
				<scale>1.1</scale>
				<Icon>
					<href>https://maps.google.com/mapfiles/kml/pushpin/ylw-pushpin.png</href>
				</Icon>
				<hotSpot x="20" y="2" xunits="pixels" yunits="pixels"/>
			</IconStyle>
			<LineStyle>
				<color>ffffff55</color>
				<width>3</width>
			</LineStyle>
			<PolyStyle>
				<fill>0</fill>
			</PolyStyle>
		</Style>
		<Style id="s_ylw-pushpin_hl15">
			<IconStyle>
				<scale>1.3</scale>
				<Icon>
					<href>https://maps.google.com/mapfiles/kml/pushpin/ylw-pushpin.png</href>
				</Icon>
				<hotSpot x="20" y="2" xunits="pixels" yunits="pixels"/>
			</IconStyle>
			<LineStyle>
				<color>ffffff55</color>
				<width>3</width>
			</LineStyle>
			<PolyStyle>
				<fill>0</fill>
			</PolyStyle>
		</Style>
		<Placemark>
			<name>Ward A14.kml</name>
			<styleUrl>#m_ylw-pushpin15</styleUrl>
			<Polygon>
				<tessellate>1</tessellate>
				<outerBoundaryIs>
					<LinearRing>
						<coordinates>
							77.76474863032962,20.94187158660537,0 77.76475161774937,20.9421181006789,0 77.76471032598465,20.94211924192706,0 77.76470499473066,20.94243707299091,0 77.76471891216499,20.94243681040399,0 77.7647695109996,20.94243392679243,0 77.76480004790255,20.94242850738863,0 77.76483197659144,20.94242273298795,0 77.76483405628909,20.94243244455231,0 77.76484121874051,20.94243141136866,0 77.76484349956633,20.94243585081227,0 77.76489173807499,20.94242410891877,0 77.76492418188622,20.94254487082503,0 77.76494925213592,20.9425445972222,0 77.76498603702925,20.94253853937414,0 77.76505412236804,20.94327595922783,0 77.76352663534124,20.94325481167425,0 77.76352090986495,20.9428719876355,0 77.76349058640017,20.94287133207683,0 77.76222600540859,20.94284927947336,0 77.76102242056845,20.94281338544289,0 77.76010260002249,20.94279207554911,0 77.76010827492354,20.94281211670665,0 77.76011686080614,20.94308775005567,0 77.76019684354924,20.94356402808955,0 77.76017247786234,20.94357254843345,0 77.76031399684058,20.94409308453146,0 77.75796393853386,20.94486417218934,0 77.75795797294938,20.9448653681971,0 77.75773704648418,20.94405770539964,0 77.75750696123606,20.94290654632988,0 77.7573564737034,20.94197755196933,0 77.75735083519436,20.94151864717372,0 77.75729141526267,20.94104804890816,0 77.75715593781774,20.94059520767092,0 77.75706086592675,20.94023115784012,0 77.7568635917529,20.93962070644204,0 77.75797117928357,20.94025557584428,0 77.75840375638779,20.94048865659238,0 77.75895659943416,20.9407101939579,0 77.75977231625944,20.94093927834365,0 77.75992823416061,20.94098722619401,0 77.7601526038236,20.94103517402903,0 77.76056036881386,20.94106917013841,0 77.76133045113124,20.9411291048969,0 77.76161294015208,20.94112203652151,0 77.76396542882651,20.94115183355746,0 77.764560539331,20.94116301526458,0 77.76458960905541,20.9411667116857,0 77.76542788876895,20.94127722127172,0 77.76575704596826,20.941321288479,0 77.76578608663908,20.94132517641236,0 77.76577258234153,20.94191357797183,0 77.76573659478208,20.94191174259504,0 77.76569448317133,20.94191003096114,0 77.76474863032962,20.94187158660537,0 
						</coordinates>
					</LinearRing>
				</outerBoundaryIs>
			</Polygon>
		</Placemark>
	</Document>
	<Document>
		<name>Ward A15.kml</name>
		<StyleMap id="m_ylw-pushpin16">
			<Pair>
				<key>normal</key>
				<styleUrl>#s_ylw-pushpin16</styleUrl>
			</Pair>
			<Pair>
				<key>highlight</key>
				<styleUrl>#s_ylw-pushpin_hl16</styleUrl>
			</Pair>
		</StyleMap>
		<Style id="s_ylw-pushpin16">
			<IconStyle>
				<scale>1.1</scale>
				<Icon>
					<href>https://maps.google.com/mapfiles/kml/pushpin/ylw-pushpin.png</href>
				</Icon>
				<hotSpot x="20" y="2" xunits="pixels" yunits="pixels"/>
			</IconStyle>
			<LineStyle>
				<color>ffffff55</color>
				<width>3</width>
			</LineStyle>
			<PolyStyle>
				<fill>0</fill>
			</PolyStyle>
		</Style>
		<Style id="s_ylw-pushpin_hl16">
			<IconStyle>
				<scale>1.3</scale>
				<Icon>
					<href>https://maps.google.com/mapfiles/kml/pushpin/ylw-pushpin.png</href>
				</Icon>
				<hotSpot x="20" y="2" xunits="pixels" yunits="pixels"/>
			</IconStyle>
			<LineStyle>
				<color>ffffff55</color>
				<width>3</width>
			</LineStyle>
			<PolyStyle>
				<fill>0</fill>
			</PolyStyle>
		</Style>
		<Placemark>
			<name>Ward A15.kml</name>
			<styleUrl>#m_ylw-pushpin16</styleUrl>
			<Polygon>
				<tessellate>1</tessellate>
				<outerBoundaryIs>
					<LinearRing>
						<coordinates>
							77.76456053933094,20.94116301526446,0 77.7639654288264,20.94115183355734,0 77.76161294015196,20.94112203652139,0 77.76133045113119,20.94112910489679,0 77.7605603688138,20.94106917013829,0 77.76015260382349,20.94103517402891,0 77.76032943754075,20.94090020971345,0 77.76066599203523,20.94058943615602,0 77.76074775386138,20.94051662625782,0 77.76076486680176,20.94046867825665,0 77.76076296536399,20.9404047475648,0 77.76070021791588,20.94033016172295,0 77.76062709108663,20.94025493598815,0 77.76043781949659,20.94006023169936,0 77.76014309663429,20.93980805979027,0 77.76000429167334,20.93969085298369,0 77.75995865716561,20.9395079391478,0 77.75992443128501,20.93934278374468,0 77.75987925766265,20.9392212353797,0 77.75984457089652,20.9391279038615,0 77.75979370743477,20.93896740969814,0 77.7596943626487,20.93873942544337,0 77.75956008408104,20.93838951374784,0 77.75955602770716,20.93837360199592,0 77.75941674738669,20.93760289713265,0 77.75925274837465,20.93681173775713,0 77.75920711386709,20.93658930667482,0 77.75918275169494,20.93642326010263,0 77.75830721331249,20.93651708262854,0 77.75827719193262,20.93623901034852,0 77.75749284883159,20.93627896814576,0 77.75756732181299,20.93485712996699,0 77.7576600169067,20.93485047027178,0 77.7577622191896,20.93482827128514,0 77.7578097551351,20.93479719269817,0 77.75790007343159,20.93471727630237,0 77.75850853353433,20.93393586929585,0 77.75897913939491,20.93333649184063,0 77.75902905213786,20.9333498113657,0 77.76077900874554,20.93367169952785,0 77.76243678523247,20.93397020393178,0 77.7637737337003,20.93419774469277,0 77.76449865686948,20.934319839593,0 77.76474227859029,20.93436978747781,0 77.76493539336906,20.93441141070247,0 77.76516118911024,20.93448910735782,0 77.76555038966416,20.93466947443767,0 77.76574944643613,20.93477491970708,0 77.76619806692196,20.93501910846641,0 77.76775832841741,20.93569119846444,0 77.77089069094109,20.93676455269804,0 77.77088752756094,20.93677388897839,0 77.77091961432427,20.93679053800241,0 77.77180021771517,20.93706025193381,0 77.77348655538253,20.93757304004356,0 77.77431368083461,20.93776283779476,0 77.77553297783732,20.9379559650842,0 77.77702322972937,20.93812245392701,0 77.777910963512,20.93822900668903,0 77.77828530908312,20.9382689639553,0 77.77873452376826,20.93828894258456,0 77.77913382571052,20.93830892121093,0 77.77946895412657,20.9383355593755,0 77.77990747322406,20.93840548453466,0 77.78065259917008,20.93851536686174,0 77.78084509975355,20.93855102742674,0 77.78083803702731,20.93856253007249,0 77.78059503821333,20.94024319878798,0 77.78033259001012,20.94145038266225,0 77.78006866095478,20.94269656575233,0 77.78000405531481,20.94286463203497,0 77.77987493651898,20.94387232086086,0 77.77998189239639,20.94432515218551,0 77.78022432571851,20.94466477478005,0 77.78068780118736,20.94501771509135,0 77.78095162568508,20.94531072150994,0 77.78098727764416,20.94582348136248,0 77.78083040902402,20.94629628434524,0 77.78016015219214,20.94706874797714,0 77.77865563951627,20.94858036786025,0 77.77837755423508,20.94908645744948,0 77.77825633757379,20.94957922724694,0 77.77803529542729,20.95005201836551,0 77.77730799546072,20.95093766531403,0 77.77603878571523,20.9520896644039,0 77.77572764168661,20.95229055293925,0 77.77319981911864,20.9472689061356,0 77.76994719185285,20.94291415161882,0 77.76738747119248,20.94460602433503,0 77.7659009491212,20.94338563721175,0 77.76573829932818,20.94340733780757,0 77.76578608663885,20.94132517641208,0 77.76484525179768,20.94119921846863,0 77.76456053933094,20.94116301526446,0 
						</coordinates>
					</LinearRing>
				</outerBoundaryIs>
			</Polygon>
		</Placemark>
	</Document>
	<Document>
		<name>Ward B1.kml</name>
		<StyleMap id="m_ylw-pushpin17">
			<Pair>
				<key>normal</key>
				<styleUrl>#s_ylw-pushpin17</styleUrl>
			</Pair>
			<Pair>
				<key>highlight</key>
				<styleUrl>#s_ylw-pushpin_hl17</styleUrl>
			</Pair>
		</StyleMap>
		<Style id="s_ylw-pushpin17">
			<IconStyle>
				<scale>1.1</scale>
				<Icon>
					<href>https://maps.google.com/mapfiles/kml/pushpin/ylw-pushpin.png</href>
				</Icon>
				<hotSpot x="20" y="2" xunits="pixels" yunits="pixels"/>
			</IconStyle>
			<LineStyle>
				<color>ffffff55</color>
				<width>3</width>
			</LineStyle>
			<PolyStyle>
				<fill>0</fill>
			</PolyStyle>
		</Style>
		<Style id="s_ylw-pushpin_hl17">
			<IconStyle>
				<scale>1.3</scale>
				<Icon>
					<href>https://maps.google.com/mapfiles/kml/pushpin/ylw-pushpin.png</href>
				</Icon>
				<hotSpot x="20" y="2" xunits="pixels" yunits="pixels"/>
			</IconStyle>
			<LineStyle>
				<color>ffffff55</color>
				<width>3</width>
			</LineStyle>
			<PolyStyle>
				<fill>0</fill>
			</PolyStyle>
		</Style>
		<Placemark>
			<name>Ward B1.kml</name>
			<styleUrl>#m_ylw-pushpin17</styleUrl>
			<Polygon>
				<tessellate>1</tessellate>
				<outerBoundaryIs>
					<LinearRing>
						<coordinates>
							77.75063617976016,20.94008539475891,0 77.75062049289802,20.94028651039758,0 77.75057771054719,20.94044500531323,0 77.75042112428252,20.94060604775878,0 77.75021196612219,20.94044844093998,0 77.75009179268444,20.94030883314887,0 77.74992536813637,20.94011549433971,0 77.74984771401185,20.9400149895402,0 77.7497215039333,20.93985164045968,0 77.74962284937749,20.93972395535858,0 77.74945713907283,20.93950948212916,0 77.74932383842146,20.93934177087204,0 77.74916954660245,20.93914764949329,0 77.74901811376959,20.93897528705662,0 77.74888706328609,20.93882612386301,0 77.74863155853912,20.93855566277784,0 77.74855728885679,20.9384696787766,0 77.74833683567698,20.93823067732526,0 77.74818662208912,20.9380584169904,0 77.74806330577798,20.93791871585314,0 77.74786831152205,20.93769996664203,0 77.7476751353153,20.93748480640592,0 77.74759717636455,20.93737114955878,0 77.74760288067819,20.93734628711197,0 77.74785006759483,20.93722019892527,0 77.74810418149485,20.93709757558323,0 77.74830641267194,20.93699998831642,0 77.74848748599891,20.93690516503212,0 77.74863536141481,20.936827726566,0 77.74877987068928,20.93673182818608,0 77.74891677421228,20.93661639486947,0 77.74899755218145,20.93653466307923,0 77.74909931224319,20.93643170137805,0 77.7491754920468,20.93634731468911,0 77.74929504149874,20.93621488602338,0 77.74934851943745,20.93613164056469,0 77.7494162581598,20.93601509684492,0 77.74948756207813,20.93584194600816,0 77.74960877873919,20.93558887904022,0 77.74965869148191,20.93539907853376,0 77.74954680993132,20.93513952480588,0 77.74943764933516,20.93488628298013,0 77.7493827932974,20.93477400235072,0 77.74927008512738,20.93454330835051,0 77.74908900003533,20.93419480245715,0 77.74888742076581,20.93380685370116,0 77.74885176880659,20.933812403486,0 77.74865664692612,20.93345897406769,0 77.74863565684605,20.9334209541562,0 77.74859923409589,20.93342391805165,0 77.74855942274151,20.93332846147639,0 77.75032062952317,20.93271576201012,0 77.75040267061706,20.9329560211844,0 77.75077115804271,20.93283997269538,0 77.75119931679617,20.93259644490993,0 77.75131301508837,20.93278156033491,0 77.75151801385336,20.93268166348913,0 77.7515895222469,20.93291346007854,0 77.75175965490986,20.93365264875748,0 77.75184399598569,20.93380139272249,0 77.75201585309129,20.93375944828062,0 77.7520378631055,20.93385581645133,0 77.7520259658005,20.93386057537348,0 77.75206225258088,20.93411696229674,0 77.75187520907396,20.93415636752994,0 77.75170397927775,20.93419244122296,0 77.75183935305786,20.93470021795595,0 77.75193398397836,20.93534270923751,0 77.7519546692974,20.93571438096185,0 77.75195225092847,20.93594335720566,0 77.7519354047205,20.93600168714883,0 77.75190211297367,20.93617054452831,0 77.7519006868954,20.93676591487558,0 77.75193491277599,20.93737060627306,0 77.75207703278546,20.9385905434561,0 77.75209320747479,20.93905014379823,0 77.75224653567763,20.93973097573586,0 77.7519026346331,20.93983446021026,0 77.75165003089435,20.93978598662113,0 77.75160114842976,20.93978279845591,0 77.75120963597401,20.93975726309078,0 77.75094848012108,20.9397973060395,0 77.75069194867477,20.93996036502146,0 77.75063617976016,20.94008539475891,0 
						</coordinates>
					</LinearRing>
				</outerBoundaryIs>
			</Polygon>
		</Placemark>
	</Document>
	<Document>
		<name>Ward B2.kml</name>
		<StyleMap id="m_ylw-pushpin18">
			<Pair>
				<key>normal</key>
				<styleUrl>#s_ylw-pushpin18</styleUrl>
			</Pair>
			<Pair>
				<key>highlight</key>
				<styleUrl>#s_ylw-pushpin_hl18</styleUrl>
			</Pair>
		</StyleMap>
		<Style id="s_ylw-pushpin18">
			<IconStyle>
				<scale>1.1</scale>
				<Icon>
					<href>https://maps.google.com/mapfiles/kml/pushpin/ylw-pushpin.png</href>
				</Icon>
				<hotSpot x="20" y="2" xunits="pixels" yunits="pixels"/>
			</IconStyle>
			<LineStyle>
				<color>ffffff55</color>
				<width>3</width>
			</LineStyle>
			<PolyStyle>
				<fill>0</fill>
			</PolyStyle>
		</Style>
		<Style id="s_ylw-pushpin_hl18">
			<IconStyle>
				<scale>1.3</scale>
				<Icon>
					<href>https://maps.google.com/mapfiles/kml/pushpin/ylw-pushpin.png</href>
				</Icon>
				<hotSpot x="20" y="2" xunits="pixels" yunits="pixels"/>
			</IconStyle>
			<LineStyle>
				<color>ffffff55</color>
				<width>3</width>
			</LineStyle>
			<PolyStyle>
				<fill>0</fill>
			</PolyStyle>
		</Style>
		<Placemark>
			<name>Ward B2.kml</name>
			<styleUrl>#m_ylw-pushpin18</styleUrl>
			<Polygon>
				<tessellate>1</tessellate>
				<outerBoundaryIs>
					<LinearRing>
						<coordinates>
							77.75063617976016,20.94008539475891,0 77.75069194867477,20.93996036502146,0 77.75094848012108,20.9397973060395,0 77.75120963597401,20.93975726309078,0 77.75165003089435,20.93978598662113,0 77.7519026346331,20.93983446021026,0 77.75224653567763,20.93973097573586,0 77.75209320747479,20.93905014379823,0 77.75207703278546,20.9385905434561,0 77.75193491277599,20.93737060627306,0 77.7519006868954,20.93676591487558,0 77.75190211297367,20.93617054452831,0 77.7519354047205,20.93600168714883,0 77.75195225092847,20.93594335720566,0 77.7519546692974,20.93571438096185,0 77.75193398397836,20.93534270923751,0 77.75183935305786,20.93470021795595,0 77.75170397927759,20.93419244122276,0 77.7520622525807,20.93411696229657,0 77.75202596580033,20.9338605753733,0 77.75203786310534,20.93385581645117,0 77.75201585309112,20.93375944828047,0 77.75184399598017,20.93380139272536,0 77.75175965490986,20.93365264875748,0 77.7515895222469,20.93291346007854,0 77.75151801385336,20.93268166348913,0 77.75131301508837,20.93278156033491,0 77.75119931679617,20.93259644490993,0 77.75164010175207,20.93231958509994,0 77.75164700932471,20.93231524640596,0 77.7518400275805,20.93219401025771,0 77.75228632225338,20.93202371626882,0 77.75263601053365,20.93218031457434,0 77.75341545941296,20.93234590327234,0 77.75613926909153,20.93284871784717,0 77.75897913939491,20.93333649184064,0 77.7585085335345,20.93393586929603,0 77.75790007343176,20.93471727630239,0 77.75780975513527,20.93479719269835,0 77.7577622191896,20.93482827128518,0 77.7576600169067,20.9348504702718,0 77.75756732181299,20.934857129967,0 77.75749284883176,20.93627896814593,0 77.75827719193281,20.93623901034853,0 77.75830721331252,20.93651708262855,0 77.75918275169512,20.93642326010263,0 77.75920711386711,20.93658930667483,0 77.75925274837464,20.93681173775713,0 77.75941674738694,20.93760289713282,0 77.75955602770716,20.93837360199593,0 77.75958573767321,20.93849014388036,0 77.75979370743477,20.93896740969815,0 77.75984457089653,20.9391279038615,0 77.75992443128503,20.93934278374486,0 77.75995865716563,20.93950793914781,0 77.76000429167357,20.93969085298371,0 77.76014309663429,20.93980805979031,0 77.76043781949662,20.94006023169963,0 77.7607002179159,20.94033016172295,0 77.76076296536418,20.94040474756483,0 77.76076486680194,20.9404686782569,0 77.76074775386157,20.94051662625798,0 77.76066599203523,20.94058943615602,0 77.76032943754075,20.94090020971348,0 77.76015260382347,20.94103517402892,0 77.75992823416074,20.94098722619393,0 77.75977231625939,20.9409392783436,0 77.7589565994341,20.94071019395779,0 77.75840375638774,20.94048865659228,0 77.75797117928347,20.94025557584416,0 77.75686359175279,20.93962070644217,0 77.7570608659267,20.94023115784001,0 77.75715593781763,20.9405952076708,0 77.75729141526256,20.94104804890805,0 77.75735083519432,20.94151864717367,0 77.75689924371189,20.94150532837513,0 77.75579359381578,20.94143138019047,0 77.75464105522447,20.94140405858703,0 77.75320546966971,20.94182138065926,0 77.75207085604865,20.94229314875685,0 77.75192135872322,20.94215352702615,0 77.75153631756461,20.94176506323045,0 77.75111087085226,20.94128336672414,0 77.7505684857137,20.94072369781127,0 77.75042112428252,20.94060604775878,0 77.75057771054719,20.94044500531323,0 77.75062049289802,20.94028651039758,0 77.75063617976016,20.94008539475891,0 
						</coordinates>
					</LinearRing>
				</outerBoundaryIs>
			</Polygon>
		</Placemark>
	</Document>
	<Document>
		<name>Ward B3.kml</name>
		<StyleMap id="m_ylw-pushpin19">
			<Pair>
				<key>normal</key>
				<styleUrl>#s_ylw-pushpin19</styleUrl>
			</Pair>
			<Pair>
				<key>highlight</key>
				<styleUrl>#s_ylw-pushpin_hl19</styleUrl>
			</Pair>
		</StyleMap>
		<Style id="s_ylw-pushpin19">
			<IconStyle>
				<scale>1.1</scale>
				<Icon>
					<href>https://maps.google.com/mapfiles/kml/pushpin/ylw-pushpin.png</href>
				</Icon>
				<hotSpot x="20" y="2" xunits="pixels" yunits="pixels"/>
			</IconStyle>
			<LineStyle>
				<color>ffffff55</color>
				<width>3</width>
			</LineStyle>
			<PolyStyle>
				<fill>0</fill>
			</PolyStyle>
		</Style>
		<Style id="s_ylw-pushpin_hl19">
			<IconStyle>
				<scale>1.3</scale>
				<Icon>
					<href>https://maps.google.com/mapfiles/kml/pushpin/ylw-pushpin.png</href>
				</Icon>
				<hotSpot x="20" y="2" xunits="pixels" yunits="pixels"/>
			</IconStyle>
			<LineStyle>
				<color>ffffff55</color>
				<width>3</width>
			</LineStyle>
			<PolyStyle>
				<fill>0</fill>
			</PolyStyle>
		</Style>
		<Placemark>
			<name>Ward B3.kml</name>
			<styleUrl>#m_ylw-pushpin19</styleUrl>
			<Polygon>
				<tessellate>1</tessellate>
				<outerBoundaryIs>
					<LinearRing>
						<coordinates>
							77.75594261114149,20.92344883295567,0 77.75615506678504,20.92453514644392,0 77.75650575014835,20.92448972938119,0 77.7566453309354,20.92547028279357,0 77.75681538008347,20.92619478241179,0 77.75692699911538,20.92666385842064,0 77.75708157929647,20.92729524696503,0 77.75720121290573,20.92783546972138,0 77.75730579279711,20.92831220859794,0 77.75744573593013,20.92832641621642,0 77.75783553068338,20.92844185592167,0 77.75819159514877,20.9286784201597,0 77.75811078404128,20.92930889598527,0 77.75815356639231,20.92949093428645,0 77.76007407550877,20.93354203373082,0 77.75902905213775,20.93334981136562,0 77.75897913939494,20.93333649184061,0 77.75710646413086,20.93301484272008,0 77.75493912373067,20.9308886266358,0 77.75457303410099,20.93054602318309,0 77.75433316510019,20.9303215423544,0 77.75307485641336,20.9292691611096,0 77.75296162839686,20.92913929013207,0 77.75297587143356,20.92884050026168,0 77.75307412951517,20.92844781989028,0 77.75311172993341,20.92832322955632,0 77.75349191305855,20.92706347331949,0 77.75358977990456,20.92598627457168,0 77.75347893059958,20.92541097916947,0 77.75334885803078,20.92455117956975,0 77.75342677122471,20.92384666851564,0 77.75362879899316,20.92314734749198,0 77.75384271074797,20.92260342888392,0 77.75412792642115,20.92154888718369,0 77.75417312470096,20.92098142786791,0 77.75451118498195,20.92052231146208,0 77.75474648791231,20.92034914271911,0 77.75493544329575,20.92016265307979,0 77.75521709377297,20.92009271940531,0 77.75594261114149,20.92344883295567,0 
						</coordinates>
					</LinearRing>
				</outerBoundaryIs>
			</Polygon>
		</Placemark>
	</Document>
	<Document>
		<name>Ward B4.kml</name>
		<StyleMap id="m_ylw-pushpin20">
			<Pair>
				<key>normal</key>
				<styleUrl>#s_ylw-pushpin20</styleUrl>
			</Pair>
			<Pair>
				<key>highlight</key>
				<styleUrl>#s_ylw-pushpin_hl20</styleUrl>
			</Pair>
		</StyleMap>
		<Style id="s_ylw-pushpin20">
			<IconStyle>
				<scale>1.1</scale>
				<Icon>
					<href>https://maps.google.com/mapfiles/kml/pushpin/ylw-pushpin.png</href>
				</Icon>
				<hotSpot x="20" y="2" xunits="pixels" yunits="pixels"/>
			</IconStyle>
			<LineStyle>
				<color>ffffff55</color>
				<width>3</width>
			</LineStyle>
			<PolyStyle>
				<fill>0</fill>
			</PolyStyle>
		</Style>
		<Style id="s_ylw-pushpin_hl20">
			<IconStyle>
				<scale>1.3</scale>
				<Icon>
					<href>https://maps.google.com/mapfiles/kml/pushpin/ylw-pushpin.png</href>
				</Icon>
				<hotSpot x="20" y="2" xunits="pixels" yunits="pixels"/>
			</IconStyle>
			<LineStyle>
				<color>ffffff55</color>
				<width>3</width>
			</LineStyle>
			<PolyStyle>
				<fill>0</fill>
			</PolyStyle>
		</Style>
		<Placemark>
			<name>Ward B4.kml</name>
			<styleUrl>#m_ylw-pushpin20</styleUrl>
			<Polygon>
				<tessellate>1</tessellate>
				<outerBoundaryIs>
					<LinearRing>
						<coordinates>
							77.76856690945841,20.93006146752891,0 77.76980954825248,20.93035951831392,0 77.76981315975048,20.93036417526889,0 77.76989073113683,20.93038382529693,0 77.76997088412519,20.93040412928179,0 77.77016145008331,20.93045240255922,0 77.77043700214922,20.93052220409273,0 77.77089426437689,20.9306380355047,0 77.77114682409615,20.93069867758318,0 77.77119425559459,20.93071402775168,0 77.7713617452268,20.9307857820254,0 77.77150609610938,20.93084762339433,0 77.77163093363363,20.93090110502379,0 77.77193926035569,20.93103319515768,0 77.77177169614771,20.93240512111351,0 77.77170752262126,20.93391022930932,0 77.77169682703351,20.93440304906003,0 77.77163265350707,20.93463280906523,0 77.77158654319632,20.93474702889049,0 77.77146595246387,20.93504999259258,0 77.77136721574985,20.93530040383014,0 77.77133230800953,20.93538893503791,0 77.77128667809836,20.93550573879854,0 77.77127256871968,20.93554185606457,0 77.77121105129547,20.93576988529847,0 77.77120321896345,20.93579891770923,0 77.77119495742747,20.93582954106098,0 77.77117550251143,20.93590165531868,0 77.77114434860964,20.93600719358025,0 77.77112550263858,20.93606379531377,0 77.77105451587369,20.93627699580736,0 77.77099575556605,20.93645347532872,0 77.770931487054,20.93664414854488,0 77.7708906196867,20.93676439076875,0 77.77089069094116,20.93676455269801,0 77.77089057941238,20.93676451448117,0 77.77062114715734,20.93667218950202,0 77.7677583284174,20.93569119846444,0 77.76619806692193,20.93501910846631,0 77.76574944643606,20.93477491970697,0 77.76555038966417,20.93466947443778,0 77.76516118911016,20.93448910735775,0 77.76493539336893,20.93441141070254,0 77.76474227859023,20.93436978747784,0 77.76449865686945,20.93431983959289,0 77.76377373370022,20.93419774469287,0 77.76243678523235,20.9339702039317,0 77.76077900874556,20.93367169952791,0 77.7600740755088,20.93354203373086,0 77.75815356639237,20.92949093428642,0 77.75811078404129,20.92930889598535,0 77.7581915951488,20.92867842015974,0 77.75826765266156,20.92862514039091,0 77.75839124611984,20.92858518055175,0 77.7595748911634,20.92877609968662,0 77.76033546629182,20.92894981368809,0 77.76455962925078,20.92791918166508,0 77.76843856240556,20.92708445887994,0 77.76858117024207,20.92776822150598,0 77.76856690945841,20.93006146752891,0 
						</coordinates>
					</LinearRing>
				</outerBoundaryIs>
			</Polygon>
		</Placemark>
	</Document>
	<Document>
		<name>Ward B5.kml</name>
		<StyleMap id="m_ylw-pushpin21">
			<Pair>
				<key>normal</key>
				<styleUrl>#s_ylw-pushpin21</styleUrl>
			</Pair>
			<Pair>
				<key>highlight</key>
				<styleUrl>#s_ylw-pushpin_hl21</styleUrl>
			</Pair>
		</StyleMap>
		<Style id="s_ylw-pushpin21">
			<IconStyle>
				<scale>1.1</scale>
				<Icon>
					<href>https://maps.google.com/mapfiles/kml/pushpin/ylw-pushpin.png</href>
				</Icon>
				<hotSpot x="20" y="2" xunits="pixels" yunits="pixels"/>
			</IconStyle>
			<LineStyle>
				<color>ffffff55</color>
				<width>3</width>
			</LineStyle>
			<PolyStyle>
				<fill>0</fill>
			</PolyStyle>
		</Style>
		<Style id="s_ylw-pushpin_hl21">
			<IconStyle>
				<scale>1.3</scale>
				<Icon>
					<href>https://maps.google.com/mapfiles/kml/pushpin/ylw-pushpin.png</href>
				</Icon>
				<hotSpot x="20" y="2" xunits="pixels" yunits="pixels"/>
			</IconStyle>
			<LineStyle>
				<color>ffffff55</color>
				<width>3</width>
			</LineStyle>
			<PolyStyle>
				<fill>0</fill>
			</PolyStyle>
		</Style>
		<Placemark>
			<name>Ward B5.kml</name>
			<styleUrl>#m_ylw-pushpin21</styleUrl>
			<Polygon>
				<tessellate>1</tessellate>
				<outerBoundaryIs>
					<LinearRing>
						<coordinates>
							77.77176689714261,20.93251767617984,0 77.77177169614771,20.93240512111351,0 77.77178221592682,20.93231899116844,0 77.77179308732326,20.93220199694638,0 77.77182433671163,20.93197412973344,0 77.77187079919663,20.93159371996496,0 77.7718770961845,20.93154216355005,0 77.77190463204023,20.93131671428088,0 77.77192336434261,20.93116334373452,0 77.77193926035562,20.93103319515757,0 77.77204211662425,20.93103633802418,0 77.77218506910553,20.93104070606678,0 77.77240527580601,20.93104743468162,0 77.7725735410214,20.93105257617739,0 77.77269803552242,20.93106924544848,0 77.77274194073293,20.93107552220811,0 77.77280501024732,20.93108411601653,0 77.77308090917411,20.93112170980772,0 77.77341669721457,20.93116746403429,0 77.77375252473212,20.93121322362587,0 77.77403905131258,20.93125226549983,0 77.7742354354958,20.93127902463971,0 77.7743791456824,20.93129860646316,0 77.77468568793675,20.93134037563194,0 77.77511460181566,20.93140209031875,0 77.77519497562449,20.93141365497889,0 77.77558021527764,20.93147297161785,0 77.7758247891251,20.93151062945967,0 77.7760416161601,20.93154401502528,0 77.77635993008602,20.93159302684496,0 77.77685322526327,20.93166898105951,0 77.77699918504875,20.93165718694395,0 77.77711864694177,20.93165266210715,0 77.7772138071478,20.93164681136069,0 77.77732221999194,20.93164014580019,0 77.77746433716906,20.9316314079916,0 77.77760423456813,20.93162280666138,0 77.77763202549384,20.93161921712598,0 77.77769250378009,20.931611405621,0 77.77779319502876,20.93159840012265,0 77.77794819159325,20.93157838043071,0 77.77845520243345,20.93151289379376,0 77.77855176338839,20.93150042176482,0 77.7786092841954,20.9314929922482,0 77.77882815392618,20.93146798587824,0 77.77937936478681,20.93139352687473,0 77.7799201361865,20.93132367956239,0 77.78028320424313,20.93127678481552,0 77.78070471948728,20.93122108958936,0 77.78111450426753,20.93116541786119,0 77.78130852910026,20.93113905841293,0 77.78160308426557,20.93110146615097,0 77.78198588814313,20.93104735153798,0 77.78230858564251,20.93100173377604,0 77.78240020345461,20.93099074775584,0 77.78243529763283,20.93099055494191,0 77.78251328743968,20.93099012645162,0 77.78262553549669,20.93098950973998,0 77.78272344788431,20.93098897179123,0 77.78279158690621,20.93100506702451,0 77.78294783713405,20.93104197514762,0 77.78301178423446,20.9310570801947,0 77.78308419431201,20.93107418429325,0 77.78324243700698,20.93111156304306,0 77.78328811432573,20.93112235255084,0 77.78354296758502,20.93118255180629,0 77.78357162650322,20.93118437499472,0 77.78357757079824,20.93118475315167,0 77.7836214886548,20.93118754706481,0 77.78377380363324,20.93119723685459,0 77.78389772874975,20.93120512057205,0 77.78397975757885,20.93121033898206,0 77.78412020096587,20.93121927353798,0 77.78415712799783,20.93122162708702,0 77.78419818391521,20.93121363486791,0 77.78433144275222,20.93118770463956,0 77.78448118374413,20.93115856721861,0 77.78452220806291,20.93115058448136,0 77.78454108327905,20.93114165307347,0 77.78469939291715,20.93101577311968,0 77.78478070478926,20.93095390681943,0 77.78486066399503,20.93089306967298,0 77.78493788156523,20.93078548009095,0 77.78504475775742,20.93063656612381,0 77.78512726086933,20.93052161183649,0 77.785149644112,20.93049042451632,0 77.78522668592285,20.93038307953662,0 77.78530974834976,20.93029085404608,0 77.78540785948525,20.93018191966975,0 77.78551410330067,20.9300639553582,0 77.78555862456345,20.93001452261694,0 77.785592717556,20.92997666855632,0 77.78564018208172,20.9299478684737,0 77.78570880492255,20.92990623013588,0 77.78592464946153,20.929775261891,0 77.78603466461533,20.9297085078228,0 77.78611371151894,20.9296605443901,0 77.78618118982274,20.92963455726258,0 77.78636672687432,20.92956310353103,0 77.78642546643124,20.92954048184006,0 77.78659985965899,20.92947331975872,0 77.78796484995277,20.93000093082758,0 77.78879156978333,20.93028328320055,0 77.7890736150934,20.93028409276494,0 77.78912931267628,20.93038966764261,0 77.78957193822772,20.93158640196159,0 77.78988714534819,20.93243862704786,0 77.79000061671067,20.93274541823771,0 77.79009867570383,20.93310829161496,0 77.79043693850993,20.93452247843331,0 77.79079948699682,20.93585169314803,0 77.79111323131967,20.93694492115965,0 77.79140189531827,20.93765303978158,0 77.79173472609151,20.93846949929824,0 77.79182162606337,20.93867705052408,0 77.79222282847705,20.93958270004274,0 77.79257566872681,20.94037917527577,0 77.79257566872681,20.94071356941314,0 77.79257566872681,20.94102292069012,0 77.79231456599558,20.94091982676434,0 77.78538717934417,20.93948765545468,0 77.78457431467568,20.93930784913583,0 77.78413579557825,20.93921794589548,0 77.78343345198316,20.93907809630329,0 77.78251719663318,20.93888497046103,0 77.78108398787568,20.93859528123075,0 77.7806525991702,20.9385153668617,0 77.779907473224,20.93840548453472,0 77.77946895412656,20.93833555937539,0 77.77913382571062,20.93830892121092,0 77.77873452376824,20.93828894258445,0 77.77828530908313,20.9382689639553,0 77.77791096351201,20.93822900668904,0 77.77702322972941,20.93812245392697,0 77.77553297783727,20.93795596508417,0 77.77431368083451,20.93776283779476,0 77.77348655538243,20.93757304004352,0 77.77180021771505,20.93706025193374,0 77.77091961432426,20.93679053800241,0 77.77088752756096,20.9367738889785,0 77.77097665745886,20.93651083415331,0 77.77115848245047,20.93596474418023,0 77.77127256871968,20.93554185606457,0 77.77136882900943,20.93529544826553,0 77.77155065400105,20.93483592993573,0 77.77163265350707,20.93463280906523,0 77.77169682703351,20.93440304906003,0 77.77170752262126,20.93391022930932,0 77.77176689714261,20.93251767617984,0 
						</coordinates>
					</LinearRing>
				</outerBoundaryIs>
			</Polygon>
		</Placemark>
	</Document>
	<Document>
		<name>Ward B6.kml</name>
		<StyleMap id="m_ylw-pushpin22">
			<Pair>
				<key>normal</key>
				<styleUrl>#s_ylw-pushpin22</styleUrl>
			</Pair>
			<Pair>
				<key>highlight</key>
				<styleUrl>#s_ylw-pushpin_hl22</styleUrl>
			</Pair>
		</StyleMap>
		<Style id="s_ylw-pushpin22">
			<IconStyle>
				<scale>1.1</scale>
				<Icon>
					<href>https://maps.google.com/mapfiles/kml/pushpin/ylw-pushpin.png</href>
				</Icon>
				<hotSpot x="20" y="2" xunits="pixels" yunits="pixels"/>
			</IconStyle>
			<LineStyle>
				<color>ffffff55</color>
				<width>3</width>
			</LineStyle>
			<PolyStyle>
				<fill>0</fill>
			</PolyStyle>
		</Style>
		<Style id="s_ylw-pushpin_hl22">
			<IconStyle>
				<scale>1.3</scale>
				<Icon>
					<href>https://maps.google.com/mapfiles/kml/pushpin/ylw-pushpin.png</href>
				</Icon>
				<hotSpot x="20" y="2" xunits="pixels" yunits="pixels"/>
			</IconStyle>
			<LineStyle>
				<color>ffffff55</color>
				<width>3</width>
			</LineStyle>
			<PolyStyle>
				<fill>0</fill>
			</PolyStyle>
		</Style>
		<Placemark>
			<name>Ward B6.kml</name>
			<styleUrl>#m_ylw-pushpin22</styleUrl>
			<Polygon>
				<tessellate>1</tessellate>
				<outerBoundaryIs>
					<LinearRing>
						<coordinates>
							77.7496691226325,20.92676931274934,0 77.75104053466089,20.92619155188316,0 77.75179610915791,20.92596460385801,0 77.75226696205522,20.92591182824265,0 77.75255153036704,20.92584783956823,0 77.75293159166574,20.92569662191914,0 77.75347893059956,20.9254109791695,0 77.75358977990459,20.92598627457176,0 77.75349191305861,20.92706347331955,0 77.7530741295152,20.92844781989027,0 77.7529758714337,20.92884050026169,0 77.75296162839692,20.92913929013207,0 77.75307485641338,20.92926916110969,0 77.75433316510032,20.93032154235442,0 77.75493912373076,20.93088862663581,0 77.75710646413091,20.93301484272007,0 77.75613926909165,20.93284871784709,0 77.75509220543381,20.93265543036154,0 77.75341545941285,20.93234590327222,0 77.75263601053376,20.93218031457428,0 77.75228632225344,20.93202371626876,0 77.75184002758039,20.93219401025777,0 77.751640101752,20.93231958510006,0 77.75119931679626,20.93259644490979,0 77.75077115804282,20.93283997269532,0 77.75040267061718,20.93295602118451,0 77.75032062952329,20.93271576201016,0 77.74998839934335,20.9310197997217,0 77.74997646927773,20.93095889899246,0 77.7498100934684,20.93011531326903,0 77.74971502157723,20.92964023921803,0 77.74946970183976,20.92844032117733,0 77.74945525821494,20.92835600403174,0 77.74977612584735,20.92833380408246,0 77.74981771979981,20.92749575359619,0 77.7498022232798,20.92712451525017,0 77.74966436903782,20.9268891936876,0 77.7496691226325,20.92676931274934,0 
						</coordinates>
					</LinearRing>
				</outerBoundaryIs>
			</Polygon>
		</Placemark>
	</Document>
	<Document>
		<name>Ward B7.kml</name>
		<StyleMap id="m_ylw-pushpin23">
			<Pair>
				<key>normal</key>
				<styleUrl>#s_ylw-pushpin23</styleUrl>
			</Pair>
			<Pair>
				<key>highlight</key>
				<styleUrl>#s_ylw-pushpin_hl23</styleUrl>
			</Pair>
		</StyleMap>
		<Style id="s_ylw-pushpin23">
			<IconStyle>
				<scale>1.1</scale>
				<Icon>
					<href>https://maps.google.com/mapfiles/kml/pushpin/ylw-pushpin.png</href>
				</Icon>
				<hotSpot x="20" y="2" xunits="pixels" yunits="pixels"/>
			</IconStyle>
			<LineStyle>
				<color>ffffff55</color>
				<width>3</width>
			</LineStyle>
			<PolyStyle>
				<fill>0</fill>
			</PolyStyle>
		</Style>
		<Style id="s_ylw-pushpin_hl23">
			<IconStyle>
				<scale>1.3</scale>
				<Icon>
					<href>https://maps.google.com/mapfiles/kml/pushpin/ylw-pushpin.png</href>
				</Icon>
				<hotSpot x="20" y="2" xunits="pixels" yunits="pixels"/>
			</IconStyle>
			<LineStyle>
				<color>ffffff55</color>
				<width>3</width>
			</LineStyle>
			<PolyStyle>
				<fill>0</fill>
			</PolyStyle>
		</Style>
		<Placemark>
			<name>Ward B7.kml</name>
			<styleUrl>#m_ylw-pushpin23</styleUrl>
			<Polygon>
				<tessellate>1</tessellate>
				<outerBoundaryIs>
					<LinearRing>
						<coordinates>
							77.75783165319631,20.92205158885824,0 77.75827572117846,20.92193777746378,0 77.75926304401017,20.92127970030517,0 77.75998178750683,20.92080726236799,0 77.76043963454963,20.92049415953035,0 77.76092992861246,20.9207131896083,0 77.76157123288451,20.9205424424864,0 77.76247235972518,20.92021769955523,0 77.76264463335559,20.92018345240709,0 77.76360241153678,20.91983744483228,0 77.76498015772697,20.9193473592082,0 77.76670284218906,20.91865631658722,0 77.76724954391595,20.92001769018223,0 77.76759161324286,20.92085279652185,0 77.76733719551743,20.92137126970276,0 77.76726755535735,20.92171183238459,0 77.76741016319383,20.92255102525976,0 77.7668417751012,20.92266686829576,0 77.76585359808001,20.92264152349571,0 77.76583381994072,20.92260224908227,0 77.76544331214828,20.92256450771759,0 77.76519374843434,20.92258670852154,0 77.76402911776894,20.9229030696199,0 77.76388650993241,20.92307512537564,0 77.76364883020476,20.92354689014377,0 77.76328042662699,20.92384104860029,0 77.76307839885853,20.92414630676567,0 77.7629417330151,20.92427395999584,0 77.76266840132836,20.9243516619088,0 77.76182463829532,20.92470132001845,0 77.76155866422258,20.92472275911386,0 77.76134333684689,20.92471797038437,0 77.76118884502392,20.92469576989625,0 77.76092348926441,20.92473114385517,0 77.76072536955519,20.92474017086929,0 77.76045203786829,20.92470687014071,0 77.75983407057652,20.92449041522457,0 77.75967363676045,20.92444601417761,0 77.75953102892382,20.92434056163791,0 77.75936468084365,20.92405740455179,0 77.75921850781117,20.92408071516367,0 77.75905450879905,20.92417728765972,0 77.75871581518726,20.9243005007539,0 77.75835382896204,20.92435045197944,0 77.75813516361265,20.92431493110964,0 77.75774536885945,20.92428385034172,0 77.75707035843288,20.9243815327335,0 77.75686120027267,20.92444369422253,0 77.75615506680126,20.9245351464411,0 77.75594261114149,20.92344883295566,0 77.75573661479031,20.92249593832822,0 77.75613737835289,20.92242943795561,0 77.75716035190059,20.92225893551828,0 77.75783165319631,20.92205158885824,0 
						</coordinates>
					</LinearRing>
				</outerBoundaryIs>
			</Polygon>
		</Placemark>
	</Document>
	<Document>
		<name>Ward B8.kml</name>
		<StyleMap id="m_ylw-pushpin24">
			<Pair>
				<key>normal</key>
				<styleUrl>#s_ylw-pushpin24</styleUrl>
			</Pair>
			<Pair>
				<key>highlight</key>
				<styleUrl>#s_ylw-pushpin_hl24</styleUrl>
			</Pair>
		</StyleMap>
		<Style id="s_ylw-pushpin24">
			<IconStyle>
				<scale>1.1</scale>
				<Icon>
					<href>https://maps.google.com/mapfiles/kml/pushpin/ylw-pushpin.png</href>
				</Icon>
				<hotSpot x="20" y="2" xunits="pixels" yunits="pixels"/>
			</IconStyle>
			<LineStyle>
				<color>ffffff55</color>
				<width>3</width>
			</LineStyle>
			<PolyStyle>
				<fill>0</fill>
			</PolyStyle>
		</Style>
		<Style id="s_ylw-pushpin_hl24">
			<IconStyle>
				<scale>1.3</scale>
				<Icon>
					<href>https://maps.google.com/mapfiles/kml/pushpin/ylw-pushpin.png</href>
				</Icon>
				<hotSpot x="20" y="2" xunits="pixels" yunits="pixels"/>
			</IconStyle>
			<LineStyle>
				<color>ffffff55</color>
				<width>3</width>
			</LineStyle>
			<PolyStyle>
				<fill>0</fill>
			</PolyStyle>
		</Style>
		<Placemark>
			<name>Ward B8.kml</name>
			<styleUrl>#m_ylw-pushpin24</styleUrl>
			<Polygon>
				<tessellate>1</tessellate>
				<outerBoundaryIs>
					<LinearRing>
						<coordinates>
							77.75650575014835,20.92448972938119,0 77.75686120027274,20.92444369422256,0 77.7569877195054,20.92440609290099,0 77.75707035843293,20.92438153273348,0 77.75718935708251,20.9243643121558,0 77.75735452998937,20.92434040958794,0 77.7575603218643,20.9243106289465,0 77.75774536885946,20.92428385034187,0 77.75786245941183,20.92429318670282,0 77.75802173255225,20.92430588654411,0 77.75813516361268,20.92431493110968,0 77.75835382896209,20.92435045197943,0 77.75858849574834,20.9243180698278,0 77.75871581518733,20.9243005007539,0 77.75890956135966,20.92423001799209,0 77.75905450879907,20.92417728765973,0 77.7591244877203,20.92413607986389,0 77.75921850781117,20.92408071516376,0 77.75936468084366,20.92405740455183,0 77.75941232909149,20.9241385112777,0 77.75946779569252,20.92423292632876,0 77.75953102892385,20.92434056163795,0 77.75967363676048,20.92444601417766,0 77.75973462509553,20.92446289307667,0 77.75983407057655,20.92449041522461,0 77.75991588213105,20.92451907131137,0 77.76004611759832,20.92456468880294,0 77.76019979544959,20.92461851742533,0 77.76032286796612,20.92466162592689,0 77.76045203786829,20.92470687014079,0 77.7605907057027,20.92472376441381,0 77.76072536955525,20.92474017086932,0 77.76092348926441,20.92473114385526,0 77.76101548934695,20.92471887953918,0 77.76118884502394,20.92469576989628,0 77.76121033868164,20.92469885853701,0 77.76134333684691,20.92471797038447,0 77.76140897098453,20.92471943004159,0 77.76155866422258,20.92472275911389,0 77.7616888234317,20.92471226750638,0 77.76182463829538,20.92470132001852,0 77.76210926167383,20.92458337126793,0 77.76231994894992,20.92449606179204,0 77.76240434972746,20.92446108582773,0 77.76250801513967,20.92441812652317,0 77.76266840132837,20.9243516619088,0 77.76282986126475,20.92430576256678,0 77.76294173301514,20.92427395999583,0 77.76307839885855,20.92414630676565,0 77.76312111157266,20.92408176913128,0 77.76318600592636,20.92398371564911,0 77.76328042662702,20.92384104860029,0 77.76337652318864,20.92376431862969,0 77.76353428386706,20.92363835178732,0 77.76364883020476,20.92354689014384,0 77.76367557385522,20.92349380739027,0 77.76378761325097,20.92327142319781,0 77.76388650993246,20.92307512537568,0 77.76397064863851,20.9229736124042,0 77.76402911776897,20.92290306961998,0 77.76419136902656,20.92285899561361,0 77.76435133977658,20.92281554107263,0 77.76449238685046,20.92277722695878,0 77.76475804507308,20.9227050633693,0 77.76490297751036,20.92266569380385,0 77.76506065617551,20.92262286183082,0 77.76519374843434,20.92258670852148,0 77.76544331214831,20.92256450771762,0 77.76559494781749,20.922579162835,0 77.76583381994078,20.92260224908232,0 77.76585359808004,20.92264152349575,0 77.76651228876155,20.92265841761871,0 77.76684177510123,20.9226668682958,0 77.76738481163267,20.92255619215709,0 77.76741016319383,20.92255102525979,0 77.76755254924491,20.92253084564617,0 77.76761368920772,20.92252218060551,0 77.76764915791254,20.92251715381472,0 77.76769662688214,20.92250938079318,0 77.76773114976911,20.92250372768646,0 77.7678133934274,20.92249026032449,0 77.76794478408877,20.92246874967103,0 77.76807191880077,20.92244801518949,0 77.7682069541264,20.92242599218875,0 77.76825238906162,20.92241858217434,0 77.76828782009731,20.92241165344241,0 77.76834978684542,20.92239953550652,0 77.76847937580987,20.92237419367387,0 77.76853281673215,20.9223637430072,0 77.76854188297011,20.92236197005433,0 77.7686519316737,20.92233260071983,0 77.76871364768155,20.9223161302089,0 77.768786915821,20.92229657671104,0 77.76888128962132,20.92227139061785,0 77.76897040743187,20.92223226986436,0 77.76908307971019,20.92218280920418,0 77.7691172134511,20.9221603847017,0 77.76918298833546,20.92211717322376,0 77.76918818184275,20.92211376129595,0 77.76921787144565,20.9220942564055,0 77.76926834885914,20.92206109474272,0 77.76929699146518,20.92204227768103,0 77.7693543767523,20.92200886546939,0 77.76937644639547,20.92199601556057,0 77.76942997962739,20.92196484617368,0 77.76949758879503,20.9219254811527,0 77.76954479098893,20.92189799796018,0 77.76954915243131,20.92189545853637,0 77.76956580723733,20.92188576137472,0 77.76957169446864,20.92188267723725,0 77.76961921324501,20.92185778362544,0 77.76970031621713,20.92181529628642,0 77.76978790145741,20.92176941307391,0 77.76987658875991,20.92172295251066,0 77.76997010045416,20.92167396458056,0 77.76998652766062,20.92166367352269,0 77.77006437645205,20.92161490402618,0 77.77017672331513,20.92154452268793,0 77.77027975797681,20.92147997508558,0 77.7704148084224,20.92139390328757,0 77.77051272327272,20.92133095970387,0 77.77052789180412,20.92132225034126,0 77.77055330628247,20.92148010655367,0 77.77059649001131,20.92181186817644,0 77.77063472384026,20.92210560127857,0 77.77067170726447,20.9223940792939,0 77.77069032937003,20.92253933518621,0 77.77070950314656,20.92268889406805,0 77.77074534133415,20.92284701055536,0 77.77077652882969,20.92298460826089,0 77.77079934608358,20.92325101694387,0 77.77081503294552,20.92347479987187,0 77.77083749714066,20.92359739909957,0 77.77084638047843,20.92359619469439,0 77.7708566031056,20.92359480870797,0 77.77093363750828,20.92399813241273,0 77.77099602030981,20.92435666933621,0 77.77101677064081,20.9244827921045,0 77.77105069351437,20.9246941988382,0 77.77107900987983,20.92489181832778,0 77.77110808616804,20.92511679085236,0 77.77111561771999,20.92519370493913,0 77.77141850177405,20.92523308267672,0 77.7713614586394,20.92558273872971,0 77.7713453057936,20.92584215629189,0 77.771329778956,20.92597135688072,0 77.77130798070067,20.92623875788489,0 77.77130638281288,20.92660362945472,0 77.7709872570337,20.926566532196,0 77.77077001099032,20.92659552023177,0 77.77041729427451,20.92664258466604,0 77.76992245185401,20.92670861348973,0 77.76941602680779,20.92683688293498,0 77.76906891845195,20.92692479992179,0 77.76843856240556,20.92708445887995,0 77.76818207841698,20.92713965281544,0 77.76789109190258,20.92720227147889,0 77.76778304303912,20.92722552298095,0 77.76760089990751,20.92726471914031,0 77.76727341881842,20.9273351911707,0 77.76703371269832,20.92738677451597,0 77.76687484696551,20.92742096147637,0 77.76682782167029,20.92743108103846,0 77.76595988742937,20.92761785517155,0 77.76501247515505,20.92782173222493,0 77.76428115114791,20.92798712633842,0 77.76305919858387,20.92828526491964,0 77.76295670192231,20.92831027258117,0 77.76156014597316,20.92865101105498,0 77.76053656773436,20.92890074813127,0 77.76033546629182,20.92894981368809,0 77.76024235731518,20.92892854777492,0 77.75996101746216,20.92886429026912,0 77.75975107150087,20.92881633897898,0 77.75957489116341,20.92877609968662,0 77.75932257859579,20.92873540228884,0 77.7591504773479,20.92870764277383,0 77.75884504223997,20.92865837681718,0 77.75851794095894,20.92860561614012,0 77.75839124611984,20.92858518055175,0 77.75826765266157,20.92862514039092,0 77.7581915951488,20.92867842015974,0 77.75783553068338,20.9284418559217,0 77.75744573593018,20.92832641621647,0 77.7573057927971,20.92831220859799,0 77.75709243026184,20.92733956788016,0 77.75689018848075,20.92651350298421,0 77.7566453309354,20.92547028279357,0 77.75650575014835,20.92448972938119,0 
						</coordinates>
					</LinearRing>
				</outerBoundaryIs>
			</Polygon>
		</Placemark>
	</Document>
	<Document>
		<name>Ward B9.kml</name>
		<StyleMap id="m_ylw-pushpin25">
			<Pair>
				<key>normal</key>
				<styleUrl>#s_ylw-pushpin25</styleUrl>
			</Pair>
			<Pair>
				<key>highlight</key>
				<styleUrl>#s_ylw-pushpin_hl25</styleUrl>
			</Pair>
		</StyleMap>
		<Style id="s_ylw-pushpin25">
			<IconStyle>
				<scale>1.1</scale>
				<Icon>
					<href>https://maps.google.com/mapfiles/kml/pushpin/ylw-pushpin.png</href>
				</Icon>
				<hotSpot x="20" y="2" xunits="pixels" yunits="pixels"/>
			</IconStyle>
			<LineStyle>
				<color>ffffff55</color>
				<width>3</width>
			</LineStyle>
			<PolyStyle>
				<fill>0</fill>
			</PolyStyle>
		</Style>
		<Style id="s_ylw-pushpin_hl25">
			<IconStyle>
				<scale>1.3</scale>
				<Icon>
					<href>https://maps.google.com/mapfiles/kml/pushpin/ylw-pushpin.png</href>
				</Icon>
				<hotSpot x="20" y="2" xunits="pixels" yunits="pixels"/>
			</IconStyle>
			<LineStyle>
				<color>ffffff55</color>
				<width>3</width>
			</LineStyle>
			<PolyStyle>
				<fill>0</fill>
			</PolyStyle>
		</Style>
		<Placemark>
			<name>Ward B9.kml</name>
			<styleUrl>#m_ylw-pushpin25</styleUrl>
			<Polygon>
				<tessellate>1</tessellate>
				<outerBoundaryIs>
					<LinearRing>
						<coordinates>
							77.74567028989486,20.92396988310429,0 77.74574125528397,20.92397081627144,0 77.7457678622136,20.92397116614217,0 77.74594569698309,20.92396435268819,0 77.74611839632701,20.92394998466995,0 77.74672078745243,20.92389986770689,0 77.74689179735839,20.92388564024429,0 77.74691554114543,20.92388366483925,0 77.74730298133079,20.92385143108845,0 77.74733478461008,20.92385490322232,0 77.74785202150144,20.92391137273671,0 77.74788395425333,20.92392493044258,0 77.74808732443182,20.92401127543064,0 77.74832975775394,20.92401127543064,0 77.74820854109288,20.92370490695856,0 77.74830741585959,20.92045136834525,0 77.75159452649251,20.92021973649594,0 77.75370232164852,20.91861081743377,0 77.75378390619903,20.91874819086621,0 77.75460390125932,20.91817650447661,0 77.75484752297996,20.9192366202293,0 77.75506440573156,20.92002222036876,0 77.75525521219004,20.91999122411357,0 77.75525691277494,20.92001674713799,0 77.75530959312641,20.92012688201538,0 77.75521709377296,20.9200927194052,0 77.75493544329578,20.92016265307973,0 77.75474648791237,20.92034914271909,0 77.75451118498199,20.92052231146209,0 77.75417312470108,20.92098142786796,0 77.75412792642112,20.92154888718375,0 77.75384271074796,20.92260342888392,0 77.75362879899319,20.92314734749203,0 77.75342677122478,20.92384666851569,0 77.75334885803085,20.92455117956985,0 77.75347893059956,20.9254109791695,0 77.75293159166574,20.92569662191914,0 77.75255153036704,20.92584783956823,0 77.75226696205522,20.92591182824265,0 77.75179610915791,20.92596460385801,0 77.75104053466089,20.92619155188316,0 77.7496691226325,20.92676931274934,0 77.74966436903782,20.9268891936876,0 77.7498022232798,20.92712451525017,0 77.74981771979981,20.92749575359619,0 77.74977612584735,20.92833380408246,0 77.74945525821494,20.92835600403174,0 77.74946970183976,20.92844032117733,0 77.74802437891776,20.92869183622895,0 77.74794602386788,20.92831451058214,0 77.74796546110264,20.92822486481242,0 77.74798447548079,20.9281982248495,0 77.74795975678933,20.92813961691479,0 77.74790081221693,20.92815204890303,0 77.74783236045516,20.92791051295052,0 77.74738101500219,20.92800038259492,0 77.74678391164611,20.92768038983689,0 77.74659952071869,20.92774041916329,0 77.74644501140637,20.92781066849091,0 77.7461820944859,20.92784344601648,0 77.74596505880533,20.92787950748175,0 77.74579381997296,20.92789997824855,0 77.74565227091085,20.92791141272698,0 77.7454775438045,20.92801163514542,0 77.74528229966131,20.92826433916383,0 77.7447936301387,20.92836201896125,0 77.74462228796733,20.92838470155982,0 77.74426915191765,20.92839603635798,0 77.74382960115832,20.92807963537274,0 77.74387652867142,20.92725359037945,0 77.74382253806067,20.92710633460848,0 77.74420788802968,20.92610953026576,0 77.74424554068383,20.92589691659708,0 77.74380345638826,20.92519094501296,0 77.74387951390139,20.92488679899719,0 77.74419325114349,20.92461595312028,0 77.74434061257534,20.92451383077753,0 77.74431675533026,20.92444304660216,0 77.74433054759197,20.92432149438679,0 77.74435455871594,20.92425151998862,0 77.7444695220712,20.92391648812622,0 77.74448469396054,20.92363497493676,0 77.74477941682267,20.92385698124184,0 77.74518822595428,20.92396354415183,0 77.7455711837822,20.92396857989769,0 77.74567028989486,20.92396988310429,0 
						</coordinates>
					</LinearRing>
				</outerBoundaryIs>
			</Polygon>
		</Placemark>
	</Document>
	<Document>
		<name>Ward B10.kml</name>
		<StyleMap id="m_ylw-pushpin26">
			<Pair>
				<key>normal</key>
				<styleUrl>#s_ylw-pushpin26</styleUrl>
			</Pair>
			<Pair>
				<key>highlight</key>
				<styleUrl>#s_ylw-pushpin_hl26</styleUrl>
			</Pair>
		</StyleMap>
		<Style id="s_ylw-pushpin26">
			<IconStyle>
				<scale>1.1</scale>
				<Icon>
					<href>https://maps.google.com/mapfiles/kml/pushpin/ylw-pushpin.png</href>
				</Icon>
				<hotSpot x="20" y="2" xunits="pixels" yunits="pixels"/>
			</IconStyle>
			<LineStyle>
				<color>ffffff55</color>
				<width>3</width>
			</LineStyle>
			<PolyStyle>
				<fill>0</fill>
			</PolyStyle>
		</Style>
		<Style id="s_ylw-pushpin_hl26">
			<IconStyle>
				<scale>1.3</scale>
				<Icon>
					<href>https://maps.google.com/mapfiles/kml/pushpin/ylw-pushpin.png</href>
				</Icon>
				<hotSpot x="20" y="2" xunits="pixels" yunits="pixels"/>
			</IconStyle>
			<LineStyle>
				<color>ffffff55</color>
				<width>3</width>
			</LineStyle>
			<PolyStyle>
				<fill>0</fill>
			</PolyStyle>
		</Style>
		<Placemark>
			<name>Ward B10.kml</name>
			<styleUrl>#m_ylw-pushpin26</styleUrl>
			<Polygon>
				<tessellate>1</tessellate>
				<outerBoundaryIs>
					<LinearRing>
						<coordinates>
							77.74381798946861,20.92058085122282,0 77.7438465110359,20.92045430490291,0 77.7445836651689,20.92009440665514,0 77.7447963553609,20.92008202836232,0 77.74513031213606,20.92009755726769,0 77.74534316538941,20.92009413311439,0 77.74551998456948,20.92003157215933,0 77.74567809013448,20.91981404981889,0 77.74573743928269,20.91958318727709,0 77.74560465128452,20.9192718132667,0 77.74548415318353,20.91912726655821,0 77.74547509252957,20.91905673800011,0 77.74546938821619,20.91897681320824,0 77.74547461717012,20.91886935869864,0 77.74555186308173,20.91876112706411,0 77.74563207998963,20.91868064708017,0 77.74575389085001,20.91861126774898,0 77.74588758569686,20.91855021391097,0 77.74609555545847,20.91846418346055,0 77.74636591614873,20.91836982742596,0 77.74649961099539,20.91833652528191,0 77.74653869304441,20.91834287417958,0 77.74653897412452,20.91833970971127,0 77.74676528373716,20.91835801788165,0 77.74703827936483,20.91836543326915,0 77.74707286774107,20.91836637279419,0 77.74709483276862,20.91836150427887,0 77.74734721955515,20.91833907735132,0 77.74757063849907,20.91815147513819,0 77.74757674876372,20.91810883601489,0 77.74768809579206,20.91781532967848,0 77.74772926910343,20.91771740833093,0 77.74778508564577,20.91758466129022,0 77.74784338392494,20.91744654953174,0 77.7478667180313,20.91720745380386,0 77.74786671803132,20.91708788270862,0 77.7478667180313,20.91706959039529,0 77.7478667180313,20.9169943183015,0 77.74790739533829,20.91678744769213,0 77.74790832808173,20.91678476665227,0 77.74796836280795,20.91661220516998,0 77.74800253627448,20.91652930674839,0 77.74803530288308,20.9164525637293,0 77.74807084694618,20.91636617856091,0 77.74807957639565,20.91634887020728,0 77.7481431920347,20.91622273596338,0 77.74818182570206,20.91614613480395,0 77.74824793291033,20.91555915179181,0 77.74771816820167,20.91554121453563,0 77.74757672745402,20.91552635093496,0 77.74724280874638,20.91549126037422,0 77.74721635018778,20.91525009837857,0 77.74723989772581,20.91486088227492,0 77.74732624075259,20.91463043856204,0 77.74742454366769,20.91453470497402,0 77.74781230117112,20.91435946487796,0 77.74799320049102,20.91435051555527,0 77.74815906409637,20.9143423100681,0 77.7487192553501,20.91405858165633,0 77.74900876912253,20.91375950582255,0 77.74910589674596,20.91367656744627,0 77.7491605154603,20.91368034767685,0 77.74917671660747,20.91361609353634,0 77.7493371504235,20.91280349334399,0 77.7494227151255,20.91266028875515,0 77.74971862638638,20.91243715575131,0 77.74981132148008,20.91237054882015,0 77.7500501896064,20.91228395976552,0 77.75029618812449,20.91220403136275,0 77.75047088272426,20.91214408503296,0 77.75075966359333,20.9120574958475,0 77.75088801064615,20.91199754945893,0 77.75100922730749,20.91186433517636,0 77.75115183514389,20.91168782606978,0 77.75128018219685,20.91150465602265,0 77.75141083426026,20.9113645994306,0 77.75200398213882,20.91089388015904,0 77.75210707572063,20.91112663654282,0 77.75222116198995,20.91148187611402,0 77.75241605936644,20.91224563834241,0 77.75251588485226,20.91277849340718,0 77.75261571033774,20.91348896388127,0 77.75269652144524,20.91422163303172,0 77.75289141882169,20.91596670331599,0 77.75295202715229,20.91637817579232,0 77.75304115705026,20.91688881452555,0 77.7533323147166,20.91798779198578,0 77.75370232164852,20.91861081743382,0 77.75159452649257,20.92021973649596,0 77.7483074158596,20.9204513683453,0 77.74820854109292,20.92370490695857,0 77.74832975775395,20.9240112754306,0 77.74808732443181,20.92401127543059,0 77.74788395425377,20.92392493044282,0 77.74785202150147,20.92391137273674,0 77.74781828689028,20.92390768974896,0 77.7473029813308,20.92385143108852,0 77.74719871658503,20.92386010557293,0 77.7468917973586,20.92388564024436,0 77.74668356759094,20.92390296427708,0 77.74627239131304,20.92393717279293,0 77.74597306734833,20.92396207556366,0 77.745741255284,20.92397081627146,0 77.74518822595428,20.92396354415189,0 77.74477941682272,20.92385698124192,0 77.74448469396062,20.92363497493678,0 77.74446952207124,20.92391648812627,0 77.7443545587161,20.92425151998859,0 77.744330547592,20.92432149438685,0 77.74428903107561,20.9242666694241,0 77.74415593042808,20.92412902592999,0 77.74408700330696,20.92405798407693,0 77.74399668501053,20.92393588081356,0 77.74395152586229,20.92387371911397,0 77.74387784514671,20.92382931788405,0 77.74374712129647,20.92377381632842,0 77.74360926705451,20.92375605582611,0 77.74345239843436,20.92377159626587,0 77.7432834477612,20.92379953205177,0 77.74320323085321,20.92380508220734,0 77.74312301394508,20.92378565666207,0 77.74308736198599,20.92371905477321,0 77.7430754779996,20.92364412761302,0 77.74310815896203,20.92353589942657,0 77.74316757889397,20.92339992031219,0 77.74323591181565,20.92329724212375,0 77.74328047676455,20.92321121439793,0 77.74338743264197,20.92305303425747,0 77.74342902659443,20.9229697814848,0 77.74347062054676,20.92291150451654,0 77.74351221449903,20.92284490223938,0 77.74356569243767,20.92276442444803,0 77.74355677944784,20.9226950470072,0 77.74348547552958,20.92262011933515,0 77.74339040363856,20.92255351692812,0 77.74328047676457,20.92249246469594,0 77.74310518796538,20.9224841393898,0 77.74298634810171,20.9224563883654,0 77.74290018920044,20.9224563883654,0 77.74281105930247,20.92246471367308,0 77.74276055236044,20.92245361326276,0 77.74274272638094,20.92242031202595,0 77.74275461036719,20.92234260911158,0 77.74278051745756,20.92224925455693,0 77.74288034294321,20.92204278648845,0 77.7429195600982,20.92192623180834,0 77.74299442921254,20.92182632772452,0 77.74305503754294,20.92176305510369,0 77.74314060224495,20.92168979203561,0 77.74326538410183,20.92159987822136,0 77.74349355664043,20.92135011734326,0 77.74366468604431,20.92110701635528,0 77.74373598996253,20.9209571593855,0 77.74376094633398,20.92084060386095,0 77.74381798946861,20.92058085122282,0 
						</coordinates>
					</LinearRing>
				</outerBoundaryIs>
			</Polygon>
		</Placemark>
	</Document>
	<Document>
		<name>Ward B12.kml</name>
		<StyleMap id="m_ylw-pushpin27">
			<Pair>
				<key>normal</key>
				<styleUrl>#s_ylw-pushpin27</styleUrl>
			</Pair>
			<Pair>
				<key>highlight</key>
				<styleUrl>#s_ylw-pushpin_hl27</styleUrl>
			</Pair>
		</StyleMap>
		<Style id="s_ylw-pushpin27">
			<IconStyle>
				<scale>1.1</scale>
				<Icon>
					<href>https://maps.google.com/mapfiles/kml/pushpin/ylw-pushpin.png</href>
				</Icon>
				<hotSpot x="20" y="2" xunits="pixels" yunits="pixels"/>
			</IconStyle>
			<LineStyle>
				<color>ffffff55</color>
				<width>3</width>
			</LineStyle>
			<PolyStyle>
				<fill>0</fill>
			</PolyStyle>
		</Style>
		<Style id="s_ylw-pushpin_hl27">
			<IconStyle>
				<scale>1.3</scale>
				<Icon>
					<href>https://maps.google.com/mapfiles/kml/pushpin/ylw-pushpin.png</href>
				</Icon>
				<hotSpot x="20" y="2" xunits="pixels" yunits="pixels"/>
			</IconStyle>
			<LineStyle>
				<color>ffffff55</color>
				<width>3</width>
			</LineStyle>
			<PolyStyle>
				<fill>0</fill>
			</PolyStyle>
		</Style>
		<Placemark>
			<name>Ward B12.kml</name>
			<styleUrl>#m_ylw-pushpin27</styleUrl>
			<Polygon>
				<tessellate>1</tessellate>
				<outerBoundaryIs>
					<LinearRing>
						<coordinates>
							77.76726755535735,20.92171183238459,0 77.76733719551743,20.92137126970276,0 77.76759161324286,20.92085279652185,0 77.76724954391595,20.92001769018223,0 77.76670284218906,20.91865631658722,0 77.76498015772697,20.9193473592082,0 77.76360241153678,20.91983744483228,0 77.76264463335559,20.92018345240709,0 77.76247235972518,20.92021769955523,0 77.7611364297297,20.91932373737394,0 77.76175948574881,20.91871542407476,0 77.7617871547836,20.91867926456409,0 77.76176985175972,20.91857905672618,0 77.7618880404664,20.91854742118741,0 77.76265309667589,20.9183920037119,0 77.76318642293667,20.9182982088049,0 77.76411693907055,20.91813391807724,0 77.7641322168585,20.91818731867582,0 77.76419737053145,20.91817725927803,0 77.76520209557722,20.9179503396273,0 77.76517773340515,20.91778160821578,0 77.76514148724667,20.91752462547067,0 77.76512128446976,20.91732758656644,0 77.76510364888122,20.91718631510902,0 77.76539045676139,20.91713332260455,0 77.76562635389114,20.91710723571053,0 77.76562164601854,20.91707361463526,0 77.76587335048447,20.91702694800744,0 77.76621408353915,20.916963775237,0 77.76625323417289,20.91693794830898,0 77.7666073769671,20.91685691230487,0 77.76697280954845,20.91677476617381,0 77.76734061892702,20.91668262924344,0 77.76782845656814,20.91655052920844,0 77.76832636942152,20.91647425906755,0 77.76880888544477,20.91642619965742,0 77.7690388405813,20.91640566306977,0 77.76921412938053,20.91639955759731,0 77.7694500265102,20.91636736510171,0 77.76958761988472,20.9163337861497,0 77.76964789488356,20.91631907634536,0 77.76968117004537,20.91643064000017,0 77.76966869185968,20.91645839214027,0 77.76969721342698,20.91655052920844,0 77.76979703891261,20.91689743031247,0 77.76989421268139,20.91723745120213,0 77.76994440034376,20.91741306262988,0 77.76997576552871,20.91740020734315,0 77.77000263187703,20.91738919594178,0 77.7700148402791,20.91742198069516,0 77.77007928358928,20.91761676188354,0 77.77017435548032,20.91792314280077,0 77.77023436961161,20.91811463055603,0 77.77032409370875,20.91838770832299,0 77.77035796306996,20.91853812289689,0 77.77039955702234,20.91871684407624,0 77.77061168617928,20.91943006156735,0 77.77048676579425,20.91947214505977,0 77.77054930562869,20.91975237348477,0 77.77070633634486,20.91968945096058,0 77.77076195340108,20.91991190713456,0 77.77075054477419,20.92015034781657,0 77.77075553604845,20.92023160405175,0 77.77076979683218,20.9203448298798,0 77.77059088920311,20.92039747877963,0 77.7705913977608,20.92040466751147,0 77.77062178756772,20.92063336556384,0 77.77064852653707,20.92085093610391,0 77.77068596109415,20.92109292745598,0 77.77070141027644,20.9211789563976,0 77.77067348290845,20.921241119215,0 77.77061168617928,20.92127941593782,0 77.77059417292215,20.9212841935003,0 77.7705127232727,20.92133095970378,0 77.77032519396744,20.92145151102183,0 77.76997010045415,20.92167396458054,0 77.76956580723729,20.92188576137467,0 77.76929699146514,20.922042277681,0 77.76908307971016,20.92218280920419,0 77.76888128962128,20.92227139061779,0 77.76854188297007,20.92236197005436,0 77.76825238906162,20.9224185821743,0 77.76793793878174,20.92246986607642,0 77.76764915791249,20.92251715381474,0 77.76741016319383,20.92255102525976,0 77.76726755535735,20.92171183238459,0 
						</coordinates>
					</LinearRing>
				</outerBoundaryIs>
			</Polygon>
		</Placemark>
	</Document>
	<Document>
		<name>Ward C1.kml</name>
		<StyleMap id="m_ylw-pushpin28">
			<Pair>
				<key>normal</key>
				<styleUrl>#s_ylw-pushpin28</styleUrl>
			</Pair>
			<Pair>
				<key>highlight</key>
				<styleUrl>#s_ylw-pushpin_hl28</styleUrl>
			</Pair>
		</StyleMap>
		<Style id="s_ylw-pushpin28">
			<IconStyle>
				<scale>1.1</scale>
				<Icon>
					<href>https://maps.google.com/mapfiles/kml/pushpin/ylw-pushpin.png</href>
				</Icon>
				<hotSpot x="20" y="2" xunits="pixels" yunits="pixels"/>
			</IconStyle>
			<LineStyle>
				<color>ffffff55</color>
				<width>3</width>
			</LineStyle>
			<PolyStyle>
				<fill>0</fill>
			</PolyStyle>
		</Style>
		<Style id="s_ylw-pushpin_hl28">
			<IconStyle>
				<scale>1.3</scale>
				<Icon>
					<href>https://maps.google.com/mapfiles/kml/pushpin/ylw-pushpin.png</href>
				</Icon>
				<hotSpot x="20" y="2" xunits="pixels" yunits="pixels"/>
			</IconStyle>
			<LineStyle>
				<color>ffffff55</color>
				<width>3</width>
			</LineStyle>
			<PolyStyle>
				<fill>0</fill>
			</PolyStyle>
		</Style>
		<Placemark>
			<name>Ward C1.kml</name>
			<styleUrl>#m_ylw-pushpin28</styleUrl>
			<Polygon>
				<tessellate>1</tessellate>
				<outerBoundaryIs>
					<LinearRing>
						<coordinates>
							77.76965056801319,20.91632453762855,0 77.76979643243091,20.91628303597723,0 77.76982676436334,20.9163849909602,0 77.76988730413254,20.916368722987,0 77.76993397153693,20.91635429248481,0 77.77001915173744,20.91632795304603,0 77.77009536186901,20.91630438732986,0 77.77018399699404,20.91627697954938,0 77.77030723270136,20.91623390084729,0 77.77045574386793,20.91618198675157,0 77.7705637659388,20.91614422615789,0 77.77064319422779,20.916116460906,0 77.77085976392858,20.9160474333123,0 77.77119939459041,20.91593854032913,0 77.77135765948901,20.91588733856126,0 77.77149548620166,20.91583862434524,0 77.77156657996949,20.91581140840465,0 77.77167714280414,20.9157688388584,0 77.77196326937811,20.91565738975255,0 77.77270007653378,20.91673106633928,0 77.77315499553264,20.9174956898903,0 77.77355567962657,20.91814223205873,0 77.77382897369623,20.9185607545837,0 77.77435536321774,20.91923256778912,0 77.77490993351167,20.92004696002809,0 77.77493376022061,20.92008083609864,0 77.77566086708779,20.92152805283331,0 77.77593190019797,20.9225034261441,0 77.77615056227022,20.92295136776035,0 77.77659592481987,20.92362059348785,0 77.77703563231599,20.9239536028546,0 77.77868829868865,20.92576904590394,0 77.77831989511081,20.92621305186259,0 77.77664425303119,20.92635735351573,0 77.77520629067907,20.92653495535973,0 77.77512443104256,20.92667149120136,0 77.7750800758609,20.92665448436641,0 77.77482418157442,20.92666255238611,0 77.77447446858483,20.92667357838899,0 77.77351733165168,20.92675716025425,0 77.77322809183923,20.92672815470417,0 77.77321326177633,20.9267266675153,0 77.77217907690246,20.92667388237314,0 77.77133664307341,20.92657034740855,0 77.77127602996407,20.92656502245547,0 77.77127589393751,20.92656288134813,0 77.771329778956,20.92597135688075,0 77.77141850177412,20.92523308267675,0 77.77111561771905,20.92519370494522,0 77.77111142618116,20.92515089992531,0 77.77110808616803,20.92511679085236,0 77.77109394749425,20.92500302767802,0 77.77108456696224,20.92493319037387,0 77.77107222164842,20.9248412804576,0 77.77104377010916,20.92464689765086,0 77.77102793811154,20.92455066916191,0 77.77098929206639,20.92431577431834,0 77.77097433870576,20.92422488607572,0 77.77096535778863,20.92417029900324,0 77.77095265800345,20.92409771653914,0 77.77094426304963,20.92405376374104,0 77.7708566031056,20.92359480870794,0 77.77083840506921,20.92359767994672,0 77.77083749714063,20.92359739909948,0 77.77081503294552,20.92347479987199,0 77.77077652882981,20.92298460826103,0 77.77070950314656,20.92268889406806,0 77.77061580092112,20.92195799855621,0 77.77054144368896,20.92138939398283,0 77.77053087013009,20.92132609808436,0 77.77052789180406,20.92132225034122,0 77.77059417292215,20.9212841935003,0 77.77061168617928,20.92127941593782,0 77.77067348290845,20.921241119215,0 77.77069486606612,20.92119352299117,0 77.77070141027644,20.9211789563976,0 77.77069488326404,20.92114125427996,0 77.77068129503476,20.92106276427745,0 77.77066353327155,20.92094794544483,0 77.77065310159445,20.92088051105234,0 77.77064293585828,20.92080544570798,0 77.77062981635004,20.92069869446107,0 77.77062530337929,20.92066197315484,0 77.77061504995409,20.92058266177995,0 77.770592735818,20.9204147370486,0 77.77059088920311,20.92039747877963,0 77.77060701979512,20.92039273187317,0 77.77076979683218,20.9203448298798,0 77.77076017295603,20.92026841954844,0 77.77075553604845,20.92023160405175,0 77.77075225672606,20.92017821781148,0 77.77075090799403,20.9201427565165,0 77.7707541184656,20.92007565758833,0 77.77075921186703,20.91996920532307,0 77.77076195340108,20.91991190713456,0 77.77072920822297,20.91978093355733,0 77.77070633634486,20.91968945096058,0 77.77054930562869,20.91975237348477,0 77.77053417593338,20.91968458040983,0 77.77048676579425,20.91947214505977,0 77.7705060791077,20.91946563874311,0 77.77061168617928,20.91943006156735,0 77.77056514915751,20.91927359577678,0 77.77055620089007,20.91924351008248,0 77.77048530384941,20.91900514118936,0 77.77045286503825,20.91889607581226,0 77.77040307448337,20.91872867045897,0 77.7703938329214,20.91869224873258,0 77.77037221543533,20.91859936258177,0 77.77033548972027,20.91843831827615,0 77.77032409370875,20.91838770832299,0 77.77026772956124,20.91821616254179,0 77.77023749203406,20.91812413374321,0 77.7702119377073,20.9180430568585,0 77.77014004422541,20.91781257061409,0 77.77006414769735,20.91757101337138,0 77.7700230648818,20.9174468397347,0 77.77000263187703,20.91738919594178,0 77.76997657046181,20.91739987743451,0 77.76994440034376,20.91741306262988,0 77.76994108631999,20.91740146655025,0 77.76994019083746,20.9174017664156,0 77.76982166159455,20.91698368853231,0 77.76977765493083,20.91683006957422,0 77.76973774394625,20.91669137592158,0 77.76970186722153,20.91656114708124,0 77.76966869185968,20.91645839214027,0 77.7696751948057,20.91644392924766,0 77.76968117004537,20.91643064000017,0 77.76965056801319,20.91632453762855,0 
						</coordinates>
					</LinearRing>
				</outerBoundaryIs>
			</Polygon>
		</Placemark>
	</Document>
	<Document>
		<name>Ward C2.kml</name>
		<StyleMap id="m_ylw-pushpin29">
			<Pair>
				<key>normal</key>
				<styleUrl>#s_ylw-pushpin29</styleUrl>
			</Pair>
			<Pair>
				<key>highlight</key>
				<styleUrl>#s_ylw-pushpin_hl29</styleUrl>
			</Pair>
		</StyleMap>
		<Style id="s_ylw-pushpin29">
			<IconStyle>
				<scale>1.1</scale>
				<Icon>
					<href>https://maps.google.com/mapfiles/kml/pushpin/ylw-pushpin.png</href>
				</Icon>
				<hotSpot x="20" y="2" xunits="pixels" yunits="pixels"/>
			</IconStyle>
			<LineStyle>
				<color>ffffff55</color>
				<width>3</width>
			</LineStyle>
			<PolyStyle>
				<fill>0</fill>
			</PolyStyle>
		</Style>
		<Style id="s_ylw-pushpin_hl29">
			<IconStyle>
				<scale>1.3</scale>
				<Icon>
					<href>https://maps.google.com/mapfiles/kml/pushpin/ylw-pushpin.png</href>
				</Icon>
				<hotSpot x="20" y="2" xunits="pixels" yunits="pixels"/>
			</IconStyle>
			<LineStyle>
				<color>ffffff55</color>
				<width>3</width>
			</LineStyle>
			<PolyStyle>
				<fill>0</fill>
			</PolyStyle>
		</Style>
		<Placemark>
			<name>Ward C2.kml</name>
			<styleUrl>#m_ylw-pushpin29</styleUrl>
			<Polygon>
				<tessellate>1</tessellate>
				<outerBoundaryIs>
					<LinearRing>
						<coordinates>
							77.77703563231591,20.9239536028545,0 77.77659592481982,20.92362059348789,0 77.7761505622701,20.92295136776027,0 77.77593190019792,20.92250342614398,0 77.77566086708774,20.92152805283308,0 77.77493376022046,20.92008083609862,0 77.77490993351159,20.92004696002812,0 77.77435536321764,20.91923256778891,0 77.77382897369623,20.91856075458362,0 77.77355567962647,20.91814223205863,0 77.77315499553252,20.91749568989033,0 77.77270007653378,20.91673106633918,0 77.77229897893997,20.91614658722617,0 77.77196326937806,20.91565738975233,0 77.76810527994732,20.90967900801278,0 77.76854430221226,20.90950869713317,0 77.76899114010018,20.90932219400915,0 77.7695805858247,20.90906464169485,0 77.77035066814213,20.90884261348265,0 77.77101617137943,20.90864722838399,0 77.77145350207829,20.90832750676437,0 77.77156758834755,20.90820317039486,0 77.77200491904637,20.90820317039486,0 77.77228062753038,20.90820317039486,0 77.77270845104007,20.90809659628196,0 77.77302218828058,20.90804330919696,0 77.77385882092173,20.90815876452367,0 77.77405136113947,20.90821410671361,0 77.7741060078385,20.90822981391134,0 77.77419216408379,20.9082409174012,0 77.77428818532782,20.9082532922536,0 77.7744540322136,20.90820647279631,0 77.7746852689144,20.90814110591764,0 77.77470768784538,20.90813476844664,0 77.77534535126055,20.90795193717579,0 77.77893216404969,20.91160101103219,0 77.78319305221407,20.91687275362735,0 77.78373377359449,20.91804943638606,0 77.78417229269201,20.91923573047125,0 77.78513370719031,20.92220290466511,0 77.78597152823031,20.92416211767658,0 77.78658293805297,20.92539627972882,0 77.7861867779358,20.92534733430782,0 77.78465699123122,20.92546242013642,0 77.78321661012892,20.92554709056162,0 77.78239849017993,20.92548956876297,0 77.78150530479343,20.92548380380038,0 77.78027999005188,20.92560315892439,0 77.78026865525095,20.92560434029693,0 77.78023467153128,20.92531409395967,0 77.78018917309805,20.92519062829964,0 77.77997171664448,20.9249791978526,0 77.77959226354342,20.92480623529449,0 77.77812474323035,20.92435958276836,0 77.77713578958277,20.92406362681143,0 77.77703563231591,20.9239536028545,0 
						</coordinates>
					</LinearRing>
				</outerBoundaryIs>
			</Polygon>
		</Placemark>
	</Document>
	<Document>
		<name>Ward C3.kml</name>
		<StyleMap id="m_ylw-pushpin30">
			<Pair>
				<key>normal</key>
				<styleUrl>#s_ylw-pushpin30</styleUrl>
			</Pair>
			<Pair>
				<key>highlight</key>
				<styleUrl>#s_ylw-pushpin_hl30</styleUrl>
			</Pair>
		</StyleMap>
		<Style id="s_ylw-pushpin30">
			<IconStyle>
				<scale>1.1</scale>
				<Icon>
					<href>https://maps.google.com/mapfiles/kml/pushpin/ylw-pushpin.png</href>
				</Icon>
				<hotSpot x="20" y="2" xunits="pixels" yunits="pixels"/>
			</IconStyle>
			<LineStyle>
				<color>ffffff55</color>
				<width>3</width>
			</LineStyle>
			<PolyStyle>
				<fill>0</fill>
			</PolyStyle>
		</Style>
		<Style id="s_ylw-pushpin_hl30">
			<IconStyle>
				<scale>1.3</scale>
				<Icon>
					<href>https://maps.google.com/mapfiles/kml/pushpin/ylw-pushpin.png</href>
				</Icon>
				<hotSpot x="20" y="2" xunits="pixels" yunits="pixels"/>
			</IconStyle>
			<LineStyle>
				<color>ffffff55</color>
				<width>3</width>
			</LineStyle>
			<PolyStyle>
				<fill>0</fill>
			</PolyStyle>
		</Style>
		<Placemark>
			<name>Ward C3.kml</name>
			<styleUrl>#m_ylw-pushpin30</styleUrl>
			<Polygon>
				<tessellate>1</tessellate>
				<outerBoundaryIs>
					<LinearRing>
						<coordinates>
							77.78997892358998,20.92066032757363,0 77.78997576905853,20.91925306001882,0 77.790065352445,20.91735510360338,0 77.79185801700046,20.91696749994143,0 77.79544082234808,20.91688018988027,0 77.79604267106603,20.91798648288706,0 77.79622660431414,20.91837355266892,0 77.79634374103637,20.91868549202668,0 77.79612405248174,20.91909115935966,0 77.79589138891376,20.91952078342911,0 77.79580511290142,20.91968009547069,0 77.79565393810576,20.91995924484757,0 77.79625674211916,20.9229401156806,0 77.79967933019755,20.9233130878152,0 77.8001356752747,20.92022271925477,0 77.80702374400907,20.9207052030247,0 77.81119264643148,20.91561218852455,0 77.82662663576038,20.91691320064496,0 77.8248839650001,20.92135150800003,0 77.82380014500013,20.92598700200013,0 77.82218677500009,20.92983826000012,0 77.8220536740001,20.9349263520001,0 77.81984800700008,20.93514834100006,0 77.81447644500011,20.94025401100002,0 77.81281268700009,20.94183451300008,0 77.81093265765392,20.94459366685496,0 77.8106300683604,20.9450377458185,0 77.80894023921678,20.94473154433522,0 77.80876039055218,20.94464012649424,0 77.80647517919776,20.94427268286932,0 77.80417443943448,20.94356235836295,0 77.80307160549825,20.94331374398929,0 77.79807082402927,20.94301185455211,0 77.79685390382384,20.94269220624927,0 77.79588417053515,20.94201739092394,0 77.79470527908616,20.9414846398344,0 77.79257566872674,20.94102292069005,0 77.79257566872674,20.94037917527577,0 77.79179290999726,20.93861222844229,0 77.79111323131964,20.93694492115965,0 77.79053162306926,20.93491832699911,0 77.79003249564131,20.93283160881521,0 77.78912931267629,20.93038966764264,0 77.78907361509336,20.93028409276496,0 77.78879156978333,20.93028328320055,0 77.78796484995279,20.93000093082754,0 77.78659985965899,20.92947331975865,0 77.78552941552184,20.92902788705941,0 77.7851148103391,20.92889939038611,0 77.78509484524194,20.92889406241785,0 77.78512479288769,20.92855973203613,0 77.78506204543957,20.92810951703645,0 77.78512051465255,20.92805090906716,0 77.78529734836994,20.92795100906674,0 77.78536152189638,20.92791371304943,0 77.7854509812117,20.92790568054272,0 77.78575031178516,20.92788658867952,0 77.78575387698106,20.92750030788462,0 77.78652078102306,20.92761398756567,0 77.7878007789845,20.92778624370444,0 77.78658293805297,20.92539627972882,0 77.78665006825463,20.92540457363628,0 77.78895285002952,20.92493220718139,0 77.78940206471476,20.92482897503114,0 77.78956893161781,20.92448718954116,0 77.79036225656371,20.9236325195641,0 77.79078268677775,20.9235222238712,0 77.79028790723589,20.92197018601995,0 77.78997892358998,20.92066032757363,0 
						</coordinates>
					</LinearRing>
				</outerBoundaryIs>
			</Polygon>
		</Placemark>
	</Document>
	<Document>
		<name>Ward C4.kml</name>
		<StyleMap id="m_ylw-pushpin31">
			<Pair>
				<key>normal</key>
				<styleUrl>#s_ylw-pushpin31</styleUrl>
			</Pair>
			<Pair>
				<key>highlight</key>
				<styleUrl>#s_ylw-pushpin_hl31</styleUrl>
			</Pair>
		</StyleMap>
		<Style id="s_ylw-pushpin31">
			<IconStyle>
				<scale>1.1</scale>
				<Icon>
					<href>https://maps.google.com/mapfiles/kml/pushpin/ylw-pushpin.png</href>
				</Icon>
				<hotSpot x="20" y="2" xunits="pixels" yunits="pixels"/>
			</IconStyle>
			<LineStyle>
				<color>ffffff55</color>
				<width>3</width>
			</LineStyle>
			<PolyStyle>
				<fill>0</fill>
			</PolyStyle>
		</Style>
		<Style id="s_ylw-pushpin_hl31">
			<IconStyle>
				<scale>1.3</scale>
				<Icon>
					<href>https://maps.google.com/mapfiles/kml/pushpin/ylw-pushpin.png</href>
				</Icon>
				<hotSpot x="20" y="2" xunits="pixels" yunits="pixels"/>
			</IconStyle>
			<LineStyle>
				<color>ffffff55</color>
				<width>3</width>
			</LineStyle>
			<PolyStyle>
				<fill>0</fill>
			</PolyStyle>
		</Style>
		<Placemark>
			<name>Ward C4.kml</name>
			<styleUrl>#m_ylw-pushpin31</styleUrl>
			<Polygon>
				<tessellate>1</tessellate>
				<outerBoundaryIs>
					<LinearRing>
						<coordinates>
							77.77831989511076,20.92621305186248,0 77.77868829868868,20.92576904590395,0 77.77787857366505,20.9248795765162,0 77.77731797417313,20.92426375814901,0 77.77713578958277,20.92406362681143,0 77.77768127852785,20.92422687164899,0 77.77787726345824,20.92428552222029,0 77.77828903772155,20.92440958800861,0 77.77854065221614,20.92448616988234,0 77.77894169471391,20.92460823098865,0 77.77922827232088,20.92469545288935,0 77.77944228194391,20.92476058782201,0 77.77957602130105,20.92480129191399,0 77.77960638636868,20.92481267279323,0 77.77976747845422,20.92488610203086,0 77.77989970746999,20.92494637468447,0 77.77997171664448,20.9249791978526,0 77.78003207237057,20.92503788113653,0 77.780089509785,20.92509372690667,0 77.78013325935508,20.92513626409107,0 77.78018917309805,20.92519062829964,0 77.78023467153126,20.92531409395967,0 77.78026527853712,20.92557550071805,0 77.78026865525098,20.925604340297,0 77.78027999005188,20.9256031589245,0 77.78150530479343,20.9254838038005,0 77.78239849017994,20.92548956876297,0 77.78321661012899,20.92554709056171,0 77.7846569912313,20.9254624201365,0 77.7861867779358,20.92534733430782,0 77.78658293805297,20.92539627972882,0 77.7878007789845,20.92778624370444,0 77.78652078102314,20.92761398756567,0 77.78575387698113,20.92750030788471,0 77.78575031178516,20.92788658867964,0 77.7854509812117,20.92790568054272,0 77.78536152189638,20.92791371304943,0 77.78529734836994,20.92795100906674,0 77.78512051465255,20.92805090906716,0 77.78506204543957,20.92810951703645,0 77.78512479288769,20.92855973203613,0 77.78509484524194,20.92889406241785,0 77.7851148103391,20.92889939038611,0 77.78552941552184,20.92902788705941,0 77.78659985965908,20.92947331975876,0 77.78611371151892,20.92966054439014,0 77.785592717556,20.92997666855631,0 77.78522668592285,20.93038307953665,0 77.78486066399505,20.93089306967298,0 77.78452220806292,20.93115058448136,0 77.7841571320012,20.93122162297138,0 77.78384416907592,20.93120171327779,0 77.78354296758502,20.93118255180628,0 77.78272344788428,20.93098897179125,0 77.78240020345463,20.9309907477558,0 77.78051778001196,20.93124648643506,0 77.77760423456813,20.93162280666138,0 77.7768532252633,20.93166898105951,0 77.77497570196054,20.93137989266839,0 77.77257354102133,20.93105257617728,0 77.77193926035572,20.93103319515766,0 77.77119425559452,20.93071402775158,0 77.76953158437388,20.93029284786353,0 77.7685669094585,20.93006146752887,0 77.76857317349727,20.92905416520499,0 77.76857632290368,20.92854771552525,0 77.76857897437709,20.92812133612313,0 77.76858117024204,20.92776822150598,0 77.76848745431502,20.92731888155509,0 77.76843856240561,20.92708445888,0 77.76941602680785,20.92683688293506,0 77.77008402177061,20.92668705456611,0 77.7708706465972,20.9265820920083,0 77.77124659095564,20.92660067407999,0 77.77130638281285,20.92660362945483,0 77.77133664307334,20.92657034740855,0 77.77202132996904,20.92665449530892,0 77.77204100022128,20.92665691277887,0 77.77204505373884,20.92665741095534,0 77.77210757810138,20.92666509518609,0 77.77216261023638,20.92667185862337,0 77.77217907690243,20.92667388237302,0 77.77218127034016,20.92667399432692,0 77.7722040524903,20.92667515713575,0 77.77245567658034,20.92668724637188,0 77.77260472627813,20.92669560766203,0 77.77322809183924,20.92672815470406,0 77.7735173316517,20.92675716025418,0 77.77381802918974,20.92673090188365,0 77.77415964516162,20.92670031945747,0 77.77431416764531,20.92668757665203,0 77.7745081147377,20.92667251756889,0 77.77508007586083,20.92665448436632,0 77.77512443104244,20.92667149120136,0 77.77520629067899,20.9265349553596,0 77.77664425303114,20.92635735351559,0 77.77831989511076,20.92621305186248,0 
						</coordinates>
					</LinearRing>
				</outerBoundaryIs>
			</Polygon>
		</Placemark>
	</Document>
	<Document>
		<name>Ward C5.kml</name>
		<StyleMap id="m_ylw-pushpin32">
			<Pair>
				<key>normal</key>
				<styleUrl>#s_ylw-pushpin32</styleUrl>
			</Pair>
			<Pair>
				<key>highlight</key>
				<styleUrl>#s_ylw-pushpin_hl32</styleUrl>
			</Pair>
		</StyleMap>
		<Style id="s_ylw-pushpin32">
			<IconStyle>
				<scale>1.1</scale>
				<Icon>
					<href>https://maps.google.com/mapfiles/kml/pushpin/ylw-pushpin.png</href>
				</Icon>
				<hotSpot x="20" y="2" xunits="pixels" yunits="pixels"/>
			</IconStyle>
			<LineStyle>
				<color>ffffff55</color>
				<width>3</width>
			</LineStyle>
			<PolyStyle>
				<fill>0</fill>
			</PolyStyle>
		</Style>
		<Style id="s_ylw-pushpin_hl32">
			<IconStyle>
				<scale>1.3</scale>
				<Icon>
					<href>https://maps.google.com/mapfiles/kml/pushpin/ylw-pushpin.png</href>
				</Icon>
				<hotSpot x="20" y="2" xunits="pixels" yunits="pixels"/>
			</IconStyle>
			<LineStyle>
				<color>ffffff55</color>
				<width>3</width>
			</LineStyle>
			<PolyStyle>
				<fill>0</fill>
			</PolyStyle>
		</Style>
		<Placemark>
			<name>Ward C5.kml</name>
			<styleUrl>#m_ylw-pushpin32</styleUrl>
			<Polygon>
				<tessellate>1</tessellate>
				<outerBoundaryIs>
					<LinearRing>
						<coordinates>
							77.75155417325423,20.90653168486951,0 77.75175664823239,20.90646766077048,0 77.75157717513194,20.90577010089699,0 77.75249930816604,20.90547582610375,0 77.75244666063149,20.90529940333085,0 77.75251578553414,20.90527630340052,0 77.7527104926295,20.90521194822179,0 77.75287896406229,20.90515610323444,0 77.7530557773506,20.90509749306272,0 77.75323439520358,20.90503828468947,0 77.7534044328624,20.90498192046353,0 77.75350072170873,20.90495000254648,0 77.75354094420673,20.90493666955317,0 77.75369923279605,20.90488419988379,0 77.75379192788975,20.90485755577299,0 77.75385847821354,20.90485755577285,0 77.75386811226778,20.90485943074893,0 77.75388272342011,20.90486227436605,0 77.75391552134806,20.90486865748644,0 77.75396543409094,20.90486421680109,0 77.75409018925083,20.90481953941306,0 77.7542147327225,20.90477493782153,0 77.75439013337737,20.90471212319897,0 77.75454277350428,20.90465745957341,0 77.75465120504933,20.9046186279547,0 77.75469083261953,20.90460443648514,0 77.75473513793439,20.90459123483578,0 77.75480855171111,20.9045693597389,0 77.75488334170569,20.90454707456721,0 77.7550332893649,20.90450190763457,0 77.75509890144501,20.9044800226541,0 77.7557015972265,20.90596065866611,0 77.75631482524528,20.90776445901387,0 77.75711931148024,20.91018851135368,0 77.75744912240941,20.91149049620906,0 77.75821832641709,20.913075183903,0 77.75790487594938,20.91334173224609,0 77.7568805471894,20.9142653354129,0 77.75665237465093,20.91457616357726,0 77.75662385308364,20.91537543304084,0 77.7568151657709,20.91661740760687,0 77.7562494727224,20.91722352194636,0 77.75579652535998,20.91747078514387,0 77.75574317882663,20.91739274123707,0 77.75460793224077,20.91819404528442,0 77.75460390125932,20.91817650447664,0 77.75420178979742,20.91845684991328,0 77.75416943576182,20.91847940658721,0 77.75410313487629,20.91852563040676,0 77.75388869122155,20.91867513668042,0 77.75379109613199,20.91874317817874,0 77.75378390619906,20.9187481908663,0 77.75370232164852,20.91861081743388,0 77.75368485556736,20.91858140773746,0 77.75365450538162,20.91853030354427,0 77.75361676635332,20.91846675785977,0 77.75356838562557,20.91838529344258,0 77.75350679476607,20.91828158548255,0 77.75343030847107,20.91815279618108,0 77.75338416500236,20.91807509874277,0 77.7533323147166,20.91798779198579,0 77.75332628518123,20.917965033527,0 77.75331216013289,20.91791171857174,0 77.75329817224815,20.9178589213216,0 77.75328363011067,20.91780403202535,0 77.75326161395829,20.91772093202258,0 77.75323460953085,20.91761900370462,0 77.75317782941207,20.91740468669584,0 77.75314349373194,20.91727508624996,0 77.7531109467767,20.91715223726467,0 77.75306482902586,20.91697816492989,0 77.75301994880158,20.91676730940272,0 77.75300774613997,20.91669739854567,0 77.7529857985822,20.91657165765194,0 77.75296795003548,20.91646940053788,0 77.75295202715229,20.91637817579236,0 77.75294124499088,20.91630497533256,0 77.75292841892387,20.91621789868201,0 77.75291339038341,20.91611586929216,0 77.7528993246854,20.91602037661772,0 77.75288254365032,20.9158872373319,0 77.75286936407882,20.91576923078701,0 77.75285500923106,20.9156407010107,0 77.75284095085502,20.91551482566232,0 77.75282289104723,20.91535312229252,0 77.75281194468785,20.91525511102054,0 77.75280028804457,20.91515073995484,0 77.75278882551235,20.91504810684579,0 77.75277965445488,20.91493379939367,0 77.75275866965902,20.91477809732618,0 77.75275647252418,20.91475649853252,0 77.7527241283549,20.91443854089304,0 77.75271872959988,20.91437624431034,0 77.75268659522233,20.91413163770795,0 77.75268153167832,20.91408572946187,0 77.75267110500708,20.9139911967764,0 77.7526465068743,20.91376817928952,0 77.75262784166424,20.91359895206756,0 77.7526121852575,20.91346387550158,0 77.7525957247713,20.91334672437333,0 77.75258947621498,20.91330225267254,0 77.75257884812243,20.91322661127362,0 77.75256512839537,20.91312896628759,0 77.75254800461202,20.91300709412447,0 77.75253385746122,20.91290640696266,0 77.75251996139788,20.91280750675835,0 77.75249398495141,20.91266159483384,0 77.75246811548051,20.912523507139,0 77.75244502062131,20.91240022983455,0 77.75243787725728,20.91236209948129,0 77.75241605936641,20.91224563834251,0 77.75238851462009,20.91213769645407,0 77.75235108734205,20.91199102694242,0 77.75230097131907,20.91179463272375,0 77.75227368007603,20.91168768393851,0 77.7522176434733,20.91148511210962,0 77.75218932866359,20.91138275421588,0 77.75216623666068,20.91131085081403,0 77.75211665100007,20.91115645189102,0 77.75208488705228,20.91107654078538,0 77.75204021174888,20.9109756764951,0 77.75200398213885,20.91089388015909,0 77.75197738222511,20.91081236110231,0 77.75194172460911,20.9107030834141,0 77.75186698150397,20.91047402258897,0 77.75178010293759,20.91021124329118,0 77.75073540097927,20.90673999124589,0 77.75076388815994,20.90673428874805,0 77.75082963501784,20.90671743336235,0 77.75110544384056,20.90664672480482,0 77.75155417325423,20.90653168486951,0 
						</coordinates>
					</LinearRing>
				</outerBoundaryIs>
			</Polygon>
		</Placemark>
	</Document>
	<Document>
		<name>Ward C6.kml</name>
		<StyleMap id="m_ylw-pushpin33">
			<Pair>
				<key>normal</key>
				<styleUrl>#s_ylw-pushpin33</styleUrl>
			</Pair>
			<Pair>
				<key>highlight</key>
				<styleUrl>#s_ylw-pushpin_hl33</styleUrl>
			</Pair>
		</StyleMap>
		<Style id="s_ylw-pushpin33">
			<IconStyle>
				<scale>1.1</scale>
				<Icon>
					<href>https://maps.google.com/mapfiles/kml/pushpin/ylw-pushpin.png</href>
				</Icon>
				<hotSpot x="20" y="2" xunits="pixels" yunits="pixels"/>
			</IconStyle>
			<LineStyle>
				<color>ffffff55</color>
				<width>3</width>
			</LineStyle>
			<PolyStyle>
				<fill>0</fill>
			</PolyStyle>
		</Style>
		<Style id="s_ylw-pushpin_hl33">
			<IconStyle>
				<scale>1.3</scale>
				<Icon>
					<href>https://maps.google.com/mapfiles/kml/pushpin/ylw-pushpin.png</href>
				</Icon>
				<hotSpot x="20" y="2" xunits="pixels" yunits="pixels"/>
			</IconStyle>
			<LineStyle>
				<color>ffffff55</color>
				<width>3</width>
			</LineStyle>
			<PolyStyle>
				<fill>0</fill>
			</PolyStyle>
		</Style>
		<Placemark>
			<name>Ward C6.kml</name>
			<styleUrl>#m_ylw-pushpin33</styleUrl>
			<Polygon>
				<tessellate>1</tessellate>
				<outerBoundaryIs>
					<LinearRing>
						<coordinates>
							77.75510238884084,20.92001605006396,0 77.75506440573153,20.92002222036893,0 77.75505442824802,20.91998607967599,0 77.75504631413679,20.91995668853107,0 77.75504044135,20.9199354159666,0 77.75503210493864,20.91990521958972,0 77.75502610963296,20.91988350322636,0 77.75501941925837,20.9198592691614,0 77.75501022079906,20.9198259502341,0 77.75499833641479,20.91978290226007,0 77.75497583526513,20.91970139788581,0 77.75496603608767,20.91966590298179,0 77.75495217713917,20.91961570262734,0 77.75493571575532,20.91955607562091,0 77.75492652272662,20.91952277629721,0 77.7549119242492,20.9194698971448,0 77.75489780397116,20.91941875012603,0 77.75488700393497,20.91937962980476,0 77.75487262232721,20.91932753615608,0 77.75486364616809,20.91929502233597,0 77.75485320181234,20.91925719034321,0 77.75484752298001,20.91923662022931,0 77.75483743851913,20.91919273801926,0 77.75482589926871,20.91914252532246,0 77.75481123523544,20.91907871520451,0 77.75478669354857,20.91897192270079,0 77.75478034899089,20.91894431451277,0 77.75477090033419,20.91890319890421,0 77.75476094990437,20.9188598998295,0 77.75474531373351,20.9187918593535,0 77.75474076579974,20.91876781087663,0 77.75473936599789,20.9187659778963,0 77.75473188508371,20.91873184764847,0 77.75471388434829,20.91865509493632,0 77.75470909720252,20.91863426374469,0 77.75469994118302,20.91859442145785,0 77.75469627249348,20.91857845720533,0 77.75469051321014,20.91855339575861,0 77.7546829774199,20.91852060385953,0 77.75465655427526,20.91840562381059,0 77.75462633757239,20.91827413602258,0 77.75461272841183,20.91821491581069,0 77.7546079322407,20.9181940452844,0 77.75574317882655,20.91739274123707,0 77.75579652536003,20.91747078514386,0 77.75624947272227,20.91722352194636,0 77.7566563901069,20.91678752874761,0 77.75681516577083,20.91661740760703,0 77.75662385308362,20.91537543304083,0 77.75665237465093,20.91457616357726,0 77.75688054718945,20.91426533541314,0 77.75790487594936,20.91334173224608,0 77.76038220338987,20.91123507858149,0 77.76190335364653,20.90958557300597,0 77.76351006860519,20.90739192746972,0 77.76377683759767,20.9070257489725,0 77.76425311792312,20.903486419307,0 77.76543509116627,20.9053817344653,0 77.76554460707362,20.90563343540988,0 77.76697743331934,20.90793663074069,0 77.76500015783942,20.91149303468874,0 77.76226144974443,20.91479864064277,0 77.75948004616536,20.91814806995506,0 77.75947874114644,20.91814927190667,0 77.7582023103455,20.91947021742173,0 77.75782296992705,20.91987709384579,0 77.75770207599996,20.92000676313058,0 77.75748808431716,20.92010670575681,0 77.75713164465365,20.92027317710712,0 77.75704846044331,20.92028894243663,0 77.75692705117152,20.9203119522954,0 77.75649933698401,20.920393013976,0 77.75581965255718,20.92052182972461,0 77.75537123328408,20.92017461109527,0 77.75530959312638,20.92012688201551,0 77.75529185501348,20.92008979827618,0 77.75525691277494,20.92001674713808,0 77.75525521219011,20.91999122411366,0 77.75520116048924,20.92000000474121,0 77.75510238884084,20.92001605006396,0 
						</coordinates>
					</LinearRing>
				</outerBoundaryIs>
			</Polygon>
		</Placemark>
	</Document>
	<Document>
		<name>Ward C7.kml</name>
		<StyleMap id="m_ylw-pushpin34">
			<Pair>
				<key>normal</key>
				<styleUrl>#s_ylw-pushpin34</styleUrl>
			</Pair>
			<Pair>
				<key>highlight</key>
				<styleUrl>#s_ylw-pushpin_hl34</styleUrl>
			</Pair>
		</StyleMap>
		<Style id="s_ylw-pushpin34">
			<IconStyle>
				<scale>1.1</scale>
				<Icon>
					<href>https://maps.google.com/mapfiles/kml/pushpin/ylw-pushpin.png</href>
				</Icon>
				<hotSpot x="20" y="2" xunits="pixels" yunits="pixels"/>
			</IconStyle>
			<LineStyle>
				<color>ffffff55</color>
				<width>3</width>
			</LineStyle>
			<PolyStyle>
				<fill>0</fill>
			</PolyStyle>
		</Style>
		<Style id="s_ylw-pushpin_hl34">
			<IconStyle>
				<scale>1.3</scale>
				<Icon>
					<href>https://maps.google.com/mapfiles/kml/pushpin/ylw-pushpin.png</href>
				</Icon>
				<hotSpot x="20" y="2" xunits="pixels" yunits="pixels"/>
			</IconStyle>
			<LineStyle>
				<color>ffffff55</color>
				<width>3</width>
			</LineStyle>
			<PolyStyle>
				<fill>0</fill>
			</PolyStyle>
		</Style>
		<Placemark>
			<name>Ward C7.kml</name>
			<styleUrl>#m_ylw-pushpin34</styleUrl>
			<Polygon>
				<tessellate>1</tessellate>
				<outerBoundaryIs>
					<LinearRing>
						<coordinates>
							77.75509890144511,20.90448002265418,0 77.75511509093346,20.90446122406719,0 77.75511997489046,20.90440749533912,0 77.75513719402586,20.90421806635652,0 77.75515598997421,20.90401129046533,0 77.75519014057484,20.90363559595531,0 77.75521379682012,20.90337535045126,0 77.7571223532846,20.90337292797579,0 77.75712027751291,20.90318967803266,0 77.75716424826255,20.90274116313852,0 77.75717613224897,20.90241698817223,0 77.75716875520165,20.90216027735747,0 77.75716980319491,20.90215987883774,0 77.75717019516158,20.90214179549264,0 77.75769800424766,20.90194608503927,0 77.75889717590401,20.90150143386603,0 77.75889682526258,20.9015034613986,0 77.75912877945922,20.90141529854004,0 77.75922263652988,20.90135094099731,0 77.75944052223269,20.90120625997711,0 77.76074277864348,20.9003969557059,0 77.76089662675032,20.90066464367003,0 77.76083842382678,20.90156165347788,0 77.76259448315818,20.90082672852608,0 77.76425311792312,20.903486419307,0 77.76377683759767,20.9070257489725,0 77.76351006860519,20.90739192746972,0 77.76190335364653,20.90958557300597,0 77.76038220338987,20.91123507858149,0 77.75821832641702,20.913075183903,0 77.75744912240938,20.91149049620894,0 77.75711931148017,20.91018851135359,0 77.75631482524528,20.90776445901384,0 77.75570159722643,20.90596065866605,0 77.75509890144511,20.90448002265418,0 
						</coordinates>
					</LinearRing>
				</outerBoundaryIs>
			</Polygon>
		</Placemark>
	</Document>
	<Document>
		<name>Ward C8.kml</name>
		<StyleMap id="m_ylw-pushpin35">
			<Pair>
				<key>normal</key>
				<styleUrl>#s_ylw-pushpin35</styleUrl>
			</Pair>
			<Pair>
				<key>highlight</key>
				<styleUrl>#s_ylw-pushpin_hl35</styleUrl>
			</Pair>
		</StyleMap>
		<Style id="s_ylw-pushpin35">
			<IconStyle>
				<scale>1.1</scale>
				<Icon>
					<href>https://maps.google.com/mapfiles/kml/pushpin/ylw-pushpin.png</href>
				</Icon>
				<hotSpot x="20" y="2" xunits="pixels" yunits="pixels"/>
			</IconStyle>
			<LineStyle>
				<color>ffffff55</color>
				<width>3</width>
			</LineStyle>
			<PolyStyle>
				<fill>0</fill>
			</PolyStyle>
		</Style>
		<Style id="s_ylw-pushpin_hl35">
			<IconStyle>
				<scale>1.3</scale>
				<Icon>
					<href>https://maps.google.com/mapfiles/kml/pushpin/ylw-pushpin.png</href>
				</Icon>
				<hotSpot x="20" y="2" xunits="pixels" yunits="pixels"/>
			</IconStyle>
			<LineStyle>
				<color>ffffff55</color>
				<width>3</width>
			</LineStyle>
			<PolyStyle>
				<fill>0</fill>
			</PolyStyle>
		</Style>
		<Placemark>
			<name>Ward C8.kml</name>
			<styleUrl>#m_ylw-pushpin35</styleUrl>
			<Polygon>
				<tessellate>1</tessellate>
				<outerBoundaryIs>
					<LinearRing>
						<coordinates>
							77.75542289608407,20.88942937706357,0 77.75481703098868,20.88778653821453,0 77.75526168916892,20.88757145701115,0 77.7552872106006,20.88741794080583,0 77.75530778123458,20.88722007108898,0 77.75523586713165,20.8871791905887,0 77.75517241884469,20.88715260043152,0 77.75512394525208,20.88711953916344,0 77.75506665789877,20.88705849180133,0 77.75503750964484,20.88702579011239,0 77.75495305057883,20.8869310345987,0 77.75485762920131,20.88682398025562,0 77.75480041639734,20.8867563213043,0 77.75479944242051,20.88675516949451,0 77.75465454166397,20.88656516809376,0 77.75459161123682,20.88648265037281,0 77.75449877272365,20.88636519266549,0 77.75443416344503,20.88628345005099,0 77.75436343869825,20.88619397019411,0 77.75431142729386,20.88611985242649,0 77.75426435155111,20.88605276808912,0 77.75422596380002,20.88599806437674,0 77.75417352910928,20.88592334331598,0 77.75413786594125,20.88587252217411,0 77.75409407413305,20.88581011743965,0 77.75407100539523,20.88577724373611,0 77.75401772265539,20.88570131406729,0 77.75397209942224,20.88563629941861,0 77.75393549798721,20.8855841411166,0 77.75390928064181,20.88554678048781,0 77.75389283283755,20.88552334179036,0 77.75387565179027,20.8854991319955,0 77.75384516156559,20.88545616824387,0 77.7538169320819,20.88541639008968,0 77.75379660626179,20.88538774897809,0 77.75377274952193,20.88535413244084,0 77.75374653090432,20.8853171877725,0 77.75373250242833,20.8852974202356,0 77.75371255063139,20.88526930613781,0 77.75370470345993,20.88525571363847,0 77.75369643935112,20.8852413989387,0 77.75368113131377,20.88521488307424,0 77.75366639761917,20.8851893620551,0 77.75364623923321,20.88515284951393,0 77.75363569116499,20.88513374397406,0 77.75362315461939,20.88509834777231,0 77.75360638644955,20.88505100381475,0 77.753584358795,20.88499303748493,0 77.75353883132861,20.8848881785806,0 77.75349361632833,20.88478403923,0 77.75344575842475,20.88467953035732,0 77.75336919079223,20.88452219598099,0 77.75331067756758,20.88440249748444,0 77.75325461494582,20.88428781191196,0 77.75319365133285,20.88416310012007,0 77.75312190958128,20.88401633961765,0 77.75303350054497,20.88383000108702,0 77.75295462706309,20.88365855392478,0 77.75294766441195,20.8836434192115,0 77.75294211392705,20.88363135412282,0 77.75290868483735,20.8835740323507,0 77.75286366851078,20.88349684159309,0 77.75279505421939,20.8833791866671,0 77.75273737635091,20.88328028467278,0 77.75266281856021,20.88315243806626,0 77.75262179657253,20.88308209631763,0 77.75260704824456,20.88305680686751,0 77.75260042301906,20.88304544637095,0 77.75259427365819,20.88303730516568,0 77.75259159732539,20.88303188255281,0 77.75258850421397,20.88302561549003,0 77.75257856984123,20.88300548710289,0 77.75257723473003,20.88300568462644,0 77.75255304785618,20.88296421056357,0 77.75252551545348,20.88291400426336,0 77.75250170358306,20.88286748640506,0 77.75247160707265,20.88280869112048,0 77.75245442176116,20.88277511855141,0 77.75241152425002,20.88269131557686,0 77.75236351108271,20.88259666076706,0 77.75222798159129,20.88232531708547,0 77.75218660132482,20.88223619346068,0 77.75212981518489,20.88210986925506,0 77.75209784964561,20.88203875993105,0 77.75206666478837,20.88196938725056,0 77.75204474628887,20.88192062814731,0 77.75203623939923,20.88190170402343,0 77.75202025662954,20.88186614931637,0 77.75200763847502,20.88183807940792,0 77.75200495271396,20.88183210475634,0 77.75198047578324,20.88177765420885,0 77.7519683879386,20.88175076399346,0 77.75192657901579,20.88165775722361,0 77.75189325272633,20.88158027982251,0 77.75187596890653,20.88153921622594,0 77.75182318515323,20.88141381038541,0 77.75179932297657,20.88135711759747,0 77.75177702978228,20.88130415244622,0 77.75176147411707,20.88126719460158,0 77.75175243086605,20.88124570923741,0 77.75174548030785,20.88123086139113,0 77.75173586079501,20.88121260919285,0 77.75170897002528,20.88116158625851,0 77.75169194140346,20.88112927589692,0 77.75167903212733,20.88110478163887,0 77.75165310118494,20.88105557985961,0 77.75163090599587,20.88101346634514,0 77.75160191007083,20.88095844898498,0 77.75158125094399,20.88091924999513,0 77.7515545956675,20.88086867379034,0 77.75154497972548,20.88085042832353,0 77.75153253072318,20.88082680735221,0 77.75151884687199,20.88080084335104,0 77.75148846471295,20.88074319564499,0 77.75160606499831,20.88068988102741,0 77.75172444198506,20.88063621426973,0 77.75183759222398,20.88058491706439,0 77.75199383619707,20.88051408307859,0 77.75221362264858,20.88041444173628,0 77.75258729787974,20.8802450339555,0 77.75297815979047,20.88006783429194,0 77.75316230650849,20.87998435016641,0 77.75343339316424,20.87986135700512,0 77.75365088022571,20.87976138962997,0 77.75390837700537,20.87964303180341,0 77.75400495177037,20.87959864140169,0 77.75411703265199,20.87954712362745,0 77.75425698143138,20.87948279639978,0 77.75487363084372,20.87919935417662,0 77.75510181678459,20.87909446862465,0 77.75512899400636,20.87908197662366,0 77.75514926116841,20.87907266082861,0 77.75516946479473,20.87906337423707,0 77.75521701890597,20.87904151600028,0 77.75534027708133,20.87898486039203,0 77.75547163750225,20.87892448056393,0 77.75549434706446,20.87891348266994,0 77.75557162991375,20.87887262806728,0 77.75565969765593,20.87882607215352,0 77.75579227899266,20.87875598465584,0 77.75588492483612,20.87870700854765,0 77.75602367150701,20.8786336617627,0 77.75614990983415,20.87856692733459,0 77.75619230909217,20.87854451345169,0 77.75620878410346,20.87853580412443,0 77.75634780670809,20.87841586851568,0 77.75639403000697,20.87837599138585,0 77.75645667809063,20.87832194447441,0 77.75654521513987,20.87824556294993,0 77.7566026364574,20.87819602516154,0 77.75675631949724,20.87806344160453,0 77.75692517710955,20.87791776669071,0 77.75701006298111,20.87784453486602,0 77.75712579408722,20.87774469251564,0 77.7571914810723,20.87768802368538,0 77.7572040169604,20.87767720884467,0 77.7572817394899,20.87761015679551,0 77.75744611302721,20.87746834990566,0 77.75763022112216,20.87730951763298,0 77.75765350875145,20.87729177243751,0 77.75782999161302,20.87716171645848,0 77.75799437048013,20.87704058020639,0 77.75820030328642,20.87688882133729,0 77.75840727304653,20.87673629814729,0 77.75849186159823,20.87667396186695,0 77.75852775053167,20.87664751404135,0 77.75865086438293,20.87655678704999,0 77.75872491229434,20.8765022184746,0 77.75875997051655,20.87647638280004,0 77.75878560245067,20.87645749369578,0 77.75881098897713,20.87643878556805,0 77.75892286568055,20.87639010764982,0 77.75898355448801,20.87636370180572,0 77.75909575480784,20.87631488316841,0 77.75921772130435,20.87626181522526,0 77.7594189585911,20.87617425631215,0 77.75953783489076,20.87612253287355,0 77.75992214874178,20.87595531662957,0 77.76028899132476,20.87579570201933,0 77.76030080403228,20.87579056226228,0 77.76064170647584,20.87564223414878,0 77.76077171330604,20.87558566758138,0 77.76082983374972,20.87556037910317,0 77.76086862241546,20.87554350197015,0 77.76090249560848,20.87552876358098,0 77.76102452915352,20.87547566618703,0 77.76102768992885,20.87548582572395,0 77.76103605900016,20.87552250700003,0 77.76173483800018,20.87766776100021,0 77.76323222000025,20.87712145700013,0 77.76342280027899,20.87817683249287,0 77.7635245660002,20.87874037700037,0 77.76346438508017,20.87919148863517,0 77.76336957847712,20.87990214903024,0 77.76327769739422,20.88059087682295,0 77.76321082900019,20.88109211100018,0 77.76351030500021,20.88185158700001,0 77.76510751300006,20.88171168400016,0 77.76631803207069,20.8818292641409,0 77.76654785200004,20.88185158700015,0 77.76648384320593,20.88227746695313,0 77.76607724600025,20.8849827170001,0 77.76675586595047,20.88499122762274,0 77.76949270400023,20.88464962100034,0 77.77129669300022,20.88728105900002,0 77.77245894700017,20.8898724800001,0 77.77066318047538,20.89000281955937,0 77.76753091835842,20.89025050815792,0 77.76747107782894,20.89026603785784,0 77.7673708931074,20.89021522948792,0 77.76545851586967,20.89059555040818,0 77.76533241355867,20.89058963132583,0 77.76540375905086,20.8908025434869,0 77.76539180080988,20.89080564685532,0 77.76674661506749,20.89447576676304,0 77.76803575227736,20.89810203041001,0 77.7660709455057,20.89906294748207,0 77.76579819444369,20.89944001117824,0 77.76534714032464,20.90031059179564,0 77.76479142399518,20.9007798604551,0 77.76455160386431,20.90088482619481,0 77.76389259099811,20.90088811554755,0 77.76295706628028,20.90140814987721,0 77.76259448315818,20.90082672852619,0 77.76083842382678,20.90156165347798,0 77.76089662675042,20.90066464367002,0 77.76074277864363,20.9003969557059,0 77.75936700152212,20.90125195025369,0 77.75912877945929,20.90141529854005,0 77.75889682526258,20.90150346139862,0 77.75889717590401,20.90150143386603,0 77.75769800424771,20.90194608503936,0 77.75717019516159,20.90214179549266,0 77.75716980312293,20.90215987867254,0 77.75716875520172,20.90216027735757,0 77.75717613224897,20.90241698817233,0 77.75716424826263,20.90274116313857,0 77.75712027751302,20.90318967803276,0 77.7571223532847,20.90337292797587,0 77.75521379682017,20.90337535045127,0 77.75528911642242,20.90254674646864,0 77.75531137981856,20.90233262570956,0 77.7553537107645,20.90205959967458,0 77.75539099567602,20.90181911912873,0 77.75544767442888,20.90145355127863,0 77.75547315210397,20.9012892245269,0 77.75549994940911,20.90111638618709,0 77.75554415533358,20.90086643430497,0 77.75559675190166,20.9006098671049,0 77.75564437873777,20.90039353295894,0 77.75570977854262,20.90012120268243,0 77.75580127403759,20.89974020693275,0 77.75590300949695,20.89931910487503,0 77.75597218334561,20.89902852173859,0 77.75605655563076,20.89867718393732,0 77.75611497457889,20.89843391891937,0 77.75611855023942,20.89841902933489,0 77.75592978173994,20.89837014743637,0 77.75566885904679,20.89830042044701,0 77.75533834168907,20.89821209546412,0 77.75507522720909,20.89814178268414,0 77.75481391495771,20.89807195148585,0 77.7545879148236,20.89801155681666,0 77.75445019821187,20.89797475439633,0 77.75437725556016,20.89795526171062,0 77.75465503142649,20.89754018644804,0 77.75468096891099,20.89751292622028,0 77.75473132775697,20.89748658032401,0 77.75477009880878,20.89746629673242,0 77.75482673237178,20.89739735570096,0 77.75489390743402,20.89731558227619,0 77.75500540173913,20.89717985813271,0 77.7550939694183,20.89704865309858,0 77.75518819043215,20.89690907303275,0 77.7552549654532,20.89681015168973,0 77.75530268107518,20.89670101462383,0 77.75537089457222,20.89654502459962,0 77.75550245126072,20.89624444465422,0 77.7556440366026,20.89592095062822,0 77.75577901751777,20.89561347557185,0 77.75582517967203,20.89550846718343,0 77.75594250573215,20.89524157678494,0 77.75600390007804,20.8951019182674,0 77.75608235341282,20.89492345414512,0 77.7561670080196,20.89472573458724,0 77.75620544668385,20.89463319510105,0 77.75620247568727,20.89455825340793,0 77.75619630018493,20.89452363705666,0 77.75618464970783,20.89445833109184,0 77.75629269546671,20.89393467670296,0 77.75633606956804,20.89387655934263,0 77.75636365575978,20.8938295638604,0 77.75637811353768,20.89380493376964,0 77.75645006740307,20.89352587583441,0 77.75652987318007,20.89319893669696,0 77.75656748022566,20.89300779834947,0 77.75667666832447,20.89238884606704,0 77.75676254802994,20.89197945708924,0 77.75683174266955,20.89166066428331,0 77.75614247145938,20.89166066428331,0 77.75612525761701,20.89154487281489,0 77.75612013326931,20.89142464569561,0 77.756121699213,20.89134125494347,0 77.75612345708119,20.89124764364032,0 77.75610924037568,20.89117957294156,0 77.7561066553406,20.89116719558823,0 77.75608404223841,20.89105892221284,0 77.75604739956849,20.89088347395869,0 77.75599279100973,20.89074062164571,0 77.75598069192854,20.89070897124552,0 77.7559610645302,20.89065762724892,0 77.75592855970464,20.89057259670206,0 77.7558533513844,20.89040256400331,0 77.75584409541491,20.89038163788164,0 77.75583683654739,20.89036522685464,0 77.7557467425777,20.89016154003363,0 77.75557942408301,20.88978326123773,0 77.75542289608407,20.88942937706357,0 
						</coordinates>
					</LinearRing>
				</outerBoundaryIs>
			</Polygon>
		</Placemark>
	</Document>
	<Document>
		<name>Ward C9.kml</name>
		<StyleMap id="m_ylw-pushpin36">
			<Pair>
				<key>normal</key>
				<styleUrl>#s_ylw-pushpin36</styleUrl>
			</Pair>
			<Pair>
				<key>highlight</key>
				<styleUrl>#s_ylw-pushpin_hl36</styleUrl>
			</Pair>
		</StyleMap>
		<Style id="s_ylw-pushpin36">
			<IconStyle>
				<scale>1.1</scale>
				<Icon>
					<href>https://maps.google.com/mapfiles/kml/pushpin/ylw-pushpin.png</href>
				</Icon>
				<hotSpot x="20" y="2" xunits="pixels" yunits="pixels"/>
			</IconStyle>
			<LineStyle>
				<color>ffffff55</color>
				<width>3</width>
			</LineStyle>
			<PolyStyle>
				<fill>0</fill>
			</PolyStyle>
		</Style>
		<Style id="s_ylw-pushpin_hl36">
			<IconStyle>
				<scale>1.3</scale>
				<Icon>
					<href>https://maps.google.com/mapfiles/kml/pushpin/ylw-pushpin.png</href>
				</Icon>
				<hotSpot x="20" y="2" xunits="pixels" yunits="pixels"/>
			</IconStyle>
			<LineStyle>
				<color>ffffff55</color>
				<width>3</width>
			</LineStyle>
			<PolyStyle>
				<fill>0</fill>
			</PolyStyle>
		</Style>
		<Placemark>
			<name>Ward C9.kml</name>
			<styleUrl>#m_ylw-pushpin36</styleUrl>
			<Polygon>
				<tessellate>1</tessellate>
				<outerBoundaryIs>
					<LinearRing>
						<coordinates>
							77.75573105652072,20.92246510206807,0 77.75569649075665,20.92231033250966,0 77.75568154384445,20.92224119100078,0 77.75567001108929,20.92218784269677,0 77.75565986617057,20.92214091424091,0 77.75564972125183,20.92209398577036,0 77.75562979055611,20.92200179010804,0 77.75560303598451,20.92187802838593,0 77.7555867987885,20.92180291805694,0 77.75556437620099,20.92169919516499,0 77.75554527909478,20.92161085529982,0 77.75552305161241,20.92150803479793,0 77.75550496544732,20.92142437126392,0 77.75547285907379,20.92127585250694,0 77.7554207288903,20.92103470661386,0 77.75535494207834,20.92073038678778,0 77.75529091112132,20.92043418868674,0 77.75527062128386,20.92034033066214,0 77.75525521323888,20.92026905510575,0 77.75523611613266,20.92018071439763,0 77.75522790442049,20.92014272807807,0 77.75521709377297,20.92009271940529,0 77.75530959312638,20.92012688201551,0 77.75581965255718,20.92052182972469,0 77.75692705117159,20.9203119522954,0 77.75713164465358,20.92027317710725,0 77.75770207599996,20.92000676313058,0 77.75809332027661,20.9195871191023,0 77.75948094189832,20.91814699130528,0 77.76226144974443,20.91479864064264,0 77.76500015783932,20.9114930346886,0 77.76697743331944,20.90793663074069,0 77.76810527994732,20.90967900801295,0 77.77196326937811,20.91565738975255,0 77.77167714280414,20.9157688388584,0 77.77156657996949,20.91581140840465,0 77.77149548620166,20.91583862434524,0 77.77135765948901,20.91588733856126,0 77.77119939459041,20.91593854032913,0 77.77085976392858,20.9160474333123,0 77.77064319422779,20.916116460906,0 77.7705637659388,20.91614422615789,0 77.77045574386793,20.91618198675157,0 77.77030723270136,20.91623390084729,0 77.77018399699404,20.91627697954938,0 77.77009536186901,20.91630438732986,0 77.77001915173744,20.91632795304603,0 77.76993397153693,20.91635429248481,0 77.76988730413254,20.916368722987,0 77.76982676436334,20.9163849909602,0 77.76979643243091,20.91628303597723,0 77.7696496054587,20.91632481149646,0 77.76964789488356,20.91631907634536,0 77.7695743168829,20.9163370326789,0 77.76953402261178,20.91634686628807,0 77.76951766953729,20.91635085717144,0 77.7694500265102,20.91636736510171,0 77.76942532694807,20.91637073581091,0 77.76937509734427,20.91637759056326,0 77.76930041971609,20.91638778169715,0 77.76922342814984,20.91639828860965,0 77.76920638656904,20.91639982728669,0 77.76918561846894,20.916400550659,0 77.76905012078511,20.91640527016982,0 77.76904610913355,20.91640540989937,0 77.76894062261533,20.91641443461533,0 77.76870280283637,20.91643676566555,0 77.76859811568919,20.91644719268269,0 77.76858293362704,20.91644870484173,0 77.76832636942152,20.91647425906755,0 77.76824814811431,20.9164862409864,0 77.76813093934356,20.91650419499265,0 77.76793080474154,20.9165348515492,0 77.76785429529443,20.91654657124111,0 77.76782845656814,20.91655052920844,0 77.767706840801,20.91658346117408,0 77.76758405519649,20.91661670990901,0 77.76744304005084,20.91665489495604,0 77.76724225069852,20.91670727067238,0 77.76711935533105,20.91673805619077,0 77.76697280954845,20.91677476617381,0 77.76692032403322,20.9167865644733,0 77.76669683541803,20.91683680281141,0 77.76657929475242,20.91686333816211,0 77.76625323417289,20.91693794830898,0 77.76621408353915,20.916963775237,0 77.76618328800031,20.91696948480892,0 77.76602085272322,20.91699960072247,0 77.76594999069303,20.91701273872122,0 77.76562164601854,20.91707361463526,0 77.76562635389114,20.91710723571053,0 77.76561650905023,20.91710832441114,0 77.76553749794203,20.91711706192536,0 77.76541804972456,20.91713027121243,0 77.76535953290033,20.91713903630082,0 77.76510364888122,20.91718631510902,0 77.76512128446976,20.91732758656644,0 77.76512562732269,20.91736994269461,0 77.76513656942946,20.91747666172602,0 77.76513824117144,20.91749296632006,0 77.76514297748402,20.91753519115873,0 77.76514551682588,20.91755319492873,0 77.76515855407494,20.91764562815214,0 77.76518612378581,20.91783971967158,0 77.76520209557722,20.9179503396273,0 77.76509708052161,20.91797405755491,0 77.76506879536248,20.91798044583216,0 77.76495463082142,20.91800623018989,0 77.76473315559684,20.91805625093115,0 77.76459667007231,20.91808656695259,0 77.76433453380254,20.91814479236847,0 77.7642343135049,20.91816891562166,0 77.76420885368604,20.91817466578092,0 77.76418657209864,20.9181789265015,0 77.7641322168585,20.91818731867582,0 77.76411693907055,20.91813391807724,0 77.76374039105356,20.91820040093087,0 77.76346364576385,20.91824926271922,0 77.76258042051022,20.91840676753101,0 77.76237030468184,20.91844945155902,0 77.76219476199012,20.91848511220998,0 77.76190359619194,20.91854426111848,0 77.76188217449551,20.91854983429271,0 77.76176985175972,20.91857905672618,0 77.76178223104924,20.91865074951042,0 77.7617871547836,20.91867926456409,0 77.76175948574881,20.91871542407476,0 77.76148065873673,20.91898765380137,0 77.76116560388193,20.91929525359412,0 77.7611364297297,20.91932373737394,0 77.76124563792092,20.91939681624822,0 77.7615860563966,20.91962461394116,0 77.76210463128911,20.91997162782582,0 77.76247235972518,20.92021769955537,0 77.76157123288458,20.92054244248649,0 77.76092992861246,20.92071318960843,0 77.76043963454963,20.92049415953048,0 77.76038560478689,20.92053110830591,0 77.76019024867776,20.92066470439364,0 77.75984947523642,20.92089423277782,0 77.75963177979467,20.9210373264396,0 77.75928302905933,20.92126656393465,0 77.75898396971061,20.9214657111068,0 77.75874673581367,20.92162383393181,0 77.7583162636287,20.92191075488981,0 77.75827572117846,20.92193777746378,0 77.75810790951456,20.92198078638306,0 77.75795738250639,20.92201936535924,0 77.75781982634037,20.92205524185394,0 77.7576694061075,20.92210170258488,0 77.75748729023393,20.92215795322041,0 77.75716035190065,20.92225893551837,0 77.75573661479038,20.9224959383283,0 77.75573105652072,20.92246510206807,0 
						</coordinates>
					</LinearRing>
				</outerBoundaryIs>
			</Polygon>
		</Placemark>
	</Document>
	<Document>
		<name>Ward C10.kml</name>
		<StyleMap id="m_ylw-pushpin37">
			<Pair>
				<key>normal</key>
				<styleUrl>#s_ylw-pushpin37</styleUrl>
			</Pair>
			<Pair>
				<key>highlight</key>
				<styleUrl>#s_ylw-pushpin_hl37</styleUrl>
			</Pair>
		</StyleMap>
		<Style id="s_ylw-pushpin37">
			<IconStyle>
				<scale>1.1</scale>
				<Icon>
					<href>https://maps.google.com/mapfiles/kml/pushpin/ylw-pushpin.png</href>
				</Icon>
				<hotSpot x="20" y="2" xunits="pixels" yunits="pixels"/>
			</IconStyle>
			<LineStyle>
				<color>ffffff55</color>
				<width>3</width>
			</LineStyle>
			<PolyStyle>
				<fill>0</fill>
			</PolyStyle>
		</Style>
		<Style id="s_ylw-pushpin_hl37">
			<IconStyle>
				<scale>1.3</scale>
				<Icon>
					<href>https://maps.google.com/mapfiles/kml/pushpin/ylw-pushpin.png</href>
				</Icon>
				<hotSpot x="20" y="2" xunits="pixels" yunits="pixels"/>
			</IconStyle>
			<LineStyle>
				<color>ffffff55</color>
				<width>3</width>
			</LineStyle>
			<PolyStyle>
				<fill>0</fill>
			</PolyStyle>
		</Style>
		<Placemark>
			<name>Ward C10.kml</name>
			<styleUrl>#m_ylw-pushpin37</styleUrl>
			<Polygon>
				<tessellate>1</tessellate>
				<outerBoundaryIs>
					<LinearRing>
						<coordinates>
							77.77390220206392,20.90817123364712,0 77.77385882092173,20.90815876452367,0 77.77302218828055,20.90804330919694,0 77.77270845104007,20.90809659628194,0 77.77228062753038,20.90820317039487,0 77.77200491904637,20.90820317039487,0 77.77156758834754,20.90820317039487,0 77.77145350207827,20.90832750676435,0 77.77101617137943,20.90864722838397,0 77.77035066814213,20.90884261348266,0 77.76958058582468,20.90906464169485,0 77.76899114010018,20.90932219400917,0 77.76854430221226,20.90950869713319,0 77.76810527994732,20.90967900801281,0 77.76790264934642,20.90936597141514,0 77.76697743331934,20.90793663074069,0 77.76554460707356,20.90563343540988,0 77.76543509116621,20.9053817344653,0 77.76491476201254,20.90454738034563,0 77.76473018477147,20.90425140738188,0 77.76452194561388,20.90391749140346,0 77.76436811230215,20.90367081589448,0 77.76421712147905,20.9034286979917,0 77.76393648270678,20.90297868502832,0 77.76369551327294,20.90259228200057,0 77.7633421123714,20.90202558932965,0 77.76295706628014,20.9014081498772,0 77.76303039825856,20.90136738656595,0 77.76307821357585,20.90134080728698,0 77.76311960968555,20.90131779627325,0 77.7632718945582,20.90123314506861,0 77.76336805178644,20.90117969373864,0 77.76349434944254,20.90110948809118,0 77.76354863323822,20.90107931310289,0 77.7636162595887,20.90104172131755,0 77.76378475415213,20.90094805939165,0 77.76389259099811,20.90088811554744,0 77.76394806412031,20.90088783866266,0 77.76405798150709,20.90088729002835,0 77.76416612904542,20.90088675022792,0 77.76445077414117,20.90088532946942,0 77.76455160386425,20.90088482619459,0 77.76468243506707,20.90082756331293,0 77.76477795233731,20.90100261050943,0 77.76469110889629,20.9008410871363,0 77.76468459842195,20.90082661644435,0 77.76479142399509,20.90077986045499,0 77.76534714032451,20.90031059179564,0 77.76579819444363,20.89944001117813,0 77.76607094550558,20.89906294748186,0 77.76803575227727,20.89810203040999,0 77.76937293624744,20.90163044107071,0 77.77204866572322,20.90441627509365,0 77.77417412417083,20.9067603603141,0 77.77534535126053,20.90795193717582,0 77.77468594637389,20.90814100217154,0 77.7742881853278,20.90825329225358,0 77.77410600783848,20.90822981391135,0 77.77390220206392,20.90817123364712,0 
						</coordinates>
					</LinearRing>
				</outerBoundaryIs>
			</Polygon>
		</Placemark>
	</Document>
	<Document>
		<name>Ward C11.kml</name>
		<StyleMap id="m_ylw-pushpin38">
			<Pair>
				<key>normal</key>
				<styleUrl>#s_ylw-pushpin38</styleUrl>
			</Pair>
			<Pair>
				<key>highlight</key>
				<styleUrl>#s_ylw-pushpin_hl38</styleUrl>
			</Pair>
		</StyleMap>
		<Style id="s_ylw-pushpin38">
			<IconStyle>
				<scale>1.1</scale>
				<Icon>
					<href>https://maps.google.com/mapfiles/kml/pushpin/ylw-pushpin.png</href>
				</Icon>
				<hotSpot x="20" y="2" xunits="pixels" yunits="pixels"/>
			</IconStyle>
			<LineStyle>
				<color>ffffff55</color>
				<width>3</width>
			</LineStyle>
			<PolyStyle>
				<fill>0</fill>
			</PolyStyle>
		</Style>
		<Style id="s_ylw-pushpin_hl38">
			<IconStyle>
				<scale>1.3</scale>
				<Icon>
					<href>https://maps.google.com/mapfiles/kml/pushpin/ylw-pushpin.png</href>
				</Icon>
				<hotSpot x="20" y="2" xunits="pixels" yunits="pixels"/>
			</IconStyle>
			<LineStyle>
				<color>ffffff55</color>
				<width>3</width>
			</LineStyle>
			<PolyStyle>
				<fill>0</fill>
			</PolyStyle>
		</Style>
		<Placemark>
			<name>Ward C11.kml</name>
			<styleUrl>#m_ylw-pushpin38</styleUrl>
			<Polygon>
				<tessellate>1</tessellate>
				<outerBoundaryIs>
					<LinearRing>
						<coordinates>
							77.79525814365586,20.91688464343078,0 77.79446554087639,20.91690396414599,0 77.79316933741835,20.91693555284876,0 77.79185801700046,20.91696749994143,0 77.79133065519446,20.91708152637683,0 77.790065352445,20.91735510360338,0 77.79000988543351,20.91853025227612,0 77.78997576905853,20.91925306001882,0 77.78997892359001,20.92066032757363,0 77.79028790723592,20.92197018601995,0 77.79078268677776,20.92352222387123,0 77.79036225656374,20.92363251956404,0 77.78956893161781,20.92448718954119,0 77.78940206471476,20.92482897503118,0 77.78895285002956,20.92493220718147,0 77.78665006825463,20.92540457363625,0 77.78658293805297,20.92539627972882,0 77.78597152823036,20.92416211767659,0 77.78513370719038,20.92220290466517,0 77.78417229269201,20.9192357304713,0 77.78373377359449,20.9180494363861,0 77.7831930522141,20.91687275362739,0 77.77893216404969,20.91160101103221,0 77.77417412417084,20.90676036031407,0 77.77204866572325,20.90441627509366,0 77.76937293624746,20.90163044107071,0 77.76803575227729,20.89810203041001,0 77.76674661506742,20.89447576676295,0 77.7655327212244,20.89118739695962,0 77.76539180080985,20.89080564685532,0 77.76540375905077,20.89080254348686,0 77.76533241355867,20.8905896313258,0 77.76545851586967,20.89059555040818,0 77.76737089310735,20.89021522948794,0 77.76747107782884,20.89026603785765,0 77.76753091835836,20.89025050815784,0 77.76772687422594,20.89023501264861,0 77.77066318047532,20.89000281955937,0 77.77245894700013,20.88987248000003,0 77.77822743400006,20.88954605700013,0 77.77857075450268,20.8917274955058,0 77.77872656200006,20.89274947100012,0 77.77883589400008,20.89634667400014,0 77.77852215700008,20.89683961700013,0 77.77852215700008,20.89742880044221,0 77.77852215700008,20.8981585650001,0 77.77878777006846,20.89990173900818,0 77.77888914258526,20.90056702448922,0 77.77909258800017,20.90190218300006,0 77.77935871002896,20.90184358273851,0 77.77937780400009,20.90178228300006,0 77.78198426248041,20.90122703963321,0 77.78341602683908,20.90092203575592,0 77.78552420200013,20.90042339900004,0 77.78687897600014,20.90041007600018,0 77.78854748800011,20.90001040200007,0 77.79187434448279,20.89997850983625,0 77.79323928600012,20.89999708000016,0 77.79925733600005,20.90272816500017,0 77.80192020769717,20.89896199779041,0 77.80313627000007,20.89761233500015,0 77.80539759802411,20.8979903200224,0 77.80692963800004,20.89828512999998,0 77.80788614769295,20.8985919276978,0 77.80906875600003,20.89897124500001,0 77.81006701000018,20.89865150200003,0 77.8103237040001,20.89910447000014,0 77.81373203200012,20.89949082400011,0 77.81476352127368,20.89918512220551,0 77.81579984500016,20.89887798700014,0 77.81732574900013,20.89855824400011,0 77.81839530800006,20.89809195200015,0 77.81946486700018,20.89925101900016,0 77.81964771356641,20.90013712919985,0 77.82009058226411,20.90228333578429,0 77.82037755700007,20.90367404100008,0 77.82098189460645,20.90591344993921,0 77.82123320400007,20.90684468200007,0 77.82197476500009,20.90813689900007,0 77.82237406700006,20.90860316000018,0 77.82288745500006,20.90881630800008,0 77.82592500200012,20.90938914000004,0 77.82946167600008,20.91037493900015,0 77.82677924666224,20.91664138266641,0 77.8267093450001,20.91670255000011,0 77.82662663576042,20.91691320064506,0 77.81119264643152,20.91561218852468,0 77.80702374400907,20.92070520302479,0 77.80013567527475,20.92022271925484,0 77.79967933019758,20.9233130878152,0 77.79625674211916,20.9229401156806,0 77.79565393810576,20.91995924484757,0 77.79580511290142,20.91968009547069,0 77.79601334299427,20.91929558986577,0 77.79634374103637,20.91868549202668,0 77.79616723385979,20.91821544636369,0 77.79590298612274,20.91772972176224,0 77.79544082234808,20.91688018988027,0 77.79525814365586,20.91688464343078,0 
						</coordinates>
					</LinearRing>
				</outerBoundaryIs>
			</Polygon>
		</Placemark>
	</Document>
	<Document>
		<name>Ward D1.kml</name>
		<StyleMap id="m_ylw-pushpin39">
			<Pair>
				<key>normal</key>
				<styleUrl>#s_ylw-pushpin39</styleUrl>
			</Pair>
			<Pair>
				<key>highlight</key>
				<styleUrl>#s_ylw-pushpin_hl39</styleUrl>
			</Pair>
		</StyleMap>
		<Style id="s_ylw-pushpin39">
			<IconStyle>
				<scale>1.1</scale>
				<Icon>
					<href>https://maps.google.com/mapfiles/kml/pushpin/ylw-pushpin.png</href>
				</Icon>
				<hotSpot x="20" y="2" xunits="pixels" yunits="pixels"/>
			</IconStyle>
			<LineStyle>
				<color>ffffff55</color>
				<width>3</width>
			</LineStyle>
			<PolyStyle>
				<fill>0</fill>
			</PolyStyle>
		</Style>
		<Style id="s_ylw-pushpin_hl39">
			<IconStyle>
				<scale>1.3</scale>
				<Icon>
					<href>https://maps.google.com/mapfiles/kml/pushpin/ylw-pushpin.png</href>
				</Icon>
				<hotSpot x="20" y="2" xunits="pixels" yunits="pixels"/>
			</IconStyle>
			<LineStyle>
				<color>ffffff55</color>
				<width>3</width>
			</LineStyle>
			<PolyStyle>
				<fill>0</fill>
			</PolyStyle>
		</Style>
		<Placemark>
			<name>Ward D1.kml</name>
			<styleUrl>#m_ylw-pushpin39</styleUrl>
			<Polygon>
				<tessellate>1</tessellate>
				<outerBoundaryIs>
					<LinearRing>
						<coordinates>
							77.74771816820166,20.9155412145356,0 77.74824780413618,20.91556029521312,0 77.74818182570206,20.91614613480395,0 77.7481431920347,20.9162227359635,0 77.74807957639557,20.91634887020725,0 77.74797467480143,20.91659456136669,0 77.74790950038232,20.91677674216364,0 77.7478667180313,20.91699431830151,0 77.7478667180313,20.91706959039528,0 77.7478667180313,20.91720745380387,0 77.74784338392493,20.91744654953176,0 77.74784051861596,20.9174528263729,0 77.74766907338142,20.91786057012983,0 77.74757674876372,20.91810883601498,0 77.74757063849907,20.91815147513819,0 77.74734721955515,20.91833907735131,0 77.74709483276862,20.918361504279,0 77.74707286774107,20.91836637279419,0 77.74703827936483,20.91836543326928,0 77.74698840879384,20.91836407863364,0 77.74694203134854,20.91836281888185,0 77.74690811637296,20.91836189764847,0 77.74687669011945,20.91836104401631,0 77.74682912527962,20.91835975201123,0 77.74679112865417,20.91835871990797,0 77.74671310257857,20.91835379649007,0 77.74653897412458,20.91833970971114,0 77.74659058464908,20.91824782187654,0 77.74659753879159,20.91808698782731,0 77.74657428040268,20.91794222244122,0 77.74658735442887,20.91779503138223,0 77.74688762394996,20.91781617534558,0 77.74690409565682,20.91748840546607,0 77.7469188015689,20.91733168810014,0 77.74693518181499,20.91707714525267,0 77.74694886902975,20.91686445075711,0 77.74698546797261,20.9164684111639,0 77.74699967156575,20.9162203067768,0 77.74701491413632,20.91595405336575,0 77.74703300391815,20.91563806496658,0 77.74703442999655,20.91546124947651,0 77.74701834809876,20.91506914827457,0 77.7470040519748,20.91472194884996,0 77.74698617711591,20.91433566772498,0 77.74697611672801,20.91412359451526,0 77.74697345847018,20.91406755833099,0 77.74697245452568,20.91404639513494,0 77.74696439370298,20.91387647250098,0 77.74560486566104,20.91393419792995,0 77.74466193092805,20.91412039865817,0 77.74449131209548,20.91414099794537,0 77.74412626007552,20.914173092161,0 77.74418032279267,20.91378502081382,0 77.74359195604782,20.91376102157631,0 77.74363949199339,20.9132104082516,0 77.74367244379705,20.91266520566973,0 77.74374216963575,20.91201326133588,0 77.74376878976518,20.91164914205478,0 77.74379564757446,20.91159585623231,0 77.74386695149279,20.91090646919519,0 77.74394895099877,20.91003057674592,0 77.74403095050479,20.90909806205193,0 77.7439061686478,20.90911804457046,0 77.74391493712102,20.9090236729604,0 77.74218294888469,20.90928806135989,0 77.74179933245986,20.90770924468938,0 77.74169579631899,20.90720038338018,0 77.74159582211375,20.90528546171413,0 77.74136988827441,20.90526803017687,0 77.74149823532733,20.90428219745076,0 77.74154101767836,20.90337629139611,0 77.74144119219265,20.9033585284775,0 77.74151614413782,20.90260644629981,0 77.74179800728049,20.9026206875346,0 77.7419596294953,20.9024075313002,0 77.74226457940881,20.90239253761267,0 77.74232090268123,20.90238976826699,0 77.74232440422388,20.90238914188978,0 77.74263932543276,20.9023712662668,0 77.74303912568537,20.90234803497292,0 77.74349527019942,20.90226481535983,0 77.74387525676553,20.9021984487492,0 77.74391485544301,20.9022042218646,0 77.74416099619651,20.9022401066554,0 77.74421859566473,20.90224856111751,0 77.74438396271694,20.90227430849987,0 77.74446002022978,20.90221213781909,0 77.74490685811767,20.90220325629119,0 77.74517305941265,20.90207891484522,0 77.74646509067935,20.90195817675149,0 77.74704648229802,20.90186311196694,0 77.74713154036823,20.90183023164417,0 77.74749281355415,20.90160819272347,0 77.74820585273696,20.90112858753327,0 77.74882382002876,20.90097760039684,0 77.74831095270274,20.89884340644788,0 77.74830441464229,20.89881619897469,0 77.74928183361895,20.8986086277724,0 77.749902101961,20.89847721161127,0 77.75026238710379,20.8984074125735,0 77.75108460908795,20.89824811821124,0 77.75174159796829,20.89812083250242,0 77.75224803169081,20.89802271367515,0 77.75289327658814,20.89789769861496,0 77.75350233782537,20.89777699503884,0 77.75465503142648,20.89754018644797,0 77.75437725556014,20.89795526171065,0 77.75608559725708,20.89841178637058,0 77.75611855023938,20.89841902933487,0 77.75594828149384,20.89912805218716,0 77.75562198093645,20.90048679916961,0 77.75552178043223,20.90097557942607,0 77.75530461192216,20.90237627722537,0 77.75511509093343,20.90446122406723,0 77.7551043953457,20.9044812072035,0 77.75469083261953,20.90460443648506,0 77.75396543409092,20.90486421680109,0 77.75391552134806,20.90486865748644,0 77.75385847821349,20.90485755577281,0 77.75379192788975,20.90485755577294,0 77.753699232796,20.90488419988367,0 77.75244666063149,20.90529940333087,0 77.75253222533341,20.90558360609753,0 77.75270573153458,20.90616755227941,0 77.75155417325423,20.90653168486948,0 77.75076388815994,20.90673428874801,0 77.75073540097928,20.90673999124582,0 77.7517666441334,20.91016652396486,0 77.75200398213882,20.91089388015902,0 77.75198910442471,20.91090568705867,0 77.75141083426017,20.91136459943056,0 77.75128018219677,20.91150465602266,0 77.75115183514387,20.91168782606988,0 77.75100922730735,20.91186433517647,0 77.75088801064626,20.91199754945883,0 77.75075966359333,20.91205749584746,0 77.75047088272424,20.91214408503297,0 77.75029618812449,20.91220403136276,0 77.75005018960634,20.9122839597655,0 77.74981132148008,20.91237054882015,0 77.74971862638643,20.91243715575143,0 77.74942271512545,20.91266028875513,0 77.7493371504235,20.91280349334397,0 77.74917671660738,20.91361609353635,0 77.74916051546036,20.91368034767696,0 77.74912425680117,20.91367783816905,0 77.74911040212052,20.91367687926903,0 77.74910589674596,20.91367656744624,0 77.74908611782396,20.91369345689508,0 77.74903543917412,20.9137367319684,0 77.74902030048952,20.91374965906023,0 77.74899680724063,20.91377186279325,0 77.74890270242422,20.91386907576113,0 77.74886089379497,20.91391226525117,0 77.74885408239773,20.9139193016149,0 77.74871925535003,20.9140585816563,0 77.74866301892901,20.91408706457874,0 77.74839287241038,20.91422388975256,0 77.74815906409624,20.9143423100681,0 77.74781230117118,20.91435946487794,0 77.74770905751906,20.91440612402732,0 77.74759284933252,20.91445864225221,0 77.74750611252873,20.91449784139739,0 77.74747673470183,20.91451111817788,0 77.74742454366769,20.914534704974,0 77.74739135967651,20.91456702164752,0 77.74732624075251,20.91463043856218,0 77.74726900066713,20.9147832085277,0 77.74723989772579,20.9148608822749,0 77.74721635018778,20.91525009837858,0 77.74724280874634,20.91549126037408,0 77.74757672745402,20.91552635093479,0 77.74765435578117,20.91553450867226,0 77.74771816820166,20.9155412145356,0 
						</coordinates>
					</LinearRing>
				</outerBoundaryIs>
			</Polygon>
		</Placemark>
	</Document>
	<Document>
		<name>Ward D2.kml</name>
		<StyleMap id="m_ylw-pushpin40">
			<Pair>
				<key>normal</key>
				<styleUrl>#s_ylw-pushpin40</styleUrl>
			</Pair>
			<Pair>
				<key>highlight</key>
				<styleUrl>#s_ylw-pushpin_hl40</styleUrl>
			</Pair>
		</StyleMap>
		<Style id="s_ylw-pushpin40">
			<IconStyle>
				<scale>1.1</scale>
				<Icon>
					<href>https://maps.google.com/mapfiles/kml/pushpin/ylw-pushpin.png</href>
				</Icon>
				<hotSpot x="20" y="2" xunits="pixels" yunits="pixels"/>
			</IconStyle>
			<LineStyle>
				<color>ffffff55</color>
				<width>3</width>
			</LineStyle>
			<PolyStyle>
				<fill>0</fill>
			</PolyStyle>
		</Style>
		<Style id="s_ylw-pushpin_hl40">
			<IconStyle>
				<scale>1.3</scale>
				<Icon>
					<href>https://maps.google.com/mapfiles/kml/pushpin/ylw-pushpin.png</href>
				</Icon>
				<hotSpot x="20" y="2" xunits="pixels" yunits="pixels"/>
			</IconStyle>
			<LineStyle>
				<color>ffffff55</color>
				<width>3</width>
			</LineStyle>
			<PolyStyle>
				<fill>0</fill>
			</PolyStyle>
		</Style>
		<Placemark>
			<name>Ward D2.kml</name>
			<styleUrl>#m_ylw-pushpin40</styleUrl>
			<Polygon>
				<tessellate>1</tessellate>
				<outerBoundaryIs>
					<LinearRing>
						<coordinates>
							77.73949517012878,20.90237655278743,0 77.73909408558843,20.90228496210609,0 77.73814039568136,20.90200463876392,0 77.73768583320235,20.9018714156057,0 77.73734416859389,20.90181868140637,0 77.73701141697516,20.90177149815952,0 77.73674709679879,20.90166941334269,0 77.73641434518018,20.90145847614972,0 77.73627886773545,20.90131193013588,0 77.73605782558876,20.90110765363522,0 77.73594611611674,20.90092780126845,0 77.73580687540976,20.90075331466147,0 77.73578191903826,20.90069447395718,0 77.73576171626142,20.90059677613292,0 77.73572487590373,20.90052794353671,0 77.7356749631608,20.90048131498589,0 77.73565476038402,20.90041692315396,0 77.73567258636356,20.90028147817548,0 77.73565119518807,20.90019599234737,0 77.73562386201942,20.90014603307472,0 77.73557513767527,20.90011494729683,0 77.73548066245253,20.90007084592707,0 77.73547803488987,20.90007302934487,0 77.73434813333607,20.8992640142262,0 77.73432902982132,20.89925033597747,0 77.73204584085161,20.89929056593331,0 77.73202152916035,20.89973723849907,0 77.73134339967659,20.89930294299569,0 77.73012314483893,20.89932444396856,0 77.73010228465394,20.89932481126849,0 77.7297546780522,20.89933591339116,0 77.72921989866509,20.89933868892177,0 77.72858410539369,20.8993137091449,0 77.728225203883,20.8992922662663,0 77.72848366495124,20.89736727761653,0 77.7282291054878,20.89717129177105,0 77.72698571548062,20.8962356741889,0 77.72696590121542,20.89619418855262,0 77.72708439404228,20.89606987675032,0 77.72714948060263,20.89597926196291,0 77.72715977752935,20.89578693089673,0 77.72718178160035,20.89542230531158,0 77.72718584380911,20.89533768104937,0 77.72719633359002,20.89526830209268,0 77.72721884787974,20.89523697508007,0 77.72724680091882,20.89522322624722,0 77.72738940875536,20.89521989551907,0 77.7274191187213,20.89520879309179,0 77.72743456790361,20.89518436774889,0 77.72743932149821,20.89515328094294,0 77.72743219110633,20.89486683792833,0 77.7274036695391,20.89461703252745,0 77.72740129274177,20.89458483535661,0 77.72744764028864,20.89458261486185,0 77.72768056642168,20.89458261486185,0 77.72771384158358,20.89457484312982,0 77.72772453717137,20.89454930743597,0 77.72773760955636,20.8943738882046,0 77.72775068194137,20.89434502172912,0 77.72778633390051,20.89429728100757,0 77.72803114401999,20.89406523867956,0 77.72809650594503,20.89401638761729,0 77.72817731705243,20.89399307233211,0 77.72864911131173,20.89395643401935,0 77.72908050001737,20.89392312645453,0 77.72927843694889,20.89391211924856,0 77.72929517589263,20.89391118840142,0 77.7293123828497,20.89424429932117,0 77.7293282281305,20.89459088333969,0 77.72932892296093,20.89460608135615,0 77.72933226629439,20.89467921001984,0 77.72934154344331,20.89480834133904,0 77.72936614131315,20.89507290971223,0 77.72936683869742,20.89508041059116,0 77.72936787079622,20.8950915115403,0 77.72980697009963,20.89506763448246,0 77.73143776364292,20.89498331742033,0 77.73186683632723,20.89497705001247,0 77.73206051065486,20.89495199392852,0 77.73454661448014,20.89484564704639,0 77.73592515690034,20.8947901347632,0 77.73829133666655,20.89464458936738,0 77.73953024885793,20.89457976186252,0 77.74022240637572,20.89452367551802,0 77.74198598995473,20.89453477799599,0 77.74396556417271,20.89459879755038,0 77.74402290522039,20.89469687408124,0 77.74722401453688,20.89432770311078,0 77.74744311650085,20.89523201196885,0 77.74882382002876,20.90097760039674,0 77.74820585273696,20.90112858753333,0 77.74749281355412,20.90160819272337,0 77.74713154036816,20.90183023164417,0 77.74704648229799,20.90186311196691,0 77.74646509067908,20.90195817675155,0 77.74517305941262,20.90207891484535,0 77.74490685811764,20.90220325629119,0 77.74446002022984,20.90221213781906,0 77.74438396271691,20.90227430849978,0 77.74421859566478,20.90224856111751,0 77.74416099619654,20.90224010665536,0 77.74391485544298,20.90220422186463,0 77.74387525676549,20.90219844874918,0 77.74349527019942,20.90226481535989,0 77.74303912568534,20.90234803497289,0 77.7426393254328,20.90237126626677,0 77.74232440422392,20.90238914188983,0 77.74232090268123,20.90238976826693,0 77.7419596294952,20.90240753130011,0 77.74179800728049,20.90262068753458,0 77.74151614413782,20.90260644629973,0 77.74123926397004,20.90259059721657,0 77.74118003694761,20.90293263184407,0 77.74086705751658,20.90289567661143,0 77.74085580593857,20.902972407415,0 77.74050911184681,20.90294363663451,0 77.74049705518512,20.90306077351873,0 77.74015984280422,20.90304295994958,0 77.74018056680565,20.90282073994096,0 77.74018620192071,20.90270531241924,0 77.74019394852797,20.90254663375907,0 77.73980320684132,20.90251999836255,0 77.73949517012878,20.90237655278743,0 
						</coordinates>
					</LinearRing>
				</outerBoundaryIs>
			</Polygon>
		</Placemark>
	</Document>
	<Document>
		<name>Ward D3.kml</name>
		<StyleMap id="m_ylw-pushpin41">
			<Pair>
				<key>normal</key>
				<styleUrl>#s_ylw-pushpin41</styleUrl>
			</Pair>
			<Pair>
				<key>highlight</key>
				<styleUrl>#s_ylw-pushpin_hl41</styleUrl>
			</Pair>
		</StyleMap>
		<Style id="s_ylw-pushpin41">
			<IconStyle>
				<scale>1.1</scale>
				<Icon>
					<href>https://maps.google.com/mapfiles/kml/pushpin/ylw-pushpin.png</href>
				</Icon>
				<hotSpot x="20" y="2" xunits="pixels" yunits="pixels"/>
			</IconStyle>
			<LineStyle>
				<color>ffffff55</color>
				<width>3</width>
			</LineStyle>
			<PolyStyle>
				<fill>0</fill>
			</PolyStyle>
		</Style>
		<Style id="s_ylw-pushpin_hl41">
			<IconStyle>
				<scale>1.3</scale>
				<Icon>
					<href>https://maps.google.com/mapfiles/kml/pushpin/ylw-pushpin.png</href>
				</Icon>
				<hotSpot x="20" y="2" xunits="pixels" yunits="pixels"/>
			</IconStyle>
			<LineStyle>
				<color>ffffff55</color>
				<width>3</width>
			</LineStyle>
			<PolyStyle>
				<fill>0</fill>
			</PolyStyle>
		</Style>
		<Placemark>
			<name>Ward D3.kml</name>
			<styleUrl>#m_ylw-pushpin41</styleUrl>
			<Polygon>
				<tessellate>1</tessellate>
				<outerBoundaryIs>
					<LinearRing>
						<coordinates>
							77.72936683869732,20.89508041059115,0 77.72936614131126,20.89507290971228,0 77.72933490621554,20.89473695293587,0 77.72930589303718,20.89410234734323,0 77.72921783498698,20.89241863085028,0 77.72915893352612,20.89145165582601,0 77.72918798987513,20.89116096683017,0 77.72932155696253,20.89053538718492,0 77.72933950222409,20.89026279079653,0 77.72936427081054,20.8895242924584,0 77.72939868229416,20.88910811210559,0 77.72942325673777,20.88835886775942,0 77.72940646337999,20.88762362099619,0 77.72939526633326,20.88721533519464,0 77.72958811974688,20.88628425155764,0 77.72959470615739,20.88622681797374,0 77.72967447736043,20.8859998132301,0 77.73021451422437,20.88423908775628,0 77.73056523721674,20.88318365867517,0 77.73062049407923,20.88244467323239,0 77.73231690075102,20.88264687334167,0 77.73230867189379,20.88324536895227,0 77.73244653099306,20.88327899497343,0 77.73277095458369,20.88329888860736,0 77.73374693394886,20.88329761117158,0 77.73368976314374,20.88498254264473,0 77.73354397122232,20.88514252750464,0 77.73359825614929,20.88540321919461,0 77.73405735219936,20.88591182836724,0 77.73447277276361,20.88632439358782,0 77.73488465370454,20.88612073626353,0 77.73511592005754,20.88604895748836,0 77.73521901178934,20.8860363194427,0 77.73524450813962,20.88604068867151,0 77.73527678973915,20.88606883602089,0 77.73530896314907,20.88609101341058,0 77.73568343296829,20.88606710365022,0 77.73630562619505,20.88603803206546,0 77.73646734284128,20.88602051318092,0 77.73710670107303,20.88623719693002,0 77.73848996381301,20.88367707314653,0 77.73935425807933,20.88211294049526,0 77.74016195705187,20.88056775015767,0 77.74016055628788,20.88056506512073,0 77.74081802180352,20.87934728445479,0 77.74150982030837,20.87806588973092,0 77.74265130304809,20.8796420862966,0 77.7433121670056,20.88051083507495,0 77.74355531622523,20.88090392288727,0 77.74370757611646,20.88117188922457,0 77.74458053138771,20.88328496738659,0 77.74521507614611,20.88487426249922,0 77.74549083833497,20.88566215670547,0 77.74554764568597,20.88601960112059,0 77.74562927445633,20.88722729934157,0 77.74576884675467,20.88875507880398,0 77.7459352026778,20.88964458127561,0 77.74659149506687,20.89180731828121,0 77.74701762773246,20.89356736965067,0 77.74716144422086,20.89406945298295,0 77.74722401453688,20.89432770311071,0 77.7440229052204,20.89469687408124,0 77.74396556417271,20.89459879755041,0 77.74198598995469,20.89453477799601,0 77.74022240637572,20.89452367551802,0 77.73953024885787,20.89457976186252,0 77.73829133666655,20.89464458936741,0 77.73592515690034,20.89479013476322,0 77.73454661448014,20.89484564704641,0 77.73206051065473,20.89495199392854,0 77.73186683632724,20.89497705001249,0 77.73143776364292,20.89498331742026,0 77.72973908427036,20.89507114405157,0 77.72968755232095,20.89507380757027,0 77.72961326578067,20.89507816774988,0 77.72954925568757,20.89508164844699,0 77.72949636665223,20.89508452439274,0 77.72943623689625,20.89508779404701,0 77.72936787079621,20.89509151154031,0 77.72936724869042,20.89508482035553,0 77.72936683869732,20.89508041059115,0 
						</coordinates>
					</LinearRing>
				</outerBoundaryIs>
			</Polygon>
		</Placemark>
	</Document>
	<Document>
		<name>Ward D4.kml</name>
		<StyleMap id="m_ylw-pushpin42">
			<Pair>
				<key>normal</key>
				<styleUrl>#s_ylw-pushpin42</styleUrl>
			</Pair>
			<Pair>
				<key>highlight</key>
				<styleUrl>#s_ylw-pushpin_hl42</styleUrl>
			</Pair>
		</StyleMap>
		<Style id="s_ylw-pushpin42">
			<IconStyle>
				<scale>1.1</scale>
				<Icon>
					<href>https://maps.google.com/mapfiles/kml/pushpin/ylw-pushpin.png</href>
				</Icon>
				<hotSpot x="20" y="2" xunits="pixels" yunits="pixels"/>
			</IconStyle>
			<LineStyle>
				<color>ffffff55</color>
				<width>3</width>
			</LineStyle>
			<PolyStyle>
				<fill>0</fill>
			</PolyStyle>
		</Style>
		<Style id="s_ylw-pushpin_hl42">
			<IconStyle>
				<scale>1.3</scale>
				<Icon>
					<href>https://maps.google.com/mapfiles/kml/pushpin/ylw-pushpin.png</href>
				</Icon>
				<hotSpot x="20" y="2" xunits="pixels" yunits="pixels"/>
			</IconStyle>
			<LineStyle>
				<color>ffffff55</color>
				<width>3</width>
			</LineStyle>
			<PolyStyle>
				<fill>0</fill>
			</PolyStyle>
		</Style>
		<Placemark>
			<name>Ward D4.kml</name>
			<styleUrl>#m_ylw-pushpin42</styleUrl>
			<Polygon>
				<tessellate>1</tessellate>
				<outerBoundaryIs>
					<LinearRing>
						<coordinates>
							77.75525972581961,20.88758326693072,0 77.75482364699026,20.8877596101592,0 77.75542289608406,20.88942937706349,0 77.7559285597046,20.89057259670201,0 77.75600385005768,20.89076955149417,0 77.75610043475135,20.89094693577286,0 77.75692604554362,20.89137706915328,0 77.75688286044404,20.89164544055069,0 77.7568208566952,20.89171081810493,0 77.75672779740204,20.89213955955585,0 77.75665173988909,20.89251038776678,0 77.75657568237622,20.89295671272194,0 77.75655429120074,20.89308994379463,0 77.75650009720029,20.89333184541492,0 77.75648150187126,20.89340396369695,0 77.75637208982469,20.89382829544979,0 77.75629269546664,20.89393467670285,0 77.75624240368337,20.89417315790784,0 77.75618464970783,20.89445833109185,0 77.75620247568726,20.89455825340779,0 77.75620544668385,20.89463319510104,0 77.75612820077241,20.89481916136348,0 77.75568635415875,20.89582426338918,0 77.75535835613468,20.89657367231616,0 77.75525496545315,20.89681015168962,0 77.75507581188558,20.89707555185606,0 77.75500540173913,20.89717985813263,0 77.75477009880879,20.89746629673235,0 77.75468096891095,20.89751292622019,0 77.75465503142642,20.89754018644796,0 77.75350233782531,20.89777699503877,0 77.75289327658815,20.89789769861493,0 77.75224803169081,20.89802271367506,0 77.75174159796822,20.89812083250235,0 77.75108460908793,20.89824811821126,0 77.75026238710377,20.89840741257346,0 77.74990210196097,20.89847721161124,0 77.74928183361894,20.89860862777234,0 77.74830441464228,20.89881619897469,0 77.74744311650085,20.89523201196887,0 77.74716144422086,20.89406945298295,0 77.74701762773246,20.89356736965067,0 77.74659149506687,20.89180731828121,0 77.7459352026778,20.88964458127561,0 77.74576884675467,20.88875507880398,0 77.74562927445633,20.88722729934157,0 77.74554764568597,20.88601960112059,0 77.74549083833497,20.88566215670547,0 77.74521507614611,20.88487426249922,0 77.74458053138771,20.88328496738659,0 77.74382476223423,20.88145555462388,0 77.74398387897362,20.88138505866164,0 77.74453035979469,20.88121206341854,0 77.74511818265034,20.8810413883425,0 77.74556384004538,20.88091479674547,0 77.74619338365851,20.8807673345455,0 77.74658887343443,20.88067737637178,0 77.74674206869658,20.8806110178371,0 77.74709363569829,20.88055162265061,0 77.74742614588635,20.88049253310285,0 77.74746995903129,20.88045599895318,0 77.74746849225765,20.88037540536869,0 77.74747826300667,20.88021401397538,0 77.74750236775843,20.88014196678738,0 77.74756830460348,20.88009910533791,0 77.74784649443582,20.88002297337582,0 77.74814862532936,20.87986583891044,0 77.74830343714684,20.87981856236238,0 77.74835767756377,20.88000579680341,0 77.74840117632382,20.88002181792103,0 77.74845186289595,20.88001383688903,0 77.74853167515411,20.88020961748708,0 77.74862759279365,20.8805221831115,0 77.74892666534024,20.88054603701704,0 77.74918002449007,20.88106029978305,0 77.74937181741865,20.88154330558984,0 77.74925607135118,20.88174700879932,0 77.74957170974831,20.88274994262646,0 77.74984882047511,20.88366073600554,0 77.7517091871244,20.88337520496207,0 77.751710160812,20.88328919789522,0 77.75247160707258,20.88280869112044,0 77.75253805839007,20.88293850760562,0 77.75294211392706,20.88363135412282,0 77.75308455147021,20.88394097029806,0 77.75308498037363,20.88394079430454,0 77.75326913103396,20.88431750710794,0 77.75341097837816,20.88460767935362,0 77.75342336981954,20.88463302803287,0 77.75344575842468,20.88467953035729,0 77.75346523012838,20.88471865992314,0 77.75347240146348,20.88473517700385,0 77.75350467238907,20.88480950362077,0 77.75350861258278,20.88481857869564,0 77.75359248480045,20.88501175330096,0 77.75363569116494,20.88513374397403,0 77.75366639761911,20.88518936205508,0 77.75371255063136,20.88526930613775,0 77.75389283283755,20.88552334179025,0 77.75436343869822,20.88619397019404,0 77.75459161123675,20.88648265037281,0 77.75481808786391,20.88677961835118,0 77.75503750963318,20.88702579012118,0 77.75506665789874,20.88705849180124,0 77.75512394525207,20.8871195391634,0 77.75517241884469,20.88715260043144,0 77.75523586713162,20.88717919058854,0 77.75530778123456,20.88722007108899,0 77.75531017071455,20.88725590751956,0 77.75530709446015,20.88729833554637,0 77.75525972581961,20.88758326693072,0 
						</coordinates>
					</LinearRing>
				</outerBoundaryIs>
			</Polygon>
		</Placemark>
	</Document>
	<Document>
		<name>Ward D4A.kml</name>
		<StyleMap id="m_ylw-pushpin43">
			<Pair>
				<key>normal</key>
				<styleUrl>#s_ylw-pushpin43</styleUrl>
			</Pair>
			<Pair>
				<key>highlight</key>
				<styleUrl>#s_ylw-pushpin_hl43</styleUrl>
			</Pair>
		</StyleMap>
		<Style id="s_ylw-pushpin43">
			<IconStyle>
				<scale>1.1</scale>
				<Icon>
					<href>https://maps.google.com/mapfiles/kml/pushpin/ylw-pushpin.png</href>
				</Icon>
				<hotSpot x="20" y="2" xunits="pixels" yunits="pixels"/>
			</IconStyle>
			<LineStyle>
				<color>ffffff55</color>
				<width>3</width>
			</LineStyle>
			<PolyStyle>
				<fill>0</fill>
			</PolyStyle>
		</Style>
		<Style id="s_ylw-pushpin_hl43">
			<IconStyle>
				<scale>1.3</scale>
				<Icon>
					<href>https://maps.google.com/mapfiles/kml/pushpin/ylw-pushpin.png</href>
				</Icon>
				<hotSpot x="20" y="2" xunits="pixels" yunits="pixels"/>
			</IconStyle>
			<LineStyle>
				<color>ffffff55</color>
				<width>3</width>
			</LineStyle>
			<PolyStyle>
				<fill>0</fill>
			</PolyStyle>
		</Style>
		<Placemark>
			<name>Ward D4A.kml</name>
			<styleUrl>#m_ylw-pushpin43</styleUrl>
			<Polygon>
				<tessellate>1</tessellate>
				<outerBoundaryIs>
					<LinearRing>
						<coordinates>
							77.74179222122146,20.87764242573209,0 77.74184631580916,20.87755202517651,0 77.74217686567653,20.87692989635335,0 77.74247555512862,20.8763733229177,0 77.74268951302227,20.87597934349143,0 77.74280020517627,20.87577691963847,0 77.74306681055242,20.87521881203368,0 77.74332617301471,20.87459469023301,0 77.74340908482787,20.87437408034828,0 77.74348445223777,20.87415789110882,0 77.74353520522878,20.87401375678646,0 77.7435898022041,20.87385178910732,0 77.7436499469468,20.87365925369939,0 77.74374944188365,20.87329410163381,0 77.74379881856791,20.87310221608612,0 77.74382725968455,20.8729890147023,0 77.74388841027506,20.87269671049238,0 77.7441053882404,20.87137890317097,0 77.74414217524239,20.87089248529137,0 77.74417180443693,20.86996325850418,0 77.7441322819537,20.86913072679418,0 77.74408149752222,20.86857354983243,0 77.74401020008747,20.86789440234272,0 77.74398523974273,20.86775148300331,0 77.74381506989209,20.86677772735098,0 77.74351468280376,20.86507059012622,0 77.74331429835445,20.86406155597906,0 77.74430635612184,20.86389708043061,0 77.7452594900705,20.86371154646986,0 77.74579660801412,20.86360835685102,0 77.74626246028029,20.8635639377895,0 77.74757207557961,20.86354498419942,0 77.74951391895432,20.86347954153658,0 77.75016516140801,20.86350841394417,0 77.75087820059092,20.86360835685104,0 77.75118480743956,20.86366388065932,0 77.7521800063215,20.8638361525864,0 77.75284629443304,20.86387899044938,0 77.75347317370773,20.86386738384104,0 77.75370999074944,20.86383127900731,0 77.75447486279667,20.86371466524204,0 77.75482292290148,20.86367545639275,0 77.75614307850415,20.86332069336603,0 77.75627011436005,20.86343871392028,0 77.75632849415022,20.8634929505944,0 77.7564435270222,20.86352991214875,0 77.75653222863413,20.86351653927852,0 77.75750128197491,20.8635465941896,0 77.75973467605142,20.8636473618188,0 77.76153292934765,20.86372847506001,0 77.76152805600007,20.86377636000009,0 77.76034441100009,20.86624825700003,0 77.76141397000008,20.86667467200011,0 77.7632607420001,20.86749418400007,0 77.76311813400009,20.87011926000001,0 77.76281865700014,20.87127188000004,0 77.76219831300013,20.87301745000015,0 77.76106620483441,20.87545753288956,0 77.75951810008191,20.87613111954996,0 77.75881098891948,20.8764387854816,0 77.75763486246908,20.87730551348476,0 77.75620878410339,20.87853580412444,0 77.75548623773142,20.87891776956577,0 77.75500123688039,20.87914070013557,0 77.75341842410113,20.87986823749441,0 77.75148846471289,20.88074319564489,0 77.75174896169442,20.88123746702208,0 77.75191533750373,20.88163274971159,0 77.75221481396055,20.8822989541373,0 77.75238118976986,20.88263205524191,0 77.75247160707258,20.88280869112044,0 77.751710160812,20.88328919789522,0 77.7517091871244,20.88337520496207,0 77.74984882047511,20.88366073600554,0 77.74957170974831,20.88274994262646,0 77.74925607135118,20.88174700879932,0 77.74937181741865,20.88154330558984,0 77.74918002449007,20.88106029978305,0 77.74892666534024,20.88054603701704,0 77.74862759279365,20.8805221831115,0 77.74853167515411,20.88020961748708,0 77.74845186289595,20.88001383688903,0 77.74840117632382,20.88002181792103,0 77.74835767756377,20.88000579680341,0 77.74830343714684,20.87981856236238,0 77.74814862532936,20.87986583891044,0 77.74784649443582,20.88002297337582,0 77.74756830460348,20.88009910533791,0 77.74750236775843,20.88014196678741,0 77.74747826300667,20.88021401397541,0 77.74746849225765,20.88037540536869,0 77.74746995903129,20.88045599895318,0 77.74742614588635,20.88049253310285,0 77.74709363569829,20.88055162265066,0 77.74674206869658,20.88061101783713,0 77.74658887343443,20.88067737637182,0 77.74619338365851,20.88076733454553,0 77.74556384004538,20.88091479674547,0 77.74511818265034,20.8810413883425,0 77.74453035979469,20.88121206341854,0 77.74398387897362,20.88138505866164,0 77.74382476223423,20.88145555462388,0 77.74370757611646,20.88117188922457,0 77.74355531622523,20.88090392288727,0 77.7433121670056,20.88051083507495,0 77.74265130304809,20.8796420862966,0 77.74153413387494,20.87809946256169,0 77.74179222122146,20.87764242573209,0 
						</coordinates>
					</LinearRing>
				</outerBoundaryIs>
			</Polygon>
		</Placemark>
	</Document>
	<Document>
		<name>Ward D5.kml</name>
		<StyleMap id="m_ylw-pushpin44">
			<Pair>
				<key>normal</key>
				<styleUrl>#s_ylw-pushpin44</styleUrl>
			</Pair>
			<Pair>
				<key>highlight</key>
				<styleUrl>#s_ylw-pushpin_hl44</styleUrl>
			</Pair>
		</StyleMap>
		<Style id="s_ylw-pushpin44">
			<IconStyle>
				<scale>1.1</scale>
				<Icon>
					<href>https://maps.google.com/mapfiles/kml/pushpin/ylw-pushpin.png</href>
				</Icon>
				<hotSpot x="20" y="2" xunits="pixels" yunits="pixels"/>
			</IconStyle>
			<LineStyle>
				<color>ffffff55</color>
				<width>3</width>
			</LineStyle>
			<PolyStyle>
				<fill>0</fill>
			</PolyStyle>
		</Style>
		<Style id="s_ylw-pushpin_hl44">
			<IconStyle>
				<scale>1.3</scale>
				<Icon>
					<href>https://maps.google.com/mapfiles/kml/pushpin/ylw-pushpin.png</href>
				</Icon>
				<hotSpot x="20" y="2" xunits="pixels" yunits="pixels"/>
			</IconStyle>
			<LineStyle>
				<color>ffffff55</color>
				<width>3</width>
			</LineStyle>
			<PolyStyle>
				<fill>0</fill>
			</PolyStyle>
		</Style>
		<Placemark>
			<name>Ward D5.kml</name>
			<styleUrl>#m_ylw-pushpin44</styleUrl>
			<Polygon>
				<tessellate>1</tessellate>
				<outerBoundaryIs>
					<LinearRing>
						<coordinates>
							77.74579660801412,20.86360835685102,0 77.7452594900705,20.86371154646986,0 77.74430635612184,20.86389708043061,0 77.74326690947986,20.86406941253986,0 77.74326051178255,20.86402384389222,0 77.74297347307206,20.86401077093668,0 77.74296086185826,20.86401019655757,0 77.74287263794348,20.86400617836324,0 77.74268615287221,20.86397255350279,0 77.74204577242183,20.86385632176019,0 77.74140770711017,20.86373867834425,0 77.74131725529939,20.86372501816614,0 77.74061372330573,20.86369392484861,0 77.73999876202899,20.8636629400821,0 77.73964399001699,20.86364506390812,0 77.73918289134546,20.86358731913966,0 77.73880704804129,20.86352449872921,0 77.73876729214578,20.86336086734824,0 77.73844252425285,20.86337662677206,0 77.73844188050153,20.86346118614146,0 77.73817156935526,20.8634642002844,0 77.73812395196045,20.86342766565941,0 77.7380779735102,20.86337854549197,0 77.73798293618894,20.86335797172259,0 77.73733610657845,20.86335459064419,0 77.73689257034557,20.86338557567627,0 77.73675087011709,20.86341949314208,0 77.73664308942293,20.86343196682924,0 77.73654693323559,20.86341977051565,0 77.73644172329018,20.86340790468807,0 77.73620818827939,20.86344248549225,0 77.73594998699714,20.86346023323322,0 77.73590096105426,20.86346360303959,0 77.73587349370591,20.86346485325702,0 77.73576112648246,20.86346040899787,0 77.73561480198117,20.86349767203279,0 77.73524456908045,20.86359152364879,0 77.73521193684962,20.86359942760428,0 77.73512166221049,20.86362129327341,0 77.7350986974777,20.86362685561627,0 77.73509746582843,20.8636207576037,0 77.73508812551793,20.86354623572121,0 77.73504130910695,20.86317270822066,0 77.73498100277305,20.86264829061523,0 77.73549295368088,20.86259279748731,0 77.73585259661012,20.86258131221149,0 77.73589500169763,20.86256534635876,0 77.73588640572359,20.86232085606363,0 77.73595250789484,20.86208366505966,0 77.73588641041967,20.8613084335404,0 77.73583115169305,20.8606603147848,0 77.73582924650297,20.86064824420514,0 77.73582763888338,20.86063863951435,0 77.73582751797993,20.86063881870475,0 77.73581778267618,20.86058122719642,0 77.73579323699165,20.86043460189592,0 77.73579300870117,20.86043467056768,0 77.73578078625881,20.8603608272715,0 77.73575959251195,20.86023599855893,0 77.7357352222952,20.86009246045017,0 77.73572536873162,20.86003452742786,0 77.73571429722244,20.85996903053868,0 77.73570919697715,20.85993885845561,0 77.73569760240539,20.85984841933744,0 77.73568245173657,20.8597302419688,0 77.73567422769796,20.85966609318286,0 77.73566874145844,20.8596232996116,0 77.73564684659628,20.85945251571759,0 77.73581607250895,20.85945269002375,0 77.73560790289103,20.85874895015912,0 77.73644708703569,20.8585224196356,0 77.73644505311621,20.85850145860856,0 77.73729325374164,20.85840714077128,0 77.73730144951963,20.85835868027029,0 77.73755117004352,20.85829882847244,0 77.7375594961299,20.85829683290972,0 77.73755315413477,20.85826402698536,0 77.73755024306909,20.85824896859463,0 77.73780181208001,20.85820477283519,0 77.7378025103972,20.85818632076564,0 77.7381250050677,20.85814485119409,0 77.73814312617597,20.85734960991822,0 77.73833393471412,20.8571707441863,0 77.7385095260085,20.85714886519886,0 77.73872983051443,20.85712141460549,0 77.73942502015504,20.85705556600128,0 77.73952960098082,20.85701210736375,0 77.73948839488443,20.85671251222166,0 77.74009219261383,20.85660319933314,0 77.74063776952579,20.85647559791685,0 77.74131523512625,20.85627450300586,0 77.74188656972309,20.8560476166376,0 77.74245369024798,20.85576052900142,0 77.74303280255846,20.85536954543012,0 77.74309959523822,20.85533223096056,0 77.74340697117381,20.85513022439384,0 77.74376101778503,20.85483928885452,0 77.74400978278038,20.85461723252365,0 77.74416548942949,20.85446839395014,0 77.74442356952862,20.85420198277263,0 77.74606294513838,20.85228495491469,0 77.74678690729023,20.85143197794803,0 77.7491525797505,20.84865838744356,0 77.74944710835599,20.84833459174729,0 77.7494574910001,20.84840881900005,0 77.74939807200015,20.84894745400012,0 77.7498377790001,20.85141293200012,0 77.75044980400011,20.85144069600004,0 77.75320094700005,20.85130187500005,0 77.75354558300006,20.85136295600012,0 77.75457354800004,20.851385168,0 77.75555991800006,20.85125189900005,0 77.75652252100009,20.85131298100003,0 77.76161481000008,20.85131298100009,0 77.76460838600008,20.85122302500004,0 77.76458699500004,20.85161616500012,0 77.76532855500012,20.8516028380001,0 77.7660986380001,20.85248906700001,0 77.7654640330001,20.85224918600005,0 77.76549255400009,20.85288220400003,0 77.7653998590001,20.854761252,0 77.76539272900011,20.85589400100008,0 77.76521446900007,20.856300455,0 77.76525725100005,20.85725328700009,0 77.76518594700011,20.85743985500007,0 77.7650148180001,20.85968531400011,0 77.76470821100017,20.86180414300006,0 77.76409322718628,20.86349510674042,0 77.76385530250666,20.86349748035142,0 77.76369293582819,20.86351332850403,0 77.76347618194498,20.86353448499523,0 77.76311852189342,20.86356939417447,0 77.76289336191985,20.86359137038115,0 77.76283295717269,20.86360279223765,0 77.76254919405088,20.86365644834171,0 77.76227141603087,20.86370897225437,0 77.76212852527384,20.86372192596949,0 77.76211005265812,20.86372360058969,0 77.76197363385911,20.86373596746429,0 77.76193232082439,20.86373526515107,0 77.76186703766537,20.86373415533019,0 77.76153292934765,20.86372847506001,0 77.76006332009887,20.8636621872901,0 77.75973467605316,20.86364736181889,0 77.75898193136037,20.86361340232341,0 77.7577273881476,20.86355679712744,0 77.7571457150862,20.86353556702711,0 77.75653222863413,20.86351653927852,0 77.7564994090402,20.86352148724568,0 77.7564435270222,20.86352991214875,0 77.75632849415022,20.8634929505944,0 77.75627011436005,20.86343871392028,0 77.75614307850415,20.86332069336603,0 77.75527281757853,20.86355455830306,0 77.75482292290148,20.86367545639275,0 77.75447486279667,20.86371466524204,0 77.75370999074944,20.86383127900731,0 77.75347317370773,20.86386738384104,0 77.75284629443304,20.86387899044938,0 77.7521800063215,20.8638361525864,0 77.75118851358337,20.86366412637326,0 77.75113242345645,20.86365439442277,0 77.75087820059092,20.86360835685104,0 77.75016516140801,20.86350841394417,0 77.74951391895432,20.86347954153658,0 77.74757207557961,20.86354498419942,0 77.74626246028029,20.8635639377895,0 77.74579660801412,20.86360835685102,0 
						</coordinates>
					</LinearRing>
				</outerBoundaryIs>
			</Polygon>
		</Placemark>
	</Document>
	<Document>
		<name>Ward D6.kml</name>
		<StyleMap id="m_ylw-pushpin45">
			<Pair>
				<key>normal</key>
				<styleUrl>#s_ylw-pushpin45</styleUrl>
			</Pair>
			<Pair>
				<key>highlight</key>
				<styleUrl>#s_ylw-pushpin_hl45</styleUrl>
			</Pair>
		</StyleMap>
		<Style id="s_ylw-pushpin45">
			<IconStyle>
				<scale>1.1</scale>
				<Icon>
					<href>https://maps.google.com/mapfiles/kml/pushpin/ylw-pushpin.png</href>
				</Icon>
				<hotSpot x="20" y="2" xunits="pixels" yunits="pixels"/>
			</IconStyle>
			<LineStyle>
				<color>ffffff55</color>
				<width>3</width>
			</LineStyle>
			<PolyStyle>
				<fill>0</fill>
			</PolyStyle>
		</Style>
		<Style id="s_ylw-pushpin_hl45">
			<IconStyle>
				<scale>1.3</scale>
				<Icon>
					<href>https://maps.google.com/mapfiles/kml/pushpin/ylw-pushpin.png</href>
				</Icon>
				<hotSpot x="20" y="2" xunits="pixels" yunits="pixels"/>
			</IconStyle>
			<LineStyle>
				<color>ffffff55</color>
				<width>3</width>
			</LineStyle>
			<PolyStyle>
				<fill>0</fill>
			</PolyStyle>
		</Style>
		<Placemark>
			<name>Ward D6.kml</name>
			<styleUrl>#m_ylw-pushpin45</styleUrl>
			<Polygon>
				<tessellate>1</tessellate>
				<outerBoundaryIs>
					<LinearRing>
						<coordinates>
							77.73312110278775,20.86676222895005,0 77.73360466947682,20.86710387125607,0 77.73365938290372,20.86716652900734,0 77.73387860555439,20.86741758176095,0 77.73448259007547,20.86810925567926,0 77.73502509282395,20.86873099548722,0 77.73519049502757,20.86893974039684,0 77.73527860305643,20.86905093630117,0 77.7356064759213,20.86950528714661,0 77.73631238471236,20.87064125561415,0 77.73644685960886,20.87094807901157,0 77.73628996350409,20.87097425783149,0 77.73604753018196,20.87093428263591,0 77.73580509685978,20.87089430742965,0 77.73546283805203,20.87094760770222,0 77.73510631846052,20.87104088313377,0 77.73493518905667,20.87089430742967,0 77.734963710624,20.87062780578307,0 77.73492092827303,20.87029467806029,0 77.73474979886917,20.87012145135258,0 77.73439327927775,20.87002817535042,0 77.7340367596863,20.87036130366398,0 77.73363745774388,20.8707210814132,0 77.73304210596163,20.87079053929785,0 77.73324692515189,20.87146351630595,0 77.73329733814087,20.87213676777107,0 77.73330114101654,20.87250275956928,0 77.73326881657356,20.87274438473385,0 77.73317554132173,20.87274842524927,0 77.73239031918979,20.87285550099458,0 77.73178355663329,20.87271273333396,0 77.73115822059222,20.87276392792878,0 77.73027215056763,20.87274616138803,0 77.7297912729061,20.87139801150265,0 77.72953496598254,20.87053552651355,0 77.72914840081538,20.86992658476279,0 77.72828895092029,20.87058218102373,0 77.72717577841873,20.87147190541973,0 77.72633617427813,20.87227357063495,0 77.7253721453028,20.8733662124149,0 77.72456783710454,20.87463828616822,0 77.72387191086212,20.87560299413792,0 77.72310563142024,20.87651617424349,0 77.72305048972338,20.8766085579138,0 77.72283562724964,20.87710067766209,0 77.72264138618895,20.8777973585962,0 77.72248409893247,20.87833563352334,0 77.72225118468852,20.87894583520884,0 77.72008276687234,20.87890075306115,0 77.71698794935692,20.87883641072368,0 77.71699875900011,20.87863378200006,0 77.71675632600008,20.8777010730001,0 77.71694171600005,20.87771439700011,0 77.71662797900004,20.8774812190001,0 77.71617163400006,20.87680166800007,0 77.71577946200013,20.87629533500012,0 77.71522329200006,20.87590892100015,0 77.71465286100005,20.87558913000008,0 77.7144532100001,20.8754358960001,0 77.71403251600003,20.87501616900011,0 77.71349773700011,20.87463641400005,0 77.7130699140001,20.87432328200012,0 77.71291304500012,20.87436991900012,0 77.71262069900007,20.87447651700013,0 77.71213583200009,20.87365704300009,0 77.71183635600005,20.87343052000004,0 77.71171513900006,20.87327728500012,0 77.71175792100007,20.873030774,0 77.71202887600008,20.87251776600008,0 77.71171513900006,20.87189149300006,0 77.71092366600007,20.87168495500006,0 77.71073827500004,20.87105867900009,0 77.71028193000008,20.87069224000016,0 77.70996106300005,20.87059230100012,0 77.7098541070001,20.87040575000005,0 77.70961880400006,20.87017256000008,0 77.70760090300011,20.86911987100006,0 77.70851359300009,20.86891333000006,0 77.70966871700004,20.86889334200004,0 77.71012506200006,20.86877341500013,0 77.71074540600009,20.8685935240001,0 77.71235687400014,20.86828037900005,0 77.71518051000004,20.86756747400005,0 77.71509494500005,20.8670810970001,0 77.71538729100008,20.86696116900006,0 77.7157865930001,20.86686789100004,0 77.71612885200005,20.86682791400005,0 77.71640693700006,20.86655474300005,0 77.71632137200002,20.86610833900012,0 77.71648537100006,20.86606836300015,0 77.71660658800005,20.86522219100006,0 77.71731249700011,20.86534212100006,0 77.71836066400006,20.86524218000012,0 77.71915213800015,20.86496234200009,0 77.71917352900005,20.86487572600004,0 77.71917352900003,20.86439600300006,0 77.71982952500009,20.86434936400006,0 77.7199317270001,20.86367863800011,0 77.71991271300008,20.86239936400012,0 77.71997926300008,20.85964533500012,0 77.71977961200008,20.85737100300006,0 77.71687041200006,20.85686460400013,0 77.71021538000008,20.85573630500007,0 77.71008584500002,20.851635045,0 77.71005613500006,20.85107420900008,0 77.70990758500007,20.84903074800004,0 77.70956294900009,20.84788128900008,0 77.70911730000012,20.84767027600004,0 77.70854686800003,20.84734820400013,0 77.70794672700006,20.84714274300006,0 77.70786353900007,20.84701502400001,0 77.70904599600006,20.84695394100014,0 77.71287858100003,20.8456711940001,0 77.7152494370001,20.84487710600012,0 77.71578421600003,20.84467164200008,0 77.71744203200006,20.84418297000012,0 77.71830362100009,20.84404969600013,0 77.71952767200011,20.84365542500002,0 77.71980100300006,20.84337776900007,0 77.72144693600008,20.84242262800008,0 77.72215403300002,20.842267139,0 77.72405547100006,20.84188952300012,0 77.72645603600009,20.84098990500014,0 77.72668777400008,20.84097879800009,0 77.72760878200005,20.84087328700008,0 77.73046688100008,20.84025132500021,0 77.73075178088042,20.84012248964713,0 77.73020244108406,20.84279214709348,0 77.73007409403114,20.84347185116013,0 77.72996000776189,20.84482236516297,0 77.72948464830658,20.84611067314582,0 77.72873000261768,20.84859669705807,0 77.72836735929934,20.85022733923841,0 77.72799616338263,20.85116008795256,0 77.72772014590591,20.85165501584187,0 77.72759034087736,20.85185239440951,0 77.72740970428433,20.85206340126769,0 77.72707293251231,20.85229271139159,0 77.7260658629675,20.85265245918945,0 77.72585262212031,20.85279052148747,0 77.72622705528858,20.85338253381667,0 77.72715063338123,20.85475537857482,0 77.72773294871392,20.85573265214497,0 77.72804668595445,20.85629236051145,0 77.72825397798255,20.85681779187278,0 77.7285620680118,20.85757435904654,0 77.72894416557185,20.85846897068215,0 77.72940859079377,20.85947288596148,0 77.72981264633076,20.86025245979729,0 77.73009548520659,20.86101648265462,0 77.73057761296876,20.86207804506936,0 77.73115315999459,20.86336183089414,0 77.7317307217327,20.86469661975707,0 77.73234040348031,20.86599196723845,0 77.7325604707937,20.86627558784632,0 77.73258969302556,20.86631324913358,0 77.73259974663739,20.86630968020802,0 77.73312110278775,20.86676222895005,0 
						</coordinates>
					</LinearRing>
				</outerBoundaryIs>
			</Polygon>
		</Placemark>
	</Document>
	<Document>
		<name>Ward D7.kml</name>
		<StyleMap id="m_ylw-pushpin46">
			<Pair>
				<key>normal</key>
				<styleUrl>#s_ylw-pushpin46</styleUrl>
			</Pair>
			<Pair>
				<key>highlight</key>
				<styleUrl>#s_ylw-pushpin_hl46</styleUrl>
			</Pair>
		</StyleMap>
		<Style id="s_ylw-pushpin46">
			<IconStyle>
				<scale>1.1</scale>
				<Icon>
					<href>https://maps.google.com/mapfiles/kml/pushpin/ylw-pushpin.png</href>
				</Icon>
				<hotSpot x="20" y="2" xunits="pixels" yunits="pixels"/>
			</IconStyle>
			<LineStyle>
				<color>ffffff55</color>
				<width>3</width>
			</LineStyle>
			<PolyStyle>
				<fill>0</fill>
			</PolyStyle>
		</Style>
		<Style id="s_ylw-pushpin_hl46">
			<IconStyle>
				<scale>1.3</scale>
				<Icon>
					<href>https://maps.google.com/mapfiles/kml/pushpin/ylw-pushpin.png</href>
				</Icon>
				<hotSpot x="20" y="2" xunits="pixels" yunits="pixels"/>
			</IconStyle>
			<LineStyle>
				<color>ffffff55</color>
				<width>3</width>
			</LineStyle>
			<PolyStyle>
				<fill>0</fill>
			</PolyStyle>
		</Style>
		<Placemark>
			<name>Ward D7.kml</name>
			<styleUrl>#m_ylw-pushpin46</styleUrl>
			<Polygon>
				<tessellate>1</tessellate>
				<outerBoundaryIs>
					<LinearRing>
						<coordinates>
							77.73883211933581,20.87079153120199,0 77.73870151762924,20.87087722671432,0 77.73840052813517,20.87109702814918,0 77.73819659127315,20.87120300723849,0 77.73808803281563,20.87124296453721,0 77.73794251890529,20.87120707603252,0 77.73786727956725,20.87112228863577,0 77.73765598400503,20.87082231047185,0 77.73746526117843,20.87066412867377,0 77.73725370466548,20.87056002531966,0 77.73706315105518,20.87056307581085,0 77.7368412711631,20.87059051427084,0 77.7366156353428,20.87076133306739,0 77.73644685939452,20.87094807909457,0 77.73631238471236,20.87064125561415,0 77.7356064759213,20.86950528714661,0 77.73527860305643,20.86905093630117,0 77.73509363462635,20.86881749837748,0 77.73502509282396,20.86873099548725,0 77.7346107361878,20.86825611927878,0 77.73415948451974,20.86773924124967,0 77.73380051569501,20.86732815375972,0 77.73360466947682,20.86710387125607,0 77.73312110278775,20.86676222895005,0 77.73259974663739,20.86630968020802,0 77.73258969302556,20.86631324913358,0 77.73234040348031,20.86599196723845,0 77.7317307217327,20.86469661975707,0 77.73115315999459,20.86336183089411,0 77.73057761296877,20.86207804506936,0 77.73009548520659,20.86101648265462,0 77.72981264633076,20.86025245979729,0 77.72969390112088,20.86002335641712,0 77.7300443668958,20.86000077058776,0 77.73011653775234,20.85918226412551,0 77.73247879232741,20.85936834179739,0 77.73323578015329,20.85941983940058,0 77.73381622771245,20.85945932471896,0 77.73415813954198,20.85948258255035,0 77.73416371585351,20.8594013158801,0 77.73564684659634,20.85945251571759,0 77.73568094557203,20.85971849365624,0 77.735695010854,20.85982820488816,0 77.73570919697715,20.85993885845561,0 77.73571999074483,20.86000271231669,0 77.73572136781821,20.86001085881346,0 77.73577271628476,20.86031329609367,0 77.73579168075742,20.86042681477405,0 77.73579988998566,20.86047334576055,0 77.73580289713949,20.86049105748799,0 77.73581954247862,20.86059163773148,0 77.73583115169305,20.8606603147848,0 77.7358599758295,20.86097353663553,0 77.73595250789484,20.86208366505962,0 77.73588640572359,20.86232085606363,0 77.73589500169763,20.86256534635876,0 77.73585259661012,20.86258131221149,0 77.73549295368088,20.86259279748731,0 77.73498100277305,20.86264829061523,0 77.73504130910695,20.86317270822066,0 77.73508812551796,20.86354623572121,0 77.73509746582843,20.8636207576037,0 77.7350986974777,20.86362685561627,0 77.73518152737623,20.86360679317253,0 77.73519547172594,20.86360341567121,0 77.73537025319141,20.86355966364976,0 77.73552004445546,20.8635216925301,0 77.73576112648246,20.86346040899787,0 77.73587349370591,20.86346485325702,0 77.73591062665329,20.86346293867414,0 77.73607959583349,20.86345132448028,0 77.73620818827939,20.86344248549225,0 77.73632396279892,20.86342534216816,0 77.73644172329018,20.86340790468807,0 77.73651082609025,20.86341569827363,0 77.73664308942293,20.86343196682924,0 77.73675087011709,20.86341949314208,0 77.73689257034557,20.86338557567627,0 77.7370781169022,20.86337261370544,0 77.73723767741302,20.86336146691456,0 77.73733610657845,20.86335459064419,0 77.73747657149801,20.86335532508442,0 77.73769503502757,20.86335646712141,0 77.73784436217315,20.86335724758109,0 77.73798293618894,20.86335797172259,0 77.7380779735102,20.86337854549197,0 77.7381168828778,20.86342011354805,0 77.73813747788743,20.86343804348106,0 77.73817156935526,20.8634642002844,0 77.73844188050153,20.86346118614146,0 77.73844252425285,20.86337662677206,0 77.73876729214578,20.86336086734824,0 77.73880704804129,20.86352449872921,0 77.73918289134546,20.86358731913966,0 77.73964399001699,20.86364506390812,0 77.74061372330573,20.86369392484861,0 77.74131725529939,20.86372501816619,0 77.74140770711016,20.86373867834428,0 77.74204577242183,20.86385632176019,0 77.74268615287221,20.86397255350279,0 77.74287263794348,20.86400617836324,0 77.74297347307206,20.86401077093668,0 77.74326051178255,20.86402384389222,0 77.74326690947986,20.86406941253986,0 77.74331429835445,20.86406155597906,0 77.74351468280376,20.86507059012622,0 77.74381506989209,20.86677772735098,0 77.74398083587991,20.86772628318782,0 77.74389792142333,20.86775076246335,0 77.74345957370376,20.86802006302033,0 77.74325443081166,20.86805918417231,0 77.74306356910579,20.86804504761052,0 77.74240618460821,20.8682032114529,0 77.74181372352777,20.86832593507239,0 77.74167794786695,20.86832237930224,0 77.74126064241753,20.86826600886902,0 77.74090311730747,20.86814275190472,0 77.74076687382062,20.86811340526058,0 77.74052885030547,20.86802119565408,0 77.74040523489111,20.86793145183348,0 77.74030482857677,20.8678626770776,0 77.7401986611661,20.86782272955969,0 77.74011512459271,20.86786246284969,0 77.74003423431625,20.86790586661499,0 77.73998069868318,20.867980773237,0 77.73976435293298,20.86838314774903,0 77.73961308189466,20.86845006553659,0 77.73951327382703,20.86855198878474,0 77.73935941850715,20.86861655910451,0 77.73928962196008,20.8686917260641,0 77.73927586448673,20.86891409290315,0 77.7393076661459,20.86912617519154,0 77.73930902279474,20.86976154001806,0 77.73925496069241,20.87000366191845,0 77.73910604055001,20.87034046162911,0 77.73883211933581,20.87079153120199,0 
						</coordinates>
					</LinearRing>
				</outerBoundaryIs>
			</Polygon>
		</Placemark>
	</Document>
	<Document>
		<name>Ward D7A.kml</name>
		<StyleMap id="m_ylw-pushpin47">
			<Pair>
				<key>normal</key>
				<styleUrl>#s_ylw-pushpin47</styleUrl>
			</Pair>
			<Pair>
				<key>highlight</key>
				<styleUrl>#s_ylw-pushpin_hl47</styleUrl>
			</Pair>
		</StyleMap>
		<Style id="s_ylw-pushpin47">
			<IconStyle>
				<scale>1.1</scale>
				<Icon>
					<href>https://maps.google.com/mapfiles/kml/pushpin/ylw-pushpin.png</href>
				</Icon>
				<hotSpot x="20" y="2" xunits="pixels" yunits="pixels"/>
			</IconStyle>
			<LineStyle>
				<color>ffffff55</color>
				<width>3</width>
			</LineStyle>
			<PolyStyle>
				<fill>0</fill>
			</PolyStyle>
		</Style>
		<Style id="s_ylw-pushpin_hl47">
			<IconStyle>
				<scale>1.3</scale>
				<Icon>
					<href>https://maps.google.com/mapfiles/kml/pushpin/ylw-pushpin.png</href>
				</Icon>
				<hotSpot x="20" y="2" xunits="pixels" yunits="pixels"/>
			</IconStyle>
			<LineStyle>
				<color>ffffff55</color>
				<width>3</width>
			</LineStyle>
			<PolyStyle>
				<fill>0</fill>
			</PolyStyle>
		</Style>
		<Placemark>
			<name>Ward D7A.kml</name>
			<styleUrl>#m_ylw-pushpin47</styleUrl>
			<Polygon>
				<tessellate>1</tessellate>
				<outerBoundaryIs>
					<LinearRing>
						<coordinates>
							77.74410538824038,20.87137890317104,0 77.74388841027506,20.87269671049238,0 77.74382725968455,20.8729890147023,0 77.74379881856791,20.87310221608612,0 77.74374944188365,20.87329410163381,0 77.74364994694672,20.87365925369971,0 77.7435898022041,20.87385178910732,0 77.74353520522878,20.87401375678646,0 77.74348445223777,20.87415789110882,0 77.74340908482787,20.87437408034828,0 77.74332617301471,20.87459469023301,0 77.74306681055242,20.87521881203368,0 77.74280020517627,20.87577691963847,0 77.74268951302227,20.87597934349143,0 77.74247555512862,20.8763733229177,0 77.74217686567653,20.87692989635335,0 77.74184631580916,20.87755202517651,0 77.74179222122147,20.87764242573209,0 77.74153413387494,20.87809946256169,0 77.74152570206925,20.87808781948467,0 77.74144270163318,20.87797320911898,0 77.74063696735651,20.87682730267599,0 77.73972427720244,20.87563475122398,0 77.73893993410124,20.87460874966166,0 77.73832315520805,20.87389920552186,0 77.73763507239656,20.87320298289774,0 77.73744968220906,20.87295980390041,0 77.73677229498533,20.87169060302011,0 77.73644685939452,20.87094807909457,0 77.7366156353428,20.87076133306739,0 77.7368412711631,20.87059051427084,0 77.7370631510552,20.87056307581085,0 77.73725370466549,20.87056002531966,0 77.73746526117843,20.87066412867377,0 77.73765598400503,20.87082231047185,0 77.73786727956725,20.87112228863577,0 77.73794251890529,20.87120707603252,0 77.73808803281563,20.87124296453721,0 77.73819659127315,20.87120300723849,0 77.73840052813517,20.87109702814918,0 77.73870151762924,20.87087722671432,0 77.73883211933581,20.87079153120199,0 77.73910604055001,20.87034046162911,0 77.73925496069241,20.87000366191848,0 77.73930902279474,20.86976154001806,0 77.7393076661459,20.86912617519154,0 77.73927586448673,20.86891409290315,0 77.73928962196008,20.8686917260641,0 77.73935941850715,20.86861655910451,0 77.73951327382703,20.86855198878474,0 77.73961308189466,20.86845006553659,0 77.73976435293298,20.86838314774903,0 77.73998069868318,20.867980773237,0 77.74003423431625,20.86790586661499,0 77.74011512459271,20.86786246284969,0 77.7401986611661,20.86782272955969,0 77.74030482857677,20.8678626770776,0 77.74040523489111,20.86793145183348,0 77.74052885030547,20.86802119565408,0 77.74076687382062,20.86811340526058,0 77.74090311730747,20.86814275190472,0 77.74126064241753,20.86826600886902,0 77.74167794786696,20.86832237930224,0 77.74181372352777,20.86832593507243,0 77.74240618460821,20.8682032114529,0 77.74306356910579,20.86804504761052,0 77.74325443081166,20.86805918417231,0 77.74345957370376,20.86802006302036,0 77.74389792142333,20.86775076246335,0 77.74398083587991,20.86772628318782,0 77.74398523974273,20.86775148300331,0 77.74401020008747,20.86789440234272,0 77.74408149752222,20.86857354983243,0 77.7441322819537,20.86913072679418,0 77.74417180443693,20.86996325850418,0 77.74414217524239,20.87089248529137,0 77.74410538824038,20.87137890317104,0 
						</coordinates>
					</LinearRing>
				</outerBoundaryIs>
			</Polygon>
		</Placemark>
	</Document>
	<Document>
		<name>Ward D8.kml</name>
		<StyleMap id="m_ylw-pushpin48">
			<Pair>
				<key>normal</key>
				<styleUrl>#s_ylw-pushpin48</styleUrl>
			</Pair>
			<Pair>
				<key>highlight</key>
				<styleUrl>#s_ylw-pushpin_hl48</styleUrl>
			</Pair>
		</StyleMap>
		<Style id="s_ylw-pushpin48">
			<IconStyle>
				<scale>1.1</scale>
				<Icon>
					<href>https://maps.google.com/mapfiles/kml/pushpin/ylw-pushpin.png</href>
				</Icon>
				<hotSpot x="20" y="2" xunits="pixels" yunits="pixels"/>
			</IconStyle>
			<LineStyle>
				<color>ffffff55</color>
				<width>3</width>
			</LineStyle>
			<PolyStyle>
				<fill>0</fill>
			</PolyStyle>
		</Style>
		<Style id="s_ylw-pushpin_hl48">
			<IconStyle>
				<scale>1.3</scale>
				<Icon>
					<href>https://maps.google.com/mapfiles/kml/pushpin/ylw-pushpin.png</href>
				</Icon>
				<hotSpot x="20" y="2" xunits="pixels" yunits="pixels"/>
			</IconStyle>
			<LineStyle>
				<color>ffffff55</color>
				<width>3</width>
			</LineStyle>
			<PolyStyle>
				<fill>0</fill>
			</PolyStyle>
		</Style>
		<Placemark>
			<name>Ward D8.kml</name>
			<styleUrl>#m_ylw-pushpin48</styleUrl>
			<Polygon>
				<tessellate>1</tessellate>
				<outerBoundaryIs>
					<LinearRing>
						<coordinates>
							77.72718584380911,20.89533768104937,0 77.72718178160035,20.89542230531158,0 77.72715977752935,20.89578693089673,0 77.72714948060263,20.89597926196291,0 77.72708439404228,20.89606987675032,0 77.72696590121542,20.89619418855262,0 77.72698571548062,20.8962356741889,0 77.7282291054878,20.89717129177105,0 77.72848366495124,20.89736727761653,0 77.728225203883,20.8992922662663,0 77.72820667672556,20.89929115932454,0 77.72807309397932,20.89928317830053,0 77.72738085177266,20.89923876978879,0 77.72698868022212,20.89921934106078,0 77.72675397149112,20.89924432085348,0 77.72654005973624,20.89930260702027,0 77.7263588289439,20.89932203573752,0 77.72510803937729,20.89934423998274,0 77.72475746177912,20.89929428042648,0 77.72422565338854,20.8993137091449,0 77.72379485888229,20.89932481126849,0 77.72362551207634,20.8993053825515,0 77.72335812238272,20.89925819851441,0 77.72321848554276,20.89920823892942,0 77.72311152966532,20.89913329952095,0 77.72299268980153,20.89897786951715,0 77.72283522698199,20.89880023502987,0 77.7227698650569,20.8987724796222,0 77.7226866771522,20.89875027529247,0 77.72144777157202,20.89885019475075,0 77.72106451301124,20.89889182783849,0 77.72089813720189,20.89902782917862,0 77.720728790396,20.89924432085348,0 77.72056122618801,20.89938143208603,0 77.7199622732744,20.8994169588627,0 77.71903056874216,20.89951465745518,0 77.71827510000017,20.89954494700002,0 77.71839631600005,20.89714687300012,0 77.7187884880001,20.89346309000004,0 77.71910222500004,20.89028550400011,0 77.71989233415829,20.89043259477623,0 77.7236043430685,20.89076759399917,0 77.72426303431374,20.89029488068412,0 77.72497192906313,20.89027999263637,0 77.72584041858683,20.89107948635782,0 77.72925289742074,20.89085696397026,0 77.72918798987511,20.8911609668302,0 77.72915893352612,20.8914516558261,0 77.72921783498698,20.89241863085027,0 77.72928874903967,20.8937555516397,0 77.72929517589263,20.89391118840142,0 77.72908050001737,20.89392312645453,0 77.72864911131173,20.89395643401935,0 77.72817731705243,20.89399307233211,0 77.72809650594503,20.89401638761729,0 77.72803114401999,20.89406523867956,0 77.72778633390051,20.89429728100757,0 77.72775068194137,20.89434502172912,0 77.72773760955636,20.8943738882046,0 77.72772453717137,20.89454930743597,0 77.72771384158358,20.89457484312982,0 77.72768056642168,20.89458261486185,0 77.72744764028864,20.89458261486185,0 77.72740129274177,20.89458483535661,0 77.7274036695391,20.89461703252745,0 77.72743219110633,20.89486683792833,0 77.72743932149821,20.89515328094294,0 77.72743456790361,20.89518436774889,0 77.7274191187213,20.89520879309179,0 77.72738940875536,20.89521989551907,0 77.72724680091882,20.89522322624722,0 77.72721884787974,20.89523697508007,0 77.72719633359002,20.89526830209268,0 77.72718584380911,20.89533768104937,0 
						</coordinates>
					</LinearRing>
				</outerBoundaryIs>
			</Polygon>
		</Placemark>
	</Document>
	<Document>
		<name>Ward D9.kml</name>
		<StyleMap id="m_ylw-pushpin49">
			<Pair>
				<key>normal</key>
				<styleUrl>#s_ylw-pushpin49</styleUrl>
			</Pair>
			<Pair>
				<key>highlight</key>
				<styleUrl>#s_ylw-pushpin_hl49</styleUrl>
			</Pair>
		</StyleMap>
		<Style id="s_ylw-pushpin49">
			<IconStyle>
				<scale>1.1</scale>
				<Icon>
					<href>https://maps.google.com/mapfiles/kml/pushpin/ylw-pushpin.png</href>
				</Icon>
				<hotSpot x="20" y="2" xunits="pixels" yunits="pixels"/>
			</IconStyle>
			<LineStyle>
				<color>ffffff55</color>
				<width>3</width>
			</LineStyle>
			<PolyStyle>
				<fill>0</fill>
			</PolyStyle>
		</Style>
		<Style id="s_ylw-pushpin_hl49">
			<IconStyle>
				<scale>1.3</scale>
				<Icon>
					<href>https://maps.google.com/mapfiles/kml/pushpin/ylw-pushpin.png</href>
				</Icon>
				<hotSpot x="20" y="2" xunits="pixels" yunits="pixels"/>
			</IconStyle>
			<LineStyle>
				<color>ffffff55</color>
				<width>3</width>
			</LineStyle>
			<PolyStyle>
				<fill>0</fill>
			</PolyStyle>
		</Style>
		<Placemark>
			<name>Ward D9.kml</name>
			<styleUrl>#m_ylw-pushpin49</styleUrl>
			<Polygon>
				<tessellate>1</tessellate>
				<outerBoundaryIs>
					<LinearRing>
						<coordinates>
							77.72925289742072,20.89085696397017,0 77.72584041858681,20.89107948635781,0 77.72497192906313,20.89027999263627,0 77.72426303431374,20.89029488068411,0 77.72360434306842,20.89076759399919,0 77.7198923341583,20.89043259477619,0 77.71910222500004,20.8902855040001,0 77.71931613700013,20.88724775000013,0 77.71977961200008,20.88511595500012,0 77.71977248200007,20.88479618400001,0 77.71879561800004,20.88370362500011,0 77.7166921530001,20.88226463300001,0 77.71689180400008,20.88161841500005,0 77.71688467300005,20.88077233100012,0 77.71698794935692,20.87883641072373,0 77.72008276687234,20.87890075306114,0 77.72225118468852,20.87894583520884,0 77.72248409893247,20.87833563352334,0 77.72264138618895,20.87779735859625,0 77.72283562724964,20.87710067766209,0 77.72305048972338,20.8766085579138,0 77.72310563142024,20.87651617424349,0 77.72387191086212,20.87560299413791,0 77.72456783710457,20.87463828616822,0 77.72537214530281,20.8733662124149,0 77.72633617427813,20.87227357063495,0 77.72717577841873,20.87147190541973,0 77.72828895092029,20.87058218102373,0 77.72914840081538,20.86992658476279,0 77.72953496598254,20.87053552651355,0 77.7297912729061,20.87139801150265,0 77.73027215056766,20.87274616138803,0 77.73115822059222,20.87276392792878,0 77.73178355663329,20.87271273333397,0 77.73239031918979,20.87285550099458,0 77.73317554132173,20.87274842524927,0 77.73326881657356,20.87274438473385,0 77.73330114101654,20.87250275956928,0 77.73329733814087,20.87213676777107,0 77.73324692515189,20.87146351630596,0 77.73304210596163,20.87079053929785,0 77.73363745774388,20.8707210814132,0 77.7340367596863,20.87036130366398,0 77.73439327927775,20.87002817535042,0 77.73474979886917,20.87012145135258,0 77.73492092827303,20.87029467806029,0 77.734963710624,20.87062780578307,0 77.73493518905667,20.87089430742967,0 77.73510631846052,20.87104088313377,0 77.73546283805203,20.87094760770222,0 77.73580509685978,20.87089430742965,0 77.73604753018196,20.87093428263591,0 77.73628996350409,20.87097425783149,0 77.73644685960886,20.87094807901157,0 77.73677229498533,20.87169060302011,0 77.73744968220906,20.87295980390041,0 77.73763507239656,20.87320298289774,0 77.73832315520805,20.87389920552186,0 77.7385591883414,20.87417073984198,0 77.73893993410124,20.87460874966161,0 77.73972427720244,20.87563475122396,0 77.74063696735651,20.87682730267605,0 77.74144270163318,20.87797320911899,0 77.74150982030837,20.87806588973093,0 77.74081802180352,20.87934728445479,0 77.74024868344607,20.8804018340414,0 77.74016055628788,20.88056506512073,0 77.74016195705187,20.88056775015767,0 77.73935425807912,20.8821129404957,0 77.73848996381301,20.88367707314653,0 77.73710670107303,20.88623719693002,0 77.73646734284128,20.88602051318092,0 77.73630562619505,20.88603803206546,0 77.73568343296829,20.88606710365022,0 77.73530896314907,20.88609101341058,0 77.73527678973915,20.88606883602089,0 77.73524450813962,20.88604068867151,0 77.73521901178934,20.8860363194427,0 77.73511592005754,20.88604895748836,0 77.73488465370454,20.88612073626353,0 77.73447277276361,20.88632439358782,0 77.73405735219936,20.88591182836724,0 77.73359825614929,20.88540321919461,0 77.73354397122232,20.88514252750464,0 77.73368976314374,20.88498254264473,0 77.73374693394886,20.88329761117158,0 77.73277095458369,20.88329888860736,0 77.73244653099306,20.88327899497343,0 77.73230867189379,20.88324536895227,0 77.73231690075102,20.88264687334166,0 77.73062049407923,20.8824446732324,0 77.73056523721674,20.88318365867517,0 77.73021451422437,20.88423908775628,0 77.72967447736043,20.8859998132301,0 77.72959470615739,20.88622681797374,0 77.72958811974688,20.88628425155764,0 77.72939526633326,20.88721533519464,0 77.72940646337999,20.88762362099619,0 77.72942325673777,20.88835886775941,0 77.72939868229416,20.88910811210559,0 77.72936427081054,20.8895242924584,0 77.72933950222409,20.89026279079653,0 77.72932155696253,20.89053538718491,0 77.72925289742072,20.89085696397017,0 
						</coordinates>
					</LinearRing>
				</outerBoundaryIs>
			</Polygon>
		</Placemark>
	</Document>
	<Document>
		<name>Ward D10.kml</name>
		<StyleMap id="m_ylw-pushpin50">
			<Pair>
				<key>normal</key>
				<styleUrl>#s_ylw-pushpin50</styleUrl>
			</Pair>
			<Pair>
				<key>highlight</key>
				<styleUrl>#s_ylw-pushpin_hl50</styleUrl>
			</Pair>
		</StyleMap>
		<Style id="s_ylw-pushpin50">
			<IconStyle>
				<scale>1.1</scale>
				<Icon>
					<href>https://maps.google.com/mapfiles/kml/pushpin/ylw-pushpin.png</href>
				</Icon>
				<hotSpot x="20" y="2" xunits="pixels" yunits="pixels"/>
			</IconStyle>
			<LineStyle>
				<color>ffffff55</color>
				<width>3</width>
			</LineStyle>
			<PolyStyle>
				<fill>0</fill>
			</PolyStyle>
		</Style>
		<Style id="s_ylw-pushpin_hl50">
			<IconStyle>
				<scale>1.3</scale>
				<Icon>
					<href>https://maps.google.com/mapfiles/kml/pushpin/ylw-pushpin.png</href>
				</Icon>
				<hotSpot x="20" y="2" xunits="pixels" yunits="pixels"/>
			</IconStyle>
			<LineStyle>
				<color>ffffff55</color>
				<width>3</width>
			</LineStyle>
			<PolyStyle>
				<fill>0</fill>
			</PolyStyle>
		</Style>
		<Placemark>
			<name>Ward D10.kml</name>
			<styleUrl>#m_ylw-pushpin50</styleUrl>
			<Polygon>
				<tessellate>1</tessellate>
				<outerBoundaryIs>
					<LinearRing>
						<coordinates>
							77.73814312617597,20.85734960991822,0 77.7381250050677,20.85814485119409,0 77.7378025103972,20.85818632076564,0 77.73780181208001,20.85820477283519,0 77.73755024306909,20.85824896859463,0 77.73755315413477,20.85826402698536,0 77.7375594961299,20.85829683290972,0 77.73755117004352,20.85829882847244,0 77.73730144951963,20.85835868027029,0 77.73729325374164,20.85840714077128,0 77.73644505311621,20.85850145860856,0 77.73644708703569,20.8585224196356,0 77.73560790289103,20.85874895015912,0 77.73581607250895,20.85945269002375,0 77.73564684704954,20.85945251566629,0 77.73416371585351,20.8594013158801,0 77.73415813954198,20.85948258255035,0 77.73381622771245,20.85945932471896,0 77.73353609228573,20.85944026857737,0 77.73247879232741,20.85936834179739,0 77.73011653775234,20.85918226412551,0 77.7300443668958,20.86000077058776,0 77.72969390112088,20.86002335641712,0 77.72940859079377,20.85947288596148,0 77.72894416557185,20.85846897068215,0 77.72856206801181,20.85757435904654,0 77.72825397798255,20.85681779187278,0 77.72804668595447,20.85629236051145,0 77.72773294871392,20.85573265214497,0 77.72715063338123,20.85475537857482,0 77.72622705528858,20.85338253381667,0 77.72585262212031,20.85279052148747,0 77.7260658629675,20.85265245918945,0 77.72707293251231,20.85229271139159,0 77.72740970428433,20.85206340126769,0 77.72759034087736,20.85185239440951,0 77.72772014590591,20.85165501584187,0 77.72799616338264,20.85116008795256,0 77.72836735929934,20.85022733923841,0 77.72873000261768,20.84859669705807,0 77.72948464830658,20.84611067314582,0 77.72996000776189,20.84482236516297,0 77.7299626156493,20.84479149402514,0 77.73007409403115,20.84347185116012,0 77.73020244108406,20.84279214709348,0 77.73075178088042,20.84012248964713,0 77.73083528500008,20.84008472800011,0 77.73284962000015,20.83952384800011,0 77.73534618060847,20.83897579896671,0 77.73629003500012,20.83876860200014,0 77.73766263500008,20.83866308900009,0 77.74037218400008,20.83846872300003,0 77.74229739000003,20.83827991000013,0 77.7428321690001,20.83804667100009,0 77.7439076700001,20.83792449800012,0 77.74680142000012,20.83759685100011,0 77.74892865400008,20.837352504,0 77.74888706000007,20.83798558400006,0 77.7488098140001,20.83941278300009,0 77.74861372800014,20.8410287770001,0 77.74843546900013,20.84200058700008,0 77.74839981700009,20.84241152100001,0 77.74854242400011,20.84302792100011,0 77.74891082800008,20.84526026800008,0 77.74933865200005,20.84755921700004,0 77.74944710835599,20.84833459174729,0 77.7491525797505,20.84865838744356,0 77.74678690729023,20.85143197794803,0 77.74606294513838,20.85228495491469,0 77.74442356952862,20.85420198277263,0 77.74416548942949,20.85446839395014,0 77.74400978278038,20.85461723252365,0 77.74376101778503,20.85483928885452,0 77.74340697117381,20.85513022439384,0 77.74309959523819,20.85533223096056,0 77.74303280255846,20.85536954543012,0 77.74266618271106,20.85561706665703,0 77.74245369024798,20.85576052900142,0 77.74188656972309,20.8560476166376,0 77.74131523512625,20.85627450300586,0 77.74063776952579,20.85647559791685,0 77.74009219261383,20.85660319933314,0 77.73948839484918,20.85671251222595,0 77.73952960098082,20.85701210736375,0 77.73942502015504,20.85705556600128,0 77.73872983051443,20.85712141460549,0 77.73833393471412,20.8571707441863,0 77.73814312617597,20.85734960991822,0 
						</coordinates>
					</LinearRing>
				</outerBoundaryIs>
			</Polygon>
		</Placemark>
	</Document>
	<Document>
		<name>Ward E1.kml</name>
		<StyleMap id="m_ylw-pushpin51">
			<Pair>
				<key>normal</key>
				<styleUrl>#s_ylw-pushpin51</styleUrl>
			</Pair>
			<Pair>
				<key>highlight</key>
				<styleUrl>#s_ylw-pushpin_hl51</styleUrl>
			</Pair>
		</StyleMap>
		<Style id="s_ylw-pushpin51">
			<IconStyle>
				<scale>1.1</scale>
				<Icon>
					<href>https://maps.google.com/mapfiles/kml/pushpin/ylw-pushpin.png</href>
				</Icon>
				<hotSpot x="20" y="2" xunits="pixels" yunits="pixels"/>
			</IconStyle>
			<LineStyle>
				<color>ffffff55</color>
				<width>3</width>
			</LineStyle>
			<PolyStyle>
				<fill>0</fill>
			</PolyStyle>
		</Style>
		<Style id="s_ylw-pushpin_hl51">
			<IconStyle>
				<scale>1.3</scale>
				<Icon>
					<href>https://maps.google.com/mapfiles/kml/pushpin/ylw-pushpin.png</href>
				</Icon>
				<hotSpot x="20" y="2" xunits="pixels" yunits="pixels"/>
			</IconStyle>
			<LineStyle>
				<color>ffffff55</color>
				<width>3</width>
			</LineStyle>
			<PolyStyle>
				<fill>0</fill>
			</PolyStyle>
		</Style>
		<Placemark>
			<name>Ward E1.kml</name>
			<styleUrl>#m_ylw-pushpin51</styleUrl>
			<Polygon>
				<tessellate>1</tessellate>
				<outerBoundaryIs>
					<LinearRing>
						<coordinates>
							77.72916872061641,20.95250775486473,0 77.72903077032599,20.95173427836401,0 77.72948817044279,20.95149878544069,0 77.72972856192368,20.95144660857422,0 77.73040289787549,20.95137602168611,0 77.73124572001404,20.95128779819339,0 77.73221703638717,20.95140727042925,0 77.73340244626591,20.95154982466473,0 77.73356253818068,20.95157276547083,0 77.7342227763601,20.95165204430647,0 77.7342225326438,20.95164401336056,0 77.7341804488687,20.9502576274876,0 77.73426807431224,20.95025809423572,0 77.73383505704233,20.94738839895556,0 77.73460929418366,20.94672832445265,0 77.73649449082814,20.945016169061,0 77.73752126749258,20.94400396051442,0 77.73733112383235,20.94370207249275,0 77.73710295054082,20.94263658001422,0 77.73698724286703,20.94166131921457,0 77.7371442177315,20.94166616476173,0 77.73753729880735,20.9416916866221,0 77.7379159466637,20.94169386298142,0 77.73839879087154,20.94173487926134,0 77.73879854042038,20.94169918696798,0 77.73891989313859,20.94168491023051,0 77.73913172754726,20.94166315742886,0 77.73934105734401,20.94173725796817,0 77.73967672120376,20.94192977314054,0 77.73986986320374,20.9420024680395,0 77.73997922885837,20.94199661974826,0 77.74006170298526,20.94195078490082,0 77.74012102406607,20.94193480394807,0 77.74024845889932,20.94192618934222,0 77.74034410719486,20.94196773802078,0 77.74070429826482,20.94212420207031,0 77.74082631738072,20.94214129098781,0 77.74104713151998,20.94211273751291,0 77.74116705611482,20.94210892978333,0 77.74130767770721,20.94215791315721,0 77.74136693043957,20.94220220476799,0 77.74145449472925,20.94223266210772,0 77.74154015515411,20.94222885527752,0 77.74165776309536,20.94218417426027,0 77.74170576620823,20.94215651920802,0 77.74179333049784,20.94217365129304,0 77.74188042983805,20.94220332892053,0 77.74197607273764,20.94233545461759,0 77.74209599733248,20.94246680150174,0 77.74222562201494,20.94257261033773,0 77.74227260169926,20.94262286805103,0 77.74236820772666,20.94267048265672,0 77.74263851515543,20.94264573691131,0 77.74270704349533,20.94262860482633,0 77.74291072554965,20.94254484736691,0 77.74302874627965,20.94253913667189,0 77.7431139876205,20.9425296371331,0 77.74334914594641,20.94258364322058,0 77.74338585177571,20.94259666270587,0 77.74332812699153,20.94273734904948,0 77.74331671909135,20.94276753839126,0 77.74320263289526,20.94305344546017,0 77.74302960153496,20.9434654356814,0 77.74234175686671,20.94501482817185,0 77.74144332694806,20.9469959393112,0 77.74054846284136,20.94900366138992,0 77.7399193250169,20.95036388058866,0 77.73961271825239,20.95103976787106,0 77.73902089509829,20.95230829758993,0 77.73887828780278,20.95260794809841,0 77.7386608101483,20.95298084658885,0 77.7382579435493,20.95364340501919,0 77.73760194747196,20.95477873614981,0 77.73696377775622,20.95580085972195,0 77.73663221390559,20.95632357177546,0 77.73596908800306,20.95743557719023,0 77.73553246984767,20.95813207423589,0 77.73501432814879,20.95895774630299,0 77.73469108392646,20.95950819164977,0 77.73436783970408,20.96004975619136,0 77.73392100165296,20.96076888017976,0 77.73307961483243,20.96217604578794,0 77.73260425568191,20.96294398857428,0 77.73232260510419,20.96343171879885,0 77.73113539478271,20.96535321657775,0 77.73049841307136,20.9663475250183,0 77.7304367069885,20.96644977343837,0 77.72957859277791,20.96581541055283,0 77.72918879782479,20.96538039948592,0 77.72863480914918,20.96436587608435,0 77.72848704783904,20.96407203069968,0 77.72919097148623,20.96322872652457,0 77.72970515706743,20.96261272509725,0 77.73017053644118,20.96233544792264,0 77.73067370172998,20.96203565711994,0 77.73124413271063,20.96183590240503,0 77.73175175863683,20.96153776995215,0 77.7321889100902,20.96128102699784,0 77.73233077544499,20.96108068862294,0 77.73179124247191,20.96106071288166,0 77.73182592212868,20.96041633154851,0 77.73133226986843,20.9604273068748,0 77.73112693755822,20.95973293492705,0 77.72940166915174,20.95971002469792,0 77.72938978551025,20.95964343889368,0 77.7292166759089,20.95964833750085,0 77.72924207815942,20.95875085097106,0 77.73020230499243,20.95874197286387,0 77.73018828546105,20.95857614777108,0 77.73079109293462,20.95857800666971,0 77.73060586586809,20.95784355283773,0 77.73112419102864,20.95783003872537,0 77.73138880395021,20.95778123611522,0 77.73165673087351,20.95775132016735,0 77.73167907183176,20.95772644312089,0 77.73173632087457,20.95772741888534,0 77.73404818917265,20.9574285687735,0 77.73400234892935,20.95653447988242,0 77.73264297149598,20.95672960488739,0 77.73173632087457,20.95675635791966,0 77.73155508949584,20.95672583942601,0 77.73167392950832,20.95648723489803,0 77.73127878718635,20.95626527682114,0 77.73122971118227,20.95469433477576,0 77.73121074358104,20.95382803043933,0 77.73119730231372,20.95315864075872,0 77.73119452610655,20.95315798785089,0 77.73105905942811,20.95315999603703,0 77.73091982099299,20.95318437395978,0 77.73004654601135,20.95330695605126,0 77.72993902846343,20.95316955493104,0 77.729926770704,20.95310457171866,0 77.7299253965399,20.95309728721009,0 77.72965009787377,20.95312012639277,0 77.72961710894248,20.95312198079485,0 77.72952951909168,20.95312948801723,0 77.72928384399799,20.95314260663778,0 77.72916872061641,20.95250775486473,0 
						</coordinates>
					</LinearRing>
				</outerBoundaryIs>
			</Polygon>
		</Placemark>
	</Document>
	<Document>
		<name>Ward E2.kml</name>
		<StyleMap id="m_ylw-pushpin52">
			<Pair>
				<key>normal</key>
				<styleUrl>#s_ylw-pushpin52</styleUrl>
			</Pair>
			<Pair>
				<key>highlight</key>
				<styleUrl>#s_ylw-pushpin_hl52</styleUrl>
			</Pair>
		</StyleMap>
		<Style id="s_ylw-pushpin52">
			<IconStyle>
				<scale>1.1</scale>
				<Icon>
					<href>https://maps.google.com/mapfiles/kml/pushpin/ylw-pushpin.png</href>
				</Icon>
				<hotSpot x="20" y="2" xunits="pixels" yunits="pixels"/>
			</IconStyle>
			<LineStyle>
				<color>ffffff55</color>
				<width>3</width>
			</LineStyle>
			<PolyStyle>
				<fill>0</fill>
			</PolyStyle>
		</Style>
		<Style id="s_ylw-pushpin_hl52">
			<IconStyle>
				<scale>1.3</scale>
				<Icon>
					<href>https://maps.google.com/mapfiles/kml/pushpin/ylw-pushpin.png</href>
				</Icon>
				<hotSpot x="20" y="2" xunits="pixels" yunits="pixels"/>
			</IconStyle>
			<LineStyle>
				<color>ffffff55</color>
				<width>3</width>
			</LineStyle>
			<PolyStyle>
				<fill>0</fill>
			</PolyStyle>
		</Style>
		<Placemark>
			<name>Ward E2.kml</name>
			<styleUrl>#m_ylw-pushpin52</styleUrl>
			<Polygon>
				<tessellate>1</tessellate>
				<outerBoundaryIs>
					<LinearRing>
						<coordinates>
							77.7278499225818,20.94105237477283,0 77.72813327459663,20.94101260079054,0 77.72842409079921,20.94105673288199,0 77.72857637569923,20.94106625040718,0 77.72870486723589,20.94109004466989,0 77.72879528687304,20.94109480388217,0 77.72898326406641,20.941144772913,0 77.72910223717857,20.94119712065066,0 77.72924738415952,20.941232812944,0 77.72957575002093,20.94135416476297,0 77.72976741893133,20.94144887776357,0 77.72964237449605,20.94167063349301,0 77.72975183008293,20.94167301309915,0 77.729871235769,20.94161549336037,0 77.73015640719252,20.94146820959025,0 77.73033693979801,20.94137496877983,0 77.73046729203196,20.94130764463216,0 77.73068219942401,20.94123519165084,0 77.73078451619251,20.94123519165084,0 77.73088207374877,20.94123757125699,0 77.73111904870518,20.94131710460075,0 77.73131537970107,20.94134960789816,0 77.73151916967403,20.94137227710895,0 77.73169722644587,20.94130479018395,0 77.73184341933836,20.94124938025476,0 77.73196710849533,20.9411780847009,0 77.7321550856887,20.94114715161982,0 77.73228595593224,20.94116618756952,0 77.73241453650172,20.94120800604467,0 77.73251945141165,20.94127586259107,0 77.73267246476252,20.9413059593026,0 77.7327910574614,20.94128039967072,0 77.73295458478638,20.94121853620654,0 77.73315683871722,20.94116380796341,0 77.73318682964515,20.94115490740245,0 77.73336699010814,20.94114199893443,0 77.73349581382895,20.94117910789211,0 77.73359040457359,20.94126117036677,0 77.73373945551151,20.94147032479573,0 77.7338402794054,20.94161180524065,0 77.73390497393548,20.94170258730466,0 77.73402772150223,20.9418038833426,0 77.7341847656145,20.9418300572114,0 77.73444174778849,20.94180864255486,0 77.73457737724418,20.94179198621125,0 77.73469091395461,20.94173955213866,0 77.73484377621936,20.94165620027349,0 77.73500944662875,20.94154998224594,0 77.73514472984544,20.94151458043362,0 77.7353523536283,20.94153032126736,0 77.73568734119789,20.94155571632331,0 77.73619449857728,20.94159416503876,0 77.73659516003872,20.94164921793709,0 77.73698724286703,20.94166131921457,0 77.73710295054082,20.94263658001422,0 77.73733112383235,20.94370207249275,0 77.73752126749258,20.94400396051442,0 77.73649449082814,20.945016169061,0 77.73460929418366,20.94672832445265,0 77.73304060853731,20.94806570087143,0 77.73136496652008,20.94934757383152,0 77.73132492240727,20.94935645193875,0 77.73128943336073,20.94938161137232,0 77.73128825704751,20.9493803163486,0 77.73022523590595,20.94896518479552,0 77.73014437426356,20.94901532649621,0 77.72989014761227,20.94898812290359,0 77.72985417113313,20.94916691172365,0 77.72878261920336,20.94897945085171,0 77.72818194204302,20.94887436316139,0 77.72815307645408,20.94906241985093,0 77.72731802470005,20.94889424345626,0 77.72740286914218,20.9478694240738,0 77.72740427046966,20.94785566028087,0 77.72741792195831,20.94771391533114,0 77.72742152500227,20.94768063115403,0 77.72743633448228,20.94754072831971,0 77.72744957518216,20.94742574305244,0 77.72746208434555,20.94732043115214,0 77.72749571336328,20.94706686025115,0 77.72749733301255,20.94705794756317,0 77.72751092076436,20.94698317616702,0 77.72755685371459,20.94672728733908,0 77.72758942107843,20.94653770208792,0 77.72760254455632,20.94646129603191,0 77.72760255287042,20.94646124762643,0 77.72755950477405,20.94645449427584,0 77.72753828086651,20.94645223416201,0 77.72755269473568,20.9463120495668,0 77.72760954141205,20.94630803130412,0 77.72759837556464,20.94625748889206,0 77.72751214496958,20.94609677824378,0 77.72662084577549,20.94618556741007,0 77.72552330055993,20.94694573915461,0 77.72536880872362,20.94698181006257,0 77.72521431688729,20.94698458447109,0 77.72540866038146,20.94856225344528,0 77.72486607151204,20.94887088008711,0 77.72455128631287,20.94906059387138,0 77.72451401930658,20.94908225494213,0 77.72481576812838,20.95002587291928,0 77.72481595614371,20.95002615423337,0 77.7248369235429,20.95009090016121,0 77.72485416077787,20.95012905204959,0 77.72489962396324,20.95023117763726,0 77.7249211546896,20.95027954282091,0 77.72487179828929,20.95030582867815,0 77.72481950874922,20.95033745896301,0 77.72479366107881,20.95034717001404,0 77.72476015279587,20.95036998178425,0 77.72475903470118,20.95036893793536,0 77.72472681365539,20.95038379454354,0 77.72472027746285,20.95037519332908,0 77.72468521970309,20.95039849984448,0 77.72467922101058,20.95039018474938,0 77.72467860311669,20.95038934770516,0 77.72462550267156,20.95041653464566,0 77.72458366978832,20.95043524835134,0 77.72440490479373,20.9505152177081,0 77.72430927857502,20.9505579953676,0 77.72420624479206,20.95060410041737,0 77.7241692112632,20.95062068925349,0 77.72412696944288,20.95063961108317,0 77.72407319440444,20.95066180772542,0 77.72402312081502,20.95068719552251,0 77.72402595555862,20.95069288301909,0 77.72396819487206,20.95071704314402,0 77.7239289971829,20.95073343872832,0 77.72387190344321,20.95075731983952,0 77.72380095517195,20.95079429193191,0 77.72379379454804,20.95077381945623,0 77.72369888459588,20.95056016302119,0 77.72369443619208,20.95055183586727,0 77.72369452540119,20.95055192553595,0 77.7235502796553,20.95027936867583,0 77.72352959441531,20.95024028316265,0 77.72348862500523,20.95017009467162,0 77.72348172799943,20.95015742682389,0 77.72339086769448,20.95000314992545,0 77.72332514164204,20.94989155215349,0 77.72329492801857,20.94984025032734,0 77.72327854237091,20.94979142883144,0 77.72327133610335,20.94976996021555,0 77.72324908687592,20.9497036693889,0 77.72308500107198,20.94921477813957,0 77.72258822908209,20.94937551825359,0 77.72198191755504,20.94951235059629,0 77.72041877611193,20.94993245212593,0 77.72038284229438,20.94976979474031,0 77.72029494165828,20.94940134429663,0 77.72025334801369,20.94909058806026,0 77.72024740619297,20.94859670737219,0 77.72024740619294,20.9482193581369,0 77.72030088437839,20.94771992503458,0 77.72025928983442,20.94650462978491,0 77.72013450800121,20.94528932464268,0 77.72018204436591,20.9450174056288,0 77.72005726163337,20.94404626282485,0 77.71996218980328,20.94347467261808,0 77.71988494433475,20.94296967541028,0 77.71973639431923,20.94216500341227,0 77.71999189980642,20.9421372557298,0 77.72021769618978,20.94205956329824,0 77.72032465076205,20.94204846386555,0 77.72057421532783,20.94205401268263,0 77.72074653262648,20.94207621064869,0 77.72094261900675,20.94207621064869,0 77.72116841539014,20.94203736533217,0 77.72138232633336,20.9419985191164,0 77.72151304998732,20.94201516736616,0 77.72171507818837,20.94205956329827,0 77.72214290097421,20.94212060658077,0 77.72249347919075,20.9421039592304,0 77.72264202920633,20.94210395923041,0 77.72283811468732,20.94207066183166,0 77.72303420016827,20.94201516736617,0 77.72308173563366,20.94193747403522,0 77.72317680836306,20.94180428713822,0 77.72330753201707,20.94147131674792,0 77.72366999387515,20.94097186116249,0 77.72383636935304,20.94077207766929,0 77.724032454834,20.94073878116986,0 77.72435926486823,20.94080537506807,0 77.72458506125164,20.94091636579773,0 77.72472766764783,20.94104955359411,0 77.72487621766339,20.94115499460736,0 77.72509013040526,20.94124378737092,0 77.72525056406232,20.94122158940493,0 77.72551795409039,20.94117164375639,0 77.72596050777128,20.94118320723924,0 77.72637299531756,20.9412756431565,0 77.72655383459187,20.941325611288,0 77.72680605755357,20.94131371415667,0 77.72702496782807,20.94127326355031,0 77.72723911889028,20.94122329451949,0 77.72770549381359,20.94110670101352,0 77.7278499225818,20.94105237477283,0 
						</coordinates>
					</LinearRing>
				</outerBoundaryIs>
			</Polygon>
		</Placemark>
	</Document>
	<Document>
		<name>Ward E3.kml</name>
		<StyleMap id="m_ylw-pushpin53">
			<Pair>
				<key>normal</key>
				<styleUrl>#s_ylw-pushpin53</styleUrl>
			</Pair>
			<Pair>
				<key>highlight</key>
				<styleUrl>#s_ylw-pushpin_hl53</styleUrl>
			</Pair>
		</StyleMap>
		<Style id="s_ylw-pushpin53">
			<IconStyle>
				<scale>1.1</scale>
				<Icon>
					<href>https://maps.google.com/mapfiles/kml/pushpin/ylw-pushpin.png</href>
				</Icon>
				<hotSpot x="20" y="2" xunits="pixels" yunits="pixels"/>
			</IconStyle>
			<LineStyle>
				<color>ffffff55</color>
				<width>3</width>
			</LineStyle>
			<PolyStyle>
				<fill>0</fill>
			</PolyStyle>
		</Style>
		<Style id="s_ylw-pushpin_hl53">
			<IconStyle>
				<scale>1.3</scale>
				<Icon>
					<href>https://maps.google.com/mapfiles/kml/pushpin/ylw-pushpin.png</href>
				</Icon>
				<hotSpot x="20" y="2" xunits="pixels" yunits="pixels"/>
			</IconStyle>
			<LineStyle>
				<color>ffffff55</color>
				<width>3</width>
			</LineStyle>
			<PolyStyle>
				<fill>0</fill>
			</PolyStyle>
		</Style>
		<Placemark>
			<name>Ward E3.kml</name>
			<styleUrl>#m_ylw-pushpin53</styleUrl>
			<Polygon>
				<tessellate>1</tessellate>
				<outerBoundaryIs>
					<LinearRing>
						<coordinates>
							77.72770549381359,20.94110670101352,0 77.72723911889028,20.94122329451949,0 77.72702496782807,20.94127326355031,0 77.72680605755357,20.94131371415667,0 77.72655383459187,20.941325611288,0 77.72637299531756,20.9412756431565,0 77.72596050777128,20.94118320723924,0 77.72565659627497,20.94117526622563,0 77.72590985525569,20.94094684292253,0 77.72613203546513,20.94074645058828,0 77.72629746575554,20.94048024137011,0 77.72658397896754,20.94023347999115,0 77.72709360138867,20.93990164274668,0 77.72740575427218,20.93969454956385,0 77.72755699685797,20.93950606245489,0 77.72762812154066,20.93930687701081,0 77.72763321620008,20.93905977838613,0 77.72759545816393,20.93899527631101,0 77.72735088573485,20.93884901237212,0 77.72730986855566,20.93860196141147,0 77.72734431798597,20.93841896916012,0 77.72742240611923,20.93800416675895,0 77.72746097624311,20.93779928410973,0 77.7275240196179,20.93769181782321,0 77.72794843037582,20.93750105812741,0 77.72845975881087,20.93736196088582,0 77.72913893041738,20.93716548869639,0 77.72945565995082,20.93709639378359,0 77.72981777736857,20.937002289624,0 77.73008884742246,20.93691072874722,0 77.7304380694614,20.93671086611364,0 77.7305191667262,20.9364782924393,0 77.73054497726896,20.93628020596681,0 77.73056780296179,20.93610502522676,0 77.73057567832497,20.93588045282069,0 77.73062624180768,20.93582988933798,0 77.73113629050744,20.93556697793372,0 77.73243463275215,20.93489297652971,0 77.7327150737417,20.93489181370633,0 77.7329759598727,20.93493461693909,0 77.73342767045069,20.9349798051739,0 77.73362138891605,20.93498815537917,0 77.73381769383155,20.93494651496976,0 77.73387420632966,20.93486918226701,0 77.73386225703757,20.93468243984282,0 77.73416807959326,20.93467344572299,0 77.73389255879461,20.93418176477666,0 77.73359783567163,20.93387985696992,0 77.73355030020623,20.93368450443637,0 77.73356456075595,20.9333825957303,0 77.73371295968542,20.93324203888904,0 77.73390206642732,20.93306292631302,0 77.73418006395883,20.93295862294214,0 77.73445823685822,20.93285425302141,0 77.73507620420349,20.93272993703704,0 77.73535226189746,20.93277646436243,0 77.73570843209855,20.932836494109,0 77.73592709775744,20.93287645278613,0 77.73610298086795,20.93300076877052,0 77.73648939077283,20.93303054442414,0 77.73672332422213,20.93304857133457,0 77.73680435493708,20.93304005745273,0 77.73712628974653,20.93300622945393,0 77.73729375610203,20.93298863331883,0 77.73763601469041,20.93289539610573,0 77.73780001326008,20.93261568446634,0 77.73791410035551,20.9322826951903,0 77.73810066831123,20.93212293512541,0 77.73809123532234,20.93199919830444,0 77.73808488700797,20.93191593906941,0 77.73726065475546,20.93196671299346,0 77.73718340838764,20.93189179047383,0 77.73709724973834,20.93186681630054,0 77.73705176742519,20.9309508837763,0 77.73750843596562,20.93109026070708,0 77.73779122328639,20.9311754399946,0 77.73835885827476,20.93127569102035,0 77.73818227998834,20.93069387102538,0 77.73810413249976,20.9304363753385,0 77.73838178738964,20.9303624330799,0 77.73825609863691,20.93001212874488,0 77.73817234851204,20.93004113207159,0 77.7379525526738,20.92961374028823,0 77.73784948221075,20.92941331928082,0 77.73767851413403,20.9294489072127,0 77.73763197205056,20.92933619274046,0 77.73820515915241,20.92921341832578,0 77.7383274287679,20.92938882883149,0 77.73845934492289,20.92958307879609,0 77.73872584372276,20.93008942768499,0 77.73893523647206,20.93050821318357,0 77.73907130209899,20.93072097479319,0 77.73922852157905,20.93095818537202,0 77.73927787907094,20.9311573303466,0 77.73922088183828,20.93186469479986,0 77.73943968239547,20.93194540715485,0 77.73958625749988,20.93195682854488,0 77.73975757834964,20.93192827506989,0 77.73986988928404,20.9318997215949,0 77.74006976360879,20.93184832534006,0 77.74024869901832,20.93177218244038,0 77.74050187346273,20.93158182564083,0 77.74084832289186,20.93131342297614,0 77.7414517544949,20.93079945862817,0 77.74154693334435,20.93070047384783,0 77.74168970071918,20.93057483765871,0 77.74193557356794,20.93063203454082,0 77.74196266474524,20.93062001869897,0 77.74198843032183,20.9306497215075,0 77.74196941595586,20.93076293985787,0 77.74186246048426,20.93089169759386,0 77.74065185519903,20.93177032354165,0 77.74049599009794,20.93188344656386,0 77.74044188238702,20.93192048604163,0 77.74002860883334,20.93220338847569,0 77.73996133594693,20.93225508060755,0 77.73962281673965,20.93252624419086,0 77.73932166346408,20.93276532985613,0 77.73925726660963,20.93354723911389,0 77.73923663346393,20.93379776865215,0 77.73921831517318,20.93379797010029,0 77.73902667234314,20.93380007901049,0 77.73903620515682,20.93444001499476,0 77.73914691349933,20.93507696882712,0 77.73923257932012,20.93519929101451,0 77.73927367923699,20.93566737195172,0 77.73928081805539,20.93577302070839,0 77.73937361639935,20.93651969542765,0 77.73947718952076,20.93720070344979,0 77.73879826342915,20.93727636341352,0 77.73799733620815,20.93741342099264,0 77.73696761606273,20.93765142747147,0 77.73592625329401,20.93786504253774,0 77.73522193304582,20.93795450979288,0 77.73492687987169,20.93804588181207,0 77.73468322295241,20.93817151710189,0 77.73437291907499,20.93834920335307,0 77.73390085593979,20.93866454163531,0 77.73291233913319,20.93923533144545,0 77.73147951676634,20.9400731821317,0 77.73034118279941,20.94077940624464,0 77.73007822463043,20.94097860337991,0 77.72976741893133,20.94144887776357,0 77.72957575002093,20.94135416476297,0 77.72924738415952,20.941232812944,0 77.72910223717857,20.94119712065066,0 77.72898326406641,20.941144772913,0 77.72879528687304,20.94109480388217,0 77.72870486723589,20.94109004466989,0 77.72857637569923,20.94106625040718,0 77.72842409079921,20.94105673288199,0 77.72813327459663,20.94101260079054,0 77.7278499225818,20.94105237477283,0 77.72770549381359,20.94110670101352,0 
						</coordinates>
					</LinearRing>
				</outerBoundaryIs>
			</Polygon>
		</Placemark>
	</Document>
	<Document>
		<name>Ward E4.kml</name>
		<StyleMap id="m_ylw-pushpin54">
			<Pair>
				<key>normal</key>
				<styleUrl>#s_ylw-pushpin54</styleUrl>
			</Pair>
			<Pair>
				<key>highlight</key>
				<styleUrl>#s_ylw-pushpin_hl54</styleUrl>
			</Pair>
		</StyleMap>
		<Style id="s_ylw-pushpin54">
			<IconStyle>
				<scale>1.1</scale>
				<Icon>
					<href>https://maps.google.com/mapfiles/kml/pushpin/ylw-pushpin.png</href>
				</Icon>
				<hotSpot x="20" y="2" xunits="pixels" yunits="pixels"/>
			</IconStyle>
			<LineStyle>
				<color>ffffff55</color>
				<width>3</width>
			</LineStyle>
			<PolyStyle>
				<fill>0</fill>
			</PolyStyle>
		</Style>
		<Style id="s_ylw-pushpin_hl54">
			<IconStyle>
				<scale>1.3</scale>
				<Icon>
					<href>https://maps.google.com/mapfiles/kml/pushpin/ylw-pushpin.png</href>
				</Icon>
				<hotSpot x="20" y="2" xunits="pixels" yunits="pixels"/>
			</IconStyle>
			<LineStyle>
				<color>ffffff55</color>
				<width>3</width>
			</LineStyle>
			<PolyStyle>
				<fill>0</fill>
			</PolyStyle>
		</Style>
		<Placemark>
			<name>Ward E4.kml</name>
			<styleUrl>#m_ylw-pushpin54</styleUrl>
			<Polygon>
				<tessellate>1</tessellate>
				<outerBoundaryIs>
					<LinearRing>
						<coordinates>
							77.74788123083421,20.93361581062122,0 77.7472738323216,20.9338893699985,0 77.74622750529517,20.934243988869,0 77.74557044531986,20.93452701271151,0 77.74546184229025,20.93453748351813,0 77.7454534938837,20.93449499504808,0 77.74542977516406,20.93435662355941,0 77.74525625007597,20.93348025131257,0 77.74516046148619,20.93322975145191,0 77.74513531644176,20.93323208159535,0 77.74447494875994,20.93329326966868,0 77.7440554509983,20.93329066343345,0 77.74399092554086,20.93264227022464,0 77.74398747574149,20.93261327428328,0 77.7441018910895,20.93258846648465,0 77.74433417068548,20.93230884477743,0 77.74450358767051,20.93200427317876,0 77.74474393958121,20.93182327742239,0 77.74480911075193,20.93178916973441,0 77.74490699835935,20.93155154726618,0 77.74491650599202,20.93149471730748,0 77.74508897077942,20.93151104449914,0 77.74512129601105,20.93151410399279,0 77.74514889800332,20.93150458646757,0 77.74518095613628,20.93146555858871,0 77.74519236493576,20.9314162757406,0 77.74519521758528,20.93138164464721,0 77.7452180342849,20.93135633772491,0 77.74523305386242,20.93134422205828,0 77.74524940803387,20.93133102990317,0 77.74529494610493,20.93127954281672,0 77.74530359938166,20.93126975909218,0 77.74531678973813,20.93124420575557,0 77.74532861942032,20.93122861690726,0 77.74535456486134,20.93113514856834,0 77.74547578088266,20.93095533182315,0 77.7456600123997,20.93078325734151,0 77.74569920035788,20.93074665583356,0 77.74583938308116,20.93064126338361,0 77.7459276695264,20.9305747162502,0 77.74597161939477,20.93053852213512,0 77.74600818403053,20.93050690017336,0 77.74610800877765,20.93036926253148,0 77.74614663196158,20.93030405089129,0 77.74616274241671,20.93028749886903,0 77.74632964579655,20.93012645367293,0 77.74638827889602,20.93003230544663,0 77.74646750017507,20.9298811473971,0 77.74661895140356,20.92965685018357,0 77.74671468693333,20.92951462869726,0 77.74678250660747,20.92937606115634,0 77.74680595553049,20.92932815067369,0 77.7468473117541,20.92926421517145,0 77.74685158982909,20.92923491166191,0 77.74679597305578,20.9291083725534,0 77.74714790475207,20.92895186443711,0 77.74721381426617,20.92892189363055,0 77.7474481901819,20.92871430402199,0 77.74752074028999,20.92863957845384,0 77.74767002505168,20.9284702469044,0 77.747745080671,20.92838290744528,0 77.74781301365972,20.9283690264095,0 77.74784128834483,20.92836245596263,0 77.74783486178951,20.92833996391827,0 77.74794602428966,20.92831451040638,0 77.74796318428892,20.9283114040461,0 77.74805546016459,20.92868642749668,0 77.74839672852626,20.92862704010587,0 77.74849526454489,20.92860989273243,0 77.74861800401771,20.92858853383382,0 77.74946970156557,20.92844032106398,0 77.74971502133121,20.92964023880603,0 77.74981009316134,20.93011531287147,0 77.74997646953847,20.93095889943374,0 77.74998554459728,20.93100522441168,0 77.75032062929364,20.93271576192292,0 77.74966247054726,20.9329657506223,0 77.74919286851166,20.93314649701419,0 77.74889014844696,20.93327677985191,0 77.74856777595113,20.93340365673204,0 77.74855131708614,20.93337235954793,0 77.74788123083421,20.93361581062122,0 
						</coordinates>
					</LinearRing>
				</outerBoundaryIs>
			</Polygon>
		</Placemark>
	</Document>
	<Document>
		<name>Ward E5.kml</name>
		<StyleMap id="m_ylw-pushpin55">
			<Pair>
				<key>normal</key>
				<styleUrl>#s_ylw-pushpin55</styleUrl>
			</Pair>
			<Pair>
				<key>highlight</key>
				<styleUrl>#s_ylw-pushpin_hl55</styleUrl>
			</Pair>
		</StyleMap>
		<Style id="s_ylw-pushpin55">
			<IconStyle>
				<scale>1.1</scale>
				<Icon>
					<href>https://maps.google.com/mapfiles/kml/pushpin/ylw-pushpin.png</href>
				</Icon>
				<hotSpot x="20" y="2" xunits="pixels" yunits="pixels"/>
			</IconStyle>
			<LineStyle>
				<color>ffffff55</color>
				<width>3</width>
			</LineStyle>
			<PolyStyle>
				<fill>0</fill>
			</PolyStyle>
		</Style>
		<Style id="s_ylw-pushpin_hl55">
			<IconStyle>
				<scale>1.3</scale>
				<Icon>
					<href>https://maps.google.com/mapfiles/kml/pushpin/ylw-pushpin.png</href>
				</Icon>
				<hotSpot x="20" y="2" xunits="pixels" yunits="pixels"/>
			</IconStyle>
			<LineStyle>
				<color>ffffff55</color>
				<width>3</width>
			</LineStyle>
			<PolyStyle>
				<fill>0</fill>
			</PolyStyle>
		</Style>
		<Placemark>
			<name>Ward E5.kml</name>
			<styleUrl>#m_ylw-pushpin55</styleUrl>
			<Polygon>
				<tessellate>1</tessellate>
				<outerBoundaryIs>
					<LinearRing>
						<coordinates>
							77.73295458478638,20.94121853620654,0 77.7327910574614,20.94128039967072,0 77.73267246476252,20.9413059593026,0 77.73251945141165,20.94127586259107,0 77.73241453650172,20.94120800604467,0 77.73228595593224,20.94116618756952,0 77.7321550856887,20.94114715161982,0 77.73196710849533,20.9411780847009,0 77.73184341933836,20.94124938025476,0 77.73169722644587,20.94130479018395,0 77.73151916967403,20.94137227710895,0 77.73131537970107,20.94134960789816,0 77.73111904870518,20.94131710460075,0 77.73088207374877,20.94123757125699,0 77.73078451619251,20.94123519165084,0 77.73068219942401,20.94123519165084,0 77.73046729203196,20.94130764463216,0 77.73033693979801,20.94137496877983,0 77.73015640719252,20.94146820959025,0 77.729871235769,20.94161549336037,0 77.72975183008293,20.94167301309915,0 77.72964237449605,20.94167063349301,0 77.72976741893133,20.94144887776357,0 77.73007822463043,20.94097860337991,0 77.73034118279941,20.94077940624464,0 77.73147951676634,20.9400731821317,0 77.73291233913319,20.93923533144545,0 77.73390085593979,20.93866454163531,0 77.73437291907499,20.93834920335307,0 77.73468322295241,20.93817151710189,0 77.73492687987169,20.93804588181207,0 77.73522193304582,20.93795450979288,0 77.73592625329401,20.93786504253774,0 77.73696761606273,20.93765142747147,0 77.73799733620815,20.93741342099264,0 77.73879826342915,20.93727636341352,0 77.73947718952076,20.93720070344979,0 77.73937361639935,20.93651969542765,0 77.73928081805539,20.93577302070839,0 77.73927367923699,20.93566737195172,0 77.73923257932012,20.93519929101451,0 77.73947891801771,20.93541722192732,0 77.73995893385779,20.93572982986782,0 77.74032190383288,20.9359931135914,0 77.74060023861017,20.93620244338808,0 77.74101069548729,20.93643146653897,0 77.74206697391011,20.93682400942432,0 77.74209528147213,20.93683452919024,0 77.74212236224903,20.93682693427119,0 77.74207119476311,20.93730795381361,0 77.74202675007483,20.93752006419172,0 77.74197300491493,20.93764036098131,0 77.74195272616099,20.93771354094211,0 77.74193142815531,20.9378703401321,0 77.74174474586206,20.93795097284449,0 77.7415824718319,20.93804554488664,0 77.74152930570482,20.93812088578203,0 77.74152440688086,20.93813111631352,0 77.74152057141637,20.93813691074159,0 77.74150724563215,20.93815910058091,0 77.74144117233575,20.93824472110987,0 77.74129705534453,20.93836298127923,0 77.74125250704186,20.93840680679258,0 77.74112140323203,20.93853578326384,0 77.74098880832744,20.93871037539051,0 77.74094429439208,20.93877916752123,0 77.74089413659404,20.93887313122502,0 77.7408443701331,20.9389885865153,0 77.74078770991929,20.93922812374372,0 77.74065165700611,20.93966944062307,0 77.74034154873355,20.94065186189939,0 77.74029151455535,20.94079455206779,0 77.74016463287667,20.94129701424864,0 77.74007178187375,20.94164366696936,0 77.740039584988,20.94169076313769,0 77.739998817515,20.94175591193864,0 77.73995111502613,20.94199812310355,0 77.73990706276078,20.94200047873914,0 77.73986986320374,20.9420024680395,0 77.73967672120376,20.94192977314054,0 77.73934105734401,20.94173725796817,0 77.73913172754726,20.94166315742886,0 77.73891989313859,20.94168491023051,0 77.73879854042038,20.94169918696798,0 77.73839879087154,20.94173487926134,0 77.73829829163293,20.94172634199713,0 77.7379159466637,20.94169386298142,0 77.73753729880735,20.9416916866221,0 77.7371442177315,20.94166616476173,0 77.73659516003872,20.94164921793709,0 77.73619449857728,20.94159416503876,0 77.73568734119789,20.94155571632331,0 77.7353523536283,20.94153032126736,0 77.73514472984544,20.94151458043362,0 77.73500944662875,20.94154998224594,0 77.73484377621936,20.94165620027349,0 77.73469091395461,20.94173955213866,0 77.73457737724418,20.94179198621125,0 77.73444174778849,20.94180864255486,0 77.7341847656145,20.9418300572114,0 77.73402772150223,20.9418038833426,0 77.73390497393548,20.94170258730466,0 77.7338402794054,20.94161180524065,0 77.73373945551151,20.94147032479573,0 77.73359040457359,20.94126117036677,0 77.73349581382895,20.94117910789211,0 77.73336699010814,20.94114199893443,0 77.73319529565194,20.94115239490121,0 77.73315683871722,20.94116380796341,0 77.73295458478638,20.94121853620654,0 
						</coordinates>
					</LinearRing>
				</outerBoundaryIs>
			</Polygon>
		</Placemark>
	</Document>
	<Document>
		<name>Ward E6.kml</name>
		<StyleMap id="m_ylw-pushpin56">
			<Pair>
				<key>normal</key>
				<styleUrl>#s_ylw-pushpin56</styleUrl>
			</Pair>
			<Pair>
				<key>highlight</key>
				<styleUrl>#s_ylw-pushpin_hl56</styleUrl>
			</Pair>
		</StyleMap>
		<Style id="s_ylw-pushpin56">
			<IconStyle>
				<scale>1.1</scale>
				<Icon>
					<href>https://maps.google.com/mapfiles/kml/pushpin/ylw-pushpin.png</href>
				</Icon>
				<hotSpot x="20" y="2" xunits="pixels" yunits="pixels"/>
			</IconStyle>
			<LineStyle>
				<color>ffffff55</color>
				<width>3</width>
			</LineStyle>
			<PolyStyle>
				<fill>0</fill>
			</PolyStyle>
		</Style>
		<Style id="s_ylw-pushpin_hl56">
			<IconStyle>
				<scale>1.3</scale>
				<Icon>
					<href>https://maps.google.com/mapfiles/kml/pushpin/ylw-pushpin.png</href>
				</Icon>
				<hotSpot x="20" y="2" xunits="pixels" yunits="pixels"/>
			</IconStyle>
			<LineStyle>
				<color>ffffff55</color>
				<width>3</width>
			</LineStyle>
			<PolyStyle>
				<fill>0</fill>
			</PolyStyle>
		</Style>
		<Placemark>
			<name>Ward E6.kml</name>
			<styleUrl>#m_ylw-pushpin56</styleUrl>
			<Polygon>
				<tessellate>1</tessellate>
				<outerBoundaryIs>
					<LinearRing>
						<coordinates>
							77.74788123083421,20.93361581062122,0 77.74855131708614,20.93337235954793,0 77.74860690103482,20.93347805456259,0 77.7480926848296,20.93367528368745,0 77.74794747489608,20.93386667920397,0 77.7473958208605,20.9345366624371,0 77.74678212259694,20.93532993732683,0 77.7464785645342,20.93568971830595,0 77.74604190770793,20.93612138299549,0 77.74565052545142,20.93659222485133,0 77.74559917596127,20.9367326629821,0 77.7453225570904,20.9366545811441,0 77.74471472420522,20.936635516416,0 77.74437457902367,20.93664125588935,0 77.74401480523916,20.93670216966946,0 77.74350274475594,20.93674214543369,0 77.74263091048817,20.93678783099365,0 77.74220755463503,20.93680468968472,0 77.74220070359962,20.93680496307866,0 77.74209528147213,20.93683452919024,0 77.74101069548728,20.93643146653897,0 77.74060023861017,20.93620244338808,0 77.74032190383288,20.9359931135914,0 77.73995893385779,20.93572982986782,0 77.73947891801771,20.93541722192732,0 77.73923257932012,20.93519929101451,0 77.73914691349933,20.93507696882712,0 77.73903620515682,20.93444001499476,0 77.73902667234314,20.93380007901049,0 77.7392182630125,20.93379901511252,0 77.73941040046965,20.93378598393608,0 77.73995726831335,20.93373416499976,0 77.74062399330272,20.93368705221577,0 77.74066921571182,20.93368352687333,0 77.74100652802889,20.93365494821734,0 77.74104075352803,20.93365204790378,0 77.74099084115444,20.93333459981199,0 77.74099050840528,20.93313705832861,0 77.74099037710425,20.93305946572186,0 77.74110873058352,20.93301759418667,0 77.74126084551166,20.93297497171763,0 77.74131028304318,20.93294833289932,0 77.74141486160666,20.93289327910164,0 77.74155937096828,20.93277784212379,0 77.74163923166526,20.93273166823198,0 77.74181036095945,20.93271213225913,0 77.74196437705439,20.93267483737392,0 77.74215452071464,20.93265707846147,0 77.74237376643624,20.93264022246838,0 77.74260989153336,20.93265769719502,0 77.74284545815144,20.93261343885917,0 77.74292683600477,20.93263770976258,0 77.74298537107808,20.93265626907164,0 77.74304119109816,20.93270602496315,0 77.74318810075034,20.93275763435741,0 77.74339654201687,20.93273193622991,0 77.743963478232,20.93265155032885,0 77.74399092554086,20.93264227022464,0 77.7440554509983,20.93329066343345,0 77.74447494875994,20.93329326966868,0 77.74455622678853,20.93328573874589,0 77.74487693312403,20.93325602244755,0 77.74513531644176,20.93323208159535,0 77.74516046148619,20.93322975145191,0 77.74522685663419,20.93340338355937,0 77.74525625007597,20.93348025131257,0 77.74526562370961,20.93352759432312,0 77.74542977516406,20.93435662355941,0 77.7454534938837,20.93449499504808,0 77.74546184229025,20.93453748351813,0 77.74557044531986,20.93452701271151,0 77.74622750529517,20.934243988869,0 77.7472738323216,20.9338893699985,0 77.74788123083421,20.93361581062122,0 
						</coordinates>
					</LinearRing>
				</outerBoundaryIs>
			</Polygon>
		</Placemark>
	</Document>
	<Document>
		<name>Ward E7.kml</name>
		<StyleMap id="m_ylw-pushpin57">
			<Pair>
				<key>normal</key>
				<styleUrl>#s_ylw-pushpin57</styleUrl>
			</Pair>
			<Pair>
				<key>highlight</key>
				<styleUrl>#s_ylw-pushpin_hl57</styleUrl>
			</Pair>
		</StyleMap>
		<Style id="s_ylw-pushpin57">
			<IconStyle>
				<scale>1.1</scale>
				<Icon>
					<href>https://maps.google.com/mapfiles/kml/pushpin/ylw-pushpin.png</href>
				</Icon>
				<hotSpot x="20" y="2" xunits="pixels" yunits="pixels"/>
			</IconStyle>
			<LineStyle>
				<color>ffffff55</color>
				<width>3</width>
			</LineStyle>
			<PolyStyle>
				<fill>0</fill>
			</PolyStyle>
		</Style>
		<Style id="s_ylw-pushpin_hl57">
			<IconStyle>
				<scale>1.3</scale>
				<Icon>
					<href>https://maps.google.com/mapfiles/kml/pushpin/ylw-pushpin.png</href>
				</Icon>
				<hotSpot x="20" y="2" xunits="pixels" yunits="pixels"/>
			</IconStyle>
			<LineStyle>
				<color>ffffff55</color>
				<width>3</width>
			</LineStyle>
			<PolyStyle>
				<fill>0</fill>
			</PolyStyle>
		</Style>
		<Placemark>
			<name>Ward E7.kml</name>
			<styleUrl>#m_ylw-pushpin57</styleUrl>
			<Polygon>
				<tessellate>1</tessellate>
				<outerBoundaryIs>
					<LinearRing>
						<coordinates>
							77.74827807377416,20.93360417699127,0 77.74865664698673,20.93345897425231,0 77.74869121010225,20.93345149055104,0 77.74889238139603,20.93377501482187,0 77.74916200672273,20.9342827940497,0 77.74938564278955,20.93472252113653,0 77.74952732495139,20.93501833960744,0 77.74969224175207,20.93544612996362,0 77.74961179147006,20.935635174251,0 77.74954154543349,20.93579825667327,0 77.74943313906319,20.93604364583349,0 77.74931587701121,20.93622181801341,0 77.74903318492329,20.93653021035051,0 77.74867392353156,20.93682263821996,0 77.74828264163064,20.93703245669616,0 77.74795010460016,20.93720119857541,0 77.74769619141915,20.93733141024111,0 77.74763544627272,20.93736708813485,0 77.74763020975183,20.93739914382403,0 77.74764125167198,20.9374354074251,0 77.74767513499957,20.9374848064787,0 77.74786831117372,20.93769996658027,0 77.74806330577701,20.93791871587612,0 77.74833683547662,20.93823067720407,0 77.74847888069587,20.93838467441327,0 77.7486315585996,20.93855566251384,0 77.74888706318747,20.93882612372671,0 77.74901811419467,20.93897528707987,0 77.74916954653742,20.9391476493446,0 77.74932383872425,20.93934177070621,0 77.74945713893592,20.93950948257661,0 77.74954512770552,20.93962336372735,0 77.74972150364455,20.93985164044091,0 77.74992536826119,20.94011549433466,0 77.75009179230244,20.94030883328605,0 77.75021196600949,20.94044844134256,0 77.74996275487729,20.94053166730264,0 77.74975562122505,20.94061270701086,0 77.74960112938869,20.94076143419294,0 77.74939672427946,20.94082358903746,0 77.74913321662474,20.94092599663747,0 77.74897159496315,20.94102721983041,0 77.74890884746537,20.94107516718526,0 77.74882328236863,20.94113199444606,0 77.7486521530745,20.94123854522276,0 77.74850384137928,20.94133266467077,0 77.74831179565292,20.94138949193155,0 77.74819390712315,20.94144631829302,0 77.74805890449491,20.94151912830522,0 77.74793531156541,20.94157417940491,0 77.7478155209696,20.94163810951118,0 77.74774136467234,20.94167007411466,0 77.74763108080981,20.94173222895927,0 77.74757784094464,20.94179793432727,0 77.74749607908089,20.94190981268778,0 77.7474257260165,20.9419559838816,0 77.74736107735193,20.94197374279408,0 77.7472526946562,20.94197374279407,0 77.74705304426266,20.9419595353044,0 77.74684008300346,20.94197374279408,0 77.74675641997288,20.94198972464613,0 77.74656057191297,20.94210870585216,0 77.74636786068831,20.94218289992098,0 77.74623476012613,20.94225393287273,0 77.74620558791759,20.94234928798932,0 77.74617771702806,20.94244039470852,0 77.74613018066341,20.94253806557931,0 77.74605143422639,20.94258820907866,0 77.74597443787007,20.94263723831796,0 77.74592102263715,20.94267125247638,0 77.74573087897693,20.94275116443478,0 77.74558827078219,20.94282219738654,0 77.74539812712192,20.94286659331869,0 77.74525551892715,20.94288435133183,0 77.74499882543554,20.94275116443477,0 77.74478015977662,20.94275116443473,0 77.74460868424343,20.94279387054076,0 77.74435233609151,20.94285771431215,0 77.7441756489871,20.94290771841653,0 77.74403859860251,20.94294650527704,0 77.74381042621029,20.94298202220262,0 77.74362979018277,20.94291986825739,0 77.74337733699458,20.94261741636074,0 77.74338585177571,20.94259666270587,0 77.74336436067676,20.94258904005221,0 77.74334914594641,20.94258364322058,0 77.74311398762052,20.9425296371331,0 77.74302874627965,20.94253913667189,0 77.74291072554965,20.94254484736691,0 77.74270704349533,20.94262860482633,0 77.74263851515543,20.94264573691131,0 77.74236820772666,20.94267048265672,0 77.74227260169926,20.94262286805103,0 77.74222562201494,20.94257261033773,0 77.74209599733248,20.94246680150174,0 77.74197607273766,20.94233545461759,0 77.74188042983805,20.94220332892053,0 77.74179333049784,20.94217365129304,0 77.74170576620823,20.94215651920802,0 77.74165776309536,20.94218417426027,0 77.74154015515411,20.94222885527752,0 77.74145449472925,20.94223266210772,0 77.74136693043957,20.94220220476799,0 77.74130767770721,20.94215791315721,0 77.74116705611482,20.94210892978333,0 77.74104713151998,20.94211273751291,0 77.74082631738072,20.94214129098781,0 77.74070429826482,20.94212420207031,0 77.74034410719486,20.94196773802078,0 77.74024845889932,20.94192618934222,0 77.74012102406607,20.94193480394807,0 77.74006170298526,20.94195078490082,0 77.73997922885837,20.94199661974826,0 77.73995111502613,20.94199812310355,0 77.739998817515,20.94175591193864,0 77.74007178187375,20.94164366696936,0 77.74010673484182,20.94151317265812,0 77.74017814542304,20.9412435035457,0 77.74022611096802,20.94105355613148,0 77.74029151455535,20.94079455206779,0 77.74031642069501,20.94072352342455,0 77.74041561109364,20.94041723373285,0 77.74049563447923,20.94016372046043,0 77.7405430826873,20.9400134046815,0 77.74070484506329,20.9394969139788,0 77.74078770991929,20.93922812374372,0 77.74083638588955,20.93902234080997,0 77.7408443701331,20.9389885865153,0 77.74088364915444,20.93889746148751,0 77.74089413659404,20.93887313122502,0 77.74094429439208,20.93877916752123,0 77.74095372606081,20.9387645917635,0 77.74098880832744,20.93871037539051,0 77.74112140323203,20.93853578326384,0 77.74114360597736,20.93851394080941,0 77.74119452092361,20.93846385204356,0 77.74125250704205,20.93840680679246,0 77.74127802987478,20.93838169806788,0 77.74128971889692,20.93837089478113,0 77.74130798696541,20.93835401097067,0 77.74136425792366,20.93830783592013,0 77.74144117233575,20.93824472110987,0 77.7415025838533,20.93816514151176,0 77.74150724563215,20.93815910058091,0 77.74152057141637,20.93813691074159,0 77.74152440688086,20.93813111631352,0 77.74152930570482,20.93812088578203,0 77.74153700941227,20.93810996898265,0 77.7415824718319,20.93804554488664,0 77.74174474586206,20.93795097284449,0 77.74193142815531,20.9378703401321,0 77.74195272616099,20.93771354094211,0 77.74197300491493,20.93764036098131,0 77.74199625895163,20.93758831192644,0 77.74202675007483,20.93752006419172,0 77.74205890236372,20.93736661880814,0 77.74207119476311,20.93730795381361,0 77.74208918189042,20.93713885908397,0 77.74211462024658,20.93689971601276,0 77.74212236224905,20.93682693427122,0 77.74220070359962,20.93680496307866,0 77.74263091048817,20.93678783099365,0 77.74350274475596,20.93674214543369,0 77.74401480523917,20.93670216966946,0 77.74437457902371,20.93664125588934,0 77.74471472420522,20.936635516416,0 77.74532255709042,20.9366545811441,0 77.74559917596127,20.9367326629821,0 77.74565052545142,20.93659222485133,0 77.74578139389628,20.93643478683602,0 77.74590796448103,20.9362825190231,0 77.74604190770793,20.93612138299552,0 77.74625054142939,20.93591513517539,0 77.74635437715284,20.93581248655706,0 77.7464785645342,20.93568971830595,0 77.74664418997742,20.93549341698766,0 77.74700916993734,20.93503645257028,0 77.74714019756217,20.934867085048,0 77.74726558284044,20.93470501012815,0 77.7474820631468,20.93443192199569,0 77.74763092432779,20.93425112948611,0 77.7477819861498,20.93406766509072,0 77.74794747489608,20.93386667920397,0 77.7480926848296,20.93367528368745,0 77.74827807377416,20.93360417699127,0 
						</coordinates>
					</LinearRing>
				</outerBoundaryIs>
			</Polygon>
		</Placemark>
	</Document>
	<Document>
		<name>Ward E8.kml</name>
		<StyleMap id="m_ylw-pushpin58">
			<Pair>
				<key>normal</key>
				<styleUrl>#s_ylw-pushpin58</styleUrl>
			</Pair>
			<Pair>
				<key>highlight</key>
				<styleUrl>#s_ylw-pushpin_hl58</styleUrl>
			</Pair>
		</StyleMap>
		<Style id="s_ylw-pushpin58">
			<IconStyle>
				<scale>1.1</scale>
				<Icon>
					<href>https://maps.google.com/mapfiles/kml/pushpin/ylw-pushpin.png</href>
				</Icon>
				<hotSpot x="20" y="2" xunits="pixels" yunits="pixels"/>
			</IconStyle>
			<LineStyle>
				<color>ffffff55</color>
				<width>3</width>
			</LineStyle>
			<PolyStyle>
				<fill>0</fill>
			</PolyStyle>
		</Style>
		<Style id="s_ylw-pushpin_hl58">
			<IconStyle>
				<scale>1.3</scale>
				<Icon>
					<href>https://maps.google.com/mapfiles/kml/pushpin/ylw-pushpin.png</href>
				</Icon>
				<hotSpot x="20" y="2" xunits="pixels" yunits="pixels"/>
			</IconStyle>
			<LineStyle>
				<color>ffffff55</color>
				<width>3</width>
			</LineStyle>
			<PolyStyle>
				<fill>0</fill>
			</PolyStyle>
		</Style>
		<Placemark>
			<name>Ward E8.kml</name>
			<styleUrl>#m_ylw-pushpin58</styleUrl>
			<Polygon>
				<tessellate>1</tessellate>
				<outerBoundaryIs>
					<LinearRing>
						<coordinates>
							77.74123242873367,20.90263006972197,0 77.74123699369238,20.90260370969349,0 77.74123926358118,20.90259059757807,0 77.74151614415479,20.90260644633048,0 77.74151356040255,20.90263237108712,0 77.74144119195751,20.90335852867321,0 77.74154101760394,20.90337629118295,0 77.74149823505559,20.90428219716574,0 77.74136988830975,20.90526803039535,0 77.74159582228941,20.90528546195458,0 77.741695796324,20.90720038299133,0 77.74179933257318,20.90770924458604,0 77.74194666670536,20.90840100580181,0 77.74218294918381,20.9092880610952,0 77.74150568503939,20.90938857832026,0 77.74008851986935,20.9096189315685,0 77.73910511930586,20.90979100245283,0 77.73859707969154,20.90986316135587,0 77.73861490515378,20.90989368974203,0 77.73899222201351,20.91019342568609,0 77.73935171251156,20.91047095826815,0 77.73947352298478,20.91059029740433,0 77.7395715661749,20.91078456985207,0 77.73968149300657,20.91113703484632,0 77.73977656483663,20.91138403724358,0 77.73990728849066,20.91178830678496,0 77.74007366486779,20.9124876807619,0 77.74027569216952,20.91310934342152,0 77.7404539521882,20.91379206015552,0 77.74060844402453,20.91424720254639,0 77.74072728403701,20.91484110583241,0 77.74081641404632,20.9152240893203,0 77.74089960133557,20.91554046542018,0 77.74109806462405,20.91595563924142,0 77.7412430488277,20.91626868425243,0 77.74145458376211,20.91662835191698,0 77.741692263787,20.9170768258349,0 77.7419085516384,20.91745647283801,0 77.74200484474784,20.91769635170533,0 77.74105783615028,20.91768045978546,0 77.73917170241219,20.9176341869682,0 77.7391418377257,20.91838438163393,0 77.73914040960227,20.91890120043013,0 77.73744290236812,20.91885265952266,0 77.73686469315112,20.91893260925258,0 77.73621652837016,20.91903968523332,0 77.73543273323412,20.91917816913724,0 77.73431436601521,20.91937926923794,0 77.7335565648836,20.91950244128469,0 77.73260942498501,20.91966748846386,0 77.73112400576832,20.9199277001033,0 77.73028167645828,20.92015184533147,0 77.72914441268455,20.92047152554051,0 77.72902420480324,20.92051866620352,0 77.72882329715748,20.9203642400177,0 77.7288677056801,20.92012294831545,0 77.72927074404964,20.91832738979724,0 77.72957569066563,20.91678633492148,0 77.7300191958293,20.91487114948399,0 77.73020525297011,20.91400215347664,0 77.73036652209737,20.91324893439088,0 77.73050982097152,20.91257964363569,0 77.73090008177343,20.91081325013141,0 77.73118656081118,20.90951657612914,0 77.73138966460141,20.9085906107681,0 77.73273274631924,20.90833633645281,0 77.73437229674414,20.90802593275066,0 77.73453091287138,20.9084261283632,0 77.73476416553387,20.90837111683362,0 77.73559310303932,20.90810862631213,0 77.73667327695023,20.90799833345636,0 77.73774350615793,20.90788905683456,0 77.73747897867196,20.9070556487992,0 77.73757073560103,20.90698928962405,0 77.73767481594007,20.90498016640163,0 77.73785682433305,20.90282221437377,0 77.73794832045866,20.90194834583951,0 77.73814039586262,20.90200463890301,0 77.73843580786632,20.9020914711445,0 77.73863464437341,20.90214991628568,0 77.73896078261407,20.90224577951915,0 77.73914545569829,20.90229669283815,0 77.73925958865914,20.90232275609037,0 77.7393547818977,20.90234449450287,0 77.73944019500902,20.90236399899942,0 77.7394951705657,20.90237655263587,0 77.73964225198841,20.9024450459022,0 77.7397742418878,20.90250651006744,0 77.73980320725229,20.90251999809948,0 77.73986387371883,20.90252413408155,0 77.74005131131901,20.90253691074986,0 77.74019394829213,20.90254663332053,0 77.74018609271405,20.90270754092035,0 77.7401805663801,20.90282074038493,0 77.74017603919293,20.90286928578894,0 77.74015984240287,20.90304296016456,0 77.74049705489523,20.90306077393564,0 77.74050911210588,20.90294363633978,0 77.74085580615059,20.9029724074507,0 77.74086705756872,20.90289567639439,0 77.74118003692922,20.90293263223526,0 77.74123242873367,20.90263006972197,0 
						</coordinates>
					</LinearRing>
				</outerBoundaryIs>
			</Polygon>
		</Placemark>
	</Document>
	<Document>
		<name>Ward E9.kml</name>
		<StyleMap id="m_ylw-pushpin59">
			<Pair>
				<key>normal</key>
				<styleUrl>#s_ylw-pushpin59</styleUrl>
			</Pair>
			<Pair>
				<key>highlight</key>
				<styleUrl>#s_ylw-pushpin_hl59</styleUrl>
			</Pair>
		</StyleMap>
		<Style id="s_ylw-pushpin59">
			<IconStyle>
				<scale>1.1</scale>
				<Icon>
					<href>https://maps.google.com/mapfiles/kml/pushpin/ylw-pushpin.png</href>
				</Icon>
				<hotSpot x="20" y="2" xunits="pixels" yunits="pixels"/>
			</IconStyle>
			<LineStyle>
				<color>ffffff55</color>
				<width>3</width>
			</LineStyle>
			<PolyStyle>
				<fill>0</fill>
			</PolyStyle>
		</Style>
		<Style id="s_ylw-pushpin_hl59">
			<IconStyle>
				<scale>1.3</scale>
				<Icon>
					<href>https://maps.google.com/mapfiles/kml/pushpin/ylw-pushpin.png</href>
				</Icon>
				<hotSpot x="20" y="2" xunits="pixels" yunits="pixels"/>
			</IconStyle>
			<LineStyle>
				<color>ffffff55</color>
				<width>3</width>
			</LineStyle>
			<PolyStyle>
				<fill>0</fill>
			</PolyStyle>
		</Style>
		<Placemark>
			<name>Ward E9.kml</name>
			<styleUrl>#m_ylw-pushpin59</styleUrl>
			<Polygon>
				<tessellate>1</tessellate>
				<outerBoundaryIs>
					<LinearRing>
						<coordinates>
							77.74761190816311,20.92795440836931,0 77.74783236077491,20.92791051335958,0 77.7479576421491,20.92788598848611,0 77.74800862839137,20.92814433525626,0 77.74803121148089,20.92816976885343,0 77.7480401872638,20.92820187098296,0 77.74804063175773,20.92822622800749,0 77.74804010033667,20.92828069768632,0 77.74804192602311,20.9282971499314,0 77.74794602428966,20.92831451040638,0 77.74787332579344,20.92833115595815,0 77.74783486178951,20.92833996391827,0 77.74784128834483,20.92836245596263,0 77.74781301365972,20.9283690264095,0 77.747745080671,20.92838290744528,0 77.74760199313756,20.92854941242551,0 77.74752074028999,20.92863957845384,0 77.7474619516078,20.92870211551026,0 77.74740774677015,20.9287501258177,0 77.74727027190556,20.92887188862681,0 77.74721381426617,20.92892189363055,0 77.74699016636318,20.92902227955459,0 77.74679597305578,20.9291083725534,0 77.74685158982909,20.92923491166191,0 77.7468473117541,20.92926421517145,0 77.74680595553049,20.92932815067369,0 77.74671468693333,20.92951462869726,0 77.74654630776591,20.92976476613111,0 77.74646750017507,20.9298811473971,0 77.74645118467447,20.92991227653038,0 77.74638431198645,20.93003987504029,0 77.74632964579655,20.93012645367293,0 77.74620088266467,20.93024963021634,0 77.7461822837854,20.93026742150439,0 77.74614663196157,20.93030405089129,0 77.74612522090229,20.93034020273821,0 77.74610800877765,20.93036926253148,0 77.74600818403053,20.93050690017336,0 77.74599533631579,20.93051801129725,0 77.74594401020795,20.93056239913546,0 77.74580853273767,20.9306645180531,0 77.74569920035788,20.93074665583356,0 77.74562863865084,20.93081256085106,0 77.74547578088266,20.93095533182315,0 77.74535456486133,20.93113514856834,0 77.74532861942032,20.93122861690726,0 77.74531678973813,20.93124420575557,0 77.74530359938166,20.93126975909218,0 77.7452640328089,20.93131449496805,0 77.74524940803386,20.93133102990317,0 77.74521593526725,20.93135866606964,0 77.74519799918836,20.93137855907326,0 77.74519521758528,20.93138164464721,0 77.74519282179138,20.93141073142016,0 77.74519236493576,20.9314162757406,0 77.74519077673301,20.93142313576914,0 77.74518937379068,20.93142919719976,0 77.74518812013572,20.93143461381642,0 77.74518738359092,20.93143779561781,0 77.74518656700651,20.93144132006091,0 77.74518555886651,20.93144567637695,0 77.74518474318144,20.93144920171935,0 77.7451842251719,20.93145143743398,0 77.74518095613628,20.93146555858871,0 77.74515901177907,20.93149227384941,0 77.74514889800332,20.93150458646757,0 77.74512129601105,20.93151410399279,0 77.74508897077942,20.93151104449914,0 77.74491650599202,20.93149471730748,0 77.74490699835935,20.93155154726618,0 77.74480911075193,20.93178916973441,0 77.74474393958121,20.93182327742239,0 77.74450358767049,20.93200427317876,0 77.74433417068548,20.93230884477743,0 77.7441018910895,20.93258846648465,0 77.74398747574146,20.93261327428328,0 77.74399092554086,20.93264227022464,0 77.743963478232,20.93265155032885,0 77.74385365122509,20.93266712298936,0 77.74339654201687,20.93273193622991,0 77.74318810075034,20.93275763435741,0 77.74304119109816,20.93270602496315,0 77.74298537107808,20.93265626907164,0 77.74292683600477,20.93263770976258,0 77.74284545815144,20.93261343885917,0 77.74260989153336,20.93265769719502,0 77.74251928303852,20.93264941623763,0 77.74247052989108,20.93264738376983,0 77.74237376643624,20.93264022246838,0 77.74218049583327,20.93265508106721,0 77.74196437705439,20.93267483737392,0 77.74181036095945,20.93271213225913,0 77.74175954836456,20.93271793288636,0 77.74163923166526,20.93273166823198,0 77.74155937096828,20.93277784212379,0 77.74141486160666,20.93289327910164,0 77.74126084551166,20.93297497171763,0 77.74108872516463,20.9330246718512,0 77.74099037710425,20.93305946572186,0 77.74099084115444,20.93333459981199,0 77.74104075352803,20.93365204790378,0 77.74100655410922,20.93365513707502,0 77.74083739522969,20.93367041745586,0 77.74062399330272,20.93368705221577,0 77.73995726831335,20.93373416499976,0 77.73941040046965,20.93378598393608,0 77.73923663346393,20.93379776865215,0 77.73932166346408,20.93276532985613,0 77.73984455897927,20.93235020190037,0 77.74000471924245,20.93221974174778,0 77.74060847370214,20.93180644661025,0 77.74065185519903,20.93177032354165,0 77.7411905491046,20.93137935407397,0 77.74156090611098,20.93111055840559,0 77.74184238311955,20.93090626840964,0 77.74187343581049,20.93087848475431,0 77.74196941595586,20.93076293985787,0 77.74198843032183,20.9306497215075,0 77.74219283453178,20.93020151109094,0 77.74228879309339,20.92992039021392,0 77.74243871997101,20.92944148233859,0 77.74244382901958,20.92942516234144,0 77.74247724692748,20.9293026818733,0 77.7426434722185,20.92925943797275,0 77.74283084236953,20.92921327397348,0 77.74302900618375,20.92916445157822,0 77.74317490499796,20.92912850567603,0 77.74320631382041,20.92912565032858,0 77.74323698519879,20.92925821219679,0 77.74324314735344,20.92925672381881,0 77.74397971099495,20.92903302645308,0 77.74433932020351,20.92889832779566,0 77.74480141525316,20.92872524067733,0 77.74506645445337,20.92862596451672,0 77.74542590897858,20.92850716767169,0 77.74582850847898,20.92837530997265,0 77.74613362956345,20.92827392849905,0 77.74638824831908,20.92823154255171,0 77.74648433368509,20.92820885985105,0 77.74686056776109,20.92812046099056,0 77.74701074644884,20.92808820230875,0 77.74705012416392,20.92807974328562,0 77.74739687486597,20.92800525963508,0 77.74738443454407,20.92799970182483,0 77.74748161528437,20.92798035201166,0 77.74761190816311,20.92795440836931,0 
						</coordinates>
					</LinearRing>
				</outerBoundaryIs>
			</Polygon>
		</Placemark>
	</Document>
	<Document>
		<name>Ward E10.kml</name>
		<StyleMap id="m_ylw-pushpin60">
			<Pair>
				<key>normal</key>
				<styleUrl>#s_ylw-pushpin60</styleUrl>
			</Pair>
			<Pair>
				<key>highlight</key>
				<styleUrl>#s_ylw-pushpin_hl60</styleUrl>
			</Pair>
		</StyleMap>
		<Style id="s_ylw-pushpin60">
			<IconStyle>
				<scale>1.1</scale>
				<Icon>
					<href>https://maps.google.com/mapfiles/kml/pushpin/ylw-pushpin.png</href>
				</Icon>
				<hotSpot x="20" y="2" xunits="pixels" yunits="pixels"/>
			</IconStyle>
			<LineStyle>
				<color>ffffff55</color>
				<width>3</width>
			</LineStyle>
			<PolyStyle>
				<fill>0</fill>
			</PolyStyle>
		</Style>
		<Style id="s_ylw-pushpin_hl60">
			<IconStyle>
				<scale>1.3</scale>
				<Icon>
					<href>https://maps.google.com/mapfiles/kml/pushpin/ylw-pushpin.png</href>
				</Icon>
				<hotSpot x="20" y="2" xunits="pixels" yunits="pixels"/>
			</IconStyle>
			<LineStyle>
				<color>ffffff55</color>
				<width>3</width>
			</LineStyle>
			<PolyStyle>
				<fill>0</fill>
			</PolyStyle>
		</Style>
		<Placemark>
			<name>Ward E10.kml</name>
			<styleUrl>#m_ylw-pushpin60</styleUrl>
			<Polygon>
				<tessellate>1</tessellate>
				<outerBoundaryIs>
					<LinearRing>
						<coordinates>
							77.72372284972978,20.95455471322948,0 77.72512991371461,20.95409303456591,0 77.72586679841409,20.95377476359453,0 77.72609706532734,20.95365317165661,0 77.72773636966556,20.95243274796157,0 77.72782915168072,20.95237195005888,0 77.72782745083605,20.95236493939887,0 77.72805779107294,20.95220962801364,0 77.72845806955235,20.95195983228409,0 77.72886450409362,20.95169350125412,0 77.7290255591823,20.95156423000525,0 77.72938692926348,20.9512741734644,0 77.72954284652519,20.95098599021133,0 77.72987251280628,20.94907576453494,0 77.72989095070689,20.94898458587002,0 77.73014437426356,20.94901532649621,0 77.73022523590595,20.94896518479552,0 77.73128825704751,20.9493803163486,0 77.73132492240727,20.94935645193875,0 77.7313383888556,20.9493534661896,0 77.73136496652008,20.94934757383152,0 77.73145748967147,20.94927679358923,0 77.73148258165588,20.94925759756018,0 77.73208397989178,20.94879752688439,0 77.73320098733576,20.94792897154486,0 77.73383505704233,20.94738839895556,0 77.73415964485179,20.94951899720398,0 77.73426807431224,20.95025809423572,0 77.7341804488687,20.9502576274876,0 77.7342227763601,20.95165204430647,0 77.73408121047954,20.9516365570815,0 77.73124572001404,20.95128779819339,0 77.72972856192368,20.95144660857422,0 77.72948817044279,20.95149878544069,0 77.72903077032599,20.95173427836401,0 77.72908612596176,20.95205227930913,0 77.72928384399799,20.95314260663778,0 77.72964802634692,20.95312025354292,0 77.72967512857694,20.9531180498273,0 77.7299253965399,20.95309728721009,0 77.72993902846343,20.95316955493104,0 77.72996134481537,20.95319807394887,0 77.73004632781786,20.95330667721313,0 77.73004654601135,20.95330695605126,0 77.73018134565,20.95328803445186,0 77.73037191824234,20.95326128390937,0 77.73051573591131,20.95324109617789,0 77.73070504783213,20.95321452221369,0 77.73080547962333,20.95320042438279,0 77.73091982099299,20.95318437395978,0 77.73105905942811,20.95315999603703,0 77.73119730216932,20.95315864076127,0 77.73122530900089,20.95455341550774,0 77.73127878718635,20.95626527682114,0 77.73167392950832,20.95648723489803,0 77.73155508949584,20.95672583942601,0 77.73173632087457,20.95675635791966,0 77.73218907178493,20.95674299895537,0 77.73258416594307,20.95673134024101,0 77.73260437458627,20.95672977196981,0 77.73304176919547,20.95666974116939,0 77.73345849330046,20.95661254624718,0 77.73380147425145,20.95656331413234,0 77.73386980404952,20.95655350586284,0 77.73400234892935,20.95653447988242,0 77.73404818917265,20.9574285687735,0 77.73339331341356,20.95751322637478,0 77.73173632087457,20.95772741888534,0 77.73170707831655,20.95772692047158,0 77.73168524387944,20.95772654831947,0 77.73167907183176,20.95772644312089,0 77.73165673087351,20.95775132016735,0 77.73138880395021,20.95778123611522,0 77.73117894754247,20.95781994000698,0 77.73112419102864,20.95783003872537,0 77.73060586586809,20.95784355283773,0 77.73061999511677,20.95789957880259,0 77.73079109293462,20.95857800666971,0 77.73018828546105,20.95857614777108,0 77.73020230499243,20.95874197286387,0 77.72924207815942,20.95875085097106,0 77.7292166759089,20.95964833750085,0 77.72938978551025,20.95964343889368,0 77.72940166915174,20.95971002469792,0 77.73112693755822,20.9597329313298,0 77.73133226986843,20.9604273068748,0 77.73182592212868,20.96041633154851,0 77.73179124247191,20.96106071288166,0 77.73233077544499,20.96108068862294,0 77.7321889100902,20.96128102699784,0 77.73175175863683,20.96153776995215,0 77.73124413271063,20.96183590240503,0 77.73067370172998,20.96203565711994,0 77.72970515706743,20.96261272509725,0 77.72848704783904,20.96407203069968,0 77.72862850489588,20.96435333916705,0 77.72873786402116,20.96455460253623,0 77.72877762608802,20.96462741944314,0 77.72895215221877,20.96494703085697,0 77.72900814976391,20.96504957934027,0 77.72918879782479,20.96538039948592,0 77.72957859277791,20.96581541055283,0 77.73008379772918,20.96618888460941,0 77.7304367069885,20.96644977343837,0 77.72962006051745,20.96780296713327,0 77.72893584371428,20.96890660705435,0 77.72836409972348,20.96982494526508,0 77.72822519763484,20.97004804997757,0 77.72801703695681,20.97038239722993,0 77.72747512707555,20.97126570414903,0 77.72720417213492,20.97165631029054,0 77.72699437379141,20.97190612936441,0 77.724775085302,20.97463909082143,0 77.72249580124031,20.97756799386789,0 77.72167150693457,20.97856662445018,0 77.72163318862087,20.97859671756454,0 77.7216123917985,20.97846078863456,0 77.72162130407997,20.97788655621964,0 77.72155891361304,20.97749541138416,0 77.72124992994037,20.97650783436909,0 77.72088152626151,20.97542038314427,0 77.72031109528086,20.97395009232297,0 77.7196485629309,20.97244927041755,0 77.71949704155526,20.9722134654791,0 77.7193366078982,20.97204146564115,0 77.71826526622908,20.96931885717961,0 77.71821667765762,20.96677695669125,0 77.71821247152837,20.96665633152452,0 77.71824218153156,20.96450347235745,0 77.71838091364828,20.9632252551415,0 77.71842044155024,20.96286106388705,0 77.7191330805273,20.96172776972082,0 77.71938878836191,20.96132111967398,0 77.71965480152798,20.96084748812115,0 77.71999007418265,20.9602505397307,0 77.72040530286252,20.95951122596233,0 77.7206888815867,20.95809062538213,0 77.72079643510745,20.95755182985312,0 77.72101682116944,20.95644778074055,0 77.7210760433248,20.95591172634515,0 77.72122208153388,20.95486265818518,0 77.72123130048422,20.9548533573966,0 77.72255826005573,20.95468544138011,0 77.72278562125945,20.95465468186813,0 77.72311439001714,20.95461020319834,0 77.72372284972978,20.95455471322948,0 
						</coordinates>
					</LinearRing>
				</outerBoundaryIs>
			</Polygon>
		</Placemark>
	</Document>
	<Document>
		<name>Ward E11.kml</name>
		<StyleMap id="m_ylw-pushpin61">
			<Pair>
				<key>normal</key>
				<styleUrl>#s_ylw-pushpin61</styleUrl>
			</Pair>
			<Pair>
				<key>highlight</key>
				<styleUrl>#s_ylw-pushpin_hl61</styleUrl>
			</Pair>
		</StyleMap>
		<Style id="s_ylw-pushpin61">
			<IconStyle>
				<scale>1.1</scale>
				<Icon>
					<href>https://maps.google.com/mapfiles/kml/pushpin/ylw-pushpin.png</href>
				</Icon>
				<hotSpot x="20" y="2" xunits="pixels" yunits="pixels"/>
			</IconStyle>
			<LineStyle>
				<color>ffffff55</color>
				<width>3</width>
			</LineStyle>
			<PolyStyle>
				<fill>0</fill>
			</PolyStyle>
		</Style>
		<Style id="s_ylw-pushpin_hl61">
			<IconStyle>
				<scale>1.3</scale>
				<Icon>
					<href>https://maps.google.com/mapfiles/kml/pushpin/ylw-pushpin.png</href>
				</Icon>
				<hotSpot x="20" y="2" xunits="pixels" yunits="pixels"/>
			</IconStyle>
			<LineStyle>
				<color>ffffff55</color>
				<width>3</width>
			</LineStyle>
			<PolyStyle>
				<fill>0</fill>
			</PolyStyle>
		</Style>
		<Placemark>
			<name>Ward E11.kml</name>
			<styleUrl>#m_ylw-pushpin61</styleUrl>
			<Polygon>
				<tessellate>1</tessellate>
				<outerBoundaryIs>
					<LinearRing>
						<coordinates>
							77.72740250310224,20.94787683598175,0 77.72737177763197,20.94824497274628,0 77.72731802470005,20.94889424345626,0 77.72815307645408,20.94906241985093,0 77.72818194204302,20.94887436316139,0 77.72819557576527,20.94887678233767,0 77.7282556324915,20.94888744020326,0 77.72985417113313,20.949166912623,0 77.72954284652519,20.95098599021133,0 77.72938692926348,20.9512741734644,0 77.72886450409362,20.95169350125412,0 77.72829997626299,20.95205626438515,0 77.72791239993735,20.9523016965661,0 77.72773636933802,20.95243274757333,0 77.72705133774912,20.95294273871647,0 77.72673627106212,20.95317729899321,0 77.72609706532734,20.95365317165661,0 77.72589048925471,20.95376453110829,0 77.72586679841409,20.95377476359453,0 77.72512991371461,20.95409303456591,0 77.72464379147783,20.95425253832405,0 77.72372284972978,20.95455471322948,0 77.72311439001714,20.95461020319834,0 77.7214312395601,20.95483791603706,0 77.7211856329107,20.95486784727338,0 77.72093893538364,20.95489035460624,0 77.72109116902232,20.95409589890663,0 77.72110356617668,20.95380645840142,0 77.72111838880267,20.95346039658011,0 77.72109940771156,20.95325617673119,0 77.72091290900363,20.95210933158048,0 77.72077508610144,20.95152961689838,0 77.72069305534029,20.95118262877538,0 77.7206476072014,20.9509116450564,0 77.72042045339948,20.9499320013558,0 77.72198191755504,20.94951235059629,0 77.72258822908209,20.94937551825359,0 77.72308500107198,20.94921477813957,0 77.72326538528938,20.94975222918209,0 77.72329492801857,20.94984025032734,0 77.72352959441531,20.95024028316265,0 77.72369888488949,20.95056016290611,0 77.72379379454804,20.95077381945623,0 77.72379511025618,20.9507770471231,0 77.72380095517195,20.95079429193191,0 77.72387190344321,20.95075731983952,0 77.72402595555862,20.95069288301909,0 77.72402312081502,20.95068719552251,0 77.72407319440444,20.95066180772542,0 77.72412696944288,20.95063961108317,0 77.7242291717257,20.9505938304981,0 77.72462550267156,20.95041653464566,0 77.72466450403282,20.95039656630911,0 77.72467861336365,20.95038934245878,0 77.72467922101058,20.95039018474938,0 77.72468521970309,20.95039849984448,0 77.72472027746285,20.95037519332908,0 77.72472681365539,20.95038379454354,0 77.72475903470117,20.95036893793537,0 77.72476015279587,20.95036998178425,0 77.72479366107881,20.95034717001404,0 77.72481950874922,20.95033745896301,0 77.72486683138165,20.95030883319427,0 77.72487179828929,20.95030582867815,0 77.72490058749362,20.95029111548751,0 77.72491562253472,20.95028343158247,0 77.7249211546896,20.95027954282091,0 77.72483564522382,20.95008745984484,0 77.72479303783048,20.94995479372464,0 77.72458216723328,20.94929536638809,0 77.72456632297747,20.9492458164413,0 77.72451401930658,20.94908225494213,0 77.72480364777017,20.94890638712014,0 77.72540866038146,20.94856225344528,0 77.72535052011045,20.94809813761904,0 77.72530192614308,20.94771022134966,0 77.72523305965804,20.94713982364404,0 77.72521431688729,20.94698458447109,0 77.72536880872362,20.94698181006257,0 77.72552330055993,20.94694573915461,0 77.7259566307939,20.94664561020682,0 77.72662084577549,20.94618556741007,0 77.72751214496958,20.94609677824378,0 77.72759837556464,20.94625748889206,0 77.72760954151161,20.94630803128471,0 77.72755269473568,20.9463120495668,0 77.72753828086651,20.94645223416201,0 77.72755950477405,20.94645449427584,0 77.72760255287042,20.94646124762643,0 77.72760254621738,20.94646129628364,0 77.7275470369255,20.94678443401036,0 77.72749571336328,20.94706686025115,0 77.72747616609138,20.94721425145008,0 77.72745998594488,20.94733625358373,0 77.72743728880529,20.94753135497408,0 77.72743103503244,20.94759277942495,0 77.72741662873243,20.94772586188364,0 77.72740286914218,20.9478694240738,0 77.72740250310224,20.94787683598175,0 
						</coordinates>
					</LinearRing>
				</outerBoundaryIs>
			</Polygon>
		</Placemark>
	</Document>
	<Document>
		<name>Ward E12.kml</name>
		<StyleMap id="m_ylw-pushpin62">
			<Pair>
				<key>normal</key>
				<styleUrl>#s_ylw-pushpin62</styleUrl>
			</Pair>
			<Pair>
				<key>highlight</key>
				<styleUrl>#s_ylw-pushpin_hl62</styleUrl>
			</Pair>
		</StyleMap>
		<Style id="s_ylw-pushpin62">
			<IconStyle>
				<scale>1.1</scale>
				<Icon>
					<href>https://maps.google.com/mapfiles/kml/pushpin/ylw-pushpin.png</href>
				</Icon>
				<hotSpot x="20" y="2" xunits="pixels" yunits="pixels"/>
			</IconStyle>
			<LineStyle>
				<color>ffffff55</color>
				<width>3</width>
			</LineStyle>
			<PolyStyle>
				<fill>0</fill>
			</PolyStyle>
		</Style>
		<Style id="s_ylw-pushpin_hl62">
			<IconStyle>
				<scale>1.3</scale>
				<Icon>
					<href>https://maps.google.com/mapfiles/kml/pushpin/ylw-pushpin.png</href>
				</Icon>
				<hotSpot x="20" y="2" xunits="pixels" yunits="pixels"/>
			</IconStyle>
			<LineStyle>
				<color>ffffff55</color>
				<width>3</width>
			</LineStyle>
			<PolyStyle>
				<fill>0</fill>
			</PolyStyle>
		</Style>
		<Placemark>
			<name>Ward E12.kml</name>
			<styleUrl>#m_ylw-pushpin62</styleUrl>
			<Polygon>
				<tessellate>1</tessellate>
				<outerBoundaryIs>
					<LinearRing>
						<coordinates>
							77.73640476366899,20.9271306995222,0 77.73669473657286,20.92726643509797,0 77.73690397284014,20.92741931894652,0 77.73702405391703,20.92754435618714,0 77.73730401048182,20.92792025786445,0 77.73774251062177,20.92850903864931,0 77.73820515915241,20.92921341832578,0 77.73763197205056,20.92933619274046,0 77.73767851413403,20.9294489072127,0 77.73784948221075,20.92941331928082,0 77.73817234851204,20.93004113207159,0 77.73825609863691,20.93001212874488,0 77.73838178738964,20.9303624330799,0 77.7381041342984,20.93043637533852,0 77.73835885827476,20.93127569102035,0 77.73831956399914,20.93127137331461,0 77.73831975151809,20.93126878437282,0 77.7382534810781,20.93125708032248,0 77.73810033146484,20.93123003239687,0 77.738073955997,20.93122537418058,0 77.73787214712839,20.93118973222487,0 77.73779122328639,20.9311754399946,0 77.73773420390913,20.93115853120293,0 77.73758132869381,20.93111319675769,0 77.7375816700909,20.93111231985212,0 77.73741495983877,20.93106173157181,0 77.73729417941416,20.93102602239905,0 77.73716682726021,20.93098600060904,0 77.73705176742519,20.9309508837763,0 77.73709724973834,20.93186681630054,0 77.73718340838764,20.93189179047383,0 77.73726065475546,20.93196671299346,0 77.73808488700797,20.93191593906941,0 77.73808703525135,20.93194411664565,0 77.73809486048711,20.93204675670384,0 77.73810066831123,20.93212293512541,0 77.73791410035551,20.9322826951903,0 77.73780001326008,20.93261568446634,0 77.73763601469041,20.93289539610573,0 77.73729375610203,20.93298863331883,0 77.73680435493708,20.93304005745273,0 77.73672332422213,20.93304857133457,0 77.73610298086795,20.93300076877052,0 77.73592709775744,20.93287645278613,0 77.73570843209855,20.932836494109,0 77.73535226189746,20.93277646436243,0 77.73507620420349,20.93272993703704,0 77.73445823685822,20.93285425302141,0 77.73390206642732,20.93306292631302,0 77.73356456075595,20.9333825957303,0 77.73355030020623,20.93368450443637,0 77.73359783567163,20.93387985696988,0 77.73389255879461,20.93418176477666,0 77.73394345412716,20.9342725909074,0 77.73406767748139,20.93449427379178,0 77.73416807959326,20.93467344572299,0 77.73386225703757,20.93468243984282,0 77.73387420632966,20.93486918226701,0 77.73381769383155,20.93494651496976,0 77.73362138891605,20.93498815537917,0 77.7335861734521,20.93498663745848,0 77.73339590203733,20.93497662716508,0 77.73334967027174,20.93497200227852,0 77.73324152708587,20.93496118390929,0 77.73309258582371,20.93494628408788,0 77.73304163468249,20.93494118699455,0 77.73300988724989,20.93493801101005,0 77.7329759598727,20.93493461693909,0 77.7327150737417,20.93489181370633,0 77.7326815767899,20.93489195262272,0 77.73261175349828,20.93489224216815,0 77.73256658663837,20.93489242945227,0 77.73243463275215,20.93489297652971,0 77.73207989379048,20.93507713175721,0 77.73183380133831,20.93520488478317,0 77.73166347196144,20.93529330689714,0 77.73113629050744,20.93556697793372,0 77.73062624180768,20.93582988933798,0 77.73057567832497,20.93588045282069,0 77.73056780296179,20.93610502522676,0 77.73054497726896,20.93628020596681,0 77.7305191667262,20.9364782924393,0 77.7304380694614,20.93671086611364,0 77.73031691189601,20.9368054684976,0 77.73008884742246,20.93691072874722,0 77.72996075338615,20.93696103862105,0 77.72960307412265,20.93706423492651,0 77.72913893041738,20.93716548869639,0 77.72845975881087,20.93736196088582,0 77.72794843037582,20.93750105812741,0 77.7278297639325,20.93755439511927,0 77.7275240196179,20.93769181782321,0 77.72746097624311,20.93779928410973,0 77.72742240611923,20.93800416675895,0 77.72734431798597,20.93841896916012,0 77.72730986855566,20.93860196141147,0 77.72735088573485,20.93884901237212,0 77.72759545816393,20.93899527631101,0 77.72763321620008,20.93905977838613,0 77.72762812154066,20.93930687701081,0 77.72758866468519,20.93941737760991,0 77.72755699685797,20.93950606245489,0 77.72740575427218,20.93969454956385,0 77.72709360138867,20.93990164274668,0 77.72676331097809,20.94011670931874,0 77.72658397896754,20.94023347999115,0 77.72629746575554,20.94048024137011,0 77.72613203546513,20.94074645058828,0 77.72565659627497,20.94117526622563,0 77.72551795409039,20.94117164375636,0 77.72464269160703,20.93847219463614,0 77.72447719566613,20.93788823065741,0 77.72423005747126,20.93677373501995,0 77.72407256369793,20.93558318101899,0 77.72406662187717,20.93442883462311,0 77.72344271181176,20.93460642734485,0 77.72322285904782,20.93374621231791,0 77.72122634881705,20.93410694837705,0 77.71950911315508,20.93420684417054,0 77.71944969314889,20.93541113891299,0 77.71848114758694,20.9355498818217,0 77.71816622209356,20.93493941212423,0 77.71830883028832,20.93387940730882,0 77.71805332480115,20.93351312063408,0 77.71710260560081,20.93359081756223,0 77.71677175401328,20.9315802833035,0 77.71632420459844,20.92941731575658,0 77.71496348807455,20.92921751787417,0 77.71428610072304,20.92922861820622,0 77.71378697339014,20.92927301683631,0 77.71319871604796,20.92938401565986,0 77.71251420786444,20.92950907358496,0 77.71202752624943,20.92957082643256,0 77.71129129445774,20.92960165429299,0 77.70951468015842,20.9295449646285,0 77.70942264084226,20.92812799101403,0 77.70936589182256,20.92725430504222,0 77.70917598738198,20.92515489618155,0 77.70882540916534,20.92366745978548,0 77.70856458149029,20.92191806796451,0 77.7084986000304,20.92149178122075,0 77.70817178999619,20.91980449837893,0 77.70911062465566,20.91983780027431,0 77.7103209214734,20.91966529681605,0 77.7126342268881,20.91931052056411,0 77.71368595973928,20.91907740729661,0 77.71666289827419,20.91853347394074,0 77.71790477478562,20.91845021830303,0 77.71771463112538,20.91707927468886,0 77.71802162010177,20.91704767790806,0 77.72126950548336,20.91670927471331,0 77.72283068718652,20.91657973726517,0 77.72417595425696,20.91400209861804,0 77.7244449774538,20.91409516495991,0 77.72507074911584,20.91378769754428,0 77.7258191163592,20.91341999263858,0 77.72643346303397,20.91315579520386,0 77.72756905586728,20.91266743635317,0 77.72874504894492,20.912352070192,0 77.72934369255746,20.91249438250981,0 77.73050982097152,20.91257964363572,0 77.73020525297011,20.91400215347668,0 77.72957569066563,20.9167863349215,0 77.72879082443706,20.92045701408,0 77.72934707310903,20.92097371056833,0 77.72999262684047,20.92164495011238,0 77.72999359118472,20.92164392827896,0 77.73014438178119,20.92180274463873,0 77.73155454180871,20.9232879350902,0 77.73285443988057,20.92419090928309,0 77.73318132545786,20.92441797910653,0 77.7337525451439,20.92473402515524,0 77.7340575942826,20.92490280272222,0 77.73459424852581,20.92519972378831,0 77.73479898368623,20.9253521705663,0 77.73494888987945,20.92554133846206,0 77.73502948376586,20.92569336790969,0 77.73520944056328,20.92604102517324,0 77.73546731486478,20.92641668188442,0 77.73560651372969,20.9265951415526,0 77.73571703289468,20.92669883036451,0 77.73577241396237,20.9267507886601,0 77.73590549604189,20.92687564549472,0 77.73611414774979,20.92701706748378,0 77.7362744680923,20.92707655134186,0 77.73640476366899,20.9271306995222,0 
						</coordinates>
					</LinearRing>
				</outerBoundaryIs>
			</Polygon>
		</Placemark>
	</Document>
	<Document>
		<name>Ward E13.kml</name>
		<StyleMap id="m_ylw-pushpin63">
			<Pair>
				<key>normal</key>
				<styleUrl>#s_ylw-pushpin63</styleUrl>
			</Pair>
			<Pair>
				<key>highlight</key>
				<styleUrl>#s_ylw-pushpin_hl63</styleUrl>
			</Pair>
		</StyleMap>
		<Style id="s_ylw-pushpin63">
			<IconStyle>
				<scale>1.1</scale>
				<Icon>
					<href>https://maps.google.com/mapfiles/kml/pushpin/ylw-pushpin.png</href>
				</Icon>
				<hotSpot x="20" y="2" xunits="pixels" yunits="pixels"/>
			</IconStyle>
			<LineStyle>
				<color>ffffff55</color>
				<width>3</width>
			</LineStyle>
			<PolyStyle>
				<fill>0</fill>
			</PolyStyle>
		</Style>
		<Style id="s_ylw-pushpin_hl63">
			<IconStyle>
				<scale>1.3</scale>
				<Icon>
					<href>https://maps.google.com/mapfiles/kml/pushpin/ylw-pushpin.png</href>
				</Icon>
				<hotSpot x="20" y="2" xunits="pixels" yunits="pixels"/>
			</IconStyle>
			<LineStyle>
				<color>ffffff55</color>
				<width>3</width>
			</LineStyle>
			<PolyStyle>
				<fill>0</fill>
			</PolyStyle>
		</Style>
		<Placemark>
			<name>Ward E13.kml</name>
			<styleUrl>#m_ylw-pushpin63</styleUrl>
			<Polygon>
				<tessellate>1</tessellate>
				<outerBoundaryIs>
					<LinearRing>
						<coordinates>
							77.72203641584798,20.89880271966986,0 77.72254918322938,20.89876136486695,0 77.72289186947535,20.8986779057119,0 77.72326779721659,20.89866235732256,0 77.72330168399367,20.89923647019952,0 77.72337395054747,20.89926099170144,0 77.72362551250745,20.89930538223765,0 77.72379485844601,20.89932481119118,0 77.72403915748117,20.89931851503747,0 77.72445584216344,20.89930529950006,0 77.7247574621872,20.89929428010699,0 77.72510803950445,20.89934424014461,0 77.72533605001877,20.89934019229611,0 77.72579061864216,20.89933212267939,0 77.72635882919668,20.89932203588332,0 77.7265400596761,20.89930260692982,0 77.72675397151865,20.89924432096873,0 77.72698868018352,20.89921934139957,0 77.7274276347776,20.8992417713907,0 77.72807309439789,20.89928317797633,0 77.72867598820636,20.89931731893915,0 77.72890123870127,20.8993261691674,0 77.72925475230507,20.8993385078659,0 77.72952095612729,20.89933712650725,0 77.72975467823586,20.89933591332183,0 77.73025488295656,20.89932212221825,0 77.73118844399154,20.89930567271869,0 77.73273810268137,20.89927836840199,0 77.73352562730595,20.8992644918629,0 77.73435116627338,20.89924994622812,0 77.73510794577517,20.89980740089092,0 77.73547358044146,20.90007673075656,0 77.73548066260254,20.90007084559312,0 77.73562386165196,20.90014603341277,0 77.73565119474688,20.90019599255107,0 77.73567258602112,20.90028147850746,0 77.73566120240265,20.90036797440259,0 77.73565476055883,20.90041692360217,0 77.73567496292924,20.90048131506068,0 77.73572487620214,20.90052794311018,0 77.73576171603042,20.90059677632023,0 77.73580687548696,20.9007533150135,0 77.73594611572071,20.90092780147688,0 77.73605782590801,20.90110765329564,0 77.73641434504606,20.90145847612782,0 77.73674709690106,20.90166941301307,0 77.73717492058621,20.90175378830674,0 77.73762651155431,20.90178931422558,0 77.73795450959302,20.90188923160278,0 77.73794107102368,20.90202000831676,0 77.73788508732697,20.90256478973336,0 77.73780222019639,20.90331956914291,0 77.73765689335102,20.90521376800103,0 77.73767880263472,20.90552444060053,0 77.73761429606299,20.9063988343388,0 77.73757073560104,20.90698928962407,0 77.73751840944711,20.90705557865209,0 77.73747897867197,20.9070556487992,0 77.73774350615793,20.90788905683455,0 77.73559310303934,20.90810862631213,0 77.73476416553389,20.90837111683363,0 77.73456299888335,20.90843278964156,0 77.73453091287139,20.90842612836319,0 77.73437229674416,20.90802593275067,0 77.73400465029442,20.90809553667975,0 77.73168422134979,20.90853484470743,0 77.73138966460142,20.90859061076812,0 77.73132022614762,20.9089115716118,0 77.73050982097152,20.91257964363572,0 77.72934369255746,20.91249438250981,0 77.72874504894492,20.91235207019197,0 77.72856344075024,20.91240077207798,0 77.72756905586728,20.91266743635317,0 77.72724047326928,20.912808743229,0 77.72672136659787,20.91303198283982,0 77.72616177514584,20.9132726333254,0 77.72593264407629,20.91337117114269,0 77.72568591777095,20.91348543900187,0 77.72507074911584,20.91378769754428,0 77.7244449774538,20.91409516495991,0 77.72417595425696,20.91400209861804,0 77.72406849696364,20.91399780975118,0 77.72398272951943,20.91374533228135,0 77.72361127444084,20.9126810350018,0 77.72291675590363,20.91115280625706,0 77.72197730340987,20.90909821960719,0 77.72155785870825,20.90818088324124,0 77.72107470783158,20.90712421131339,0 77.72062696686106,20.90630944892202,0 77.72020206777127,20.90554867193374,0 77.72002941232755,20.90523953357769,0 77.71979449771794,20.9047566605915,0 77.71848901125891,20.90181642069131,0 77.71837396188891,20.90059474475174,0 77.71827510031569,20.89954494724158,0 77.7183430135193,20.89954222409444,0 77.71928617751513,20.89948785468079,0 77.71971500034704,20.89944288767919,0 77.72015050334313,20.89940579424207,0 77.72056122641953,20.89938143250719,0 77.72068479057066,20.89928032442748,0 77.72081146637613,20.89913862814526,0 77.72089813763898,20.89902782897118,0 77.72106451311686,20.89889182809544,0 77.7214316055842,20.8988519512566,0 77.7217482370915,20.89882596174881,0 77.72174848890172,20.89882615690169,0 77.72203641584798,20.89880271966986,0 
						</coordinates>
					</LinearRing>
				</outerBoundaryIs>
			</Polygon>
		</Placemark>
	</Document>
	<Document>
		<name>Ward E14.kml</name>
		<StyleMap id="m_ylw-pushpin64">
			<Pair>
				<key>normal</key>
				<styleUrl>#s_ylw-pushpin64</styleUrl>
			</Pair>
			<Pair>
				<key>highlight</key>
				<styleUrl>#s_ylw-pushpin_hl64</styleUrl>
			</Pair>
		</StyleMap>
		<Style id="s_ylw-pushpin64">
			<IconStyle>
				<scale>1.1</scale>
				<Icon>
					<href>https://maps.google.com/mapfiles/kml/pushpin/ylw-pushpin.png</href>
				</Icon>
				<hotSpot x="20" y="2" xunits="pixels" yunits="pixels"/>
			</IconStyle>
			<LineStyle>
				<color>ffffff55</color>
				<width>3</width>
			</LineStyle>
			<PolyStyle>
				<fill>0</fill>
			</PolyStyle>
		</Style>
		<Style id="s_ylw-pushpin_hl64">
			<IconStyle>
				<scale>1.3</scale>
				<Icon>
					<href>https://maps.google.com/mapfiles/kml/pushpin/ylw-pushpin.png</href>
				</Icon>
				<hotSpot x="20" y="2" xunits="pixels" yunits="pixels"/>
			</IconStyle>
			<LineStyle>
				<color>ffffff55</color>
				<width>3</width>
			</LineStyle>
			<PolyStyle>
				<fill>0</fill>
			</PolyStyle>
		</Style>
		<Placemark>
			<name>Ward E14.kml</name>
			<styleUrl>#m_ylw-pushpin64</styleUrl>
			<Polygon>
				<tessellate>1</tessellate>
				<outerBoundaryIs>
					<LinearRing>
						<coordinates>
							77.74382253827957,20.92710633419,0 77.74387652907859,20.92725359008119,0 77.74386402490489,20.92747369015871,0 77.74385233551692,20.9276794532442,0 77.74382960155492,20.92807963536694,0 77.74400263201591,20.92820395494863,0 77.74416034072721,20.92831761666474,0 77.74426915150019,20.92839603664783,0 77.74462228828804,20.92838470159273,0 77.7447936298222,20.92836201889213,0 77.7450435019561,20.92831207234434,0 77.74512433841755,20.92829591422509,0 77.74528229983832,20.92826433902809,0 77.74535332919282,20.92817240673122,0 77.74547754355387,20.92801163492908,0 77.74565227103551,20.92791141268162,0 77.74579381982898,20.92789997780176,0 77.74592162518292,20.92788470011885,0 77.74597894976876,20.927876962352,0 77.74607074357004,20.92786194727108,0 77.74613320598274,20.92785156909468,0 77.74616601415028,20.92784611830376,0 77.74636780852762,20.92782029337189,0 77.74644501172799,20.92781066882736,0 77.74659952065139,20.92774041918506,0 77.74678391134847,20.92768038943848,0 77.74685136499858,20.92771653858745,0 77.7469544668752,20.9277717920346,0 77.74709101004214,20.92784496627223,0 77.74720627165215,20.92790673620698,0 77.74726150981087,20.92793633919075,0 77.74731163622312,20.92796320194026,0 77.7473680929632,20.92799150810168,0 77.74737936686432,20.92799716034074,0 77.74738443454407,20.92799970182483,0 77.74738451458376,20.92799954174552,0 77.74739687486596,20.92800525963509,0 77.74684090318522,20.92812468510618,0 77.74638824831908,20.92823154255171,0 77.74628319761155,20.9282487501797,0 77.74613362956342,20.92827392849904,0 77.74596766417642,20.92832973412999,0 77.74508920010658,20.92861744523896,0 77.74397971099495,20.92903302645306,0 77.74324314735344,20.92925672381881,0 77.74323698519879,20.92925821219677,0 77.74320631382039,20.92912565032856,0 77.74317490499794,20.92912850567603,0 77.74258384626756,20.92927412839833,0 77.74247724692748,20.92930268187331,0 77.74244382901958,20.92942516234143,0 77.74228879309339,20.92992039021391,0 77.74219283453175,20.9302015110909,0 77.74198843032184,20.93064972150751,0 77.74196266474524,20.93062001869896,0 77.7419355735679,20.93063203454079,0 77.74168970071918,20.9305748376587,0 77.74154693334435,20.93070047384782,0 77.7414517544949,20.93079945862814,0 77.74084832379117,20.93131342297613,0 77.74050187346273,20.93158182564082,0 77.74024869901831,20.93177218244034,0 77.74006976360874,20.93184832534001,0 77.73986988928402,20.9318997215949,0 77.73975757834961,20.93192827506988,0 77.73958625749987,20.93195682854486,0 77.73943968239547,20.93194540715484,0 77.73922088183826,20.93186469479986,0 77.73927787907093,20.93115733034659,0 77.73922852157904,20.93095818537199,0 77.73907130209898,20.93072097479319,0 77.73893523647206,20.93050821318354,0 77.73872584372276,20.930089427685,0 77.73845934492289,20.9295830787961,0 77.73811289459445,20.92907292217768,0 77.7376201398576,20.92832272841122,0 77.73721060298698,20.92780133836112,0 77.73702405391703,20.92754435618713,0 77.73690397284014,20.92741931894648,0 77.73669473657287,20.92726643509798,0 77.73654816146853,20.9271902921983,0 77.73627446809229,20.92707655134183,0 77.73611414774979,20.92701706748375,0 77.73598470473041,20.92694092548339,0 77.73590549604188,20.9268756454947,0 77.7357421431854,20.92672720159914,0 77.73560651372969,20.92659514155258,0 77.73546731486476,20.9264166818844,0 77.73533079328155,20.92622305335129,0 77.73520944056327,20.92604102517322,0 77.73510593399169,20.92583758053996,0 77.73494888987943,20.92554133846204,0 77.73479898368623,20.92535217056627,0 77.73459424852581,20.9251997237883,0 77.7340575942826,20.92490280272222,0 77.73318132545785,20.92441797910652,0 77.73232064548148,20.92382010891095,0 77.73200593042941,20.92360149181542,0 77.73155454180869,20.92328793509017,0 77.73107677427379,20.92278474821762,0 77.73033993903704,20.92200870613692,0 77.72960950337591,20.92123939907907,0 77.72910096643653,20.92072454799955,0 77.72894755198797,20.92059221006247,0 77.72900644858879,20.92050501809217,0 77.72902420480324,20.92051866620352,0 77.72914441268455,20.92047152554051,0 77.73028167645828,20.92015184533147,0 77.73112400576832,20.9199277001033,0 77.73260942498501,20.91966748846386,0 77.7335565648836,20.91950244128469,0 77.73431436601521,20.91937926923794,0 77.73543273323412,20.91917816913724,0 77.73621652837016,20.91903968523332,0 77.73686469315112,20.91893260925258,0 77.73744290236812,20.91885265952266,0 77.73914040960227,20.91890120043013,0 77.7391418377257,20.91838438163393,0 77.73917170241219,20.9176341869682,0 77.74105783615028,20.91768045978546,0 77.74200484474784,20.91769635170533,0 77.74225464853328,20.91815119372268,0 77.74217132454703,20.91886698302488,0 77.74211238567813,20.91918879912384,0 77.74227267184637,20.91919393425269,0 77.74228030169462,20.91933795528246,0 77.74235795095871,20.91936828671709,0 77.74294818141351,20.91961547077739,0 77.74313623864657,20.91972762343113,0 77.74354475748464,20.91996625044214,0 77.74370864453834,20.92011647229742,0 77.7439178151551,20.9203643902045,0 77.74384651060802,20.92045430532198,0 77.74381798950867,20.92058085162506,0 77.74376094641059,20.92084060371093,0 77.74373599022385,20.92095715944538,0 77.74366468567678,20.92110701617588,0 77.74349355638259,20.92135011731409,0 77.74326538399032,20.92159987793207,0 77.7431406021571,20.92168979215023,0 77.74305503795966,20.92176305542074,0 77.7429944290497,20.92182632812262,0 77.74291956048938,20.92192623201004,0 77.7428803428536,20.92204278684517,0 77.74278051720717,20.92224925499914,0 77.74275461043698,20.92234260912414,0 77.74274272679548,20.92242031234758,0 77.74276055225772,20.92245361334363,0 77.74281105908318,20.92246471367565,0 77.7429001890925,20.92245638865148,0 77.74298634774181,20.92245638865148,0 77.74310518775428,20.92248413903184,0 77.74328047641291,20.92249246495533,0 77.74339040324458,20.92255351723111,0 77.74348547597401,20.92262011922315,0 77.74355677962171,20.92269504713875,0 77.74356569280252,20.9227644244387,0 77.74351221461706,20.92284490207061,0 77.74347062097246,20.92291150496203,0 77.74342902642849,20.92296978192996,0 77.74338743278383,20.9230530339704,0 77.74328047641291,20.92321121482576,0 77.74323591140825,20.92329724217404,0 77.74316757912055,20.92339992046999,0 77.74310815911429,20.92353589976199,0 77.74307547775118,20.92364412777431,0 77.74308736229199,20.92371905479058,0 77.74312301411584,20.92378565678268,0 77.7432032309444,20.92380508213887,0 77.74328344777297,20.92379953242255,0 77.74345239800982,20.9237715958825,0 77.74360926675433,20.92375605559755,0 77.7437471211328,20.92377381630865,0 77.74387784478677,20.92382931796868,0 77.74395152624197,20.92387371929675,0 77.74399668479924,20.9239358804366,0 77.74408700371231,20.92405798408873,0 77.74415593045188,20.92412902603377,0 77.74428903101403,20.92426666907159,0 77.74433054731696,20.92432149444147,0 77.74431675531406,20.92444304680919,0 77.7443406125293,20.92451383064883,0 77.74419325141747,20.92461595316377,0 77.74403080417835,20.92475619164497,0 77.74393431771466,20.92483948775219,0 77.7438795139285,20.92488679928641,0 77.7438347852472,20.92506566454881,0 77.74380345646438,20.92519094460647,0 77.74392001849412,20.92537708448492,0 77.74404103486592,20.92557033800074,0 77.74417272169381,20.92578063097142,0 77.74424554069918,20.92589691690927,0 77.74419464266867,20.92614379250205,0 77.74416754249813,20.92621389465558,0 77.74411410118489,20.92635213394385,0 77.74396934181175,20.92672659185877,0 77.74382253827957,20.92710633419,0 
						</coordinates>
					</LinearRing>
				</outerBoundaryIs>
			</Polygon>
		</Placemark>
	</Document>
	<Document>
		<name>Ward E15.kml</name>
		<StyleMap id="m_ylw-pushpin65">
			<Pair>
				<key>normal</key>
				<styleUrl>#s_ylw-pushpin65</styleUrl>
			</Pair>
			<Pair>
				<key>highlight</key>
				<styleUrl>#s_ylw-pushpin_hl65</styleUrl>
			</Pair>
		</StyleMap>
		<Style id="s_ylw-pushpin65">
			<IconStyle>
				<scale>1.1</scale>
				<Icon>
					<href>https://maps.google.com/mapfiles/kml/pushpin/ylw-pushpin.png</href>
				</Icon>
				<hotSpot x="20" y="2" xunits="pixels" yunits="pixels"/>
			</IconStyle>
			<LineStyle>
				<color>ffffff55</color>
				<width>3</width>
			</LineStyle>
			<PolyStyle>
				<fill>0</fill>
			</PolyStyle>
		</Style>
		<Style id="s_ylw-pushpin_hl65">
			<IconStyle>
				<scale>1.3</scale>
				<Icon>
					<href>https://maps.google.com/mapfiles/kml/pushpin/ylw-pushpin.png</href>
				</Icon>
				<hotSpot x="20" y="2" xunits="pixels" yunits="pixels"/>
			</IconStyle>
			<LineStyle>
				<color>ffffff55</color>
				<width>3</width>
			</LineStyle>
			<PolyStyle>
				<fill>0</fill>
			</PolyStyle>
		</Style>
		<Placemark>
			<name>Ward E15.kml</name>
			<styleUrl>#m_ylw-pushpin65</styleUrl>
			<Polygon>
				<tessellate>1</tessellate>
				<outerBoundaryIs>
					<LinearRing>
						<coordinates>
							77.74404259698832,20.920291126934,0 77.7439178151551,20.9203643902045,0 77.74370864453834,20.92011647229743,0 77.74354475748464,20.91996625044214,0 77.74313623864658,20.91972762343112,0 77.74294818141352,20.91961547077743,0 77.74235795095871,20.91936828671709,0 77.74228030169462,20.91933795528247,0 77.74227267184638,20.91919393425271,0 77.74211238567813,20.91918879912386,0 77.74217132454703,20.91886698302487,0 77.74225464853329,20.91815119372269,0 77.74200484474785,20.91769635170535,0 77.7419085516384,20.91745647283804,0 77.74169226378702,20.91707682583489,0 77.74145458376211,20.91662835191699,0 77.74124304882771,20.91626868425242,0 77.74109806462405,20.91595563924142,0 77.74089960133557,20.91554046542015,0 77.74081641404632,20.91522408932033,0 77.74072728403701,20.91484110583242,0 77.74060844402453,20.91424720254639,0 77.74045395218822,20.91379206015552,0 77.74027569216953,20.91310934342153,0 77.74007366486781,20.91248768076192,0 77.73990728849067,20.91178830678497,0 77.73977656483665,20.91138403724359,0 77.73968149300657,20.91113703484633,0 77.73957156617492,20.91078456985208,0 77.7394735229848,20.91059029740433,0 77.73935171251158,20.91047095826816,0 77.73899222201351,20.9101934256861,0 77.7386149051538,20.90989368974203,0 77.73859707969156,20.90986316135587,0 77.73910511930585,20.90979100245282,0 77.74008851986937,20.9096189315685,0 77.7415056850394,20.90938857832026,0 77.74309516840736,20.90915267355711,0 77.74383197486583,20.90904165944506,0 77.74391493732458,20.90902367300413,0 77.74390616893459,20.90911804426235,0 77.74403095076782,20.90909806222588,0 77.74394895058367,20.91003057644998,0 77.7438669512988,20.91090646935809,0 77.7437956476511,20.91159585636374,0 77.74376878939819,20.91164914209428,0 77.74374216946565,20.91201326140292,0 77.74367244412805,20.91266520603451,0 77.74363949206897,20.91321040833372,0 77.74359195570423,20.9137610218537,0 77.74418032276374,20.91378502116187,0 77.74412626001896,20.91417309211454,0 77.74428755072994,20.91415891160454,0 77.74440947721565,20.91414819258508,0 77.7445882075798,20.91412929962754,0 77.74466193130314,20.91412039903724,0 77.7447557323912,20.91410187570111,0 77.7448450728419,20.91408423370045,0 77.74494447580695,20.91406460509751,0 77.7453157474239,20.91399128966635,0 77.74560486597187,20.91393419800489,0 77.74598552830953,20.91391803538909,0 77.74696439359197,20.91387647232139,0 77.74696542691299,20.91389824940473,0 77.74697104947444,20.91401678544633,0 77.74697345875819,20.91406755847112,0 77.74700159404836,20.91466064697136,0 77.74703443009491,20.91546124953708,0 77.7470330037702,20.91563806524461,0 77.74698546830481,20.9164684110884,0 77.74693518181324,20.91707714509419,0 77.74688762386478,20.91781617557612,0 77.74658735462278,20.9177950316155,0 77.74657428027888,20.91794222275542,0 77.74658564770954,20.91801297781675,0 77.74659753854564,20.91808698752457,0 77.74659448894454,20.91815751775529,0 77.74659218937808,20.91821071445298,0 77.7465905849876,20.91824782227924,0 77.74655835058748,20.91830521251558,0 77.74653897379467,20.91833970960995,0 77.74653723180786,20.9183426369032,0 77.74649961136805,20.9183365251106,0 77.74636591635404,20.91836982700598,0 77.74609555586528,20.91846418387502,0 77.74588758584351,20.91855021392129,0 77.74575389082946,20.91861126799568,0 77.74563208035629,20.91868064709423,0 77.74555186352775,20.91876112742416,0 77.74547461715991,20.91886935903376,0 77.74546938850153,20.91897681362911,0 77.7454750929013,20.91905673817799,0 77.74548650080141,20.91914554353209,0 77.74568556895767,20.91955640479943,0 77.74571327353813,20.9198210992995,0 77.74557101774664,20.9199667071339,0 77.74538998595264,20.92007710893046,0 77.74507750816245,20.92008930168232,0 77.74465867743257,20.92012470230019,0 77.74453815940861,20.92007466551345,0 77.74404259698832,20.920291126934,0 
						</coordinates>
					</LinearRing>
				</outerBoundaryIs>
			</Polygon>
		</Placemark>
	</Document>
</Folder>
</kml>
