<?xml version="1.0" encoding="UTF-8"?>
<kml xmlns="http://www.opengis.net/kml/2.2" xmlns:gx="http://www.google.com/kml/ext/2.2" xmlns:kml="http://www.opengis.net/kml/2.2" xmlns:atom="http://www.w3.org/2005/Atom">
<Folder>
	<name>Temporary Places</name>
	<open>1</open>
	<Document>
		<name>Ward NO. 175.kml</name>
		<StyleMap id="m_ylw-pushpin">
			<Pair>
				<key>normal</key>
				<styleUrl>#s_ylw-pushpin</styleUrl>
			</Pair>
			<Pair>
				<key>highlight</key>
				<styleUrl>#s_ylw-pushpin_hl</styleUrl>
			</Pair>
		</StyleMap>
		<Style id="s_ylw-pushpin">
			<IconStyle>
				<scale>1.1</scale>
				<Icon>
					<href>http://maps.google.com/mapfiles/kml/pushpin/ylw-pushpin.png</href>
				</Icon>
				<hotSpot x="20" y="2" xunits="pixels" yunits="pixels"/>
			</IconStyle>
			<LineStyle>
				<color>ffffff55</color>
				<width>3</width>
			</LineStyle>
			<PolyStyle>
				<fill>0</fill>
			</PolyStyle>
		</Style>
		<Style id="s_ylw-pushpin_hl">
			<IconStyle>
				<scale>1.3</scale>
				<Icon>
					<href>http://maps.google.com/mapfiles/kml/pushpin/ylw-pushpin.png</href>
				</Icon>
				<hotSpot x="20" y="2" xunits="pixels" yunits="pixels"/>
			</IconStyle>
			<LineStyle>
				<color>ffffff55</color>
				<width>3</width>
			</LineStyle>
			<PolyStyle>
				<fill>0</fill>
			</PolyStyle>
		</Style>
		<Placemark>
			<name>Ward NO. 175.kml</name>
			<styleUrl>#m_ylw-pushpin</styleUrl>
			<Polygon>
				<tessellate>1</tessellate>
				<outerBoundaryIs>
					<LinearRing>
						<coordinates>
							77.62485999992499,12.9136490002036,0 77.62396200022749,12.9151760000443,0 77.62357499978209,12.9158799998901,0 77.62323000015989,12.9165090003515,0 77.62286899983199,12.9171530000361,0 77.6227269997819,12.9173470001563,0 77.6220840002125,12.9171090001125,0 77.6222829999646,12.9169630001871,0 77.6228139996042,12.9166620003819,0 77.62280200013601,12.916598999922,0 77.6223400000442,12.9162830003116,0 77.62230299955419,12.916052999924,0 77.6222330004129,12.9159969997414,0 77.62217200006179,12.9159830003921,0 77.6221509999999,12.9156989999812,0 77.622057000449,12.9156459997672,0 77.6220090003476,12.915625000222,0 77.62203400007991,12.9155370000473,0 77.62206999989979,12.9142940001353,0 77.6220610002586,12.9141969999733,0 77.62172399957279,12.9140860003533,0 77.62163999974101,12.9140239998829,0 77.62144000037171,12.913936999797,0 77.6213300003794,12.9138550000754,0 77.62127600011659,12.9138140000957,0 77.62121300022859,12.9137669995664,0 77.6211430001585,12.9137140000947,0 77.62106699974279,12.9136569999423,0 77.62120500011039,12.9135650000889,0 77.6212439996778,12.9135570000685,0 77.62139599997791,12.913527999665,0 77.6213840002942,12.9134590003277,0 77.62149999961549,12.9134409998883,0 77.6215469998522,12.9134370002707,0 77.62169699989791,12.9134240003852,0 77.62167700011859,12.9132369998633,0 77.6216549996218,12.9130240000133,0 77.6216419998355,12.9128940000642,0 77.6217519997692,12.9127170000385,0 77.6220329999865,12.9128329997534,0 77.62209500037039,12.9128370001261,0 77.62207099984769,12.9128239996468,0 77.6218640001217,12.9127120001067,0 77.6217630004261,12.912654999924,0 77.62171300004739,12.9126289999851,0 77.6215279998366,12.9125269996897,0 77.6214539998219,12.9124260001188,0 77.6214149998895,12.9123459997806,0 77.6212050004134,12.9118759996643,0 77.62117499997041,12.9112130003774,0 77.6210929999171,12.9108099996275,0 77.6209120003864,12.9107149997126,0 77.62083500017189,12.9106150001876,0 77.6206709996286,12.9102629996117,0 77.6205989996878,12.9099130003418,0 77.6205950001798,12.9095030002794,0 77.6205289996557,12.9090329998508,0 77.62062900009251,12.9086690004298,0 77.6206640003743,12.9086710000565,0 77.62063500002969,12.9087599996609,0 77.6207360000659,12.9087400002518,0 77.6208030001072,12.9087280001702,0 77.6208660001714,12.908715000361,0 77.620884000133,12.9087120002174,0 77.6212250001814,12.908646000189,0 77.6212490002553,12.9086559996716,0 77.6214429996655,12.9086250001196,0 77.6214369996855,12.9083980000427,0 77.62159499992551,12.9083729998568,0 77.62174399995671,12.9083550001561,0 77.6218760002339,12.9083680001825,0 77.6219810002449,12.9083779998187,0 77.6221330000145,12.9084010004227,0 77.62215400031729,12.9084040004148,0 77.6221539998124,12.9083900001201,0 77.6221089997016,12.9079430004477,0 77.6221209996008,12.9079430001748,0 77.6222679997727,12.9079430001609,0 77.62226799991809,12.9079250004204,0 77.6222660000944,12.9078280004154,0 77.62226499967529,12.9077469998846,0 77.6222649997278,12.9077410002721,0 77.6222619995534,12.9076709999768,0 77.6222609997849,12.9076630002891,0 77.6222589996393,12.9076449998445,0 77.62225600030349,12.9076240001359,0 77.6222499998056,12.9075789995753,0 77.6222479996721,12.9075610000336,0 77.62223899988059,12.9074920004077,0 77.6222289996696,12.9074189996356,0 77.6222219998987,12.9073829999364,0 77.6222589996862,12.9073799996616,0 77.6222680000521,12.9073799996769,0 77.62236799988951,12.9073840001115,0 77.6224750004147,12.9073869997209,0 77.6225240003232,12.9073909997219,0 77.6226999998817,12.9074039995681,0 77.6228820002939,12.9074169995829,0 77.622888000232,12.9074169998828,0 77.6228849996148,12.9073460004465,0 77.62287499985381,12.9071220003695,0 77.6228749999263,12.9071100002462,0 77.6228610001385,12.9068109995698,0 77.62232499974139,12.906848999957,0 77.62231399962729,12.9066840004114,0 77.6221440000277,12.9066849999264,0 77.6220579996108,12.9066870003264,0 77.6220390000052,12.9066880004436,0 77.6218769995541,12.9066979997943,0 77.62161400045601,12.9067140001613,0 77.621605999921,12.9067160001984,0 77.6215539998544,12.906724999602,0 77.62145500022621,12.9058479999201,0 77.6214210001866,12.9053560002403,0 77.6213839996945,12.9046710003264,0 77.62136099969059,12.9046719998394,0 77.6210649998385,12.9047189996188,0 77.6210130001928,12.9047250003855,0 77.6207739999964,12.9047769995873,0 77.6206650002341,12.9048089995885,0 77.62050200027529,12.9048399997944,0 77.6203850002839,12.9048720004093,0 77.6202350004105,12.9049040002909,0 77.6200620004372,12.9042709998231,0 77.62006200014891,12.9042699997383,0 77.6200949997356,12.9042629998506,0 77.6200799998565,12.9042030004198,0 77.620187999588,12.9041750002319,0 77.6201710001789,12.9041080003668,0 77.620251999882,12.9040860003474,0 77.62028699974989,12.9040759999988,0 77.6202730003735,12.9040269996479,0 77.6202300003236,12.9039759998735,0 77.620145999938,12.9039199996364,0 77.6201070000677,12.9038419998235,0 77.6200750003442,12.9036810002374,0 77.6198370001389,12.9032600001318,0 77.6196170000749,12.9029060004151,0 77.6195559995874,12.9026949996366,0 77.61955099992321,12.9026529999662,0 77.61947900040759,12.9023620002306,0 77.61946699975159,12.9023259998742,0 77.6192179997971,12.9024330002888,0 77.6190679999183,12.9020590003571,0 77.6189610001546,12.901786000282,0 77.6188529998669,12.901526999638,0 77.61874599969531,12.9012669996378,0 77.6186329998589,12.9009900003193,0 77.6185690002557,12.9008339996578,0 77.6188619999882,12.9008100003146,0 77.6199449997512,12.9007289995656,0 77.6198799996148,12.9000019997501,0 77.6198550001547,12.89973099964,0 77.6198560002148,12.8997080002392,0 77.6198320002846,12.8994280001435,0 77.6198070003706,12.8991349998706,0 77.6197830002486,12.8988600001838,0 77.6197800003888,12.8988290004051,0 77.61975600007941,12.8985659999544,0 77.619753000307,12.8985319999079,0 77.6197329999666,12.8982439996148,0 77.619487000207,12.8981790003515,0 77.61921500016371,12.8981689996601,0 77.61916700043351,12.898148999907,0 77.6188930001678,12.8979500002945,0 77.6180210003551,12.8979619997068,0 77.6180419997194,12.8979009998988,0 77.6180029997052,12.8976339996885,0 77.61773800020011,12.89598400035,0 77.6171530000961,12.8959259999186,0 77.6171459998985,12.8947760004035,0 77.6171379998769,12.8943629997599,0 77.616718999569,12.8944039996087,0 77.61670399959669,12.8944059999,0 77.61642200012101,12.8944329995632,0 77.6165110001666,12.8951430003104,0 77.6164880002777,12.8951450002319,0 77.616489999894,12.8951740000252,0 77.6165150001143,12.8955669996964,0 77.6162489999129,12.8955589996673,0 77.6162279997788,12.8955559998907,0 77.61622699976419,12.8954659998977,0 77.6161920003195,12.8954499998567,0 77.6154599995855,12.8954490003247,0 77.6154639998383,12.8951389996875,0 77.6154690001555,12.8948989999734,0 77.61545100017069,12.894852999606,0 77.6151520000286,12.8948199999032,0 77.6150990003547,12.8948199995611,0 77.61490699982311,12.8948160001306,0 77.6145980004197,12.8949110004329,0 77.6145699999276,12.89457700021,0 77.6145449999478,12.8942790003937,0 77.6145189995884,12.8939829999028,0 77.6144850000921,12.8936210000796,0 77.6144609996947,12.8935600003666,0 77.6143280000272,12.8933400003848,0 77.6143120003933,12.8932500002035,0 77.61425200041781,12.8929580001048,0 77.61417399957929,12.8925849998079,0 77.61417099984639,12.892569000299,0 77.6150079997193,12.8924210003746,0 77.614840000317,12.8921050001638,0 77.61467899985399,12.891812999777,0 77.6146210002247,12.8917079997481,0 77.6145580000358,12.8915770002955,0 77.61443800042061,12.8913260001698,0 77.6143559997297,12.8911549998113,0 77.6140479997422,12.8909879996234,0 77.61355900005729,12.8906530001954,0 77.6135229997994,12.8906050003294,0 77.6133039998401,12.8901679998384,0 77.6132920002599,12.8901440000153,0 77.61303999968131,12.8902459998115,0 77.6128539996737,12.8903219999997,0 77.6127560000422,12.8900539995886,0 77.6126959995683,12.8898850002259,0 77.6126270004026,12.8896490003822,0 77.61257000031151,12.8894009997011,0 77.61250599992459,12.88911199998,0 77.6124500002212,12.8888299995827,0 77.61242400036291,12.8885109996782,0 77.6124259998272,12.8882329996066,0 77.6124379997387,12.8880969997892,0 77.6124629998648,12.8869679997705,0 77.6124719998023,12.8869159998782,0 77.612606000192,12.8869139998243,0 77.61290499971901,12.8869189997998,0 77.6131829999739,12.8869179998831,0 77.61344299986909,12.8869169996645,0 77.61372200030119,12.8869280002426,0 77.61402000017129,12.8869170002006,0 77.6142369998757,12.8868979997454,0 77.6144170002277,12.8868659998784,0 77.61471800017689,12.8868190000797,0 77.6147639996976,12.8868049998934,0 77.6149880000419,12.8867550001043,0 77.61513100002691,12.886696000242,0 77.61528900001051,12.8866189996131,0 77.6153299996117,12.8864440001355,0 77.6153549997676,12.8863550004529,0 77.6154500000474,12.8861550001242,0 77.6158929998922,12.8862860001772,0 77.6159380002433,12.8862870003364,0 77.6161210000158,12.8862840000914,0 77.6161699999646,12.8863539999731,0 77.6162100003348,12.8863420000941,0 77.6164640000199,12.8862750003379,0 77.6168649997481,12.8863080003612,0 77.61704900019311,12.8862689997341,0 77.6173290001073,12.8862159997235,0 77.6173420002774,12.8861959997843,0 77.6174049998169,12.8864670004521,0 77.61861200033211,12.8862170003417,0 77.6186810001291,12.886492999579,0 77.6187549995452,12.8867690002272,0 77.6187990000069,12.8869009999458,0 77.6188429999591,12.8870480000935,0 77.618884000224,12.8871589999173,0 77.6189129999219,12.88723299998,0 77.6189360000827,12.8872930001072,0 77.6190210000735,12.8874669996927,0 77.6190809997244,12.8875840004464,0 77.61916300032389,12.8878349998082,0 77.61920799989601,12.8879650000378,0 77.61927900034171,12.8881389995649,0 77.6193119997249,12.8882030001632,0 77.6194659995937,12.8884140004396,0 77.6196499996354,12.8885899997395,0 77.619942999698,12.8888779996447,0 77.62003999955139,12.8891369998584,0 77.6200899999034,12.8892689995869,0 77.6201549998122,12.8895219998204,0 77.62017699955901,12.8896919996168,0 77.6201859997726,12.8898270000223,0 77.6201939999725,12.8901020002398,0 77.6201879997067,12.8908610000811,0 77.62018299983239,12.891018999987,0 77.6201839999831,12.8910889997719,0 77.6201889996363,12.8913120001241,0 77.620136000408,12.8914529995839,0 77.6200790002499,12.8914890000152,0 77.6196279998,12.8915570003632,0 77.6196480002412,12.8916930000551,0 77.6197990002028,12.8925900001433,0 77.6198140003608,12.8926789996263,0 77.6199260003557,12.8932840001051,0 77.620011999854,12.8937210002999,0 77.620072999977,12.8940349996715,0 77.6201759997054,12.8944479998241,0 77.6203890000488,12.8951879997685,0 77.6204760001291,12.895442999665,0 77.6207780000868,12.8960970002293,0 77.62085099969541,12.8962420004429,0 77.62105899988011,12.8965189997213,0 77.6211489998549,12.8966130001993,0 77.6212049996363,12.8967889998979,0 77.6212739999791,12.8970519997009,0 77.6213570001557,12.8973600003487,0 77.6214320000596,12.8976210002505,0 77.6214770003259,12.8978039995701,0 77.62158799957891,12.898076999945,0 77.6216769996111,12.8983280002743,0 77.6216939997589,12.89836999969,0 77.62177499996839,12.8985760003667,0 77.62186399996391,12.898818999865,0 77.62197799982501,12.8991019995835,0 77.6220620001302,12.8993399998611,0 77.6221080001324,12.8995529996125,0 77.6221470003351,12.8996049996127,0 77.6222299997051,12.8997379998327,0 77.6223009999089,12.8998529995627,0 77.6223120000884,12.8999499996854,0 77.6224549996716,12.900134999582,0 77.6225880000388,12.9003070000799,0 77.62273100005061,12.9004919997428,0 77.6229590000372,12.9007859995844,0 77.6234419999038,12.9013850002599,0 77.6237579999151,12.9020280002396,0 77.62420399978321,12.9029279999109,0 77.6242480003273,12.9030029999413,0 77.6247110000207,12.9031340000718,0 77.62490500041621,12.9031830000953,0 77.62503899985001,12.9032169996493,0 77.6252989999556,12.9032889997097,0 77.62543799979061,12.903327999822,0 77.62564300042899,12.9033250000272,0 77.6258149996949,12.9033220000699,0 77.62587400002189,12.9033439999862,0 77.6259200000553,12.9033940000373,0 77.62630200033379,12.903609000242,0 77.6263930004456,12.9036289999139,0 77.6266540002453,12.9036859998292,0 77.62722699954389,12.9034920000647,0 77.6273009998897,12.9038170003192,0 77.6273719999772,12.9041269996244,0 77.6274099999514,12.9042950000378,0 77.627421999551,12.9043499995684,0 77.6283849996007,12.9040640001559,0 77.6286100001268,12.9039980003379,0 77.6288070004117,12.9039540001057,0 77.6291019995889,12.9038919998997,0 77.6293449996349,12.9038559997477,0 77.629362999972,12.9038529999987,0 77.6293019997331,12.9035569997695,0 77.62981800040561,12.9034979999303,0 77.6301650002015,12.9034609996122,0 77.6308590003263,12.9034349996692,0 77.63115499997519,12.9034259996247,0 77.63101400019779,12.9036509996687,0 77.6309209999194,12.9037959997579,0 77.630387999818,12.9047009995858,0 77.6299670000175,12.9054070004313,0 77.629562000018,12.9060559998149,0 77.62941400035101,12.9062949996887,0 77.6290790003566,12.9068319999189,0 77.628870000261,12.9071659995648,0 77.6288249999629,12.9072380001242,0 77.62856100012461,12.9076579998712,0 77.62809299985329,12.908396999755,0 77.62688300038199,12.9103069995706,0 77.62622600008319,12.9114009998529,0 77.62608400006,12.9116479997805,0 77.6258490003426,12.9120159996856,0 77.62544600014419,12.9126510003158,0 77.62485999992499,12.9136490002036,0 
						</coordinates>
					</LinearRing>
				</outerBoundaryIs>
			</Polygon>
		</Placemark>
	</Document>
	<Document>
		<name>Ward No. 185.kml</name>
		<StyleMap id="m_ylw-pushpin0">
			<Pair>
				<key>normal</key>
				<styleUrl>#s_ylw-pushpin0</styleUrl>
			</Pair>
			<Pair>
				<key>highlight</key>
				<styleUrl>#s_ylw-pushpin_hl0</styleUrl>
			</Pair>
		</StyleMap>
		<Style id="s_ylw-pushpin0">
			<IconStyle>
				<scale>1.1</scale>
				<Icon>
					<href>http://maps.google.com/mapfiles/kml/pushpin/ylw-pushpin.png</href>
				</Icon>
				<hotSpot x="20" y="2" xunits="pixels" yunits="pixels"/>
			</IconStyle>
			<LineStyle>
				<color>ffffff55</color>
				<width>3</width>
			</LineStyle>
			<PolyStyle>
				<fill>0</fill>
			</PolyStyle>
		</Style>
		<Style id="s_ylw-pushpin_hl0">
			<IconStyle>
				<scale>1.3</scale>
				<Icon>
					<href>http://maps.google.com/mapfiles/kml/pushpin/ylw-pushpin.png</href>
				</Icon>
				<hotSpot x="20" y="2" xunits="pixels" yunits="pixels"/>
			</IconStyle>
			<LineStyle>
				<color>ffffff55</color>
				<width>3</width>
			</LineStyle>
			<PolyStyle>
				<fill>0</fill>
			</PolyStyle>
		</Style>
		<Placemark>
			<name>Ward No. 185.kml</name>
			<styleUrl>#m_ylw-pushpin0</styleUrl>
			<Polygon>
				<tessellate>1</tessellate>
				<outerBoundaryIs>
					<LinearRing>
						<coordinates>
							77.56859699967551,12.8942600001189,0 77.5688169997167,12.8944830003653,0 77.56906599977221,12.894759999589,0 77.5696019997785,12.8953669997566,0 77.56989900032519,12.8957080003448,0 77.5700809996932,12.8959100003879,0 77.57118500040779,12.8971879998535,0 77.5713580000355,12.8974139997135,0 77.571573999667,12.8976719996453,0 77.5716379997837,12.8977480002206,0 77.57188799983,12.8980729997436,0 77.5719839998544,12.8981970002986,0 77.5720289999289,12.8982589998005,0 77.5723059998041,12.8986579996634,0 77.5724939997631,12.8989300000766,0 77.5725360004147,12.8989899997995,0 77.572641999781,12.8991719999237,0 77.5727270000081,12.8993159996073,0 77.5727899996013,12.8994570003588,0 77.57282599998651,12.8995119997176,0 77.5729700003894,12.8999290002903,0 77.5732749997875,12.9008920001317,0 77.57345000013829,12.9015380001103,0 77.57351800039871,12.9020629996266,0 77.5735040001465,12.902331000103,0 77.5734429999976,12.9026560004323,0 77.5733589997897,12.9031009996419,0 77.5733420004028,12.9032080001981,0 77.5733079999321,12.9033869997947,0 77.5732769998568,12.9036479996761,0 77.57325700016369,12.9040049995698,0 77.5732679996385,12.9041099997728,0 77.5733169997346,12.9045600001134,0 77.573344999906,12.9047519997456,0 77.5733839997048,12.9050209997614,0 77.5734250001818,12.9053460003839,0 77.5733370004059,12.9061979998217,0 77.5733209996929,12.9063079999588,0 77.5732979999173,12.9064840002205,0 77.5721369996507,12.9066649997056,0 77.57199100006,12.9067439999916,0 77.5718330003244,12.9068729997503,0 77.57179199965751,12.9069030003972,0 77.57150100003111,12.9072149996697,0 77.5714769999872,12.907240000406,0 77.57120999967989,12.9075170002322,0 77.57105599967799,12.9076840002074,0 77.57090200020551,12.9078489998758,0 77.5708069996073,12.9079580002681,0 77.5705480003262,12.9082659997453,0 77.5703360003823,12.9085689995662,0 77.5701980000505,12.9087530002309,0 77.56957899996419,12.9082260003206,0 77.56936399966391,12.9080449998606,0 77.56933300015309,12.9080209999706,0 77.5690920001022,12.9078299997738,0 77.56900700000629,12.907753000206,0 77.568797999914,12.9075630004511,0 77.56863799992919,12.9074179995991,0 77.5685339995933,12.9073320002753,0 77.5684530003806,12.9072529997352,0 77.56826500036659,12.9070860000258,0 77.5680279998013,12.9068820000593,0 77.5678119996326,12.9067000003728,0 77.5675160004029,12.9064510002247,0 77.5672579997204,12.9062310003814,0 77.5669059996404,12.9059299999759,0 77.5660080004601,12.9051529999818,0 77.565093999868,12.904383000217,0 77.56368400010351,12.9032009999088,0 77.5635540001785,12.9030929998952,0 77.56336400000851,12.9029319995976,0 77.5630329999603,12.9026520004119,0 77.56281200041541,12.9024679997351,0 77.56275299973071,12.9024179998735,0 77.5625659996753,12.9022650002376,0 77.562465999561,12.9021800001868,0 77.5623269998258,12.9020670002141,0 77.56207400015801,12.901857000048,0 77.56167700008569,12.9015179999873,0 77.5612770000596,12.9011869997428,0 77.5609669996314,12.9009259997966,0 77.5601810003336,12.9002700002449,0 77.56049300014151,12.8999720001018,0 77.56064399968081,12.8998280003269,0 77.5608790003007,12.8996090000118,0 77.5612189995846,12.8993020003136,0 77.56127999961789,12.8992420002496,0 77.56111200013881,12.8988729997219,0 77.56105799993971,12.8987329999846,0 77.56078200018899,12.8980359995616,0 77.56062800021169,12.8976100002325,0 77.5604899996442,12.8972489998073,0 77.5604569997423,12.8971730004029,0 77.5602779998143,12.8967160001556,0 77.5601010002508,12.8962639997019,0 77.560109000089,12.8961449997449,0 77.559975999968,12.8958429999919,0 77.5598310003891,12.8954269995963,0 77.55982200041269,12.8954130000219,0 77.55974599973,12.895292999958,0 77.5597590002627,12.8952839998205,0 77.5598569998681,12.8952549998825,0 77.55988100024869,12.8952500001087,0 77.5598490000622,12.8951039996286,0 77.55982100024789,12.8949750001605,0 77.5598169997825,12.894954000419,0 77.5598120000584,12.8949320003884,0 77.5597920000896,12.8948399997478,0 77.5597629999852,12.8947050002282,0 77.5597400001145,12.8946010002558,0 77.5597159996465,12.8944609999164,0 77.55971200016729,12.8944410002914,0 77.5597109997163,12.8944329999964,0 77.5597080003357,12.8944120003899,0 77.5596989999222,12.894361999687,0 77.559687000219,12.8942929996377,0 77.55967299955989,12.894205999636,0 77.55966799972489,12.8941799999751,0 77.55965900007629,12.8941250004091,0 77.55964299982701,12.894031000077,0 77.5596249995553,12.8939669997713,0 77.5596039996507,12.8939709998202,0 77.55958600040729,12.8938850002176,0 77.5595689995445,12.8938010001387,0 77.5595549997409,12.8937340000299,0 77.55957899999351,12.8937290003095,0 77.5595639997958,12.8936550000344,0 77.55943800045399,12.8936780001158,0 77.5594370001033,12.8935980002702,0 77.55954900038491,12.8935770001256,0 77.55953499965089,12.8935089998891,0 77.5596630000817,12.8934860000703,0 77.5597169997092,12.8934339996247,0 77.5598370003196,12.8933970002877,0 77.55981199996469,12.8933539998885,0 77.5600499998899,12.8933049995732,0 77.5602659996165,12.8932570004136,0 77.56037500017911,12.8932369996321,0 77.56057700013,12.8931760000536,0 77.5605889996915,12.8931720004139,0 77.56062000039969,12.89329099981,0 77.56064800009371,12.8933940002816,0 77.56065899956459,12.8933909997171,0 77.5608030004456,12.8933570002949,0 77.5608580004216,12.8935539998312,0 77.56098700033171,12.8935210000329,0 77.5610020002883,12.8935169999056,0 77.5610410003861,12.8936760001889,0 77.56132899985469,12.8936170002002,0 77.5614300001634,12.8939400000366,0 77.5617979998142,12.8938330003083,0 77.561963999909,12.8942250000101,0 77.5625799997716,12.8941989997142,0 77.56343699959869,12.8941679997402,0 77.56351999965089,12.8941530001269,0 77.56453699972189,12.8940319996453,0 77.5647100000419,12.8940120001288,0 77.5650920003205,12.8939670003233,0 77.56564999987749,12.893902000267,0 77.5656980004517,12.8938999998535,0 77.5661610002484,12.8938660004024,0 77.5666989996141,12.8938230002471,0 77.5672630000617,12.8938200000106,0 77.56815399984011,12.8938190000225,0 77.568466000322,12.8941359999212,0 77.56859699967551,12.8942600001189,0 
						</coordinates>
					</LinearRing>
				</outerBoundaryIs>
			</Polygon>
		</Placemark>
	</Document>
	<Document>
		<name>Ward No. 186.kml</name>
		<StyleMap id="m_ylw-pushpin1">
			<Pair>
				<key>normal</key>
				<styleUrl>#s_ylw-pushpin1</styleUrl>
			</Pair>
			<Pair>
				<key>highlight</key>
				<styleUrl>#s_ylw-pushpin_hl1</styleUrl>
			</Pair>
		</StyleMap>
		<Style id="s_ylw-pushpin1">
			<IconStyle>
				<scale>1.1</scale>
				<Icon>
					<href>http://maps.google.com/mapfiles/kml/pushpin/ylw-pushpin.png</href>
				</Icon>
				<hotSpot x="20" y="2" xunits="pixels" yunits="pixels"/>
			</IconStyle>
			<LineStyle>
				<color>ffffff55</color>
				<width>3</width>
			</LineStyle>
			<PolyStyle>
				<fill>0</fill>
			</PolyStyle>
		</Style>
		<Style id="s_ylw-pushpin_hl1">
			<IconStyle>
				<scale>1.3</scale>
				<Icon>
					<href>http://maps.google.com/mapfiles/kml/pushpin/ylw-pushpin.png</href>
				</Icon>
				<hotSpot x="20" y="2" xunits="pixels" yunits="pixels"/>
			</IconStyle>
			<LineStyle>
				<color>ffffff55</color>
				<width>3</width>
			</LineStyle>
			<PolyStyle>
				<fill>0</fill>
			</PolyStyle>
		</Style>
		<Placemark>
			<name>Ward No. 186.kml</name>
			<styleUrl>#m_ylw-pushpin1</styleUrl>
			<Polygon>
				<tessellate>1</tessellate>
				<outerBoundaryIs>
					<LinearRing>
						<coordinates>
							77.57520100022241,12.9054440000091,0 77.5751939999634,12.9054440003283,0 77.5751499999826,12.9056219999008,0 77.5750800002007,12.9060619997879,0 77.5750769999765,12.9061909996432,0 77.5751070001354,12.9063470000682,0 77.5751039998656,12.9064500004183,0 77.5732979999173,12.9064840002205,0 77.5733209996929,12.9063079999588,0 77.5733370004059,12.9061979998217,0 77.5734250001818,12.9053460003839,0 77.5733839997048,12.9050209997614,0 77.573344999906,12.9047519997456,0 77.5733169997346,12.9045600001134,0 77.5732679996385,12.9041099997728,0 77.57325700016369,12.9040049995698,0 77.5732769998568,12.9036479996761,0 77.5733079999321,12.9033869997947,0 77.5733420004028,12.9032080001981,0 77.5733589997897,12.9031009996419,0 77.5734429999976,12.9026560004323,0 77.5735040001465,12.902331000103,0 77.57351800039871,12.9020629996266,0 77.57345000013829,12.9015380001103,0 77.5732749997875,12.9008920001317,0 77.5729700003894,12.8999290002903,0 77.57282599998651,12.8995119997176,0 77.5727899996013,12.8994570003588,0 77.5727270000081,12.8993159996073,0 77.572641999781,12.8991719999237,0 77.5725360004147,12.8989899997995,0 77.5724939997631,12.8989300000766,0 77.5723059998041,12.8986579996634,0 77.5720289999289,12.8982589998005,0 77.5719839998544,12.8981970002986,0 77.57188799983,12.8980729997436,0 77.5716379997837,12.8977480002206,0 77.571573999667,12.8976719996453,0 77.5713580000355,12.8974139997135,0 77.57118500040779,12.8971879998535,0 77.5700809996932,12.8959100003879,0 77.56989900032519,12.8957080003448,0 77.5696019997785,12.8953669997566,0 77.56906599977221,12.894759999589,0 77.5688169997167,12.8944830003653,0 77.56859699967551,12.8942600001189,0 77.568466000322,12.8941359999212,0 77.56891000003981,12.893998000219,0 77.5689269999132,12.8939919996363,0 77.5695279996356,12.8939969997308,0 77.56955300029649,12.8940000002291,0 77.5695529996235,12.8940150002969,0 77.56955399962411,12.8940370004398,0 77.569733999935,12.8940419997586,0 77.5697619998241,12.8940420002087,0 77.56987599976461,12.8940439997382,0 77.5699720002568,12.8940470000319,0 77.5700000002131,12.8940479996764,0 77.57010200006241,12.8940679999991,0 77.5702000003276,12.8940879998306,0 77.5702360000344,12.8940960003046,0 77.57029700031801,12.89410600017,0 77.5704020000823,12.8941199999561,0 77.5704410003364,12.8941300000695,0 77.5705350003216,12.894129999562,0 77.5706319997733,12.8941300002575,0 77.57067299992531,12.8941580000708,0 77.5707720002936,12.8941549996472,0 77.57087900024941,12.8941569997725,0 77.5709160001749,12.8941769999289,0 77.5710399996977,12.8941810002703,0 77.57116699967369,12.8941860000894,0 77.571203000154,12.8942029997174,0 77.5713189998992,12.8942000000076,0 77.5716039997892,12.8941959999553,0 77.5717400001852,12.8941930003578,0 77.5718489999888,12.8941909998007,0 77.5718790001052,12.8941910002276,0 77.5718810002048,12.8943790000442,0 77.5718819997375,12.8944879999925,0 77.5725710001899,12.8945709998079,0 77.5725720003185,12.8945709999082,0 77.5725689996295,12.8945879998832,0 77.5725829996771,12.8946400004394,0 77.57267800029121,12.894644999832,0 77.5726679998984,12.8948270002989,0 77.57266899963339,12.8948429996485,0 77.5728630004342,12.8948510002755,0 77.57301800031711,12.8946640001876,0 77.5732259996992,12.8947879998546,0 77.5732620000647,12.8946140002773,0 77.5732980000811,12.8946539996757,0 77.5735169996204,12.8947539999616,0 77.57359600033649,12.8945769996994,0 77.5740150001001,12.8945779997652,0 77.574671999838,12.8947980001188,0 77.5747030003548,12.8948099999402,0 77.5747130003671,12.8947880000216,0 77.57514600014829,12.895027000184,0 77.5755720001892,12.8952969998617,0 77.57692000015039,12.8960510001443,0 77.5773410000274,12.896312000197,0 77.5776040001516,12.8964580001306,0 77.5778819999929,12.8966060002766,0 77.5785339996287,12.8969670001317,0 77.5786869997046,12.8970540004454,0 77.5792279997752,12.8972709998504,0 77.5792330004528,12.8973020002416,0 77.5792699999721,12.897326000384,0 77.57952099964599,12.896898000269,0 77.57952899982079,12.8968829999982,0 77.5795289999418,12.8968840001143,0 77.5799159995903,12.8971589998327,0 77.5801320002543,12.8972989999378,0 77.58034599969881,12.8974220004195,0 77.580528000247,12.8975350000156,0 77.58054299961429,12.8975730000627,0 77.5807080002846,12.8976889995773,0 77.5808000000342,12.8977500002839,0 77.5809339997878,12.8978389998035,0 77.5809440000923,12.8978380003563,0 77.58095300037969,12.8978380000545,0 77.58109900030649,12.8978350004354,0 77.5811369997606,12.8978340001421,0 77.5814370003563,12.8978259999982,0 77.5814640002953,12.8978259999536,0 77.58161100028769,12.8978230001146,0 77.5822650000616,12.8978069999721,0 77.5822919997301,12.8978960001626,0 77.582524000026,12.8978100000205,0 77.58256300007849,12.8977920003308,0 77.58270300019799,12.8979569997908,0 77.5827100002134,12.8980260000119,0 77.5826839996305,12.8981030000721,0 77.5826699997605,12.898124999948,0 77.58266400008679,12.8983750003117,0 77.5826580001802,12.8986230004461,0 77.5828089999477,12.898653000268,0 77.5831560003334,12.8987210004448,0 77.5833709996848,12.8986970001631,0 77.58342600013481,12.8987330001919,0 77.5834239996101,12.8992150000932,0 77.5834189998364,12.8992149998075,0 77.58328399957919,12.8992150002509,0 77.58328000045439,12.8993399998635,0 77.5832769997687,12.8994390001867,0 77.5832750000114,12.8995370004432,0 77.5832719995858,12.8996109997096,0 77.5832700002706,12.8996919998229,0 77.5832680004158,12.8997690003872,0 77.5832660003162,12.8998509997189,0 77.5832500001013,12.9004160002123,0 77.58324599971429,12.9005579999718,0 77.58324300020119,12.9006449998116,0 77.58333199962721,12.9006479997404,0 77.5833299998386,12.9007049998185,0 77.58332800005169,12.9007619998965,0 77.58332500012099,12.9008189999199,0 77.583323000337,12.9008759999978,0 77.5833209996339,12.9009330000848,0 77.583317999892,12.9009980001174,0 77.5833169999762,12.9010129999685,0 77.5833800000748,12.9010139999766,0 77.58336299959841,12.9013939999951,0 77.5833410000908,12.9018190003512,0 77.5835850003708,12.901903999896,0 77.5838920001037,12.9020219999611,0 77.5841429997582,12.9021189997497,0 77.5841800000556,12.9021339997534,0 77.584347999695,12.9022070004123,0 77.5845099997746,12.9022760001853,0 77.5845650004199,12.902300000241,0 77.5846859996436,12.9023539997507,0 77.5849779997926,12.9024780000794,0 77.5851899997316,12.9025430004249,0 77.5857880001968,12.9027220004041,0 77.58578600001771,12.9027659998424,0 77.58574100027781,12.9041899998041,0 77.5857409996764,12.9046569998882,0 77.5856839997078,12.9046559999768,0 77.58544399957979,12.9046570002308,0 77.58530200022609,12.9046580002257,0 77.5852770002401,12.9046600002134,0 77.5852749995525,12.9046389995692,0 77.5852470003416,12.9046369998615,0 77.5851219996679,12.9046420000955,0 77.58499599973889,12.9046470002163,0 77.58496899957581,12.9046500001958,0 77.58496899966531,12.9051800004012,0 77.5849310004312,12.9051829998661,0 77.5848379997126,12.9051860003751,0 77.5847549996718,12.9051890004144,0 77.5846830003248,12.905190999928,0 77.58459199990649,12.9051940004424,0 77.5844830003963,12.9051980001599,0 77.584415999998,12.9051999998526,0 77.5843280000411,12.9052030004171,0 77.58421399969041,12.9052069997871,0 77.5840830001242,12.9052099999462,0 77.5839939999282,12.9052510001502,0 77.58391800002219,12.9052860003005,0 77.5838639995516,12.9052860002852,0 77.5838230004093,12.9052870001168,0 77.5837619998603,12.9052879998391,0 77.5836830003575,12.9052909997441,0 77.5835900004177,12.9052939998096,0 77.58356400016049,12.9052959995976,0 77.5834859996794,12.9053040000748,0 77.5833980003196,12.9053119999943,0 77.58318299995859,12.9053289996106,0 77.58293199973291,12.9054089997895,0 77.582934000105,12.9054750002113,0 77.58282999965731,12.9054749999893,0 77.5828299999111,12.9054899998957,0 77.5826979998898,12.905493000241,0 77.5826899996005,12.9055069995997,0 77.58221199979489,12.9055229999964,0 77.581695000266,12.9055970003008,0 77.5816930003956,12.9055800000306,0 77.58168800015611,12.9054890000974,0 77.5816850002406,12.9054319996774,0 77.5816829997424,12.9053830002434,0 77.5816780001729,12.9052900000704,0 77.58167199988441,12.9051450001763,0 77.5816670001652,12.9050780002876,0 77.58166299968531,12.9050109995615,0 77.5816550001952,12.9048739995537,0 77.58165000013,12.9047699999175,0 77.58164400044841,12.9046699997741,0 77.5817569995812,12.9046649995957,0 77.58177400034531,12.9046639995753,0 77.581769000249,12.9045189997425,0 77.5817539998599,12.9040959998065,0 77.5817429998238,12.9038000002699,0 77.5817430002035,12.9037959998051,0 77.58143399989081,12.9038419999893,0 77.58124200019409,12.9038930004198,0 77.58101299976509,12.9039559998069,0 77.5807810000386,12.904015000159,0 77.5805659998442,12.9040790001938,0 77.5802989996653,12.9041660002646,0 77.580313999919,12.9044210001661,0 77.58027800015159,12.9044250000966,0 77.58010100039461,12.9044630001718,0 77.58001000021051,12.9044830001223,0 77.5798979998775,12.9045070000201,0 77.5798270004109,12.9045219997468,0 77.5797679997396,12.9045339999209,0 77.579683000204,12.9045519999281,0 77.5797019996205,12.9046539995592,0 77.5797240001574,12.9047679998717,0 77.5796839996349,12.904779000287,0 77.57963900037591,12.9047919996782,0 77.579575999735,12.9048100002529,0 77.57951799963951,12.9048260000099,0 77.5794479999218,12.9048460003075,0 77.57937499981369,12.9048669996009,0 77.5792890000786,12.9048859995551,0 77.5792159998207,12.9049059995963,0 77.57915800004319,12.9049249996292,0 77.5790989999733,12.9049430003707,0 77.5790400000088,12.904962000313,0 77.5789990004036,12.9049749998863,0 77.5789299999475,12.9049960002534,0 77.5789329999899,12.9050369998466,0 77.57885499960869,12.9050410002862,0 77.5788180003626,12.9050070000204,0 77.5787269999209,12.9050129997423,0 77.57871300026071,12.9050120004401,0 77.57872000037111,12.9052280000783,0 77.57872100029419,12.9052409998679,0 77.57869499954479,12.9052399997321,0 77.5786029997108,12.9052380002173,0 77.5786039999952,12.905373999991,0 77.5785419999372,12.9053750002297,0 77.5784280004295,12.9053760003509,0 77.5783889996991,12.9053779996099,0 77.57805099972769,12.9053869997338,0 77.5779619996157,12.905386999555,0 77.577807000459,12.9053869998918,0 77.57771700016301,12.9053869995573,0 77.5776199996162,12.9053869995758,0 77.5775350001563,12.9053870004464,0 77.5775070000779,12.9053870001557,0 77.57745099991941,12.9053869995652,0 77.57729200015901,12.9053880003224,0 77.5772910000873,12.905334000181,0 77.5772039997135,12.9053370002494,0 77.5771669997366,12.9053349999009,0 77.5770369998627,12.9053329996441,0 77.5770360000605,12.9052649996365,0 77.5769410003078,12.9052609999688,0 77.57687300011639,12.9052620002475,0 77.5768869997937,12.9050879996647,0 77.5769270001433,12.9049699996059,0 77.5769960001072,12.9047439998293,0 77.576847000378,12.9047039997633,0 77.5768989998154,12.9045849996375,0 77.57690999978119,12.904561000357,0 77.5769579997867,12.904453000313,0 77.5770190001529,12.9043380004423,0 77.5770849997824,12.9042180003684,0 77.577097000216,12.9041969997071,0 77.5771649998801,12.9040829995874,0 77.5772139996801,12.903997000408,0 77.5772989996826,12.9038790002023,0 77.57730299972,12.9038579998293,0 77.5771659999547,12.9038440002491,0 77.57698300036139,12.903823999905,0 77.5767989999288,12.9039749997922,0 77.5765329999947,12.904185000084,0 77.576379000107,12.9042859998054,0 77.57626799955059,12.904335999562,0 77.57626600015141,12.9043360002985,0 77.57621200020429,12.9043660004236,0 77.57604500015771,12.9044870004246,0 77.57602099958621,12.9045090002003,0 77.5759399996041,12.9045710000966,0 77.5757469995966,12.9047420001922,0 77.57570399976549,12.9047829997447,0 77.57550400037969,12.9050150001078,0 77.57548899977721,12.9050490002266,0 77.5754969996139,12.9053359999907,0 77.5754970004553,12.9054270000261,0 77.57545299969919,12.9054290002448,0 77.5752159998879,12.9054430002458,0 77.57520100022241,12.9054440000091,0 
						</coordinates>
					</LinearRing>
				</outerBoundaryIs>
			</Polygon>
		</Placemark>
	</Document>
	<Document>
		<name>Ward No. 187.kml</name>
		<StyleMap id="m_ylw-pushpin2">
			<Pair>
				<key>normal</key>
				<styleUrl>#s_ylw-pushpin2</styleUrl>
			</Pair>
			<Pair>
				<key>highlight</key>
				<styleUrl>#s_ylw-pushpin_hl2</styleUrl>
			</Pair>
		</StyleMap>
		<Style id="s_ylw-pushpin2">
			<IconStyle>
				<scale>1.1</scale>
				<Icon>
					<href>http://maps.google.com/mapfiles/kml/pushpin/ylw-pushpin.png</href>
				</Icon>
				<hotSpot x="20" y="2" xunits="pixels" yunits="pixels"/>
			</IconStyle>
			<LineStyle>
				<color>ffffff55</color>
				<width>3</width>
			</LineStyle>
			<PolyStyle>
				<fill>0</fill>
			</PolyStyle>
		</Style>
		<Style id="s_ylw-pushpin_hl2">
			<IconStyle>
				<scale>1.3</scale>
				<Icon>
					<href>http://maps.google.com/mapfiles/kml/pushpin/ylw-pushpin.png</href>
				</Icon>
				<hotSpot x="20" y="2" xunits="pixels" yunits="pixels"/>
			</IconStyle>
			<LineStyle>
				<color>ffffff55</color>
				<width>3</width>
			</LineStyle>
			<PolyStyle>
				<fill>0</fill>
			</PolyStyle>
		</Style>
		<Placemark>
			<name>Ward No. 187.kml</name>
			<styleUrl>#m_ylw-pushpin2</styleUrl>
			<Polygon>
				<tessellate>1</tessellate>
				<outerBoundaryIs>
					<LinearRing>
						<coordinates>
							77.60106799997619,12.9013940001578,0 77.60109600006901,12.9018729996554,0 77.6011450003562,12.9020530001112,0 77.6011819997163,12.9022010001803,0 77.6013689998404,12.9029989997955,0 77.6014679997911,12.9034190001428,0 77.6017530003854,12.9045490002728,0 77.6017619996602,12.9045909998425,0 77.60189499964051,12.905269999945,0 77.6018929995806,12.9054119998332,0 77.6018669998717,12.9055039996454,0 77.6018070001019,12.9057220001385,0 77.6016240000009,12.905952999673,0 77.6008170002859,12.9069199999222,0 77.6005930001826,12.9068329999023,0 77.60020800032549,12.9066909998332,0 77.6004280001296,12.9060199999701,0 77.6004770000072,12.9058700003107,0 77.6004690002059,12.9058680002134,0 77.6004499997233,12.9058619998636,0 77.6003850001284,12.905841000393,0 77.60033599963209,12.9058260004141,0 77.6002809996458,12.9058090002925,0 77.6002009999078,12.9057849997536,0 77.60012399972619,12.9057610000588,0 77.6000399999116,12.9057350002133,0 77.60002500026241,12.9057299998755,0 77.6000990002521,12.9054729998843,0 77.6001260002114,12.9054399998124,0 77.5999089996706,12.9052940000362,0 77.5996970004143,12.9050960000687,0 77.5995470000329,12.9049129999437,0 77.59954300035039,12.9048280003029,0 77.5994160003436,12.9047139996864,0 77.5991809997133,12.9044990003053,0 77.59912099975941,12.9044480000273,0 77.5991010001074,12.9042879999817,0 77.599081000418,12.904114000296,0 77.59907600036151,12.9040539995811,0 77.59903899986691,12.9037019997598,0 77.5990339997376,12.9036550003777,0 77.59895700041869,12.9035680000262,0 77.5989459996337,12.9031670003634,0 77.5990240002356,12.902718999854,0 77.5991769996447,12.902073000246,0 77.59939599968899,12.9015109998566,0 77.5994559998058,12.9013170003224,0 77.5994690003957,12.9012249998168,0 77.5994720000936,12.9011670001663,0 77.59940100035909,12.9011200002873,0 77.5992949999976,12.9011660002155,0 77.59897900010159,12.901342000065,0 77.5980499997,12.9018400000733,0 77.59695199975241,12.9023420001683,0 77.59661799967751,12.9024480002708,0 77.5961999997139,12.9025129997774,0 77.59569900009561,12.9025419996944,0 77.5949520003124,12.9025929995488,0 77.5949450004146,12.9025939995834,0 77.5947879999835,12.9026039999254,0 77.59477600028571,12.9026049999003,0 77.59407400031201,12.9026190001652,0 77.59399500013591,12.9027109998683,0 77.5939350004405,12.9032609998497,0 77.5938530003024,12.9039680000318,0 77.5938179999838,12.9043380001664,0 77.59380300044459,12.9044840001703,0 77.59372400045871,12.904922999866,0 77.5936039997181,12.9053380000977,0 77.59358200039119,12.9061460001719,0 77.59363100015329,12.9062629997169,0 77.5934410002985,12.9062629999873,0 77.5934410000976,12.9061509997774,0 77.5934359996823,12.9052840001833,0 77.5931139996537,12.9053010000326,0 77.59226500038869,12.9053559998369,0 77.5918949998949,12.9053789997839,0 77.5918960001526,12.9054109996405,0 77.591492999987,12.9054510002202,0 77.59150300026219,12.9056019996004,0 77.5906720004086,12.9056720000879,0 77.5902560003034,12.9057139996691,0 77.59009099959709,12.904794999797,0 77.59006300034881,12.9048089996552,0 77.5899279998988,12.9048220000835,0 77.5899039995841,12.9048259998578,0 77.58984000014119,12.9048339998436,0 77.5897820001247,12.9048440002087,0 77.589757999803,12.9048479999704,0 77.5896999997765,12.9048580003185,0 77.58963700003849,12.9048689997137,0 77.58962600016559,12.9048690002989,0 77.5896180000001,12.9048700001792,0 77.58954099964571,12.9048849995926,0 77.58949600037801,12.9048930000501,0 77.5894590001771,12.9048989996226,0 77.5893810004019,12.9049129997504,0 77.5893749996259,12.9049139996893,0 77.5893389995822,12.9049200001774,0 77.58930399968359,12.904925999786,0 77.5892380003513,12.9049369999003,0 77.5892150001598,12.9049409996441,0 77.5891310003296,12.9049550004236,0 77.58904199985299,12.9049700002356,0 77.58901500010769,12.9049749999444,0 77.5888740002641,12.9049989999671,0 77.5887960002276,12.9050119998235,0 77.58870600018049,12.9050139998658,0 77.5886940002901,12.9050149995874,0 77.5886370004072,12.9050200000963,0 77.5886170003354,12.9050219996661,0 77.5885470003951,12.9050279998425,0 77.58845600027,12.905042000189,0 77.58837399998281,12.9050520003671,0 77.5882979999856,12.9050580002786,0 77.5882990002562,12.9050929996601,0 77.5881069998544,12.9051020004281,0 77.58810799980979,12.9052040000032,0 77.5881069997378,12.90530199997,0 77.5881089999495,12.9053930001656,0 77.58811000043021,12.9054580001578,0 77.5881119997499,12.9055720001945,0 77.5880099998091,12.9055710001935,0 77.5879169999039,12.9055670001341,0 77.5878339997619,12.9055630003958,0 77.5876850002583,12.9055659999496,0 77.5875929996072,12.9055679995789,0 77.5874609998977,12.9055700004139,0 77.58733500020099,12.9055719995983,0 77.587252000061,12.9055740003405,0 77.5872499997383,12.9055740002688,0 77.58713700027469,12.9055759998424,0 77.5870030001889,12.9055780003746,0 77.58686099970591,12.9055799996274,0 77.5868659995874,12.9056980003314,0 77.5868660001108,12.9057249997227,0 77.5864659996402,12.9057299998072,0 77.58645599960769,12.9046220001871,0 77.5864549997557,12.9046060001618,0 77.58642399962341,12.9046069998993,0 77.5862930002959,12.9046079999792,0 77.5861880004564,12.9046090001941,0 77.5861870004276,12.9046340002429,0 77.5861320003382,12.9046300001783,0 77.58598099995901,12.9046269997195,0 77.5858000001992,12.9046229995515,0 77.5857999998084,12.9046569997604,0 77.5857409996764,12.9046569998882,0 77.58574100027781,12.9041899998041,0 77.58578600001771,12.9027659998424,0 77.5857880001968,12.9027220004041,0 77.5851899997316,12.9025430004249,0 77.5849779997926,12.9024780000794,0 77.5846859996436,12.9023539997507,0 77.5845650004199,12.902300000241,0 77.5845099997746,12.9022760001853,0 77.584347999695,12.9022070004123,0 77.5841800000556,12.9021339997534,0 77.5841429997582,12.9021189997497,0 77.5838920001037,12.9020219999611,0 77.5835850003708,12.901903999896,0 77.5833410000908,12.9018190003512,0 77.58336299959841,12.9013939999951,0 77.5833800000748,12.9010139999766,0 77.5833169999762,12.9010129999685,0 77.583317999892,12.9009980001174,0 77.5833209996339,12.9009330000848,0 77.583323000337,12.9008759999978,0 77.58332500012099,12.9008189999199,0 77.58332800005169,12.9007619998965,0 77.5833299998386,12.9007049998185,0 77.58333199962721,12.9006479997404,0 77.58324300020119,12.9006449998116,0 77.58324599971429,12.9005579999718,0 77.5832500001013,12.9004160002123,0 77.5832660003162,12.8998509997189,0 77.5832680004158,12.8997690003872,0 77.5832700002706,12.8996919998229,0 77.5832719995858,12.8996109997096,0 77.5832750000114,12.8995370004432,0 77.5832769997687,12.8994390001867,0 77.58328000045439,12.8993399998635,0 77.58328399957919,12.8992150002509,0 77.5834189998364,12.8992149998075,0 77.5834239996101,12.8992150000932,0 77.58342600013481,12.8987330001919,0 77.5833709996848,12.8986970001631,0 77.5831560003334,12.8987210004448,0 77.5828089999477,12.898653000268,0 77.5826580001802,12.8986230004461,0 77.58266400008679,12.8983750003117,0 77.5826699997605,12.898124999948,0 77.5826839996305,12.8981030000721,0 77.5827100002134,12.8980260000119,0 77.58270300019799,12.8979569997908,0 77.58256300007849,12.8977920003308,0 77.582524000026,12.8978100000205,0 77.5822919997301,12.8978960001626,0 77.5822650000616,12.8978069999721,0 77.58161100028769,12.8978230001146,0 77.5814640002953,12.8978259999536,0 77.5814370003563,12.8978259999982,0 77.5811369997606,12.8978340001421,0 77.58109900030649,12.8978350004354,0 77.58095300037969,12.8978380000545,0 77.5809440000923,12.8978380003563,0 77.5809339997878,12.8978389998035,0 77.5808000000342,12.8977500002839,0 77.5807080002846,12.8976889995773,0 77.58054299961429,12.8975730000627,0 77.580528000247,12.8975350000156,0 77.58034599969881,12.8974220004195,0 77.5801320002543,12.8972989999378,0 77.5799159995903,12.8971589998327,0 77.5795289999418,12.8968840001143,0 77.57952899982079,12.8968829999982,0 77.5794710002835,12.8968430000784,0 77.5795170000747,12.8966830000535,0 77.5795669995961,12.896485999601,0 77.5795800000317,12.8964370002263,0 77.57958999954231,12.8963990001235,0 77.5796370003694,12.8962090002616,0 77.57967600030941,12.896058999995,0 77.5797110002276,12.8959209999394,0 77.5797379999386,12.8958130001059,0 77.57978000002301,12.8956539999095,0 77.5798449995428,12.8953819999113,0 77.5798559998054,12.8953419996421,0 77.5799469996997,12.8951849996486,0 77.5800199996761,12.8950709997512,0 77.5803279996276,12.8942849997011,0 77.58033099970019,12.8942749996516,0 77.58030900037041,12.8942720004181,0 77.58067200011899,12.8930570002824,0 77.5806750000111,12.8929850002284,0 77.5806859998236,12.892881999842,0 77.5806939999293,12.8928069997947,0 77.5807059996924,12.8926950002382,0 77.5807210003403,12.8925419997191,0 77.5807489996827,12.8924420000069,0 77.5807740000073,12.8923530004498,0 77.5807859998186,12.8922719999952,0 77.5808010002342,12.8921780000409,0 77.5808099996873,12.8921120002216,0 77.5809399996599,12.8921209997284,0 77.58130499984399,12.8921130001633,0 77.58183199965541,12.8921430001856,0 77.5818250003941,12.891883000281,0 77.5818060000918,12.8913810004069,0 77.5818639996216,12.8913269999235,0 77.5825439996585,12.8904980003433,0 77.58303400031831,12.8903290002448,0 77.5833360002983,12.8902310001602,0 77.5834240004104,12.8902050000291,0 77.5836520002282,12.8901380003107,0 77.58378300016339,12.8900990003537,0 77.5839109999949,12.8900549995823,0 77.5841439995784,12.8899780004531,0 77.5844529999806,12.8898790004353,0 77.5852530001587,12.8896120001325,0 77.5853499999504,12.8895810002725,0 77.5854250000711,12.8895549997159,0 77.5856359997952,12.8894829996545,0 77.5859159997142,12.8894180003642,0 77.5861419999685,12.8893679996179,0 77.5862030002481,12.8893540003739,0 77.58646100017781,12.8893069996036,0 77.5866170004367,12.8892870000099,0 77.5867460003216,12.8892700001952,0 77.5870469998687,12.8892320002796,0 77.5873430000438,12.8891900002375,0 77.5876359998318,12.8891610002897,0 77.5879310003037,12.8891049998046,0 77.58802499963021,12.8890899997912,0 77.5882030003519,12.8890620003189,0 77.5883439997625,12.8895679998591,0 77.5884069995591,12.8897599996585,0 77.58838500031941,12.8897670003579,0 77.58823700015471,12.8898129997769,0 77.58825000014529,12.8898600001791,0 77.5882739999673,12.889948000222,0 77.5882840000446,12.8899789996052,0 77.5880870001872,12.8900480002403,0 77.5880950000263,12.8900540003705,0 77.5881709999303,12.8902750004391,0 77.58820899971469,12.8903839998376,0 77.5882150001641,12.8904199995961,0 77.58822500015199,12.8904809996125,0 77.5882339997235,12.8905090004271,0 77.5882109997859,12.8905679996544,0 77.5881919999524,12.8906249997391,0 77.5881349999448,12.8907990003325,0 77.58815899956809,12.8908479996407,0 77.58819499989499,12.8909180000033,0 77.5882570002899,12.8910320000792,0 77.588272999944,12.891074000043,0 77.5884019999551,12.8913590003454,0 77.5883740002551,12.8913680001329,0 77.5883890002043,12.8913940000618,0 77.58845000006301,12.8915340001951,0 77.5884610002299,12.8915579997203,0 77.5884510000822,12.8915699997244,0 77.58842400030851,12.8915840001207,0 77.5884999999201,12.8916749999436,0 77.5887149997294,12.8917799998934,0 77.5889680003115,12.8916349996642,0 77.5891060003709,12.8915539999055,0 77.5895059997797,12.89132500039,0 77.5898309998112,12.8911419999115,0 77.5902739999233,12.8922179999576,0 77.5905869995584,12.8920960001888,0 77.5908659996617,12.8919840000575,0 77.5911640001424,12.8918640003106,0 77.5914360003221,12.8917549997605,0 77.5916519999527,12.8916679996663,0 77.5918500002463,12.8915860003243,0 77.5920670002215,12.8914969997465,0 77.59341700026999,12.8913200001451,0 77.5939649998099,12.8912470003748,0 77.5939899997429,12.8912429995904,0 77.5945699997299,12.8911630003619,0 77.5946849997425,12.8911459998818,0 77.5950090001467,12.891099000005,0 77.5953750004241,12.8910449997084,0 77.5954100003503,12.8910409998657,0 77.5955579997307,12.8910189999442,0 77.5958359995915,12.890971000063,0 77.596143999772,12.8909249996257,0 77.59643000007379,12.8908770001596,0 77.5968069998566,12.8908149999792,0 77.59704700019741,12.8907729999837,0 77.5972809996568,12.8907250000066,0 77.5974909998794,12.8906840003506,0 77.598077999773,12.8905569997485,0 77.5983770000918,12.8913170003089,0 77.5986650003089,12.8920420001084,0 77.5987410004263,12.8922330003023,0 77.59890600033989,12.8927279996494,0 77.59908200044811,12.8936339997419,0 77.59938300027051,12.8949410000441,0 77.59985200032099,12.896581000365,0 77.6000199999593,12.8971770001851,0 77.6001280000113,12.8975509999531,0 77.6002930000196,12.8981149996825,0 77.6004730000007,12.8986470002777,0 77.6006219998298,12.8991120003729,0 77.60071800043011,12.8993780003836,0 77.6008489996304,12.8997790001633,0 77.6008689995676,12.8998729995841,0 77.60091700005459,12.9000630003275,0 77.6009700003948,12.9003549996212,0 77.6009739997112,12.9003890003297,0 77.6010040002795,12.9006470000096,0 77.6010339999215,12.9009000000753,0 77.60106799997619,12.9013940001578,0 
						</coordinates>
					</LinearRing>
				</outerBoundaryIs>
			</Polygon>
		</Placemark>
	</Document>
	<Document>
		<name>Ward No. 188.kml</name>
		<StyleMap id="m_ylw-pushpin3">
			<Pair>
				<key>normal</key>
				<styleUrl>#s_ylw-pushpin3</styleUrl>
			</Pair>
			<Pair>
				<key>highlight</key>
				<styleUrl>#s_ylw-pushpin_hl3</styleUrl>
			</Pair>
		</StyleMap>
		<Style id="s_ylw-pushpin3">
			<IconStyle>
				<scale>1.1</scale>
				<Icon>
					<href>http://maps.google.com/mapfiles/kml/pushpin/ylw-pushpin.png</href>
				</Icon>
				<hotSpot x="20" y="2" xunits="pixels" yunits="pixels"/>
			</IconStyle>
			<LineStyle>
				<color>ffffff55</color>
				<width>3</width>
			</LineStyle>
			<PolyStyle>
				<fill>0</fill>
			</PolyStyle>
		</Style>
		<Style id="s_ylw-pushpin_hl3">
			<IconStyle>
				<scale>1.3</scale>
				<Icon>
					<href>http://maps.google.com/mapfiles/kml/pushpin/ylw-pushpin.png</href>
				</Icon>
				<hotSpot x="20" y="2" xunits="pixels" yunits="pixels"/>
			</IconStyle>
			<LineStyle>
				<color>ffffff55</color>
				<width>3</width>
			</LineStyle>
			<PolyStyle>
				<fill>0</fill>
			</PolyStyle>
		</Style>
		<Placemark>
			<name>Ward No. 188.kml</name>
			<styleUrl>#m_ylw-pushpin3</styleUrl>
			<Polygon>
				<tessellate>1</tessellate>
				<outerBoundaryIs>
					<LinearRing>
						<coordinates>
							77.6197230001727,12.9122220003115,0 77.6196470001163,12.9122330001265,0 77.61953699961541,12.9122679997139,0 77.61937400018731,12.9122829995995,0 77.619362999882,12.9122849998723,0 77.61933399991111,12.9122920004041,0 77.6192949997852,12.9123010002078,0 77.61922299954681,12.9123220004249,0 77.61917800019719,12.9123529999684,0 77.6191019997778,12.9123979999179,0 77.6189320002662,12.9124650002362,0 77.6188880000239,12.9124830003223,0 77.6188469996889,12.9124989999603,0 77.6186989996434,12.9125680001826,0 77.61861699971941,12.9126059999248,0 77.61860999982621,12.9126199999686,0 77.6186029996433,12.9126329999271,0 77.61664899975121,12.9147259997793,0 77.6165600001287,12.9149530002963,0 77.616569000353,12.9151179998831,0 77.6165600004166,12.9152479996174,0 77.6165019999726,12.9153550004119,0 77.6164400003517,12.9153499996103,0 77.6163260003247,12.9151669997006,0 77.6162260000454,12.9143690002419,0 77.6161990001885,12.9141889997735,0 77.6161139996282,12.9136299996246,0 77.6160529998766,12.9132289999546,0 77.6158530001988,12.9121009996388,0 77.6157290001774,12.9114449995624,0 77.6156920003351,12.9112569998274,0 77.6156229996179,12.9109940002289,0 77.6154719995852,12.9104449997547,0 77.6153549996702,12.9100319998644,0 77.6153490003867,12.9100010001957,0 77.61534000030539,12.9098709998992,0 77.6152860003092,12.9097030003479,0 77.61517899976261,12.9094209996863,0 77.61514999965181,12.9093389997525,0 77.6150719997878,12.9091230001807,0 77.6149700000737,12.9088389996892,0 77.6148669995826,12.908555000093,0 77.6148770000472,12.9085340001761,0 77.614880000458,12.9085270002248,0 77.6148830002187,12.9085210003713,0 77.6147969999237,12.9083740002575,0 77.6146679997732,12.9082240001114,0 77.6144570000974,12.9079290003805,0 77.614199999563,12.9075510004034,0 77.6141279996761,12.9074119997147,0 77.61402399957321,12.9071509998515,0 77.61393300018131,12.9068810000186,0 77.6137630003784,12.9065650001303,0 77.6134100002397,12.9062169997373,0 77.6126429997277,12.9044870002103,0 77.6093699995839,12.9050049998204,0 77.6093249995955,12.9050199997512,0 77.6094129997747,12.9054119995539,0 77.609322000443,12.9054570000164,0 77.6090450001625,12.9055859999788,0 77.6087949996444,12.9057369996793,0 77.6087560001663,12.905754999551,0 77.6086539998056,12.9057769999333,0 77.6084159998826,12.9058110002135,0 77.6082850001298,12.905822999864,0 77.6082180000241,12.9058289997326,0 77.60812699997309,12.9058040003413,0 77.6079329998533,12.9057419998988,0 77.607694000309,12.9057019996525,0 77.60741100035099,12.905664000231,0 77.60709599971371,12.9056390002863,0 77.60677400011539,12.9056150002989,0 77.6064700001855,12.9055979999341,0 77.6061509996583,12.9055880004237,0 77.60582300009909,12.9056160000162,0 77.6055630003366,12.9056400002042,0 77.6053659996936,12.9056600004497,0 77.6051919998754,12.9056770004286,0 77.6046350000143,12.905722000136,0 77.60423600040851,12.905755000366,0 77.60382800015201,12.9057880002474,0 77.60384300006911,12.9059750003548,0 77.6038869997786,12.9066089997755,0 77.6039229998034,12.9071780001247,0 77.6039299999854,12.9072679998194,0 77.60395700012199,12.9075479997207,0 77.60396900020361,12.9078010000644,0 77.6039739997988,12.9079750000037,0 77.6039889996035,12.9082159999646,0 77.6040139997274,12.9084509999325,0 77.6040260003921,12.9086809997654,0 77.60370499963391,12.9086419996509,0 77.6035109996926,12.9086300001879,0 77.6033709996518,12.9086280001412,0 77.6027389995579,12.9086069996494,0 77.6025129996306,12.9085979995981,0 77.6023260002231,12.9085919996689,0 77.60200999972859,12.9085799999936,0 77.6002829999107,12.9084880001241,0 77.6003180003724,12.9082110003448,0 77.6004870003371,12.9073650004009,0 77.60054600004921,12.9072630000119,0 77.6008170002859,12.9069199999222,0 77.6016240000009,12.905952999673,0 77.6018070001019,12.9057220001385,0 77.6018669998717,12.9055039996454,0 77.6018929995806,12.9054119998332,0 77.60189499964051,12.905269999945,0 77.6017619996602,12.9045909998425,0 77.6017530003854,12.9045490002728,0 77.6014679997911,12.9034190001428,0 77.6013689998404,12.9029989997955,0 77.6011819997163,12.9022010001803,0 77.6011450003562,12.9020530001112,0 77.60109600006901,12.9018729996554,0 77.60106799997619,12.9013940001578,0 77.6010339999215,12.9009000000753,0 77.6010040002795,12.9006470000096,0 77.6009739997112,12.9003890003297,0 77.6009700003948,12.9003549996212,0 77.60091700005459,12.9000630003275,0 77.6008689995676,12.8998729995841,0 77.6008489996304,12.8997790001633,0 77.60071800043011,12.8993780003836,0 77.6006219998298,12.8991120003729,0 77.6004730000007,12.8986470002777,0 77.6002930000196,12.8981149996825,0 77.6001280000113,12.8975509999531,0 77.6000199999593,12.8971770001851,0 77.59985200032099,12.896581000365,0 77.59938300027051,12.8949410000441,0 77.59908200044811,12.8936339997419,0 77.59890600033989,12.8927279996494,0 77.5987410004263,12.8922330003023,0 77.5986650003089,12.8920420001084,0 77.5983770000918,12.8913170003089,0 77.598077999773,12.8905569997485,0 77.5982620004152,12.8905330002091,0 77.5983209995638,12.8905190000082,0 77.5993139997419,12.8903540003133,0 77.5994570002679,12.8903129999398,0 77.5995889998625,12.8902489998279,0 77.59968999995669,12.8901740003057,0 77.59982900044839,12.890097999758,0 77.59994199961289,12.8900369998106,0 77.6000999997858,12.8899749996847,0 77.6005360002877,12.8898040004423,0 77.6007890000935,12.8897229995907,0 77.6010260000696,12.8896369998804,0 77.6011809999283,12.8895870004332,0 77.601277999915,12.8895540002185,0 77.6013440003144,12.8895320003482,0 77.60149799991611,12.8894819998395,0 77.6015210002095,12.8894690001864,0 77.6017819998995,12.8893880002503,0 77.60191800019361,12.8893409999423,0 77.6022109999336,12.8892349995659,0 77.6024269998483,12.8891540003324,0 77.6026829997526,12.8890530003345,0 77.60283699981611,12.8889639997062,0 77.60312099994751,12.8888149996274,0 77.60316200034519,12.8888049999506,0 77.603136999892,12.8889989999312,0 77.60314499986281,12.8891329997979,0 77.6032040003447,12.8893680001899,0 77.603290999967,12.8893970002369,0 77.6033839996533,12.88941499997,0 77.6034449998152,12.8894350002852,0 77.6035649996094,12.8895609996051,0 77.60365799964561,12.8896810004312,0 77.60380099977741,12.8898330000705,0 77.6041479998913,12.8896319999002,0 77.60447199984689,12.8894810002359,0 77.6048589995783,12.8893279997896,0 77.6051459998157,12.8892310000525,0 77.605415000192,12.8891469998889,0 77.6056859996359,12.8890589999537,0 77.60599400000849,12.8889499995658,0 77.6062769997308,12.8888570001318,0 77.6066799998507,12.8887319997231,0 77.6070839996958,12.8885870003929,0 77.6074150002339,12.888468999759,0 77.60763599960509,12.8884139999391,0 77.60800900023381,12.8883659997416,0 77.6084090001751,12.8883149997141,0 77.6091750003467,12.8882289997095,0 77.6091750003129,12.8881929998482,0 77.6091719997366,12.8880560002814,0 77.6091699997163,12.887936999701,0 77.6091689996215,12.8879089997426,0 77.60915799994341,12.8873870002883,0 77.6091839999924,12.887387000318,0 77.60918400021311,12.8873799996397,0 77.609203999714,12.8867680003912,0 77.6099569999773,12.8867960004291,0 77.6104570003311,12.8868139998427,0 77.6103729997359,12.8864440001251,0 77.6103310003061,12.8862700003782,0 77.6102639998702,12.8860039999508,0 77.61017899954911,12.8855610003074,0 77.61013700031209,12.8850219997483,0 77.6100989999521,12.8845189997523,0 77.6113850004335,12.8842140001337,0 77.6117189999834,12.8841380001982,0 77.61198899985,12.8840760002766,0 77.6120720000705,12.8840570003962,0 77.612411000251,12.8839810003354,0 77.6123740001626,12.8843910000244,0 77.6123159998214,12.8852899998563,0 77.61221399992191,12.886807000397,0 77.6121759995758,12.8869190000323,0 77.6124719998023,12.8869159998782,0 77.6124629998648,12.8869679997705,0 77.6124379997387,12.8880969997892,0 77.6124259998272,12.8882329996066,0 77.61242400036291,12.8885109996782,0 77.6124500002212,12.8888299995827,0 77.61250599992459,12.88911199998,0 77.61257000031151,12.8894009997011,0 77.6126270004026,12.8896490003822,0 77.6126959995683,12.8898850002259,0 77.6127560000422,12.8900539995886,0 77.6128539996737,12.8903219999997,0 77.61303999968131,12.8902459998115,0 77.6132920002599,12.8901440000153,0 77.6133039998401,12.8901679998384,0 77.6135229997994,12.8906050003294,0 77.61355900005729,12.8906530001954,0 77.6140479997422,12.8909879996234,0 77.6143559997297,12.8911549998113,0 77.61443800042061,12.8913260001698,0 77.6145580000358,12.8915770002955,0 77.6146210002247,12.8917079997481,0 77.61467899985399,12.891812999777,0 77.614840000317,12.8921050001638,0 77.6150079997193,12.8924210003746,0 77.61417099984639,12.892569000299,0 77.61417399957929,12.8925849998079,0 77.61425200041781,12.8929580001048,0 77.6143120003933,12.8932500002035,0 77.6143280000272,12.8933400003848,0 77.6144609996947,12.8935600003666,0 77.6144850000921,12.8936210000796,0 77.6145189995884,12.8939829999028,0 77.6145449999478,12.8942790003937,0 77.6145699999276,12.89457700021,0 77.6145980004197,12.8949110004329,0 77.61490699982311,12.8948160001306,0 77.6150990003547,12.8948199995611,0 77.6151520000286,12.8948199999032,0 77.61545100017069,12.894852999606,0 77.6154690001555,12.8948989999734,0 77.6154639998383,12.8951389996875,0 77.6154599995855,12.8954490003247,0 77.6161920003195,12.8954499998567,0 77.61622699976419,12.8954659998977,0 77.6162279997788,12.8955559998907,0 77.6162489999129,12.8955589996673,0 77.6165150001143,12.8955669996964,0 77.616489999894,12.8951740000252,0 77.6164880002777,12.8951450002319,0 77.6165110001666,12.8951430003104,0 77.61642200012101,12.8944329995632,0 77.61670399959669,12.8944059999,0 77.616718999569,12.8944039996087,0 77.6171379998769,12.8943629997599,0 77.6171459998985,12.8947760004035,0 77.6171530000961,12.8959259999186,0 77.61773800020011,12.89598400035,0 77.6180029997052,12.8976339996885,0 77.6180419997194,12.8979009998988,0 77.6180210003551,12.8979619997068,0 77.6188930001678,12.8979500002945,0 77.61916700043351,12.898148999907,0 77.61921500016371,12.8981689996601,0 77.619487000207,12.8981790003515,0 77.6197329999666,12.8982439996148,0 77.619753000307,12.8985319999079,0 77.61975600007941,12.8985659999544,0 77.6197800003888,12.8988290004051,0 77.6197830002486,12.8988600001838,0 77.6198070003706,12.8991349998706,0 77.6198320002846,12.8994280001435,0 77.6198560002148,12.8997080002392,0 77.6198550001547,12.89973099964,0 77.6198799996148,12.9000019997501,0 77.6199449997512,12.9007289995656,0 77.6188619999882,12.9008100003146,0 77.6185690002557,12.9008339996578,0 77.6186329998589,12.9009900003193,0 77.61874599969531,12.9012669996378,0 77.6188529998669,12.901526999638,0 77.6189610001546,12.901786000282,0 77.6190679999183,12.9020590003571,0 77.6192179997971,12.9024330002888,0 77.61946699975159,12.9023259998742,0 77.61947900040759,12.9023620002306,0 77.61955099992321,12.9026529999662,0 77.6195559995874,12.9026949996366,0 77.6196170000749,12.9029060004151,0 77.6198370001389,12.9032600001318,0 77.6200750003442,12.9036810002374,0 77.6201070000677,12.9038419998235,0 77.620145999938,12.9039199996364,0 77.6202300003236,12.9039759998735,0 77.6202730003735,12.9040269996479,0 77.62028699974989,12.9040759999988,0 77.620251999882,12.9040860003474,0 77.6201710001789,12.9041080003668,0 77.620187999588,12.9041750002319,0 77.6200799998565,12.9042030004198,0 77.6200949997356,12.9042629998506,0 77.62006200014891,12.9042699997383,0 77.6200620004372,12.9042709998231,0 77.6202350004105,12.9049040002909,0 77.6203850002839,12.9048720004093,0 77.62050200027529,12.9048399997944,0 77.6206650002341,12.9048089995885,0 77.6207739999964,12.9047769995873,0 77.6210130001928,12.9047250003855,0 77.6210649998385,12.9047189996188,0 77.62136099969059,12.9046719998394,0 77.6213839996945,12.9046710003264,0 77.6214210001866,12.9053560002403,0 77.62145500022621,12.9058479999201,0 77.6215539998544,12.906724999602,0 77.621605999921,12.9067160001984,0 77.62161400045601,12.9067140001613,0 77.6218769995541,12.9066979997943,0 77.6220390000052,12.9066880004436,0 77.6220579996108,12.9066870003264,0 77.6221440000277,12.9066849999264,0 77.62231399962729,12.9066840004114,0 77.62232499974139,12.906848999957,0 77.6228610001385,12.9068109995698,0 77.6228749999263,12.9071100002462,0 77.62287499985381,12.9071220003695,0 77.6228849996148,12.9073460004465,0 77.622888000232,12.9074169998828,0 77.6228820002939,12.9074169995829,0 77.6226999998817,12.9074039995681,0 77.6225240003232,12.9073909997219,0 77.6224750004147,12.9073869997209,0 77.62236799988951,12.9073840001115,0 77.6222680000521,12.9073799996769,0 77.6222589996862,12.9073799996616,0 77.6222219998987,12.9073829999364,0 77.6222289996696,12.9074189996356,0 77.62223899988059,12.9074920004077,0 77.6222479996721,12.9075610000336,0 77.6222499998056,12.9075789995753,0 77.62225600030349,12.9076240001359,0 77.6222589996393,12.9076449998445,0 77.6222609997849,12.9076630002891,0 77.6222619995534,12.9076709999768,0 77.6222649997278,12.9077410002721,0 77.62226499967529,12.9077469998846,0 77.6222660000944,12.9078280004154,0 77.62226799991809,12.9079250004204,0 77.6222679997727,12.9079430001609,0 77.6221209996008,12.9079430001748,0 77.6221089997016,12.9079430004477,0 77.6221539998124,12.9083900001201,0 77.62215400031729,12.9084040004148,0 77.6221330000145,12.9084010004227,0 77.6219810002449,12.9083779998187,0 77.6218760002339,12.9083680001825,0 77.62174399995671,12.9083550001561,0 77.62159499992551,12.9083729998568,0 77.6214369996855,12.9083980000427,0 77.6214429996655,12.9086250001196,0 77.6212490002553,12.9086559996716,0 77.6212250001814,12.908646000189,0 77.620884000133,12.9087120002174,0 77.6208660001714,12.908715000361,0 77.6208030001072,12.9087280001702,0 77.6207360000659,12.9087400002518,0 77.62063500002969,12.9087599996609,0 77.6206640003743,12.9086710000565,0 77.62062900009251,12.9086690004298,0 77.6205289996557,12.9090329998508,0 77.6205950001798,12.9095030002794,0 77.6205989996878,12.9099130003418,0 77.6206709996286,12.9102629996117,0 77.62083500017189,12.9106150001876,0 77.6209120003864,12.9107149997126,0 77.6210929999171,12.9108099996275,0 77.62117499997041,12.9112130003774,0 77.6212050004134,12.9118759996643,0 77.6214149998895,12.9123459997806,0 77.6214539998219,12.9124260001188,0 77.6215279998366,12.9125269996897,0 77.62171300004739,12.9126289999851,0 77.6217630004261,12.912654999924,0 77.6218640001217,12.9127120001067,0 77.62207099984769,12.9128239996468,0 77.62209500037039,12.9128370001261,0 77.6220329999865,12.9128329997534,0 77.6217519997692,12.9127170000385,0 77.62153299984359,12.9126409999791,0 77.62138400045269,12.9125680002959,0 77.62121400002231,12.9125090001749,0 77.6210780003551,12.9124459998793,0 77.6209249997727,12.9123859996075,0 77.6207799996624,12.9123539999824,0 77.6207069998605,12.912336000009,0 77.62063400006519,12.9123180000131,0 77.6205680001369,12.9123049997632,0 77.6204880004626,12.912285000215,0 77.62024199963869,12.9122440000319,0 77.6200140000075,12.9122219995721,0 77.6198230003771,12.9122169996856,0 77.6197230001727,12.9122220003115,0 
						</coordinates>
					</LinearRing>
				</outerBoundaryIs>
			</Polygon>
		</Placemark>
	</Document>
	<Document>
		<name>Ward No. 189.kml</name>
		<StyleMap id="m_ylw-pushpin4">
			<Pair>
				<key>normal</key>
				<styleUrl>#s_ylw-pushpin4</styleUrl>
			</Pair>
			<Pair>
				<key>highlight</key>
				<styleUrl>#s_ylw-pushpin_hl4</styleUrl>
			</Pair>
		</StyleMap>
		<Style id="s_ylw-pushpin4">
			<IconStyle>
				<scale>1.1</scale>
				<Icon>
					<href>http://maps.google.com/mapfiles/kml/pushpin/ylw-pushpin.png</href>
				</Icon>
				<hotSpot x="20" y="2" xunits="pixels" yunits="pixels"/>
			</IconStyle>
			<LineStyle>
				<color>ffffff55</color>
				<width>3</width>
			</LineStyle>
			<PolyStyle>
				<fill>0</fill>
			</PolyStyle>
		</Style>
		<Style id="s_ylw-pushpin_hl4">
			<IconStyle>
				<scale>1.3</scale>
				<Icon>
					<href>http://maps.google.com/mapfiles/kml/pushpin/ylw-pushpin.png</href>
				</Icon>
				<hotSpot x="20" y="2" xunits="pixels" yunits="pixels"/>
			</IconStyle>
			<LineStyle>
				<color>ffffff55</color>
				<width>3</width>
			</LineStyle>
			<PolyStyle>
				<fill>0</fill>
			</PolyStyle>
		</Style>
		<Placemark>
			<name>Ward No. 189.kml</name>
			<styleUrl>#m_ylw-pushpin4</styleUrl>
			<Polygon>
				<tessellate>1</tessellate>
				<outerBoundaryIs>
					<LinearRing>
						<coordinates>
							77.6350820002931,12.907295000323,0 77.6350209999062,12.9073040000655,0 77.6348770000167,12.9072670003132,0 77.63453299982589,12.9071680004407,0 77.63422600002001,12.9070580002092,0 77.6338690003786,12.9069110002131,0 77.633588999669,12.9068080003422,0 77.6332899999354,12.9067119997129,0 77.6330070002728,12.9066500000354,0 77.6325980002612,12.9066440000805,0 77.6325069996855,12.9066480002419,0 77.632566000441,12.9058959999525,0 77.6325409999867,12.9052370003803,0 77.63251300019751,12.9051500000604,0 77.6324929995673,12.905111999798,0 77.6324790000413,12.9050749996891,0 77.63249300021801,12.9048819997723,0 77.6325050001919,12.9047710002552,0 77.632567000214,12.9043360000976,0 77.6323360000514,12.9040670001899,0 77.632333000364,12.9040060002997,0 77.63231899995409,12.9037329996359,0 77.63230600028859,12.9034890002036,0 77.6323319999364,12.9031739998872,0 77.63238299987221,12.9030240002017,0 77.6323909996248,12.9026470001238,0 77.6323889998918,12.9026430000731,0 77.6323890003894,12.9026389997526,0 77.6323389998179,12.9025419996892,0 77.632296000257,12.9025389997619,0 77.6322890003636,12.9025389997903,0 77.6322859997737,12.9024749996608,0 77.6322620000161,12.9024400000901,0 77.6322479998386,12.9023810000053,0 77.632249000084,12.9022739995498,0 77.6322500000504,12.902245999916,0 77.6322479996666,12.9022179997809,0 77.6322450000353,12.9021429996719,0 77.6322420002809,12.9021419999888,0 77.63224200044741,12.9021369995921,0 77.6322120002062,12.9021190003469,0 77.6322410002891,12.9020789996617,0 77.6322550004009,12.9020579997568,0 77.632241999925,12.9020499999518,0 77.63204800042701,12.901922000132,0 77.6315250004504,12.9027939996819,0 77.6313000002024,12.9031710002483,0 77.6312159999837,12.9033119997983,0 77.63115499997519,12.9034259996247,0 77.6308590003263,12.9034349996692,0 77.6301650002015,12.9034609996122,0 77.62981800040561,12.9034979999303,0 77.6293019997331,12.9035569997695,0 77.629362999972,12.9038529999987,0 77.6293449996349,12.9038559997477,0 77.6291019995889,12.9038919998997,0 77.6288070004117,12.9039540001057,0 77.6286100001268,12.9039980003379,0 77.6283849996007,12.9040640001559,0 77.627421999551,12.9043499995684,0 77.6274099999514,12.9042950000378,0 77.6273719999772,12.9041269996244,0 77.6273009998897,12.9038170003192,0 77.62722699954389,12.9034920000647,0 77.6266540002453,12.9036859998292,0 77.6263930004456,12.9036289999139,0 77.62630200033379,12.903609000242,0 77.6259200000553,12.9033940000373,0 77.62587400002189,12.9033439999862,0 77.6258149996949,12.9033220000699,0 77.62564300042899,12.9033250000272,0 77.62543799979061,12.903327999822,0 77.6252989999556,12.9032889997097,0 77.62503899985001,12.9032169996493,0 77.62490500041621,12.9031830000953,0 77.6247110000207,12.9031340000718,0 77.6242480003273,12.9030029999413,0 77.62420399978321,12.9029279999109,0 77.6237579999151,12.9020280002396,0 77.6234419999038,12.9013850002599,0 77.6229590000372,12.9007859995844,0 77.62273100005061,12.9004919997428,0 77.6225880000388,12.9003070000799,0 77.6224549996716,12.900134999582,0 77.6223120000884,12.8999499996854,0 77.6223009999089,12.8998529995627,0 77.6222299997051,12.8997379998327,0 77.6221470003351,12.8996049996127,0 77.6221080001324,12.8995529996125,0 77.6220620001302,12.8993399998611,0 77.62197799982501,12.8991019995835,0 77.62186399996391,12.898818999865,0 77.62177499996839,12.8985760003667,0 77.6216939997589,12.89836999969,0 77.6216769996111,12.8983280002743,0 77.62158799957891,12.898076999945,0 77.6214770003259,12.8978039995701,0 77.6214320000596,12.8976210002505,0 77.6213570001557,12.8973600003487,0 77.6212739999791,12.8970519997009,0 77.6212049996363,12.8967889998979,0 77.6211489998549,12.8966130001993,0 77.62105899988011,12.8965189997213,0 77.62085099969541,12.8962420004429,0 77.6207780000868,12.8960970002293,0 77.6204760001291,12.895442999665,0 77.6203890000488,12.8951879997685,0 77.6201759997054,12.8944479998241,0 77.620072999977,12.8940349996715,0 77.620011999854,12.8937210002999,0 77.6199260003557,12.8932840001051,0 77.6198140003608,12.8926789996263,0 77.6197990002028,12.8925900001433,0 77.6196480002412,12.8916930000551,0 77.6196279998,12.8915570003632,0 77.6200790002499,12.8914890000152,0 77.620136000408,12.8914529995839,0 77.6201889996363,12.8913120001241,0 77.6201839999831,12.8910889997719,0 77.62018299983239,12.891018999987,0 77.6201879997067,12.8908610000811,0 77.6201939999725,12.8901020002398,0 77.6201859997726,12.8898270000223,0 77.62017699955901,12.8896919996168,0 77.6201549998122,12.8895219998204,0 77.6200899999034,12.8892689995869,0 77.62003999955139,12.8891369998584,0 77.619942999698,12.8888779996447,0 77.62046500037,12.8887870002048,0 77.6205350003881,12.8887760000945,0 77.6209720002864,12.88870900033,0 77.62115399956009,12.8886809995531,0 77.6213569999459,12.8886519995629,0 77.6214749996597,12.8888320003045,0 77.6228310002584,12.8886740004343,0 77.62311400014831,12.8886259995473,0 77.62333699953859,12.8885939996705,0 77.6233819996268,12.8885869995841,0 77.6236809996586,12.8885400003936,0 77.6238160001954,12.8885330002417,0 77.6242180001986,12.888554999736,0 77.6243399999267,12.8885609998247,0 77.62461999982661,12.8886009997463,0 77.6256019997885,12.8885500000366,0 77.6256150000943,12.8886659995487,0 77.6261170001939,12.8885960001999,0 77.6261179995853,12.8886029997929,0 77.6261339997351,12.8887169996727,0 77.62647699986751,12.8886639996805,0 77.6264900001832,12.8887479999996,0 77.6265670004169,12.8887319999017,0 77.6266360000832,12.8887220002006,0 77.6266440000031,12.8887200001248,0 77.6266050000919,12.8885360003878,0 77.62661199994309,12.8885340004159,0 77.62678700031699,12.888509999588,0 77.6267629998316,12.8883729995921,0 77.6269489996123,12.888336000091,0 77.62698900034231,12.8883299999981,0 77.6270310002937,12.8883210003544,0 77.62703900019589,12.8883190002694,0 77.6279369997212,12.8881139996455,0 77.62799300044431,12.8881019999245,0 77.62857199966091,12.888103000174,0 77.62908199969139,12.8877529996078,0 77.6290849996838,12.8877880003458,0 77.6290190000707,12.8884670001706,0 77.6289920001104,12.8887840002903,0 77.6289079996308,12.8887790001269,0 77.62879099988029,12.8888010003566,0 77.6287390002536,12.8888129998204,0 77.6286429999509,12.8892040000906,0 77.6286550000039,12.8895999997732,0 77.62867599982749,12.8901470000373,0 77.6287599999057,12.89016400028,0 77.62902500023949,12.8905369995976,0 77.62902500038381,12.8905640000041,0 77.6290760003148,12.8906759998558,0 77.6291130000901,12.8907110003758,0 77.6293119995841,12.8908549996421,0 77.6293379999108,12.8909440003558,0 77.6294370001915,12.8915519999181,0 77.62945200018601,12.8917239995998,0 77.6297449997938,12.8919910002793,0 77.6297989998161,12.8920130003266,0 77.6298999995943,12.8920199999991,0 77.6299289996242,12.8920479997999,0 77.6300079999952,12.8922130003633,0 77.6301339995937,12.8924130000131,0 77.6301849998864,12.8925230002143,0 77.6302320001579,12.892627999561,0 77.63023900028431,12.8926440000289,0 77.63023899989,12.8926629997655,0 77.6302589999131,12.8928689996319,0 77.63032100039391,12.8931320000135,0 77.630350000307,12.8933059998027,0 77.6303670001285,12.8933040003278,0 77.6303659996469,12.8932969998856,0 77.63042199974331,12.8932860004475,0 77.6304270002974,12.8932979999119,0 77.6304829996502,12.8935320003893,0 77.6304889996952,12.893544999817,0 77.63051300013259,12.8937039998402,0 77.6301710002444,12.8937870004043,0 77.6302490003507,12.8940580004148,0 77.63025900025769,12.8940810001808,0 77.63032299959811,12.8940650002839,0 77.6304700003879,12.8940289996289,0 77.6305749995493,12.8939989999448,0 77.6308800003786,12.8939140004435,0 77.63106300036991,12.8938669996511,0 77.6312379997774,12.8938290004536,0 77.63148100029051,12.8937859995554,0 77.6316350000783,12.8937549996532,0 77.6317769996634,12.8937519997895,0 77.6321330001619,12.8937520002497,0 77.63229400043259,12.8937549999829,0 77.6324659997391,12.893772000237,0 77.63253500021079,12.8937759998699,0 77.6327060000969,12.8937950002404,0 77.6328019998691,12.8938069996801,0 77.6328030004367,12.8938280003029,0 77.6328370000864,12.8939329997062,0 77.6328709996466,12.8940320004329,0 77.6329109996537,12.8941280001311,0 77.6329200001593,12.8941440002239,0 77.6329299998265,12.8941600001951,0 77.6329700003798,12.894238000256,0 77.6330010004426,12.8943000002184,0 77.6330169997245,12.894329999609,0 77.6330259999889,12.8943479998556,0 77.6330299999523,12.8943580001244,0 77.63306099997369,12.8944169998376,0 77.6330869997046,12.8944679995687,0 77.6331220000602,12.894537999611,0 77.6331860002949,12.8946640002613,0 77.6332390000476,12.8947689997758,0 77.63325799955901,12.8948070002769,0 77.6332829995527,12.894855999944,0 77.6333059998976,12.8949009995518,0 77.63332899967421,12.8949470001437,0 77.6333670002642,12.8950220001219,0 77.6333999998802,12.8950869999746,0 77.6334480003505,12.8951810001043,0 77.633466000271,12.8952120001565,0 77.6336619997259,12.8951129997973,0 77.6339100000876,12.8950039996953,0 77.6339469997155,12.8949879998118,0 77.6341519998677,12.8949009997758,0 77.6342889995601,12.8948520000357,0 77.6343849996091,12.8948500004212,0 77.6345140000471,12.8948709998712,0 77.6347810003991,12.8949390002583,0 77.6348029996819,12.89494500042,0 77.6350400004508,12.8949969997777,0 77.63508300010869,12.8950070000239,0 77.6353550001908,12.8950670002675,0 77.63562200029649,12.8951200003675,0 77.6357760000668,12.8951540002501,0 77.6361590002434,12.8952400003309,0 77.635993000055,12.8955159999737,0 77.6357729997453,12.8958760001326,0 77.6355789995844,12.8961829996899,0 77.6351770004562,12.8968429995982,0 77.6346259999091,12.8977380002247,0 77.6345690000018,12.8978220001857,0 77.6341780001101,12.8984660002994,0 77.6338179997469,12.8990610002464,0 77.63365100018621,12.8993389995527,0 77.63352800006339,12.8995290004175,0 77.6333610004382,12.8998030002364,0 77.6327330000418,12.9008350004409,0 77.6329699998205,12.9009299995954,0 77.6331060000349,12.9009219995839,0 77.633498000202,12.9007360004072,0 77.6338579998479,12.9005470004115,0 77.6345229997099,12.9002279997493,0 77.63482199959709,12.9001250003123,0 77.63497599992409,12.9000869999777,0 77.63498099971601,12.9003100002071,0 77.6349540000968,12.9007400001561,0 77.6349530002465,12.9008879999637,0 77.63495700038069,12.9010370000388,0 77.6349730000843,12.9013520003566,0 77.634953999936,12.9013710000157,0 77.63495400039101,12.9015140001903,0 77.63495099970029,12.9015289999746,0 77.63476899985091,12.9015289996877,0 77.6345139999533,12.9015309997985,0 77.63450300038789,12.901517000262,0 77.6343400002784,12.9015210000169,0 77.6343199999047,12.9015210001173,0 77.63431800035249,12.9018890000084,0 77.63433900018001,12.9018869996127,0 77.63452099989409,12.9018829998445,0 77.6345329995804,12.9019049998529,0 77.63454400042301,12.9019280000675,0 77.6345439999118,12.9020069998579,0 77.6345449999727,12.9020899998099,0 77.63454499990991,12.9021809996194,0 77.6346369998616,12.902180000046,0 77.6346380000204,12.9022229996104,0 77.6347360002016,12.9022179997394,0 77.6347370001327,12.9022870004056,0 77.6348209996537,12.9022819997889,0 77.6348240003809,12.9023899995499,0 77.63483000014411,12.9023899995984,0 77.63482999955519,12.9024149997249,0 77.63484399963809,12.9027709998661,0 77.6348499999624,12.902986000212,0 77.634858000107,12.9032130002886,0 77.63486799986769,12.9034780002914,0 77.6348789998231,12.9037430001397,0 77.6348900000755,12.9039900003978,0 77.634898999889,12.9042070004399,0 77.6349010000352,12.9042279999582,0 77.634911000226,12.9045039998659,0 77.63493499971121,12.9049770002374,0 77.6349429996788,12.9053690002913,0 77.634839999859,12.9053750003587,0 77.6348740001151,12.9057080002415,0 77.6349090002016,12.9060369996454,0 77.6349039995672,12.906037000381,0 77.6348950000244,12.9060390000355,0 77.63479699966641,12.9060530000276,0 77.6347729998141,12.9060570002094,0 77.6347769996633,12.9060709998029,0 77.6350820002931,12.907295000323,0 
						</coordinates>
					</LinearRing>
				</outerBoundaryIs>
			</Polygon>
		</Placemark>
	</Document>
	<Document>
		<name>Ward No. 190.kml</name>
		<StyleMap id="m_ylw-pushpin5">
			<Pair>
				<key>normal</key>
				<styleUrl>#s_ylw-pushpin5</styleUrl>
			</Pair>
			<Pair>
				<key>highlight</key>
				<styleUrl>#s_ylw-pushpin_hl5</styleUrl>
			</Pair>
		</StyleMap>
		<Style id="s_ylw-pushpin5">
			<IconStyle>
				<scale>1.1</scale>
				<Icon>
					<href>http://maps.google.com/mapfiles/kml/pushpin/ylw-pushpin.png</href>
				</Icon>
				<hotSpot x="20" y="2" xunits="pixels" yunits="pixels"/>
			</IconStyle>
			<LineStyle>
				<color>ffffff55</color>
				<width>3</width>
			</LineStyle>
			<PolyStyle>
				<fill>0</fill>
			</PolyStyle>
		</Style>
		<Style id="s_ylw-pushpin_hl5">
			<IconStyle>
				<scale>1.3</scale>
				<Icon>
					<href>http://maps.google.com/mapfiles/kml/pushpin/ylw-pushpin.png</href>
				</Icon>
				<hotSpot x="20" y="2" xunits="pixels" yunits="pixels"/>
			</IconStyle>
			<LineStyle>
				<color>ffffff55</color>
				<width>3</width>
			</LineStyle>
			<PolyStyle>
				<fill>0</fill>
			</PolyStyle>
		</Style>
		<Placemark>
			<name>Ward No. 190.kml</name>
			<styleUrl>#m_ylw-pushpin5</styleUrl>
			<Polygon>
				<tessellate>1</tessellate>
				<outerBoundaryIs>
					<LinearRing>
						<coordinates>
							77.63830399983669,12.906020999725,0 77.6377380004251,12.9062519996932,0 77.63771299971781,12.906264000001,0 77.6371670000227,12.9064700002327,0 77.6367860004122,12.9066140002411,0 77.6367500000254,12.9066260003492,0 77.6365810003669,12.9066860000249,0 77.6362289998342,12.906857999746,0 77.6361199997163,12.9069110003867,0 77.63589299968579,12.9070109997408,0 77.6357400003718,12.9070779997874,0 77.6355500002019,12.9071620002604,0 77.63530900037919,12.9072510004322,0 77.63516200043109,12.9072859995702,0 77.6350820002931,12.907295000323,0 77.6347769996633,12.9060709998029,0 77.6347729998141,12.9060570002094,0 77.63479699966641,12.9060530000276,0 77.6348950000244,12.9060390000355,0 77.6349039995672,12.906037000381,0 77.6349090002016,12.9060369996454,0 77.6348740001151,12.9057080002415,0 77.634839999859,12.9053750003587,0 77.6349429996788,12.9053690002913,0 77.63493499971121,12.9049770002374,0 77.634911000226,12.9045039998659,0 77.6349010000352,12.9042279999582,0 77.634898999889,12.9042070004399,0 77.6348900000755,12.9039900003978,0 77.6348789998231,12.9037430001397,0 77.63486799986769,12.9034780002914,0 77.634858000107,12.9032130002886,0 77.6348499999624,12.902986000212,0 77.63484399963809,12.9027709998661,0 77.63482999955519,12.9024149997249,0 77.63483000014411,12.9023899995984,0 77.6348240003809,12.9023899995499,0 77.6348209996537,12.9022819997889,0 77.6347370001327,12.9022870004056,0 77.6347360002016,12.9022179997394,0 77.6346380000204,12.9022229996104,0 77.6346369998616,12.902180000046,0 77.63454499990991,12.9021809996194,0 77.6345449999727,12.9020899998099,0 77.6345439999118,12.9020069998579,0 77.63454400042301,12.9019280000675,0 77.6345329995804,12.9019049998529,0 77.63452099989409,12.9018829998445,0 77.63433900018001,12.9018869996127,0 77.63431800035249,12.9018890000084,0 77.6343199999047,12.9015210001173,0 77.6343400002784,12.9015210000169,0 77.63450300038789,12.901517000262,0 77.6345139999533,12.9015309997985,0 77.63476899985091,12.9015289996877,0 77.63495099970029,12.9015289999746,0 77.63495400039101,12.9015140001903,0 77.634953999936,12.9013710000157,0 77.6349730000843,12.9013520003566,0 77.63495700038069,12.9010370000388,0 77.6349530002465,12.9008879999637,0 77.6349540000968,12.9007400001561,0 77.63498099971601,12.9003100002071,0 77.63497599992409,12.9000869999777,0 77.63482199959709,12.9001250003123,0 77.6345229997099,12.9002279997493,0 77.6338579998479,12.9005470004115,0 77.633498000202,12.9007360004072,0 77.6331060000349,12.9009219995839,0 77.6329699998205,12.9009299995954,0 77.6327330000418,12.9008350004409,0 77.6333610004382,12.8998030002364,0 77.63352800006339,12.8995290004175,0 77.63365100018621,12.8993389995527,0 77.6338179997469,12.8990610002464,0 77.6341780001101,12.8984660002994,0 77.6345690000018,12.8978220001857,0 77.6346259999091,12.8977380002247,0 77.6351770004562,12.8968429995982,0 77.6355789995844,12.8961829996899,0 77.6357729997453,12.8958760001326,0 77.635993000055,12.8955159999737,0 77.6361590002434,12.8952400003309,0 77.6357760000668,12.8951540002501,0 77.63562200029649,12.8951200003675,0 77.6353550001908,12.8950670002675,0 77.63508300010869,12.8950070000239,0 77.6350400004508,12.8949969997777,0 77.6348029996819,12.89494500042,0 77.6347810003991,12.8949390002583,0 77.6345140000471,12.8948709998712,0 77.6343849996091,12.8948500004212,0 77.6342889995601,12.8948520000357,0 77.6341519998677,12.8949009997758,0 77.6339469997155,12.8949879998118,0 77.6339100000876,12.8950039996953,0 77.6336619997259,12.8951129997973,0 77.633466000271,12.8952120001565,0 77.6334480003505,12.8951810001043,0 77.6333999998802,12.8950869999746,0 77.6333670002642,12.8950220001219,0 77.63332899967421,12.8949470001437,0 77.6333059998976,12.8949009995518,0 77.6332829995527,12.894855999944,0 77.63325799955901,12.8948070002769,0 77.6332390000476,12.8947689997758,0 77.6331860002949,12.8946640002613,0 77.6331220000602,12.894537999611,0 77.6330869997046,12.8944679995687,0 77.63306099997369,12.8944169998376,0 77.6330299999523,12.8943580001244,0 77.6330259999889,12.8943479998556,0 77.6330169997245,12.894329999609,0 77.6330010004426,12.8943000002184,0 77.6329700003798,12.894238000256,0 77.6329299998265,12.8941600001951,0 77.6329200001593,12.8941440002239,0 77.6329109996537,12.8941280001311,0 77.6328709996466,12.8940320004329,0 77.6328370000864,12.8939329997062,0 77.6328030004367,12.8938280003029,0 77.6328019998691,12.8938069996801,0 77.6327060000969,12.8937950002404,0 77.63253500021079,12.8937759998699,0 77.6324659997391,12.893772000237,0 77.63229400043259,12.8937549999829,0 77.6321330001619,12.8937520002497,0 77.6317769996634,12.8937519997895,0 77.6316350000783,12.8937549996532,0 77.63148100029051,12.8937859995554,0 77.6312379997774,12.8938290004536,0 77.63106300036991,12.8938669996511,0 77.6308800003786,12.8939140004435,0 77.6305749995493,12.8939989999448,0 77.6304700003879,12.8940289996289,0 77.63032299959811,12.8940650002839,0 77.63025900025769,12.8940810001808,0 77.6302490003507,12.8940580004148,0 77.6301710002444,12.8937870004043,0 77.63051300013259,12.8937039998402,0 77.6304889996952,12.893544999817,0 77.6304829996502,12.8935320003893,0 77.6304270002974,12.8932979999119,0 77.63042199974331,12.8932860004475,0 77.6303659996469,12.8932969998856,0 77.6303670001285,12.8933040003278,0 77.630350000307,12.8933059998027,0 77.63032100039391,12.8931320000135,0 77.6302589999131,12.8928689996319,0 77.63023899989,12.8926629997655,0 77.63023900028431,12.8926440000289,0 77.6303689998347,12.892627999603,0 77.6303779995753,12.8921399996937,0 77.6303989999391,12.892138999833,0 77.6306559999756,12.8921469997267,0 77.63070899976761,12.8921510000404,0 77.63083099963561,12.8921589996141,0 77.6309600003638,12.8921680001638,0 77.6310080003685,12.8921710000321,0 77.6310750003004,12.8921750003834,0 77.631133999615,12.8921789998868,0 77.63123500032491,12.8921859999171,0 77.63144400042719,12.8921999999164,0 77.6315080001187,12.8922039996203,0 77.63156700035771,12.8922079999173,0 77.63162199996439,12.8922109997164,0 77.63169499974489,12.8922160001504,0 77.6317539999814,12.8922200004041,0 77.6318299999825,12.892225000426,0 77.6319129995812,12.8922299995592,0 77.631995000034,12.8922349996847,0 77.63206199994799,12.8922389997766,0 77.6320769997692,12.8923000000566,0 77.6320860002055,12.8923359999895,0 77.6320950003188,12.8923709998451,0 77.6321150003495,12.892454000341,0 77.6321249996882,12.8924920003153,0 77.63230699988711,12.8924669998468,0 77.63233399966199,12.8924600004063,0 77.6325240001884,12.8923950001243,0 77.6326480002043,12.8923580004129,0 77.63266599959429,12.892352000363,0 77.6326839996012,12.8924040003859,0 77.63269999982209,12.8924009999139,0 77.6328340001602,12.8923600003307,0 77.6328059997163,12.8922670001662,0 77.6328020003353,12.8922529995625,0 77.6328290001901,12.8922519996482,0 77.6328240000631,12.8919359996611,0 77.6328329997929,12.8916189996115,0 77.6327730000567,12.8908769999262,0 77.6327469998171,12.890620000001,0 77.6328110004294,12.8902199999371,0 77.6328770000484,12.8899210004217,0 77.6330459998857,12.8899710001413,0 77.6332069995991,12.8899800002318,0 77.6332090004579,12.8899710001601,0 77.633256999701,12.8898469995997,0 77.6333039999664,12.8897319998665,0 77.63332399955971,12.8896819996893,0 77.6331730000185,12.8896260000666,0 77.63322900040581,12.8895179997532,0 77.63328399976911,12.8894099995738,0 77.6333060004076,12.889360000039,0 77.6332169995441,12.8893379997089,0 77.6331060002766,12.8893109999169,0 77.6330540001123,12.8892980000552,0 77.63300100039579,12.8892950001927,0 77.6329550001993,12.8892920003444,0 77.6328390003918,12.889283999863,0 77.6327290000506,12.8892760003891,0 77.6326829998418,12.8892729995883,0 77.6325590004529,12.8892649999756,0 77.6324499995722,12.8892580003413,0 77.63240400029051,12.8892550003842,0 77.63228199977129,12.8892460003201,0 77.6321789995808,12.8892399999011,0 77.6321329999718,12.8892359998184,0 77.63191500002689,12.8892220001198,0 77.63186899981859,12.8892190000751,0 77.6317739998113,12.8892120002415,0 77.63168599964069,12.8892059996056,0 77.63164000036021,12.8892030004136,0 77.631540000027,12.8891960001975,0 77.6314320001031,12.8891889999967,0 77.63140599964819,12.8891870002556,0 77.6313970002862,12.8888889999573,0 77.6313800002617,12.8885469997841,0 77.631365000138,12.8881030001826,0 77.63140000002051,12.8880990002044,0 77.6314929999764,12.8880959996896,0 77.6314880002912,12.8879539997101,0 77.631565999636,12.8879520001554,0 77.6316699995751,12.8879500001563,0 77.63166800010551,12.8878399996926,0 77.6317299997159,12.8878390002887,0 77.63172999964129,12.8877669999333,0 77.63172800036359,12.887648999733,0 77.63181599984649,12.8876459997401,0 77.6319109997229,12.8876429997707,0 77.6319069999642,12.8875039999571,0 77.6319050000087,12.8874500003889,0 77.6319020000453,12.8873560004461,0 77.63201400013899,12.8873740000854,0 77.6321890001811,12.8873979997121,0 77.632250999794,12.88740600002,0 77.63236099975499,12.8874210004112,0 77.6324699996559,12.8874359999737,0 77.6325789995703,12.8874510003915,0 77.6326889998591,12.8874669998099,0 77.6327979997821,12.8874820001313,0 77.6329079997637,12.8874970002794,0 77.6330169996853,12.887511999601,0 77.633126999675,12.8875269996519,0 77.6332359996142,12.8875419997804,0 77.63333200002489,12.8875550004375,0 77.63344200002609,12.8875700003485,0 77.6335509999768,12.8875850003383,0 77.63366099998611,12.887600000152,0 77.6337699999449,12.8876150000455,0 77.6338790002378,12.8876309999663,0 77.6339890002596,12.8876459996342,0 77.6340980002404,12.8876610002864,0 77.6341940000798,12.8876749997905,0 77.63434600017101,12.8876969998158,0 77.6345809999991,12.8877319998226,0 77.63460100027029,12.8877350001384,0 77.63457399954061,12.8879369996037,0 77.634585000244,12.8879400001923,0 77.6348479998825,12.8878640002247,0 77.6349130001842,12.8877379998594,0 77.6349170001096,12.8877150002481,0 77.6348949998231,12.8877039995985,0 77.6350009999494,12.8874190003844,0 77.6351329997007,12.8868919996653,0 77.6352309998385,12.8863749997369,0 77.6352630002456,12.8861920002255,0 77.6352380003935,12.8854469997885,0 77.63521499955429,12.8847939998764,0 77.6351019997899,12.8844429999972,0 77.634792000217,12.8840599995818,0 77.6346190000726,12.8839440001759,0 77.63419000017851,12.8833109997843,0 77.6342139998949,12.8832200004285,0 77.6341669996351,12.883002000052,0 77.6341809997662,12.8829979997748,0 77.6348710000337,12.8834189997586,0 77.6354019998094,12.8836569997042,0 77.635725999889,12.8837659996969,0 77.6366970003583,12.8837269996716,0 77.6368949995814,12.883715999746,0 77.6374040001012,12.8836880004398,0 77.6374060001733,12.8836880001608,0 77.6374099998496,12.8837570003578,0 77.6384050000518,12.8837270004045,0 77.63846399969449,12.8837249999432,0 77.6386970000176,12.8841889996345,0 77.6387460001266,12.8843010000839,0 77.6388050002257,12.8844249999685,0 77.6390209999566,12.8849459995502,0 77.6391090001286,12.8851610000818,0 77.6394150002446,12.8858569998066,0 77.63946699970791,12.8859829996945,0 77.6392840000174,12.88602600025,0 77.63954599997921,12.8865539998277,0 77.6396070001086,12.8866720004049,0 77.6396219995552,12.8866919996546,0 77.6397589996506,12.8867259996889,0 77.6402139999245,12.8868450002091,0 77.6403479997655,12.8868809996077,0 77.64050599966539,12.8869189999141,0 77.6405419999854,12.886927999568,0 77.6409209999903,12.8870190001946,0 77.64126499969851,12.8871159998167,0 77.6410960004475,12.8873650002141,0 77.64130199988119,12.8873889995771,0 77.6415660000181,12.8874940000528,0 77.64182599976689,12.8875979998836,0 77.64208800015621,12.8877030000646,0 77.6423379999799,12.8878000003969,0 77.6425740001829,12.8878919996469,0 77.64275999991349,12.8879639999374,0 77.64303199996129,12.8880700001827,0 77.6433159998786,12.8881810002877,0 77.6434670003717,12.8882390002443,0 77.64356600046111,12.8882780001616,0 77.6435929996657,12.8885269999472,0 77.6436019997915,12.8886010001278,0 77.64363099962181,12.88887100015,0 77.6436429996045,12.8889740000902,0 77.64365799980369,12.8891120002184,0 77.643725999814,12.8897270002296,0 77.6437639999704,12.8901840002479,0 77.64378800040571,12.8905340003762,0 77.64374199989329,12.890554999694,0 77.6438389995952,12.891405999674,0 77.64384199987811,12.8914310000389,0 77.6438890002018,12.8914560001683,0 77.64418699978989,12.8914879995874,0 77.6444449995485,12.8914460002928,0 77.6447489996707,12.8914050001014,0 77.6447770002989,12.8914019995567,0 77.6448220003366,12.891397000447,0 77.64482200036799,12.8914019998956,0 77.64484499967629,12.8916290001645,0 77.64498099954329,12.8916129998044,0 77.645246000431,12.8915830002342,0 77.6452600000198,12.8915820004284,0 77.64525799983291,12.8916159995514,0 77.64554500001471,12.891587999592,0 77.64555799975859,12.8915729998693,0 77.6456910004332,12.8915599998824,0 77.6457180000746,12.8915570003255,0 77.64584400027179,12.8915439996988,0 77.6458369998463,12.8914810001649,0 77.646226000246,12.8913919997533,0 77.6463519998682,12.8914019995985,0 77.6463760002032,12.8913989996049,0 77.6465239996126,12.8913760003671,0 77.6466119996541,12.8913619998286,0 77.646706000055,12.891347999983,0 77.6467340003896,12.8913419999326,0 77.6468329998486,12.8913200004056,0 77.64686399981539,12.8913149998725,0 77.6469360001374,12.8913020003865,0 77.64701900033479,12.8912869996518,0 77.6471370003441,12.8912660002446,0 77.64716399982029,12.8912580002048,0 77.64723199969249,12.8912469997063,0 77.64729599970759,12.8912369999887,0 77.6473599997146,12.8912270002565,0 77.64748300016809,12.89120899999,0 77.647490999966,12.8911810002204,0 77.6476689995927,12.891161999663,0 77.64776800032691,12.8911509996441,0 77.64791699956869,12.891138000165,0 77.64795100042581,12.8911349999868,0 77.6480210004177,12.8911290001677,0 77.6480850000393,12.8911229996407,0 77.6481580001989,12.8911170001312,0 77.6481829999785,12.891114999868,0 77.6482859997426,12.8910940000534,0 77.6483210000065,12.8910870002802,0 77.6483849996347,12.891074000111,0 77.64841099975,12.8910680002689,0 77.6484799999365,12.8910509997709,0 77.6485310000956,12.891039000255,0 77.64853799972001,12.8910369997163,0 77.64854700038789,12.8910349996958,0 77.64858999992801,12.8910250000023,0 77.6486169996947,12.8910179998899,0 77.6486660002424,12.8910049997501,0 77.64864899964491,12.8909400003525,0 77.6487059997131,12.8909269996159,0 77.6488200003724,12.8908999998424,0 77.6488399997785,12.8909119996048,0 77.6490690001209,12.8908650001955,0 77.64906999994371,12.8909090002633,0 77.6491049996323,12.8910109996115,0 77.64918300040399,12.8912100000208,0 77.6492320003488,12.8913360000933,0 77.64930499981639,12.8914569997627,0 77.6493349999925,12.8915090002482,0 77.6495689997856,12.8919230004367,0 77.6496770001406,12.8921049999984,0 77.6499959999198,12.8926319997547,0 77.6500470004371,12.8927269997901,0 77.65013000044949,12.8928639999937,0 77.6502470003979,12.89306200028,0 77.650410999641,12.8933260001667,0 77.6507660000362,12.8935530004066,0 77.6511919997827,12.8938129998122,0 77.6516970000186,12.8941270004195,0 77.65192399991059,12.8942720001378,0 77.6521479999754,12.8943969998226,0 77.65238400005281,12.8945239996586,0 77.6526289996487,12.8946410003592,0 77.6527160003296,12.8946660003295,0 77.6528409997758,12.894676999669,0 77.65292899989851,12.8946779996239,0 77.6530559995532,12.8946689998671,0 77.65329400042179,12.8946420002003,0 77.6535130003215,12.8945960003808,0 77.6535299996023,12.8946360002959,0 77.6542089997687,12.8966480003102,0 77.6542580000238,12.8966440004502,0 77.6544250004531,12.8966320001567,0 77.6544900000697,12.8966279995484,0 77.6545239996634,12.8966339998751,0 77.6547519997565,12.8968450003243,0 77.6547569995822,12.8968699999179,0 77.6548100001071,12.8968899996882,0 77.6550289998346,12.8971159999793,0 77.6552010000767,12.8970759999197,0 77.6552229996838,12.8970710002524,0 77.6553109998101,12.8970420000832,0 77.6553830002797,12.8974570003551,0 77.6555559997967,12.8974169998186,0 77.6556059995653,12.8975179996761,0 77.6556609999148,12.8976279998762,0 77.6557090002631,12.8977239998195,0 77.6557339999875,12.8977490004002,0 77.65555399978921,12.8979130004101,0 77.6555400004024,12.8979279998882,0 77.6555319999882,12.8979089995593,0 77.6555140002995,12.8978609996073,0 77.65511100015959,12.8979510001213,0 77.6551130001277,12.8979679998464,0 77.6546960000055,12.8979720001271,0 77.6546670000199,12.8979470002981,0 77.6538750002902,12.8979399997085,0 77.6535349999,12.8979709997176,0 77.6531799999905,12.8980110003112,0 77.6527390002137,12.8980670004393,0 77.65244199980221,12.8981130001123,0 77.6522770001969,12.8981409999445,0 77.6519310000849,12.8982119999721,0 77.65165299967239,12.8982710002616,0 77.6514800000916,12.8984729999533,0 77.65134699961079,12.8986310003208,0 77.651225999727,12.8988289999157,0 77.6512350000024,12.8988819997395,0 77.6509840003134,12.898986999704,0 77.6507880000363,12.8990699995844,0 77.6505919996151,12.8991530002456,0 77.6501799998332,12.8993250001533,0 77.649787000137,12.8995059999566,0 77.6495780004223,12.8995980004344,0 77.6493759996837,12.8996839999089,0 77.6492080001519,12.8997539996345,0 77.64918600038909,12.8997619999638,0 77.6488830001221,12.8995040003577,0 77.648804999756,12.8997200002121,0 77.64870000017351,12.9000139997002,0 77.6486289997752,12.9004740001217,0 77.64860799955591,12.9007559996543,0 77.64860799980541,12.9010269997766,0 77.64859799981789,12.901211999688,0 77.64858200042229,12.9014899997782,0 77.6485309999313,12.9022009996372,0 77.64855400036269,12.9026410002622,0 77.64859200003821,12.9028720001778,0 77.64861799976239,12.9029910003445,0 77.6487500003697,12.9034949999792,0 77.64882899987499,12.9038049996878,0 77.64876699970451,12.903809999624,0 77.6480109995608,12.903819000235,0 77.64801300037681,12.9039730002779,0 77.6480159996388,12.9040350002652,0 77.6480150004413,12.9040349995484,0 77.64799500006851,12.904034999832,0 77.6472440001685,12.9040809998843,0 77.64686100034061,12.9041619999831,0 77.64661699995,12.9042189996311,0 77.6462010003508,12.9043210002034,0 77.6443909998834,12.9047270002696,0 77.6441359999809,12.9047949996531,0 77.6438689995755,12.9048609999259,0 77.64380400045729,12.904875999978,0 77.6437060001292,12.9048980000992,0 77.6435219996637,12.9049389996962,0 77.6433849997828,12.9049720001959,0 77.6431430004545,12.905032000336,0 77.6430639997731,12.9050500002117,0 77.6427500003292,12.9051280004422,0 77.6426739997124,12.9051430003734,0 77.6412699996698,12.9054899999628,0 77.64124100017359,12.9054439997526,0 77.6398649996278,12.905616000157,0 77.63899300022889,12.9057110001541,0 77.6386349995814,12.9058699998808,0 77.63849500021681,12.9059429996539,0 77.63830399983669,12.906020999725,0 
						</coordinates>
					</LinearRing>
				</outerBoundaryIs>
			</Polygon>
		</Placemark>
	</Document>
	<Document>
		<name>Ward No. 191.kml</name>
		<StyleMap id="m_ylw-pushpin6">
			<Pair>
				<key>normal</key>
				<styleUrl>#s_ylw-pushpin6</styleUrl>
			</Pair>
			<Pair>
				<key>highlight</key>
				<styleUrl>#s_ylw-pushpin_hl6</styleUrl>
			</Pair>
		</StyleMap>
		<Style id="s_ylw-pushpin6">
			<IconStyle>
				<scale>1.1</scale>
				<Icon>
					<href>http://maps.google.com/mapfiles/kml/pushpin/ylw-pushpin.png</href>
				</Icon>
				<hotSpot x="20" y="2" xunits="pixels" yunits="pixels"/>
			</IconStyle>
			<LineStyle>
				<color>ffffff55</color>
				<width>3</width>
			</LineStyle>
			<PolyStyle>
				<fill>0</fill>
			</PolyStyle>
		</Style>
		<Style id="s_ylw-pushpin_hl6">
			<IconStyle>
				<scale>1.3</scale>
				<Icon>
					<href>http://maps.google.com/mapfiles/kml/pushpin/ylw-pushpin.png</href>
				</Icon>
				<hotSpot x="20" y="2" xunits="pixels" yunits="pixels"/>
			</IconStyle>
			<LineStyle>
				<color>ffffff55</color>
				<width>3</width>
			</LineStyle>
			<PolyStyle>
				<fill>0</fill>
			</PolyStyle>
		</Style>
		<Placemark>
			<name>Ward No. 191.kml</name>
			<styleUrl>#m_ylw-pushpin6</styleUrl>
			<Polygon>
				<tessellate>1</tessellate>
				<outerBoundaryIs>
					<LinearRing>
						<coordinates>
							77.6632690004397,12.8943370000914,0 77.66310999981199,12.8944000003092,0 77.6627540003758,12.8944949998632,0 77.66261600032951,12.8945160004105,0 77.66217100039221,12.8945719997075,0 77.6619810003221,12.894580000026,0 77.6616799999113,12.8946009996482,0 77.6614910004033,12.8946289996282,0 77.6610529998098,12.8946760003238,0 77.66069400024701,12.8947020002714,0 77.6604880002315,12.8947070004253,0 77.6603069997884,12.8947200004389,0 77.6599919998326,12.8946890001849,0 77.6598049998514,12.8946599996635,0 77.659487999676,12.8945949999295,0 77.6586319998395,12.8944010000923,0 77.6581619996021,12.8942640002546,0 77.65773100031829,12.8941589998765,0 77.65718200029519,12.894063000273,0 77.65710100041569,12.8940409997749,0 77.6565360002202,12.8941979998243,0 77.65639700016381,12.8942279997285,0 77.656344000434,12.8942390003004,0 77.6560789998141,12.8942940003207,0 77.6557469999733,12.8943640002283,0 77.6557199997817,12.894370000146,0 77.65532999988049,12.8944520002574,0 77.6553129999117,12.8943999997655,0 77.65520800019971,12.8940750002029,0 77.6551960000549,12.8940370004012,0 77.6550290000296,12.8941049998637,0 77.6549390003421,12.8941419997825,0 77.6547539996878,12.8942360000751,0 77.6546639999664,12.8942819995796,0 77.6545839995679,12.8943159997938,0 77.65441799961989,12.8943849996814,0 77.6541960002058,12.8944780001941,0 77.65405300031451,12.8945040004213,0 77.6539159998656,12.8945300002221,0 77.6538369999196,12.8945410003668,0 77.65371300016371,12.8945599995936,0 77.6535130003215,12.8945960003808,0 77.65329400042179,12.8946420002003,0 77.6530559995532,12.8946689998671,0 77.65292899989851,12.8946779996239,0 77.6528409997758,12.894676999669,0 77.6527160003296,12.8946660003295,0 77.6526289996487,12.8946410003592,0 77.65238400005281,12.8945239996586,0 77.6521479999754,12.8943969998226,0 77.65192399991059,12.8942720001378,0 77.6516970000186,12.8941270004195,0 77.6511919997827,12.8938129998122,0 77.6507660000362,12.8935530004066,0 77.650410999641,12.8933260001667,0 77.6502470003979,12.89306200028,0 77.65013000044949,12.8928639999937,0 77.6500470004371,12.8927269997901,0 77.6499959999198,12.8926319997547,0 77.6496770001406,12.8921049999984,0 77.6495689997856,12.8919230004367,0 77.6493349999925,12.8915090002482,0 77.64930499981639,12.8914569997627,0 77.6492320003488,12.8913360000933,0 77.64918300040399,12.8912100000208,0 77.6491049996323,12.8910109996115,0 77.64906999994371,12.8909090002633,0 77.6490690001209,12.8908650001955,0 77.6488399997785,12.8909119996048,0 77.6488200003724,12.8908999998424,0 77.6487059997131,12.8909269996159,0 77.64864899964491,12.8909400003525,0 77.6486660002424,12.8910049997501,0 77.6486169996947,12.8910179998899,0 77.64858999992801,12.8910250000023,0 77.64854700038789,12.8910349996958,0 77.64853799972001,12.8910369997163,0 77.6485310000956,12.891039000255,0 77.6484799999365,12.8910509997709,0 77.64841099975,12.8910680002689,0 77.6483849996347,12.891074000111,0 77.6483210000065,12.8910870002802,0 77.6482859997426,12.8910940000534,0 77.6481829999785,12.891114999868,0 77.6481580001989,12.8911170001312,0 77.6480850000393,12.8911229996407,0 77.6480210004177,12.8911290001677,0 77.64795100042581,12.8911349999868,0 77.64791699956869,12.891138000165,0 77.64776800032691,12.8911509996441,0 77.6476689995927,12.891161999663,0 77.647490999966,12.8911810002204,0 77.64748300016809,12.89120899999,0 77.6473599997146,12.8912270002565,0 77.64729599970759,12.8912369999887,0 77.64723199969249,12.8912469997063,0 77.64716399982029,12.8912580002048,0 77.6471370003441,12.8912660002446,0 77.64701900033479,12.8912869996518,0 77.6469360001374,12.8913020003865,0 77.64686399981539,12.8913149998725,0 77.6468329998486,12.8913200004056,0 77.6467340003896,12.8913419999326,0 77.646706000055,12.891347999983,0 77.6466119996541,12.8913619998286,0 77.6465239996126,12.8913760003671,0 77.6463760002032,12.8913989996049,0 77.6463519998682,12.8914019995985,0 77.646226000246,12.8913919997533,0 77.6458369998463,12.8914810001649,0 77.64584400027179,12.8915439996988,0 77.6457180000746,12.8915570003255,0 77.6456910004332,12.8915599998824,0 77.64555799975859,12.8915729998693,0 77.64554500001471,12.891587999592,0 77.64525799983291,12.8916159995514,0 77.6452600000198,12.8915820004284,0 77.645246000431,12.8915830002342,0 77.64498099954329,12.8916129998044,0 77.64484499967629,12.8916290001645,0 77.64482200036799,12.8914019998956,0 77.6448220003366,12.891397000447,0 77.6447770002989,12.8914019995567,0 77.6447489996707,12.8914050001014,0 77.6444449995485,12.8914460002928,0 77.64418699978989,12.8914879995874,0 77.6438890002018,12.8914560001683,0 77.64384199987811,12.8914310000389,0 77.6438389995952,12.891405999674,0 77.64374199989329,12.890554999694,0 77.64378800040571,12.8905340003762,0 77.6437639999704,12.8901840002479,0 77.643725999814,12.8897270002296,0 77.64365799980369,12.8891120002184,0 77.6436429996045,12.8889740000902,0 77.64363099962181,12.88887100015,0 77.6436019997915,12.8886010001278,0 77.6435929996657,12.8885269999472,0 77.64356600046111,12.8882780001616,0 77.6434670003717,12.8882390002443,0 77.6433159998786,12.8881810002877,0 77.64303199996129,12.8880700001827,0 77.64275999991349,12.8879639999374,0 77.6425740001829,12.8878919996469,0 77.6423379999799,12.8878000003969,0 77.64208800015621,12.8877030000646,0 77.64182599976689,12.8875979998836,0 77.6415660000181,12.8874940000528,0 77.64130199988119,12.8873889995771,0 77.6410960004475,12.8873650002141,0 77.64126499969851,12.8871159998167,0 77.6409209999903,12.8870190001946,0 77.6405419999854,12.886927999568,0 77.64050599966539,12.8869189999141,0 77.6403479997655,12.8868809996077,0 77.6402139999245,12.8868450002091,0 77.6397589996506,12.8867259996889,0 77.6396219995552,12.8866919996546,0 77.6396070001086,12.8866720004049,0 77.63954599997921,12.8865539998277,0 77.6392840000174,12.88602600025,0 77.63946699970791,12.8859829996945,0 77.6394150002446,12.8858569998066,0 77.6391090001286,12.8851610000818,0 77.6390209999566,12.8849459995502,0 77.6388050002257,12.8844249999685,0 77.6387460001266,12.8843010000839,0 77.6386970000176,12.8841889996345,0 77.63846399969449,12.8837249999432,0 77.6384050000518,12.8837270004045,0 77.6374099998496,12.8837570003578,0 77.6374060001733,12.8836880001608,0 77.63738699957599,12.8833930001567,0 77.63737199990631,12.8834010001368,0 77.63737099987139,12.883401000276,0 77.6372319997684,12.8831250002284,0 77.6371970004479,12.882904999958,0 77.63724999991121,12.8826370001557,0 77.637360999872,12.8825009997367,0 77.6373290001242,12.8824260002232,0 77.6373120003296,12.8822949997723,0 77.6372899996053,12.8820500003238,0 77.6372820001472,12.8818590003505,0 77.6372850003372,12.8818130000292,0 77.63723400005701,12.8818139998798,0 77.6372170000506,12.8816409997997,0 77.6371810002515,12.8812789995657,0 77.63718100007451,12.881273000011,0 77.6371809997366,12.8812719999377,0 77.63717399997481,12.8812050002717,0 77.6371710001515,12.8811730000328,0 77.6371670001276,12.8811350003754,0 77.63715599979299,12.8810420001677,0 77.6371479996627,12.8809629997173,0 77.63713999981771,12.8808929999528,0 77.63711200014841,12.8806389996262,0 77.6371020000971,12.8805519997276,0 77.6370919997216,12.8804639997535,0 77.63723499982051,12.8804510001041,0 77.6372299996541,12.8804290000031,0 77.6371959995714,12.8801220000533,0 77.6371759997856,12.879882999784,0 77.6375259998583,12.8793330003885,0 77.63750899958259,12.8793250002911,0 77.63737100019419,12.8792420000591,0 77.6375490003078,12.878934000142,0 77.6375440002228,12.8788930003965,0 77.63763000015039,12.8788690003867,0 77.6379740000913,12.8787579998515,0 77.6380620004096,12.878680999916,0 77.6381429998889,12.8785639996991,0 77.6382330004221,12.8784390003148,0 77.6385060001431,12.8780680001665,0 77.6388379996034,12.8775990004513,0 77.6390999997685,12.8772749996562,0 77.63928300044751,12.8770130001146,0 77.6394630003158,12.8767390000416,0 77.6395869999123,12.8765039999778,0 77.6396510000356,12.8763929996872,0 77.6398220002923,12.8760929997398,0 77.640061000401,12.87528699998,0 77.6401659997136,12.8749659997506,0 77.6402599999581,12.8746749997219,0 77.6403669998371,12.8743460004099,0 77.640348000282,12.8742830002317,0 77.6402639996559,12.873776999711,0 77.6402899996789,12.8737720001375,0 77.6402839997877,12.873724000112,0 77.64027800013289,12.8736739999337,0 77.6402669996673,12.8735840001925,0 77.640254999577,12.8734870000636,0 77.6402449999119,12.873410000237,0 77.6402520002686,12.8733870002234,0 77.64027700043459,12.8732939996313,0 77.64029599955239,12.8732219996711,0 77.6403069995673,12.8731819996249,0 77.64032999994571,12.873094999766,0 77.6403449998575,12.8730360004388,0 77.6403560001965,12.8729969995611,0 77.6403740004374,12.8729310001825,0 77.64041399961761,12.8727819995964,0 77.6404239999613,12.8727429997654,0 77.6404470000551,12.8726580000612,0 77.64047399989251,12.8725589996453,0 77.6404840002246,12.8725199998149,0 77.6404990004261,12.8724619996581,0 77.64052500002479,12.8723650004415,0 77.6405790004318,12.8723489996533,0 77.6406410000767,12.8723310002777,0 77.64070400026471,12.872311999762,0 77.6406919995423,12.8722560000218,0 77.64084499997919,12.8721550003164,0 77.641304000362,12.8718409999872,0 77.64137800018641,12.8717899998876,0 77.64147100036131,12.8717779998849,0 77.6426639998178,12.871611999591,0 77.6430649996871,12.8715289997351,0 77.64335200024151,12.8714699995463,0 77.6436359997421,12.8714110004428,0 77.6438450004346,12.8713680002724,0 77.6439579996073,12.8713450000683,0 77.6442419996188,12.8712860003521,0 77.6442809997807,12.8712779999992,0 77.6445629999708,12.8712200003443,0 77.64464700013571,12.8712040004065,0 77.6448080003843,12.8711690004467,0 77.6449199996796,12.8711470000874,0 77.6452690001598,12.8710739997496,0 77.64534000023539,12.8710600000231,0 77.6453759997983,12.8710530000777,0 77.6454710003529,12.8710339997184,0 77.6455839996587,12.8710099996959,0 77.6456250002221,12.8710009996637,0 77.64566300028631,12.8709930001862,0 77.6459849995538,12.8709270002225,0 77.6460220001531,12.87091799988,0 77.64608899981449,12.8709029996469,0 77.6463750000202,12.8708460003159,0 77.64652899992021,12.8708139998407,0 77.6465489998895,12.8708099998779,0 77.6467969996425,12.8707680002117,0 77.6468449999378,12.8707589997491,0 77.6474880004053,12.8706500003226,0 77.6477659995431,12.8706019997541,0 77.64850399967099,12.8705529995753,0 77.6485320001286,12.8705510000332,0 77.6485279997828,12.8704709997216,0 77.6486569995897,12.8702890001772,0 77.6488949995975,12.8700169999401,0 77.6490029995787,12.8698499995534,0 77.6490659999656,12.8696910002806,0 77.6491080004385,12.8694989996769,0 77.64913600043189,12.8692900003447,0 77.6491789996257,12.8689770003174,0 77.64921800016781,12.868686999845,0 77.6492430002817,12.8686819996803,0 77.6492900003208,12.8686049997907,0 77.64922200018,12.8682869997072,0 77.6494769998163,12.8681880001439,0 77.6497500000703,12.8685840002773,0 77.6499260001471,12.8687720002143,0 77.6501590001053,12.8690340003315,0 77.6503590004266,12.869217999841,0 77.6505869997866,12.8693379997473,0 77.6506579997543,12.8693819999251,0 77.65069300009451,12.8694290004233,0 77.65070800001691,12.8695119997159,0 77.65077700032759,12.8696120003657,0 77.6508830002464,12.8697279999061,0 77.65098499998081,12.8698669998508,0 77.65102899999459,12.8698749996442,0 77.6511330003633,12.8698930000454,0 77.6514419997376,12.8699469997434,0 77.6514800000904,12.8699530004156,0 77.65158199961689,12.8699710000973,0 77.6516730001365,12.8699859997414,0 77.651907999839,12.8700210003304,0 77.6519580002217,12.8698089995651,0 77.65210199990319,12.8698329998117,0 77.6521219995703,12.8696910002266,0 77.6521119997189,12.8696740000452,0 77.6522679996833,12.8696689996759,0 77.65240200005501,12.8696349995839,0 77.6524960003245,12.8696120004014,0 77.6525980000029,12.8695739996101,0 77.6528069998955,12.8694999998223,0 77.65291600027621,12.8696579996682,0 77.6529249997573,12.8696549995876,0 77.6530110003215,12.8696299997925,0 77.6532200000276,12.8695699997055,0 77.6533340002152,12.869537000313,0 77.6534149997625,12.8695139996831,0 77.6534590000329,12.8694970001355,0 77.65347899983369,12.8695519999303,0 77.65368800017031,12.8696580003945,0 77.6545230002499,12.8696900004053,0 77.6548269997548,12.8697100002106,0 77.655114999896,12.8697350004068,0 77.6552579996128,12.8697500002913,0 77.6553949999129,12.8697429998675,0 77.6556909999989,12.8697249996015,0 77.65566300005101,12.8694269996994,0 77.65567699987869,12.869429999821,0 77.6557420003374,12.8694410002399,0 77.655737999987,12.8694099999653,0 77.65573099988021,12.8693610000396,0 77.655629000337,12.869339999989,0 77.6555959998979,12.8689639996756,0 77.6556770004119,12.868986000376,0 77.6556809996502,12.869012000347,0 77.6558470001936,12.868983999892,0 77.655861000228,12.868982999751,0 77.6558829995855,12.8689809997658,0 77.6558849995515,12.8690039999296,0 77.6559099997308,12.8690020002392,0 77.6560430001462,12.8689869998409,0 77.6560489999203,12.8690349998896,0 77.65618400026629,12.8690199999222,0 77.6562180004063,12.8689890001725,0 77.6563560000729,12.8689749995913,0 77.65633999978439,12.8688200002131,0 77.656562000264,12.86888400023,0 77.6568250001452,12.8689589996529,0 77.6568230003722,12.868973000035,0 77.65679600033759,12.8689910003201,0 77.6568130002871,12.8692330003808,0 77.6567719997325,12.8692349997958,0 77.6567739998933,12.869255999809,0 77.65678899978531,12.869517999728,0 77.6568599997906,12.8695169996927,0 77.65686000009001,12.8695199998786,0 77.6568610003763,12.8695819999621,0 77.6568609995856,12.8696049996113,0 77.6568609999422,12.869658000234,0 77.6568630000137,12.8697490001342,0 77.6568629999837,12.8697579997976,0 77.6570069995435,12.8697570002055,0 77.6572990004174,12.8697529998198,0 77.6573250001878,12.8697499997187,0 77.65732500030261,12.8696509998431,0 77.6573160002487,12.8693769998886,0 77.6573169996358,12.8690909998422,0 77.6578969997811,12.8690919997441,0 77.6579000003029,12.8693720002765,0 77.6579060003768,12.8696510001231,0 77.6579120003573,12.8699520004275,0 77.6579219998754,12.8701219998869,0 77.65793200002619,12.8703920001273,0 77.65801100046041,12.8703810001548,0 77.65851800000431,12.8703529998007,0 77.65856299994719,12.8703540003334,0 77.65862499971109,12.8703669998248,0 77.6591379998241,12.8701909996948,0 77.6592580001072,12.8701389998872,0 77.65948599962481,12.8699899999645,0 77.6597179995766,12.869809999853,0 77.659929000253,12.8696550002038,0 77.6601499996175,12.8694939997286,0 77.6603190000309,12.8693580001331,0 77.6607540004007,12.8690250003201,0 77.66085999970861,12.8689390000513,0 77.6610439998981,12.868797000106,0 77.6611790003022,12.8686949996557,0 77.6613869998256,12.8685350004316,0 77.66151500044489,12.8684270001336,0 77.6619000001789,12.8681949997228,0 77.66204300019599,12.868114000228,0 77.66212599988459,12.8680740001912,0 77.6623549998852,12.8679740001666,0 77.6627890001832,12.8677779998208,0 77.6631640002977,12.8676050000151,0 77.66345399962179,12.8674780000826,0 77.6638390000834,12.867238999697,0 77.6641610001505,12.8670469997945,0 77.6644839999061,12.8668619997591,0 77.6650209998961,12.8666000004507,0 77.66572099993169,12.8662660003815,0 77.66611699988439,12.8661230001966,0 77.6664210003926,12.8660629997998,0 77.6668360002345,12.8661590002636,0 77.6670610000732,12.866215000087,0 77.66712200021421,12.8662309998814,0 77.66721499988,12.8662559996956,0 77.6672689997543,12.8662850000535,0 77.6672729998168,12.8662669998975,0 77.6679929999724,12.8663850000361,0 77.6680240000243,12.8663950002569,0 77.6680959995666,12.8664170001678,0 77.66819700020309,12.866448999829,0 77.668309000226,12.8664849996875,0 77.6687010000567,12.8666089995636,0 77.6687880002309,12.8666360003448,0 77.6687679999033,12.8667369999352,0 77.6688860003071,12.8667660003515,0 77.6688690004236,12.8668560004064,0 77.6689379999076,12.866869000301,0 77.66897700009891,12.8668760000519,0 77.6690009997222,12.8668799997449,0 77.6690080002607,12.8668819999193,0 77.6689530002029,12.8670160000355,0 77.669035999824,12.8669840003112,0 77.6690850000244,12.8669839998922,0 77.6691679998266,12.8669850001061,0 77.66944299956781,12.8670789998991,0 77.6695490002771,12.8671149997273,0 77.6695810004545,12.8671149998492,0 77.6696079995488,12.8671079999508,0 77.6696220002359,12.8671009996758,0 77.6696629996991,12.8670599998574,0 77.66966600007569,12.8670470002108,0 77.66967500003609,12.8670520000313,0 77.6696830002692,12.8670149996519,0 77.6696619998676,12.8669529997821,0 77.66963700015749,12.8668899999457,0 77.66963299994541,12.8668829996697,0 77.6697909995908,12.8669349999041,0 77.66982299973471,12.8668420004389,0 77.6698260002331,12.8668010001943,0 77.66985900012909,12.8668390002697,0 77.66990699976451,12.8668620002861,0 77.66993900029399,12.8668770002655,0 77.6700739997454,12.8669419995701,0 77.6701029999893,12.8669600004447,0 77.6702150002104,12.8670460002469,0 77.6702000003292,12.867113000378,0 77.6701870003544,12.8671719995788,0 77.67017300043,12.8672350001485,0 77.6701580000784,12.8673010002321,0 77.6701549997228,12.8673159999863,0 77.6701950004154,12.8673159998087,0 77.6703059996333,12.8673570001145,0 77.6703339999946,12.8673710000871,0 77.6704120000239,12.8674099995499,0 77.6704810000943,12.8674460002077,0 77.6705070001117,12.867458999713,0 77.6705620000088,12.8674869998655,0 77.6705820003491,12.8674979998749,0 77.6706170003762,12.8675160000524,0 77.67065199995049,12.8675269998583,0 77.67072700022371,12.8675700001816,0 77.6708839995557,12.8676620001917,0 77.6709110000287,12.8676780004498,0 77.67103600014531,12.8677279999861,0 77.6711999997371,12.8677930001647,0 77.67135000008621,12.8678519998954,0 77.67139999990469,12.8678670004457,0 77.6715649999995,12.8679150001128,0 77.671737999751,12.8679650004085,0 77.6724760001136,12.8681599997345,0 77.6724729998141,12.8682299996148,0 77.6724690002591,12.8682659998041,0 77.6723959999804,12.868443000062,0 77.67239599985911,12.8684939999837,0 77.6724009998977,12.8685359999356,0 77.67241700030669,12.8685740004064,0 77.6724349999969,12.8685890000759,0 77.6727389995891,12.8687060002489,0 77.6728120000664,12.868742000005,0 77.6728490002975,12.8688660002033,0 77.6728840003211,12.869002999778,0 77.6728819997347,12.8691309996373,0 77.67288000004631,12.8691549995846,0 77.6728660002223,12.8693539999195,0 77.6728899999159,12.869388999881,0 77.6729459997789,12.8694959995608,0 77.6730239997685,12.8693389997777,0 77.6730299995798,12.8693470004042,0 77.67322399977949,12.8695070004037,0 77.6731560003941,12.8696660003791,0 77.6731129996942,12.8697679998493,0 77.6730739996196,12.8698600004495,0 77.6730260001297,12.8699740000385,0 77.6729840001869,12.870071999931,0 77.67294099983491,12.8701730002451,0 77.6729010001872,12.8702680003516,0 77.6728900004284,12.8703379996177,0 77.67287999961459,12.8703979999253,0 77.672868999861,12.8704680000955,0 77.672858999569,12.8705349998529,0 77.67284899972481,12.8706009995549,0 77.67283999978071,12.8706609995895,0 77.6728299998997,12.8707229999914,0 77.6728180002337,12.8707989998312,0 77.67280799992049,12.8708640003916,0 77.6727990003977,12.8709210002698,0 77.672789999996,12.8709820003617,0 77.6727809995712,12.8710410003518,0 77.67277299993761,12.8710919996596,0 77.6727640004186,12.8711490004421,0 77.6727550004173,12.8712050002752,0 77.67274400017941,12.8712759996025,0 77.67273199958311,12.8713520003585,0 77.67272100026121,12.8714229996772,0 77.67274899967509,12.8714220003276,0 77.6728599996606,12.8714209996816,0 77.6730429997081,12.8714199996692,0 77.6730670003726,12.8714350003477,0 77.6732489998514,12.870470000271,0 77.67326699971341,12.8704829997436,0 77.67358999982,12.8703889998294,0 77.6736699999323,12.8703730001488,0 77.6737149999766,12.8703460002568,0 77.67371700038861,12.8703489998671,0 77.6737640001745,12.8704110003111,0 77.6745049995619,12.87140499968,0 77.6752139995759,12.8722740002657,0 77.6751590003331,12.8723269999591,0 77.6738320003552,12.8720070000623,0 77.673812999943,12.8721770002022,0 77.67379700007019,12.8723290004286,0 77.6737820003809,12.8724659996292,0 77.6737679999505,12.8725860004228,0 77.6739080003522,12.8726160001744,0 77.6739479996186,12.8726249997315,0 77.6740500002667,12.8726470002602,0 77.6740559996158,12.8726479995914,0 77.67411600014179,12.8726610002011,0 77.6741820000211,12.8726750001238,0 77.674199000445,12.8726790002119,0 77.6743380000206,12.872708999994,0 77.6743629997351,12.8727139997533,0 77.67440999975319,12.8727250001265,0 77.6744860002765,12.87274100004,0 77.674546999871,12.8727540002785,0 77.6746130002572,12.8727690001277,0 77.6746889998747,12.8727849999864,0 77.67478099996811,12.8728050001417,0 77.67484599992559,12.8728190001562,0 77.67492599990589,12.8728359997906,0 77.6750030000006,12.8728530002233,0 77.6750740002562,12.8728680003776,0 77.6751380002587,12.8728819996849,0 77.6752479998881,12.8729060003186,0 77.6752700002491,12.8729140000503,0 77.6752450002115,12.8730229996742,0 77.6751240002276,12.8735480002327,0 77.6750789997665,12.8737409995933,0 77.67506100022941,12.8738229995683,0 77.6750190000743,12.8740149998587,0 77.67491200027921,12.8745060003319,0 77.6747739998861,12.8750520003628,0 77.6747479999038,12.8750449999648,0 77.67460800031211,12.8750119998777,0 77.6744480001373,12.8752889998289,0 77.67453499999711,12.8753349998576,0 77.6746679998019,12.8755340001579,0 77.67467599998371,12.8757430001567,0 77.67433800012,12.8762510001813,0 77.6742409997988,12.8763249998314,0 77.6740839997818,12.8767079997079,0 77.67398900044179,12.876938000211,0 77.67394799983759,12.8770370001466,0 77.673914000352,12.8771060002652,0 77.6738419996649,12.8772500001056,0 77.6738150001173,12.8773000000628,0 77.6737529997674,12.8774259998658,0 77.6737020001985,12.8775310001109,0 77.6736819999079,12.8775739996115,0 77.6736299998252,12.8776780000815,0 77.6735820000558,12.8777790002044,0 77.67358299957741,12.877803000236,0 77.6735639997886,12.8778260002596,0 77.67356399964901,12.8778430002103,0 77.6735649996113,12.8778660001875,0 77.6735240001556,12.8779909995964,0 77.6735139998073,12.8780149999247,0 77.6723600002876,12.8780820000901,0 77.67231200000801,12.8780919999611,0 77.6722329998389,12.8781869998476,0 77.6720179999332,12.8782079998648,0 77.672038999729,12.8783129996247,0 77.67216699980401,12.8789309996123,0 77.6722700004039,12.8794840001111,0 77.67232600041611,12.8798890002217,0 77.6723349995419,12.8799819998261,0 77.6723930004231,12.8799899998968,0 77.6724769996074,12.8799830002977,0 77.6725569997069,12.879975999941,0 77.6726329998116,12.879968999743,0 77.67268900000749,12.8799639996378,0 77.6728079998922,12.8799530001526,0 77.6729220002472,12.8799430002167,0 77.6730289996886,12.879933000346,0 77.6731420000032,12.8799229996872,0 77.67326499978969,12.8799119998117,0 77.6733920004564,12.8799009996774,0 77.67350899978101,12.8798909995847,0 77.6736160000587,12.8798810003765,0 77.673745999727,12.8798700001637,0 77.67389600015539,12.8798569996777,0 77.674071999909,12.8798409998993,0 77.6740910003341,12.8799449997971,0 77.67411799972101,12.880023999856,0 77.6741640003096,12.8801570000136,0 77.6742070002918,12.8802809996431,0 77.6742220003195,12.8803230002669,0 77.6742730004399,12.8804699996904,0 77.67431200028091,12.8805819998013,0 77.6743339999438,12.8806459995537,0 77.6744060002865,12.8808519995965,0 77.6744199998659,12.8808910003305,0 77.6744289998292,12.8810749996701,0 77.67443799973979,12.8812549997117,0 77.67443500034381,12.8812789999202,0 77.67447000021581,12.8812729997842,0 77.67477900016389,12.8821379999277,0 77.674752999842,12.8821469995537,0 77.6745670003111,12.8821929998419,0 77.67456399956291,12.8821650002179,0 77.67453799999571,12.8821680004251,0 77.6745519997471,12.8822960000853,0 77.67457799955091,12.8825430004124,0 77.6746009999154,12.882756999941,0 77.6746250001501,12.8829799996193,0 77.6746689997278,12.8833859999192,0 77.6746870002677,12.8833830001143,0 77.6749769999026,12.8833299996497,0 77.675279999834,12.8832739995612,0 77.6753870001215,12.8840749998339,0 77.6750960003117,12.8841290003266,0 77.6724750000848,12.884616999988,0 77.6724749996078,12.8846390002018,0 77.6724830004172,12.8846959999771,0 77.6725270004103,12.8851999998037,0 77.6725639997595,12.8856620002949,0 77.6725710001254,12.8857160001829,0 77.6725999999959,12.8859399998694,0 77.67266499964791,12.8863849998211,0 77.67276199960899,12.886772999718,0 77.67280599978061,12.8869730002723,0 77.6728469996383,12.8871590000344,0 77.6728589997696,12.8872100001615,0 77.6730120004093,12.8878830003038,0 77.6731300003956,12.8884559995708,0 77.67313699975639,12.8884940004173,0 77.6732569997781,12.8891029998257,0 77.67333099966331,12.8894659997858,0 77.67341999994061,12.8899600001315,0 77.6734909998147,12.8903330003748,0 77.6736319998528,12.8908729998142,0 77.67364500028761,12.8909629996616,0 77.67370799968749,12.8913619996504,0 77.6737739999879,12.8917900001406,0 77.67385299998379,12.8923090004212,0 77.67386400018439,12.8923720003729,0 77.6739370004541,12.8928330003149,0 77.67382899955641,12.8928490003515,0 77.6730850001059,12.8929600004303,0 77.6722319997246,12.8930880000566,0 77.66984199966291,12.8935850002263,0 77.6695989998392,12.893628000404,0 77.6685210001379,12.893820000266,0 77.6682259996133,12.8938730000583,0 77.66810199980721,12.8938900003433,0 77.668064000038,12.8938949998091,0 77.6679299996555,12.8939140000607,0 77.66780700028529,12.8939299998911,0 77.66778599961739,12.8939350002722,0 77.66775699984611,12.8939369998767,0 77.6676469997806,12.8939519997825,0 77.66754899990519,12.8939660000551,0 77.6674369996897,12.8939810004031,0 77.66725600020879,12.8940060002959,0 77.6672310000145,12.893983000167,0 77.6669019995511,12.8940319999777,0 77.6668790002209,12.8940580001266,0 77.6667449999958,12.8940759997456,0 77.6666119998023,12.8940939999436,0 77.6665720002849,12.8940999997723,0 77.6664410001684,12.8941180002729,0 77.6663159998969,12.8941350000156,0 77.6662860000101,12.8941389998308,0 77.66614799988059,12.8941580002426,0 77.6660130003404,12.8941759997549,0 77.6659820003814,12.8941799997941,0 77.6658430001186,12.8941990003106,0 77.665697999917,12.8942189996334,0 77.66565600021789,12.8942249998418,0 77.6655259999355,12.8942429996531,0 77.6653930003731,12.8942610001583,0 77.6653539998987,12.8942669995659,0 77.6652320000258,12.8942829998009,0 77.6651029997075,12.8943010000624,0 77.6650620000183,12.8943069999271,0 77.6648850004583,12.8943309999034,0 77.6647350001097,12.8943740003589,0 77.6645749996193,12.8943960002727,0 77.66452400041619,12.8944689999821,0 77.66448999990649,12.8945470002301,0 77.66433600011371,12.8945619999232,0 77.6641400000582,12.8945679995779,0 77.6637219997931,12.8945549998784,0 77.6635119997229,12.8943189996827,0 77.6634520003103,12.8942509998013,0 77.6632690004397,12.8943370000914,0 
						</coordinates>
					</LinearRing>
				</outerBoundaryIs>
			</Polygon>
		</Placemark>
	</Document>
	<Document>
		<name>Ward No. 192.kml</name>
		<StyleMap id="m_ylw-pushpin7">
			<Pair>
				<key>normal</key>
				<styleUrl>#s_ylw-pushpin7</styleUrl>
			</Pair>
			<Pair>
				<key>highlight</key>
				<styleUrl>#s_ylw-pushpin_hl7</styleUrl>
			</Pair>
		</StyleMap>
		<Style id="s_ylw-pushpin7">
			<IconStyle>
				<scale>1.1</scale>
				<Icon>
					<href>http://maps.google.com/mapfiles/kml/pushpin/ylw-pushpin.png</href>
				</Icon>
				<hotSpot x="20" y="2" xunits="pixels" yunits="pixels"/>
			</IconStyle>
			<LineStyle>
				<color>ffffff55</color>
				<width>3</width>
			</LineStyle>
			<PolyStyle>
				<fill>0</fill>
			</PolyStyle>
		</Style>
		<Style id="s_ylw-pushpin_hl7">
			<IconStyle>
				<scale>1.3</scale>
				<Icon>
					<href>http://maps.google.com/mapfiles/kml/pushpin/ylw-pushpin.png</href>
				</Icon>
				<hotSpot x="20" y="2" xunits="pixels" yunits="pixels"/>
			</IconStyle>
			<LineStyle>
				<color>ffffff55</color>
				<width>3</width>
			</LineStyle>
			<PolyStyle>
				<fill>0</fill>
			</PolyStyle>
		</Style>
		<Placemark>
			<name>Ward No. 192.kml</name>
			<styleUrl>#m_ylw-pushpin7</styleUrl>
			<Polygon>
				<tessellate>1</tessellate>
				<outerBoundaryIs>
					<LinearRing>
						<coordinates>
							77.59390600007551,12.8527360001424,0 77.59177600024741,12.8508750000354,0 77.5912320004477,12.8505630001385,0 77.5908620002721,12.8503510003393,0 77.59048599967841,12.8502590003409,0 77.5898259997595,12.8500970000193,0 77.5894689998359,12.8500309999205,0 77.58844599987781,12.850029999815,0 77.5884500001217,12.8490610000888,0 77.5884499996455,12.8490569996384,0 77.5884519998271,12.8488329995893,0 77.58844000016541,12.8480210002282,0 77.58841100032021,12.8480209998842,0 77.5882509999593,12.8480260002863,0 77.5881040003958,12.8480299996426,0 77.5880940000681,12.8478459995782,0 77.58808999975859,12.8478169995834,0 77.5880770003963,12.8470870001858,0 77.5876969996487,12.847098000259,0 77.5876949997601,12.8469839997034,0 77.5876960002895,12.8469730003237,0 77.5876960001751,12.8469720002104,0 77.58767599989331,12.8469729996773,0 77.5876730001559,12.8468349999057,0 77.5873919995574,12.8461759998712,0 77.58738099969889,12.8461449999569,0 77.5871359998562,12.8454850002889,0 77.5871079999586,12.8455079997631,0 77.5870359997871,12.8455140000373,0 77.5866130002874,12.845520999569,0 77.5865779998218,12.8454999996706,0 77.5865769998325,12.845371000066,0 77.5865640000346,12.8453720000025,0 77.58647300020689,12.8453760001098,0 77.5863859997377,12.845377000181,0 77.58626500006829,12.8453780000631,0 77.5861480001861,12.8453800003461,0 77.5861470004166,12.8451899999652,0 77.586046000434,12.8452110001304,0 77.5860060000547,12.8451250003174,0 77.5859950003461,12.8451020003252,0 77.5859480001166,12.8450030001972,0 77.5859460000235,12.8449830004204,0 77.5859139997263,12.8449999996463,0 77.5859029999492,12.8449849996717,0 77.585827999655,12.8448810001364,0 77.58582200021409,12.8448729995891,0 77.58580700004531,12.8448510002622,0 77.585747999807,12.8447679999895,0 77.585708000069,12.844713000074,0 77.58569099987039,12.8446890003312,0 77.5856879996897,12.844684999608,0 77.5856570003949,12.8446409999279,0 77.5856049999112,12.844568999687,0 77.5855550004277,12.8444989998276,0 77.5855110003836,12.8444369996084,0 77.58547199985939,12.8443829998488,0 77.58546799956881,12.8443769997058,0 77.5854480001764,12.844349000105,0 77.5854229995569,12.8443140001625,0 77.5853939996818,12.8442740001776,0 77.5853740002977,12.8442459996645,0 77.5853489997001,12.8442109997108,0 77.58531899973489,12.8441690002961,0 77.5853120002141,12.8441590003137,0 77.5852769998571,12.8441090004241,0 77.58526500014059,12.8440930002022,0 77.5852309999173,12.84404499972,0 77.5852089996193,12.8440149996886,0 77.5851919996241,12.8439920000098,0 77.5851489996882,12.8439299997841,0 77.58513599957131,12.8439089997885,0 77.58517600001569,12.8438549997885,0 77.5852720000085,12.8436789996258,0 77.5854999999944,12.8434330003223,0 77.5855070003422,12.8433880002254,0 77.5852709999841,12.8433220004438,0 77.5849960002723,12.8432559995991,0 77.58479099977831,12.8432229996773,0 77.5847629998394,12.8432180001448,0 77.58453100026389,12.8431799996508,0 77.5833949997747,12.8418050003044,0 77.5821670001897,12.8370499996601,0 77.5838599999821,12.8359689999815,0 77.5845819999776,12.8353509996864,0 77.5873069995545,12.8336729996755,0 77.5888949999589,12.835198000152,0 77.5890309997956,12.8352450003081,0 77.5903039998614,12.8356850001303,0 77.5906080001627,12.8344390004247,0 77.5917170003666,12.8344280001615,0 77.5930099999712,12.8369019995735,0 77.5942509999945,12.8403050002613,0 77.59426699983869,12.8403780001868,0 77.59444599997811,12.8403389997597,0 77.59453799996921,12.8403210002621,0 77.5946110000654,12.84030299967,0 77.59470900044739,12.8402859996553,0 77.59484400018979,12.8402589996545,0 77.59500899961429,12.8402259996689,0 77.5952839999198,12.8401700002605,0 77.59533600021319,12.840397999969,0 77.5955079995891,12.841143000097,0 77.59550800040449,12.841162000357,0 77.595427999622,12.8412039998814,0 77.59537699977621,12.8412209999724,0 77.5953659996166,12.8412780002069,0 77.59536099982751,12.8413089997174,0 77.59577099966521,12.8427780002722,0 77.5957710003716,12.8427829999064,0 77.5957430002296,12.8428800000449,0 77.5957029997699,12.8429279996697,0 77.5956550003369,12.8429519998781,0 77.5955739998159,12.8429789996594,0 77.5955109997836,12.8430150004042,0 77.595465999927,12.84308400023,0 77.5954260002721,12.8431709995589,0 77.59536800014961,12.8432559995621,0 77.59531200009719,12.8432710001463,0 77.59526900039791,12.8432709997453,0 77.5951939997087,12.843269000188,0 77.5950439998725,12.8432959998676,0 77.5950270000248,12.8432990002098,0 77.5948750002875,12.843339000214,0 77.5947770002671,12.8433800004169,0 77.59470600007459,12.8433980004152,0 77.5947090004411,12.8434159998352,0 77.5947160002758,12.8437319996198,0 77.5947199996869,12.8439029996099,0 77.5947269998866,12.8441940002505,0 77.594727999862,12.8442209996485,0 77.5947309999263,12.8443689997616,0 77.5947410004067,12.8447949999734,0 77.5947129996397,12.8448249999954,0 77.5946680001333,12.8450980004427,0 77.59467700016449,12.8453279999124,0 77.594687999695,12.8454629999201,0 77.594694000204,12.8454899995706,0 77.5947770003153,12.8454679996542,0 77.5947850003943,12.8454930000929,0 77.59481500001741,12.845599999802,0 77.5948450000372,12.8457029999642,0 77.5948529999136,12.8457330000435,0 77.59487999987179,12.8458269999615,0 77.59491999961941,12.845966000035,0 77.5949430001176,12.8460480002231,0 77.594862999608,12.84607000038,0 77.5948629997409,12.8460709995846,0 77.59486699976701,12.8460799998688,0 77.5949240001636,12.846311000006,0 77.59492899989419,12.8463379995988,0 77.594929999957,12.846338999758,0 77.595352000191,12.8462240000395,0 77.5954050002555,12.8464149999505,0 77.5950509996517,12.8465090000122,0 77.5950980001365,12.846681000346,0 77.595740000378,12.8465129995618,0 77.59579999984329,12.8466629997227,0 77.59536999990959,12.8468230002526,0 77.59548699988331,12.8471229997063,0 77.59550599987099,12.8471649997642,0 77.5955069999396,12.84716599992,0 77.595649999553,12.8471000004256,0 77.595747000046,12.8473009997168,0 77.5959069997283,12.8476350000212,0 77.59600400004039,12.8478440000057,0 77.59606700033829,12.8479719995569,0 77.59626600018809,12.8483880001501,0 77.5964480004435,12.8487750002097,0 77.59646000011119,12.8487970003947,0 77.5972600004383,12.848446000225,0 77.59789500003519,12.8483299998127,0 77.5983540003412,12.8482510001434,0 77.59869400001649,12.8481370000221,0 77.5988039999819,12.8481429999457,0 77.5989499999632,12.848061999922,0 77.5990520002966,12.8480609996314,0 77.599506999555,12.8479639996752,0 77.60002999956239,12.8479409997988,0 77.6000620002788,12.847938000427,0 77.6003939999073,12.8479079996896,0 77.60074299956371,12.8478759996998,0 77.6007849995642,12.8478569997439,0 77.6008850002687,12.8478419999383,0 77.6009619997465,12.8478309999238,0 77.6009930003262,12.8478270003127,0 77.6010949998474,12.8477510004269,0 77.6012599997412,12.8477020004188,0 77.6014780001432,12.8476979999953,0 77.6016280000505,12.847681000038,0 77.60162899966249,12.8477880003968,0 77.60163099957509,12.8479189996673,0 77.6016669995489,12.8479410001043,0 77.6016929996801,12.8479430000192,0 77.60178100020821,12.847948999978,0 77.6018159996316,12.8479510000952,0 77.6018859995953,12.8479669997478,0 77.60191600027009,12.8479740002461,0 77.6019939999165,12.8479810000172,0 77.6020680000494,12.8479889997757,0 77.6021659995797,12.8479830003885,0 77.60223200011571,12.8479789995784,0 77.6023419999371,12.8479749996842,0 77.602342999697,12.848096999733,0 77.60244100027499,12.8480969999455,0 77.6026059998734,12.8480899998398,0 77.60261500034829,12.8482719999108,0 77.60270999985531,12.8482959997378,0 77.60263699990389,12.8483959996487,0 77.6025950003488,12.8484540003175,0 77.6025509997677,12.8485159995615,0 77.6025080004267,12.848575000305,0 77.602465999712,12.8486319999676,0 77.60242200000251,12.8486940000954,0 77.60237500009259,12.8487589995687,0 77.6022889995608,12.8488780002413,0 77.6021799998982,12.848891000236,0 77.6021180002441,12.8488979996572,0 77.6021220000133,12.8491069997939,0 77.6021139999704,12.8491300002111,0 77.60222599968969,12.8491819998118,0 77.6023339997928,12.849399000139,0 77.6028479999913,12.8493639999412,0 77.6028459998808,12.8493310001065,0 77.60281400011159,12.8493030002416,0 77.602804000002,12.8492139998857,0 77.60289800035849,12.849171999951,0 77.60298800023379,12.8491310000257,0 77.6030870000191,12.8491039998703,0 77.6032029998762,12.8490900004059,0 77.6033439998683,12.8490719999844,0 77.6034700004037,12.8490560003572,0 77.60361200010129,12.8490629996792,0 77.6037320001399,12.8490780003197,0 77.6038689999878,12.8490940003474,0 77.60399099987271,12.8491089999903,0 77.604116000039,12.8491370000405,0 77.6042420002733,12.8491809998702,0 77.60437400039071,12.8491860002315,0 77.60438100015,12.8490250001033,0 77.60436100029629,12.8489359997765,0 77.6043289996192,12.8488269999632,0 77.6042860003398,12.8487310004122,0 77.60424499981821,12.8486390003927,0 77.6041960002176,12.8485280001034,0 77.6041150001551,12.8483949998133,0 77.60391299994789,12.8482070002088,0 77.6041849995564,12.848155999762,0 77.6042540001613,12.8481489999793,0 77.60440300010769,12.8481330003117,0 77.604509000322,12.8481200003306,0 77.6045799999835,12.8481139996985,0 77.6046349998437,12.8481020000466,0 77.6048909996255,12.8480419996046,0 77.60507200034,12.8479999999826,0 77.6051259998449,12.8479860000254,0 77.60531700037281,12.8479330001372,0 77.6055019998152,12.8478820002844,0 77.6055609997927,12.8479030002275,0 77.60574300030051,12.8478569997841,0 77.6059329996949,12.8478089999967,0 77.60598699999851,12.8477949998698,0 77.6061599999295,12.8477430003053,0 77.6063500003627,12.8476870003296,0 77.60639500007591,12.8476760003834,0 77.6065759996186,12.847612000316,0 77.6066840001529,12.8475749998115,0 77.60678399986909,12.847540000347,0 77.6068769995921,12.8475070001196,0 77.6069630004494,12.8474770001286,0 77.6070279999761,12.8474549999564,0 77.6070979996026,12.8474309995839,0 77.60718299956859,12.847401000439,0 77.60727400044669,12.8473690001721,0 77.6073879996439,12.847329000045,0 77.60749599980819,12.8472820000567,0 77.6076039999118,12.8472110003385,0 77.6076990000355,12.8471489996666,0 77.60778599993979,12.8470920003682,0 77.6078779996955,12.8470319998482,0 77.6079969998202,12.8469530001153,0 77.6081150003334,12.8468759996341,0 77.60821000019421,12.8468139997272,0 77.60830999970921,12.8467480002974,0 77.608418999954,12.8466760002217,0 77.60854100036811,12.8465970002942,0 77.6086319998238,12.8465369995775,0 77.6087369999014,12.8464679997095,0 77.60878399991959,12.846438000225,0 77.6088450003696,12.8463979996981,0 77.6089380004188,12.8463379997925,0 77.60903700021029,12.8462750004496,0 77.60939699965419,12.8460430004184,0 77.6094530002986,12.8460489998362,0 77.60939400016881,12.8462989995496,0 77.60930900035279,12.846853999751,0 77.6092050002206,12.8475339997944,0 77.6091980000527,12.8475809999653,0 77.6092000002886,12.847657000247,0 77.6092049997488,12.847832000379,0 77.609212999791,12.8481310001053,0 77.6092199998584,12.8483970001778,0 77.6092329996744,12.8488799999835,0 77.6092450001814,12.8493189999337,0 77.6092579996516,12.8496240001799,0 77.6092269997102,12.8501710002278,0 77.6092100002499,12.8505239999811,0 77.6091960002084,12.8508110004264,0 77.6091799999718,12.8511190002525,0 77.6091779996981,12.8512720000232,0 77.6091830000218,12.8517490001047,0 77.6091879998702,12.8519909995638,0 77.6091920002785,12.8521669997338,0 77.6093139996799,12.8531090003199,0 77.60944399985949,12.8537890000498,0 77.6094739996463,12.853944999729,0 77.6095930003744,12.8543860002169,0 77.6096849998016,12.8546190003559,0 77.6098369996169,12.8548650000422,0 77.6108809995939,12.8550530002999,0 77.6123109996055,12.8554280003128,0 77.6129830001598,12.8556960000123,0 77.6135229997808,12.8558680003803,0 77.6145720003923,12.8564259995992,0 77.6156719999957,12.857036999573,0 77.6163589996856,12.8574839998549,0 77.6173730002662,12.8582740001162,0 77.6187539995379,12.8593689996739,0 77.6206879997571,12.8609150003769,0 77.6225500002988,12.8621490001721,0 77.6226999996704,12.8622479997937,0 77.62538200026189,12.8639229999671,0 77.62553200007331,12.8640130003896,0 77.6255560004121,12.8640269996865,0 77.6276039999216,12.8652530004237,0 77.62823599963539,12.8655480003576,0 77.6291939998826,12.8659150000125,0 77.6293070002168,12.8659580000861,0 77.6294980004383,12.8657230002243,0 77.6296240002945,12.8655689997225,0 77.6296590004232,12.8655260000086,0 77.63064300003511,12.8638109997065,0 77.63075900038289,12.8636129999131,0 77.6312480000818,12.8628549999309,0 77.6316749999197,12.862176999733,0 77.63239400026301,12.8612940002876,0 77.63250299995499,12.8611489997723,0 77.6325309999888,12.861111000096,0 77.63253900039859,12.8611379996462,0 77.6326390000484,12.8610040000261,0 77.63276700008809,12.8603720004228,0 77.6329390004546,12.8604360002361,0 77.6331289998223,12.8604299995923,0 77.6332779999251,12.8603440003238,0 77.633349000078,12.8602330000658,0 77.63347999998069,12.8601649995681,0 77.6336239996815,12.8601589999041,0 77.6338009997352,12.8602019996251,0 77.633979000119,12.860287999843,0 77.6340800001261,12.8604159999809,0 77.634572000056,12.8632650002328,0 77.63455599963081,12.8644800003052,0 77.6348790000949,12.8652269998634,0 77.6363170000978,12.8652129996145,0 77.6390140004455,12.8647669997413,0 77.63903399985701,12.8647620003483,0 77.6390540004401,12.8651160003163,0 77.6390780003762,12.8651129996311,0 77.6396720002999,12.8650340003737,0 77.6397180002074,12.8650280000651,0 77.6412309998786,12.8648269995603,0 77.6412259997949,12.864344000316,0 77.64173100039049,12.8634429995895,0 77.6420049997066,12.8635049997613,0 77.6422490004588,12.8622260003491,0 77.64309900013581,12.8594760002655,0 77.6431019998067,12.8594300000651,0 77.6431260003596,12.8583539995758,0 77.64312599968331,12.8583089998802,0 77.6431230004154,12.8569020004464,0 77.64312299978251,12.856856999843,0 77.64312099973429,12.855930000364,0 77.6431250004463,12.8558600000455,0 77.64312499986011,12.8558150003423,0 77.6431250004396,12.8558140002626,0 77.642931999642,12.8558110000334,0 77.64293899963189,12.8548329998511,0 77.64293899999269,12.8547770002184,0 77.6429650002341,12.8510820000275,0 77.6435150001851,12.8513719999095,0 77.6435680000029,12.8514000000274,0 77.644996999734,12.8521550002882,0 77.64506599989819,12.851830000073,0 77.6456069996166,12.8520170004087,0 77.6458110000942,12.8517509998498,0 77.6461420003327,12.8517370002277,0 77.64607499973999,12.8522760002031,0 77.6474120002014,12.8526040000492,0 77.6478609996107,12.8527150003467,0 77.6479310001225,12.8522109999009,0 77.647956999996,12.8520239998087,0 77.6480059997525,12.8517190004494,0 77.6483129999222,12.851798000268,0 77.64906500023091,12.8519919998764,0 77.64893600013581,12.8525619998271,0 77.6494030001134,12.8526790003056,0 77.649501000387,12.852089000345,0 77.6502779996776,12.8521829996502,0 77.650160000197,12.8535240003748,0 77.65053399965819,12.8537610003662,0 77.65043900033611,12.8546620003624,0 77.6507850004553,12.8546969995531,0 77.6508250002135,12.8545639999647,0 77.65176999994949,12.8548190000875,0 77.65288299996649,12.8551150001189,0 77.6532090002793,12.8555930000148,0 77.6535149998697,12.8556149997832,0 77.65354200015101,12.8556169995598,0 77.65377600033329,12.8556339999131,0 77.6543759996387,12.8557260003592,0 77.6547689998261,12.8558879998817,0 77.6549330000269,12.8559890004117,0 77.6549420000257,12.8559909997711,0 77.6550459998185,12.8554340001436,0 77.6550680002114,12.85544000005,0 77.65515899998761,12.8553199996837,0 77.65528899975369,12.8552659999201,0 77.65570200020851,12.8553729998034,0 77.65585400043081,12.8554740002071,0 77.6558609999246,12.8554790001141,0 77.65602500039761,12.8555759996692,0 77.6560919999481,12.855603999585,0 77.6562250002397,12.8556580003103,0 77.656363000277,12.8557850001691,0 77.6564779998065,12.8559239996958,0 77.65639700039971,12.8563920000477,0 77.6563039995942,12.8568869999487,0 77.6562970001421,12.8569219999174,0 77.65761099996141,12.8574080000643,0 77.6573239999386,12.8582340004271,0 77.65770199958131,12.8583440004469,0 77.6586419998082,12.8580510000238,0 77.6597209998518,12.8578779998527,0 77.6602579998798,12.8577920001037,0 77.6611849999553,12.8577079995702,0 77.66254999958829,12.8579030002695,0 77.66272400033741,12.8582439999174,0 77.6623070004467,12.8587670003984,0 77.6624569998514,12.8589170003306,0 77.6634799997265,12.8597949995608,0 77.6635910004337,12.8599249997219,0 77.66369599999319,12.8602110003482,0 77.663756999976,12.8606019996689,0 77.6638379996057,12.8607640000704,0 77.6638619996982,12.8608049998037,0 77.6639490003663,12.8609270000737,0 77.66397600028731,12.8610520003972,0 77.66401299966959,12.8612289996912,0 77.66401399977769,12.8612659998119,0 77.66401499972299,12.8612940003137,0 77.6640210002472,12.8615350003336,0 77.66406700001021,12.8617870001193,0 77.66407600002201,12.8618250003002,0 77.6642269996825,12.8623460000644,0 77.66418799958279,12.8623889996364,0 77.6642329998305,12.8624630000665,0 77.6647090000629,12.8623579996572,0 77.6648480000844,12.8628100002255,0 77.6650489996719,12.8634639997441,0 77.66507699990611,12.8634580001773,0 77.66580600010229,12.8645499997717,0 77.6666400001138,12.8659350001798,0 77.6666590004413,12.8659609998163,0 77.6664210003926,12.8660629997998,0 77.66611699988439,12.8661230001966,0 77.66572099993169,12.8662660003815,0 77.6650209998961,12.8666000004507,0 77.6644839999061,12.8668619997591,0 77.6641610001505,12.8670469997945,0 77.6638390000834,12.867238999697,0 77.66345399962179,12.8674780000826,0 77.6631640002977,12.8676050000151,0 77.6627890001832,12.8677779998208,0 77.6623549998852,12.8679740001666,0 77.66212599988459,12.8680740001912,0 77.66204300019599,12.868114000228,0 77.6619000001789,12.8681949997228,0 77.66151500044489,12.8684270001336,0 77.6613869998256,12.8685350004316,0 77.6611790003022,12.8686949996557,0 77.6610439998981,12.868797000106,0 77.66085999970861,12.8689390000513,0 77.6607540004007,12.8690250003201,0 77.6603190000309,12.8693580001331,0 77.6601499996175,12.8694939997286,0 77.659929000253,12.8696550002038,0 77.6597179995766,12.869809999853,0 77.65948599962481,12.8699899999645,0 77.6592580001072,12.8701389998872,0 77.6591379998241,12.8701909996948,0 77.65862499971109,12.8703669998248,0 77.65856299994719,12.8703540003334,0 77.65851800000431,12.8703529998007,0 77.65801100046041,12.8703810001548,0 77.65793200002619,12.8703920001273,0 77.6579219998754,12.8701219998869,0 77.6579120003573,12.8699520004275,0 77.6579060003768,12.8696510001231,0 77.6579000003029,12.8693720002765,0 77.6578969997811,12.8690919997441,0 77.6573169996358,12.8690909998422,0 77.6573160002487,12.8693769998886,0 77.65732500030261,12.8696509998431,0 77.6573250001878,12.8697499997187,0 77.6572990004174,12.8697529998198,0 77.6570069995435,12.8697570002055,0 77.6568629999837,12.8697579997976,0 77.6568630000137,12.8697490001342,0 77.6568609999422,12.869658000234,0 77.6568609995856,12.8696049996113,0 77.6568610003763,12.8695819999621,0 77.65686000009001,12.8695199998786,0 77.6568599997906,12.8695169996927,0 77.65678899978531,12.869517999728,0 77.6567739998933,12.869255999809,0 77.6567719997325,12.8692349997958,0 77.6568130002871,12.8692330003808,0 77.65679600033759,12.8689910003201,0 77.6568230003722,12.868973000035,0 77.6568250001452,12.8689589996529,0 77.656562000264,12.86888400023,0 77.65633999978439,12.8688200002131,0 77.6563560000729,12.8689749995913,0 77.6562180004063,12.8689890001725,0 77.65618400026629,12.8690199999222,0 77.6560489999203,12.8690349998896,0 77.6560430001462,12.8689869998409,0 77.6559099997308,12.8690020002392,0 77.6558849995515,12.8690039999296,0 77.6558829995855,12.8689809997658,0 77.655861000228,12.868982999751,0 77.6558470001936,12.868983999892,0 77.6556809996502,12.869012000347,0 77.6556770004119,12.868986000376,0 77.6555959998979,12.8689639996756,0 77.655629000337,12.869339999989,0 77.65573099988021,12.8693610000396,0 77.655737999987,12.8694099999653,0 77.6557420003374,12.8694410002399,0 77.65567699987869,12.869429999821,0 77.65566300005101,12.8694269996994,0 77.6556909999989,12.8697249996015,0 77.6553949999129,12.8697429998675,0 77.6552579996128,12.8697500002913,0 77.655114999896,12.8697350004068,0 77.6548269997548,12.8697100002106,0 77.6545230002499,12.8696900004053,0 77.65368800017031,12.8696580003945,0 77.65347899983369,12.8695519999303,0 77.6534590000329,12.8694970001355,0 77.6534149997625,12.8695139996831,0 77.6533340002152,12.869537000313,0 77.6532200000276,12.8695699997055,0 77.6530110003215,12.8696299997925,0 77.6529249997573,12.8696549995876,0 77.65291600027621,12.8696579996682,0 77.6528069998955,12.8694999998223,0 77.6525980000029,12.8695739996101,0 77.6524960003245,12.8696120004014,0 77.65240200005501,12.8696349995839,0 77.6522679996833,12.8696689996759,0 77.6521119997189,12.8696740000452,0 77.6521219995703,12.8696910002266,0 77.65210199990319,12.8698329998117,0 77.6519580002217,12.8698089995651,0 77.651907999839,12.8700210003304,0 77.6516730001365,12.8699859997414,0 77.65158199961689,12.8699710000973,0 77.6514800000904,12.8699530004156,0 77.6514419997376,12.8699469997434,0 77.6511330003633,12.8698930000454,0 77.65102899999459,12.8698749996442,0 77.65098499998081,12.8698669998508,0 77.6508830002464,12.8697279999061,0 77.65077700032759,12.8696120003657,0 77.65070800001691,12.8695119997159,0 77.65069300009451,12.8694290004233,0 77.6506579997543,12.8693819999251,0 77.6505869997866,12.8693379997473,0 77.6503590004266,12.869217999841,0 77.6501590001053,12.8690340003315,0 77.6499260001471,12.8687720002143,0 77.6497500000703,12.8685840002773,0 77.6494769998163,12.8681880001439,0 77.64922200018,12.8682869997072,0 77.6492900003208,12.8686049997907,0 77.6492430002817,12.8686819996803,0 77.64921800016781,12.868686999845,0 77.6491789996257,12.8689770003174,0 77.64913600043189,12.8692900003447,0 77.6491080004385,12.8694989996769,0 77.6490659999656,12.8696910002806,0 77.6490029995787,12.8698499995534,0 77.6488949995975,12.8700169999401,0 77.6486569995897,12.8702890001772,0 77.6485279997828,12.8704709997216,0 77.6485320001286,12.8705510000332,0 77.64850399967099,12.8705529995753,0 77.6477659995431,12.8706019997541,0 77.6474880004053,12.8706500003226,0 77.6468449999378,12.8707589997491,0 77.6467969996425,12.8707680002117,0 77.6465489998895,12.8708099998779,0 77.64652899992021,12.8708139998407,0 77.6463750000202,12.8708460003159,0 77.64608899981449,12.8709029996469,0 77.6460220001531,12.87091799988,0 77.6459849995538,12.8709270002225,0 77.64566300028631,12.8709930001862,0 77.6456250002221,12.8710009996637,0 77.6455839996587,12.8710099996959,0 77.6454710003529,12.8710339997184,0 77.6453759997983,12.8710530000777,0 77.64534000023539,12.8710600000231,0 77.6452690001598,12.8710739997496,0 77.6449199996796,12.8711470000874,0 77.6448080003843,12.8711690004467,0 77.64464700013571,12.8712040004065,0 77.6445629999708,12.8712200003443,0 77.6442809997807,12.8712779999992,0 77.6442419996188,12.8712860003521,0 77.6439579996073,12.8713450000683,0 77.6438450004346,12.8713680002724,0 77.6436359997421,12.8714110004428,0 77.64335200024151,12.8714699995463,0 77.6430649996871,12.8715289997351,0 77.6426639998178,12.871611999591,0 77.64147100036131,12.8717779998849,0 77.64137800018641,12.8717899998876,0 77.641304000362,12.8718409999872,0 77.64084499997919,12.8721550003164,0 77.6406919995423,12.8722560000218,0 77.64070400026471,12.872311999762,0 77.6406410000767,12.8723310002777,0 77.6405790004318,12.8723489996533,0 77.64052500002479,12.8723650004415,0 77.6404990004261,12.8724619996581,0 77.6404840002246,12.8725199998149,0 77.64047399989251,12.8725589996453,0 77.6404470000551,12.8726580000612,0 77.6404239999613,12.8727429997654,0 77.64041399961761,12.8727819995964,0 77.6403740004374,12.8729310001825,0 77.6403560001965,12.8729969995611,0 77.6403449998575,12.8730360004388,0 77.64032999994571,12.873094999766,0 77.6403069995673,12.8731819996249,0 77.64029599955239,12.8732219996711,0 77.64027700043459,12.8732939996313,0 77.6402520002686,12.8733870002234,0 77.6402449999119,12.873410000237,0 77.640254999577,12.8734870000636,0 77.6402669996673,12.8735840001925,0 77.64027800013289,12.8736739999337,0 77.6402839997877,12.873724000112,0 77.6402899996789,12.8737720001375,0 77.6402639996559,12.873776999711,0 77.640348000282,12.8742830002317,0 77.6403669998371,12.8743460004099,0 77.6402599999581,12.8746749997219,0 77.6401659997136,12.8749659997506,0 77.640061000401,12.87528699998,0 77.6398220002923,12.8760929997398,0 77.6396510000356,12.8763929996872,0 77.6395869999123,12.8765039999778,0 77.6394630003158,12.8767390000416,0 77.63928300044751,12.8770130001146,0 77.6390999997685,12.8772749996562,0 77.6388379996034,12.8775990004513,0 77.6385060001431,12.8780680001665,0 77.6382330004221,12.8784390003148,0 77.6381429998889,12.8785639996991,0 77.6380620004096,12.878680999916,0 77.6379740000913,12.8787579998515,0 77.63763000015039,12.8788690003867,0 77.6375440002228,12.8788930003965,0 77.6375490003078,12.878934000142,0 77.63737100019419,12.8792420000591,0 77.63750899958259,12.8793250002911,0 77.6375259998583,12.8793330003885,0 77.6371759997856,12.879882999784,0 77.6371959995714,12.8801220000533,0 77.6372299996541,12.8804290000031,0 77.63723499982051,12.8804510001041,0 77.6370919997216,12.8804639997535,0 77.6371020000971,12.8805519997276,0 77.63711200014841,12.8806389996262,0 77.63713999981771,12.8808929999528,0 77.6371479996627,12.8809629997173,0 77.63715599979299,12.8810420001677,0 77.6371670001276,12.8811350003754,0 77.6371710001515,12.8811730000328,0 77.63717399997481,12.8812050002717,0 77.6371809997366,12.8812719999377,0 77.63718100007451,12.881273000011,0 77.6371810002515,12.8812789995657,0 77.6372170000506,12.8816409997997,0 77.63723400005701,12.8818139998798,0 77.6372850003372,12.8818130000292,0 77.6372820001472,12.8818590003505,0 77.6372899996053,12.8820500003238,0 77.6373120003296,12.8822949997723,0 77.6373290001242,12.8824260002232,0 77.637360999872,12.8825009997367,0 77.63724999991121,12.8826370001557,0 77.6371970004479,12.882904999958,0 77.6372319997684,12.8831250002284,0 77.63737099987139,12.883401000276,0 77.63737199990631,12.8834010001368,0 77.63738699957599,12.8833930001567,0 77.6374060001733,12.8836880001608,0 77.6374040001012,12.8836880004398,0 77.6368949995814,12.883715999746,0 77.6366970003583,12.8837269996716,0 77.635725999889,12.8837659996969,0 77.6354019998094,12.8836569997042,0 77.6348710000337,12.8834189997586,0 77.6341809997662,12.8829979997748,0 77.6341669996351,12.883002000052,0 77.6342139998949,12.8832200004285,0 77.63419000017851,12.8833109997843,0 77.6346190000726,12.8839440001759,0 77.634792000217,12.8840599995818,0 77.6351019997899,12.8844429999972,0 77.63521499955429,12.8847939998764,0 77.6352380003935,12.8854469997885,0 77.6352630002456,12.8861920002255,0 77.6352309998385,12.8863749997369,0 77.6351329997007,12.8868919996653,0 77.6350009999494,12.8874190003844,0 77.6348949998231,12.8877039995985,0 77.6349170001096,12.8877150002481,0 77.6349130001842,12.8877379998594,0 77.6348479998825,12.8878640002247,0 77.634585000244,12.8879400001923,0 77.63457399954061,12.8879369996037,0 77.63460100027029,12.8877350001384,0 77.6345809999991,12.8877319998226,0 77.63434600017101,12.8876969998158,0 77.6341940000798,12.8876749997905,0 77.6340980002404,12.8876610002864,0 77.6339890002596,12.8876459996342,0 77.6338790002378,12.8876309999663,0 77.6337699999449,12.8876150000455,0 77.63366099998611,12.887600000152,0 77.6335509999768,12.8875850003383,0 77.63344200002609,12.8875700003485,0 77.63333200002489,12.8875550004375,0 77.6332359996142,12.8875419997804,0 77.633126999675,12.8875269996519,0 77.6330169996853,12.887511999601,0 77.6329079997637,12.8874970002794,0 77.6327979997821,12.8874820001313,0 77.6326889998591,12.8874669998099,0 77.6325789995703,12.8874510003915,0 77.6324699996559,12.8874359999737,0 77.63236099975499,12.8874210004112,0 77.632250999794,12.88740600002,0 77.6321890001811,12.8873979997121,0 77.63201400013899,12.8873740000854,0 77.6319020000453,12.8873560004461,0 77.6319050000087,12.8874500003889,0 77.6319069999642,12.8875039999571,0 77.6319109997229,12.8876429997707,0 77.63181599984649,12.8876459997401,0 77.63172800036359,12.887648999733,0 77.63172999964129,12.8877669999333,0 77.6317299997159,12.8878390002887,0 77.63166800010551,12.8878399996926,0 77.6316699995751,12.8879500001563,0 77.631565999636,12.8879520001554,0 77.6314880002912,12.8879539997101,0 77.6314929999764,12.8880959996896,0 77.63140000002051,12.8880990002044,0 77.631365000138,12.8881030001826,0 77.6313800002617,12.8885469997841,0 77.6313970002862,12.8888889999573,0 77.63140599964819,12.8891870002556,0 77.6314320001031,12.8891889999967,0 77.631540000027,12.8891960001975,0 77.63164000036021,12.8892030004136,0 77.63168599964069,12.8892059996056,0 77.6317739998113,12.8892120002415,0 77.63186899981859,12.8892190000751,0 77.63191500002689,12.8892220001198,0 77.6321329999718,12.8892359998184,0 77.6321789995808,12.8892399999011,0 77.63228199977129,12.8892460003201,0 77.63240400029051,12.8892550003842,0 77.6324499995722,12.8892580003413,0 77.6325590004529,12.8892649999756,0 77.6326829998418,12.8892729995883,0 77.6327290000506,12.8892760003891,0 77.6328390003918,12.889283999863,0 77.6329550001993,12.8892920003444,0 77.63300100039579,12.8892950001927,0 77.6330540001123,12.8892980000552,0 77.6331060002766,12.8893109999169,0 77.6332169995441,12.8893379997089,0 77.6333060004076,12.889360000039,0 77.63328399976911,12.8894099995738,0 77.63322900040581,12.8895179997532,0 77.6331730000185,12.8896260000666,0 77.63332399955971,12.8896819996893,0 77.6333039999664,12.8897319998665,0 77.633256999701,12.8898469995997,0 77.6332090004579,12.8899710001601,0 77.6332069995991,12.8899800002318,0 77.6330459998857,12.8899710001413,0 77.6328770000484,12.8899210004217,0 77.6328110004294,12.8902199999371,0 77.6327469998171,12.890620000001,0 77.6327730000567,12.8908769999262,0 77.6328329997929,12.8916189996115,0 77.6328240000631,12.8919359996611,0 77.6328290001901,12.8922519996482,0 77.6328020003353,12.8922529995625,0 77.6328059997163,12.8922670001662,0 77.6328340001602,12.8923600003307,0 77.63269999982209,12.8924009999139,0 77.6326839996012,12.8924040003859,0 77.63266599959429,12.892352000363,0 77.6326480002043,12.8923580004129,0 77.6325240001884,12.8923950001243,0 77.63233399966199,12.8924600004063,0 77.63230699988711,12.8924669998468,0 77.6321249996882,12.8924920003153,0 77.6321150003495,12.892454000341,0 77.6320950003188,12.8923709998451,0 77.6320860002055,12.8923359999895,0 77.6320769997692,12.8923000000566,0 77.63206199994799,12.8922389997766,0 77.631995000034,12.8922349996847,0 77.6319129995812,12.8922299995592,0 77.6318299999825,12.892225000426,0 77.6317539999814,12.8922200004041,0 77.63169499974489,12.8922160001504,0 77.63162199996439,12.8922109997164,0 77.63156700035771,12.8922079999173,0 77.6315080001187,12.8922039996203,0 77.63144400042719,12.8921999999164,0 77.63123500032491,12.8921859999171,0 77.631133999615,12.8921789998868,0 77.6310750003004,12.8921750003834,0 77.6310080003685,12.8921710000321,0 77.6309600003638,12.8921680001638,0 77.63083099963561,12.8921589996141,0 77.63070899976761,12.8921510000404,0 77.6306559999756,12.8921469997267,0 77.6303989999391,12.892138999833,0 77.6303779995753,12.8921399996937,0 77.6303689998347,12.892627999603,0 77.63023900028431,12.8926440000289,0 77.6302320001579,12.892627999561,0 77.6301849998864,12.8925230002143,0 77.6301339995937,12.8924130000131,0 77.6300079999952,12.8922130003633,0 77.6299289996242,12.8920479997999,0 77.6298999995943,12.8920199999991,0 77.6297989998161,12.8920130003266,0 77.6297449997938,12.8919910002793,0 77.62945200018601,12.8917239995998,0 77.6294370001915,12.8915519999181,0 77.6293379999108,12.8909440003558,0 77.6293119995841,12.8908549996421,0 77.6291130000901,12.8907110003758,0 77.6290760003148,12.8906759998558,0 77.62902500038381,12.8905640000041,0 77.62902500023949,12.8905369995976,0 77.6287599999057,12.89016400028,0 77.62867599982749,12.8901470000373,0 77.6286550000039,12.8895999997732,0 77.6286429999509,12.8892040000906,0 77.6287390002536,12.8888129998204,0 77.62879099988029,12.8888010003566,0 77.6289079996308,12.8887790001269,0 77.6289920001104,12.8887840002903,0 77.6290190000707,12.8884670001706,0 77.6290849996838,12.8877880003458,0 77.62908199969139,12.8877529996078,0 77.62857199966091,12.888103000174,0 77.62799300044431,12.8881019999245,0 77.6279369997212,12.8881139996455,0 77.62703900019589,12.8883190002694,0 77.6270310002937,12.8883210003544,0 77.62698900034231,12.8883299999981,0 77.6269489996123,12.888336000091,0 77.6267629998316,12.8883729995921,0 77.62678700031699,12.888509999588,0 77.62661199994309,12.8885340004159,0 77.6266050000919,12.8885360003878,0 77.6266440000031,12.8887200001248,0 77.6266360000832,12.8887220002006,0 77.6265670004169,12.8887319999017,0 77.6264900001832,12.8887479999996,0 77.62647699986751,12.8886639996805,0 77.6261339997351,12.8887169996727,0 77.6261179995853,12.8886029997929,0 77.6261170001939,12.8885960001999,0 77.6256150000943,12.8886659995487,0 77.6256019997885,12.8885500000366,0 77.62461999982661,12.8886009997463,0 77.6243399999267,12.8885609998247,0 77.6242180001986,12.888554999736,0 77.6238160001954,12.8885330002417,0 77.6236809996586,12.8885400003936,0 77.6233819996268,12.8885869995841,0 77.62333699953859,12.8885939996705,0 77.62311400014831,12.8886259995473,0 77.6228310002584,12.8886740004343,0 77.6214749996597,12.8888320003045,0 77.6213569999459,12.8886519995629,0 77.62115399956009,12.8886809995531,0 77.6209720002864,12.88870900033,0 77.6205350003881,12.8887760000945,0 77.62046500037,12.8887870002048,0 77.619942999698,12.8888779996447,0 77.6196499996354,12.8885899997395,0 77.6194659995937,12.8884140004396,0 77.6193119997249,12.8882030001632,0 77.61927900034171,12.8881389995649,0 77.61920799989601,12.8879650000378,0 77.61916300032389,12.8878349998082,0 77.6190809997244,12.8875840004464,0 77.6190210000735,12.8874669996927,0 77.6189360000827,12.8872930001072,0 77.6189129999219,12.88723299998,0 77.618884000224,12.8871589999173,0 77.6188429999591,12.8870480000935,0 77.6187990000069,12.8869009999458,0 77.6187549995452,12.8867690002272,0 77.6186810001291,12.886492999579,0 77.61861200033211,12.8862170003417,0 77.61853999987061,12.8859349998232,0 77.6184249998077,12.8854969998684,0 77.618343000328,12.8851839997899,0 77.6182239999066,12.8847349997838,0 77.6180399997985,12.8847419999186,0 77.6179820002482,12.8847420001035,0 77.61788300010831,12.8847449996104,0 77.61780800045931,12.8842959999685,0 77.6177689999182,12.8840140004321,0 77.6177469996888,12.8836729998556,0 77.617746000067,12.8832239998749,0 77.6177359999122,12.8830349996375,0 77.6177250001189,12.8826779995765,0 77.6177129998085,12.8824600004354,0 77.61772499988091,12.8822850000677,0 77.6177320000244,12.8820050004241,0 77.6176870004192,12.8818089998936,0 77.6177120003718,12.8818010003219,0 77.6177929998219,12.8817709997752,0 77.6178529996378,12.8817460000726,0 77.617942999985,12.8817110002653,0 77.6180450004355,12.8816710001197,0 77.61817000041179,12.8816220003717,0 77.6182820001556,12.8815780000563,0 77.6184070000205,12.8815290002125,0 77.6184859998463,12.8814980004201,0 77.6185690002076,12.8814650001603,0 77.61866000035479,12.8814300000782,0 77.61873400041939,12.8814009998243,0 77.6188170000473,12.8813689995945,0 77.618913999569,12.8813309996789,0 77.6189970003373,12.8813000003819,0 77.61894000043669,12.8811840000808,0 77.61890499989271,12.8811629996214,0 77.61871099982341,12.8805599996649,0 77.6187149999797,12.8805249998623,0 77.6187000000688,12.8804680002194,0 77.61868500042149,12.8804119997583,0 77.6186689999643,12.8803530000009,0 77.6186539998177,12.8802950002632,0 77.61863900033789,12.8802360004263,0 77.6186130002134,12.8801409998635,0 77.6185969999333,12.8800789998221,0 77.6185810001902,12.8800189999531,0 77.61856400002679,12.8799610003305,0 77.6185619996934,12.8799529997402,0 77.61854100034699,12.8798669996419,0 77.6185240002218,12.8798020002837,0 77.6185140003106,12.8797650002914,0 77.61849999975639,12.8797120000182,0 77.6184830001751,12.8796489999246,0 77.61844299983289,12.8794979996689,0 77.6184349999979,12.8794749999029,0 77.61852899996831,12.8794660003427,0 77.61852499972321,12.8794479998779,0 77.6184999999127,12.879304000204,0 77.61847500000241,12.8791629998898,0 77.6184669998277,12.879121000216,0 77.6184489998511,12.8790210004455,0 77.6184350001098,12.8789390002368,0 77.61840599998671,12.8789280001652,0 77.6183960003131,12.8788279998774,0 77.6183700000159,12.8786850003189,0 77.6183329998384,12.8784090002392,0 77.6182859997944,12.8781270002087,0 77.6182360002914,12.8777650003025,0 77.61817199995239,12.8774430003241,0 77.6184199997311,12.8774310002793,0 77.618426999558,12.8774189996654,0 77.6181990002945,12.8769889999661,0 77.6179520004299,12.8764939996589,0 77.61789900004931,12.8763860002095,0 77.61775400027889,12.8759930000496,0 77.61712200045081,12.8760870004366,0 77.6166580002422,12.8761600001476,0 77.6163480001933,12.8761989995715,0 77.61596400024609,12.8762459995959,0 77.6157279999034,12.8762670000574,0 77.6154309998889,12.8762620000255,0 77.61515700007,12.8763120000351,0 77.6151569996409,12.8762840001474,0 77.615162999915,12.8761120001297,0 77.615167999684,12.8759680000572,0 77.615184000425,12.8755339995896,0 77.615379999837,12.8755260001971,0 77.6154030003174,12.8755259999718,0 77.61537700005761,12.8748859996438,0 77.6156840003338,12.8748680001149,0 77.61566999960679,12.8741179999689,0 77.6156440003831,12.874119000421,0 77.6153109995966,12.8740990001587,0 77.61534600041929,12.8739420001551,0 77.6153549996786,12.8738970000693,0 77.6153710000671,12.8738110003465,0 77.6153789998436,12.8737229999212,0 77.61538299981829,12.8736849998137,0 77.6153839999814,12.873565000357,0 77.6153840000942,12.8734750001221,0 77.6154509997294,12.8734700000935,0 77.6154559999993,12.8733390003314,0 77.6154649999054,12.8731950000785,0 77.61547199978151,12.8731150004464,0 77.6154749998508,12.8730850002266,0 77.6155430001244,12.8730830004183,0 77.615551999562,12.8728920003285,0 77.6155189998919,12.8728909999935,0 77.61534099957019,12.8728859997864,0 77.6153459998897,12.8727509996409,0 77.615349000251,12.8726540004125,0 77.6153510002073,12.8725970004381,0 77.61535499968311,12.8724849997764,0 77.61535599962581,12.8724620003011,0 77.6153599997055,12.87230700015,0 77.6153610004594,12.8722759999223,0 77.61532700018201,12.8722759996937,0 77.61532499959419,12.8722130002533,0 77.6153010003304,12.8719020004097,0 77.6152839999349,12.8717489995948,0 77.6152350001427,12.871579999636,0 77.61518300002921,12.8714360003163,0 77.6151219996177,12.8712220002722,0 77.61509300023771,12.871122000363,0 77.61506599971889,12.871104999983,0 77.6149929997361,12.8711100000688,0 77.61445999991111,12.8712120000937,0 77.6140410002167,12.8712719995824,0 77.6139570000572,12.8712769998394,0 77.61395899975651,12.8712640003452,0 77.61395800019071,12.8712269996095,0 77.6139580002755,12.8712040001544,0 77.61387200009371,12.8712050000843,0 77.6137339996496,12.8712060002356,0 77.6137189998081,12.8712070000154,0 77.6136990000326,12.8709700001312,0 77.61369700045439,12.8709210001009,0 77.6136559996732,12.8703230003859,0 77.6136559998773,12.8702689998043,0 77.6136640002496,12.870247000127,0 77.61362999966219,12.8702289997382,0 77.6136250000748,12.8701679995869,0 77.6136159995994,12.8700599996756,0 77.6136119998654,12.8700139999986,0 77.6135989998545,12.8698449998901,0 77.61359800026401,12.8698310004084,0 77.6135869997745,12.8697069999572,0 77.61358000013,12.8696179999402,0 77.6135640001478,12.8694289998474,0 77.61356199961089,12.8694069996554,0 77.6135200004146,12.8694140000714,0 77.61352000032851,12.8693899996102,0 77.6135089999234,12.8691869998022,0 77.613504000343,12.8690940002233,0 77.6134999996367,12.869008000376,0 77.61349599965369,12.868932999754,0 77.61349199972339,12.8688700002657,0 77.6134869996756,12.8687630002661,0 77.6134820003674,12.8686709998698,0 77.6134740002545,12.8685200003312,0 77.61346900007059,12.868435999794,0 77.6134650003653,12.8683540003072,0 77.6134590001564,12.868246000243,0 77.6132759999865,12.8682600000023,0 77.6132719997196,12.8682150003988,0 77.61332300030411,12.868215000386,0 77.61332200035611,12.8681039998412,0 77.6131869995895,12.8673309999371,0 77.6131860002872,12.867322000014,0 77.6131460000058,12.867339000297,0 77.6131259999714,12.8673539996975,0 77.6131240004499,12.8673439997152,0 77.6130540000534,12.8670509995683,0 77.61304300042789,12.8670039999871,0 77.6129879995969,12.8667729997579,0 77.6129479996337,12.8667630001369,0 77.61292099974121,12.8663799998258,0 77.61289400028831,12.8659940001015,0 77.61158700031081,12.8661309999704,0 77.61161500018839,12.86654400004,0 77.61185500044751,12.8665130001916,0 77.61185500033829,12.8665330003041,0 77.6118949998144,12.86689300024,0 77.6118999995759,12.8669289999332,0 77.6113809997025,12.867469999813,0 77.6113839999405,12.867499999903,0 77.61058800003509,12.8675809996842,0 77.61059099959149,12.8674830000693,0 77.6105829997817,12.8674000003633,0 77.610493999808,12.8669989998349,0 77.6104130000388,12.8668790000666,0 77.6103949999095,12.8668650000375,0 77.6103659996236,12.866853999653,0 77.6100929997515,12.8668549996591,0 77.6097790000492,12.8668679996092,0 77.6094500000529,12.8668880001724,0 77.60916200030159,12.8668899996071,0 77.6085929995625,12.8669109999962,0 77.6085449998352,12.8671319999182,0 77.60852500037571,12.8673510000828,0 77.60849600035461,12.867515000421,0 77.6084989999059,12.8678080002571,0 77.6085369998127,12.8680379996182,0 77.60853900014079,12.8682169999944,0 77.60851600031459,12.8683299997444,0 77.60847299967961,12.8684390003597,0 77.6084110001064,12.8685660003475,0 77.6083979995562,12.8685849997322,0 77.6083589997551,12.8686419996726,0 77.6083159997835,12.8689279996104,0 77.6084260002625,12.8695350004167,0 77.60856999979821,12.8696819995812,0 77.60857499969021,12.8696900002743,0 77.60856200007851,12.869691999804,0 77.6085170003242,12.8696980003154,0 77.60837099999689,12.8697199996946,0 77.6083499996608,12.8697230003654,0 77.6084039996622,12.8698430003469,0 77.6084460000732,12.8699950000498,0 77.6084939999412,12.8701869999403,0 77.6085519998727,12.8703699996374,0 77.60863100032719,12.8705500004057,0 77.6082029996702,12.8706629995889,0 77.60776600042711,12.8707809996682,0 77.60756100025181,12.8708399997095,0 77.6074140000224,12.8708970003549,0 77.6073749997767,12.8708579997922,0 77.6071719999273,12.8707919997925,0 77.60687900007061,12.8704679995677,0 77.6067540002511,12.8701089997714,0 77.60655699959079,12.8698479995565,0 77.60645399991461,12.869843000161,0 77.6062939996247,12.8695939995535,0 77.6061040002772,12.869249000296,0 77.6059270000061,12.8693089996607,0 77.6053990004371,12.8685130002715,0 77.6051120000097,12.8682619999305,0 77.6050210000456,12.8681739995678,0 77.6049159997003,12.8675909998916,0 77.6048819996262,12.867291999642,0 77.6048230003431,12.8671309997967,0 77.60465299960531,12.8657699998592,0 77.604534999603,12.8652769996887,0 77.6045220003862,12.8651050003281,0 77.60451299974309,12.8649399998799,0 77.6039580000236,12.8649420001571,0 77.6036939998846,12.8646099998514,0 77.6036459998314,12.8645820004244,0 77.60356399958241,12.8645940004063,0 77.6035859997175,12.8652149996782,0 77.603642000107,12.8653119998272,0 77.6028269997168,12.8666999996866,0 77.60239299986409,12.8667729998687,0 77.6022600003531,12.8667330001773,0 77.6022529997604,12.8667049999601,0 77.6021850004179,12.8664300000323,0 77.6021679998849,12.8663919996001,0 77.6021180001799,12.8663920000778,0 77.6021169997712,12.8663650000043,0 77.6021109996685,12.8661609997312,0 77.60204500030071,12.8661669997575,0 77.60197200005101,12.8661729997116,0 77.6019570003338,12.8661739996725,0 77.60187700030539,12.8661809996364,0 77.6018609996719,12.8661819995913,0 77.60178799958869,12.8661889995972,0 77.60167199959049,12.8662000004554,0 77.60158499993091,12.8662089995595,0 77.6014630001164,12.8662210003654,0 77.6013110000715,12.8662360001749,0 77.601206999913,12.8662470000731,0 77.60077100013901,12.8662909998882,0 77.6007220002967,12.8663159999986,0 77.6004119997957,12.8663200004289,0 77.6001870002965,12.8663219998408,0 77.60015899969009,12.8663230004053,0 77.60002099957801,12.8663240000594,0 77.59988799960701,12.8663259998297,0 77.59986100007769,12.8663279995701,0 77.59915600011929,12.8666920003142,0 77.5991570002561,12.8668089999745,0 77.5991569999434,12.8668599999139,0 77.5991590004043,12.8669840003242,0 77.5991609999071,12.8671130003644,0 77.5991610002184,12.8671569995614,0 77.59916200021161,12.8672359997459,0 77.59906199971979,12.8672330002005,0 77.59897900013451,12.867230000044,0 77.59890099980041,12.8672280000748,0 77.5988789996334,12.8672270004279,0 77.5988599996319,12.8672270000405,0 77.5987850002137,12.8672250000885,0 77.5986979996955,12.867221999768,0 77.5985940000993,12.8672189999484,0 77.5984390001432,12.8672139996636,0 77.5983619997868,12.867211999554,0 77.5982850001848,12.8672090002118,0 77.5981120002041,12.8672040002262,0 77.5980579998389,12.8672019996577,0 77.59805600027209,12.8672909999885,0 77.59805700038009,12.8676209996878,0 77.5980559997809,12.8676930000591,0 77.59804500042659,12.8679180001084,0 77.59804899965771,12.8680050003754,0 77.5980399995946,12.8680210000546,0 77.59802799962971,12.8680430002982,0 77.59794900036761,12.8681839998304,0 77.59785500020929,12.8683530001683,0 77.59783999991841,12.8684219998977,0 77.5977599998308,12.8689429998953,0 77.59772900014011,12.8690380001942,0 77.5977149998901,12.869075000174,0 77.59766099961119,12.8691300002146,0 77.5975880003507,12.8691650003748,0 77.5973979999726,12.8692539997954,0 77.597261999639,12.8694119996579,0 77.5971809998676,12.869619999854,0 77.5970399997028,12.8699780000268,0 77.59691299997171,12.8704049997564,0 77.59673699984219,12.8710880002019,0 77.59659200004999,12.87165800027,0 77.596499000393,12.871978000345,0 77.5962270002652,12.8727050003,0 77.59613599966811,12.8728190001148,0 77.5958569999062,12.8729109996125,0 77.5955070001726,12.872981999958,0 77.5948419995989,12.8730599998936,0 77.59464299957951,12.873091999688,0 77.59435799977361,12.8731859995652,0 77.5939189996446,12.8732540000433,0 77.5933059998108,12.873221999668,0 77.5931760001136,12.8725420001788,0 77.5924579996792,12.8716650002623,0 77.5924250001368,12.8716059996403,0 77.5927099997633,12.8710609997001,0 77.5927649998055,12.8710239997213,0 77.5927180004502,12.871009999864,0 77.5926580002272,12.870997999686,0 77.5918259998703,12.8711859999102,0 77.59172700016011,12.8712079997105,0 77.5916610004293,12.871187999955,0 77.5898340001043,12.8702909998959,0 77.5894660002466,12.8701089996165,0 77.5890080000852,12.8698790000428,0 77.5881490001411,12.8694470000789,0 77.5879940004494,12.8693710002439,0 77.5879899995753,12.869336999786,0 77.5875390001202,12.8690859996866,0 77.58739999993929,12.8689089998227,0 77.5873170004558,12.868793999595,0 77.58730100015531,12.8687719997001,0 77.58711899962159,12.8685220003374,0 77.5871040004124,12.8685009996877,0 77.5870130000981,12.868377999701,0 77.5869959997121,12.8683549995995,0 77.5868830003005,12.8682040003404,0 77.58686700019879,12.8681829996129,0 77.58679500008699,12.8680870002122,0 77.5867200002821,12.8679860000097,0 77.5867019998135,12.8679619996995,0 77.58662000009041,12.8678909996961,0 77.5865850001321,12.8678430000146,0 77.5865260002803,12.8677610002558,0 77.5864590001778,12.867669999815,0 77.5864409997683,12.8676460003807,0 77.5863830001427,12.867564999848,0 77.5863179996809,12.8674699999375,0 77.5863000002125,12.8674459995754,0 77.5862460001306,12.8673750004156,0 77.5861749997822,12.867288000048,0 77.5861649996842,12.8672580004469,0 77.58608399968109,12.8671439998741,0 77.5873340003525,12.8667649999476,0 77.58742100011079,12.8667299998023,0 77.5878079999127,12.8665679998473,0 77.5878300003006,12.8665629997638,0 77.5878290000434,12.8665610003803,0 77.58782299965389,12.8665439998881,0 77.5876299998523,12.8659280000209,0 77.58752499988481,12.86553999982,0 77.58755200033541,12.8655360002127,0 77.5877010000024,12.8654959998935,0 77.5876610003161,12.8654049996442,0 77.58764599964,12.8653419996695,0 77.58775299965529,12.8653129996713,0 77.5878089998718,12.8652930000961,0 77.5879249998535,12.8652569998195,0 77.5879009997159,12.8651770000759,0 77.58788899998549,12.8651360000855,0 77.5878700003349,12.8650739999773,0 77.58798799982721,12.865035000389,0 77.588011000222,12.8650239996993,0 77.58799600039001,12.8649750004273,0 77.5880200003772,12.864968000258,0 77.5881309999416,12.8649230003972,0 77.5881139999604,12.8648729999935,0 77.5882489996864,12.8648230001406,0 77.5883139998629,12.8647970003709,0 77.58846900036551,12.8647399999684,0 77.5884929997931,12.8647290002197,0 77.5884449995465,12.8646200003045,0 77.5884200002277,12.8645680001007,0 77.58833199989429,12.8643499997992,0 77.5883559996886,12.8643420004036,0 77.5884789997905,12.8642900004111,0 77.5884600000951,12.8642350002444,0 77.5886290004385,12.8641660002388,0 77.588657999907,12.8641560000035,0 77.5886969999038,12.8642490002388,0 77.5887170000799,12.8642370001134,0 77.5887929996009,12.8641939999301,0 77.5888690000137,12.8641509997205,0 77.5888989999946,12.8641310001975,0 77.5889509995812,12.8640950002094,0 77.58897499996711,12.8640779997463,0 77.5890200003647,12.8640479999912,0 77.58904599968589,12.8640300004455,0 77.58909500042201,12.8639959995652,0 77.5891350002957,12.8639689998369,0 77.5891720003107,12.8639430000354,0 77.5892039999603,12.8639210003843,0 77.5892630003241,12.8638849998566,0 77.5892460002342,12.8636960002003,0 77.5892289996725,12.8635169998574,0 77.58926300032419,12.8635170000803,0 77.58924700026169,12.863446000181,0 77.5892259999744,12.8633520001066,0 77.5899549999781,12.8628539998286,0 77.58990299965279,12.8626760003966,0 77.590333000413,12.8624349998689,0 77.5906500000759,12.8622480003703,0 77.5906899997477,12.8622430002235,0 77.59131799974379,12.8621820003088,0 77.5914739998059,12.8621529998811,0 77.5918420002677,12.8620330001875,0 77.59219499967411,12.8619649996192,0 77.59219799974009,12.8619979997946,0 77.5922059996371,12.8620689998944,0 77.592213999702,12.8621539997285,0 77.5922249995586,12.8623020003353,0 77.59234000024949,12.8623060000956,0 77.59234400029629,12.8623579996971,0 77.59235199980481,12.8624449997413,0 77.5924510002711,12.8624390002713,0 77.5924459996307,12.8623830001929,0 77.59257599959901,12.8623770003787,0 77.5927070004452,12.8623709996363,0 77.59273399989689,12.8623699999084,0 77.5927620002541,12.862369000216,0 77.5928810003382,12.8623629997315,0 77.5929979996717,12.8623580001218,0 77.59305300037479,12.8623559997289,0 77.5931770003542,12.8623500002471,0 77.5932969995952,12.8623449997401,0 77.593352000141,12.8623420000808,0 77.5933479996568,12.8622759999073,0 77.5934829998553,12.8622669995506,0 77.59359499993769,12.8622610002475,0 77.59365000044021,12.8622579996263,0 77.5937819998741,12.8622500000071,0 77.5938810001236,12.8622440000174,0 77.5939410003853,12.8622400003484,0 77.59397999961369,12.8622330003569,0 77.5940779996818,12.8622319998951,0 77.5942119997819,12.8622230000327,0 77.59424000010161,12.8622160004367,0 77.59444799990671,12.8621590001243,0 77.5948499998695,12.8620780002681,0 77.59499699960941,12.8626480000014,0 77.595074000203,12.8630099996594,0 77.59522800033631,12.863331999603,0 77.5952600004169,12.8634000000044,0 77.5952729997598,12.8634439998237,0 77.59530000016029,12.8635370000175,0 77.5953320002734,12.8636460003105,0 77.5953979997107,12.8636650002502,0 77.5954900000862,12.8634869997217,0 77.59551399976129,12.863440000036,0 77.5957199997661,12.8630370000857,0 77.59574299956481,12.8629970002071,0 77.5958469999925,12.8627940000782,0 77.5959049997761,12.8626819999963,0 77.5959209999769,12.8626499998205,0 77.59601900029659,12.8624530001065,0 77.5961010003187,12.8622879996581,0 77.5961170003266,12.8622550002764,0 77.5962009995723,12.8620860003685,0 77.59622300043181,12.862094000166,0 77.5959489998412,12.8609529997157,0 77.5959300000337,12.8608810003069,0 77.5959060004448,12.8607919997824,0 77.5958820004148,12.8606999998368,0 77.595857000275,12.8606069997419,0 77.59582400043359,12.8604849998302,0 77.5957540002121,12.8605019999782,0 77.5957400001016,12.8605049997826,0 77.5956869996343,12.860244999565,0 77.59532700033751,12.8595370004173,0 77.5953859995891,12.8595070004044,0 77.5953340001403,12.8594230001022,0 77.59520199960239,12.8592079995726,0 77.5950620001353,12.8590209998251,0 77.59507799982769,12.8590100001919,0 77.5951820004536,12.8589380002193,0 77.5951950003698,12.8589340003122,0 77.59514799984009,12.8587820000065,0 77.59505299997291,12.8586360001603,0 77.59499300020489,12.8585459996588,0 77.5949729997191,12.8585020003819,0 77.5948659998048,12.8582110004378,0 77.5948439996874,12.8580340001528,0 77.5947900002393,12.8579089996224,0 77.5947080000273,12.8576179996903,0 77.5946370002803,12.8574299996366,0 77.59460000007169,12.8572340001704,0 77.59457300025799,12.8572099999818,0 77.59457900027439,12.8571930002012,0 77.5946610004054,12.8571709995943,0 77.59443100018611,12.8560950003953,0 77.5943960000603,12.8559340002121,0 77.5943530002815,12.8559170000033,0 77.5942920003411,12.8558999998633,0 77.59412799962671,12.8548029997062,0 77.5941500000296,12.8547810001462,0 77.5942479999523,12.8547609998758,0 77.5941810002265,12.8542650002945,0 77.59403000040631,12.8531520003624,0 77.593997000211,12.8530420002437,0 77.5939390003107,12.8528470003983,0 77.59390600007551,12.8527360001424,0 
						</coordinates>
					</LinearRing>
				</outerBoundaryIs>
			</Polygon>
		</Placemark>
	</Document>
	<Document>
		<name>Ward No. 193.kml</name>
		<StyleMap id="m_ylw-pushpin8">
			<Pair>
				<key>normal</key>
				<styleUrl>#s_ylw-pushpin8</styleUrl>
			</Pair>
			<Pair>
				<key>highlight</key>
				<styleUrl>#s_ylw-pushpin_hl8</styleUrl>
			</Pair>
		</StyleMap>
		<Style id="s_ylw-pushpin8">
			<IconStyle>
				<scale>1.1</scale>
				<Icon>
					<href>http://maps.google.com/mapfiles/kml/pushpin/ylw-pushpin.png</href>
				</Icon>
				<hotSpot x="20" y="2" xunits="pixels" yunits="pixels"/>
			</IconStyle>
			<LineStyle>
				<color>ffffff55</color>
				<width>3</width>
			</LineStyle>
			<PolyStyle>
				<fill>0</fill>
			</PolyStyle>
		</Style>
		<Style id="s_ylw-pushpin_hl8">
			<IconStyle>
				<scale>1.3</scale>
				<Icon>
					<href>http://maps.google.com/mapfiles/kml/pushpin/ylw-pushpin.png</href>
				</Icon>
				<hotSpot x="20" y="2" xunits="pixels" yunits="pixels"/>
			</IconStyle>
			<LineStyle>
				<color>ffffff55</color>
				<width>3</width>
			</LineStyle>
			<PolyStyle>
				<fill>0</fill>
			</PolyStyle>
		</Style>
		<Placemark>
			<name>Ward No. 193.kml</name>
			<styleUrl>#m_ylw-pushpin8</styleUrl>
			<Polygon>
				<tessellate>1</tessellate>
				<outerBoundaryIs>
					<LinearRing>
						<coordinates>
							77.5950090001467,12.891099000005,0 77.5946849997425,12.8911459998818,0 77.5945699997299,12.8911630003619,0 77.5939899997429,12.8912429995904,0 77.5939649998099,12.8912470003748,0 77.59341700026999,12.8913200001451,0 77.5920670002215,12.8914969997465,0 77.5918500002463,12.8915860003243,0 77.5916519999527,12.8916679996663,0 77.5914360003221,12.8917549997605,0 77.5911640001424,12.8918640003106,0 77.5908659996617,12.8919840000575,0 77.5905869995584,12.8920960001888,0 77.5902739999233,12.8922179999576,0 77.5898309998112,12.8911419999115,0 77.5895059997797,12.89132500039,0 77.5891060003709,12.8915539999055,0 77.5889680003115,12.8916349996642,0 77.5887149997294,12.8917799998934,0 77.5884999999201,12.8916749999436,0 77.58842400030851,12.8915840001207,0 77.5884510000822,12.8915699997244,0 77.5884610002299,12.8915579997203,0 77.58845000006301,12.8915340001951,0 77.5883890002043,12.8913940000618,0 77.5883740002551,12.8913680001329,0 77.5884019999551,12.8913590003454,0 77.588272999944,12.891074000043,0 77.5882570002899,12.8910320000792,0 77.58819499989499,12.8909180000033,0 77.58815899956809,12.8908479996407,0 77.5881349999448,12.8907990003325,0 77.5881919999524,12.8906249997391,0 77.5882109997859,12.8905679996544,0 77.5882339997235,12.8905090004271,0 77.58822500015199,12.8904809996125,0 77.5882150001641,12.8904199995961,0 77.58820899971469,12.8903839998376,0 77.5881709999303,12.8902750004391,0 77.5880950000263,12.8900540003705,0 77.5880870001872,12.8900480002403,0 77.5882840000446,12.8899789996052,0 77.5882739999673,12.889948000222,0 77.58825000014529,12.8898600001791,0 77.58823700015471,12.8898129997769,0 77.58838500031941,12.8897670003579,0 77.5884069995591,12.8897599996585,0 77.5883439997625,12.8895679998591,0 77.5882030003519,12.8890620003189,0 77.5882289996221,12.8890529996034,0 77.5882380000595,12.8890439999083,0 77.5882359998749,12.8890129999757,0 77.5883490003723,12.8890500001785,0 77.5888259998857,12.8889750002579,0 77.588846999951,12.8889379997653,0 77.5902359995892,12.8887219998051,0 77.5906329997417,12.8886619998886,0 77.59084999965771,12.8886239999546,0 77.5914550001057,12.888412000439,0 77.5917079998089,12.888350000251,0 77.5917069998756,12.8882940004332,0 77.5917040001671,12.8879440000929,0 77.59168300007509,12.8876120002095,0 77.59166299973521,12.887299999817,0 77.5916180002292,12.8864820001916,0 77.59156200045889,12.8857900003068,0 77.591470000426,12.8854060002205,0 77.59143700006619,12.8852569999003,0 77.5914110000641,12.885123999762,0 77.59136299993619,12.8848720002369,0 77.5913519996702,12.8848229998908,0 77.5912989999949,12.8845810003326,0 77.59119699969391,12.8842629996125,0 77.59117799982251,12.8842020003356,0 77.5910840003157,12.8839419998481,0 77.59095600020279,12.8835970003762,0 77.59084400017871,12.8833560001971,0 77.59080699998999,12.8832700001112,0 77.5907150001471,12.8830789997977,0 77.59046899966479,12.88258899988,0 77.5904740001954,12.8825539998353,0 77.59062900019541,12.8813499999837,0 77.5906530004435,12.8813600002797,0 77.5906490003244,12.8813729997404,0 77.5907840001978,12.881437999853,0 77.590817000253,12.8814429999526,0 77.59057600004969,12.8802690004427,0 77.59038400012351,12.8793350000272,0 77.59034000018301,12.8793019998485,0 77.5896219999005,12.8787790001085,0 77.5897110001973,12.8785790001698,0 77.58981400041181,12.8781540002916,0 77.5898199997451,12.8780339999034,0 77.5896819998551,12.8776890001587,0 77.5896730000553,12.8776680000993,0 77.5898259996637,12.8771470001362,0 77.58984100001091,12.8770940003836,0 77.5898560003033,12.8770470003946,0 77.5901249998515,12.8769230002884,0 77.5901400004168,12.87691600021,0 77.59014100024621,12.8769019996094,0 77.5901440000717,12.8768810001333,0 77.59024100021929,12.8768839995733,0 77.5904160002266,12.8768750003332,0 77.59095400015561,12.8768389996933,0 77.5913309998237,12.8768010000139,0 77.59140300045929,12.8767420001737,0 77.5915950000816,12.8765519999743,0 77.5922830003388,12.8758839997489,0 77.5923430002734,12.8757670001502,0 77.5923690004083,12.8756600003068,0 77.59242100026469,12.8749540001215,0 77.59248699992671,12.8748830003839,0 77.5927180004109,12.8747689996283,0 77.59291600033021,12.8747249996758,0 77.5924060000399,12.8743629999174,0 77.59238700033519,12.874386999973,0 77.59235900033021,12.8743689995895,0 77.59234500017941,12.8743589997401,0 77.59230899977361,12.8743340000721,0 77.5922009996614,12.8742600002257,0 77.5920840002442,12.8741800001892,0 77.59200200013279,12.8741239996735,0 77.5919410000925,12.8740819997376,0 77.5919130003099,12.8740650003051,0 77.5917909996662,12.8739890003442,0 77.5916050002744,12.8738730003562,0 77.5914120003662,12.8737539995689,0 77.5912339996753,12.8736440002815,0 77.59118099971521,12.873618000441,0 77.59134799980011,12.8726589997765,0 77.5912910001469,12.8726530001369,0 77.5912870001423,12.8723479997282,0 77.59190999981411,12.8720740000846,0 77.5924579996792,12.8716650002623,0 77.5931760001136,12.8725420001788,0 77.5933059998108,12.873221999668,0 77.5939189996446,12.8732540000433,0 77.59435799977361,12.8731859995652,0 77.59464299957951,12.873091999688,0 77.5948419995989,12.8730599998936,0 77.5955070001726,12.872981999958,0 77.5958569999062,12.8729109996125,0 77.59613599966811,12.8728190001148,0 77.5962270002652,12.8727050003,0 77.596499000393,12.871978000345,0 77.59659200004999,12.87165800027,0 77.59673699984219,12.8710880002019,0 77.59691299997171,12.8704049997564,0 77.5970399997028,12.8699780000268,0 77.5971809998676,12.869619999854,0 77.597261999639,12.8694119996579,0 77.5973979999726,12.8692539997954,0 77.5975880003507,12.8691650003748,0 77.59766099961119,12.8691300002146,0 77.5977149998901,12.869075000174,0 77.59772900014011,12.8690380001942,0 77.5977599998308,12.8689429998953,0 77.59783999991841,12.8684219998977,0 77.59785500020929,12.8683530001683,0 77.59794900036761,12.8681839998304,0 77.59802799962971,12.8680430002982,0 77.5980399995946,12.8680210000546,0 77.59804899965771,12.8680050003754,0 77.59804500042659,12.8679180001084,0 77.5980559997809,12.8676930000591,0 77.59805700038009,12.8676209996878,0 77.59805600027209,12.8672909999885,0 77.5980579998389,12.8672019996577,0 77.5981120002041,12.8672040002262,0 77.5982850001848,12.8672090002118,0 77.5983619997868,12.867211999554,0 77.5984390001432,12.8672139996636,0 77.5985940000993,12.8672189999484,0 77.5986979996955,12.867221999768,0 77.5987850002137,12.8672250000885,0 77.5988599996319,12.8672270000405,0 77.5988789996334,12.8672270004279,0 77.59890099980041,12.8672280000748,0 77.59897900013451,12.867230000044,0 77.59906199971979,12.8672330002005,0 77.59916200021161,12.8672359997459,0 77.5991610002184,12.8671569995614,0 77.5991609999071,12.8671130003644,0 77.5991590004043,12.8669840003242,0 77.5991569999434,12.8668599999139,0 77.5991570002561,12.8668089999745,0 77.59915600011929,12.8666920003142,0 77.59986100007769,12.8663279995701,0 77.59988799960701,12.8663259998297,0 77.60002099957801,12.8663240000594,0 77.60015899969009,12.8663230004053,0 77.6001870002965,12.8663219998408,0 77.6004119997957,12.8663200004289,0 77.6007220002967,12.8663159999986,0 77.60077100013901,12.8662909998882,0 77.601206999913,12.8662470000731,0 77.6013110000715,12.8662360001749,0 77.6014630001164,12.8662210003654,0 77.60158499993091,12.8662089995595,0 77.60167199959049,12.8662000004554,0 77.60178799958869,12.8661889995972,0 77.6018609996719,12.8661819995913,0 77.60187700030539,12.8661809996364,0 77.6019570003338,12.8661739996725,0 77.60197200005101,12.8661729997116,0 77.60204500030071,12.8661669997575,0 77.6021109996685,12.8661609997312,0 77.6021169997712,12.8663650000043,0 77.6021180001799,12.8663920000778,0 77.6021679998849,12.8663919996001,0 77.6021850004179,12.8664300000323,0 77.6022529997604,12.8667049999601,0 77.6022600003531,12.8667330001773,0 77.60239299986409,12.8667729998687,0 77.6028269997168,12.8666999996866,0 77.603642000107,12.8653119998272,0 77.6035859997175,12.8652149996782,0 77.60356399958241,12.8645940004063,0 77.6036459998314,12.8645820004244,0 77.6036939998846,12.8646099998514,0 77.6039580000236,12.8649420001571,0 77.60451299974309,12.8649399998799,0 77.6045220003862,12.8651050003281,0 77.604534999603,12.8652769996887,0 77.60465299960531,12.8657699998592,0 77.6048230003431,12.8671309997967,0 77.6048819996262,12.867291999642,0 77.6049159997003,12.8675909998916,0 77.6050210000456,12.8681739995678,0 77.6051120000097,12.8682619999305,0 77.6053990004371,12.8685130002715,0 77.6059270000061,12.8693089996607,0 77.6061040002772,12.869249000296,0 77.6062939996247,12.8695939995535,0 77.60645399991461,12.869843000161,0 77.60655699959079,12.8698479995565,0 77.6067540002511,12.8701089997714,0 77.60687900007061,12.8704679995677,0 77.6071719999273,12.8707919997925,0 77.6073749997767,12.8708579997922,0 77.6074140000224,12.8708970003549,0 77.60756100025181,12.8708399997095,0 77.60776600042711,12.8707809996682,0 77.6082029996702,12.8706629995889,0 77.60863100032719,12.8705500004057,0 77.6085519998727,12.8703699996374,0 77.6084939999412,12.8701869999403,0 77.6084460000732,12.8699950000498,0 77.6084039996622,12.8698430003469,0 77.6083499996608,12.8697230003654,0 77.60837099999689,12.8697199996946,0 77.6085170003242,12.8696980003154,0 77.60856200007851,12.869691999804,0 77.60857499969021,12.8696900002743,0 77.60856999979821,12.8696819995812,0 77.6084260002625,12.8695350004167,0 77.6083159997835,12.8689279996104,0 77.6083589997551,12.8686419996726,0 77.6083979995562,12.8685849997322,0 77.6084110001064,12.8685660003475,0 77.60847299967961,12.8684390003597,0 77.60851600031459,12.8683299997444,0 77.60853900014079,12.8682169999944,0 77.6085369998127,12.8680379996182,0 77.6084989999059,12.8678080002571,0 77.60849600035461,12.867515000421,0 77.60852500037571,12.8673510000828,0 77.6085449998352,12.8671319999182,0 77.6085929995625,12.8669109999962,0 77.60916200030159,12.8668899996071,0 77.6094500000529,12.8668880001724,0 77.6097790000492,12.8668679996092,0 77.6100929997515,12.8668549996591,0 77.6103659996236,12.866853999653,0 77.6103949999095,12.8668650000375,0 77.6104130000388,12.8668790000666,0 77.610493999808,12.8669989998349,0 77.6105829997817,12.8674000003633,0 77.61059099959149,12.8674830000693,0 77.61058800003509,12.8675809996842,0 77.6113839999405,12.867499999903,0 77.6113809997025,12.867469999813,0 77.6118999995759,12.8669289999332,0 77.6118949998144,12.86689300024,0 77.61185500033829,12.8665330003041,0 77.61185500044751,12.8665130001916,0 77.61161500018839,12.86654400004,0 77.61158700031081,12.8661309999704,0 77.61289400028831,12.8659940001015,0 77.61292099974121,12.8663799998258,0 77.6129479996337,12.8667630001369,0 77.6129879995969,12.8667729997579,0 77.61304300042789,12.8670039999871,0 77.6130540000534,12.8670509995683,0 77.6131240004499,12.8673439997152,0 77.6131259999714,12.8673539996975,0 77.6131460000058,12.867339000297,0 77.6131860002872,12.867322000014,0 77.6131869995895,12.8673309999371,0 77.61332200035611,12.8681039998412,0 77.61332300030411,12.868215000386,0 77.6132719997196,12.8682150003988,0 77.6132759999865,12.8682600000023,0 77.6134590001564,12.868246000243,0 77.6134650003653,12.8683540003072,0 77.61346900007059,12.868435999794,0 77.6134740002545,12.8685200003312,0 77.6134820003674,12.8686709998698,0 77.6134869996756,12.8687630002661,0 77.61349199972339,12.8688700002657,0 77.61349599965369,12.868932999754,0 77.6134999996367,12.869008000376,0 77.613504000343,12.8690940002233,0 77.6135089999234,12.8691869998022,0 77.61352000032851,12.8693899996102,0 77.6135200004146,12.8694140000714,0 77.61356199961089,12.8694069996554,0 77.6135640001478,12.8694289998474,0 77.61358000013,12.8696179999402,0 77.6135869997745,12.8697069999572,0 77.61359800026401,12.8698310004084,0 77.6135989998545,12.8698449998901,0 77.6136119998654,12.8700139999986,0 77.6136159995994,12.8700599996756,0 77.6136250000748,12.8701679995869,0 77.61362999966219,12.8702289997382,0 77.6136640002496,12.870247000127,0 77.6136559998773,12.8702689998043,0 77.6136559996732,12.8703230003859,0 77.61369700045439,12.8709210001009,0 77.6136990000326,12.8709700001312,0 77.6137189998081,12.8712070000154,0 77.6137339996496,12.8712060002356,0 77.61387200009371,12.8712050000843,0 77.6139580002755,12.8712040001544,0 77.61395800019071,12.8712269996095,0 77.61395899975651,12.8712640003452,0 77.6139570000572,12.8712769998394,0 77.6140410002167,12.8712719995824,0 77.61445999991111,12.8712120000937,0 77.6149929997361,12.8711100000688,0 77.61506599971889,12.871104999983,0 77.61509300023771,12.871122000363,0 77.6151219996177,12.8712220002722,0 77.61518300002921,12.8714360003163,0 77.6152350001427,12.871579999636,0 77.6152839999349,12.8717489995948,0 77.6153010003304,12.8719020004097,0 77.61532499959419,12.8722130002533,0 77.61532700018201,12.8722759996937,0 77.6153610004594,12.8722759999223,0 77.6153599997055,12.87230700015,0 77.61535599962581,12.8724620003011,0 77.61535499968311,12.8724849997764,0 77.6153510002073,12.8725970004381,0 77.615349000251,12.8726540004125,0 77.6153459998897,12.8727509996409,0 77.61534099957019,12.8728859997864,0 77.6155189998919,12.8728909999935,0 77.615551999562,12.8728920003285,0 77.6155430001244,12.8730830004183,0 77.6154749998508,12.8730850002266,0 77.61547199978151,12.8731150004464,0 77.6154649999054,12.8731950000785,0 77.6154559999993,12.8733390003314,0 77.6154509997294,12.8734700000935,0 77.6153840000942,12.8734750001221,0 77.6153839999814,12.873565000357,0 77.61538299981829,12.8736849998137,0 77.6153789998436,12.8737229999212,0 77.6153710000671,12.8738110003465,0 77.6153549996786,12.8738970000693,0 77.61534600041929,12.8739420001551,0 77.6153109995966,12.8740990001587,0 77.6156440003831,12.874119000421,0 77.61566999960679,12.8741179999689,0 77.6156840003338,12.8748680001149,0 77.61537700005761,12.8748859996438,0 77.6154030003174,12.8755259999718,0 77.615379999837,12.8755260001971,0 77.615184000425,12.8755339995896,0 77.615167999684,12.8759680000572,0 77.615162999915,12.8761120001297,0 77.6151569996409,12.8762840001474,0 77.61515700007,12.8763120000351,0 77.6154309998889,12.8762620000255,0 77.6157279999034,12.8762670000574,0 77.61596400024609,12.8762459995959,0 77.6163480001933,12.8761989995715,0 77.6166580002422,12.8761600001476,0 77.61712200045081,12.8760870004366,0 77.61775400027889,12.8759930000496,0 77.61789900004931,12.8763860002095,0 77.6179520004299,12.8764939996589,0 77.6181990002945,12.8769889999661,0 77.618426999558,12.8774189996654,0 77.6184199997311,12.8774310002793,0 77.61817199995239,12.8774430003241,0 77.6182360002914,12.8777650003025,0 77.6182859997944,12.8781270002087,0 77.6183329998384,12.8784090002392,0 77.6183700000159,12.8786850003189,0 77.6183960003131,12.8788279998774,0 77.61840599998671,12.8789280001652,0 77.6184350001098,12.8789390002368,0 77.6184489998511,12.8790210004455,0 77.6184669998277,12.879121000216,0 77.61847500000241,12.8791629998898,0 77.6184999999127,12.879304000204,0 77.61852499972321,12.8794479998779,0 77.61852899996831,12.8794660003427,0 77.6184349999979,12.8794749999029,0 77.61844299983289,12.8794979996689,0 77.6184830001751,12.8796489999246,0 77.61849999975639,12.8797120000182,0 77.6185140003106,12.8797650002914,0 77.6185240002218,12.8798020002837,0 77.61854100034699,12.8798669996419,0 77.6185619996934,12.8799529997402,0 77.61856400002679,12.8799610003305,0 77.6185810001902,12.8800189999531,0 77.6185969999333,12.8800789998221,0 77.6186130002134,12.8801409998635,0 77.61863900033789,12.8802360004263,0 77.6186539998177,12.8802950002632,0 77.6186689999643,12.8803530000009,0 77.61868500042149,12.8804119997583,0 77.6187000000688,12.8804680002194,0 77.6187149999797,12.8805249998623,0 77.61871099982341,12.8805599996649,0 77.61890499989271,12.8811629996214,0 77.61894000043669,12.8811840000808,0 77.6189970003373,12.8813000003819,0 77.618913999569,12.8813309996789,0 77.6188170000473,12.8813689995945,0 77.61873400041939,12.8814009998243,0 77.61866000035479,12.8814300000782,0 77.6185690002076,12.8814650001603,0 77.6184859998463,12.8814980004201,0 77.6184070000205,12.8815290002125,0 77.6182820001556,12.8815780000563,0 77.61817000041179,12.8816220003717,0 77.6180450004355,12.8816710001197,0 77.617942999985,12.8817110002653,0 77.6178529996378,12.8817460000726,0 77.6177929998219,12.8817709997752,0 77.6177120003718,12.8818010003219,0 77.6176870004192,12.8818089998936,0 77.6177320000244,12.8820050004241,0 77.61772499988091,12.8822850000677,0 77.6177129998085,12.8824600004354,0 77.6177250001189,12.8826779995765,0 77.6177359999122,12.8830349996375,0 77.617746000067,12.8832239998749,0 77.6177469996888,12.8836729998556,0 77.6177689999182,12.8840140004321,0 77.61780800045931,12.8842959999685,0 77.61788300010831,12.8847449996104,0 77.6179820002482,12.8847420001035,0 77.6180399997985,12.8847419999186,0 77.6182239999066,12.8847349997838,0 77.618343000328,12.8851839997899,0 77.6184249998077,12.8854969998684,0 77.61853999987061,12.8859349998232,0 77.61861200033211,12.8862170003417,0 77.6174049998169,12.8864670004521,0 77.6173420002774,12.8861959997843,0 77.6173290001073,12.8862159997235,0 77.61704900019311,12.8862689997341,0 77.6168649997481,12.8863080003612,0 77.6164640000199,12.8862750003379,0 77.6162100003348,12.8863420000941,0 77.6161699999646,12.8863539999731,0 77.6161210000158,12.8862840000914,0 77.6159380002433,12.8862870003364,0 77.6158929998922,12.8862860001772,0 77.6154500000474,12.8861550001242,0 77.6153549997676,12.8863550004529,0 77.6153299996117,12.8864440001355,0 77.61528900001051,12.8866189996131,0 77.61513100002691,12.886696000242,0 77.6149880000419,12.8867550001043,0 77.6147639996976,12.8868049998934,0 77.61471800017689,12.8868190000797,0 77.6144170002277,12.8868659998784,0 77.6142369998757,12.8868979997454,0 77.61402000017129,12.8869170002006,0 77.61372200030119,12.8869280002426,0 77.61344299986909,12.8869169996645,0 77.6131829999739,12.8869179998831,0 77.61290499971901,12.8869189997998,0 77.612606000192,12.8869139998243,0 77.6124719998023,12.8869159998782,0 77.6121759995758,12.8869190000323,0 77.61221399992191,12.886807000397,0 77.6123159998214,12.8852899998563,0 77.6123740001626,12.8843910000244,0 77.612411000251,12.8839810003354,0 77.6120720000705,12.8840570003962,0 77.61198899985,12.8840760002766,0 77.6117189999834,12.8841380001982,0 77.6113850004335,12.8842140001337,0 77.6100989999521,12.8845189997523,0 77.61013700031209,12.8850219997483,0 77.61017899954911,12.8855610003074,0 77.6102639998702,12.8860039999508,0 77.6103310003061,12.8862700003782,0 77.6103729997359,12.8864440001251,0 77.6104570003311,12.8868139998427,0 77.6099569999773,12.8867960004291,0 77.609203999714,12.8867680003912,0 77.60918400021311,12.8873799996397,0 77.6091839999924,12.887387000318,0 77.60915799994341,12.8873870002883,0 77.6091689996215,12.8879089997426,0 77.6091699997163,12.887936999701,0 77.6091719997366,12.8880560002814,0 77.6091750003129,12.8881929998482,0 77.6091750003467,12.8882289997095,0 77.6084090001751,12.8883149997141,0 77.60800900023381,12.8883659997416,0 77.60763599960509,12.8884139999391,0 77.6074150002339,12.888468999759,0 77.6070839996958,12.8885870003929,0 77.6066799998507,12.8887319997231,0 77.6062769997308,12.8888570001318,0 77.60599400000849,12.8889499995658,0 77.6056859996359,12.8890589999537,0 77.605415000192,12.8891469998889,0 77.6051459998157,12.8892310000525,0 77.6048589995783,12.8893279997896,0 77.60447199984689,12.8894810002359,0 77.6041479998913,12.8896319999002,0 77.60380099977741,12.8898330000705,0 77.60365799964561,12.8896810004312,0 77.6035649996094,12.8895609996051,0 77.6034449998152,12.8894350002852,0 77.6033839996533,12.88941499997,0 77.603290999967,12.8893970002369,0 77.6032040003447,12.8893680001899,0 77.60314499986281,12.8891329997979,0 77.603136999892,12.8889989999312,0 77.60316200034519,12.8888049999506,0 77.60312099994751,12.8888149996274,0 77.60283699981611,12.8889639997062,0 77.6026829997526,12.8890530003345,0 77.6024269998483,12.8891540003324,0 77.6022109999336,12.8892349995659,0 77.60191800019361,12.8893409999423,0 77.6017819998995,12.8893880002503,0 77.6015210002095,12.8894690001864,0 77.60149799991611,12.8894819998395,0 77.6013440003144,12.8895320003482,0 77.601277999915,12.8895540002185,0 77.6011809999283,12.8895870004332,0 77.6010260000696,12.8896369998804,0 77.6007890000935,12.8897229995907,0 77.6005360002877,12.8898040004423,0 77.6000999997858,12.8899749996847,0 77.59994199961289,12.8900369998106,0 77.59982900044839,12.890097999758,0 77.59968999995669,12.8901740003057,0 77.5995889998625,12.8902489998279,0 77.5994570002679,12.8903129999398,0 77.5993139997419,12.8903540003133,0 77.5983209995638,12.8905190000082,0 77.5982620004152,12.8905330002091,0 77.598077999773,12.8905569997485,0 77.5974909998794,12.8906840003506,0 77.5972809996568,12.8907250000066,0 77.59704700019741,12.8907729999837,0 77.5968069998566,12.8908149999792,0 77.59643000007379,12.8908770001596,0 77.596143999772,12.8909249996257,0 77.5958359995915,12.890971000063,0 77.5955579997307,12.8910189999442,0 77.5954100003503,12.8910409998657,0 77.5953750004241,12.8910449997084,0 77.5950090001467,12.891099000005,0 
						</coordinates>
					</LinearRing>
				</outerBoundaryIs>
			</Polygon>
		</Placemark>
	</Document>
	<Document>
		<name>Ward No. 194.kml</name>
		<StyleMap id="m_ylw-pushpin9">
			<Pair>
				<key>normal</key>
				<styleUrl>#s_ylw-pushpin9</styleUrl>
			</Pair>
			<Pair>
				<key>highlight</key>
				<styleUrl>#s_ylw-pushpin_hl9</styleUrl>
			</Pair>
		</StyleMap>
		<Style id="s_ylw-pushpin9">
			<IconStyle>
				<scale>1.1</scale>
				<Icon>
					<href>http://maps.google.com/mapfiles/kml/pushpin/ylw-pushpin.png</href>
				</Icon>
				<hotSpot x="20" y="2" xunits="pixels" yunits="pixels"/>
			</IconStyle>
			<LineStyle>
				<color>ffffff55</color>
				<width>3</width>
			</LineStyle>
			<PolyStyle>
				<fill>0</fill>
			</PolyStyle>
		</Style>
		<Style id="s_ylw-pushpin_hl9">
			<IconStyle>
				<scale>1.3</scale>
				<Icon>
					<href>http://maps.google.com/mapfiles/kml/pushpin/ylw-pushpin.png</href>
				</Icon>
				<hotSpot x="20" y="2" xunits="pixels" yunits="pixels"/>
			</IconStyle>
			<LineStyle>
				<color>ffffff55</color>
				<width>3</width>
			</LineStyle>
			<PolyStyle>
				<fill>0</fill>
			</PolyStyle>
		</Style>
		<Placemark>
			<name>Ward No. 194.kml</name>
			<styleUrl>#m_ylw-pushpin9</styleUrl>
			<Polygon>
				<tessellate>1</tessellate>
				<outerBoundaryIs>
					<LinearRing>
						<coordinates>
							77.58844599987781,12.850029999815,0 77.5894689998359,12.8500309999205,0 77.5898259997595,12.8500970000193,0 77.59048599967841,12.8502590003409,0 77.5908620002721,12.8503510003393,0 77.5912154270583,12.8505535042063,0 77.5912320004477,12.8505630001385,0 77.59177600024741,12.8508750000354,0 77.59390600007551,12.8527360001424,0 77.5939390003107,12.8528470003983,0 77.593997000211,12.8530420002437,0 77.59403000040631,12.8531520003624,0 77.5941810002265,12.8542650002945,0 77.5942479999523,12.8547609998758,0 77.5941500000296,12.8547810001462,0 77.59412799962671,12.8548029997062,0 77.5942920003411,12.8558999998633,0 77.5943530002815,12.8559170000033,0 77.5943960000603,12.8559340002121,0 77.59443100018611,12.8560950003953,0 77.5946610004054,12.8571709995943,0 77.59457900027439,12.8571930002012,0 77.59457300025799,12.8572099999818,0 77.59460000007169,12.8572340001704,0 77.5946370002803,12.8574299996366,0 77.5947080000273,12.8576179996903,0 77.5947900002393,12.8579089996224,0 77.5948439996874,12.8580340001528,0 77.5948659998048,12.8582110004378,0 77.5949729997191,12.8585020003819,0 77.59499300020489,12.8585459996588,0 77.59505299997291,12.8586360001603,0 77.59514799984009,12.8587820000065,0 77.5951950003698,12.8589340003122,0 77.5951820004536,12.8589380002193,0 77.59507799982769,12.8590100001919,0 77.5950620001353,12.8590209998251,0 77.59520199960239,12.8592079995726,0 77.5953340001403,12.8594230001022,0 77.5953859995891,12.8595070004044,0 77.59532700033751,12.8595370004173,0 77.5956869996343,12.860244999565,0 77.5957400001016,12.8605049997826,0 77.5957540002121,12.8605019999782,0 77.59582400043359,12.8604849998302,0 77.595857000275,12.8606069997419,0 77.5958820004148,12.8606999998368,0 77.5959060004448,12.8607919997824,0 77.5959300000337,12.8608810003069,0 77.5959489998412,12.8609529997157,0 77.59622300043181,12.862094000166,0 77.5962009995723,12.8620860003685,0 77.5961170003266,12.8622550002764,0 77.5961010003187,12.8622879996581,0 77.59601900029659,12.8624530001065,0 77.5959209999769,12.8626499998205,0 77.5959049997761,12.8626819999963,0 77.5958469999925,12.8627940000782,0 77.59574299956481,12.8629970002071,0 77.5957199997661,12.8630370000857,0 77.59551399976129,12.863440000036,0 77.5954900000862,12.8634869997217,0 77.5953979997107,12.8636650002502,0 77.5953320002734,12.8636460003105,0 77.59530000016029,12.8635370000175,0 77.5952729997598,12.8634439998237,0 77.5952600004169,12.8634000000044,0 77.59522800033631,12.863331999603,0 77.595074000203,12.8630099996594,0 77.59499699960941,12.8626480000014,0 77.5948499998695,12.8620780002681,0 77.59444799990671,12.8621590001243,0 77.59424000010161,12.8622160004367,0 77.5942119997819,12.8622230000327,0 77.5940779996818,12.8622319998951,0 77.59397999961369,12.8622330003569,0 77.5939410003853,12.8622400003484,0 77.5938810001236,12.8622440000174,0 77.5937819998741,12.8622500000071,0 77.59365000044021,12.8622579996263,0 77.59359499993769,12.8622610002475,0 77.5934829998553,12.8622669995506,0 77.5933479996568,12.8622759999073,0 77.593352000141,12.8623420000808,0 77.5932969995952,12.8623449997401,0 77.5931770003542,12.8623500002471,0 77.59305300037479,12.8623559997289,0 77.5929979996717,12.8623580001218,0 77.5928810003382,12.8623629997315,0 77.5927620002541,12.862369000216,0 77.59273399989689,12.8623699999084,0 77.5927070004452,12.8623709996363,0 77.59257599959901,12.8623770003787,0 77.5924459996307,12.8623830001929,0 77.5924510002711,12.8624390002713,0 77.59235199980481,12.8624449997413,0 77.59234400029629,12.8623579996971,0 77.59234000024949,12.8623060000956,0 77.5922249995586,12.8623020003353,0 77.592213999702,12.8621539997285,0 77.5922059996371,12.8620689998944,0 77.59219799974009,12.8619979997946,0 77.59219499967411,12.8619649996192,0 77.5918420002677,12.8620330001875,0 77.5914739998059,12.8621529998811,0 77.59131799974379,12.8621820003088,0 77.5906899997477,12.8622430002235,0 77.5906500000759,12.8622480003703,0 77.590333000413,12.8624349998689,0 77.58990299965279,12.8626760003966,0 77.5899549999781,12.8628539998286,0 77.5892259999744,12.8633520001066,0 77.58924700026169,12.863446000181,0 77.58926300032419,12.8635170000803,0 77.5892289996725,12.8635169998574,0 77.5892460002342,12.8636960002003,0 77.5892630003241,12.8638849998566,0 77.5892039999603,12.8639210003843,0 77.5891720003107,12.8639430000354,0 77.5891350002957,12.8639689998369,0 77.58909500042201,12.8639959995652,0 77.58904599968589,12.8640300004455,0 77.5890200003647,12.8640479999912,0 77.58897499996711,12.8640779997463,0 77.5889509995812,12.8640950002094,0 77.5888989999946,12.8641310001975,0 77.5888690000137,12.8641509997205,0 77.5887929996009,12.8641939999301,0 77.5887170000799,12.8642370001134,0 77.5886969999038,12.8642490002388,0 77.588657999907,12.8641560000035,0 77.5886290004385,12.8641660002388,0 77.5884600000951,12.8642350002444,0 77.5884789997905,12.8642900004111,0 77.5883559996886,12.8643420004036,0 77.58833199989429,12.8643499997992,0 77.5884200002277,12.8645680001007,0 77.5884449995465,12.8646200003045,0 77.5884929997931,12.8647290002197,0 77.58846900036551,12.8647399999684,0 77.5883139998629,12.8647970003709,0 77.5882489996864,12.8648230001406,0 77.5881139999604,12.8648729999935,0 77.5881309999416,12.8649230003972,0 77.5880200003772,12.864968000258,0 77.58799600039001,12.8649750004273,0 77.588011000222,12.8650239996993,0 77.58798799982721,12.865035000389,0 77.5878700003349,12.8650739999773,0 77.58788899998549,12.8651360000855,0 77.5879009997159,12.8651770000759,0 77.5879249998535,12.8652569998195,0 77.5878089998718,12.8652930000961,0 77.58775299965529,12.8653129996713,0 77.58764599964,12.8653419996695,0 77.5876610003161,12.8654049996442,0 77.5877010000024,12.8654959998935,0 77.58755200033541,12.8655360002127,0 77.58752499988481,12.86553999982,0 77.5876299998523,12.8659280000209,0 77.58782299965389,12.8665439998881,0 77.5878290000434,12.8665610003803,0 77.5878300003006,12.8665629997638,0 77.5878079999127,12.8665679998473,0 77.58742100011079,12.8667299998023,0 77.5873340003525,12.8667649999476,0 77.58608399968109,12.8671439998741,0 77.5861649996842,12.8672580004469,0 77.5861749997822,12.867288000048,0 77.5862460001306,12.8673750004156,0 77.5863000002125,12.8674459995754,0 77.5863179996809,12.8674699999375,0 77.5863830001427,12.867564999848,0 77.5864409997683,12.8676460003807,0 77.5864590001778,12.867669999815,0 77.5865260002803,12.8677610002558,0 77.5865850001321,12.8678430000146,0 77.58662000009041,12.8678909996961,0 77.5867019998135,12.8679619996995,0 77.5867200002821,12.8679860000097,0 77.58679500008699,12.8680870002122,0 77.58686700019879,12.8681829996129,0 77.5868830003005,12.8682040003404,0 77.5869959997121,12.8683549995995,0 77.5870130000981,12.868377999701,0 77.5871040004124,12.8685009996877,0 77.58711899962159,12.8685220003374,0 77.58730100015531,12.8687719997001,0 77.5873170004558,12.868793999595,0 77.58739999993929,12.8689089998227,0 77.5875390001202,12.8690859996866,0 77.5879899995753,12.869336999786,0 77.5879940004494,12.8693710002439,0 77.5881490001411,12.8694470000789,0 77.5890080000852,12.8698790000428,0 77.5894660002466,12.8701089996165,0 77.5898340001043,12.8702909998959,0 77.5916610004293,12.871187999955,0 77.59172700016011,12.8712079997105,0 77.5918259998703,12.8711859999102,0 77.5926580002272,12.870997999686,0 77.5927180004502,12.871009999864,0 77.5927649998055,12.8710239997213,0 77.5927099997633,12.8710609997001,0 77.5924250001368,12.8716059996403,0 77.5924579996792,12.8716650002623,0 77.59190999981411,12.8720740000846,0 77.5912870001423,12.8723479997282,0 77.5912910001469,12.8726530001369,0 77.59134799980011,12.8726589997765,0 77.59118099971521,12.873618000441,0 77.5912339996753,12.8736440002815,0 77.5914120003662,12.8737539995689,0 77.5916050002744,12.8738730003562,0 77.5917909996662,12.8739890003442,0 77.5919130003099,12.8740650003051,0 77.5919410000925,12.8740819997376,0 77.59200200013279,12.8741239996735,0 77.5920840002442,12.8741800001892,0 77.5922009996614,12.8742600002257,0 77.59230899977361,12.8743340000721,0 77.59234500017941,12.8743589997401,0 77.59235900033021,12.8743689995895,0 77.59238700033519,12.874386999973,0 77.5924060000399,12.8743629999174,0 77.59291600033021,12.8747249996758,0 77.5927180004109,12.8747689996283,0 77.59248699992671,12.8748830003839,0 77.59242100026469,12.8749540001215,0 77.5923690004083,12.8756600003068,0 77.5923430002734,12.8757670001502,0 77.5922830003388,12.8758839997489,0 77.5915950000816,12.8765519999743,0 77.59140300045929,12.8767420001737,0 77.5913309998237,12.8768010000139,0 77.59095400015561,12.8768389996933,0 77.5904160002266,12.8768750003332,0 77.59024100021929,12.8768839995733,0 77.5901440000717,12.8768810001333,0 77.59014100024621,12.8769019996094,0 77.5901400004168,12.87691600021,0 77.5901249998515,12.8769230002884,0 77.5898560003033,12.8770470003946,0 77.58984100001091,12.8770940003836,0 77.5898259996637,12.8771470001362,0 77.5896730000553,12.8776680000993,0 77.5896819998551,12.8776890001587,0 77.5898199997451,12.8780339999034,0 77.58981400041181,12.8781540002916,0 77.5897110001973,12.8785790001698,0 77.5896219999005,12.8787790001085,0 77.59034000018301,12.8793019998485,0 77.59038400012351,12.8793350000272,0 77.59057600004969,12.8802690004427,0 77.590817000253,12.8814429999526,0 77.5907840001978,12.881437999853,0 77.5906490003244,12.8813729997404,0 77.5906530004435,12.8813600002797,0 77.59062900019541,12.8813499999837,0 77.5904109996861,12.8812349997624,0 77.5901709999127,12.881101999976,0 77.5898760000412,12.8809460003262,0 77.5896979995606,12.8808480003575,0 77.5890080004109,12.8804830003572,0 77.5887089998561,12.8803150003032,0 77.58828900040881,12.8800790004375,0 77.5879530000023,12.8798950001396,0 77.58774800010301,12.8797830000658,0 77.5876040002116,12.8797110004102,0 77.5874339995451,12.8796170003664,0 77.5872440004333,12.8795149999563,0 77.5871870004386,12.8794849996904,0 77.5869160003956,12.8793339997328,0 77.58661000009749,12.8791729998626,0 77.58630899990369,12.8790150002015,0 77.58559000024459,12.8786330001054,0 77.5854679998545,12.8780680001665,0 77.58543999972321,12.8778349997755,0 77.5854039998006,12.877606000211,0 77.5855410000474,12.8776039997497,0 77.5856129999156,12.8775389996434,0 77.58561099974131,12.8775169997177,0 77.58559399999299,12.8773539999053,0 77.5855690001284,12.8771139998188,0 77.5855589995485,12.8770200001954,0 77.5852329995524,12.8770140000104,0 77.58516299983251,12.8770139999234,0 77.5849029999284,12.8770129997176,0 77.5845150002727,12.8770129996813,0 77.58413199971881,12.8770120002147,0 77.58412900005391,12.8770760001462,0 77.583754999962,12.8771299998887,0 77.58341300030909,12.8771839996334,0 77.5831149997704,12.8772290002585,0 77.58307800031611,12.8772339999152,0 77.58250700010539,12.8773330003467,0 77.582434999586,12.8769399997351,0 77.58218700020321,12.87665299961,0 77.58213499998941,12.8765930003222,0 77.5820289999907,12.8764690001704,0 77.5818150002854,12.875443999926,0 77.5818069999996,12.8754200000973,0 77.5818059998592,12.8753370002504,0 77.5817859998857,12.8753369995542,0 77.5816980004444,12.8753439996369,0 77.5816089998406,12.8753410002575,0 77.5815279996897,12.8753389998012,0 77.58146100016199,12.8753369995478,0 77.58132400005159,12.8753329996575,0 77.5812589996964,12.8753310004269,0 77.5811129998052,12.8753160001991,0 77.58095399971199,12.8752960000261,0 77.5807640004053,12.8752790002064,0 77.5805090003963,12.8752569995684,0 77.580337999714,12.8752449998383,0 77.5802450002025,12.8752369999445,0 77.5799470003344,12.8751380003865,0 77.57961199982481,12.8750650002602,0 77.57918600010539,12.8751749996621,0 77.5790200002629,12.8752789997348,0 77.57893200046119,12.8753670004065,0 77.5789099996004,12.8754510002795,0 77.5789560001185,12.8755169996573,0 77.57888200005181,12.8755509996915,0 77.57878800001779,12.8755949999768,0 77.5785539997056,12.8757039996387,0 77.57852000038309,12.8757179999743,0 77.5784609997891,12.8757500001559,0 77.57834799973941,12.8758329995944,0 77.57823499984239,12.8760679999869,0 77.5781039996624,12.8760670002903,0 77.5780600002235,12.876066999777,0 77.57786099972731,12.8760600000863,0 77.5777599998071,12.8760559999778,0 77.57751700011229,12.8760229999423,0 77.57745300031659,12.8761939998623,0 77.5773250000168,12.8765209997095,0 77.5772800000224,12.8766329997909,0 77.5768380002034,12.8764610002654,0 77.5764049996329,12.8763510001431,0 77.57626600038181,12.8763480003061,0 77.57592499985979,12.8763979999029,0 77.5756019996017,12.8764529997282,0 77.5754710001689,12.8764759998436,0 77.57523899980519,12.8765510002344,0 77.575115999994,12.8765660000506,0 77.5749319998919,12.8765519998003,0 77.57487600020281,12.8765479997261,0 77.57466799968741,12.8763920002134,0 77.57444999967529,12.87606899979,0 77.5744130001731,12.876042999853,0 77.57429399981589,12.8760139997244,0 77.5741039997137,12.8760219999493,0 77.5739670002302,12.8760490000352,0 77.5737579995847,12.8760980002578,0 77.57363599962569,12.8761449997781,0 77.5734590003953,12.8761809999068,0 77.5731169999019,12.8762450002174,0 77.5730639999793,12.8762710001567,0 77.57300399978151,12.8763340002422,0 77.5728089995614,12.8765290003836,0 77.57259200040799,12.8767220003719,0 77.57230199992939,12.8769330003992,0 77.57211500043149,12.8770589997981,0 77.57201899982449,12.8771010001914,0 77.5718739996129,12.8771379996392,0 77.5717289996544,12.877154000021,0 77.57143899979,12.8772009997052,0 77.57115300014389,12.8772499998106,0 77.5710120001699,12.8772650001668,0 77.57083999971709,12.8772870003021,0 77.5706399997388,12.8773010004489,0 77.57065799994059,12.8770619999127,0 77.57068299987139,12.876665999613,0 77.5707009996715,12.8763669997277,0 77.57072799963279,12.8761029998855,0 77.57074699999809,12.8760930000446,0 77.5707539997442,12.8760300002662,0 77.570767999924,12.8759409998992,0 77.57076700037879,12.8759349999278,0 77.5708289998567,12.8759050001207,0 77.5708070001677,12.8757929997326,0 77.5708020000921,12.8757689997443,0 77.5707569998487,12.875517999981,0 77.5707090003342,12.8752780002853,0 77.5706579997845,12.875023000136,0 77.5705809997464,12.8747240002797,0 77.57050900033749,12.8745379997466,0 77.57053699989631,12.8744829999526,0 77.570628999927,12.8740159999346,0 77.5705370003194,12.8731089997665,0 77.5704769998014,12.8725039996758,0 77.5704679999068,12.8724259996229,0 77.5704459996486,12.872136000303,0 77.57044400020899,12.8721030004307,0 77.5704209996633,12.8718360002372,0 77.5703920001224,12.8714999996494,0 77.5703879998741,12.8714549998315,0 77.5704230002419,12.8712379996478,0 77.5704509999285,12.8710579996108,0 77.5705629999822,12.8703609996423,0 77.570587999564,12.8702110002844,0 77.5706260004545,12.8699739997961,0 77.57061900034491,12.8699029999571,0 77.570601000336,12.8697950004113,0 77.5703749998947,12.8693349997915,0 77.5700530003628,12.8685190003577,0 77.5700280004513,12.8684389996993,0 77.56985900037409,12.8685100001735,0 77.5698469997984,12.8684899997087,0 77.5696950002143,12.8679959997796,0 77.5696569996087,12.8678740001864,0 77.5694779996776,12.8673509999819,0 77.5692329995488,12.8666310000894,0 77.56923199973291,12.8666180001166,0 77.5687690002152,12.8666519996589,0 77.5685220001444,12.8666530004011,0 77.568023999922,12.8666580001097,0 77.5679879996428,12.8666299996767,0 77.5679619997595,12.866569000037,0 77.5679610001616,12.8665039997482,0 77.56801400035719,12.8661390004039,0 77.5680330002869,12.8657439997387,0 77.56804400031579,12.8655189997268,0 77.5681040000929,12.865089000336,0 77.5681419997438,12.8648120001959,0 77.56814700012789,12.8646510002695,0 77.56815000037049,12.8645620001968,0 77.5681689995607,12.8645599998969,0 77.5682339995917,12.8645459999671,0 77.5685440002477,12.8644920000465,0 77.5687150002574,12.8644570002465,0 77.5690110002998,12.8644000002157,0 77.5693060001168,12.8643939998678,0 77.56954900006021,12.8644510001504,0 77.5696999999185,12.8645050001467,0 77.5697669995687,12.8645529998168,0 77.5697699996029,12.8645530002175,0 77.5697920003787,12.8645629998944,0 77.56978299996651,12.8641769996833,0 77.5704729997359,12.8640749997496,0 77.57046900021069,12.8640519999422,0 77.57043799978371,12.8638580003905,0 77.57043099961059,12.8638399999176,0 77.5705969997794,12.8638239998341,0 77.5709830001357,12.863758000296,0 77.5712590001843,12.8637020000034,0 77.5717469998386,12.8635960002888,0 77.5716819996464,12.8633329998527,0 77.5716349997743,12.8631750003291,0 77.5715290001622,12.8628130002542,0 77.5714699995454,12.8626239997685,0 77.5714110002927,12.8622579996748,0 77.57138399992481,12.8620380002764,0 77.5713800004136,12.8619390000097,0 77.571372999663,12.8617269996731,0 77.57137099991751,12.8614849998276,0 77.57136999985541,12.8613759996009,0 77.57136299995349,12.861238000381,0 77.5712949997329,12.8609180002288,0 77.5711969997997,12.8606740001988,0 77.5711500000555,12.8606890004343,0 77.5711420002108,12.8606750003377,0 77.5709839995537,12.8603899997992,0 77.571028999744,12.8603830003376,0 77.5712070003628,12.8603059996262,0 77.5713700003438,12.8602179999988,0 77.5713859995389,12.8601909996173,0 77.5714180001942,12.8601910001745,0 77.5714200001799,12.8601910004356,0 77.5714509999116,12.8601909999639,0 77.57161299958619,12.8602550001322,0 77.5716130004086,12.860237999804,0 77.5715200000224,12.8600630001509,0 77.5716339997395,12.8600139998044,0 77.5716609998757,12.860005000373,0 77.571685999632,12.8600510003357,0 77.57171299957611,12.8600389996218,0 77.571829000081,12.8599890002286,0 77.5719390002739,12.8599490003687,0 77.5719629996689,12.8599430000017,0 77.57198399987359,12.8599950001579,0 77.5720080000135,12.8599860003078,0 77.5721920000821,12.8599120001776,0 77.57238699965519,12.8598339999374,0 77.5724399996224,12.8598130004354,0 77.57258599955161,12.8597640001674,0 77.5725910000653,12.8597730001071,0 77.5727360000303,12.8597109998283,0 77.572752000325,12.8597040000635,0 77.5727669996551,12.8597250000493,0 77.5727870002825,12.8597239997208,0 77.57299000038989,12.8596760002002,0 77.57304399983261,12.8596629999066,0 77.5730420001303,12.8596530002199,0 77.5731719999804,12.859632000237,0 77.5732860004486,12.8596040000503,0 77.5733399999167,12.8595919998247,0 77.5735029998452,12.8595519996027,0 77.5736520001573,12.8595159998727,0 77.5737050004479,12.8595030002274,0 77.5738819999046,12.8594610003548,0 77.57402600019969,12.8594259999463,0 77.574054000262,12.8594189997591,0 77.57402100030249,12.8592520004434,0 77.57408800040319,12.8591869996276,0 77.574165999817,12.8592879998356,0 77.5742370004528,12.8592849998821,0 77.5744990001584,12.8592289999948,0 77.5746290003911,12.8592070001244,0 77.57488299980049,12.8591869997425,0 77.57516399978471,12.8591689998075,0 77.57554599975219,12.8590000000016,0 77.5755699996888,12.858991999988,0 77.57560699999689,12.8591520003406,0 77.5756330001342,12.8591470000111,0 77.57582299964849,12.8591069997622,0 77.57589300015449,12.8590919995995,0 77.57608099966809,12.859052999975,0 77.5762519996055,12.859016999573,0 77.5763200001585,12.8590030001042,0 77.57647900044481,12.858970000383,0 77.57663799974139,12.8589369996789,0 77.57670600023251,12.8589230001178,0 77.5769440003852,12.8588729996125,0 77.5769460001865,12.8588939996743,0 77.5769439998911,12.8590280003665,0 77.576892999664,12.8590720000885,0 77.576893999783,12.85918899995,0 77.57697399971021,12.8593420002236,0 77.5770740003661,12.8594039997284,0 77.5771430001637,12.8591760004056,0 77.5772259999107,12.8595519999206,0 77.5772659995795,12.8596680002524,0 77.5773970002172,12.8596209997007,0 77.5775630002893,12.8595520001987,0 77.5776190004441,12.8596750002967,0 77.5776329997973,12.8597140001923,0 77.57795799954521,12.8596049999489,0 77.57786299973181,12.8586769997896,0 77.578279000439,12.8586169996528,0 77.57838300005,12.8586039999929,0 77.5787190003439,12.8585569995805,0 77.579055999766,12.8585130001328,0 77.5793479996331,12.8584760001614,0 77.5795000001653,12.8584559995752,0 77.57949599976089,12.8584299996796,0 77.57944099979569,12.8581389999597,0 77.579437000239,12.8581119999327,0 77.57955500021841,12.858090000192,0 77.5794039998561,12.8571439999447,0 77.57936300010439,12.856894000134,0 77.5791970004029,12.8562000001138,0 77.5790860003562,12.8558189997699,0 77.579003000253,12.8555829997933,0 77.5788709998488,12.855614999723,0 77.5788180001414,12.8554679999465,0 77.5787779998456,12.855350999717,0 77.57874199989431,12.8552500000133,0 77.5787179996683,12.8551830002475,0 77.5786940002086,12.8551140002286,0 77.5787140003704,12.8551130004242,0 77.578845000409,12.8550679998541,0 77.57886999971289,12.8550589996133,0 77.5788529996688,12.8549970002978,0 77.57884700028239,12.8549800003227,0 77.5788380002366,12.8549539998571,0 77.5787790001835,12.8546659996015,0 77.5787750001642,12.8546530003223,0 77.5787039998516,12.854663000298,0 77.5786950000046,12.85462799964,0 77.5786770002554,12.8545680004298,0 77.5786879996206,12.854498999624,0 77.5786890001086,12.8544500001488,0 77.5786749997023,12.8544279996218,0 77.57862100011,12.854398000167,0 77.5784879998306,12.8538880002826,0 77.5786680000365,12.8538410004304,0 77.5784770000256,12.8533340000183,0 77.5781320002114,12.8534140000831,0 77.57784500045049,12.8534810000647,0 77.5775789996971,12.8525430003528,0 77.5779000003851,12.8525999997542,0 77.57821900024391,12.8526560002097,0 77.5780859999291,12.8523130000873,0 77.5777480002792,12.8522430000772,0 77.5775359998291,12.8517909999919,0 77.577415000279,12.8515420002916,0 77.5773360000947,12.851393000287,0 77.5771250003089,12.8509649999041,0 77.5768219999437,12.8503269999174,0 77.5768010001092,12.8502890000518,0 77.5767689999176,12.8501999999015,0 77.57676199961141,12.8501780000129,0 77.57668399959169,12.8499549997651,0 77.5765650000714,12.8496150001906,0 77.5764860004055,12.8493900003505,0 77.5764780002128,12.8493680003247,0 77.5762819996375,12.8488079996276,0 77.5762829998756,12.8477710000739,0 77.5760469998889,12.8469960001222,0 77.5760379995799,12.8469690002278,0 77.5759439997456,12.8466590003251,0 77.5745330003905,12.8426640000653,0 77.5736859998149,12.8406460000034,0 77.57374299998619,12.8386439998928,0 77.5747070000274,12.8386540003496,0 77.57478199982501,12.83864799965,0 77.57474499966921,12.8387469997982,0 77.5748079997345,12.8387410001975,0 77.5748249998573,12.8387890002807,0 77.5749160000933,12.8387519996149,0 77.5749930002076,12.8387219997495,0 77.5752010001449,12.8387010001473,0 77.5753859999318,12.8386720000082,0 77.576515999718,12.8384949996405,0 77.57694500004411,12.8384259998898,0 77.5772819999995,12.8383719999003,0 77.57782599979819,12.8383250003051,0 77.5789210001345,12.8382300003328,0 77.5789830001187,12.8383170000824,0 77.5794739997547,12.8380850001881,0 77.57957999997819,12.8380600003451,0 77.5803069998336,12.8379370004155,0 77.5808360004262,12.8377390003299,0 77.5821670001897,12.8370499996601,0 77.5833949997747,12.8418050003044,0 77.58453100026389,12.8431799996508,0 77.5847629998394,12.8432180001448,0 77.58479099977831,12.8432229996773,0 77.5849960002723,12.8432559995991,0 77.5852709999841,12.8433220004438,0 77.5855070003422,12.8433880002254,0 77.5854999999944,12.8434330003223,0 77.5852720000085,12.8436789996258,0 77.58517600001569,12.8438549997885,0 77.58513599957131,12.8439089997885,0 77.5851489996882,12.8439299997841,0 77.5851919996241,12.8439920000098,0 77.5852089996193,12.8440149996886,0 77.5852309999173,12.84404499972,0 77.58526500014059,12.8440930002022,0 77.5852769998571,12.8441090004241,0 77.5853120002141,12.8441590003137,0 77.58531899973489,12.8441690002961,0 77.5853489997001,12.8442109997108,0 77.5853740002977,12.8442459996645,0 77.5853939996818,12.8442740001776,0 77.5854229995569,12.8443140001625,0 77.5854480001764,12.844349000105,0 77.58546799956881,12.8443769997058,0 77.58547199985939,12.8443829998488,0 77.5855110003836,12.8444369996084,0 77.5855550004277,12.8444989998276,0 77.5856049999112,12.844568999687,0 77.5856570003949,12.8446409999279,0 77.5856879996897,12.844684999608,0 77.58569099987039,12.8446890003312,0 77.585708000069,12.844713000074,0 77.585747999807,12.8447679999895,0 77.58580700004531,12.8448510002622,0 77.58582200021409,12.8448729995891,0 77.585827999655,12.8448810001364,0 77.5859029999492,12.8449849996717,0 77.5859139997263,12.8449999996463,0 77.5859460000235,12.8449830004204,0 77.5859480001166,12.8450030001972,0 77.5859950003461,12.8451020003252,0 77.5860060000547,12.8451250003174,0 77.586046000434,12.8452110001304,0 77.5861470004166,12.8451899999652,0 77.5861480001861,12.8453800003461,0 77.58626500006829,12.8453780000631,0 77.5863859997377,12.845377000181,0 77.58647300020689,12.8453760001098,0 77.5865640000346,12.8453720000025,0 77.5865769998325,12.845371000066,0 77.5865779998218,12.8454999996706,0 77.5866130002874,12.845520999569,0 77.5870359997871,12.8455140000373,0 77.5871079999586,12.8455079997631,0 77.5871359998562,12.8454850002889,0 77.58738099969889,12.8461449999569,0 77.5873919995574,12.8461759998712,0 77.5876730001559,12.8468349999057,0 77.58767599989331,12.8469729996773,0 77.5876960001751,12.8469720002104,0 77.5876960002895,12.8469730003237,0 77.5876949997601,12.8469839997034,0 77.5876969996487,12.847098000259,0 77.5880770003963,12.8470870001858,0 77.58808999975859,12.8478169995834,0 77.5880940000681,12.8478459995782,0 77.5881040003958,12.8480299996426,0 77.5882509999593,12.8480260002863,0 77.58841100032021,12.8480209998842,0 77.58844000016541,12.8480210002282,0 77.5884519998271,12.8488329995893,0 77.5884499996455,12.8490569996384,0 77.5884500001217,12.8490610000888,0 77.58844599987781,12.850029999815,0 
						</coordinates>
					</LinearRing>
				</outerBoundaryIs>
			</Polygon>
		</Placemark>
	</Document>
	<Document>
		<name>Ward No. 195.kml</name>
		<StyleMap id="m_ylw-pushpin10">
			<Pair>
				<key>normal</key>
				<styleUrl>#s_ylw-pushpin10</styleUrl>
			</Pair>
			<Pair>
				<key>highlight</key>
				<styleUrl>#s_ylw-pushpin_hl10</styleUrl>
			</Pair>
		</StyleMap>
		<Style id="s_ylw-pushpin10">
			<IconStyle>
				<scale>1.1</scale>
				<Icon>
					<href>http://maps.google.com/mapfiles/kml/pushpin/ylw-pushpin.png</href>
				</Icon>
				<hotSpot x="20" y="2" xunits="pixels" yunits="pixels"/>
			</IconStyle>
			<LineStyle>
				<color>ffffff55</color>
				<width>3</width>
			</LineStyle>
			<PolyStyle>
				<fill>0</fill>
			</PolyStyle>
		</Style>
		<Style id="s_ylw-pushpin_hl10">
			<IconStyle>
				<scale>1.3</scale>
				<Icon>
					<href>http://maps.google.com/mapfiles/kml/pushpin/ylw-pushpin.png</href>
				</Icon>
				<hotSpot x="20" y="2" xunits="pixels" yunits="pixels"/>
			</IconStyle>
			<LineStyle>
				<color>ffffff55</color>
				<width>3</width>
			</LineStyle>
			<PolyStyle>
				<fill>0</fill>
			</PolyStyle>
		</Style>
		<Placemark>
			<name>Ward No. 195.kml</name>
			<styleUrl>#m_ylw-pushpin10</styleUrl>
			<Polygon>
				<tessellate>1</tessellate>
				<outerBoundaryIs>
					<LinearRing>
						<coordinates>
							77.5800199996761,12.8950709997512,0 77.5799469996997,12.8951849996486,0 77.5798559998054,12.8953419996421,0 77.5798449995428,12.8953819999113,0 77.57978000002301,12.8956539999095,0 77.5797379999386,12.8958130001059,0 77.5797110002276,12.8959209999394,0 77.57967600030941,12.896058999995,0 77.5796370003694,12.8962090002616,0 77.57958999954231,12.8963990001235,0 77.5795800000317,12.8964370002263,0 77.5795669995961,12.896485999601,0 77.5795170000747,12.8966830000535,0 77.5794710002835,12.8968430000784,0 77.57952899982079,12.8968829999982,0 77.57952099964599,12.896898000269,0 77.5792699999721,12.897326000384,0 77.5792330004528,12.8973020002416,0 77.5792279997752,12.8972709998504,0 77.5786869997046,12.8970540004454,0 77.5785339996287,12.8969670001317,0 77.5778819999929,12.8966060002766,0 77.5776040001516,12.8964580001306,0 77.5773410000274,12.896312000197,0 77.57692000015039,12.8960510001443,0 77.5755720001892,12.8952969998617,0 77.57514600014829,12.895027000184,0 77.5747130003671,12.8947880000216,0 77.5747030003548,12.8948099999402,0 77.574671999838,12.8947980001188,0 77.5740150001001,12.8945779997652,0 77.57359600033649,12.8945769996994,0 77.5735169996204,12.8947539999616,0 77.5732980000811,12.8946539996757,0 77.5732620000647,12.8946140002773,0 77.5732259996992,12.8947879998546,0 77.57301800031711,12.8946640001876,0 77.5728630004342,12.8948510002755,0 77.57266899963339,12.8948429996485,0 77.5726679998984,12.8948270002989,0 77.57267800029121,12.894644999832,0 77.5725829996771,12.8946400004394,0 77.5725689996295,12.8945879998832,0 77.5725720003185,12.8945709999082,0 77.5725710001899,12.8945709998079,0 77.5718819997375,12.8944879999925,0 77.5718810002048,12.8943790000442,0 77.5718790001052,12.8941910002276,0 77.57188000024441,12.8941489996875,0 77.57186599989861,12.8935830000381,0 77.5718700001563,12.8935590002162,0 77.5719159998619,12.8933839998036,0 77.5719710000788,12.8931389998621,0 77.57199899983431,12.8929589996603,0 77.5720110001527,12.8928609997182,0 77.5720749997739,12.892258000126,0 77.5720890000489,12.8920930002987,0 77.5720849999382,12.8920119998656,0 77.5720539999862,12.8918839998421,0 77.5719670002222,12.8915759997534,0 77.5718790001154,12.8912619996537,0 77.5718609998281,12.8912070000025,0 77.5718290003126,12.8910929997132,0 77.5717550000995,12.8908520000555,0 77.5717249998488,12.8907579997099,0 77.57166499968601,12.8907599998201,0 77.5713870001489,12.8907559999188,0 77.57138400008159,12.890736999958,0 77.5713189999301,12.890734999853,0 77.57081600001951,12.8906890001986,0 77.57005299964869,12.8906139998354,0 77.5700369998474,12.8906639997099,0 77.569289000361,12.8905420001156,0 77.5693790003052,12.8901929995795,0 77.5694150002373,12.8900260001016,0 77.5695590003927,12.8891939998036,0 77.56958699955941,12.8890550001934,0 77.5695899997534,12.8890160001922,0 77.5695640004212,12.8890130003814,0 77.56945300026619,12.8889979999416,0 77.5694480001638,12.8890289996133,0 77.56941099979009,12.8890279996575,0 77.56937200005341,12.889026000233,0 77.5692900002077,12.8890230001189,0 77.56920700025,12.8890199998612,0 77.569160999747,12.8890179995827,0 77.56911799964389,12.8890169997737,0 77.5690750003872,12.889014999824,0 77.5690339995795,12.8890140002459,0 77.5690350004022,12.8890239998021,0 77.56903300018389,12.889023999566,0 77.5686370001134,12.8890030000452,0 77.5686649998879,12.8888390000127,0 77.5686869998038,12.8886470002605,0 77.5686910001735,12.8886200000623,0 77.5687000000389,12.8884470002229,0 77.5687059999163,12.8883180001211,0 77.5687210004297,12.887987000147,0 77.5687220003272,12.887838999765,0 77.5687220002194,12.8877449997138,0 77.5687259999052,12.8876419999232,0 77.568730000028,12.8875849995774,0 77.568733999743,12.8875749997139,0 77.5687600003228,12.8874789998485,0 77.56878000028431,12.8872639996875,0 77.5687979996695,12.8870700001194,0 77.5688019996398,12.8870240002536,0 77.5688060002505,12.8869209995525,0 77.5688119995513,12.8867959999602,0 77.56881800002699,12.8866480001802,0 77.5688179997681,12.8866309998561,0 77.5683430000585,12.8866479997848,0 77.5682649997752,12.8866490002091,0 77.5680919996751,12.8866560004022,0 77.5678120000201,12.8866639998465,0 77.56781199993959,12.8865779998339,0 77.56756600026441,12.8865900001587,0 77.5673579996016,12.8866150004256,0 77.5671370001233,12.8866220001907,0 77.5671029996019,12.8864019995784,0 77.5670760003417,12.8862490001987,0 77.5670689998085,12.8861920002088,0 77.56704400043689,12.8860629996006,0 77.5669100003735,12.8860649997183,0 77.5666890001402,12.8860680003262,0 77.56664099988311,12.8860499999172,0 77.56672499969849,12.8857579999671,0 77.5668249995806,12.8855660003448,0 77.5668500002392,12.8855069997114,0 77.5668929998874,12.8854030002306,0 77.5668950003987,12.8852409997957,0 77.5673589998633,12.8851809997195,0 77.56765799975371,12.8851439998008,0 77.5678800001382,12.8851139997518,0 77.5684249998545,12.8850260000425,0 77.5684979998838,12.8850219995686,0 77.56870500019549,12.8849890002307,0 77.5688810002939,12.8849419997007,0 77.5691649996176,12.8848619999543,0 77.5697160000706,12.8847199998291,0 77.5700679999271,12.8846359995852,0 77.570256000379,12.8845880004111,0 77.5701120001746,12.8842300002238,0 77.57000499995959,12.8839869996668,0 77.5698770002285,12.8836950003252,0 77.57045799974451,12.8835729998222,0 77.5711899996062,12.8834680004471,0 77.5713390001806,12.8834440000774,0 77.5714669996494,12.8834290001711,0 77.5717550001003,12.8833969999107,0 77.5719610002014,12.8833670003681,0 77.5721430000239,12.8833480002655,0 77.5721499996053,12.8833239998951,0 77.5721379998033,12.8832120001014,0 77.5721240004215,12.8830839999104,0 77.572122999984,12.8830679996361,0 77.5724060001005,12.8830559997508,0 77.57243899999069,12.8830440001098,0 77.57247599955041,12.8830239999244,0 77.5724830002132,12.883081999699,0 77.5725980001078,12.8830669996532,0 77.57271500006119,12.8830509996541,0 77.5728269996699,12.8830360000907,0 77.5729189997115,12.8830239995799,0 77.57293500001551,12.8830230002863,0 77.57290599965449,12.8826790000624,0 77.57286799981379,12.8821679999859,0 77.57303000040331,12.8821450003586,0 77.5732109999756,12.8821259995759,0 77.5733949999894,12.8820989998169,0 77.57359100036651,12.8820770000162,0 77.57376800031339,12.8820570001179,0 77.5739519995911,12.8820450000181,0 77.5741219996884,12.8820340002486,0 77.57429000021379,12.8820090002591,0 77.5744290003183,12.8819839998833,0 77.5745640003517,12.8819620002959,0 77.5746260001816,12.8819589999842,0 77.57463800017401,12.8819590003132,0 77.5749190001065,12.8819469995495,0 77.5750010001472,12.8819399997905,0 77.57522900004621,12.8819219998258,0 77.5754989998937,12.881899999749,0 77.5757739997441,12.8818750004341,0 77.5759499999578,12.881403000451,0 77.57610800021941,12.8809800000896,0 77.5761799996111,12.8807919998048,0 77.5762470002277,12.8806019996802,0 77.5763670003506,12.8802910000685,0 77.5763949997081,12.8802250002633,0 77.5764769995927,12.8799899997886,0 77.5765129996861,12.8798390004502,0 77.5765199999734,12.8795739999244,0 77.5765380003316,12.8792920002254,0 77.57654800009649,12.8791850000563,0 77.57657500000209,12.8788919999158,0 77.5766009999444,12.8785999998011,0 77.57662799990889,12.8783860001478,0 77.5766990001226,12.8780980003936,0 77.5767430002569,12.8779739996889,0 77.57684400032301,12.8777949997165,0 77.5769970001612,12.8775350004472,0 77.5771389996343,12.8772709996033,0 77.57727300005691,12.8771109995996,0 77.57727299989379,12.8770609999217,0 77.57726299982249,12.8768339997086,0 77.5772760003219,12.8766480003006,0 77.5772800000224,12.8766329997909,0 77.5773250000168,12.8765209997095,0 77.57745300031659,12.8761939998623,0 77.57751700011229,12.8760229999423,0 77.5777599998071,12.8760559999778,0 77.57786099972731,12.8760600000863,0 77.5780600002235,12.876066999777,0 77.5781039996624,12.8760670002903,0 77.57823499984239,12.8760679999869,0 77.57834799973941,12.8758329995944,0 77.5784609997891,12.8757500001559,0 77.57852000038309,12.8757179999743,0 77.5785539997056,12.8757039996387,0 77.57878800001779,12.8755949999768,0 77.57888200005181,12.8755509996915,0 77.5789560001185,12.8755169996573,0 77.5789099996004,12.8754510002795,0 77.57893200046119,12.8753670004065,0 77.5790200002629,12.8752789997348,0 77.57918600010539,12.8751749996621,0 77.57961199982481,12.8750650002602,0 77.5799470003344,12.8751380003865,0 77.5802450002025,12.8752369999445,0 77.580337999714,12.8752449998383,0 77.5805090003963,12.8752569995684,0 77.5807640004053,12.8752790002064,0 77.58095399971199,12.8752960000261,0 77.5811129998052,12.8753160001991,0 77.5812589996964,12.8753310004269,0 77.58132400005159,12.8753329996575,0 77.58146100016199,12.8753369995478,0 77.5815279996897,12.8753389998012,0 77.5816089998406,12.8753410002575,0 77.5816980004444,12.8753439996369,0 77.5817859998857,12.8753369995542,0 77.5818059998592,12.8753370002504,0 77.5818069999996,12.8754200000973,0 77.5818150002854,12.875443999926,0 77.5820289999907,12.8764690001704,0 77.58213499998941,12.8765930003222,0 77.58218700020321,12.87665299961,0 77.582434999586,12.8769399997351,0 77.58250700010539,12.8773330003467,0 77.58307800031611,12.8772339999152,0 77.5831149997704,12.8772290002585,0 77.58341300030909,12.8771839996334,0 77.583754999962,12.8771299998887,0 77.58412900005391,12.8770760001462,0 77.58413199971881,12.8770120002147,0 77.5845150002727,12.8770129996813,0 77.5849029999284,12.8770129997176,0 77.58516299983251,12.8770139999234,0 77.5852329995524,12.8770140000104,0 77.5855589995485,12.8770200001954,0 77.5855690001284,12.8771139998188,0 77.58559399999299,12.8773539999053,0 77.58561099974131,12.8775169997177,0 77.5856129999156,12.8775389996434,0 77.5855410000474,12.8776039997497,0 77.5854039998006,12.877606000211,0 77.58543999972321,12.8778349997755,0 77.5854679998545,12.8780680001665,0 77.58559000024459,12.8786330001054,0 77.58630899990369,12.8790150002015,0 77.58661000009749,12.8791729998626,0 77.5869160003956,12.8793339997328,0 77.5871870004386,12.8794849996904,0 77.5872440004333,12.8795149999563,0 77.5874339995451,12.8796170003664,0 77.5876040002116,12.8797110004102,0 77.58774800010301,12.8797830000658,0 77.5879530000023,12.8798950001396,0 77.58828900040881,12.8800790004375,0 77.5887089998561,12.8803150003032,0 77.5890080004109,12.8804830003572,0 77.5896979995606,12.8808480003575,0 77.5898760000412,12.8809460003262,0 77.5901709999127,12.881101999976,0 77.5904109996861,12.8812349997624,0 77.59062900019541,12.8813499999837,0 77.5904740001954,12.8825539998353,0 77.59046899966479,12.88258899988,0 77.5907150001471,12.8830789997977,0 77.59080699998999,12.8832700001112,0 77.59084400017871,12.8833560001971,0 77.59095600020279,12.8835970003762,0 77.5910840003157,12.8839419998481,0 77.59117799982251,12.8842020003356,0 77.59119699969391,12.8842629996125,0 77.5912989999949,12.8845810003326,0 77.5913519996702,12.8848229998908,0 77.59136299993619,12.8848720002369,0 77.5914110000641,12.885123999762,0 77.59143700006619,12.8852569999003,0 77.591470000426,12.8854060002205,0 77.59156200045889,12.8857900003068,0 77.5916180002292,12.8864820001916,0 77.59166299973521,12.887299999817,0 77.59168300007509,12.8876120002095,0 77.5917040001671,12.8879440000929,0 77.5917069998756,12.8882940004332,0 77.5917079998089,12.888350000251,0 77.5914550001057,12.888412000439,0 77.59084999965771,12.8886239999546,0 77.5906329997417,12.8886619998886,0 77.5902359995892,12.8887219998051,0 77.588846999951,12.8889379997653,0 77.5888259998857,12.8889750002579,0 77.5883490003723,12.8890500001785,0 77.5882359998749,12.8890129999757,0 77.5882380000595,12.8890439999083,0 77.5882289996221,12.8890529996034,0 77.5882030003519,12.8890620003189,0 77.58802499963021,12.8890899997912,0 77.5879310003037,12.8891049998046,0 77.5876359998318,12.8891610002897,0 77.5873430000438,12.8891900002375,0 77.5870469998687,12.8892320002796,0 77.5867460003216,12.8892700001952,0 77.5866170004367,12.8892870000099,0 77.58646100017781,12.8893069996036,0 77.5862030002481,12.8893540003739,0 77.5861419999685,12.8893679996179,0 77.5859159997142,12.8894180003642,0 77.5856359997952,12.8894829996545,0 77.5854250000711,12.8895549997159,0 77.5853499999504,12.8895810002725,0 77.5852530001587,12.8896120001325,0 77.5844529999806,12.8898790004353,0 77.5841439995784,12.8899780004531,0 77.5839109999949,12.8900549995823,0 77.58378300016339,12.8900990003537,0 77.5836520002282,12.8901380003107,0 77.5834240004104,12.8902050000291,0 77.5833360002983,12.8902310001602,0 77.58303400031831,12.8903290002448,0 77.5825439996585,12.8904980003433,0 77.5818639996216,12.8913269999235,0 77.5818060000918,12.8913810004069,0 77.5818250003941,12.891883000281,0 77.58183199965541,12.8921430001856,0 77.58130499984399,12.8921130001633,0 77.5809399996599,12.8921209997284,0 77.5808099996873,12.8921120002216,0 77.5808010002342,12.8921780000409,0 77.5807859998186,12.8922719999952,0 77.5807740000073,12.8923530004498,0 77.5807489996827,12.8924420000069,0 77.5807210003403,12.8925419997191,0 77.5807059996924,12.8926950002382,0 77.5806939999293,12.8928069997947,0 77.5806859998236,12.892881999842,0 77.5806750000111,12.8929850002284,0 77.58067200011899,12.8930570002824,0 77.58030900037041,12.8942720004181,0 77.58033099970019,12.8942749996516,0 77.5803279996276,12.8942849997011,0 77.5800199996761,12.8950709997512,0 
						</coordinates>
					</LinearRing>
				</outerBoundaryIs>
			</Polygon>
		</Placemark>
	</Document>
	<Document>
		<name>Ward No. 196.kml</name>
		<StyleMap id="m_ylw-pushpin11">
			<Pair>
				<key>normal</key>
				<styleUrl>#s_ylw-pushpin11</styleUrl>
			</Pair>
			<Pair>
				<key>highlight</key>
				<styleUrl>#s_ylw-pushpin_hl11</styleUrl>
			</Pair>
		</StyleMap>
		<Style id="s_ylw-pushpin11">
			<IconStyle>
				<scale>1.1</scale>
				<Icon>
					<href>http://maps.google.com/mapfiles/kml/pushpin/ylw-pushpin.png</href>
				</Icon>
				<hotSpot x="20" y="2" xunits="pixels" yunits="pixels"/>
			</IconStyle>
			<LineStyle>
				<color>ffffff55</color>
				<width>3</width>
			</LineStyle>
			<PolyStyle>
				<fill>0</fill>
			</PolyStyle>
		</Style>
		<Style id="s_ylw-pushpin_hl11">
			<IconStyle>
				<scale>1.3</scale>
				<Icon>
					<href>http://maps.google.com/mapfiles/kml/pushpin/ylw-pushpin.png</href>
				</Icon>
				<hotSpot x="20" y="2" xunits="pixels" yunits="pixels"/>
			</IconStyle>
			<LineStyle>
				<color>ffffff55</color>
				<width>3</width>
			</LineStyle>
			<PolyStyle>
				<fill>0</fill>
			</PolyStyle>
		</Style>
		<Placemark>
			<name>Ward No. 196.kml</name>
			<styleUrl>#m_ylw-pushpin11</styleUrl>
			<Polygon>
				<tessellate>1</tessellate>
				<outerBoundaryIs>
					<LinearRing>
						<coordinates>
							77.57243899999069,12.8830440001098,0 77.5724060001005,12.8830559997508,0 77.572122999984,12.8830679996361,0 77.5721240004215,12.8830839999104,0 77.5721379998033,12.8832120001014,0 77.5721499996053,12.8833239998951,0 77.5721430000239,12.8833480002655,0 77.5719610002014,12.8833670003681,0 77.5717550001003,12.8833969999107,0 77.5714669996494,12.8834290001711,0 77.5713390001806,12.8834440000774,0 77.5711899996062,12.8834680004471,0 77.57045799974451,12.8835729998222,0 77.5698770002285,12.8836950003252,0 77.57000499995959,12.8839869996668,0 77.5701120001746,12.8842300002238,0 77.570256000379,12.8845880004111,0 77.5700679999271,12.8846359995852,0 77.5697160000706,12.8847199998291,0 77.5691649996176,12.8848619999543,0 77.5688810002939,12.8849419997007,0 77.56870500019549,12.8849890002307,0 77.5684979998838,12.8850219995686,0 77.5684249998545,12.8850260000425,0 77.5678800001382,12.8851139997518,0 77.56765799975371,12.8851439998008,0 77.5673589998633,12.8851809997195,0 77.5668950003987,12.8852409997957,0 77.56689500042511,12.8852109996007,0 77.56684400010791,12.8849180000249,0 77.5668079996759,12.8847049998919,0 77.56678399991171,12.884576000235,0 77.5667420003317,12.8843840001382,0 77.5667189997552,12.8842849998975,0 77.56666000003131,12.8839570001094,0 77.5666350003515,12.8838430003754,0 77.5664879998418,12.8836620003491,0 77.5664459997019,12.8836120001501,0 77.5662989996605,12.8834180001114,0 77.5661500002121,12.8831839999892,0 77.56608500042439,12.8828580002227,0 77.5660239998795,12.8825579997559,0 77.5658330003925,12.8825930000045,0 77.56568599995239,12.8826279998178,0 77.5653870002226,12.8826960000691,0 77.5653750003806,12.8827009999604,0 77.5650959997289,12.882758000353,0 77.5650680003402,12.8827629998149,0 77.5648449999769,12.8828069997287,0 77.5643919997725,12.882925000091,0 77.56382200015921,12.883051000286,0 77.56334500044611,12.8831109997767,0 77.5628860001619,12.8832579997397,0 77.5628800002234,12.8830569998469,0 77.5628490004582,12.8829539999707,0 77.5628299998159,12.8826959997835,0 77.5626680002909,12.8824489997259,0 77.56260800021229,12.8822370002739,0 77.5626099998447,12.8821790002522,0 77.5626569999588,12.8821069996681,0 77.5629840001353,12.8819130002243,0 77.5631110003454,12.8817980003615,0 77.5632000002563,12.8816449998937,0 77.5632380001975,12.8814850000629,0 77.5632329997388,12.8812260000507,0 77.5632549996749,12.8812259996684,0 77.56325399995769,12.8812129996386,0 77.5634079997442,12.8812180002689,0 77.5634640004113,12.881192999784,0 77.5637199998534,12.8811719999999,0 77.563986000284,12.8811570003722,0 77.564277000359,12.8810739997988,0 77.5644110000661,12.881036999703,0 77.56445599999979,12.8809990003101,0 77.56448500017061,12.8809349997985,0 77.56451499998811,12.8809200003273,0 77.56476299988149,12.8808379996246,0 77.5647670000013,12.8808339996737,0 77.56479899989419,12.8808180003281,0 77.56482700008171,12.8807769999052,0 77.5648340002877,12.8807699999901,0 77.5649529999784,12.8807060003937,0 77.5650509998472,12.8805869997702,0 77.5652890001097,12.8805570003092,0 77.5655879997822,12.8804269998916,0 77.56559100001481,12.8804270003046,0 77.5655950002605,12.8804080002276,0 77.565601000339,12.88016800011,0 77.5656010001817,12.8801470001301,0 77.5660619997345,12.8801649999669,0 77.5660609995717,12.8801460001128,0 77.5660610003895,12.8798490000743,0 77.56606099960879,12.8796600003062,0 77.5660570001744,12.8796239996652,0 77.5660099999205,12.8794209997692,0 77.5659809997242,12.8793160004143,0 77.5659790004314,12.8792970004109,0 77.5662350002234,12.879227000405,0 77.5665760002863,12.8791569999618,0 77.5665739999766,12.879136999853,0 77.5665559997159,12.8789349996522,0 77.56675499971399,12.8789180000391,0 77.56693800044511,12.878902000057,0 77.5670950004218,12.8788889995735,0 77.5672290003381,12.8788870000437,0 77.56731299961839,12.8788860002615,0 77.5673539996172,12.8788850001605,0 77.5674180003525,12.8790610002708,0 77.5675520000438,12.8789910000658,0 77.56759199991539,12.8789730003479,0 77.5675759999866,12.878930000011,0 77.5675509998859,12.8788469997349,0 77.567538000422,12.8788080002918,0 77.5675220003931,12.8787310001511,0 77.5675160001494,12.8787020001969,0 77.5675060000887,12.8786649995992,0 77.56749499974541,12.8786240001701,0 77.5674700002383,12.8785339998834,0 77.5674340003207,12.8784009999017,0 77.5674130003392,12.8783130003906,0 77.5673879996515,12.8782170002364,0 77.5673729996231,12.8781530000468,0 77.5673650002195,12.8781079995819,0 77.5673569998507,12.878061999902,0 77.5673470003443,12.8780009998467,0 77.5673380003868,12.877946999914,0 77.56732800003179,12.8778869999914,0 77.5673150003759,12.877810000209,0 77.56730900033089,12.8777670002656,0 77.5671550003099,12.8777959995769,0 77.5671410004399,12.8777979997564,0 77.567141000383,12.8777969996297,0 77.5670500000939,12.8769939998903,0 77.5670659997209,12.8769860001357,0 77.5671829999954,12.8769610000979,0 77.567160999666,12.8767450003609,0 77.5671300000045,12.8765160004436,0 77.56708900020659,12.8764969996988,0 77.5670390003805,12.8764700003205,0 77.5650229997546,12.8775540004342,0 77.5650009995602,12.8774430001695,0 77.56347599974021,12.8778079996917,0 77.5626480001151,12.8769000000946,0 77.56282499966299,12.8766600002119,0 77.5621839997205,12.8760820000291,0 77.5617660003408,12.8757040002431,0 77.5615590002601,12.8754259999353,0 77.56128000019361,12.8750879999449,0 77.5609799996148,12.8749380001538,0 77.5608269999266,12.8748700000884,0 77.5605449998493,12.8747519995879,0 77.5604880002758,12.8746830002114,0 77.5603769995484,12.8742629998523,0 77.5603609997939,12.8741999997547,0 77.55984300008591,12.8743309999999,0 77.5597889997522,12.8743279997367,0 77.5598389998836,12.8744089997486,0 77.5598940003381,12.8745280001807,0 77.55992399999759,12.8746330000595,0 77.5599429995646,12.8747210003903,0 77.5598850002781,12.8747360000746,0 77.5597629997321,12.8747759997653,0 77.5596330004546,12.874813000384,0 77.5596229999411,12.8748160000382,0 77.5595619996478,12.8748369999687,0 77.5595190002811,12.8748530003887,0 77.55939699963839,12.8748950001954,0 77.5593299999134,12.8749180002457,0 77.5592689995828,12.8749400002497,0 77.55913399999849,12.8749860001121,0 77.5590219997522,12.8750260002622,0 77.5589610002548,12.8750470000622,0 77.5588560002741,12.8750829998847,0 77.55873300024631,12.8751260002828,0 77.55872499982689,12.8751290002427,0 77.55867199976829,12.8751470000334,0 77.5586339996254,12.8751620001409,0 77.558548999663,12.8751900003566,0 77.5583539999155,12.8752420004516,0 77.5583049999638,12.8752560003203,0 77.5582629999118,12.8753420001557,0 77.55750200027499,12.8749859997929,0 77.5569890000733,12.8747319999883,0 77.5569359996142,12.8747269999552,0 77.5564729997195,12.8748250001203,0 77.5559409999464,12.8749499998531,0 77.5556129998208,12.8750340001164,0 77.5553940004305,12.8750839998053,0 77.55497000035911,12.8751879999876,0 77.5548500003211,12.8752170000369,0 77.5546489998061,12.8752650003846,0 77.5546890003851,12.875458999826,0 77.55466399973071,12.8754640004367,0 77.5546379999259,12.8754700000858,0 77.55464599970421,12.8755159996938,0 77.5543689995616,12.8755830002275,0 77.55409400026031,12.8756489998166,0 77.553930999801,12.8756880001041,0 77.55389099995421,12.8756970001962,0 77.55344800024019,12.8758039995769,0 77.5532930000512,12.8758339997697,0 77.55325700041401,12.8758410002516,0 77.5532009998829,12.8755430002755,0 77.5528929997466,12.8756140003203,0 77.55294799992021,12.87589800012,0 77.5529159996027,12.8759040002841,0 77.5526719996225,12.8759499998447,0 77.5526059997752,12.8759489997337,0 77.5524669998472,12.8758900002081,0 77.5522650002422,12.8758489999753,0 77.55225200029329,12.8758480000416,0 77.55224600001731,12.8758229999577,0 77.55223300006961,12.8758220000228,0 77.55172600025359,12.8754069997609,0 77.5517110003499,12.8753860002532,0 77.5515269999317,12.8754160000549,0 77.5512539995933,12.8754869996549,0 77.55101800015819,12.8752480003253,0 77.55104999979901,12.8752189999257,0 77.5512209996886,12.8751540002922,0 77.5511829996876,12.8748149999873,0 77.55117799964989,12.8747869996332,0 77.55110399987289,12.8742400003357,0 77.5511019999952,12.8740499997667,0 77.5511020001104,12.8740400001844,0 77.5511020003609,12.8740169996998,0 77.5510929998775,12.8738469996161,0 77.5510900003771,12.8737869997204,0 77.5510790001466,12.8735889998605,0 77.55107800042541,12.8735600001495,0 77.5510720003799,12.8735329997248,0 77.5510229999531,12.8733260000742,0 77.5512759996885,12.8732630000673,0 77.5510989996575,12.8725649998731,0 77.550717999664,12.8719169996294,0 77.55037999969871,12.8711949995843,0 77.5501380001887,12.8706780000438,0 77.55014199978829,12.8704499997334,0 77.5501450002109,12.8702269999067,0 77.5501580003566,12.8702009998386,0 77.5505240000665,12.8694649998902,0 77.5506989999854,12.8688110003682,0 77.5506790002548,12.8686380001776,0 77.5507930002011,12.8685810000935,0 77.5507880003241,12.8681220001519,0 77.5509090000447,12.8679679997226,0 77.55083400001109,12.8675370002711,0 77.5507429998288,12.8674170001874,0 77.5505790002132,12.8670849997565,0 77.5495650003713,12.8670179996948,0 77.549543999656,12.8670179998232,0 77.5494980004032,12.866956999688,0 77.5494130002476,12.8669190000147,0 77.5493339996995,12.8668289996898,0 77.54919900001779,12.8667429998261,0 77.5491789996654,12.8667680000297,0 77.5485159996289,12.8667959997084,0 77.5482620002803,12.8654999998624,0 77.54807100026881,12.8651300002774,0 77.54806100024039,12.8650909998236,0 77.5480769997764,12.8649069998428,0 77.5482869997915,12.8647839998234,0 77.5485479999425,12.8646939999311,0 77.54854500029251,12.864678999876,0 77.5486530002597,12.8644509999184,0 77.5486709996421,12.8642280003262,0 77.5485619996274,12.8640429995693,0 77.5485450001088,12.8640129998,0 77.5483300004133,12.8639610002739,0 77.5483009996271,12.8638120000467,0 77.548202000354,12.8635960004404,0 77.5479460002863,12.8635109996002,0 77.5476160001238,12.8633860000767,0 77.5475880004259,12.8634700004329,0 77.54756799983041,12.8634750003744,0 77.5470049998264,12.8629539999248,0 77.5467799996337,12.8626639998065,0 77.5467210002121,12.8624220000127,0 77.5466129996156,12.8621690003012,0 77.54663999961819,12.8618910001106,0 77.54673699967729,12.8617840002438,0 77.5461870000307,12.8607689997112,0 77.5459279997939,12.8602870001259,0 77.5457479996083,12.8599719996859,0 77.5450969999865,12.858841999848,0 77.54510599977429,12.858807999755,0 77.54527099980589,12.8586239997913,0 77.5453090000867,12.8585809996928,0 77.5462199996297,12.8575650002667,0 77.5443949996087,12.8573270000953,0 77.5443919997026,12.8570169997465,0 77.5451100004469,12.8570829998143,0 77.54521899960081,12.8559639995972,0 77.544381000125,12.8558630001144,0 77.54435800024009,12.8547910003647,0 77.5460329997541,12.8545080003704,0 77.5459660004117,12.8543349997437,0 77.54595600028919,12.8535000003421,0 77.5459280002534,12.8530860002826,0 77.5457730004169,12.8527629998708,0 77.5457610000322,12.8527379997959,0 77.5443759998182,12.8531380002512,0 77.5443739996654,12.8529199998243,0 77.5443829996649,12.8528320000726,0 77.54552400007709,12.8524990001754,0 77.5454370003584,12.8522729995464,0 77.5453230003906,12.8521580003645,0 77.5449490003525,12.8508349998201,0 77.5458070004558,12.8497679995878,0 77.5453650002173,12.8492010001626,0 77.5453620000375,12.8491890004286,0 77.54543400044911,12.8491700003476,0 77.5455259997848,12.8490529999039,0 77.5454150001856,12.8487360000464,0 77.5452849996994,12.8485229997414,0 77.54530399974141,12.8484239999131,0 77.5451870000349,12.848413000183,0 77.54483899996551,12.8484280002168,0 77.5448140002074,12.8484070001958,0 77.5443609997117,12.8477459999842,0 77.5477270002893,12.8477919997509,0 77.54773000004261,12.8476099997526,0 77.5477280004461,12.8470930004435,0 77.550767000147,12.8469930002003,0 77.5514349996407,12.8474999997661,0 77.55178299990131,12.8476200002061,0 77.55199900014161,12.8476289998166,0 77.5519720000096,12.8475130004173,0 77.5520549995542,12.8474940001425,0 77.5526270001445,12.8472479997326,0 77.5527280001134,12.8472090002853,0 77.5532349996944,12.8470349995605,0 77.55328700041071,12.8470159996637,0 77.55327799966081,12.846988000223,0 77.5532190004312,12.8468030001022,0 77.55321200019461,12.8467500003063,0 77.55320200032151,12.846495999946,0 77.5528189998647,12.8458269995763,0 77.5525989999159,12.8456040003891,0 77.552811999927,12.845628000182,0 77.55285400025009,12.8456709997084,0 77.55288699959161,12.8456999998982,0 77.5529230002129,12.8457450002219,0 77.5529540003911,12.8457820001793,0 77.55298400016861,12.8458010001289,0 77.5530630003642,12.8458110001199,0 77.5531889998671,12.8457859996968,0 77.5532790000145,12.8457359999212,0 77.5533040002604,12.8457089996106,0 77.55338800015269,12.8456039999422,0 77.5534389999287,12.8455760004244,0 77.55349599978121,12.8455299996549,0 77.5535349997768,12.8455189999676,0 77.55367399965751,12.8454769997031,0 77.55372099956659,12.8454899995697,0 77.553800999807,12.8455320003809,0 77.5538449998228,12.8455480000123,0 77.55387999972601,12.8455500003424,0 77.5540120000132,12.8455460000946,0 77.5540780004475,12.8455299998119,0 77.55412399960591,12.8454949999847,0 77.55413200012561,12.8455370002211,0 77.554239000229,12.8455169997014,0 77.5542180000255,12.8454049997457,0 77.5542089997477,12.8453539998659,0 77.5542010001088,12.8453139999009,0 77.5541900001632,12.8452530000251,0 77.5541769995604,12.8451849996747,0 77.55416900004541,12.8451399999167,0 77.55415600036051,12.8450729996922,0 77.55414399973979,12.845005000447,0 77.5541660003971,12.8450020000678,0 77.5542070003213,12.8451570001957,0 77.5543320003023,12.8452650003137,0 77.5544510003771,12.8454359996908,0 77.55457999955659,12.8455870000895,0 77.5546590003935,12.8457530003451,0 77.5547560001435,12.8458820000451,0 77.5550439998951,12.8461780001267,0 77.5551340001431,12.8463220002582,0 77.5551500000676,12.8463320003589,0 77.55520799973679,12.8462800004294,0 77.5552570002495,12.8462029997416,0 77.5552509996964,12.8460859996031,0 77.55526700008819,12.8459529998974,0 77.5553599995512,12.8458469996099,0 77.55548199976781,12.8457050001973,0 77.55555199969361,12.8456399999559,0 77.5556289996497,12.8456059999471,0 77.5556950002232,12.8455700001387,0 77.5557289997288,12.8455379998712,0 77.5557449999835,12.8455230001197,0 77.5558300000588,12.8454450001481,0 77.5559029995389,12.8453229998561,0 77.55595099998079,12.8451650004453,0 77.555948999579,12.8449430003192,0 77.55602099969239,12.8447689999177,0 77.5561189999931,12.8446629995772,0 77.5560050000656,12.8444250001275,0 77.5559950002649,12.8442640004301,0 77.5560600003239,12.8441140001294,0 77.5561200002761,12.8439890004441,0 77.55615999970919,12.8438550000361,0 77.5563570003994,12.843845000121,0 77.5565219999702,12.8438599998347,0 77.5567899996371,12.8438650004174,0 77.5569300001183,12.8438559997619,0 77.5569150003486,12.8438379997603,0 77.5570359998385,12.8436909999657,0 77.55705699963779,12.8435869998546,0 77.55702199971491,12.8434519998221,0 77.55690500001489,12.843366000187,0 77.5569149997156,12.8432580000675,0 77.5571530001483,12.843222999829,0 77.557251999805,12.8431620001643,0 77.5573820000002,12.8432029996695,0 77.55741000009751,12.8431930001845,0 77.557362000051,12.8429659995867,0 77.5573319999063,12.8428199999932,0 77.5573609999164,12.8414600000772,0 77.5573959998287,12.8414859996921,0 77.55810100015729,12.8412390004248,0 77.5587449995855,12.841013999785,0 77.5587619997322,12.8409330002193,0 77.5587060003607,12.8407839999603,0 77.55866299999759,12.8407800001603,0 77.5586410001725,12.8407320002485,0 77.5605080001981,12.8397640001957,0 77.5605310001586,12.8397520001677,0 77.56173499956751,12.8391269995762,0 77.5617790003254,12.8391040000079,0 77.5616319996642,12.8387549997636,0 77.5629919997433,12.8387349995765,0 77.56308300012989,12.8387439997749,0 77.566060000009,12.8387419998657,0 77.5691580003602,12.8386980002061,0 77.57209299977811,12.8386300001026,0 77.57374299998619,12.8386439998928,0 77.5736859998149,12.8406460000034,0 77.5745330003905,12.8426640000653,0 77.5759439997456,12.8466590003251,0 77.5760379995799,12.8469690002278,0 77.5760469998889,12.8469960001222,0 77.5762829998756,12.8477710000739,0 77.5762819996375,12.8488079996276,0 77.5764780002128,12.8493680003247,0 77.5764860004055,12.8493900003505,0 77.5765650000714,12.8496150001906,0 77.57668399959169,12.8499549997651,0 77.57676199961141,12.8501780000129,0 77.5767689999176,12.8501999999015,0 77.5768010001092,12.8502890000518,0 77.5768219999437,12.8503269999174,0 77.5771250003089,12.8509649999041,0 77.5773360000947,12.851393000287,0 77.577415000279,12.8515420002916,0 77.5775359998291,12.8517909999919,0 77.5777480002792,12.8522430000772,0 77.5780859999291,12.8523130000873,0 77.57821900024391,12.8526560002097,0 77.5779000003851,12.8525999997542,0 77.5775789996971,12.8525430003528,0 77.57784500045049,12.8534810000647,0 77.5781320002114,12.8534140000831,0 77.5784770000256,12.8533340000183,0 77.5786680000365,12.8538410004304,0 77.5784879998306,12.8538880002826,0 77.57862100011,12.854398000167,0 77.5786749997023,12.8544279996218,0 77.5786890001086,12.8544500001488,0 77.5786879996206,12.854498999624,0 77.5786770002554,12.8545680004298,0 77.5786950000046,12.85462799964,0 77.5787039998516,12.854663000298,0 77.5787750001642,12.8546530003223,0 77.5787790001835,12.8546659996015,0 77.5788380002366,12.8549539998571,0 77.57884700028239,12.8549800003227,0 77.5788529996688,12.8549970002978,0 77.57886999971289,12.8550589996133,0 77.578845000409,12.8550679998541,0 77.5787140003704,12.8551130004242,0 77.5786940002086,12.8551140002286,0 77.5787179996683,12.8551830002475,0 77.57874199989431,12.8552500000133,0 77.5787779998456,12.855350999717,0 77.5788180001414,12.8554679999465,0 77.5788709998488,12.855614999723,0 77.579003000253,12.8555829997933,0 77.5790860003562,12.8558189997699,0 77.5791970004029,12.8562000001138,0 77.57936300010439,12.856894000134,0 77.5794039998561,12.8571439999447,0 77.57955500021841,12.858090000192,0 77.579437000239,12.8581119999327,0 77.57944099979569,12.8581389999597,0 77.57949599976089,12.8584299996796,0 77.5795000001653,12.8584559995752,0 77.5793479996331,12.8584760001614,0 77.579055999766,12.8585130001328,0 77.5787190003439,12.8585569995805,0 77.57838300005,12.8586039999929,0 77.578279000439,12.8586169996528,0 77.57786299973181,12.8586769997896,0 77.57795799954521,12.8596049999489,0 77.5776329997973,12.8597140001923,0 77.5776190004441,12.8596750002967,0 77.5775630002893,12.8595520001987,0 77.5773970002172,12.8596209997007,0 77.5772659995795,12.8596680002524,0 77.5772259999107,12.8595519999206,0 77.5771430001637,12.8591760004056,0 77.5770740003661,12.8594039997284,0 77.57697399971021,12.8593420002236,0 77.576893999783,12.85918899995,0 77.576892999664,12.8590720000885,0 77.5769439998911,12.8590280003665,0 77.5769460001865,12.8588939996743,0 77.5769440003852,12.8588729996125,0 77.57670600023251,12.8589230001178,0 77.57663799974139,12.8589369996789,0 77.57647900044481,12.858970000383,0 77.5763200001585,12.8590030001042,0 77.5762519996055,12.859016999573,0 77.57608099966809,12.859052999975,0 77.57589300015449,12.8590919995995,0 77.57582299964849,12.8591069997622,0 77.5756330001342,12.8591470000111,0 77.57560699999689,12.8591520003406,0 77.5755699996888,12.858991999988,0 77.57554599975219,12.8590000000016,0 77.57516399978471,12.8591689998075,0 77.57488299980049,12.8591869997425,0 77.5746290003911,12.8592070001244,0 77.5744990001584,12.8592289999948,0 77.5742370004528,12.8592849998821,0 77.574165999817,12.8592879998356,0 77.57408800040319,12.8591869996276,0 77.57402100030249,12.8592520004434,0 77.574054000262,12.8594189997591,0 77.57402600019969,12.8594259999463,0 77.5738819999046,12.8594610003548,0 77.5737050004479,12.8595030002274,0 77.5736520001573,12.8595159998727,0 77.5735029998452,12.8595519996027,0 77.5733399999167,12.8595919998247,0 77.5732860004486,12.8596040000503,0 77.5731719999804,12.859632000237,0 77.5730420001303,12.8596530002199,0 77.57304399983261,12.8596629999066,0 77.57299000038989,12.8596760002002,0 77.5727870002825,12.8597239997208,0 77.5727669996551,12.8597250000493,0 77.572752000325,12.8597040000635,0 77.5727360000303,12.8597109998283,0 77.5725910000653,12.8597730001071,0 77.57258599955161,12.8597640001674,0 77.5724399996224,12.8598130004354,0 77.57238699965519,12.8598339999374,0 77.5721920000821,12.8599120001776,0 77.5720080000135,12.8599860003078,0 77.57198399987359,12.8599950001579,0 77.5719629996689,12.8599430000017,0 77.5719390002739,12.8599490003687,0 77.571829000081,12.8599890002286,0 77.57171299957611,12.8600389996218,0 77.571685999632,12.8600510003357,0 77.5716609998757,12.860005000373,0 77.5716339997395,12.8600139998044,0 77.5715200000224,12.8600630001509,0 77.5716130004086,12.860237999804,0 77.57161299958619,12.8602550001322,0 77.5714509999116,12.8601909999639,0 77.5714200001799,12.8601910004356,0 77.5714180001942,12.8601910001745,0 77.5713859995389,12.8601909996173,0 77.5713700003438,12.8602179999988,0 77.5712070003628,12.8603059996262,0 77.571028999744,12.8603830003376,0 77.5709839995537,12.8603899997992,0 77.5711420002108,12.8606750003377,0 77.5711500000555,12.8606890004343,0 77.5711969997997,12.8606740001988,0 77.5712949997329,12.8609180002288,0 77.57136299995349,12.861238000381,0 77.57136999985541,12.8613759996009,0 77.57137099991751,12.8614849998276,0 77.571372999663,12.8617269996731,0 77.5713800004136,12.8619390000097,0 77.57138399992481,12.8620380002764,0 77.5714110002927,12.8622579996748,0 77.5714699995454,12.8626239997685,0 77.5715290001622,12.8628130002542,0 77.5716349997743,12.8631750003291,0 77.5716819996464,12.8633329998527,0 77.5717469998386,12.8635960002888,0 77.5712590001843,12.8637020000034,0 77.5709830001357,12.863758000296,0 77.5705969997794,12.8638239998341,0 77.57043099961059,12.8638399999176,0 77.57043799978371,12.8638580003905,0 77.57046900021069,12.8640519999422,0 77.5704729997359,12.8640749997496,0 77.56978299996651,12.8641769996833,0 77.5697920003787,12.8645629998944,0 77.5697699996029,12.8645530002175,0 77.5697669995687,12.8645529998168,0 77.5696999999185,12.8645050001467,0 77.56954900006021,12.8644510001504,0 77.5693060001168,12.8643939998678,0 77.5690110002998,12.8644000002157,0 77.5687150002574,12.8644570002465,0 77.5685440002477,12.8644920000465,0 77.5682339995917,12.8645459999671,0 77.5681689995607,12.8645599998969,0 77.56815000037049,12.8645620001968,0 77.56814700012789,12.8646510002695,0 77.5681419997438,12.8648120001959,0 77.5681040000929,12.865089000336,0 77.56804400031579,12.8655189997268,0 77.5680330002869,12.8657439997387,0 77.56801400035719,12.8661390004039,0 77.5679610001616,12.8665039997482,0 77.5679619997595,12.866569000037,0 77.5679879996428,12.8666299996767,0 77.568023999922,12.8666580001097,0 77.5685220001444,12.8666530004011,0 77.5687690002152,12.8666519996589,0 77.56923199973291,12.8666180001166,0 77.5692329995488,12.8666310000894,0 77.5694779996776,12.8673509999819,0 77.5696569996087,12.8678740001864,0 77.5696950002143,12.8679959997796,0 77.5698469997984,12.8684899997087,0 77.56985900037409,12.8685100001735,0 77.5700280004513,12.8684389996993,0 77.5700530003628,12.8685190003577,0 77.5703749998947,12.8693349997915,0 77.570601000336,12.8697950004113,0 77.57061900034491,12.8699029999571,0 77.5706260004545,12.8699739997961,0 77.570587999564,12.8702110002844,0 77.5705629999822,12.8703609996423,0 77.5704509999285,12.8710579996108,0 77.5704230002419,12.8712379996478,0 77.5703879998741,12.8714549998315,0 77.5703920001224,12.8714999996494,0 77.5704209996633,12.8718360002372,0 77.57044400020899,12.8721030004307,0 77.5704459996486,12.872136000303,0 77.5704679999068,12.8724259996229,0 77.5704769998014,12.8725039996758,0 77.5705370003194,12.8731089997665,0 77.570628999927,12.8740159999346,0 77.57053699989631,12.8744829999526,0 77.57050900033749,12.8745379997466,0 77.5705809997464,12.8747240002797,0 77.5706579997845,12.875023000136,0 77.5707090003342,12.8752780002853,0 77.5707569998487,12.875517999981,0 77.5708020000921,12.8757689997443,0 77.5708070001677,12.8757929997326,0 77.5708289998567,12.8759050001207,0 77.57076700037879,12.8759349999278,0 77.570767999924,12.8759409998992,0 77.5707539997442,12.8760300002662,0 77.57074699999809,12.8760930000446,0 77.57072799963279,12.8761029998855,0 77.5707009996715,12.8763669997277,0 77.57068299987139,12.876665999613,0 77.57065799994059,12.8770619999127,0 77.5706399997388,12.8773010004489,0 77.57083999971709,12.8772870003021,0 77.5710120001699,12.8772650001668,0 77.57115300014389,12.8772499998106,0 77.57143899979,12.8772009997052,0 77.5717289996544,12.877154000021,0 77.5718739996129,12.8771379996392,0 77.57201899982449,12.8771010001914,0 77.57211500043149,12.8770589997981,0 77.57230199992939,12.8769330003992,0 77.57259200040799,12.8767220003719,0 77.5728089995614,12.8765290003836,0 77.57300399978151,12.8763340002422,0 77.5730639999793,12.8762710001567,0 77.5731169999019,12.8762450002174,0 77.5734590003953,12.8761809999068,0 77.57363599962569,12.8761449997781,0 77.5737579995847,12.8760980002578,0 77.5739670002302,12.8760490000352,0 77.5741039997137,12.8760219999493,0 77.57429399981589,12.8760139997244,0 77.5744130001731,12.876042999853,0 77.57444999967529,12.87606899979,0 77.57466799968741,12.8763920002134,0 77.57487600020281,12.8765479997261,0 77.5749319998919,12.8765519998003,0 77.575115999994,12.8765660000506,0 77.57523899980519,12.8765510002344,0 77.5754710001689,12.8764759998436,0 77.5756019996017,12.8764529997282,0 77.57592499985979,12.8763979999029,0 77.57626600038181,12.8763480003061,0 77.5764049996329,12.8763510001431,0 77.5768380002034,12.8764610002654,0 77.5772800000224,12.8766329997909,0 77.5772760003219,12.8766480003006,0 77.57726299982249,12.8768339997086,0 77.57727299989379,12.8770609999217,0 77.57727300005691,12.8771109995996,0 77.5771389996343,12.8772709996033,0 77.5769970001612,12.8775350004472,0 77.57684400032301,12.8777949997165,0 77.5767430002569,12.8779739996889,0 77.5766990001226,12.8780980003936,0 77.57662799990889,12.8783860001478,0 77.5766009999444,12.8785999998011,0 77.57657500000209,12.8788919999158,0 77.57654800009649,12.8791850000563,0 77.5765380003316,12.8792920002254,0 77.5765199999734,12.8795739999244,0 77.5765129996861,12.8798390004502,0 77.5764769995927,12.8799899997886,0 77.5763949997081,12.8802250002633,0 77.5763670003506,12.8802910000685,0 77.5762470002277,12.8806019996802,0 77.5761799996111,12.8807919998048,0 77.57610800021941,12.8809800000896,0 77.5759499999578,12.881403000451,0 77.5757739997441,12.8818750004341,0 77.5754989998937,12.881899999749,0 77.57522900004621,12.8819219998258,0 77.5750010001472,12.8819399997905,0 77.5749190001065,12.8819469995495,0 77.57463800017401,12.8819590003132,0 77.5746260001816,12.8819589999842,0 77.5745640003517,12.8819620002959,0 77.5744290003183,12.8819839998833,0 77.57429000021379,12.8820090002591,0 77.5741219996884,12.8820340002486,0 77.5739519995911,12.8820450000181,0 77.57376800031339,12.8820570001179,0 77.57359100036651,12.8820770000162,0 77.5733949999894,12.8820989998169,0 77.5732109999756,12.8821259995759,0 77.57303000040331,12.8821450003586,0 77.57286799981379,12.8821679999859,0 77.57290599965449,12.8826790000624,0 77.57293500001551,12.8830230002863,0 77.5729189997115,12.8830239995799,0 77.5728269996699,12.8830360000907,0 77.57271500006119,12.8830509996541,0 77.5725980001078,12.8830669996532,0 77.5724830002132,12.883081999699,0 77.57247599955041,12.8830239999244,0 77.57243899999069,12.8830440001098,0 
						</coordinates>
					</LinearRing>
				</outerBoundaryIs>
			</Polygon>
		</Placemark>
	</Document>
	<Document>
		<name>Ward No. 197.kml</name>
		<StyleMap id="m_ylw-pushpin12">
			<Pair>
				<key>normal</key>
				<styleUrl>#s_ylw-pushpin12</styleUrl>
			</Pair>
			<Pair>
				<key>highlight</key>
				<styleUrl>#s_ylw-pushpin_hl12</styleUrl>
			</Pair>
		</StyleMap>
		<Style id="s_ylw-pushpin12">
			<IconStyle>
				<scale>1.1</scale>
				<Icon>
					<href>http://maps.google.com/mapfiles/kml/pushpin/ylw-pushpin.png</href>
				</Icon>
				<hotSpot x="20" y="2" xunits="pixels" yunits="pixels"/>
			</IconStyle>
			<LineStyle>
				<color>ffffff55</color>
				<width>3</width>
			</LineStyle>
			<PolyStyle>
				<fill>0</fill>
			</PolyStyle>
		</Style>
		<Style id="s_ylw-pushpin_hl12">
			<IconStyle>
				<scale>1.3</scale>
				<Icon>
					<href>http://maps.google.com/mapfiles/kml/pushpin/ylw-pushpin.png</href>
				</Icon>
				<hotSpot x="20" y="2" xunits="pixels" yunits="pixels"/>
			</IconStyle>
			<LineStyle>
				<color>ffffff55</color>
				<width>3</width>
			</LineStyle>
			<PolyStyle>
				<fill>0</fill>
			</PolyStyle>
		</Style>
		<Placemark>
			<name>Ward No. 197</name>
			<styleUrl>#m_ylw-pushpin12</styleUrl>
			<Polygon>
				<tessellate>1</tessellate>
				<outerBoundaryIs>
					<LinearRing>
						<coordinates>
							77.5537069997573,12.9033519998075,0 77.55339500045309,12.9033690001578,0 77.5533540000804,12.9033889995524,0 77.55328300028199,12.9035160002205,0 77.5532639996576,12.903514999584,0 77.5531430003053,12.9032320003157,0 77.5531329998731,12.9032059996112,0 77.5531040000316,12.9030969997693,0 77.5530949996205,12.9030619998179,0 77.55306900000269,12.9029349998395,0 77.553039999772,12.9028010002037,0 77.55303299973031,12.9027659996805,0 77.55297600018559,12.9025300003635,0 77.552965999672,12.9024960003653,0 77.5529269996988,12.902361999882,0 77.55289400022011,12.9022460001444,0 77.55288700022849,12.9022109996092,0 77.5528630003469,12.9020860001874,0 77.5528420003625,12.9019769998355,0 77.5528340002104,12.9019409998928,0 77.5527619997445,12.9019870000703,0 77.5521600002331,12.9020200003793,0 77.55189400008319,12.9020509995745,0 77.55175300040921,12.9020990002949,0 77.55144099979179,12.9022320003898,0 77.55121299996959,12.9021539997758,0 77.5510979999214,12.9021139999735,0 77.5509920002747,12.9019570001282,0 77.5510470000041,12.9017239997091,0 77.55104000034591,12.9016939997576,0 77.5510069996967,12.9015469998822,0 77.5511129997127,12.9012169998284,0 77.5515820002087,12.9006979998124,0 77.55158800042329,12.9003849996044,0 77.5512870004095,12.9003969998929,0 77.55087599970921,12.900860999603,0 77.55088600015191,12.9012379998632,0 77.55069300045049,12.901549999772,0 77.5501840003264,12.9018809999138,0 77.5500510004147,12.9018830002955,0 77.5499549997141,12.9017620003738,0 77.5499900002218,12.9014450001086,0 77.5499019995802,12.9012040003969,0 77.54964799956279,12.9009520000509,0 77.54961799987539,12.9009169995951,0 77.54953600043569,12.9008240004419,0 77.5494299996784,12.9007009998773,0 77.54939699956439,12.9006690001493,0 77.54932600027919,12.9005729998216,0 77.5493040001967,12.9005419995562,0 77.5492710000554,12.9004779998916,0 77.549229000244,12.9004029997199,0 77.5492030004195,12.9003549999488,0 77.5491470001254,12.9002510003478,0 77.54909599980181,12.9001570003408,0 77.5490370000207,12.9000470002023,0 77.5490120004449,12.8999980004451,0 77.548972000212,12.8999159996113,0 77.54896200038959,12.8998700003784,0 77.5489290004323,12.8997300000271,0 77.54891000005981,12.8996489996591,0 77.5489010004254,12.8996099997709,0 77.5488840004127,12.8995390002562,0 77.5488569997088,12.8994270003894,0 77.5488440003672,12.8993800004322,0 77.5488219995801,12.8992949998306,0 77.5487960000182,12.8992009999144,0 77.5487659998463,12.899091999865,0 77.5487580004276,12.8990610003587,0 77.54873800002849,12.8989879999747,0 77.5487090000782,12.8988819996098,0 77.54868000016999,12.8987739998617,0 77.5486769997112,12.8987610001985,0 77.5488630003791,12.898573999619,0 77.5488889999707,12.8985490001801,0 77.548713999847,12.8983809995943,0 77.5487469996404,12.8983540003199,0 77.5488439995394,12.8982819997304,0 77.5488530000495,12.8982829997675,0 77.5489079996384,12.8982420000043,0 77.548893000048,12.8982200004215,0 77.5487729996487,12.8980760000624,0 77.54883599958769,12.8980129996866,0 77.5488789999649,12.8979960000779,0 77.548845000307,12.8978810002181,0 77.5488819997362,12.8978449995511,0 77.54890700002601,12.897818999787,0 77.5489099997084,12.8977289996045,0 77.5489130002947,12.8976559999675,0 77.5489209998339,12.8975760003195,0 77.5488930001206,12.8975420002034,0 77.54888199969329,12.8973430002787,0 77.5488800003871,12.8973000002403,0 77.5488830000065,12.8972589996361,0 77.5488850004526,12.897190999599,0 77.54888399969791,12.8970410002551,0 77.5488839997963,12.896996000325,0 77.5488880002887,12.8966469995617,0 77.54888899979591,12.8965369998279,0 77.54885699986809,12.8964129999625,0 77.54875899997189,12.8963379996753,0 77.5486049997502,12.8963159995689,0 77.54859199994419,12.8962360003846,0 77.54858000015059,12.8961899997998,0 77.5484889999581,12.8962509997985,0 77.5481490003976,12.8955749995916,0 77.54808999969001,12.8951900003084,0 77.54806099972031,12.8951000001487,0 77.5480180000007,12.8949489995626,0 77.5478299996669,12.8945479997149,0 77.5477980003422,12.8944639997361,0 77.5476709995821,12.8941480000599,0 77.547606000179,12.8939770003069,0 77.5475850003742,12.8939319997854,0 77.54747100007241,12.8938120001349,0 77.5474259995852,12.8936869998825,0 77.54742099971379,12.8936950000093,0 77.5473379996541,12.8937190004214,0 77.5473239999434,12.8936790001525,0 77.5473110003344,12.8936429997378,0 77.5473049996632,12.8936269999186,0 77.547205999996,12.8936600001655,0 77.54719699959099,12.8936639998381,0 77.5471700003998,12.8935820000945,0 77.54715999988269,12.8935840001895,0 77.54704399959409,12.8936200001165,0 77.547027999912,12.8935590000852,0 77.54701200032591,12.8934909999704,0 77.54700599966699,12.8934760002805,0 77.5469940003682,12.893430999676,0 77.5469879998213,12.8934069996229,0 77.5469750004515,12.893358000061,0 77.54695999999301,12.8932999997451,0 77.5469440003542,12.8932399998404,0 77.54682999965701,12.8932659995531,0 77.54682000016901,12.8932610004457,0 77.54674900007331,12.8928759997299,0 77.54674200002491,12.8928760001242,0 77.54657800026381,12.8928740001059,0 77.5465599995741,12.892876000362,0 77.54647300018399,12.8928869996249,0 77.546425999996,12.8928929999656,0 77.5463900004486,12.8928970004389,0 77.5463090000171,12.8929090001166,0 77.5462260002634,12.8929179998364,0 77.5462079995485,12.8929210002107,0 77.5461040004342,12.8929360000648,0 77.5459290003852,12.8929619995489,0 77.545939999746,12.8930359996157,0 77.5459489998794,12.8931030000816,0 77.54594299979,12.8931130002664,0 77.5453400000254,12.8932360001137,0 77.5453640001185,12.8934580003913,0 77.5449679997038,12.8935559998827,0 77.5446639997057,12.8936310003714,0 77.5443799996919,12.8937010004203,0 77.54360999973591,12.8938920001029,0 77.5435890003012,12.8936799996593,0 77.5435429995469,12.8935250002157,0 77.5434529997992,12.8934089996109,0 77.543291000441,12.8932760000371,0 77.5431430002041,12.8931200000628,0 77.54308799960189,12.8930270001807,0 77.5430719995787,12.8928510004174,0 77.543068999637,12.8926729995559,0 77.5429680000486,12.8924869998191,0 77.5428930000098,12.8922890003285,0 77.5428290000339,12.8920830002295,0 77.5427880000871,12.8920149996174,0 77.5424529997416,12.891436999665,0 77.5442140000867,12.8909679996153,0 77.544207999801,12.8909480000053,0 77.5441630001279,12.8907739999231,0 77.54411999972891,12.8906060002072,0 77.5441050001597,12.8905489997059,0 77.5440710000648,12.890417999941,0 77.5440569997378,12.8903609996536,0 77.54401800043691,12.8902129999795,0 77.5439780003847,12.8900559997009,0 77.54397500035,12.8900429999112,0 77.5440319998841,12.8900269999129,0 77.5442790002699,12.8899320003228,0 77.5447099996359,12.8896680001665,0 77.544809000299,12.8896300003581,0 77.5449040002857,12.8895200002806,0 77.5449930000468,12.889267000271,0 77.545168999922,12.8891539996382,0 77.545347999857,12.8890890000318,0 77.545424999999,12.889100999815,0 77.54546800012901,12.8890879997512,0 77.5454990000723,12.8890150004062,0 77.54574699963661,12.8889699997668,0 77.5457449998697,12.8891240003836,0 77.5457280000481,12.8891459999559,0 77.5457380002794,12.8891949999442,0 77.5457469995735,12.8892389999273,0 77.54575399967131,12.8892770004422,0 77.54580200038291,12.8892659998329,0 77.5458630000383,12.8892509995545,0 77.5458749997623,12.8892479998191,0 77.5459280001927,12.8892360000886,0 77.5459719995638,12.8892199997329,0 77.5460139995857,12.8892049999948,0 77.5460690004024,12.8891850004212,0 77.5461230001517,12.8891649997376,0 77.5461749996287,12.8891459996784,0 77.5462319998947,12.8891180002667,0 77.5462929997469,12.8890879995844,0 77.5462790003413,12.8890620002446,0 77.54632400018021,12.8890239996433,0 77.54636500036371,12.8889899996773,0 77.5464090000256,12.8889540000472,0 77.5464539998077,12.8889169995718,0 77.5465009998855,12.8888769999793,0 77.5465389995948,12.8888459998051,0 77.5465770002405,12.8888140003802,0 77.5465580002209,12.8887869998952,0 77.54662700013709,12.8887499998111,0 77.5466869997849,12.8887170002408,0 77.54673400044361,12.8886920000178,0 77.54677099978881,12.8886720002652,0 77.5468100003031,12.8886509998618,0 77.546839000147,12.8887070001345,0 77.54689299977851,12.888682999661,0 77.54693699996569,12.8886630004056,0 77.5469800000116,12.8886430000378,0 77.5470289998925,12.8886209997036,0 77.5470820002875,12.8885969998895,0 77.54714600024219,12.8885679997977,0 77.5471890002451,12.8885490004457,0 77.54722899984699,12.8885309997197,0 77.5472820001978,12.888506999872,0 77.5473390000591,12.8884860003492,0 77.5473460000091,12.8884839996804,0 77.54740199974771,12.8884619998036,0 77.5474459998949,12.8884379999144,0 77.54748000041729,12.8885600004337,0 77.54753200041171,12.8885499995955,0 77.5475789997647,12.8885429999733,0 77.5476249998104,12.8886780001905,0 77.54768100038051,12.8886630003215,0 77.5477439999583,12.8886469999113,0 77.5477699995662,12.8886370001242,0 77.547830000045,12.8885929996749,0 77.54788800025349,12.8885499998606,0 77.54789799965739,12.8885469996442,0 77.5478219997071,12.8884030003388,0 77.54786499956801,12.8883870004078,0 77.54793099976661,12.8883440003922,0 77.547902000457,12.8881619997715,0 77.5479730002947,12.8881169995799,0 77.54816300012931,12.8880219999168,0 77.54815699960059,12.8880070002361,0 77.548100999765,12.887901999624,0 77.5480550003612,12.8877879997302,0 77.548048999804,12.8877759995619,0 77.54800399995911,12.8877820004107,0 77.5478540004555,12.8877989997547,0 77.5478490000597,12.8877850004028,0 77.54781700022291,12.8876979998244,0 77.5479440001218,12.8876509998126,0 77.54789700022221,12.8875749995805,0 77.54788700029511,12.8875509996225,0 77.5478760002151,12.8875299998848,0 77.54784700041949,12.8874689999418,0 77.54781300022439,12.8873960000153,0 77.54780100012501,12.8873690001319,0 77.54778200031291,12.8873289997183,0 77.5477549998386,12.8872709996841,0 77.54778200036191,12.8871949998855,0 77.5478219995838,12.8871210002934,0 77.5478289996359,12.8871090000217,0 77.5477529995573,12.8870809997181,0 77.5477619998339,12.8870699999901,0 77.54782000034579,12.8869199996845,0 77.5478260003855,12.8869010000365,0 77.5476570003118,12.8867809995939,0 77.5476520001038,12.8865740002243,0 77.54767400019701,12.8865500004106,0 77.5477429995712,12.8866220001146,0 77.5477409999023,12.8865839997918,0 77.5476730004105,12.886045999878,0 77.5476519995908,12.8858899999007,0 77.5476069995818,12.8856940002418,0 77.54749500027491,12.8852989995467,0 77.5474190002288,12.8850899997692,0 77.5473610002303,12.8849439998579,0 77.5473480004149,12.8849070001115,0 77.547278000159,12.8849150004207,0 77.5469249999805,12.8848739995758,0 77.54694100009139,12.8844830001196,0 77.546947000039,12.8843299996504,0 77.546981999853,12.8843390000377,0 77.5471369995637,12.8842879995903,0 77.5472829999289,12.8842470004181,0 77.5473860001124,12.8842189995914,0 77.547487000072,12.8841910001268,0 77.5480129997735,12.8841660001017,0 77.5482530001608,12.8837620002321,0 77.5484930000169,12.8835409997056,0 77.5484670003564,12.8834629997912,0 77.54823300006289,12.8833910001661,0 77.548229000164,12.883059999905,0 77.54822400020829,12.8824440000998,0 77.54825500043501,12.8824440000817,0 77.549176999547,12.8823830004337,0 77.54922000022979,12.8823609996253,0 77.5492049998838,12.8821980000706,0 77.54919199958699,12.8820490001547,0 77.5491889998073,12.8820090002898,0 77.5491670000856,12.8818239998546,0 77.54915299975541,12.8816770000052,0 77.5491059998139,12.8816909997593,0 77.54910199992131,12.8816550002487,0 77.5492770000735,12.8816129996407,0 77.5494479998701,12.8815639998651,0 77.549493999654,12.8815509999985,0 77.5495629997837,12.881531000111,0 77.5495809996541,12.8815260002874,0 77.5497749996342,12.8814700003044,0 77.5498129995475,12.8814579998424,0 77.5498429996218,12.8814490000144,0 77.54988399981561,12.8814359999955,0 77.5499309996417,12.8814220001183,0 77.5500640001794,12.8813809998957,0 77.55011099997959,12.8813669999899,0 77.5501799999887,12.8813459998188,0 77.55021100012929,12.8813360000102,0 77.5502600001081,12.8813200001943,0 77.55033399963131,12.8812969997931,0 77.5503480000137,12.8812930001744,0 77.5504429996239,12.8812640003212,0 77.5505219995685,12.8812389996669,0 77.5505829996809,12.8812199999197,0 77.5506559999673,12.8811970001381,0 77.55076399972251,12.8811690001438,0 77.55085200038221,12.8811459996161,0 77.55086399967441,12.8811369998052,0 77.5509400003925,12.8810780000635,0 77.55106099976121,12.880982000304,0 77.55106899997951,12.8809079997405,0 77.5510780003966,12.8808159995882,0 77.5510949996472,12.8807289998829,0 77.5511039997684,12.8806870003301,0 77.5511189996521,12.8806159997358,0 77.5511340003838,12.8805580000291,0 77.55114599984729,12.8805129997457,0 77.55117600035121,12.8803989997156,0 77.5511630002031,12.8803899995673,0 77.5507069995604,12.8803830002044,0 77.5506739999546,12.8802059999106,0 77.55065299971319,12.8801280003381,0 77.55065300006,12.8800849997892,0 77.5506519996608,12.8800120003096,0 77.5506489999787,12.8798330001766,0 77.55068000021841,12.8796759998262,0 77.5506860004529,12.8795990002543,0 77.55069399981819,12.8795350001767,0 77.5506989996957,12.8794900003354,0 77.5507030000645,12.8793769998922,0 77.5506810003112,12.8793520002339,0 77.5505920000205,12.879284999647,0 77.55057399974061,12.8792550000738,0 77.5505470002627,12.879159000394,0 77.55054800042581,12.8790520001839,0 77.5506329998974,12.8789590003985,0 77.5506539998371,12.8787479996317,0 77.5507550003463,12.8784619996767,0 77.55076400013429,12.8784619996417,0 77.5508700002415,12.8784569998921,0 77.5509610000754,12.8784519998756,0 77.5510529999801,12.8784470000228,0 77.55107499987029,12.8784459996688,0 77.5511579999599,12.8784440002412,0 77.55129200038419,12.8784370000847,0 77.55129099979951,12.8783769997226,0 77.5512900001593,12.8783149999776,0 77.5514529999239,12.8783179995583,0 77.55144799979961,12.8782780002847,0 77.5515110000682,12.8782800001332,0 77.55150700002299,12.8779480004323,0 77.55146599964669,12.8779489998388,0 77.5514570004454,12.8778650000153,0 77.55144700028799,12.877777000355,0 77.5514370001767,12.8776829998621,0 77.5514260000608,12.8775820000106,0 77.55142200003991,12.87754300016,0 77.5514220000456,12.8775420000216,0 77.5514209999953,12.8775390003157,0 77.5514149999788,12.8774779997411,0 77.5514019998609,12.877362000129,0 77.5513989997141,12.8772269998346,0 77.55113499963041,12.8772279998401,0 77.55134699969599,12.876858000034,0 77.55139499959201,12.8767239999009,0 77.55148599980591,12.8762239999724,0 77.5514440000123,12.8757329996727,0 77.55146399988629,12.8756900003493,0 77.5512539995933,12.8754869996549,0 77.5515269999317,12.8754160000549,0 77.5517110003499,12.8753860002532,0 77.55172600025359,12.8754069997609,0 77.55223300006961,12.8758220000228,0 77.55224600001731,12.8758229999577,0 77.55225200029329,12.8758480000416,0 77.5522650002422,12.8758489999753,0 77.5524669998472,12.8758900002081,0 77.5526059997752,12.8759489997337,0 77.5526719996225,12.8759499998447,0 77.5529159996027,12.8759040002841,0 77.55294799992021,12.87589800012,0 77.5528929997466,12.8756140003203,0 77.5532009998829,12.8755430002755,0 77.55325700041401,12.8758410002516,0 77.5532930000512,12.8758339997697,0 77.55344800024019,12.8758039995769,0 77.55389099995421,12.8756970001962,0 77.553930999801,12.8756880001041,0 77.55409400026031,12.8756489998166,0 77.5543689995616,12.8755830002275,0 77.55464599970421,12.8755159996938,0 77.5546379999259,12.8754700000858,0 77.55466399973071,12.8754640004367,0 77.5546890003851,12.875458999826,0 77.5546489998061,12.8752650003846,0 77.5548500003211,12.8752170000369,0 77.55497000035911,12.8751879999876,0 77.5553940004305,12.8750839998053,0 77.5556129998208,12.8750340001164,0 77.5559409999464,12.8749499998531,0 77.5564729997195,12.8748250001203,0 77.5569359996142,12.8747269999552,0 77.5569890000733,12.8747319999883,0 77.55750200027499,12.8749859997929,0 77.5582629999118,12.8753420001557,0 77.5583049999638,12.8752560003203,0 77.5583539999155,12.8752420004516,0 77.558548999663,12.8751900003566,0 77.5586339996254,12.8751620001409,0 77.55867199976829,12.8751470000334,0 77.55872499982689,12.8751290002427,0 77.55873300024631,12.8751260002828,0 77.5588560002741,12.8750829998847,0 77.5589610002548,12.8750470000622,0 77.5590219997522,12.8750260002622,0 77.55913399999849,12.8749860001121,0 77.5592689995828,12.8749400002497,0 77.5593299999134,12.8749180002457,0 77.55939699963839,12.8748950001954,0 77.5595190002811,12.8748530003887,0 77.5595619996478,12.8748369999687,0 77.5596229999411,12.8748160000382,0 77.5596330004546,12.874813000384,0 77.5597629997321,12.8747759997653,0 77.5598850002781,12.8747360000746,0 77.5599429995646,12.8747210003903,0 77.55992399999759,12.8746330000595,0 77.5598940003381,12.8745280001807,0 77.5598389998836,12.8744089997486,0 77.5597889997522,12.8743279997367,0 77.55984300008591,12.8743309999999,0 77.5603609997939,12.8741999997547,0 77.5603769995484,12.8742629998523,0 77.5604880002758,12.8746830002114,0 77.5605449998493,12.8747519995879,0 77.5608269999266,12.8748700000884,0 77.5609799996148,12.8749380001538,0 77.56128000019361,12.8750879999449,0 77.5615590002601,12.8754259999353,0 77.5617660003408,12.8757040002431,0 77.5621839997205,12.8760820000291,0 77.56282499966299,12.8766600002119,0 77.5626480001151,12.8769000000946,0 77.56347599974021,12.8778079996917,0 77.5650009995602,12.8774430001695,0 77.5650229997546,12.8775540004342,0 77.5670390003805,12.8764700003205,0 77.56708900020659,12.8764969996988,0 77.5671300000045,12.8765160004436,0 77.567160999666,12.8767450003609,0 77.5671829999954,12.8769610000979,0 77.5670659997209,12.8769860001357,0 77.5670500000939,12.8769939998903,0 77.567141000383,12.8777969996297,0 77.5671410004399,12.8777979997564,0 77.5671550003099,12.8777959995769,0 77.56730900033089,12.8777670002656,0 77.5673150003759,12.877810000209,0 77.56732800003179,12.8778869999914,0 77.5673380003868,12.877946999914,0 77.5673470003443,12.8780009998467,0 77.5673569998507,12.878061999902,0 77.5673650002195,12.8781079995819,0 77.5673729996231,12.8781530000468,0 77.5673879996515,12.8782170002364,0 77.5674130003392,12.8783130003906,0 77.5674340003207,12.8784009999017,0 77.5674700002383,12.8785339998834,0 77.56749499974541,12.8786240001701,0 77.5675060000887,12.8786649995992,0 77.5675160001494,12.8787020001969,0 77.5675220003931,12.8787310001511,0 77.567538000422,12.8788080002918,0 77.5675509998859,12.8788469997349,0 77.5675759999866,12.878930000011,0 77.56759199991539,12.8789730003479,0 77.5675520000438,12.8789910000658,0 77.5674180003525,12.8790610002708,0 77.5673539996172,12.8788850001605,0 77.56731299961839,12.8788860002615,0 77.5672290003381,12.8788870000437,0 77.5670950004218,12.8788889995735,0 77.56693800044511,12.878902000057,0 77.56675499971399,12.8789180000391,0 77.5665559997159,12.8789349996522,0 77.5665739999766,12.879136999853,0 77.5665760002863,12.8791569999618,0 77.5662350002234,12.879227000405,0 77.5659790004314,12.8792970004109,0 77.5659809997242,12.8793160004143,0 77.5660099999205,12.8794209997692,0 77.5660570001744,12.8796239996652,0 77.56606099960879,12.8796600003062,0 77.5660610003895,12.8798490000743,0 77.5660609995717,12.8801460001128,0 77.5660619997345,12.8801649999669,0 77.5656010001817,12.8801470001301,0 77.565601000339,12.88016800011,0 77.5655950002605,12.8804080002276,0 77.56559100001481,12.8804270003046,0 77.5655879997822,12.8804269998916,0 77.5652890001097,12.8805570003092,0 77.5650509998472,12.8805869997702,0 77.5649529999784,12.8807060003937,0 77.5648340002877,12.8807699999901,0 77.56482700008171,12.8807769999052,0 77.56479899989419,12.8808180003281,0 77.5647670000013,12.8808339996737,0 77.56476299988149,12.8808379996246,0 77.56451499998811,12.8809200003273,0 77.56448500017061,12.8809349997985,0 77.56445599999979,12.8809990003101,0 77.5644110000661,12.881036999703,0 77.564277000359,12.8810739997988,0 77.563986000284,12.8811570003722,0 77.5637199998534,12.8811719999999,0 77.5634640004113,12.881192999784,0 77.5634079997442,12.8812180002689,0 77.56325399995769,12.8812129996386,0 77.5632549996749,12.8812259996684,0 77.5632329997388,12.8812260000507,0 77.5632380001975,12.8814850000629,0 77.5632000002563,12.8816449998937,0 77.5631110003454,12.8817980003615,0 77.5629840001353,12.8819130002243,0 77.5626569999588,12.8821069996681,0 77.5626099998447,12.8821790002522,0 77.56260800021229,12.8822370002739,0 77.5626680002909,12.8824489997259,0 77.5628299998159,12.8826959997835,0 77.5628490004582,12.8829539999707,0 77.5628800002234,12.8830569998469,0 77.5628860001619,12.8832579997397,0 77.56334500044611,12.8831109997767,0 77.56382200015921,12.883051000286,0 77.5643919997725,12.882925000091,0 77.5648449999769,12.8828069997287,0 77.5650680003402,12.8827629998149,0 77.5650959997289,12.882758000353,0 77.5653750003806,12.8827009999604,0 77.5653870002226,12.8826960000691,0 77.56568599995239,12.8826279998178,0 77.5658330003925,12.8825930000045,0 77.5660239998795,12.8825579997559,0 77.56608500042439,12.8828580002227,0 77.5661500002121,12.8831839999892,0 77.5662989996605,12.8834180001114,0 77.5664459997019,12.8836120001501,0 77.5664879998418,12.8836620003491,0 77.5666350003515,12.8838430003754,0 77.56666000003131,12.8839570001094,0 77.5667189997552,12.8842849998975,0 77.5667420003317,12.8843840001382,0 77.56678399991171,12.884576000235,0 77.5668079996759,12.8847049998919,0 77.56684400010791,12.8849180000249,0 77.56689500042511,12.8852109996007,0 77.5668950003987,12.8852409997957,0 77.5668929998874,12.8854030002306,0 77.5668500002392,12.8855069997114,0 77.5668249995806,12.8855660003448,0 77.56672499969849,12.8857579999671,0 77.56664099988311,12.8860499999172,0 77.5666890001402,12.8860680003262,0 77.5669100003735,12.8860649997183,0 77.56704400043689,12.8860629996006,0 77.5670689998085,12.8861920002088,0 77.5670760003417,12.8862490001987,0 77.5671029996019,12.8864019995784,0 77.5671370001233,12.8866220001907,0 77.5673579996016,12.8866150004256,0 77.56756600026441,12.8865900001587,0 77.56781199993959,12.8865779998339,0 77.5678120000201,12.8866639998465,0 77.5680919996751,12.8866560004022,0 77.5682649997752,12.8866490002091,0 77.5683430000585,12.8866479997848,0 77.5688179997681,12.8866309998561,0 77.56881800002699,12.8866480001802,0 77.5688119995513,12.8867959999602,0 77.5688060002505,12.8869209995525,0 77.5688019996398,12.8870240002536,0 77.5687979996695,12.8870700001194,0 77.56878000028431,12.8872639996875,0 77.5687600003228,12.8874789998485,0 77.568733999743,12.8875749997139,0 77.568730000028,12.8875849995774,0 77.5687259999052,12.8876419999232,0 77.5687220002194,12.8877449997138,0 77.5687220003272,12.887838999765,0 77.5687210004297,12.887987000147,0 77.5687059999163,12.8883180001211,0 77.5687000000389,12.8884470002229,0 77.5686910001735,12.8886200000623,0 77.5686869998038,12.8886470002605,0 77.5686649998879,12.8888390000127,0 77.5686370001134,12.8890030000452,0 77.56903300018389,12.889023999566,0 77.5690350004022,12.8890239998021,0 77.5690339995795,12.8890140002459,0 77.5690750003872,12.889014999824,0 77.56911799964389,12.8890169997737,0 77.569160999747,12.8890179995827,0 77.56920700025,12.8890199998612,0 77.5692900002077,12.8890230001189,0 77.56937200005341,12.889026000233,0 77.56941099979009,12.8890279996575,0 77.5694480001638,12.8890289996133,0 77.56945300026619,12.8889979999416,0 77.5695640004212,12.8890130003814,0 77.5695899997534,12.8890160001922,0 77.56958699955941,12.8890550001934,0 77.5695590003927,12.8891939998036,0 77.5694150002373,12.8900260001016,0 77.5693790003052,12.8901929995795,0 77.569289000361,12.8905420001156,0 77.5700369998474,12.8906639997099,0 77.57005299964869,12.8906139998354,0 77.57081600001951,12.8906890001986,0 77.5713189999301,12.890734999853,0 77.57138400008159,12.890736999958,0 77.5713870001489,12.8907559999188,0 77.57166499968601,12.8907599998201,0 77.5717249998488,12.8907579997099,0 77.5717550000995,12.8908520000555,0 77.5718290003126,12.8910929997132,0 77.5718609998281,12.8912070000025,0 77.5718790001154,12.8912619996537,0 77.5719670002222,12.8915759997534,0 77.5720539999862,12.8918839998421,0 77.5720849999382,12.8920119998656,0 77.5720890000489,12.8920930002987,0 77.5720749997739,12.892258000126,0 77.5720110001527,12.8928609997182,0 77.57199899983431,12.8929589996603,0 77.5719710000788,12.8931389998621,0 77.5719159998619,12.8933839998036,0 77.5718700001563,12.8935590002162,0 77.57186599989861,12.8935830000381,0 77.57188000024441,12.8941489996875,0 77.5718790001052,12.8941910002276,0 77.5718489999888,12.8941909998007,0 77.5717400001852,12.8941930003578,0 77.5716039997892,12.8941959999553,0 77.5713189998992,12.8942000000076,0 77.571203000154,12.8942029997174,0 77.57116699967369,12.8941860000894,0 77.5710399996977,12.8941810002703,0 77.5709160001749,12.8941769999289,0 77.57087900024941,12.8941569997725,0 77.5707720002936,12.8941549996472,0 77.57067299992531,12.8941580000708,0 77.5706319997733,12.8941300002575,0 77.5705350003216,12.894129999562,0 77.5704410003364,12.8941300000695,0 77.5704020000823,12.8941199999561,0 77.57029700031801,12.89410600017,0 77.5702360000344,12.8940960003046,0 77.5702000003276,12.8940879998306,0 77.57010200006241,12.8940679999991,0 77.5700000002131,12.8940479996764,0 77.5699720002568,12.8940470000319,0 77.56987599976461,12.8940439997382,0 77.5697619998241,12.8940420002087,0 77.569733999935,12.8940419997586,0 77.56955399962411,12.8940370004398,0 77.5695529996235,12.8940150002969,0 77.56955300029649,12.8940000002291,0 77.5695279996356,12.8939969997308,0 77.5689269999132,12.8939919996363,0 77.56891000003981,12.893998000219,0 77.568466000322,12.8941359999212,0 77.56815399984011,12.8938190000225,0 77.5672630000617,12.8938200000106,0 77.5666989996141,12.8938230002471,0 77.5661610002484,12.8938660004024,0 77.5656980004517,12.8938999998535,0 77.56564999987749,12.893902000267,0 77.5650920003205,12.8939670003233,0 77.5647100000419,12.8940120001288,0 77.56453699972189,12.8940319996453,0 77.56351999965089,12.8941530001269,0 77.56343699959869,12.8941679997402,0 77.5625799997716,12.8941989997142,0 77.561963999909,12.8942250000101,0 77.5617979998142,12.8938330003083,0 77.5614300001634,12.8939400000366,0 77.56132899985469,12.8936170002002,0 77.5610410003861,12.8936760001889,0 77.5610020002883,12.8935169999056,0 77.56098700033171,12.8935210000329,0 77.5608580004216,12.8935539998312,0 77.5608030004456,12.8933570002949,0 77.56065899956459,12.8933909997171,0 77.56064800009371,12.8933940002816,0 77.56062000039969,12.89329099981,0 77.5605889996915,12.8931720004139,0 77.56057700013,12.8931760000536,0 77.56037500017911,12.8932369996321,0 77.5602659996165,12.8932570004136,0 77.5600499998899,12.8933049995732,0 77.55981199996469,12.8933539998885,0 77.5598370003196,12.8933970002877,0 77.5597169997092,12.8934339996247,0 77.5596630000817,12.8934860000703,0 77.55953499965089,12.8935089998891,0 77.55954900038491,12.8935770001256,0 77.5594370001033,12.8935980002702,0 77.55943800045399,12.8936780001158,0 77.5595639997958,12.8936550000344,0 77.55957899999351,12.8937290003095,0 77.5595549997409,12.8937340000299,0 77.5595689995445,12.8938010001387,0 77.55958600040729,12.8938850002176,0 77.5596039996507,12.8939709998202,0 77.5596249995553,12.8939669997713,0 77.55964299982701,12.894031000077,0 77.55965900007629,12.8941250004091,0 77.55966799972489,12.8941799999751,0 77.55954599988441,12.8942060002549,0 77.5594859996618,12.89422000021,0 77.55943599963619,12.8942279999797,0 77.55933800014439,12.8942519999423,0 77.5591990002176,12.8942910000955,0 77.559143000188,12.894322000121,0 77.55912500001661,12.8943339998487,0 77.5591080003021,12.8945309997339,0 77.5590989997163,12.8946239997854,0 77.5590410002692,12.8948569999421,0 77.5589699999182,12.8951670001463,0 77.5589579999703,12.8951890003048,0 77.5589249996258,12.8952050000657,0 77.558454000108,12.8952869996105,0 77.5583289995641,12.8950290002212,0 77.55830099999299,12.8950210002105,0 77.55823600028521,12.8950529997167,0 77.5581949998064,12.895072000346,0 77.55815500040811,12.8950920003449,0 77.5580710001024,12.895131999715,0 77.55801799998331,12.8951580002669,0 77.5580120001559,12.8951609997208,0 77.5579180004401,12.8952070000765,0 77.557888999582,12.8952210000875,0 77.5578319998052,12.8952480001076,0 77.5578249998396,12.8952510003051,0 77.5577729997627,12.8952759999369,0 77.5577240000684,12.8952999998978,0 77.55769199974441,12.895315999677,0 77.557676999728,12.8953240001739,0 77.5576399996789,12.8953420003232,0 77.5575959996747,12.8953639998899,0 77.5575620000088,12.8953810003689,0 77.5575249999314,12.8953989996015,0 77.55748400031111,12.8954200003957,0 77.5574250002967,12.8954519997884,0 77.55735200007049,12.8954820002895,0 77.55726100040719,12.8955249996247,0 77.557190000443,12.895555999634,0 77.55714700041121,12.8955749998022,0 77.5571139998393,12.8955900001355,0 77.55710599973931,12.8955940002912,0 77.55707099979401,12.8956090002933,0 77.5570370000095,12.8956249996802,0 77.557031000165,12.8956280000191,0 77.55698900021891,12.8956460001918,0 77.5569460001725,12.8956659995623,0 77.5568900002565,12.8956910002103,0 77.556863000359,12.8957009999058,0 77.5568320004222,12.8956650000439,0 77.55681000023731,12.8956720001424,0 77.556638999744,12.8957730004536,0 77.5566709998687,12.8958109998643,0 77.5565370002135,12.895888000188,0 77.5565009999499,12.8958999995665,0 77.55644900039189,12.8958190001622,0 77.556420000362,12.8958360004294,0 77.55629899994349,12.8959220003584,0 77.5561980001216,12.8959939998277,0 77.556096999845,12.8959790002681,0 77.55592300035531,12.8961230000384,0 77.5558879995753,12.8961480003523,0 77.5560120000286,12.8962879997233,0 77.55597999970141,12.8963139997697,0 77.5558410002436,12.8964120000056,0 77.5558239999847,12.8963909998155,0 77.5557470002897,12.8963010003502,0 77.5555989997342,12.896412999975,0 77.555558000031,12.8964460003283,0 77.55560500003369,12.8965030003995,0 77.55556500040819,12.8965339997487,0 77.55541500034001,12.8966490002772,0 77.5555019998737,12.8967459997282,0 77.5553489999012,12.8968510002101,0 77.5553210000225,12.8968769999559,0 77.5557070000346,12.8973409995714,0 77.5557700004141,12.8974170002293,0 77.5557759996304,12.8974230002189,0 77.5558040001422,12.8974579995594,0 77.555878999892,12.8975439998783,0 77.55558000004029,12.8979219997218,0 77.5555709999946,12.8979380003892,0 77.5558020003739,12.8981159997913,0 77.5557989996227,12.8981399998144,0 77.55581000005461,12.8981970002118,0 77.55581000010081,12.8981989995759,0 77.5558730000553,12.8984549998836,0 77.55569100011211,12.898478999583,0 77.55566700005249,12.8984780000388,0 77.55566700007989,12.8984790001726,0 77.5557729997798,12.8990949997663,0 77.555762999938,12.8991250003485,0 77.5557960002009,12.8992829997805,0 77.5558740001819,12.8992689997395,0 77.5558999995492,12.8992639996825,0 77.55595099994309,12.8994849995817,0 77.5559510000321,12.8995869996793,0 77.5559910004326,12.8998969997361,0 77.5560880000843,12.8998879997251,0 77.55612300025319,12.8999860003911,0 77.5561509996852,12.9000650001003,0 77.5561740000396,12.9002020004174,0 77.55622100042039,12.9003629996492,0 77.5562319995625,12.9003979997711,0 77.5559709999302,12.9004759998818,0 77.55628000004511,12.9015519997984,0 77.55625999987301,12.9015650001578,0 77.5562900003039,12.9016850001652,0 77.55632399983359,12.9017829996789,0 77.5563549997463,12.9018199996004,0 77.5564060004109,12.9020070000971,0 77.55646300043141,12.9021679998637,0 77.5564740002375,12.9021900000192,0 77.5564270000251,12.902201999612,0 77.5565310004241,12.9024379995996,0 77.55652300011469,12.9024419997782,0 77.55641599987609,12.9024859995999,0 77.55640200044751,12.9024919999887,0 77.5562730003723,12.9025450001911,0 77.5562389995423,12.9025570000226,0 77.5562830000945,12.9026859998092,0 77.5563799998539,12.902962999686,0 77.55639500014949,12.9030059996506,0 77.5553330003121,12.9033209995956,0 77.55514999981369,12.9033599995937,0 77.5549970002703,12.9034129999053,0 77.5549259997442,12.9034109998184,0 77.5547410003137,12.9033700002047,0 77.55455099954921,12.90334600012,0 77.5543300000998,12.9033339999819,0 77.5541330004622,12.9033310003405,0 77.5537069997573,12.9033519998075,0 
						</coordinates>
					</LinearRing>
				</outerBoundaryIs>
				<innerBoundaryIs>
					<LinearRing>
						<coordinates>
							77.54863500005889,12.91716399992,0 77.54863900027711,12.9171800001241,0 77.54868699998011,12.9173579997547,0 77.5486539996332,12.9173619998806,0 77.54858900009199,12.9173700002868,0 77.5486090003961,12.917459999984,0 77.5486249996417,12.9175390001714,0 77.548637999802,12.9176000000437,0 77.54864000038729,12.9176089998263,0 77.548667000036,12.9177290003756,0 77.5486670004501,12.9177610002654,0 77.5486669995488,12.9177629996465,0 77.5486380000757,12.9177650002034,0 77.5486470004233,12.9178409996226,0 77.54865599984019,12.917914999677,0 77.54858899966121,12.9179210003883,0 77.54860200037361,12.9180229995824,0 77.5486029999375,12.918041999673,0 77.54807799970141,12.9180919998428,0 77.5479140003458,12.9181110001574,0 77.5477160002099,12.9181330000859,0 77.5476660002918,12.9181400001618,0 77.5473149995923,12.9181919997815,0 77.54713700040131,12.9182179998591,0 77.54682700008929,12.9182840001515,0 77.5467420002679,12.9180179999012,0 77.54672499957221,12.917960999683,0 77.5466540004321,12.9176599997723,0 77.5466460002134,12.917627000024,0 77.5465649996688,12.9172740000006,0 77.5464580001689,12.9170300003192,0 77.5463120000243,12.9167780002949,0 77.5461449998547,12.9165049995862,0 77.5459799996451,12.9162330001221,0 77.5459339999137,12.9161499997167,0 77.5458160000348,12.9158389998556,0 77.5457700004463,12.9158499999075,0 77.545649999725,12.9153729997651,0 77.5464020003707,12.915137999628,0 77.546411999885,12.9151340000462,0 77.5464140003415,12.9151330002771,0 77.546402999629,12.9151090002917,0 77.5462879996545,12.9147609996499,0 77.54628300035429,12.9147470003597,0 77.54654400034759,12.9146639998421,0 77.5462719998833,12.9136779997789,0 77.5461410004274,12.9132050000551,0 77.54597300018889,12.9126039995786,0 77.5456469996675,12.9126870002642,0 77.5456210003989,12.9126939998555,0 77.54561699957,12.91267799956,0 77.54558099957219,12.9125250000749,0 77.5455769996675,12.9125110000494,0 77.5455229997346,12.9122949999772,0 77.5455160001447,12.9122709997705,0 77.5454580003772,12.9122849995709,0 77.5451189998867,12.9123679997532,0 77.54502499990861,12.9117089998263,0 77.54500800026121,12.9116570000235,0 77.5448049996142,12.911691000323,0 77.5446949996799,12.9117140000409,0 77.54462600031751,12.9113840004457,0 77.54442599987711,12.9103789997078,0 77.54436000037011,12.9100470002028,0 77.54434399960461,12.9099750004002,0 77.5443359996608,12.9098970004284,0 77.5443549999153,12.9098989999746,0 77.5444520001116,12.9098759997539,0 77.54459100026349,12.9098070004301,0 77.5447680002103,12.9098099997444,0 77.5449760001891,12.9099250000429,0 77.5452549999728,12.9101059998325,0 77.5453460001638,12.910170000405,0 77.54543100020121,12.9102079997292,0 77.54556599969391,12.910243000188,0 77.545752000452,12.9103260000002,0 77.5458360004,12.9103600002249,0 77.5459079997146,12.9103869998402,0 77.5463729999998,12.9105790002836,0 77.5468520001119,12.9107269998888,0 77.5470710001664,12.9108059997803,0 77.54711399993199,12.910755999992,0 77.5471030003521,12.9107319999966,0 77.5471070000313,12.9105400001907,0 77.5471069996308,12.9101559999697,0 77.5471089998901,12.9099699997095,0 77.5471060001898,12.9099640001116,0 77.547129000338,12.909961999648,0 77.5471290002838,12.9098919998279,0 77.54712999955311,12.9098709998062,0 77.5471290002541,12.9098529998119,0 77.5471279999809,12.9097530001397,0 77.54712799996911,12.9097340002012,0 77.5473649998641,12.9096759996629,0 77.5476439999361,12.9096110003749,0 77.5479239999751,12.9095379998882,0 77.548347000197,12.9094180000014,0 77.5486940002328,12.9093159998497,0 77.54890400008171,12.9092549999175,0 77.54921599958411,12.909123999617,0 77.5495929998893,12.9093659997051,0 77.5497649996952,12.9090169996418,0 77.5497130001178,12.9088229997619,0 77.5496470000086,12.9086609999454,0 77.5496209997482,12.9086009996605,0 77.5495129997704,12.9083450000509,0 77.5495089997921,12.9083339996199,0 77.5493970002783,12.9080850001561,0 77.5500420004232,12.9078119999697,0 77.5505530001095,12.9076569999746,0 77.5506880001704,12.907618000402,0 77.55072700024689,12.907606000212,0 77.5507919997649,12.9075870000267,0 77.5508299996475,12.9075759997858,0 77.5508950000663,12.9075569995687,0 77.5509210004175,12.9075490003247,0 77.5509309995537,12.9075459998707,0 77.5509540002494,12.9075390002308,0 77.55098099986201,12.9075310002606,0 77.5510130004284,12.9075220001144,0 77.5510740000522,12.9075040002047,0 77.5511059996728,12.9074939999207,0 77.5511330001938,12.9074859999276,0 77.5511789997207,12.9074729998657,0 77.5512419996887,12.9074540001299,0 77.5512500002913,12.907452000342,0 77.5513539997083,12.9074209997682,0 77.5514630000514,12.9073889998796,0 77.5515620003212,12.9073600004354,0 77.5515770003685,12.9073549996399,0 77.5516790002405,12.9073249996394,0 77.5517889995814,12.9072830002556,0 77.5518929996969,12.9072489999784,0 77.55198099955631,12.9072200003116,0 77.5520280000401,12.907205000006,0 77.55213199989279,12.9071610000936,0 77.5522069999377,12.9073740003268,0 77.5521989997322,12.9073960001479,0 77.552279000178,12.9076189998326,0 77.5523279996055,12.9077610003685,0 77.5523899998268,12.9077680001034,0 77.552400999607,12.9077880001717,0 77.5524810000507,12.9080379997868,0 77.5526150002938,12.9084610002967,0 77.5526159996313,12.908463999975,0 77.55261599965429,12.9084650001105,0 77.5526029999199,12.9084680001325,0 77.5525570003567,12.9084819996969,0 77.55254100007799,12.9084870003905,0 77.5525220001134,12.9084919996705,0 77.5524890002645,12.9085019999738,0 77.5524779999579,12.908503000062,0 77.5524689997674,12.9084909996254,0 77.5524589999572,12.9084620003217,0 77.55244500007829,12.9084679996724,0 77.5524439998663,12.9084670002732,0 77.5524429996006,12.9084639996995,0 77.5523950000397,12.9083189998938,0 77.55202500029149,12.9084310000991,0 77.5517689997022,12.9084940001053,0 77.5517729998852,12.9085110003954,0 77.5518059998697,12.9086060000219,0 77.55181500030869,12.9086329998163,0 77.55185299975631,12.9087420003913,0 77.5518929997302,12.9088560001644,0 77.5519339999918,12.9089720003642,0 77.551964000254,12.9090569998784,0 77.55201000003299,12.9091870001037,0 77.5520449997999,12.9092859996472,0 77.55205100045011,12.909304000398,0 77.5521770003042,12.9092759999089,0 77.5521809996718,12.909295999697,0 77.5521969997788,12.9093689996774,0 77.55221599978979,12.9094519997151,0 77.55223000020059,12.9095130004281,0 77.5522420000802,12.9095679999912,0 77.5522559996013,12.9096299999412,0 77.552294999964,12.909623000152,0 77.5523790000038,12.9096070003999,0 77.5524630000188,12.9095909997194,0 77.5525399995815,12.9095769999211,0 77.55261900045851,12.909563000424,0 77.5526989996502,12.9095480000492,0 77.5527170004417,12.9095449999353,0 77.55280500026009,12.9095279996873,0 77.5528600000449,12.9095180002815,0 77.5528959997731,12.9095120000497,0 77.5529460003758,12.9095019997861,0 77.55306099995281,12.9094809997956,0 77.55311000034359,12.9094710002423,0 77.5531909995988,12.9094539996215,0 77.5532370002889,12.9094439995468,0 77.5533080003417,12.9094290002121,0 77.5533339999011,12.9094240002169,0 77.55335199972041,12.9094199999364,0 77.5533980003658,12.9094089997009,0 77.55348099989649,12.9093889998222,0 77.55358999990089,12.9093650000265,0 77.5536749998121,12.9093459996468,0 77.55376200010819,12.9093269995647,0 77.55382900019529,12.9093120003488,0 77.5539189999395,12.9092859997704,0 77.5539820000382,12.909268000367,0 77.5539570001322,12.9091849995808,0 77.5539529999035,12.9091719998921,0 77.55392299957769,12.9090750000173,0 77.5539529997348,12.9090649999414,0 77.5539879999304,12.9090539996376,0 77.55402300013139,12.909043000233,0 77.5540609999691,12.9090310002771,0 77.5540939997822,12.9090209997741,0 77.55413799982129,12.9090069996075,0 77.5541410003913,12.9090059999538,0 77.5541700003569,12.9089969998302,0 77.5541969999297,12.9089880002871,0 77.55422099985179,12.9089800003871,0 77.55427499991831,12.9089629996077,0 77.55429700039549,12.9089560004107,0 77.5543510004489,12.9089389996175,0 77.55442200000481,12.9089159998494,0 77.5545160001342,12.9088839998387,0 77.55453299966111,12.908879000098,0 77.55456599972349,12.9089719998134,0 77.55463900003009,12.909084000346,0 77.55465500034509,12.9092029998969,0 77.5547000001261,12.9095360002575,0 77.554703999544,12.9095510002027,0 77.5548930002624,12.9095440004417,0 77.5549810000779,12.9097090003637,0 77.5550839997393,12.9098859996927,0 77.5551590002752,12.9100040001977,0 77.555295000266,12.91025800042,0 77.55535400026881,12.9103949999604,0 77.55540699987939,12.9105269996808,0 77.5555320003234,12.9107879997931,0 77.5556480004195,12.9110309996184,0 77.5557699996927,12.9112860000743,0 77.5558159999169,12.9114860003763,0 77.5556270003416,12.9115099997023,0 77.55493000014719,12.911612999615,0 77.5542890002541,12.9113129995767,0 77.5541190003154,12.9113540004271,0 77.55270600039999,12.9117059998647,0 77.5525289998082,12.9117339995642,0 77.5523149998787,12.9116909995911,0 77.55219500030771,12.9118490000301,0 77.5526100003846,12.9125699997456,0 77.5527050000522,12.9127390003775,0 77.5528010002959,12.9129169996159,0 77.5529370001036,12.9132339997437,0 77.553054999949,12.9134779995902,0 77.5532650004596,12.9139070003674,0 77.55339700002889,12.9140739999613,0 77.5536399995765,12.9143729998068,0 77.5522189999821,12.914987999691,0 77.5520520004068,12.9150249996327,0 77.55139899969269,12.9151919999349,0 77.5509359995515,12.9153260004075,0 77.5505200004292,12.9153729999198,0 77.55054800024421,12.9154679996378,0 77.55057400038631,12.91555399958,0 77.55059500005829,12.9156250002298,0 77.5506439996133,12.9157890002946,0 77.55015099978149,12.9159559999283,0 77.5497339996724,12.9160430001047,0 77.5494910003295,12.916119999876,0 77.5492610001286,12.9161980000713,0 77.5490309996712,12.9162700001682,0 77.54884099984039,12.9163289999625,0 77.5485350001379,12.916421999911,0 77.5484929997716,12.91643599977,0 77.548265999694,12.9164419997122,0 77.5481060004326,12.9164520003322,0 77.5481069999543,12.9164739999461,0 77.5481189997688,12.9165460003216,0 77.54813000022359,12.9166129998173,0 77.5481330001609,12.9166289998598,0 77.54814600033021,12.9167109999829,0 77.548149999622,12.9167309998604,0 77.54815099992859,12.9167380001015,0 77.5481689996481,12.9168400002747,0 77.5481770001356,12.9168849997962,0 77.54817800044439,12.916892000037,0 77.5481840003654,12.9169269996287,0 77.5481849997893,12.9169370002927,0 77.5482540001117,12.9169219997464,0 77.54825499955329,12.9169339997824,0 77.5482760002851,12.9170579998901,0 77.5483799997246,12.9170519995922,0 77.54839199976421,12.9170509997896,0 77.54845199997629,12.9170480001415,0 77.5484640000148,12.9170470003358,0 77.54849200010921,12.9170459997663,0 77.54852500044861,12.9170439999438,0 77.54854599995301,12.9171300001936,0 77.5486250000225,12.9171270002697,0 77.54863500005889,12.91716399992,0 
						</coordinates>
					</LinearRing>
					<LinearRing>
						<coordinates>
							77.5543580001808,12.9067780002296,0 77.55431200025031,12.9067959996715,0 77.55430399973849,12.9067989996792,0 77.5542870003936,12.9068059996488,0 77.5542440000559,12.9068220002081,0 77.554239000078,12.9068239996606,0 77.55414999977469,12.9068579996307,0 77.554066999615,12.9068900002873,0 77.5540279999724,12.9069050004265,0 77.5539869999682,12.9069210003705,0 77.5539459999577,12.9069370003091,0 77.553909999916,12.9069509998917,0 77.5538750000437,12.9069640004017,0 77.5538419996208,12.9069770003389,0 77.5538229999153,12.9069860002265,0 77.5537820003582,12.9068740000363,0 77.55369400029559,12.9066519998046,0 77.55369100036199,12.9066400003979,0 77.5536379999221,12.9065030002282,0 77.55357200005579,12.9063350000071,0 77.5534899996499,12.9060300002572,0 77.5534670003926,12.9059289999259,0 77.55334899960251,12.9057249995961,0 77.5532680003066,12.9056030002151,0 77.5529389999728,12.9051910000353,0 77.55296800022749,12.9051680000196,0 77.55380700038749,12.9049780003614,0 77.5538280004057,12.9049729995631,0 77.553839999766,12.9049700002549,0 77.55394499980579,12.9049420003488,0 77.55404399956571,12.9049109999139,0 77.55424900025599,12.9048119996184,0 77.5544140003441,12.9047269999389,0 77.5544719999229,12.9046969999975,0 77.5549129997997,12.9054960002658,0 77.55429299965699,12.9058350000533,0 77.5543709997647,12.906057000224,0 77.5543590000903,12.9060840000864,0 77.5543120002008,12.9061059998812,0 77.5543049996641,12.9061349999342,0 77.5543510001316,12.9062449996622,0 77.5543950001171,12.9063490000526,0 77.5544250003563,12.9064220003018,0 77.55447600037451,12.9065439997083,0 77.554491999832,12.9065820001952,0 77.5545089995631,12.9066230003395,0 77.55456799988239,12.9067639999466,0 77.5545819997745,12.9067970003258,0 77.5545870001629,12.9068100001681,0 77.5544599996266,12.906859999845,0 77.55445299981081,12.9068479998032,0 77.5544270004158,12.9067810001152,0 77.55441699967631,12.9067559996517,0 77.5543580001808,12.9067780002296,0 
						</coordinates>
					</LinearRing>
				</innerBoundaryIs>
			</Polygon>
		</Placemark>
	</Document>
	<Document>
		<name>Ward NO. 160.kml</name>
		<StyleMap id="m_ylw-pushpin13">
			<Pair>
				<key>normal</key>
				<styleUrl>#s_ylw-pushpin13</styleUrl>
			</Pair>
			<Pair>
				<key>highlight</key>
				<styleUrl>#s_ylw-pushpin_hl13</styleUrl>
			</Pair>
		</StyleMap>
		<Style id="s_ylw-pushpin13">
			<IconStyle>
				<scale>1.1</scale>
				<Icon>
					<href>http://maps.google.com/mapfiles/kml/pushpin/ylw-pushpin.png</href>
				</Icon>
				<hotSpot x="20" y="2" xunits="pixels" yunits="pixels"/>
			</IconStyle>
			<LineStyle>
				<color>ffffff55</color>
				<width>3</width>
			</LineStyle>
			<PolyStyle>
				<fill>0</fill>
			</PolyStyle>
		</Style>
		<Style id="s_ylw-pushpin_hl13">
			<IconStyle>
				<scale>1.3</scale>
				<Icon>
					<href>http://maps.google.com/mapfiles/kml/pushpin/ylw-pushpin.png</href>
				</Icon>
				<hotSpot x="20" y="2" xunits="pixels" yunits="pixels"/>
			</IconStyle>
			<LineStyle>
				<color>ffffff55</color>
				<width>3</width>
			</LineStyle>
			<PolyStyle>
				<fill>0</fill>
			</PolyStyle>
		</Style>
		<Placemark>
			<name>Ward NO. 160</name>
			<styleUrl>#m_ylw-pushpin13</styleUrl>
			<Polygon>
				<tessellate>1</tessellate>
				<outerBoundaryIs>
					<LinearRing>
						<coordinates>
							77.5337550000897,12.9358240002307,0 77.53411300030599,12.9364759998594,0 77.5342270004309,12.9365889999243,0 77.53424599959919,12.9366060002698,0 77.5341389998066,12.9367970003268,0 77.5339560001449,12.9374349996592,0 77.5338609995616,12.9376139996679,0 77.53374099960629,12.9378019999918,0 77.5336220002909,12.9380039998541,0 77.5335850002125,12.9380589997839,0 77.5334320002631,12.9382980002626,0 77.53335199976119,12.9384089998193,0 77.5332649997919,12.9385440004401,0 77.5330560000795,12.9388649995775,0 77.5323269999607,12.9400539998614,0 77.5316470002909,12.9412180002651,0 77.53089600002031,12.9426119998878,0 77.5305610001371,12.9431869999633,0 77.53029099988539,12.943623000374,0 77.53011100025159,12.9439040000323,0 77.5298589998923,12.9442640002554,0 77.5296960003031,12.9444930004418,0 77.5296190001194,12.9445870003013,0 77.5295009999347,12.9446809996806,0 77.52933800043741,12.9448100001259,0 77.52909200006749,12.9449259999927,0 77.5281180001212,12.945263999875,0 77.52803400015659,12.9451880001487,0 77.5277900003785,12.9449659999471,0 77.5276359997012,12.944828000218,0 77.5273099997066,12.9445349998091,0 77.52724999961011,12.9444770001012,0 77.5266589999996,12.9439080004056,0 77.52653100010259,12.9437629996265,0 77.5265019999509,12.9437290000413,0 77.5263510003891,12.9435179997578,0 77.5262840003158,12.9434239997853,0 77.5261839995642,12.9432829999058,0 77.5261570004577,12.9432450001359,0 77.5260610000081,12.9431100002685,0 77.5258609998446,12.9428319998779,0 77.5257850001327,12.9427159995495,0 77.5257099998728,12.9426009995913,0 77.5252410000592,12.9419200002411,0 77.5249010004127,12.9413900000988,0 77.52481999975799,12.9412480004168,0 77.5247600000244,12.9411489999254,0 77.524637000265,12.9409280000137,0 77.5246060004264,12.9408740001476,0 77.52456500023099,12.9408010002516,0 77.5245050002697,12.9407230001747,0 77.52426099971029,12.9404069998392,0 77.5242189999254,12.9403529998043,0 77.5241789997248,12.9403019998314,0 77.5241340002074,12.9402430000461,0 77.5239689999195,12.9400370002342,0 77.52392499957431,12.9399829996213,0 77.5238930004288,12.9399450000109,0 77.52383900001379,12.9398830000968,0 77.5238120003449,12.9398509999746,0 77.52376500024501,12.9397929997399,0 77.5235599998049,12.9395480004145,0 77.5235430000134,12.939528000167,0 77.5233349999056,12.9392960000041,0 77.5231099998459,12.939078000051,0 77.5229769999585,12.9389619998678,0 77.52290100018659,12.9388959996361,0 77.5224569997301,12.9386010001882,0 77.52233599963991,12.9385599999073,0 77.5221800001075,12.9384540001035,0 77.52203199955881,12.9383499999122,0 77.5218940000529,12.9382419998322,0 77.5218080000607,12.9381890003627,0 77.5215889997062,12.9380170002002,0 77.5213530003045,12.9378229999403,0 77.5211900001803,12.9376489995646,0 77.52067199990771,12.9370929997625,0 77.52040100029581,12.9369020001694,0 77.5203119999787,12.9368390003968,0 77.5194889996437,12.936564999989,0 77.5186220003343,12.9363359995805,0 77.51847299984929,12.9363240002725,0 77.5178059995671,12.9363290004123,0 77.51722500045921,12.9363289999677,0 77.51697199964021,12.936323000005,0 77.5165909999334,12.936266000094,0 77.51634800025209,12.9362269998259,0 77.5157750001469,12.936143999615,0 77.5144519999883,12.9359389998872,0 77.5137900004151,12.9357559995914,0 77.5130650002542,12.9355539997871,0 77.512969000314,12.9355319997998,0 77.5124450004021,12.9353870001252,0 77.51234899985241,12.9353629995697,0 77.5120459995513,12.9352620001127,0 77.51190300003159,12.9352150002382,0 77.5117659996547,12.9351689995761,0 77.5113440002366,12.9349670004379,0 77.5110309999399,12.93479300001,0 77.5109369997527,12.9347219999481,0 77.5106750004113,12.9345250001994,0 77.5106060002398,12.9344769997779,0 77.5098529998524,12.9338450001275,0 77.50940199962869,12.9334769996101,0 77.5091970001032,12.9333079998158,0 77.5088970002782,12.9330290001865,0 77.5084549999801,12.9326359998739,0 77.50815899953921,12.9323959996061,0 77.5080489998936,12.9323090003194,0 77.50740199962991,12.9318900002751,0 77.5067869999656,12.9315010001747,0 77.50665199979331,12.9314059996385,0 77.5065160001764,12.9312930002006,0 77.5063400001776,12.9311839998751,0 77.5062699999996,12.9310760003108,0 77.50605299989699,12.9306990002103,0 77.5058760000893,12.930279999779,0 77.5057480003652,12.9300799996412,0 77.5055400002111,12.9297960001907,0 77.5054029999944,12.9296820003287,0 77.5052369996974,12.9295760001106,0 77.50473600032289,12.9293609995658,0 77.5045920002683,12.9293189998558,0 77.5040290001656,12.9292019995915,0 77.5037589996832,12.9290940004343,0 77.5034970001756,12.9289330001702,0 77.5033139996746,12.9287559996548,0 77.50281600001961,12.9281450002463,0 77.5024400000474,12.9277019999095,0 77.5025970004516,12.9277369998445,0 77.5037099998365,12.9268379999932,0 77.50412500045491,12.9265029999447,0 77.5042510004283,12.9265700000821,0 77.50435100039159,12.926599000246,0 77.5044049997269,12.926555000426,0 77.50450399956129,12.9264299995958,0 77.5048799997877,12.9258739997349,0 77.5050669996959,12.925660000165,0 77.5051929996456,12.9254810001851,0 77.5052039996462,12.9254010004322,0 77.50516900008409,12.9252120002364,0 77.50505900032221,12.9250240000399,0 77.50498200004731,12.9249029996526,0 77.5050959996728,12.9248439995653,0 77.5051549998104,12.9248250001364,0 77.50525300041799,12.9247940001538,0 77.5052069996119,12.9245929996378,0 77.5053969999215,12.9245300001537,0 77.5053849997697,12.92466900042,0 77.505378999596,12.9247539999903,0 77.5054370001593,12.9249269998126,0 77.5055300000385,12.924921000422,0 77.50564300043899,12.9249140003461,0 77.5057499998189,12.9249080001849,0 77.5058679998229,12.9249009998948,0 77.5059849996709,12.9248929999541,0 77.50609999968469,12.9248860003599,0 77.5062089995938,12.9248799997765,0 77.5062530001309,12.9248769995589,0 77.5062630004215,12.9250840004325,0 77.5062629996671,12.9250890003712,0 77.5062660002684,12.925152000145,0 77.5062689996554,12.9252170002639,0 77.5062750002665,12.925341000384,0 77.50665300016939,12.9253339998419,0 77.50665200025389,12.9252819998737,0 77.5066510003529,12.9251620003136,0 77.5066509999438,12.9251030004191,0 77.5067550000786,12.9250919998013,0 77.50687799981939,12.9250780004478,0 77.50699500022399,12.9250660002764,0 77.5071299999146,12.9250510001092,0 77.50726299976419,12.925037000281,0 77.50736500013269,12.9250259996678,0 77.50747899981501,12.9250059996832,0 77.50761500008581,12.924981999912,0 77.5076719999003,12.9249719998744,0 77.5077369995942,12.9249600003216,0 77.5078870002508,12.9250060003711,0 77.5081449996059,12.9251289997129,0 77.5083649999637,12.9251029996165,0 77.5089089998925,12.9246690003063,0 77.50892300012291,12.9246439998201,0 77.50903500014689,12.9246209998635,0 77.5093020004222,12.9250279998903,0 77.5095010004088,12.9250039996421,0 77.5097340003904,12.9249379996568,0 77.5099009995461,12.9248840001647,0 77.50993399977629,12.9248719997447,0 77.51003599976541,12.9248340000056,0 77.51013700034299,12.9247959999061,0 77.5101830004178,12.9247790000896,0 77.5102319997859,12.9247600000002,0 77.51046500021521,12.9246729995954,0 77.5104929995499,12.924677000153,0 77.5105489998368,12.9245009999681,0 77.510545000311,12.9244270000997,0 77.5105389995738,12.9242960001902,0 77.5105739999272,12.9243139998448,0 77.51076399999759,12.9242979999008,0 77.5107489996727,12.9241229998714,0 77.510746999669,12.9240979996536,0 77.5107449998072,12.9240720001739,0 77.5107430003422,12.9240430001983,0 77.5107359999402,12.9239620000519,0 77.5107299995653,12.9238829996468,0 77.5107170000563,12.9237620000529,0 77.5107159998033,12.9237480001512,0 77.51118100024389,12.9236819997698,0 77.5115139998953,12.9236330004076,0 77.5115159996662,12.9236249997336,0 77.5116600000115,12.9228590004139,0 77.511761999583,12.9223149997522,0 77.5117939998069,12.9220020002816,0 77.5117419996993,12.9219059997966,0 77.51175200008829,12.9217769999446,0 77.5117430003384,12.9217559999906,0 77.51174000001301,12.9216190001489,0 77.5117400001434,12.9215970001665,0 77.5117379998445,12.9215039996981,0 77.5117380001135,12.9215020002722,0 77.5117380003734,12.9214999999428,0 77.51173699996041,12.9214939995535,0 77.51173499955409,12.921381000334,0 77.5117679998865,12.9213500002823,0 77.51176800027881,12.9213259999706,0 77.5117540003711,12.9211699998617,0 77.5117330003675,12.9211329998167,0 77.51166100008309,12.9209430001609,0 77.5116050000336,12.9207090001494,0 77.51182200015511,12.9206499996484,0 77.51186200033941,12.9206339997527,0 77.5118579996518,12.9205890001758,0 77.5118500002321,12.9205610002911,0 77.51184600006231,12.9205259996319,0 77.51185699980429,12.92047400004,0 77.5118880003963,12.9204289997822,0 77.5119229995788,12.9203750002347,0 77.5119169999729,12.920143000183,0 77.511890000414,12.9200840000599,0 77.511879999809,12.9198519996424,0 77.5118029997287,12.9198550001169,0 77.51169799974539,12.9198069995991,0 77.5116510002355,12.9197700002935,0 77.5116039999408,12.9197319999174,0 77.5115590003256,12.91963800003,0 77.5115470004278,12.9196130002493,0 77.51151999992651,12.9194660001203,0 77.5114929997733,12.9192069997102,0 77.5114949997548,12.9191699997107,0 77.51150400017841,12.9189450000677,0 77.5115359996783,12.9186219998556,0 77.5115679997641,12.9182810003085,0 77.5116079998144,12.9180719996345,0 77.5117980000862,12.9177710001158,0 77.51190100028199,12.917606999767,0 77.51194000037989,12.9175450002333,0 77.511990000072,12.9174659996137,0 77.5120889996209,12.9173249999164,0 77.5122299995792,12.9171030002977,0 77.51237799990921,12.9165500003135,0 77.5124260003668,12.9163690004391,0 77.51246699965969,12.9162870000622,0 77.5125060003619,12.9162390000675,0 77.51258600022631,12.9161859996009,0 77.51258000030489,12.916146000208,0 77.5125579996739,12.9158649997893,0 77.51242799956781,12.9158799998424,0 77.5123560002875,12.9152550004479,0 77.5123359998725,12.9150830003142,0 77.51232899982659,12.9150290001032,0 77.5123150001908,12.9149039996063,0 77.51229899984369,12.9147740003677,0 77.5122930000712,12.9147199995645,0 77.51228299994401,12.9146340003886,0 77.51226699964811,12.914504000236,0 77.5122609999089,12.914450000332,0 77.51224799965659,12.9143049995808,0 77.51164300002699,12.9142389999637,0 77.5115790004353,12.9141939999933,0 77.51151200025539,12.9141479997815,0 77.51127599968331,12.9139820002735,0 77.511275999734,12.913975000027,0 77.5112769997998,12.9139300001882,0 77.5112780000308,12.9138969996077,0 77.51128000000421,12.9138279997658,0 77.5112819999802,12.9137589999237,0 77.5112840000964,12.913688999916,0 77.511284999913,12.9136259998336,0 77.5112859996507,12.9135899996685,0 77.5112889996587,12.9134500002343,0 77.5112919998399,12.9132890000592,0 77.511294000364,12.9132360001282,0 77.5112969995898,12.9130820002074,0 77.5113000002481,12.9129309998612,0 77.51130100002661,12.9129080000233,0 77.5113040002289,12.9127670004198,0 77.5113070002714,12.9126139997493,0 77.51130799955691,12.9125880003267,0 77.5114139997422,12.9125530000006,0 77.5115300001123,12.9125140004044,0 77.5115829996416,12.9124970002937,0 77.512251000392,12.912283999722,0 77.5123899999673,12.9122350001134,0 77.512446000205,12.912216999734,0 77.5124499996321,12.9122080004514,0 77.5124149999793,12.9121030000836,0 77.51255900006289,12.9120579999467,0 77.51252699966049,12.911957000314,0 77.5126939997337,12.9119110000857,0 77.5127560002684,12.911886999685,0 77.5129020002144,12.9118449996158,0 77.5128790002121,12.9117699999236,0 77.5128520001075,12.9116820004442,0 77.512823000221,12.9115890004052,0 77.5127900001078,12.9114839998349,0 77.51276299993999,12.9113969995943,0 77.51273399987009,12.9113059998607,0 77.51269799958941,12.9111910002868,0 77.5126710002893,12.9111050001792,0 77.5126470004235,12.9110150003769,0 77.5126269998832,12.9109370002038,0 77.5128359999191,12.9108569997652,0 77.51345600032499,12.9108310004011,0 77.5134879996542,12.910830000451,0 77.5134800002301,12.9106589998726,0 77.5134359997449,12.9101710003741,0 77.5133339995931,12.9096799999434,0 77.5133030000846,12.9095959998609,0 77.51327700042221,12.9096040001072,0 77.512583000041,12.9097889998622,0 77.51255799974319,12.9097090004323,0 77.51249299976659,12.9094729996479,0 77.5124120002762,12.9091749997757,0 77.51238600017081,12.9090929996545,0 77.51230100012469,12.9088809998514,0 77.5122090002599,12.9086510001985,0 77.5121729997399,12.9086029996646,0 77.5121379995733,12.9085739998479,0 77.5120160001959,12.9084519999392,0 77.5119629995862,12.9082340002904,0 77.51190300025721,12.9079379999773,0 77.5119010002976,12.9079150000688,0 77.5119139999947,12.9076640001395,0 77.5119459997802,12.9072339995935,0 77.51204099965349,12.9068489998332,0 77.5121590003703,12.9066419997084,0 77.5121840000603,12.9065979997136,0 77.51218700035059,12.9065809997039,0 77.5122019997325,12.9064650000119,0 77.51217400023189,12.9064639997784,0 77.51185799989111,12.9064430000411,0 77.5116709997482,12.9064300000713,0 77.51106700028561,12.9064210000521,0 77.5112189996931,12.9062979999938,0 77.511456000121,12.9060329998689,0 77.51169899966889,12.9055300003965,0 77.5116149999798,12.9052309995761,0 77.511040999736,12.9043200001064,0 77.5109519995527,12.9040830001972,0 77.51094899997941,12.9040510002419,0 77.51094099989849,12.9039470003022,0 77.5109810002745,12.9035530000279,0 77.5111159995909,12.9029679997556,0 77.5111200000287,12.9028960000395,0 77.51110299989899,12.9027990000811,0 77.5110950003432,12.9027539999355,0 77.5109349999998,12.9025690002829,0 77.510931000025,12.9025139998076,0 77.5109809995828,12.9024490002805,0 77.5112139999236,12.902286000137,0 77.51146200041001,12.9021089997792,0 77.511477999867,12.9020970003885,0 77.5115499995951,12.902102999885,0 77.51165800007151,12.9021279999105,0 77.5118189998848,12.9021609997002,0 77.51187600045679,12.9021660003126,0 77.511939000382,12.9021710001815,0 77.5123599996745,12.9021089998467,0 77.512543999727,12.9020760003891,0 77.5129099998433,12.9020640002693,0 77.5138030003174,12.9020470000153,0 77.5138789995666,12.9020349999271,0 77.5139549998613,12.9020219996449,0 77.5139780003648,12.9019980004044,0 77.5140009999341,12.9019740002681,0 77.51404199970931,12.9018469999566,0 77.5140700000409,12.9016770002014,0 77.5140690001565,12.9016010001377,0 77.5140270002027,12.9015539997624,0 77.5139819999569,12.9015049998963,0 77.51384299962901,12.9014100001985,0 77.51343200037471,12.9012629997389,0 77.5133479999662,12.9012209999919,0 77.51326399958199,12.9011790002126,0 77.51321300027421,12.9011100003664,0 77.5131620000662,12.9010409996102,0 77.5131040000951,12.9009479998578,0 77.5129889995616,12.9007619997183,0 77.5128700000741,12.9006289996406,0 77.5128110000919,12.9005620001082,0 77.5127089996007,12.9005049998845,0 77.51260699992901,12.9004489997688,0 77.51254500012649,12.9004029999083,0 77.5124830003455,12.9003570000287,0 77.51246799971361,12.9003349996315,0 77.51242600032479,12.9002750003786,0 77.51244200035011,12.9001689999668,0 77.51245100035641,12.9001109997202,0 77.5124610002201,12.9000679995566,0 77.5124680003871,12.9000379996368,0 77.5127710003492,12.8998270001966,0 77.5128849996233,12.8997009996703,0 77.5128859999585,12.8996999998301,0 77.51299400030339,12.8994999996292,0 77.5131439999471,12.8993849999446,0 77.51323800045409,12.8992859999211,0 77.5132519997006,12.8992710002279,0 77.5135079997229,12.8989469998129,0 77.5135649999244,12.8988320004326,0 77.5135910003424,12.8986810004455,0 77.51356499991159,12.8985849997868,0 77.51356400001259,12.898583000037,0 77.51334600021789,12.8982859996894,0 77.5133040004592,12.8982109999011,0 77.5132910000884,12.8980939999886,0 77.51334999988801,12.8980100000748,0 77.51381700004259,12.8975440000218,0 77.513853999909,12.8974620004479,0 77.51392799971239,12.8972970002283,0 77.5139889997715,12.8970739998589,0 77.51401999993421,12.8969619997541,0 77.5140030002602,12.89684699984,0 77.5139690000676,12.8966170000061,0 77.5140500000154,12.8963929996635,0 77.5141839999377,12.8960580002021,0 77.5142410001901,12.8958589997561,0 77.5143340000653,12.89552999971,0 77.51435099999659,12.8953880001171,0 77.51432499986259,12.8952659997762,0 77.5142350000323,12.8952079999271,0 77.5140740002697,12.8951810000669,0 77.5140230000534,12.8951730002217,0 77.5139719999796,12.895164000201,0 77.5139240001787,12.8951179996124,0 77.5139169995486,12.8950690001634,0 77.5139110003547,12.8950239998734,0 77.51393000034641,12.894962999711,0 77.5139460002393,12.894912000206,0 77.5140859999168,12.8945710000516,0 77.5141019997114,12.8945010001517,0 77.5140519999761,12.8941119997553,0 77.51404000026869,12.8937300002268,0 77.51396599996821,12.8934360002237,0 77.5139500002018,12.8932819996029,0 77.5137830003281,12.8930800003416,0 77.51373999980549,12.8930100000651,0 77.5137679999376,12.8929390003392,0 77.51401000030759,12.8928319998269,0 77.5142249996666,12.8928219998473,0 77.5144249995647,12.8928489999401,0 77.5145840001195,12.8929739998188,0 77.5147270003942,12.8929860003464,0 77.5147839998922,12.8929440002529,0 77.5149270002602,12.8929420001968,0 77.5149909999317,12.8929129999316,0 77.51506999954159,12.8928489997074,0 77.51512699962861,12.8928349995903,0 77.51519899974571,12.892903999747,0 77.5152710003066,12.8929040003893,0 77.51533400006851,12.8928330001199,0 77.51532600022919,12.8927629997024,0 77.5153100001846,12.8925729997658,0 77.5153240003126,12.8924889996478,0 77.5153519995807,12.8924470000471,0 77.51567399985829,12.8924359998336,0 77.5157950002271,12.8923789996133,0 77.5158599995889,12.8923849997618,0 77.5158960003812,12.892440999606,0 77.5158969998251,12.8925469999718,0 77.51585700005231,12.8928280002415,0 77.51573800019089,12.8931169999884,0 77.51573199954299,12.893221999763,0 77.5157400000444,12.893342000125,0 77.5158069997577,12.8935450003335,0 77.51581500036291,12.8936850003139,0 77.51587999970241,12.8937410003797,0 77.51598700023369,12.8936900000828,0 77.5160800000248,12.8936679999931,0 77.51621700023369,12.8937369997163,0 77.51643099972119,12.8937000003362,0 77.5167400000138,12.8936549997514,0 77.51685200044069,12.8936020003962,0 77.5168989998586,12.8935250000999,0 77.5170700001739,12.8933069998892,0 77.5171130000362,12.8931510000106,0 77.5171880003864,12.8931000000564,0 77.5172740003772,12.8930929998089,0 77.5173610003923,12.8930870000093,0 77.5174029998801,12.8930719999563,0 77.5174440001193,12.8930569995761,0 77.5175159999625,12.8930620004036,0 77.5176240002106,12.8930939996759,0 77.5177849996809,12.8931409998333,0 77.5180129997258,12.8932390000677,0 77.5180769997131,12.8931969997121,0 77.5181259998741,12.8932139996373,0 77.5181389997864,12.8932959996986,0 77.518223000226,12.8933479998513,0 77.5183960002242,12.8933350000008,0 77.5184049999544,12.8933339999248,0 77.51851500037451,12.8933540001913,0 77.51852800024371,12.8933570001837,0 77.5186049996021,12.8932920000527,0 77.51868699971,12.8931389999837,0 77.518757000195,12.8929449995577,0 77.5188239997435,12.8928349999286,0 77.5188569998823,12.8927800004049,0 77.5189160002373,12.8927560003194,0 77.5189549999477,12.8927559997095,0 77.5189949996951,12.892756999562,0 77.51918599973919,12.8928589997264,0 77.5192080001451,12.892868999957,0 77.5193059997295,12.8929159996473,0 77.5195089999616,12.8929509997356,0 77.5195329995889,12.8929549995966,0 77.5198079998475,12.8929930002697,0 77.5200479998759,12.893102000411,0 77.5201840001899,12.893194999627,0 77.52025199998489,12.8932409995773,0 77.5203730001674,12.8933239997572,0 77.52049300014519,12.8934079997254,0 77.5206530001839,12.893476000109,0 77.520728000109,12.8935160001583,0 77.52079199992021,12.8935500004369,0 77.5209500004443,12.8935249996942,0 77.52099500013151,12.8935419996448,0 77.5210300000609,12.8935750000266,0 77.5210650001134,12.8936070002422,0 77.52108300009699,12.8936400000326,0 77.52111199954091,12.8936929999704,0 77.52112199961989,12.8938340000319,0 77.52110999973959,12.8939679996206,0 77.52109900014671,12.8940770000587,0 77.5210999997278,12.89418599958,0 77.5211140000698,12.8943390000222,0 77.52111900044039,12.894399000187,0 77.5211289997014,12.8945240004179,0 77.52113799991361,12.894759999866,0 77.52103299971959,12.8951810000085,0 77.52101299953929,12.8952579999191,0 77.5209970002411,12.8953169999695,0 77.5209299999934,12.8956309999321,0 77.5209140002065,12.8956939997193,0 77.5209000001778,12.8957460001689,0 77.5208949999811,12.8958930003123,0 77.5208909998957,12.8959359996144,0 77.5208889996801,12.8959509995912,0 77.5208849995884,12.8959699996037,0 77.5208770003249,12.8960079996197,0 77.52083799997681,12.8961140002638,0 77.52079800009599,12.896166000166,0 77.52076200041689,12.8962139997213,0 77.5207400002386,12.8962389998181,0 77.52067900029949,12.8963079997372,0 77.5206210003692,12.8964449995992,0 77.52054499967041,12.8967209998853,0 77.5205460004014,12.8968039998082,0 77.5205729996663,12.8968990004027,0 77.52065400005129,12.8970259996278,0 77.520745999981,12.8972150001933,0 77.5208009996278,12.8972700000387,0 77.5208280003484,12.8972969997184,0 77.5208780004487,12.897365000107,0 77.5208849997306,12.8973740000126,0 77.520902000267,12.8974280000805,0 77.52092700034341,12.8974659999955,0 77.5209760003512,12.8975420004217,0 77.5210189996249,12.8975989996603,0 77.5210619996993,12.8976410001182,0 77.52112800010831,12.8976670003389,0 77.5211620000083,12.8976720003784,0 77.5212339995869,12.8976819998241,0 77.52130700027649,12.8976920004378,0 77.52133200026149,12.8976819999323,0 77.5214399997659,12.8976420002589,0 77.5215830002825,12.8976480000681,0 77.5215969998664,12.8976489998432,0 77.5216670001426,12.8976159999085,0 77.5217360001111,12.8975839998245,0 77.52187999985991,12.8975140004296,0 77.5220190000861,12.8974559995828,0 77.522141000316,12.8974379999978,0 77.52228500022041,12.8973900002642,0 77.5224329999304,12.8973409996661,0 77.5225069998201,12.8973160001637,0 77.5225869999696,12.8973240003544,0 77.5226730001919,12.8973669996401,0 77.5227159998089,12.8973890002572,0 77.5227839996131,12.8974590003183,0 77.5228230002238,12.8975000000175,0 77.52286199992641,12.8975409997174,0 77.5229530003072,12.8976269998655,0 77.5229949997257,12.8976409997833,0 77.522994999829,12.8976399996252,0 77.5229940001733,12.8976000002774,0 77.52317600043069,12.8975839998268,0 77.52323100030161,12.8975799997299,0 77.52326299974899,12.8975770003724,0 77.52326300008789,12.8976179995734,0 77.5235549997259,12.8975969999943,0 77.52367500014169,12.8975270000138,0 77.5237700000873,12.8975719999846,0 77.5239210001303,12.8975669999896,0 77.52392700025079,12.8975669998983,0 77.52393800032419,12.8975670003342,0 77.5241410001895,12.8975799998289,0 77.5243159999925,12.8974710001524,0 77.52455400002989,12.8973840000211,0 77.524724999734,12.8972559996414,0 77.52473599980971,12.8973119997401,0 77.52483899997419,12.8972280004409,0 77.5256589999636,12.8995940001005,0 77.5257789996873,12.8999819996179,0 77.5258359999754,12.9000820001922,0 77.525817999742,12.9001190000366,0 77.52615300016591,12.9006900002748,0 77.52647899998961,12.9020429997137,0 77.526551000045,12.9023679999552,0 77.5266480003241,12.9027809997292,0 77.52664800023921,12.9027819998842,0 77.52658999957011,12.9027990002799,0 77.5263630004232,12.9028890001511,0 77.5263620001281,12.9029850002468,0 77.52640699998631,12.9030019997942,0 77.5264440003178,12.9030169995487,0 77.52648699962459,12.9031210002188,0 77.5265180003508,12.903214000415,0 77.5265219999132,12.9032280000539,0 77.52652299984631,12.9032309998861,0 77.5265239996945,12.9032349998733,0 77.52652399960959,12.9032360000284,0 77.5265270001603,12.9032469998261,0 77.5265559997335,12.9033920002708,0 77.5265829998222,12.9035270004215,0 77.5266110000305,12.9035990001555,0 77.5266680004197,12.9038539998183,0 77.52668700014149,12.9040089999481,0 77.5267220003833,12.9043039997667,0 77.5267230002228,12.9043300004304,0 77.526389999869,12.9041750000094,0 77.5260999996694,12.9041090001995,0 77.5260789995811,12.9041149999064,0 77.5263959998691,12.9045199997563,0 77.52653799962989,12.9048010003218,0 77.5265560000047,12.9048390002121,0 77.5264071767653,12.9049163304532,0 77.5264080072518,12.904917038886,0 77.5266310237991,12.9052239910712,0 77.5270959638458,12.9060639886011,0 77.5276379645825,12.9070449674527,0 77.5280520152274,12.907792955043,0 77.5281549783105,12.9079800264245,0 77.5281970677182,12.9080460132425,0 77.52821199994369,12.9080689996647,0 77.5296769997737,12.9102660003152,0 77.529710999884,12.9103200000088,0 77.5298499997955,12.9105969996851,0 77.5298829998937,12.9106630000006,0 77.5301099998949,12.9111159996327,0 77.5305570001684,12.9119939999835,0 77.5306360003437,12.912171999637,0 77.5309030002354,12.9127960003776,0 77.53112299985619,12.9134530002533,0 77.53114800037601,12.91355600024,0 77.53126399970991,12.9140200001611,0 77.5312649997062,12.9140240001053,0 77.5312970003944,12.914138999966,0 77.5314390002046,12.9147450002987,0 77.5316449997199,12.9167909996964,0 77.5318889998096,12.9167540000473,0 77.5320590002234,12.9167489997508,0 77.53207800042151,12.916678000043,0 77.532096000366,12.9166070000965,0 77.532114999681,12.9165180004165,0 77.5321369997697,12.9164450002323,0 77.5321509995897,12.9163920002065,0 77.5321659999134,12.9163339996697,0 77.5321680000784,12.9163230003132,0 77.53219100016859,12.9162370002342,0 77.5322129999514,12.9161520000666,0 77.5322180003985,12.916132000086,0 77.532240999816,12.9160410001702,0 77.53226299968139,12.9159539997036,0 77.5322700001178,12.9159259999137,0 77.5322880000971,12.9158529996703,0 77.5323079998533,12.9157760002175,0 77.5323110002459,12.915765000197,0 77.53219499980899,12.9157679997455,0 77.532330999858,12.9156389997477,0 77.5323760001769,12.9155770004297,0 77.5324029995957,12.9154679996944,0 77.5324310000955,12.915428999709,0 77.53256299978339,12.915370000096,0 77.5326700002192,12.9153219996718,0 77.5326989998747,12.9153200000155,0 77.53284699991261,12.9153070001337,0 77.5330889998355,12.9151930003441,0 77.53313799975029,12.9151699995743,0 77.5334379999391,12.9150799997353,0 77.5334549999402,12.9150870002937,0 77.5336739999762,12.9150360003265,0 77.5337010002585,12.9150290002476,0 77.533726000399,12.9155269996923,0 77.5337990004252,12.9156779995648,0 77.5342320004461,12.9157640001079,0 77.5345789998799,12.9158600003582,0 77.5351670002895,12.9157770003579,0 77.53566200009141,12.9155570001873,0 77.53586699973729,12.9154920003576,0 77.53587800033969,12.9155189995972,0 77.53584399988419,12.9156750003316,0 77.53582300029041,12.9158399999214,0 77.5358320002545,12.9160810003482,0 77.5358640000463,12.9161869997128,0 77.5359269999493,12.9162460001047,0 77.53620599957981,12.9163439999694,0 77.5366109996923,12.9165320002951,0 77.536708999998,12.9166420003919,0 77.53682400013651,12.9167709997832,0 77.5371130000442,12.9170380001155,0 77.5375009996386,12.9175110003565,0 77.5378490002481,12.9180730003347,0 77.5382969999084,12.9180029999736,0 77.53837699993529,12.9180780001663,0 77.5383350003619,12.9182210000754,0 77.53837299962569,12.9183189999297,0 77.5384349998283,12.9183650001155,0 77.53857300018031,12.918486999661,0 77.5388049999348,12.9187179998141,0 77.5388349996462,12.9188039997124,0 77.5386510000946,12.9191199996958,0 77.5386009995668,12.9192269999497,0 77.5385819996352,12.9193599997747,0 77.53860699959731,12.9195680000246,0 77.5387529997855,12.9197369997197,0 77.5389099996883,12.920041000379,0 77.5389280002486,12.9201299999036,0 77.53893599962861,12.9202020002731,0 77.53894299960319,12.9201999996659,0 77.5389929999676,12.9204480000456,0 77.539017999663,12.9207729999,0 77.5391319999016,12.9210330001317,0 77.53930099982099,12.9214219997391,0 77.5393700001175,12.9217710004056,0 77.5394129999147,12.9218739998785,0 77.5397069996723,12.9219299998469,0 77.5399349997892,12.92218800034,0 77.5400359995444,12.9224370001202,0 77.5401420001094,12.9229979995493,0 77.54014999997671,12.923022000126,0 77.5401690003653,12.9230780003266,0 77.5402210004594,12.9232339999782,0 77.5402659997214,12.923331999798,0 77.5402980001801,12.9240710002795,0 77.54029099974321,12.9241560001932,0 77.5402259995931,12.9242269997725,0 77.5399380001345,12.9244110004465,0 77.5398159997718,12.924499999836,0 77.5397290001428,12.9245570000018,0 77.5394099997505,12.9245929996287,0 77.5388649997241,12.9246679996426,0 77.53838600001561,12.9242429998433,0 77.538323999859,12.9240849999694,0 77.53824099985189,12.9238809997787,0 77.5377440000008,12.9234830002191,0 77.5376369996586,12.9234240002526,0 77.53733200005919,12.9233910000422,0 77.5371610003383,12.9233599999914,0 77.5370530002357,12.9233519997323,0 77.5369550002118,12.9234009999758,0 77.53683300020541,12.9235410000836,0 77.5367400000921,12.9238480001409,0 77.5367349998041,12.92405900001,0 77.5367669996858,12.9244809998647,0 77.5367959995464,12.9246299998984,0 77.5367890004008,12.9248199998595,0 77.5367529996455,12.925268999655,0 77.5367410004411,12.9258009995854,0 77.53686899974019,12.9263429996782,0 77.53692700027599,12.9266150003063,0 77.5362559998643,12.9267970004102,0 77.5353160000123,12.9270440004424,0 77.5351550003399,12.9271279995958,0 77.5350579997876,12.9272279999252,0 77.53497199989179,12.927370999958,0 77.5348510003019,12.9276130003873,0 77.5348240002599,12.9277099995806,0 77.53480600022731,12.9279080002669,0 77.5348370000582,12.9283340002047,0 77.53487400042231,12.9285300001847,0 77.53497900011931,12.9290389997561,0 77.5349900000078,12.92911200026,0 77.5349629998783,12.9292119999188,0 77.5349519997182,12.9293149999508,0 77.5350179998977,12.9293369997247,0 77.5351659995424,12.9293779996049,0 77.53519000006131,12.9293799997687,0 77.535197999988,12.9295430001306,0 77.5351839995898,12.929541999611,0 77.53513700010041,12.9294979999504,0 77.53499600023279,12.9295530003436,0 77.5348959999709,12.9295920001878,0 77.5348679996023,12.9295769999136,0 77.534831999817,12.9295569998313,0 77.53481900039711,12.9295910001265,0 77.5346210002369,12.9299710002159,0 77.53448599963779,12.9301409996761,0 77.53446100034419,12.930172999707,0 77.53434099995511,12.9303270001129,0 77.5342670000087,12.9305669999312,0 77.5342650000689,12.9307610000261,0 77.5342660003371,12.9307620003939,0 77.5342570002977,12.931572000116,0 77.534296000426,12.9317540003301,0 77.53428199975799,12.9318939997443,0 77.534280000287,12.9319149996726,0 77.5342770003175,12.9319420002659,0 77.53427000034741,12.9320150004111,0 77.5342670002312,12.9320459997873,0 77.5342619999975,12.9320899997285,0 77.5342520004133,12.9323170001699,0 77.5341710003657,12.9324319999831,0 77.53411400040071,12.9325419998718,0 77.5341299996585,12.93265500019,0 77.53408600045449,12.9329689995568,0 77.534012000166,12.9330389997215,0 77.5339360001737,12.933134999638,0 77.5337719997116,12.9336030003807,0 77.5337469995924,12.9337020003544,0 77.5336330001052,12.9339919995632,0 77.5331729999407,12.9339689996058,0 77.5331620003257,12.9340409996301,0 77.5331520003805,12.9341559999111,0 77.5332779999295,12.9341649997662,0 77.53326700034761,12.93423699979,0 77.5329520000179,12.9342140004292,0 77.53295299982391,12.9343270001991,0 77.53300599989809,12.9343270004143,0 77.5330090003597,12.9344149996386,0 77.5328620001398,12.9344160000264,0 77.53286000042711,12.9344159995715,0 77.5328639996862,12.9347920000787,0 77.5328580000524,12.9349300001562,0 77.5328560004032,12.9349779995721,0 77.5332610002972,12.9349360004437,0 77.5335640004448,12.9349329999869,0 77.533712000295,12.9349320002791,0 77.5337260001417,12.9349309996331,0 77.53387299956,12.9349330000573,0 77.53387100035511,12.93508600044,0 77.5338710003147,12.9350869996841,0 77.5338719996102,12.9352310003242,0 77.5338719995699,12.9352319995683,0 77.53387399978,12.9353579995778,0 77.5338739998413,12.9354130004425,0 77.5339029996458,12.935475999872,0 77.53395099966779,12.9355780001963,0 77.53400800018299,12.9356979997124,0 77.5340719997434,12.9358340003992,0 77.53376599994959,12.9358229998124,0 77.533766000021,12.9358210004207,0 77.5337550000897,12.9358240002307,0 
						</coordinates>
					</LinearRing>
				</outerBoundaryIs>
				<innerBoundaryIs>
					<LinearRing>
						<coordinates>
							77.5069240003812,12.9289669997726,0 77.5068910000665,12.9289810002599,0 77.5069520000489,12.9291310001327,0 77.50703300025759,12.9293869997782,0 77.507059999912,12.9296140003033,0 77.5070559999477,12.9298479999232,0 77.5070459998817,12.9300569997426,0 77.50699499971179,12.9304650001933,0 77.5069809995689,12.9308840001652,0 77.5070430003742,12.9309970004085,0 77.507123000276,12.9310859998332,0 77.5072089997736,12.9311399998974,0 77.5073499995941,12.9311860002931,0 77.5074850003739,12.9312509999815,0 77.5076880000036,12.9313679996041,0 77.50776799954239,12.9314160001149,0 77.50790200000441,12.9314559996048,0 77.5080680000551,12.9315199997907,0 77.50820800036109,12.9315490001324,0 77.50839300001491,12.9316609996931,0 77.5085590000739,12.9318209999995,0 77.508669999665,12.9319099997307,0 77.5087679998676,12.9320049998323,0 77.5088059997277,12.9320760002171,0 77.5088499998833,12.9322069997467,0 77.50886300033601,12.932302999841,0 77.508943000025,12.9324219998428,0 77.50905499961,12.9326059999338,0 77.509117000339,12.9327439999349,0 77.5091670004098,12.9328030002658,0 77.5092469999903,12.9328560001071,0 77.5093390002333,12.9328849997775,0 77.5094429996673,12.9329080004331,0 77.50951300042971,12.932921000361,0 77.5100020000004,12.9327639999413,0 77.5106950002973,12.9324400000128,0 77.5110230002239,12.9323359995639,0 77.51101099955061,12.9322159997311,0 77.5108659995949,12.9322769997034,0 77.51087499964279,12.9321180000284,0 77.5108779997452,12.9320740001004,0 77.5108750003437,12.9320980003682,0 77.51077799962729,12.9320979998841,0 77.51081199990401,12.9319209996533,0 77.5109360002163,12.9318030001372,0 77.51095899989561,12.931739999741,0 77.5109320002334,12.9313219998182,0 77.5109180002017,12.9311790000855,0 77.51091900024591,12.9310799995807,0 77.51092299998039,12.9307529998024,0 77.5109260003367,12.9304840001443,0 77.5109290003218,12.9302470002957,0 77.5109309998162,12.9300260000407,0 77.51093100019629,12.9300229995467,0 77.5109329996277,12.9300180002653,0 77.5109760002116,12.9299169999393,0 77.510979999707,12.9297440000279,0 77.51097999968199,12.9297369997876,0 77.5109770001358,12.9294180000071,0 77.51098499960599,12.9291979999887,0 77.5109949996761,12.9288640000246,0 77.5103680000681,12.9288569999896,0 77.5099270002233,12.9288449999396,0 77.5098709998021,12.9288429998626,0 77.50988200027599,12.9290789996589,0 77.5097910001018,12.929041999849,0 77.5092550003566,12.9290669998226,0 77.50898900014251,12.9290790004179,0 77.5088290001044,12.9290869999261,0 77.50856599977649,12.9290990001602,0 77.508506000086,12.9291020002269,0 77.5083359996237,12.9291099998206,0 77.5082159998037,12.9290860002996,0 77.5080360004105,12.9290510001653,0 77.5077099995778,12.9290120004013,0 77.5077090001851,12.9290120000689,0 77.5074040000073,12.9289820001172,0 77.5069670002251,12.9289650000589,0 77.5069240003812,12.9289669997726,0 
						</coordinates>
					</LinearRing>
				</innerBoundaryIs>
			</Polygon>
		</Placemark>
	</Document>
	<Document>
		<name>Ward NO. 198.kml</name>
		<StyleMap id="m_ylw-pushpin14">
			<Pair>
				<key>normal</key>
				<styleUrl>#s_ylw-pushpin14</styleUrl>
			</Pair>
			<Pair>
				<key>highlight</key>
				<styleUrl>#s_ylw-pushpin_hl14</styleUrl>
			</Pair>
		</StyleMap>
		<Style id="s_ylw-pushpin14">
			<IconStyle>
				<scale>1.1</scale>
				<Icon>
					<href>http://maps.google.com/mapfiles/kml/pushpin/ylw-pushpin.png</href>
				</Icon>
				<hotSpot x="20" y="2" xunits="pixels" yunits="pixels"/>
			</IconStyle>
			<LineStyle>
				<color>ffffff55</color>
				<width>3</width>
			</LineStyle>
			<PolyStyle>
				<fill>0</fill>
			</PolyStyle>
		</Style>
		<Style id="s_ylw-pushpin_hl14">
			<IconStyle>
				<scale>1.3</scale>
				<Icon>
					<href>http://maps.google.com/mapfiles/kml/pushpin/ylw-pushpin.png</href>
				</Icon>
				<hotSpot x="20" y="2" xunits="pixels" yunits="pixels"/>
			</IconStyle>
			<LineStyle>
				<color>ffffff55</color>
				<width>3</width>
			</LineStyle>
			<PolyStyle>
				<fill>0</fill>
			</PolyStyle>
		</Style>
		<Placemark>
			<name>Ward NO. 198</name>
			<styleUrl>#m_ylw-pushpin14</styleUrl>
			<Polygon>
				<tessellate>1</tessellate>
				<outerBoundaryIs>
					<LinearRing>
						<coordinates>
							77.5024400000474,12.9277019999095,0 77.5021819995694,12.9274620003609,0 77.5017550000414,12.9272280000905,0 77.5009170001762,12.9266820002345,0 77.50051199974661,12.9263720004274,0 77.5002569998958,12.926178000098,0 77.49933200005221,12.9253490000314,0 77.4984340002492,12.9244709997009,0 77.4972699997378,12.9233340000302,0 77.4969560002374,12.9231239997119,0 77.4963280002826,12.9229179996665,0 77.4959110001501,12.9227420004135,0 77.4956890000356,12.9226489999556,0 77.4947309998572,12.9221009998843,0 77.49464699964901,12.9220530000982,0 77.4941640001493,12.9218169997917,0 77.49376100029311,12.9216329995616,0 77.4934729999305,12.921410000075,0 77.4929819996246,12.9206160004368,0 77.49270699955019,12.9201489996668,0 77.49186800019569,12.9194979999428,0 77.4914670000271,12.9191269998296,0 77.4911469995572,12.9186549995688,0 77.4907539995892,12.9179750002687,0 77.4905570003264,12.9176329996839,0 77.4905380001933,12.9174710002353,0 77.4899259996981,12.9166489995823,0 77.4895250003806,12.9162100001112,0 77.4892200002689,12.9160059996667,0 77.48870900016681,12.9157290000339,0 77.48850299956069,12.9156529996699,0 77.48819700011749,12.9155150001921,0 77.4878949998028,12.9153149998108,0 77.4876180000923,12.9150719997556,0 77.4873790001908,12.9148520002453,0 77.486338999853,12.9138220001102,0 77.48602399966521,12.9134449999826,0 77.4857740001036,12.9132010003147,0 77.4855700002509,12.9130820000564,0 77.4853340000903,12.9129229995475,0 77.48525099961491,12.9128510000463,0 77.48515800038651,12.9127370003431,0 77.48514700042379,12.9127099997863,0 77.4851029998906,12.9126049999105,0 77.48508200045261,12.9125539997542,0 77.48481600014919,12.9116489996553,0 77.4846569997713,12.9111130000974,0 77.4846039999078,12.9109389998392,0 77.4845459995506,12.9107660003131,0 77.4845249998087,12.9106989998476,0 77.4844600001536,12.9104870000799,0 77.4844399999769,12.9104229996766,0 77.4843420000164,12.9103200002258,0 77.4842870003104,12.9102670003377,0 77.48413600042019,12.9102250000307,0 77.48401500000629,12.9102079999658,0 77.4839440003026,12.9102090002865,0 77.48344699980341,12.9102220004079,0 77.48312600013899,12.9102389999537,0 77.482641999884,12.9102660004492,0 77.48262399967579,12.9102670000187,0 77.4825780001682,12.9102700003905,0 77.4821399998098,12.9102699996851,0 77.4819969999039,12.9102400001801,0 77.4819470002158,12.9102289997182,0 77.48185300001801,12.9102089999668,0 77.4817469999996,12.9101659996907,0 77.48116600010719,12.9099310002537,0 77.4811049995526,12.9099060003004,0 77.4810279998357,12.9098800002901,0 77.4803749997028,12.9096580001283,0 77.4801029998782,12.909566000098,0 77.4793350000655,12.9092780002561,0 77.4781119997174,12.9087699997969,0 77.4779800003042,12.9087149999659,0 77.4778160002341,12.9086270000829,0 77.4775049999251,12.9084579999931,0 77.4772080000141,12.9082749996205,0 77.4759649997101,12.9075150002652,0 77.4759170001776,12.9074880000212,0 77.4755869996405,12.9072670002065,0 77.4752139995537,12.9071120004472,0 77.4751469998025,12.9071019998147,0 77.47464299998811,12.9070239995597,0 77.474290999603,12.9069690000678,0 77.4739319998415,12.9068779998529,0 77.47389299966019,12.9068680003385,0 77.4732690001432,12.9065449995952,0 77.47322200037711,12.9065209998206,0 77.4726429997373,12.9060650004318,0 77.4721579997194,12.9056919998117,0 77.4711810002001,12.9050969999723,0 77.47099700045069,12.9049249998426,0 77.47089600021,12.9048079997755,0 77.4708269997079,12.9047289999067,0 77.4707239997833,12.9046010002658,0 77.46982699999209,12.903038000173,0 77.469717000413,12.9028989997739,0 77.4693529995736,12.9024369998422,0 77.4690059997524,12.9021309998646,0 77.4683439996172,12.9016029995899,0 77.46789000029371,12.9012929997579,0 77.46765000020319,12.9011300000045,0 77.4673980003994,12.9009699999716,0 77.46622299972751,12.9002240001148,0 77.46585400041501,12.9000080003516,0 77.4654080003374,12.8997139996485,0 77.4653229997881,12.8996340002608,0 77.4643710001732,12.8987369996082,0 77.4640070002782,12.8985120000715,0 77.46315299964949,12.8980730001157,0 77.4630050000989,12.8979859999801,0 77.4623850001303,12.8976229998073,0 77.4618079999095,12.8972550004403,0 77.46188000022509,12.8971479997212,0 77.46448499999271,12.8936520000166,0 77.46484699989389,12.8931650003672,0 77.4648749995623,12.8931280002781,0 77.4662430001507,12.8912919997809,0 77.466259000425,12.8912700000261,0 77.4666119998179,12.890795999691,0 77.4669310002953,12.8903679998133,0 77.4678490003366,12.8891209999211,0 77.4681880003623,12.8883360001065,0 77.46833700024,12.8882479995757,0 77.46849400012739,12.8882869998038,0 77.4686360001603,12.888413000301,0 77.4686420003144,12.8890049995609,0 77.46915199978859,12.8894910001936,0 77.4689969996797,12.8900530002272,0 77.4695710002824,12.8901339998778,0 77.470209000203,12.8901389999375,0 77.47064999974759,12.8907719998911,0 77.47052899965161,12.891312000261,0 77.47161599954519,12.8917069999187,0 77.4714920000455,12.8920359997992,0 77.47148600026929,12.8920609998676,0 77.4705549998296,12.8922120003503,0 77.4700170001782,12.892660999715,0 77.46966799984099,12.8927349996728,0 77.46965099999269,12.8927760000764,0 77.4700020004185,12.8934409998528,0 77.4701649995885,12.8937599996771,0 77.4703209999893,12.8941100000469,0 77.47039000033691,12.8942649999816,0 77.4709849996741,12.8949890001314,0 77.4714339997135,12.8955300001253,0 77.4719080000486,12.8960930000352,0 77.4723370003906,12.8966659995958,0 77.4728320001195,12.8974800002486,0 77.47333900013059,12.8983680003059,0 77.47337599954901,12.8984049998336,0 77.47346299968341,12.8984260003709,0 77.47441900040479,12.8981260001253,0 77.4753880003078,12.8976970000898,0 77.4754349997264,12.8978259998001,0 77.4766310002987,12.8972769996252,0 77.4764759999464,12.8968710002374,0 77.47710600044211,12.8964550002139,0 77.47718400014099,12.8964020003839,0 77.4771849997037,12.896400999762,0 77.4767789999234,12.8962959999195,0 77.4765669999495,12.8960670000712,0 77.47632500009109,12.8959130000898,0 77.4760840003517,12.8956880003936,0 77.4758420002081,12.8954619997393,0 77.4756949996879,12.8951870000757,0 77.4756530002782,12.8950790003581,0 77.4754669999909,12.8946019996503,0 77.4754740000279,12.8944139997608,0 77.4754769999529,12.8943199995797,0 77.4755609997956,12.8942420001834,0 77.4756459997749,12.8941640003374,0 77.4758030000513,12.8941630003738,0 77.47610500044399,12.8942879996156,0 77.47639500015489,12.8944240003194,0 77.47659099960821,12.8945150003923,0 77.47660200019089,12.8945139999439,0 77.4767480003913,12.8944999998796,0 77.4769030000548,12.8943449998838,0 77.4771060003181,12.8940129996842,0 77.4772669998361,12.8937750002428,0 77.4774279999852,12.8935369998414,0 77.47802700015269,12.8928870002645,0 77.4780660001677,12.8928449996571,0 77.478609999661,12.8925019997785,0 77.47887100000101,12.8923370001522,0 77.4789080001899,12.8923019998446,0 77.47902800009609,12.8921920003194,0 77.479204000268,12.8918830000949,0 77.4792039996446,12.8915639998586,0 77.4792209997175,12.8911110003795,0 77.4792559996653,12.8902039998812,0 77.4793130000413,12.8899659996284,0 77.4793219998888,12.8899299997445,0 77.4793710000782,12.8898590000375,0 77.47943000042601,12.8897739996081,0 77.4795449998313,12.8897619998884,0 77.4797739996053,12.8897369996453,0 77.4798799999833,12.8897809997935,0 77.4799850002228,12.8898250003371,0 77.4802129996328,12.8899379997735,0 77.48036600025399,12.8900140001416,0 77.4807729998101,12.8901600004298,0 77.4809560003966,12.8902259995826,0 77.48099800031591,12.890245999875,0 77.4810400002408,12.8902660001595,0 77.481215999554,12.8900700003951,0 77.4816890003343,12.8896490004427,0 77.48203399954269,12.8892730000741,0 77.4821349995691,12.888985999649,0 77.4821849995752,12.8888420000193,0 77.4822469998516,12.8885160000048,0 77.4823840000919,12.8877879998903,0 77.4825599999611,12.8874190000718,0 77.4828230002463,12.8868180000403,0 77.4829270004288,12.8865810002775,0 77.48292600007569,12.8864670003713,0 77.48292399967259,12.8862380003679,0 77.4827960002166,12.885907000416,0 77.4826319999946,12.8857979999777,0 77.482613000082,12.8857970002261,0 77.4822190002205,12.8857779996434,0 77.48186000030459,12.8858449997013,0 77.4818070003047,12.8858550000032,0 77.4815010000877,12.8859550000913,0 77.4814099998771,12.885963999939,0 77.48081999987831,12.8860240000626,0 77.4806710001415,12.8859660002282,0 77.4806209997577,12.885945999687,0 77.48036400017629,12.8859350002928,0 77.479888000041,12.8860920004175,0 77.4794129996156,12.8862480000542,0 77.4789900002805,12.8862480001303,0 77.4787919999771,12.8861780002682,0 77.47876100031981,12.886092999591,0 77.4787300000643,12.8860069996269,0 77.4787770002724,12.8858510003392,0 77.4788149998077,12.8857239996035,0 77.4789749999766,12.8854160000802,0 77.4789609999779,12.8850810000467,0 77.4790160002364,12.8848870000564,0 77.47900700026371,12.8847009996875,0 77.4789409997195,12.884595000385,0 77.4788649998804,12.8844720003954,0 77.4785500004174,12.8842169998619,0 77.47825499970151,12.8838029999202,0 77.4781960000242,12.8837089995576,0 77.4781740001782,12.8836910002485,0 77.47805999984109,12.8836089996884,0 77.4778080004552,12.8833670002774,0 77.4775550001832,12.8831260002598,0 77.4771519996078,12.8827179999444,0 77.4765730002169,12.8821430003668,0 77.47628100044849,12.8818320001201,0 77.4761129997358,12.8816939998258,0 77.47586599989749,12.8815679997883,0 77.47569700009031,12.8814610000594,0 77.4753600000879,12.8812469997808,0 77.4750870001708,12.8810340003739,0 77.47497199975361,12.8809140002579,0 77.47492200039071,12.8807549997764,0 77.4748970001252,12.8806759996286,0 77.4748199996198,12.8803899996409,0 77.47477899999789,12.8802100003553,0 77.4747739998439,12.8801370002122,0 77.47476899969671,12.8800640000681,0 77.4747740000155,12.8799910002682,0 77.47477900032661,12.879917999565,0 77.4748030002178,12.879833999683,0 77.47485100031879,12.8797480002527,0 77.4749519997108,12.8796309998886,0 77.4750019999255,12.8795720002576,0 77.4753229996163,12.8791739996268,0 77.4756239999905,12.8787920002619,0 77.47565999991591,12.8786910002172,0 77.4757120001109,12.8785450002278,0 77.4757079996603,12.8784399999349,0 77.4757079996659,12.8784370002657,0 77.4756989997276,12.8784210000808,0 77.47566199986051,12.8783569997562,0 77.4756299997279,12.8783109998648,0 77.47559399970589,12.8782599997829,0 77.47570600025141,12.8781710000077,0 77.4777480000005,12.8779329999524,0 77.4776959999645,12.8732180003802,0 77.47768899999269,12.8731789995523,0 77.4776339997707,12.8724550000622,0 77.4776350004084,12.872420000213,0 77.4776379995465,12.8720310000457,0 77.47749000041649,12.8720320003499,0 77.4774950001713,12.8714440003069,0 77.4777170002576,12.8697759999072,0 77.47783500023171,12.8692830001774,0 77.47791399962141,12.8690110001527,0 77.4780329999506,12.8686390004075,0 77.4781710001544,12.8684709997534,0 77.47642600038,12.8684179999925,0 77.4764269998084,12.8683139995918,0 77.4764269995681,12.8683030002031,0 77.47643800033561,12.8681209997104,0 77.4764430000114,12.8680410004245,0 77.4764480002697,12.8679650000904,0 77.4764520000294,12.867908000192,0 77.4764599996476,12.867775999666,0 77.47647000007829,12.8677480001018,0 77.47643999988991,12.8675429995814,0 77.4764230003854,12.8674219997663,0 77.47639299981709,12.8673450002,0 77.4759840002226,12.8672519997616,0 77.4759879996011,12.867220000123,0 77.47600100026359,12.867010999922,0 77.47601200025601,12.8668269999173,0 77.47601399973099,12.8668000002534,0 77.4760159999277,12.8667589997099,0 77.4765150002645,12.8667329998343,0 77.47655899997319,12.8667310001907,0 77.47659499992859,12.8667290002413,0 77.47661200027559,12.8667029999665,0 77.4767010003992,12.8665850001345,0 77.4767659998236,12.8664979999136,0 77.476841999567,12.8663979998578,0 77.4769250001887,12.8662880003845,0 77.47719099987771,12.8666609996384,0 77.4772090000521,12.8666859996067,0 77.4772409997144,12.8667550003165,0 77.4772630000258,12.8667510003104,0 77.4773129997955,12.8666850002978,0 77.4773550002504,12.8666709999679,0 77.47740599961369,12.8666539998287,0 77.47746000045051,12.8666360000295,0 77.47751500041061,12.8666300002883,0 77.4775640001546,12.8666320000537,0 77.47763500044709,12.8666560002036,0 77.4775160004547,12.8665199997059,0 77.47745700009099,12.8664519996744,0 77.4771840004499,12.8662099996956,0 77.477087000182,12.8660879996569,0 77.4769719996133,12.8658830002473,0 77.4767159998817,12.8652289996545,0 77.4767420003929,12.8652249998619,0 77.477593999671,12.8651190003076,0 77.48224699971151,12.8644750002099,0 77.4818160001351,12.8639250000415,0 77.4810100000421,12.8627769996399,0 77.4798489997126,12.863436999969,0 77.4796919997558,12.8635260003406,0 77.4794469995571,12.8636650004022,0 77.4793909997419,12.8636970003541,0 77.4792110002922,12.863799000037,0 77.47908200023311,12.8636700002746,0 77.4789529996898,12.8635400002397,0 77.47883699956689,12.8634240000063,0 77.47875499973701,12.8633419999832,0 77.4786950002354,12.8632820002709,0 77.47866899999551,12.8632559999422,0 77.4783449998647,12.8629310000575,0 77.4783069998557,12.8628870003778,0 77.47813699973339,12.8626870000196,0 77.4777529997093,12.8621410001623,0 77.477791000275,12.862149999613,0 77.4779459999222,12.8620589999598,0 77.4780979995532,12.8619700000588,0 77.478234999929,12.8618899999263,0 77.4783650002361,12.8621060002082,0 77.4802260002805,12.8609860001283,0 77.48056800016479,12.8615170000106,0 77.48096899989299,12.8615429998822,0 77.48124900041191,12.8614710000868,0 77.4812829995963,12.8614620000788,0 77.4816659996219,12.8613709999812,0 77.4820599998871,12.8612770003786,0 77.4820819998771,12.8612719998768,0 77.4821120000074,12.8612650000577,0 77.48290400039269,12.86107700005,0 77.4828859998197,12.8610030003663,0 77.48284700020869,12.8608430000326,0 77.4829260000527,12.8608240000818,0 77.482906999736,12.8607489997381,0 77.4829880002444,12.8607280003315,0 77.48300999982359,12.8608030002703,0 77.48307799998859,12.8607870002013,0 77.4831280001127,12.8607740003877,0 77.4831810001029,12.8607620003496,0 77.48326000016741,12.8607420001175,0 77.4833459999749,12.8607210002384,0 77.4834319997629,12.8607000003338,0 77.48345299960501,12.8606950001679,0 77.48353200024511,12.8606760000421,0 77.4836150004555,12.8606559997693,0 77.4836500003729,12.8606469999458,0 77.4837380002019,12.8606259999771,0 77.4838340001,12.8606029997163,0 77.48386300001761,12.8605960001584,0 77.48394099960311,12.8605770003678,0 77.4840190000847,12.8605579996441,0 77.4840959995888,12.860539000251,0 77.4841750000971,12.8605199999488,0 77.4842519995608,12.8605009996106,0 77.48432999998781,12.8604819997062,0 77.4844080003989,12.8604629997806,0 77.4844859998733,12.8604439998426,0 77.4845650003103,12.8604250003368,0 77.48464299975279,12.8604060003563,0 77.48472100010019,12.860387000346,0 77.4847980000911,12.8603690000418,0 77.4848769998265,12.8603490002707,0 77.48495500012631,12.8603300001971,0 77.4850330001277,12.8603120002906,0 77.4851119998051,12.8602919995518,0 77.4851900000659,12.860273000318,0 77.48526100029071,12.8602560000208,0 77.48527299991849,12.8602529995675,0 77.48534699965759,12.8602350004481,0 77.4855290003225,12.8601910000063,0 77.48556999995159,12.8601899996704,0 77.4855640001952,12.8602370002014,0 77.4855410003517,12.860304000251,0 77.4854810001293,12.8604599998117,0 77.4854439997558,12.8605619999241,0 77.48537599970101,12.8608719999574,0 77.4853500004015,12.8610339999712,0 77.4853329999186,12.8611529997732,0 77.4853169997982,12.8612970001487,0 77.48531800014869,12.8613090001185,0 77.485317999676,12.8614769996429,0 77.4853249998398,12.861579000077,0 77.485325000074,12.861600999635,0 77.4853769998472,12.861827999605,0 77.48536499982811,12.8621100002796,0 77.4853539999949,12.8622150002359,0 77.48535599965631,12.8623539998062,0 77.4855650004225,12.8627770003302,0 77.4858519997651,12.8631199996552,0 77.4863859998609,12.8637569995643,0 77.4867629998584,12.8642520002847,0 77.4870610003655,12.8647580000924,0 77.4877750003111,12.8647890000041,0 77.490107000093,12.865362000382,0 77.48986399979491,12.8685100002622,0 77.49096299995411,12.8688639999581,0 77.4918780004613,12.8684340001301,0 77.4953189996876,12.868515999599,0 77.49622100039559,12.8687179997266,0 77.4966119997331,12.8687529997036,0 77.49681899996629,12.8698640002712,0 77.4970219997506,12.8706289998469,0 77.4976650000652,12.8723880003486,0 77.4979949995718,12.8727850001103,0 77.499120000107,12.8717920002885,0 77.50877000020169,12.8651580004025,0 77.5071759995535,12.864470999757,0 77.50678299956731,12.8643009999675,0 77.5068989995755,12.8634669998611,0 77.5060290003951,12.8612710003512,0 77.5053209998583,12.860370999707,0 77.5050689997436,12.8601530001723,0 77.5042939999678,12.8600139997284,0 77.503841999732,12.8578649996005,0 77.5101019999293,12.8578540001543,0 77.5101699998021,12.8578539997848,0 77.5109210003328,12.8578529999743,0 77.5134409999924,12.8578510002095,0 77.513626999645,12.8578510000236,0 77.51651000028561,12.8578490001629,0 77.51654500009531,12.8578490003939,0 77.5165350001508,12.8584889998306,0 77.51582699990151,12.8593260003229,0 77.5158609999141,12.860296999936,0 77.5158429996365,12.8605969996959,0 77.5154750000341,12.8609850003645,0 77.5159250004002,12.8616790003933,0 77.5160979995771,12.8623989996021,0 77.5155709997829,12.8626059999632,0 77.5162440001975,12.8647310004397,0 77.5163789995668,12.8651599997675,0 77.51656499963249,12.8657479996322,0 77.5167070004278,12.8662990000633,0 77.5167940002749,12.8666370004148,0 77.516785000288,12.8668320003292,0 77.5167740002377,12.8671109997372,0 77.5167169997753,12.86848600006,0 77.5163509998554,12.8685149997516,0 77.51635599955959,12.8685850002257,0 77.5163610000337,12.8686740001835,0 77.51636200040819,12.8686900004201,0 77.5163700000243,12.8688340004414,0 77.51641200013709,12.8688630002767,0 77.51642400009661,12.8690669996833,0 77.5169339998171,12.8694610001265,0 77.5170770000897,12.8694489995987,0 77.5171240003116,12.869492999774,0 77.5171480002212,12.8696889999029,0 77.5171510002929,12.8697329999308,0 77.5178819998943,12.8704690001951,0 77.5194439998747,12.8720430001445,0 77.51981799996319,12.8724019997177,0 77.5219559998979,12.8704799997745,0 77.5223510001285,12.8707569998808,0 77.5224320003767,12.8707909997362,0 77.5230289997933,12.8707960000188,0 77.5230420000357,12.870060000153,0 77.52310200011119,12.8700609998525,0 77.52329800020659,12.8701249999121,0 77.5236170003006,12.8701350000625,0 77.5241160003908,12.8701339996518,0 77.52415800033199,12.8701339997905,0 77.5242419997394,12.8700770000875,0 77.5243490001633,12.8700310000419,0 77.5243460000721,12.8691469996364,0 77.52438299954331,12.8691470000576,0 77.5245249999202,12.8691459996863,0 77.5248320003107,12.8692199995771,0 77.52500800009049,12.8692180000302,0 77.5253029998365,12.8692139997134,0 77.5253769997817,12.8692130001092,0 77.52552499964941,12.8692109999348,0 77.5258769999009,12.8692069997866,0 77.5262320003487,12.8692019998987,0 77.5262270003021,12.868593999889,0 77.5267780001126,12.8685779999258,0 77.52681600000069,12.8688370001011,0 77.5268479996017,12.8688899997521,0 77.5268899999522,12.8688919997962,0 77.5271739996805,12.868749999784,0 77.5272870002982,12.8686769998914,0 77.5273399998474,12.868615999612,0 77.52749399995361,12.8680290002962,0 77.5275219997818,12.8680189997172,0 77.5275650001134,12.8677929997067,0 77.527603000342,12.8674139997112,0 77.5276360000335,12.8665020001887,0 77.5278000001548,12.8649500000299,0 77.52703300018069,12.8641710003736,0 77.5259389999821,12.8632040004294,0 77.52461000021199,12.8621799997793,0 77.5247249998389,12.8620950000826,0 77.5249549997589,12.8618509997282,0 77.52507999984461,12.8617179999297,0 77.5252740002291,12.8614189995585,0 77.5254390001771,12.8610240004252,0 77.52559100003261,12.8606909998373,0 77.525692999995,12.860336999629,0 77.52571700039,12.8598810001968,0 77.525694999919,12.8597910000831,0 77.5256789999366,12.8596460003588,0 77.5256919999552,12.8595359996563,0 77.52573899981201,12.8593210000456,0 77.52570299966089,12.859197000218,0 77.5257159999214,12.8590999997559,0 77.5256289996685,12.8588729996778,0 77.5256000003878,12.858810999978,0 77.5255900000342,12.8586789995956,0 77.5419709997491,12.8534180004204,0 77.5419659995506,12.8536259998377,0 77.5424770003608,12.8594149996017,0 77.54250799970259,12.859889000287,0 77.5444249999086,12.8599409998754,0 77.54441800012189,12.8595759997437,0 77.5450680003926,12.858849999683,0 77.5450969999865,12.858841999848,0 77.5457479996083,12.8599719996859,0 77.5459279997939,12.8602870001259,0 77.5461870000307,12.8607689997112,0 77.54673699967729,12.8617840002438,0 77.54663999961819,12.8618910001106,0 77.5466129996156,12.8621690003012,0 77.5467210002121,12.8624220000127,0 77.5467799996337,12.8626639998065,0 77.5470049998264,12.8629539999248,0 77.54756799983041,12.8634750003744,0 77.5475880004259,12.8634700004329,0 77.5476160001238,12.8633860000767,0 77.5479460002863,12.8635109996002,0 77.548202000354,12.8635960004404,0 77.5483009996271,12.8638120000467,0 77.5483300004133,12.8639610002739,0 77.5485450001088,12.8640129998,0 77.5485619996274,12.8640429995693,0 77.5486709996421,12.8642280003262,0 77.5486530002597,12.8644509999184,0 77.54854500029251,12.864678999876,0 77.5485479999425,12.8646939999311,0 77.5482869997915,12.8647839998234,0 77.5480769997764,12.8649069998428,0 77.54806100024039,12.8650909998236,0 77.54807100026881,12.8651300002774,0 77.5482620002803,12.8654999998624,0 77.5485159996289,12.8667959997084,0 77.5491789996654,12.8667680000297,0 77.54919900001779,12.8667429998261,0 77.5493339996995,12.8668289996898,0 77.5494130002476,12.8669190000147,0 77.5494980004032,12.866956999688,0 77.549543999656,12.8670179998232,0 77.5495650003713,12.8670179996948,0 77.5505790002132,12.8670849997565,0 77.5507429998288,12.8674170001874,0 77.55083400001109,12.8675370002711,0 77.5509090000447,12.8679679997226,0 77.5507880003241,12.8681220001519,0 77.5507930002011,12.8685810000935,0 77.5506790002548,12.8686380001776,0 77.5506989999854,12.8688110003682,0 77.5505240000665,12.8694649998902,0 77.5501580003566,12.8702009998386,0 77.5501450002109,12.8702269999067,0 77.55014199978829,12.8704499997334,0 77.5501380001887,12.8706780000438,0 77.55037999969871,12.8711949995843,0 77.550717999664,12.8719169996294,0 77.5510989996575,12.8725649998731,0 77.5512759996885,12.8732630000673,0 77.5510229999531,12.8733260000742,0 77.5510720003799,12.8735329997248,0 77.55107800042541,12.8735600001495,0 77.5510790001466,12.8735889998605,0 77.5510900003771,12.8737869997204,0 77.5510929998775,12.8738469996161,0 77.5511020003609,12.8740169996998,0 77.5511020001104,12.8740400001844,0 77.5511019999952,12.8740499997667,0 77.55110399987289,12.8742400003357,0 77.55117799964989,12.8747869996332,0 77.5511829996876,12.8748149999873,0 77.5512209996886,12.8751540002922,0 77.55104999979901,12.8752189999257,0 77.55101800015819,12.8752480003253,0 77.5512539995933,12.8754869996549,0 77.55146399988629,12.8756900003493,0 77.5514440000123,12.8757329996727,0 77.55148599980591,12.8762239999724,0 77.55139499959201,12.8767239999009,0 77.55134699969599,12.876858000034,0 77.55113499963041,12.8772279998401,0 77.5513989997141,12.8772269998346,0 77.5514019998609,12.877362000129,0 77.5514149999788,12.8774779997411,0 77.5514209999953,12.8775390003157,0 77.5514220000456,12.8775420000216,0 77.55142200003991,12.87754300016,0 77.5514260000608,12.8775820000106,0 77.5514370001767,12.8776829998621,0 77.55144700028799,12.877777000355,0 77.5514570004454,12.8778650000153,0 77.55146599964669,12.8779489998388,0 77.55150700002299,12.8779480004323,0 77.5515110000682,12.8782800001332,0 77.55144799979961,12.8782780002847,0 77.5514529999239,12.8783179995583,0 77.5512900001593,12.8783149999776,0 77.55129099979951,12.8783769997226,0 77.55129200038419,12.8784370000847,0 77.5511579999599,12.8784440002412,0 77.55107499987029,12.8784459996688,0 77.5510529999801,12.8784470000228,0 77.5509610000754,12.8784519998756,0 77.5508700002415,12.8784569998921,0 77.55076400013429,12.8784619996417,0 77.5507550003463,12.8784619996767,0 77.5506539998371,12.8787479996317,0 77.5506329998974,12.8789590003985,0 77.55054800042581,12.8790520001839,0 77.5505470002627,12.879159000394,0 77.55057399974061,12.8792550000738,0 77.5505920000205,12.879284999647,0 77.5506810003112,12.8793520002339,0 77.5507030000645,12.8793769998922,0 77.5506989996957,12.8794900003354,0 77.55069399981819,12.8795350001767,0 77.5506860004529,12.8795990002543,0 77.55068000021841,12.8796759998262,0 77.5506489999787,12.8798330001766,0 77.5506519996608,12.8800120003096,0 77.55065300006,12.8800849997892,0 77.55065299971319,12.8801280003381,0 77.5506739999546,12.8802059999106,0 77.5507069995604,12.8803830002044,0 77.5511630002031,12.8803899995673,0 77.55117600035121,12.8803989997156,0 77.55114599984729,12.8805129997457,0 77.5511340003838,12.8805580000291,0 77.5511189996521,12.8806159997358,0 77.5511039997684,12.8806870003301,0 77.5510949996472,12.8807289998829,0 77.5510780003966,12.8808159995882,0 77.55106899997951,12.8809079997405,0 77.55106099976121,12.880982000304,0 77.5509400003925,12.8810780000635,0 77.55086399967441,12.8811369998052,0 77.55085200038221,12.8811459996161,0 77.55076399972251,12.8811690001438,0 77.5506559999673,12.8811970001381,0 77.5505829996809,12.8812199999197,0 77.5505219995685,12.8812389996669,0 77.5504429996239,12.8812640003212,0 77.5503480000137,12.8812930001744,0 77.55033399963131,12.8812969997931,0 77.5502600001081,12.8813200001943,0 77.55021100012929,12.8813360000102,0 77.5501799999887,12.8813459998188,0 77.55011099997959,12.8813669999899,0 77.5500640001794,12.8813809998957,0 77.5499309996417,12.8814220001183,0 77.54988399981561,12.8814359999955,0 77.5498429996218,12.8814490000144,0 77.5498129995475,12.8814579998424,0 77.5497749996342,12.8814700003044,0 77.5495809996541,12.8815260002874,0 77.5495629997837,12.881531000111,0 77.549493999654,12.8815509999985,0 77.5494479998701,12.8815639998651,0 77.5492770000735,12.8816129996407,0 77.54910199992131,12.8816550002487,0 77.5491059998139,12.8816909997593,0 77.54915299975541,12.8816770000052,0 77.5491670000856,12.8818239998546,0 77.5491889998073,12.8820090002898,0 77.54919199958699,12.8820490001547,0 77.5492049998838,12.8821980000706,0 77.54922000022979,12.8823609996253,0 77.549176999547,12.8823830004337,0 77.54825500043501,12.8824440000817,0 77.54822400020829,12.8824440000998,0 77.548229000164,12.883059999905,0 77.54823300006289,12.8833910001661,0 77.5484670003564,12.8834629997912,0 77.5484930000169,12.8835409997056,0 77.5482530001608,12.8837620002321,0 77.5480129997735,12.8841660001017,0 77.547487000072,12.8841910001268,0 77.5473860001124,12.8842189995914,0 77.5472829999289,12.8842470004181,0 77.5471369995637,12.8842879995903,0 77.546981999853,12.8843390000377,0 77.546947000039,12.8843299996504,0 77.54694100009139,12.8844830001196,0 77.54690000043141,12.8844800002358,0 77.5468560003744,12.8844810002917,0 77.5466289998128,12.8842859996524,0 77.5465630002775,12.8842420004459,0 77.5465049996187,12.8842040001357,0 77.54646499969689,12.8841769997015,0 77.54644000020041,12.8841610003361,0 77.54636599998661,12.8841119995964,0 77.5462960001616,12.8840660000907,0 77.5462220000941,12.8840129996356,0 77.5461529995695,12.8839639998736,0 77.5461090003427,12.8839319996208,0 77.5460589996863,12.8838960002509,0 77.5459859997959,12.8838440000615,0 77.5459580001405,12.8838240003425,0 77.5459329998444,12.8838049995951,0 77.5458789998121,12.8837659998075,0 77.5458129997763,12.8837150002774,0 77.5457449997531,12.8836560000687,0 77.5457099999233,12.8835789997716,0 77.54567800027959,12.8835080000503,0 77.5456509999416,12.8834490003864,0 77.5456299998921,12.8834030002247,0 77.545607999854,12.883353000182,0 77.5455800004206,12.8832919999983,0 77.54555600030599,12.8832379998566,0 77.5455520001407,12.8832290004363,0 77.5455490000363,12.8832209995638,0 77.5455340002774,12.883188999944,0 77.5455090000827,12.8831349995816,0 77.5454729998026,12.8830429995925,0 77.5454429997377,12.88296700044,0 77.54541499974481,12.8828959997087,0 77.5453849996875,12.8828209997813,0 77.54534500034219,12.8827180000356,0 77.5453289998437,12.8826779999506,0 77.5452579995887,12.8824659996995,0 77.5451899996575,12.8822909998985,0 77.54517300018669,12.8822459997595,0 77.5451660000176,12.8822280002059,0 77.545032999744,12.8818850003129,0 77.54501100021029,12.8818280000709,0 77.5449610001295,12.8816989997598,0 77.5449320001202,12.8816369999898,0 77.54485900039531,12.8814879999286,0 77.54480100029539,12.8813710004377,0 77.54476100028189,12.8813079999056,0 77.5446309999864,12.8809850004068,0 77.5443580001936,12.8803990004189,0 77.5442269997769,12.8804400000552,0 77.5441700002784,12.8803799996699,0 77.5438930003975,12.8791420001585,0 77.54359800022659,12.8792040001957,0 77.5427640001445,12.8793920003689,0 77.5424740004142,12.8794569998945,0 77.54245799980541,12.8794819998708,0 77.5423600000086,12.8793789996779,0 77.5416469998905,12.8796380000841,0 77.54166499969951,12.8796579999128,0 77.54117999993341,12.8798430003307,0 77.5411829996001,12.8798959997041,0 77.5410500002934,12.8799169998272,0 77.5410200003261,12.8798969998678,0 77.5401589996861,12.880007000072,0 77.5401559999532,12.8800330004501,0 77.5397010000503,12.8802659999007,0 77.5396969995643,12.8802860000763,0 77.53935799961,12.880327000261,0 77.5390549997315,12.8803920004521,0 77.53876300008901,12.8804510002806,0 77.5379170001286,12.8806279998706,0 77.5378690001529,12.8804859996879,0 77.5378019999273,12.8804590000827,0 77.53730600020771,12.8805489998906,0 77.53742299966029,12.8810199999715,0 77.5374870001276,12.8812560000203,0 77.5375459997753,12.8814689999271,0 77.53760999986569,12.8817010002146,0 77.53767899975161,12.8819319997312,0 77.5377559996934,12.8822110001125,0 77.5375230002535,12.8822790002237,0 77.5378089998194,12.8833329997703,0 77.5377549997895,12.8833450001679,0 77.536826999939,12.8840039998655,0 77.5365360000759,12.8841970000891,0 77.5360499995971,12.884554999652,0 77.53602300012069,12.8845420000306,0 77.5352889998436,12.8847200001242,0 77.53521699967411,12.884736999903,0 77.5345230004322,12.884905000272,0 77.5344699998335,12.8849179995819,0 77.53421600010211,12.88498000012,0 77.53417799965111,12.8849889998955,0 77.5340850001656,12.8850110001849,0 77.5339869999319,12.8850350003735,0 77.5339709996142,12.8850389995864,0 77.5338520002207,12.8850679996045,0 77.53381299962319,12.8850769999796,0 77.5335920002251,12.8851310000074,0 77.5333460001472,12.8851899995799,0 77.533253000389,12.8852129997516,0 77.53318800026889,12.8852229997765,0 77.53304699955009,12.8852439997889,0 77.5329100001159,12.8852660000054,0 77.53277600022579,12.8852859997355,0 77.53171999979671,12.8852169999707,0 77.53160200027111,12.8852539996,0 77.53096100004809,12.8852880001802,0 77.5306950003644,12.8852990000717,0 77.53047600007299,12.8853070001729,0 77.529457000153,12.8854879996959,0 77.5299850002182,12.8864050000093,0 77.5301519999927,12.8864689998264,0 77.53024699971679,12.8874669998288,0 77.5303299999854,12.8883350000468,0 77.53018899967699,12.88843500007,0 77.5302430003365,12.8888579995818,0 77.5304499996863,12.8904889998917,0 77.5298339997244,12.8908499997319,0 77.5297750000244,12.890336000245,0 77.52966899956461,12.8898790003593,0 77.5296149998218,12.8895909995789,0 77.5294450001211,12.8894530002802,0 77.5293859999084,12.8892320001619,0 77.52923299983649,12.8889380003365,0 77.5290209997672,12.8887049999461,0 77.52856600010431,12.8886220000041,0 77.5284679996945,12.8883980000653,0 77.52842799989121,12.8879600002704,0 77.5283409996852,12.8878560000278,0 77.5281249997024,12.8877160000688,0 77.52801199983379,12.8877430000206,0 77.52786199968899,12.8877400003828,0 77.5278069995523,12.8876440000946,0 77.52758900017569,12.8875089998158,0 77.5273770000142,12.8876250000593,0 77.5273419999757,12.8876059999737,0 77.52739800027049,12.8874480002493,0 77.52713900045011,12.886559999753,0 77.52708599959701,12.8865749998093,0 77.52698499979169,12.8869420001971,0 77.52678399983439,12.8872500002719,0 77.5264329997748,12.8873730004384,0 77.5261609999491,12.8873359996129,0 77.5259319996634,12.8875239997209,0 77.52552800016279,12.8878870003106,0 77.5251779997957,12.8881039995577,0 77.5247959999128,12.8879880003453,0 77.5244420001396,12.8878310004268,0 77.5241959995674,12.8876739998919,0 77.5240739997908,12.8877420002068,0 77.5241990002004,12.8879799999632,0 77.5242830003728,12.888205000096,0 77.5244510000623,12.8887619997882,0 77.5244709999025,12.8893479997641,0 77.52471800026311,12.8896510002384,0 77.52474800034371,12.88995699981,0 77.52450699997929,12.8903180002651,0 77.52408899977679,12.8905490002853,0 77.52377699954801,12.8905649996468,0 77.5235450001053,12.8904339998503,0 77.5234209998353,12.8902619997485,0 77.5232050003471,12.890358000228,0 77.52285100023281,12.890268000113,0 77.52230999957391,12.8904159995895,0 77.5222689996705,12.8904110001578,0 77.52227000042259,12.8901619999503,0 77.5221140003226,12.8899399996781,0 77.5217519998823,12.8895950002906,0 77.5214309995839,12.8895499996474,0 77.52093899974579,12.889480999897,0 77.52062800014301,12.8895729995617,0 77.52025000028,12.8896909997345,0 77.51998900018449,12.8897659995489,0 77.51963900027729,12.8898519996946,0 77.5195030000049,12.8898870004236,0 77.5191819999052,12.8887659998711,0 77.5189560002617,12.8882820001271,0 77.5184239998605,12.8882419999215,0 77.5179429999107,12.888175999665,0 77.5182019999104,12.8879760002932,0 77.51840399987501,12.8876279996829,0 77.5185809995546,12.8873300001081,0 77.5185030001539,12.886899000258,0 77.51802000001641,12.8856030004201,0 77.51798699966371,12.8856009995727,0 77.5174370000292,12.8856059996923,0 77.51737000004709,12.8857240000811,0 77.51730200003441,12.8857059998279,0 77.517214999681,12.8859009999359,0 77.51731400035661,12.8859580001513,0 77.5171839998159,12.8862200000745,0 77.51628299992529,12.8861559998664,0 77.51627000003189,12.8864709998495,0 77.51626700035069,12.8865250004204,0 77.5169530001221,12.8865629997001,0 77.5166850004204,12.8874860000428,0 77.51634600004471,12.8886569997556,0 77.51596400039671,12.8896550000048,0 77.5158840000592,12.8898899997607,0 77.5160250003636,12.8904119998248,0 77.5161149997669,12.8905949997149,0 77.5161229996137,12.8906249999243,0 77.51591999959579,12.8909019995709,0 77.5155930002487,12.8915169996665,0 77.5152549998615,12.8921499998975,0 77.51429799980041,12.892068999996,0 77.5142470003163,12.8921500001721,0 77.51382099976981,12.8925110000526,0 77.5136480004066,12.8927200000133,0 77.51329800030619,12.8934319996843,0 77.5138639998852,12.8939139998861,0 77.5140519999761,12.8941119997553,0 77.5141019997114,12.8945010001517,0 77.5140859999168,12.8945710000516,0 77.5139460002393,12.894912000206,0 77.51393000034641,12.894962999711,0 77.5139110003547,12.8950239998734,0 77.5139169995486,12.8950690001634,0 77.5139240001787,12.8951179996124,0 77.5139719999796,12.895164000201,0 77.5140230000534,12.8951730002217,0 77.5140740002697,12.8951810000669,0 77.5142350000323,12.8952079999271,0 77.51432499986259,12.8952659997762,0 77.51435099999659,12.8953880001171,0 77.5143340000653,12.89552999971,0 77.5142410001901,12.8958589997561,0 77.5141839999377,12.8960580002021,0 77.5140500000154,12.8963929996635,0 77.5139690000676,12.8966170000061,0 77.5140030002602,12.89684699984,0 77.51401999993421,12.8969619997541,0 77.5139889997715,12.8970739998589,0 77.51392799971239,12.8972970002283,0 77.513853999909,12.8974620004479,0 77.51381700004259,12.8975440000218,0 77.51334999988801,12.8980100000748,0 77.5132910000884,12.8980939999886,0 77.5133040004592,12.8982109999011,0 77.51334600021789,12.8982859996894,0 77.51356400001259,12.898583000037,0 77.51356499991159,12.8985849997868,0 77.5135910003424,12.8986810004455,0 77.5135649999244,12.8988320004326,0 77.5135079997229,12.8989469998129,0 77.5132519997006,12.8992710002279,0 77.51323800045409,12.8992859999211,0 77.5131439999471,12.8993849999446,0 77.51299400030339,12.8994999996292,0 77.5128859999585,12.8996999998301,0 77.5128849996233,12.8997009996703,0 77.5127710003492,12.8998270001966,0 77.5124680003871,12.9000379996368,0 77.5124610002201,12.9000679995566,0 77.51245100035641,12.9001109997202,0 77.51244200035011,12.9001689999668,0 77.51242600032479,12.9002750003786,0 77.51246799971361,12.9003349996315,0 77.5124830003455,12.9003570000287,0 77.51254500012649,12.9004029999083,0 77.51260699992901,12.9004489997688,0 77.5127089996007,12.9005049998845,0 77.5128110000919,12.9005620001082,0 77.5128700000741,12.9006289996406,0 77.5129889995616,12.9007619997183,0 77.5131040000951,12.9009479998578,0 77.5131620000662,12.9010409996102,0 77.51321300027421,12.9011100003664,0 77.51326399958199,12.9011790002126,0 77.5133479999662,12.9012209999919,0 77.51343200037471,12.9012629997389,0 77.51384299962901,12.9014100001985,0 77.5139819999569,12.9015049998963,0 77.5140270002027,12.9015539997624,0 77.5140690001565,12.9016010001377,0 77.5140700000409,12.9016770002014,0 77.51404199970931,12.9018469999566,0 77.5140009999341,12.9019740002681,0 77.5139780003648,12.9019980004044,0 77.5139549998613,12.9020219996449,0 77.5138789995666,12.9020349999271,0 77.5138030003174,12.9020470000153,0 77.5129099998433,12.9020640002693,0 77.512543999727,12.9020760003891,0 77.5123599996745,12.9021089998467,0 77.511939000382,12.9021710001815,0 77.51187600045679,12.9021660003126,0 77.5118189998848,12.9021609997002,0 77.51165800007151,12.9021279999105,0 77.5115499995951,12.902102999885,0 77.511477999867,12.9020970003885,0 77.51146200041001,12.9021089997792,0 77.5112139999236,12.902286000137,0 77.5109809995828,12.9024490002805,0 77.510931000025,12.9025139998076,0 77.5109349999998,12.9025690002829,0 77.5110950003432,12.9027539999355,0 77.51110299989899,12.9027990000811,0 77.5111200000287,12.9028960000395,0 77.5111159995909,12.9029679997556,0 77.5109810002745,12.9035530000279,0 77.51094099989849,12.9039470003022,0 77.51094899997941,12.9040510002419,0 77.5109519995527,12.9040830001972,0 77.511040999736,12.9043200001064,0 77.5116149999798,12.9052309995761,0 77.51169899966889,12.9055300003965,0 77.511456000121,12.9060329998689,0 77.5112189996931,12.9062979999938,0 77.51106700028561,12.9064210000521,0 77.5116709997482,12.9064300000713,0 77.51185799989111,12.9064430000411,0 77.51217400023189,12.9064639997784,0 77.5122019997325,12.9064650000119,0 77.51218700035059,12.9065809997039,0 77.5121840000603,12.9065979997136,0 77.5121590003703,12.9066419997084,0 77.51204099965349,12.9068489998332,0 77.5119459997802,12.9072339995935,0 77.5119139999947,12.9076640001395,0 77.5119010002976,12.9079150000688,0 77.51190300025721,12.9079379999773,0 77.5119629995862,12.9082340002904,0 77.5120160001959,12.9084519999392,0 77.5121379995733,12.9085739998479,0 77.5121729997399,12.9086029996646,0 77.5122090002599,12.9086510001985,0 77.51230100012469,12.9088809998514,0 77.51238600017081,12.9090929996545,0 77.5124120002762,12.9091749997757,0 77.51249299976659,12.9094729996479,0 77.51255799974319,12.9097090004323,0 77.512583000041,12.9097889998622,0 77.51327700042221,12.9096040001072,0 77.5133030000846,12.9095959998609,0 77.5133339995931,12.9096799999434,0 77.5134359997449,12.9101710003741,0 77.5134800002301,12.9106589998726,0 77.5134879996542,12.910830000451,0 77.51345600032499,12.9108310004011,0 77.5128359999191,12.9108569997652,0 77.5126269998832,12.9109370002038,0 77.5126470004235,12.9110150003769,0 77.5126710002893,12.9111050001792,0 77.51269799958941,12.9111910002868,0 77.51273399987009,12.9113059998607,0 77.51276299993999,12.9113969995943,0 77.5127900001078,12.9114839998349,0 77.512823000221,12.9115890004052,0 77.5128520001075,12.9116820004442,0 77.5128790002121,12.9117699999236,0 77.5129020002144,12.9118449996158,0 77.5127560002684,12.911886999685,0 77.5126939997337,12.9119110000857,0 77.51252699966049,12.911957000314,0 77.51255900006289,12.9120579999467,0 77.5124149999793,12.9121030000836,0 77.5124499996321,12.9122080004514,0 77.512446000205,12.912216999734,0 77.5123899999673,12.9122350001134,0 77.512251000392,12.912283999722,0 77.5115829996416,12.9124970002937,0 77.5115300001123,12.9125140004044,0 77.5114139997422,12.9125530000006,0 77.51130799955691,12.9125880003267,0 77.5113070002714,12.9126139997493,0 77.5113040002289,12.9127670004198,0 77.51130100002661,12.9129080000233,0 77.5113000002481,12.9129309998612,0 77.5112969995898,12.9130820002074,0 77.511294000364,12.9132360001282,0 77.5112919998399,12.9132890000592,0 77.5112889996587,12.9134500002343,0 77.5112859996507,12.9135899996685,0 77.511284999913,12.9136259998336,0 77.5112840000964,12.913688999916,0 77.5112819999802,12.9137589999237,0 77.51128000000421,12.9138279997658,0 77.5112780000308,12.9138969996077,0 77.5112769997998,12.9139300001882,0 77.511275999734,12.913975000027,0 77.51127599968331,12.9139820002735,0 77.51151200025539,12.9141479997815,0 77.5115790004353,12.9141939999933,0 77.51164300002699,12.9142389999637,0 77.51224799965659,12.9143049995808,0 77.5122609999089,12.914450000332,0 77.51226699964811,12.914504000236,0 77.51228299994401,12.9146340003886,0 77.5122930000712,12.9147199995645,0 77.51229899984369,12.9147740003677,0 77.5123150001908,12.9149039996063,0 77.51232899982659,12.9150290001032,0 77.5123359998725,12.9150830003142,0 77.5123560002875,12.9152550004479,0 77.51242799956781,12.9158799998424,0 77.5125579996739,12.9158649997893,0 77.51258000030489,12.916146000208,0 77.51258600022631,12.9161859996009,0 77.5125060003619,12.9162390000675,0 77.51246699965969,12.9162870000622,0 77.5124260003668,12.9163690004391,0 77.51237799990921,12.9165500003135,0 77.5122299995792,12.9171030002977,0 77.5120889996209,12.9173249999164,0 77.511990000072,12.9174659996137,0 77.51194000037989,12.9175450002333,0 77.51190100028199,12.917606999767,0 77.5117980000862,12.9177710001158,0 77.5116079998144,12.9180719996345,0 77.5115679997641,12.9182810003085,0 77.5115359996783,12.9186219998556,0 77.51150400017841,12.9189450000677,0 77.5114949997548,12.9191699997107,0 77.5114929997733,12.9192069997102,0 77.51151999992651,12.9194660001203,0 77.5115470004278,12.9196130002493,0 77.5115590003256,12.91963800003,0 77.5116039999408,12.9197319999174,0 77.5116510002355,12.9197700002935,0 77.51169799974539,12.9198069995991,0 77.5118029997287,12.9198550001169,0 77.511879999809,12.9198519996424,0 77.511890000414,12.9200840000599,0 77.5119169999729,12.920143000183,0 77.5119229995788,12.9203750002347,0 77.5118880003963,12.9204289997822,0 77.51185699980429,12.92047400004,0 77.51184600006231,12.9205259996319,0 77.5118500002321,12.9205610002911,0 77.5118579996518,12.9205890001758,0 77.51186200033941,12.9206339997527,0 77.51182200015511,12.9206499996484,0 77.5116050000336,12.9207090001494,0 77.51166100008309,12.9209430001609,0 77.5117330003675,12.9211329998167,0 77.5117540003711,12.9211699998617,0 77.51176800027881,12.9213259999706,0 77.5117679998865,12.9213500002823,0 77.51173499955409,12.921381000334,0 77.51173699996041,12.9214939995535,0 77.5117380003734,12.9214999999428,0 77.5117380001135,12.9215020002722,0 77.5117379998445,12.9215039996981,0 77.5117400001434,12.9215970001665,0 77.51174000001301,12.9216190001489,0 77.5117430003384,12.9217559999906,0 77.51175200008829,12.9217769999446,0 77.5117419996993,12.9219059997966,0 77.5117939998069,12.9220020002816,0 77.511761999583,12.9223149997522,0 77.5116600000115,12.9228590004139,0 77.5115159996662,12.9236249997336,0 77.5115139998953,12.9236330004076,0 77.51118100024389,12.9236819997698,0 77.5107159998033,12.9237480001512,0 77.5107170000563,12.9237620000529,0 77.5107299995653,12.9238829996468,0 77.5107359999402,12.9239620000519,0 77.5107430003422,12.9240430001983,0 77.5107449998072,12.9240720001739,0 77.510746999669,12.9240979996536,0 77.5107489996727,12.9241229998714,0 77.51076399999759,12.9242979999008,0 77.5105739999272,12.9243139998448,0 77.5105389995738,12.9242960001902,0 77.510545000311,12.9244270000997,0 77.5105489998368,12.9245009999681,0 77.5104929995499,12.924677000153,0 77.51046500021521,12.9246729995954,0 77.5102319997859,12.9247600000002,0 77.5101830004178,12.9247790000896,0 77.51013700034299,12.9247959999061,0 77.51003599976541,12.9248340000056,0 77.50993399977629,12.9248719997447,0 77.5099009995461,12.9248840001647,0 77.5097340003904,12.9249379996568,0 77.5095010004088,12.9250039996421,0 77.5093020004222,12.9250279998903,0 77.50903500014689,12.9246209998635,0 77.50892300012291,12.9246439998201,0 77.5089089998925,12.9246690003063,0 77.5083649999637,12.9251029996165,0 77.5081449996059,12.9251289997129,0 77.5078870002508,12.9250060003711,0 77.5077369995942,12.9249600003216,0 77.5076719999003,12.9249719998744,0 77.50761500008581,12.924981999912,0 77.50747899981501,12.9250059996832,0 77.50736500013269,12.9250259996678,0 77.50726299976419,12.925037000281,0 77.5071299999146,12.9250510001092,0 77.50699500022399,12.9250660002764,0 77.50687799981939,12.9250780004478,0 77.5067550000786,12.9250919998013,0 77.5066509999438,12.9251030004191,0 77.5066510003529,12.9251620003136,0 77.50665200025389,12.9252819998737,0 77.50665300016939,12.9253339998419,0 77.5062750002665,12.925341000384,0 77.5062689996554,12.9252170002639,0 77.5062660002684,12.925152000145,0 77.5062629996671,12.9250890003712,0 77.5062630004215,12.9250840004325,0 77.5062530001309,12.9248769995589,0 77.5062089995938,12.9248799997765,0 77.50609999968469,12.9248860003599,0 77.5059849996709,12.9248929999541,0 77.5058679998229,12.9249009998948,0 77.5057499998189,12.9249080001849,0 77.50564300043899,12.9249140003461,0 77.5055300000385,12.924921000422,0 77.5054370001593,12.9249269998126,0 77.505378999596,12.9247539999903,0 77.5053849997697,12.92466900042,0 77.5053969999215,12.9245300001537,0 77.5052069996119,12.9245929996378,0 77.50525300041799,12.9247940001538,0 77.5051549998104,12.9248250001364,0 77.5050959996728,12.9248439995653,0 77.50498200004731,12.9249029996526,0 77.50505900032221,12.9250240000399,0 77.50516900008409,12.9252120002364,0 77.5052039996462,12.9254010004322,0 77.5051929996456,12.9254810001851,0 77.5050669996959,12.925660000165,0 77.5048799997877,12.9258739997349,0 77.50450399956129,12.9264299995958,0 77.5044049997269,12.926555000426,0 77.50435100039159,12.926599000246,0 77.5042510004283,12.9265700000821,0 77.50412500045491,12.9265029999447,0 77.5037099998365,12.9268379999932,0 77.5025970004516,12.9277369998445,0 77.5024400000474,12.9277019999095,0 
						</coordinates>
					</LinearRing>
				</outerBoundaryIs>
				<innerBoundaryIs>
					<LinearRing>
						<coordinates>
							77.50703300025759,12.9293869997782,0 77.5069520000489,12.9291310001327,0 77.5068910000665,12.9289810002599,0 77.5069240003812,12.9289669997726,0 77.5069670002251,12.9289650000589,0 77.5074040000073,12.9289820001172,0 77.5077090001851,12.9290120000689,0 77.5077099995778,12.9290120004013,0 77.5080360004105,12.9290510001653,0 77.5082159998037,12.9290860002996,0 77.5083359996237,12.9291099998206,0 77.508506000086,12.9291020002269,0 77.50856599977649,12.9290990001602,0 77.5088290001044,12.9290869999261,0 77.50898900014251,12.9290790004179,0 77.5092550003566,12.9290669998226,0 77.5097910001018,12.929041999849,0 77.50988200027599,12.9290789996589,0 77.5098709998021,12.9288429998626,0 77.5099270002233,12.9288449999396,0 77.5103680000681,12.9288569999896,0 77.5109949996761,12.9288640000246,0 77.51098499960599,12.9291979999887,0 77.5109770001358,12.9294180000071,0 77.51097999968199,12.9297369997876,0 77.510979999707,12.9297440000279,0 77.5109760002116,12.9299169999393,0 77.5109329996277,12.9300180002653,0 77.51093100019629,12.9300229995467,0 77.5109309998162,12.9300260000407,0 77.5109290003218,12.9302470002957,0 77.5109260003367,12.9304840001443,0 77.51092299998039,12.9307529998024,0 77.51091900024591,12.9310799995807,0 77.5109180002017,12.9311790000855,0 77.5109320002334,12.9313219998182,0 77.51095899989561,12.931739999741,0 77.5109360002163,12.9318030001372,0 77.51081199990401,12.9319209996533,0 77.51077799962729,12.9320979998841,0 77.5108750003437,12.9320980003682,0 77.5108779997452,12.9320740001004,0 77.51087499964279,12.9321180000284,0 77.5108659995949,12.9322769997034,0 77.51101099955061,12.9322159997311,0 77.5110230002239,12.9323359995639,0 77.5106950002973,12.9324400000128,0 77.5100020000004,12.9327639999413,0 77.50951300042971,12.932921000361,0 77.5094429996673,12.9329080004331,0 77.5093390002333,12.9328849997775,0 77.5092469999903,12.9328560001071,0 77.5091670004098,12.9328030002658,0 77.509117000339,12.9327439999349,0 77.50905499961,12.9326059999338,0 77.508943000025,12.9324219998428,0 77.50886300033601,12.932302999841,0 77.5088499998833,12.9322069997467,0 77.5088059997277,12.9320760002171,0 77.5087679998676,12.9320049998323,0 77.508669999665,12.9319099997307,0 77.5085590000739,12.9318209999995,0 77.50839300001491,12.9316609996931,0 77.50820800036109,12.9315490001324,0 77.5080680000551,12.9315199997907,0 77.50790200000441,12.9314559996048,0 77.50776799954239,12.9314160001149,0 77.5076880000036,12.9313679996041,0 77.5074850003739,12.9312509999815,0 77.5073499995941,12.9311860002931,0 77.5072089997736,12.9311399998974,0 77.507123000276,12.9310859998332,0 77.5070430003742,12.9309970004085,0 77.5069809995689,12.9308840001652,0 77.50699499971179,12.9304650001933,0 77.5070459998817,12.9300569997426,0 77.5070559999477,12.9298479999232,0 77.507059999912,12.9296140003033,0 77.50703300025759,12.9293869997782,0 
						</coordinates>
					</LinearRing>
					<LinearRing>
						<coordinates>
							77.5224970002572,12.8657839997218,0 77.5223260004198,12.8658180002218,0 77.5212630001603,12.866284999789,0 77.52096200023389,12.8663939999434,0 77.52068800001631,12.8664929996115,0 77.5204359999795,12.8665840002891,0 77.52032900027331,12.8663100004409,0 77.5203140003043,12.8661920001238,0 77.52026299989021,12.8657880000144,0 77.5206060002407,12.8656559996817,0 77.5209539997668,12.8655220002472,0 77.5210199997841,12.865780000393,0 77.5215219996542,12.8653910004197,0 77.5216919996351,12.8656560000976,0 77.5218449997903,12.8655379998664,0 77.5216879997709,12.8652570000585,0 77.52183299986881,12.8651419996222,0 77.52198999988479,12.8650170004226,0 77.52216099985,12.8648820003647,0 77.5223319996244,12.8647470002279,0 77.52250599986991,12.8646080003116,0 77.52267899961021,12.8644710003214,0 77.522848000436,12.8643370003657,0 77.5230009996335,12.8642160001192,0 77.52323299958501,12.8644830003108,0 77.5233529997402,12.8644570001449,0 77.5234370002719,12.8645020000015,0 77.5235079996398,12.8645520002051,0 77.5235969997558,12.8646240004204,0 77.5237279997137,12.8648060003376,0 77.523894000216,12.8647059997106,0 77.524043000319,12.8646170000171,0 77.5241030001515,12.8645800000246,0 77.5242360001379,12.8645000003489,0 77.52429099979049,12.8645580002607,0 77.524349000138,12.8646189997396,0 77.52439399961879,12.8646679996416,0 77.5244149996137,12.8646899996335,0 77.5244580004584,12.8647350000671,0 77.5245130002148,12.8647929999124,0 77.524567000082,12.8648500001794,0 77.5246180000879,12.8649050000982,0 77.524681000203,12.8649709999899,0 77.52475300031411,12.8650479998302,0 77.5248730000316,12.8650480003429,0 77.5250359996494,12.8649430000586,0 77.52545300003661,12.8646749996517,0 77.52550599975289,12.8655569999714,0 77.5255209998335,12.8658400002238,0 77.52546999987089,12.8658429997365,0 77.524577000062,12.8660119997482,0 77.52444199975589,12.8660370003509,0 77.5243239995477,12.8660600003629,0 77.5242639999023,12.86607099996,0 77.5241130000467,12.8661150003035,0 77.52406100026271,12.8661300002404,0 77.5236420001951,12.8654680000781,0 77.5230080002156,12.865681999681,0 77.5224970002572,12.8657839997218,0 
						</coordinates>
					</LinearRing>
				</innerBoundaryIs>
			</Polygon>
		</Placemark>
	</Document>
	<Document>
		<name>Ward NO.123.kml</name>
		<StyleMap id="m_ylw-pushpin15">
			<Pair>
				<key>normal</key>
				<styleUrl>#s_ylw-pushpin15</styleUrl>
			</Pair>
			<Pair>
				<key>highlight</key>
				<styleUrl>#s_ylw-pushpin_hl15</styleUrl>
			</Pair>
		</StyleMap>
		<Style id="s_ylw-pushpin15">
			<IconStyle>
				<scale>1.1</scale>
				<Icon>
					<href>http://maps.google.com/mapfiles/kml/pushpin/ylw-pushpin.png</href>
				</Icon>
				<hotSpot x="20" y="2" xunits="pixels" yunits="pixels"/>
			</IconStyle>
			<LineStyle>
				<color>ffffff55</color>
				<width>3</width>
			</LineStyle>
			<PolyStyle>
				<fill>0</fill>
			</PolyStyle>
		</Style>
		<Style id="s_ylw-pushpin_hl15">
			<IconStyle>
				<scale>1.3</scale>
				<Icon>
					<href>http://maps.google.com/mapfiles/kml/pushpin/ylw-pushpin.png</href>
				</Icon>
				<hotSpot x="20" y="2" xunits="pixels" yunits="pixels"/>
			</IconStyle>
			<LineStyle>
				<color>ffffff55</color>
				<width>3</width>
			</LineStyle>
			<PolyStyle>
				<fill>0</fill>
			</PolyStyle>
		</Style>
		<Placemark>
			<name>Ward NO.123.kml</name>
			<styleUrl>#m_ylw-pushpin15</styleUrl>
			<Polygon>
				<tessellate>1</tessellate>
				<outerBoundaryIs>
					<LinearRing>
						<coordinates>
							77.5379149999474,12.9720439999535,0 77.5380569995543,12.9719990001566,0 77.5393070002642,12.9715779998095,0 77.5405580000094,12.9711600001844,0 77.54215299997981,12.9706230003816,0 77.5422100003984,12.9706039999008,0 77.5434030002821,12.9702009996991,0 77.54383799958759,12.9700540000395,0 77.5446059999983,12.9698000001249,0 77.5458089997184,12.9694029997978,0 77.5456599997743,12.9690669998507,0 77.5455199995634,12.9687510002478,0 77.5453829996227,12.9684209999451,0 77.5452960003244,12.9682180002491,0 77.5453259998948,12.9681980003375,0 77.54537900007961,12.9681700001581,0 77.54541099990401,12.9681579998341,0 77.5456639996455,12.9687010000757,0 77.5457609995867,12.9689110002267,0 77.5458190002654,12.9690409997102,0 77.5459389999012,12.9693439996782,0 77.54626100019711,12.9692520003884,0 77.5464479999608,12.9691990003815,0 77.5467690003308,12.9691089997442,0 77.5468880000076,12.9690750000839,0 77.5470700000227,12.9690229999723,0 77.5470880004018,12.9690180001296,0 77.54732399960901,12.9689519995744,0 77.54747899973169,12.9695589996428,0 77.547580000037,12.9695500004115,0 77.5477809999105,12.9695459999782,0 77.5477980000497,12.9695449995783,0 77.5479579998826,12.9695369997927,0 77.5481679995502,12.9695240000422,0 77.54838200017539,12.969514000184,0 77.54871100012031,12.9695019998015,0 77.5485399999357,12.968994999555,0 77.5484269999756,12.9686599997966,0 77.5484659999714,12.9686480001039,0 77.54849400009,12.9686610004086,0 77.5485300003841,12.9686449997389,0 77.54897499987089,12.9684489999267,0 77.5492309999309,12.968346000157,0 77.5493019997074,12.9683109999138,0 77.5494009998082,12.9682599995798,0 77.5494040003759,12.9682630003928,0 77.5495279997261,12.9682010002073,0 77.549709000197,12.9684699997656,0 77.5503059996486,12.9693419996569,0 77.5503550003212,12.9694069995488,0 77.550431999784,12.9694749999733,0 77.5505209997078,12.9695230002001,0 77.5508419999946,12.9696430000814,0 77.5510250002383,12.9696909998567,0 77.5512609996965,12.9697620004366,0 77.5514060002444,12.9698170003996,0 77.5515389997576,12.9699090000228,0 77.5517399999364,12.9701250003268,0 77.5518319999258,12.9702309999492,0 77.5520490003131,12.970487000022,0 77.5521930000788,12.9706510001685,0 77.55238400043891,12.9708369999582,0 77.5525219999365,12.9710030002627,0 77.5526079996978,12.9710949996086,0 77.55273299978199,12.971190999749,0 77.55284400042549,12.9713170002231,0 77.5529650000131,12.971466999602,0 77.5530509998738,12.9715939997278,0 77.5531560002559,12.9718879996626,0 77.5532519999084,12.9721729999531,0 77.55337300014079,12.9724710003571,0 77.55343200031299,12.9726220001468,0 77.5534899995868,12.9726920000223,0 77.5535799997857,12.972838000096,0 77.55364999970389,12.9730380002976,0 77.55374600045189,12.973429999744,0 77.553823999957,12.9736439999082,0 77.5538470003922,12.9738480003776,0 77.5539210003848,12.9741239999662,0 77.5541069999763,12.9745219995539,0 77.5542940002322,12.9749599997004,0 77.554477999578,12.9754740001136,0 77.5544990002239,12.9755550003975,0 77.55438000000311,12.9755519999866,0 77.5543069999546,12.9755490002765,0 77.5541719997417,12.9755469998726,0 77.5541029995445,12.9755420003053,0 77.5534850002516,12.9755120002227,0 77.5534520004155,12.9755099996842,0 77.5532990001702,12.9754850000082,0 77.5530000000705,12.9753839999296,0 77.55284799993321,12.9753159998561,0 77.5522910002322,12.9749859998446,0 77.55226199974329,12.9749610002203,0 77.5520249997863,12.9747559999457,0 77.5518579997108,12.9745819995726,0 77.551440999749,12.9742470004448,0 77.5509969995542,12.9739269998717,0 77.5507399999606,12.973767999786,0 77.5505330001055,12.9736880001724,0 77.55051099987681,12.9736840003851,0 77.5503409997319,12.9736790000591,0 77.5500929996544,12.9737039996497,0 77.5498129997123,12.9737929996867,0 77.54954799989579,12.9739419995557,0 77.54913399988899,12.9743100002804,0 77.548599999597,12.9747850003024,0 77.5484919998204,12.9748960003927,0 77.54842399976231,12.9749669996826,0 77.5477569995567,12.9741440000633,0 77.5473740003069,12.9741349997244,0 77.5471630000346,12.9741330000575,0 77.5467759997324,12.974124000073,0 77.54647399971429,12.9741259998543,0 77.54616599969729,12.9741299995784,0 77.5447710002494,12.9740970003666,0 77.5446750003546,12.9740879998422,0 77.5435310004364,12.974020000182,0 77.54324200015741,12.9739630000107,0 77.54307599973851,12.9739219996196,0 77.5422290003127,12.9737129998094,0 77.5416909995452,12.9735859998631,0 77.5413490003274,12.9735049997809,0 77.5401800003313,12.9732490002352,0 77.5394580004138,12.9730910000834,0 77.5389430003604,12.9729779999132,0 77.538787999673,12.9728899999562,0 77.53873399990439,12.9728599997361,0 77.5384459999333,12.9726230000859,0 77.5381249998634,12.9723790003397,0 77.53792599971371,12.9720619999783,0 77.5379149999474,12.9720439999535,0 
						</coordinates>
					</LinearRing>
				</outerBoundaryIs>
			</Polygon>
		</Placemark>
	</Document>
	<Document>
		<name>Ward NO.124.kml</name>
		<StyleMap id="m_ylw-pushpin16">
			<Pair>
				<key>normal</key>
				<styleUrl>#s_ylw-pushpin16</styleUrl>
			</Pair>
			<Pair>
				<key>highlight</key>
				<styleUrl>#s_ylw-pushpin_hl16</styleUrl>
			</Pair>
		</StyleMap>
		<Style id="s_ylw-pushpin16">
			<IconStyle>
				<scale>1.1</scale>
				<Icon>
					<href>http://maps.google.com/mapfiles/kml/pushpin/ylw-pushpin.png</href>
				</Icon>
				<hotSpot x="20" y="2" xunits="pixels" yunits="pixels"/>
			</IconStyle>
			<LineStyle>
				<color>ffffff55</color>
				<width>3</width>
			</LineStyle>
			<PolyStyle>
				<fill>0</fill>
			</PolyStyle>
		</Style>
		<Style id="s_ylw-pushpin_hl16">
			<IconStyle>
				<scale>1.3</scale>
				<Icon>
					<href>http://maps.google.com/mapfiles/kml/pushpin/ylw-pushpin.png</href>
				</Icon>
				<hotSpot x="20" y="2" xunits="pixels" yunits="pixels"/>
			</IconStyle>
			<LineStyle>
				<color>ffffff55</color>
				<width>3</width>
			</LineStyle>
			<PolyStyle>
				<fill>0</fill>
			</PolyStyle>
		</Style>
		<Placemark>
			<name>Ward NO.124.kml</name>
			<styleUrl>#m_ylw-pushpin16</styleUrl>
			<Polygon>
				<tessellate>1</tessellate>
				<outerBoundaryIs>
					<LinearRing>
						<coordinates>
							77.5438599998339,12.9640449997483,0 77.5440489998157,12.9641569998868,0 77.5443969997017,12.9643030003411,0 77.5445939995405,12.964350999696,0 77.5448300002824,12.9643679999103,0 77.5454060000142,12.9643260001638,0 77.5461749995893,12.9643139996169,0 77.5465900000159,12.9644059997907,0 77.5479139998405,12.9648750003561,0 77.54816700024389,12.9649810002019,0 77.5485059997763,12.9651819997302,0 77.5490940000039,12.9655919999459,0 77.54949900022331,12.9658869999691,0 77.5498459997598,12.9661709996369,0 77.55008900003629,12.9664320003299,0 77.5501799997006,12.9665309998542,0 77.5505630001856,12.9669779996293,0 77.55092700008549,12.9673909996606,0 77.5511810001632,12.967697000032,0 77.5514429999711,12.9679329999239,0 77.5515480004199,12.9680030003579,0 77.5518300000691,12.9681340001748,0 77.55202099973491,12.9682070001489,0 77.55244199983861,12.9683400001301,0 77.55362900034009,12.9686509999793,0 77.5544749996551,12.9688709996051,0 77.5545790003801,12.968900000343,0 77.5545130002117,12.9689990000415,0 77.5544230002335,12.9690210003746,0 77.55438800024,12.9690289999722,0 77.5542779999807,12.969054000083,0 77.5541599999432,12.9690800002255,0 77.5540910003558,12.9690960003706,0 77.55396200026409,12.9691250004071,0 77.5537179997296,12.9691840003301,0 77.5536279995647,12.969206000413,0 77.5535290001644,12.9692299996242,0 77.5534109999768,12.9692569995868,0 77.5532769998744,12.9692809998483,0 77.55314600013619,12.9693050004119,0 77.5530109998107,12.9693070002382,0 77.5528790003296,12.9693420001893,0 77.55263700023551,12.9694039998169,0 77.5525670001544,12.9694229998644,0 77.55250100032551,12.9694470001522,0 77.55222500014,12.9695839996423,0 77.5519330004356,12.9697289997069,0 77.55165299987949,12.9698699996217,0 77.5515910002005,12.9699010002519,0 77.5515939998164,12.9699030000045,0 77.5515930002926,12.9699029998708,0 77.5515389997576,12.9699090000228,0 77.5514060002444,12.9698170003996,0 77.5512609996965,12.9697620004366,0 77.5510250002383,12.9696909998567,0 77.5508419999946,12.9696430000814,0 77.5505209997078,12.9695230002001,0 77.550431999784,12.9694749999733,0 77.5503550003212,12.9694069995488,0 77.5503059996486,12.9693419996569,0 77.549709000197,12.9684699997656,0 77.5495279997261,12.9682010002073,0 77.5494040003759,12.9682630003928,0 77.5494009998082,12.9682599995798,0 77.5493019997074,12.9683109999138,0 77.5492309999309,12.968346000157,0 77.54897499987089,12.9684489999267,0 77.5485300003841,12.9686449997389,0 77.54849400009,12.9686610004086,0 77.5484659999714,12.9686480001039,0 77.5484269999756,12.9686599997966,0 77.5485399999357,12.968994999555,0 77.54871100012031,12.9695019998015,0 77.54838200017539,12.969514000184,0 77.5481679995502,12.9695240000422,0 77.5479579998826,12.9695369997927,0 77.5477980000497,12.9695449995783,0 77.5477809999105,12.9695459999782,0 77.547580000037,12.9695500004115,0 77.54747899973169,12.9695589996428,0 77.54732399960901,12.9689519995744,0 77.5470880004018,12.9690180001296,0 77.5470700000227,12.9690229999723,0 77.5468880000076,12.9690750000839,0 77.5467690003308,12.9691089997442,0 77.5464479999608,12.9691990003815,0 77.54626100019711,12.9692520003884,0 77.5459389999012,12.9693439996782,0 77.5458190002654,12.9690409997102,0 77.5457609995867,12.9689110002267,0 77.5456639996455,12.9687010000757,0 77.54541099990401,12.9681579998341,0 77.54537900007961,12.9681700001581,0 77.5453259998948,12.9681980003375,0 77.5452960003244,12.9682180002491,0 77.5453829996227,12.9684209999451,0 77.5455199995634,12.9687510002478,0 77.5456599997743,12.9690669998507,0 77.5458089997184,12.9694029997978,0 77.5446059999983,12.9698000001249,0 77.54383799958759,12.9700540000395,0 77.5434030002821,12.9702009996991,0 77.5422100003984,12.9706039999008,0 77.54215299997981,12.9706230003816,0 77.5405580000094,12.9711600001844,0 77.5393070002642,12.9715779998095,0 77.5380569995543,12.9719990001566,0 77.5379149999474,12.9720439999535,0 77.53789400000581,12.972011999751,0 77.5374179998505,12.9706690004074,0 77.53676499965511,12.9687310003551,0 77.536949000093,12.9686870004023,0 77.5369820001016,12.9686759995568,0 77.5374990004037,12.968487999855,0 77.5376910001691,12.9684229997263,0 77.5388240002116,12.9681470000211,0 77.53873099987671,12.9676530000245,0 77.538647000361,12.9672409996147,0 77.5385639998685,12.9668300003551,0 77.5384710003286,12.9663599998364,0 77.5383879997122,12.965943999687,0 77.5383100000039,12.9655479995897,0 77.538213999655,12.9650780000385,0 77.538597999971,12.9649400002157,0 77.53913600031581,12.9647509997575,0 77.5395619998618,12.9646020002063,0 77.5400179995854,12.9644449997219,0 77.5405660001086,12.9643320000985,0 77.5410580001377,12.9642319996462,0 77.5411109996046,12.9642210000774,0 77.5416149999653,12.9642309998556,0 77.5419999998804,12.9642369995744,0 77.5423439998868,12.9642510001487,0 77.54278400026919,12.9642629997614,0 77.5430640002602,12.9642690002117,0 77.5432039998786,12.964292999628,0 77.5432710000948,12.9642989997811,0 77.5436300003592,12.964328999698,0 77.5438599998339,12.9640449997483,0 
						</coordinates>
					</LinearRing>
				</outerBoundaryIs>
			</Polygon>
		</Placemark>
	</Document>
	<Document>
		<name>Ward NO.125.kml</name>
		<StyleMap id="m_ylw-pushpin17">
			<Pair>
				<key>normal</key>
				<styleUrl>#s_ylw-pushpin17</styleUrl>
			</Pair>
			<Pair>
				<key>highlight</key>
				<styleUrl>#s_ylw-pushpin_hl17</styleUrl>
			</Pair>
		</StyleMap>
		<Style id="s_ylw-pushpin17">
			<IconStyle>
				<scale>1.1</scale>
				<Icon>
					<href>http://maps.google.com/mapfiles/kml/pushpin/ylw-pushpin.png</href>
				</Icon>
				<hotSpot x="20" y="2" xunits="pixels" yunits="pixels"/>
			</IconStyle>
			<LineStyle>
				<color>ffffff55</color>
				<width>3</width>
			</LineStyle>
			<PolyStyle>
				<fill>0</fill>
			</PolyStyle>
		</Style>
		<Style id="s_ylw-pushpin_hl17">
			<IconStyle>
				<scale>1.3</scale>
				<Icon>
					<href>http://maps.google.com/mapfiles/kml/pushpin/ylw-pushpin.png</href>
				</Icon>
				<hotSpot x="20" y="2" xunits="pixels" yunits="pixels"/>
			</IconStyle>
			<LineStyle>
				<color>ffffff55</color>
				<width>3</width>
			</LineStyle>
			<PolyStyle>
				<fill>0</fill>
			</PolyStyle>
		</Style>
		<Placemark>
			<name>Ward NO.125.kml</name>
			<styleUrl>#m_ylw-pushpin17</styleUrl>
			<Polygon>
				<tessellate>1</tessellate>
				<outerBoundaryIs>
					<LinearRing>
						<coordinates>
							77.52820499989311,12.9718330003772,0 77.5282010002327,12.9717520000927,0 77.5281370001624,12.9715389995905,0 77.5279890000818,12.9710270002428,0 77.52790000034859,12.9707059996948,0 77.5278350000624,12.9704770000216,0 77.5278119999082,12.9703730002171,0 77.52790700038391,12.9703149998339,0 77.5282450000801,12.9701120004041,0 77.5285149996879,12.9699589995738,0 77.5287820000428,12.9698170003981,0 77.5288220003529,12.9699080000057,0 77.5288619998522,12.9699610002901,0 77.5289050003684,12.9700639995942,0 77.5289090000898,12.9700750002888,0 77.5291399998621,12.9700240001458,0 77.5293870004038,12.9699729996262,0 77.5297100002531,12.9699010002737,0 77.53000899986959,12.9698300001239,0 77.5303889998592,12.9697409996406,0 77.5307619999232,12.969655000332,0 77.5307819999467,12.9696500001717,0 77.53072099972761,12.9693570002608,0 77.530636999788,12.9689500003503,0 77.5305989995653,12.9687880000974,0 77.53057200033319,12.9686450004234,0 77.5314460001789,12.9684769996676,0 77.53150599963,12.968478999774,0 77.5321440003804,12.9684830000365,0 77.5323750001928,12.9685120000365,0 77.5325539996617,12.9685339999759,0 77.53263100019559,12.9685460002073,0 77.53292799987879,12.9684500002906,0 77.5332299996858,12.9683540001729,0 77.5332920001777,12.9683320003819,0 77.5333809999883,12.9683010001695,0 77.5336440001672,12.9682149995839,0 77.5339549996997,12.9681110002592,0 77.5342590003516,12.9680099996495,0 77.5344579995465,12.9679519997111,0 77.53453399959351,12.9679319999927,0 77.5345999997472,12.9679140003899,0 77.5348919998679,12.9678329996658,0 77.5349070001441,12.9678290002013,0 77.53519599958931,12.967748999639,0 77.5352040004057,12.9677469999891,0 77.5355039999135,12.9676639999117,0 77.5355150002147,12.9676609997886,0 77.5359040003905,12.9675499997356,0 77.5362589997566,12.967440000084,0 77.53666500041641,12.9684219997309,0 77.53676499965511,12.9687310003551,0 77.5374179998505,12.9706690004074,0 77.53789400000581,12.972011999751,0 77.5379149999474,12.9720439999535,0 77.53792599971371,12.9720619999783,0 77.5381249998634,12.9723790003397,0 77.5384459999333,12.9726230000859,0 77.53873399990439,12.9728599997361,0 77.5383059997399,12.9730360002649,0 77.5377080003169,12.9732649997152,0 77.5372709995741,12.9734199995933,0 77.5367930002638,12.973588000376,0 77.5365790000004,12.973663999884,0 77.5362959995676,12.9737629996898,0 77.5356969998993,12.9739720001962,0 77.53528600013991,12.9741359996969,0 77.53478500042129,12.9742449997586,0 77.534553999887,12.9742869995891,0 77.534512000281,12.9742929996252,0 77.5344750002816,12.9742970003299,0 77.5341710000516,12.9743270003396,0 77.53401499982,12.9743480003098,0 77.5337600004097,12.9744039995494,0 77.53339599969421,12.9744820002955,0 77.53297999967749,12.9745679995897,0 77.5324489996777,12.9746690001173,0 77.5325719995685,12.9751270000759,0 77.53263200007849,12.975335999947,0 77.5327920004579,12.9759100003638,0 77.53248899979999,12.9759769998479,0 77.5322159996058,12.976037999595,0 77.53188800043399,12.9760900002732,0 77.5314069998407,12.9761530001552,0 77.530939999635,12.9761800003763,0 77.5308690002712,12.9761839999947,0 77.5296729997373,12.9762630000483,0 77.5290359998742,12.9762939998389,0 77.52897799990269,12.9758290000257,0 77.528936999686,12.9755160000803,0 77.52887900023249,12.9750979998912,0 77.52887699964499,12.9750809996621,0 77.5288670004301,12.9748709998293,0 77.528849000036,12.974424000203,0 77.5288359997293,12.9742060003419,0 77.52882999996881,12.9740709998184,0 77.5288030003688,12.9737000004479,0 77.5287800003378,12.9733180002827,0 77.5287460003692,12.9728409998913,0 77.5286920000817,12.9728290000445,0 77.5286390003873,12.9728119996528,0 77.5286029996021,12.9727909996219,0 77.5285819996451,12.9727619998186,0 77.5285699999479,12.9727450001216,0 77.52849599955741,12.9725130002604,0 77.5283829996041,12.9722049995621,0 77.5282740002056,12.9719589998164,0 77.5282259995503,12.9718680002265,0 77.52820499989311,12.9718330003772,0 
						</coordinates>
					</LinearRing>
				</outerBoundaryIs>
			</Polygon>
		</Placemark>
	</Document>
	<Document>
		<name>Ward NO.126.kml</name>
		<StyleMap id="m_ylw-pushpin18">
			<Pair>
				<key>normal</key>
				<styleUrl>#s_ylw-pushpin18</styleUrl>
			</Pair>
			<Pair>
				<key>highlight</key>
				<styleUrl>#s_ylw-pushpin_hl18</styleUrl>
			</Pair>
		</StyleMap>
		<Style id="s_ylw-pushpin18">
			<IconStyle>
				<scale>1.1</scale>
				<Icon>
					<href>http://maps.google.com/mapfiles/kml/pushpin/ylw-pushpin.png</href>
				</Icon>
				<hotSpot x="20" y="2" xunits="pixels" yunits="pixels"/>
			</IconStyle>
			<LineStyle>
				<color>ffffff55</color>
				<width>3</width>
			</LineStyle>
			<PolyStyle>
				<fill>0</fill>
			</PolyStyle>
		</Style>
		<Style id="s_ylw-pushpin_hl18">
			<IconStyle>
				<scale>1.3</scale>
				<Icon>
					<href>http://maps.google.com/mapfiles/kml/pushpin/ylw-pushpin.png</href>
				</Icon>
				<hotSpot x="20" y="2" xunits="pixels" yunits="pixels"/>
			</IconStyle>
			<LineStyle>
				<color>ffffff55</color>
				<width>3</width>
			</LineStyle>
			<PolyStyle>
				<fill>0</fill>
			</PolyStyle>
		</Style>
		<Placemark>
			<name>Ward NO.126.kml</name>
			<styleUrl>#m_ylw-pushpin18</styleUrl>
			<Polygon>
				<tessellate>1</tessellate>
				<outerBoundaryIs>
					<LinearRing>
						<coordinates>
							77.5278929998006,12.9718540003942,0 77.52729299974629,12.9719460003711,0 77.52699600000609,12.9719899997809,0 77.52696199964871,12.9719919997468,0 77.5269430003348,12.9719800000384,0 77.5269330001381,12.9719550003945,0 77.5268500003326,12.9716320003643,0 77.5268170001103,12.9715060003175,0 77.5267779999065,12.9713520001415,0 77.52671499963,12.9710889999136,0 77.52667400027509,12.9709149998532,0 77.5266359995463,12.9707969998284,0 77.5266089999263,12.9707159996739,0 77.5265580001265,12.9706119996973,0 77.52650799968799,12.970541000371,0 77.5264470002714,12.9705060003307,0 77.5263820002063,12.9705149996611,0 77.52633900021731,12.9705240003339,0 77.52601800026309,12.9706059995615,0 77.52544199959971,12.9707529995783,0 77.5252749999526,12.970781999941,0 77.5251929995451,12.9707820000525,0 77.5251130002633,12.9707769998329,0 77.5250009996706,12.9707549995802,0 77.524983999908,12.9707360000061,0 77.5249609997923,12.9706799997771,0 77.52487700021589,12.9704830002325,0 77.52475399961391,12.9701909997971,0 77.5246809998409,12.9700190001463,0 77.5246599996362,12.9699690003364,0 77.5246580004532,12.969907000411,0 77.524649000214,12.9696450001924,0 77.52463500012,12.9694979999576,0 77.5246189997914,12.9693359996909,0 77.5246120001934,12.969252999932,0 77.52455700022981,12.9690329998133,0 77.5244609999515,12.9687529999316,0 77.5243989999167,12.9686140004395,0 77.52425299960829,12.9683080000721,0 77.52420199959489,12.9682030001141,0 77.5240990001347,12.9679940000538,0 77.523958999756,12.967726000257,0 77.5238580003651,12.9675440000899,0 77.5238089996337,12.9674229998478,0 77.5237559999679,12.9672820000968,0 77.52367599974281,12.9670739999454,0 77.523668000364,12.9670439997848,0 77.52360300017661,12.9668640002026,0 77.52358400020709,12.9668019997629,0 77.5235239999582,12.966523999946,0 77.5234939997386,12.9663699999942,0 77.52347399973971,12.966264999964,0 77.5234360000495,12.9660679996382,0 77.5234100001057,12.965965000262,0 77.5233189997534,12.965771000255,0 77.52330499965269,12.9657410004342,0 77.5232689996262,12.9656619995701,0 77.5232509998349,12.9655209998958,0 77.5232509998993,12.9655019997043,0 77.52324999986649,12.9654410000862,0 77.523289000327,12.9652699996477,0 77.52332800005421,12.9650950004141,0 77.5233499996922,12.9650240003087,0 77.52341499979821,12.9648140001974,0 77.5235270000225,12.9644849995821,0 77.5235709997998,12.9643480001283,0 77.52363100011409,12.9641039999479,0 77.5236410002158,12.9639730004445,0 77.5236330001527,12.9638170000187,0 77.5235919995546,12.9635179996268,0 77.52354599992221,12.9632150000872,0 77.52350600009299,12.9630730003507,0 77.5233960004267,12.9628239998025,0 77.52338499974169,12.9627989996442,0 77.5232820004306,12.9625540004064,0 77.5231410002748,12.9622470004112,0 77.52308799967111,12.9622259996212,0 77.52312600026541,12.9621959997887,0 77.52316800001481,12.9621960001047,0 77.5232510003826,12.9621720004083,0 77.52325100024279,12.9620899996159,0 77.5232499997016,12.9619739997081,0 77.5233179998641,12.9619009996983,0 77.52347999983201,12.9617280000388,0 77.52351999986981,12.9617219998094,0 77.52356100012901,12.9617200004258,0 77.5236709998329,12.9617150001522,0 77.5236800000157,12.9617149996215,0 77.5236859998396,12.9617150001739,0 77.5237369997762,12.9617129995755,0 77.5238369997754,12.961708000422,0 77.5239510002459,12.9617030000878,0 77.52402100010789,12.9617000002534,0 77.524095000137,12.9617089995764,0 77.5241940000778,12.9617319997931,0 77.5243079997779,12.9617599998142,0 77.5243539996122,12.9617720000254,0 77.5244170001623,12.9617870002315,0 77.5244520000727,12.9617949998904,0 77.5245419999233,12.9618170003679,0 77.5245710000254,12.9618250003805,0 77.52461100014879,12.9618349997053,0 77.52463699998179,12.9618409995958,0 77.5247439998017,12.9618630004391,0 77.5248119998093,12.9618769997784,0 77.52490199994929,12.9619130004353,0 77.52500299997121,12.9619349997352,0 77.5250320001477,12.9619420004424,0 77.5253960001194,12.9620220000919,0 77.52548600016441,12.9620419999083,0 77.5254990000941,12.9620449998062,0 77.5255439996206,12.9620560003072,0 77.525587999629,12.9620669996568,0 77.5256039998938,12.9620710004013,0 77.5256209996523,12.9620749995773,0 77.52570299992681,12.9620960002942,0 77.5257300001831,12.9621030004472,0 77.5257769996492,12.9621139995661,0 77.5258119995823,12.9621230000803,0 77.5258339996152,12.9621279996554,0 77.5258629997781,12.9621360004129,0 77.52599600031721,12.962169000295,0 77.5260009996578,12.9621699998111,0 77.52603500008961,12.9621790000544,0 77.526049000461,12.962182000151,0 77.5260979998487,12.9621939998242,0 77.52615899967719,12.9622090000153,0 77.5262240002204,12.9622259996074,0 77.5262700002218,12.9622370001987,0 77.5263140003218,12.9622470001657,0 77.52630300024551,12.9620279998291,0 77.52631899973061,12.961984999773,0 77.5267150004057,12.961981999639,0 77.5267520003493,12.9619890001836,0 77.5268039995954,12.9619899996653,0 77.5267949997624,12.9621640002798,0 77.5266549995535,12.9626590000828,0 77.52663800041449,12.9627520002196,0 77.5266999998706,12.9630429995519,0 77.526743000072,12.9631359999269,0 77.52676199993179,12.9633010001943,0 77.5267780002721,12.963561999742,0 77.5267789995623,12.9636379996606,0 77.5267790000122,12.9636499996536,0 77.52660999989401,12.9640469998409,0 77.52650599959949,12.9643909997297,0 77.52645099954211,12.9645719998876,0 77.5264360002019,12.9645980003494,0 77.52673899993169,12.9646210000626,0 77.5267359999484,12.9646580004216,0 77.5268830001806,12.9646810003862,0 77.5275190003502,12.9647440004328,0 77.5280120001735,12.9647839996455,0 77.5293430001323,12.964932999668,0 77.5294400000094,12.964946000169,0 77.5298640001989,12.9648360000316,0 77.530419000214,12.9646840003877,0 77.53062199970191,12.9646419996759,0 77.5308269999214,12.9646440003037,0 77.5311290001069,12.9646459996308,0 77.5314270003354,12.9646479995703,0 77.5314379996168,12.9646480000852,0 77.5317279998816,12.9646549996319,0 77.5317449999317,12.9646549995751,0 77.53201499974089,12.9646609998913,0 77.5320420004529,12.9646620002299,0 77.53217500040481,12.9646640001571,0 77.5323279998379,12.9646669997903,0 77.5325349997609,12.9646709997719,0 77.5329970004329,12.9647290000785,0 77.53302400021551,12.964730000322,0 77.5334229997126,12.9646740001791,0 77.53381799991431,12.9646209999812,0 77.5341599997742,12.9645759997198,0 77.5345019999574,12.9644630000132,0 77.5347520003463,12.9643640000093,0 77.535485000286,12.9659610002273,0 77.5355130004522,12.9660219999891,0 77.5362589997566,12.967440000084,0 77.5359040003905,12.9675499997356,0 77.5355150002147,12.9676609997886,0 77.5355039999135,12.9676639999117,0 77.5352040004057,12.9677469999891,0 77.53519599958931,12.967748999639,0 77.5349070001441,12.9678290002013,0 77.5348919998679,12.9678329996658,0 77.5345999997472,12.9679140003899,0 77.53453399959351,12.9679319999927,0 77.5344579995465,12.9679519997111,0 77.5342590003516,12.9680099996495,0 77.5339549996997,12.9681110002592,0 77.5336440001672,12.9682149995839,0 77.5333809999883,12.9683010001695,0 77.5332920001777,12.9683320003819,0 77.5332299996858,12.9683540001729,0 77.53292799987879,12.9684500002906,0 77.53263100019559,12.9685460002073,0 77.5325539996617,12.9685339999759,0 77.5323750001928,12.9685120000365,0 77.5321440003804,12.9684830000365,0 77.53150599963,12.968478999774,0 77.5314460001789,12.9684769996676,0 77.53057200033319,12.9686450004234,0 77.5305989995653,12.9687880000974,0 77.530636999788,12.9689500003503,0 77.53072099972761,12.9693570002608,0 77.5307819999467,12.9696500001717,0 77.5307619999232,12.969655000332,0 77.5303889998592,12.9697409996406,0 77.53000899986959,12.9698300001239,0 77.5297100002531,12.9699010002737,0 77.5293870004038,12.9699729996262,0 77.5291399998621,12.9700240001458,0 77.5289090000898,12.9700750002888,0 77.5289050003684,12.9700639995942,0 77.5288619998522,12.9699610002901,0 77.5288220003529,12.9699080000057,0 77.5287820000428,12.9698170003981,0 77.5285149996879,12.9699589995738,0 77.5282450000801,12.9701120004041,0 77.52790700038391,12.9703149998339,0 77.5278119999082,12.9703730002171,0 77.5278350000624,12.9704770000216,0 77.52790000034859,12.9707059996948,0 77.5279890000818,12.9710270002428,0 77.5281370001624,12.9715389995905,0 77.5282010002327,12.9717520000927,0 77.52820499989311,12.9718330003772,0 77.5281799996344,12.9718190000751,0 77.5281590001363,12.9718119998704,0 77.5278929998006,12.9718540003942,0 
						</coordinates>
					</LinearRing>
				</outerBoundaryIs>
			</Polygon>
		</Placemark>
	</Document>
	<Document>
		<name>Ward NO.127.kml</name>
		<StyleMap id="m_ylw-pushpin19">
			<Pair>
				<key>normal</key>
				<styleUrl>#s_ylw-pushpin19</styleUrl>
			</Pair>
			<Pair>
				<key>highlight</key>
				<styleUrl>#s_ylw-pushpin_hl19</styleUrl>
			</Pair>
		</StyleMap>
		<Style id="s_ylw-pushpin19">
			<IconStyle>
				<scale>1.1</scale>
				<Icon>
					<href>http://maps.google.com/mapfiles/kml/pushpin/ylw-pushpin.png</href>
				</Icon>
				<hotSpot x="20" y="2" xunits="pixels" yunits="pixels"/>
			</IconStyle>
			<LineStyle>
				<color>ffffff55</color>
				<width>3</width>
			</LineStyle>
			<PolyStyle>
				<fill>0</fill>
			</PolyStyle>
		</Style>
		<Style id="s_ylw-pushpin_hl19">
			<IconStyle>
				<scale>1.3</scale>
				<Icon>
					<href>http://maps.google.com/mapfiles/kml/pushpin/ylw-pushpin.png</href>
				</Icon>
				<hotSpot x="20" y="2" xunits="pixels" yunits="pixels"/>
			</IconStyle>
			<LineStyle>
				<color>ffffff55</color>
				<width>3</width>
			</LineStyle>
			<PolyStyle>
				<fill>0</fill>
			</PolyStyle>
		</Style>
		<Placemark>
			<name>Ward NO.127.kml</name>
			<styleUrl>#m_ylw-pushpin19</styleUrl>
			<Polygon>
				<tessellate>1</tessellate>
				<outerBoundaryIs>
					<LinearRing>
						<coordinates>
							77.52176799970709,12.9740950003981,0 77.5213069998231,12.9741980004093,0 77.5211950002962,12.974212999881,0 77.52072300031941,12.9742770001929,0 77.5204749999168,12.9743169996829,0 77.52053400009331,12.9745099996465,0 77.5202690002981,12.9745840000467,0 77.5199909998657,12.9746680003418,0 77.51973799958149,12.9747479996404,0 77.51942300026531,12.9748440001712,0 77.5191820002142,12.9749180001483,0 77.5189579999623,12.9750070002033,0 77.51883400002529,12.9750570002578,0 77.5183639998737,12.9752510002083,0 77.5182549999996,12.9752950001831,0 77.51825699998849,12.975295999943,0 77.5181660000444,12.9753339999077,0 77.5178770004553,12.9750579998262,0 77.5177500001119,12.9748939996017,0 77.5175210000419,12.9742699997383,0 77.51734799982459,12.9735800000025,0 77.5173250002555,12.9733219997939,0 77.5173700004146,12.9731810002356,0 77.5174779996737,12.9730900003919,0 77.5176050001207,12.9730460000976,0 77.5179119996633,12.9729700003895,0 77.5180330000246,12.9729229997084,0 77.51810100031901,12.9728550002074,0 77.5181290002887,12.9728080000546,0 77.5181460002301,12.9727240003545,0 77.5181110000742,12.9725730003854,0 77.5180439996515,12.9723779997905,0 77.51789400010129,12.9721329998124,0 77.5178719995465,12.9720419998302,0 77.517924000438,12.9717309999252,0 77.5180089997408,12.9715360004339,0 77.5182119998347,12.9712400001514,0 77.5184689999809,12.970945000223,0 77.5184989997242,12.9708569996262,0 77.518462000138,12.970714999659,0 77.5177970002962,12.969710000291,0 77.51759200019519,12.9694689996737,0 77.5175340001304,12.9693890000546,0 77.5175229997904,12.9693610000368,0 77.5174590003444,12.969260000052,0 77.5174560003307,12.9691900000586,0 77.51745199997271,12.9690930000982,0 77.5174240003836,12.9684410000239,0 77.5174500002383,12.9683549996911,0 77.51751900010559,12.9682500004073,0 77.5179719999892,12.9677540003636,0 77.5180610002122,12.9676510001874,0 77.5180740004599,12.9675239999914,0 77.51806100038139,12.967247999579,0 77.5179979998729,12.9670469996614,0 77.517937000356,12.966986999674,0 77.5175209997626,12.9666369995522,0 77.5174430002368,12.9664639998249,0 77.51741800016011,12.9661899999991,0 77.5174580002941,12.9660359999514,0 77.5175220004045,12.9659530001801,0 77.5176319998186,12.9658730003204,0 77.5177659998438,12.9657930003926,0 77.5182939997237,12.9654769995805,0 77.51834600018771,12.9653979998805,0 77.5183870002858,12.965332000249,0 77.5183759998479,12.9651279998752,0 77.5182760001468,12.9647470001267,0 77.5182090001823,12.964550999881,0 77.51815999956889,12.9643870002841,0 77.5180509997887,12.9642259998495,0 77.5178479995631,12.9640450004025,0 77.5176629996152,12.9639330000439,0 77.517537000034,12.9638470002406,0 77.5175060002498,12.9638209997035,0 77.5174580003824,12.9637220003761,0 77.5175040000113,12.9637159998775,0 77.51756199958309,12.9637080004262,0 77.5177369998642,12.963705000116,0 77.5177709996611,12.9636749998718,0 77.51862799975849,12.963611999659,0 77.51862300014589,12.9635759999628,0 77.51901300012349,12.9635209996654,0 77.5190230001792,12.963596000386,0 77.51906200043879,12.9635880002013,0 77.5192570002103,12.9635559995526,0 77.5192610002412,12.9635809999575,0 77.5194059999029,12.9635510001553,0 77.5196479997085,12.9634959996234,0 77.5196310003592,12.9633899995658,0 77.5202209996489,12.9632830001266,0 77.52032400011591,12.9637429999891,0 77.5204889997302,12.963691000358,0 77.5204660001975,12.96341300029,0 77.5207729998196,12.9633809998327,0 77.5207900000439,12.963379000198,0 77.5208030000321,12.9633530003638,0 77.52081299987169,12.9633230000592,0 77.52081700038261,12.9632700001009,0 77.5208010003592,12.9631019999131,0 77.5207809999732,12.9629129999828,0 77.5207030003011,12.9623070003722,0 77.52063700006219,12.9617989998978,0 77.5206689997226,12.9617339997777,0 77.520731000458,12.9617810001924,0 77.5207619997414,12.9618000001589,0 77.5208389998273,12.9618009999487,0 77.5213450004278,12.9617699999445,0 77.5215180002659,12.9617600002675,0 77.5216110002735,12.961754000052,0 77.5218639998257,12.9617399996724,0 77.5219999996353,12.9617389999682,0 77.5220509997427,12.9617510000421,0 77.5221560000511,12.9618110001098,0 77.5222600000518,12.9619009999723,0 77.5223409999199,12.961981999939,0 77.5223519995499,12.9619910004312,0 77.5224009999809,12.9620309997075,0 77.5224310003442,12.9620580004171,0 77.5224709996793,12.9620820004293,0 77.52277399978659,12.9621660002598,0 77.52308799967111,12.9622259996212,0 77.5231410002748,12.9622470004112,0 77.5232820004306,12.9625540004064,0 77.52338499974169,12.9627989996442,0 77.5233960004267,12.9628239998025,0 77.52350600009299,12.9630730003507,0 77.52354599992221,12.9632150000872,0 77.5235919995546,12.9635179996268,0 77.5236330001527,12.9638170000187,0 77.5236410002158,12.9639730004445,0 77.52363100011409,12.9641039999479,0 77.5235709997998,12.9643480001283,0 77.5235270000225,12.9644849995821,0 77.52341499979821,12.9648140001974,0 77.5233499996922,12.9650240003087,0 77.52332800005421,12.9650950004141,0 77.523289000327,12.9652699996477,0 77.52324999986649,12.9654410000862,0 77.5232509998993,12.9655019997043,0 77.5232509998349,12.9655209998958,0 77.5232689996262,12.9656619995701,0 77.52330499965269,12.9657410004342,0 77.5233189997534,12.965771000255,0 77.5234100001057,12.965965000262,0 77.5234360000495,12.9660679996382,0 77.52347399973971,12.966264999964,0 77.5234939997386,12.9663699999942,0 77.5235239999582,12.966523999946,0 77.52358400020709,12.9668019997629,0 77.52360300017661,12.9668640002026,0 77.523668000364,12.9670439997848,0 77.52367599974281,12.9670739999454,0 77.5237559999679,12.9672820000968,0 77.5238089996337,12.9674229998478,0 77.5238580003651,12.9675440000899,0 77.523958999756,12.967726000257,0 77.5240990001347,12.9679940000538,0 77.52420199959489,12.9682030001141,0 77.52425299960829,12.9683080000721,0 77.5243989999167,12.9686140004395,0 77.5244609999515,12.9687529999316,0 77.52455700022981,12.9690329998133,0 77.5246120001934,12.969252999932,0 77.5246189997914,12.9693359996909,0 77.52463500012,12.9694979999576,0 77.524649000214,12.9696450001924,0 77.5246580004532,12.969907000411,0 77.5246599996362,12.9699690003364,0 77.5246809998409,12.9700190001463,0 77.52475399961391,12.9701909997971,0 77.52487700021589,12.9704830002325,0 77.5249609997923,12.9706799997771,0 77.524983999908,12.9707360000061,0 77.5250009996706,12.9707549995802,0 77.5251130002633,12.9707769998329,0 77.5251929995451,12.9707820000525,0 77.5252749999526,12.970781999941,0 77.52544199959971,12.9707529995783,0 77.52601800026309,12.9706059995615,0 77.52633900021731,12.9705240003339,0 77.5263820002063,12.9705149996611,0 77.5264470002714,12.9705060003307,0 77.52650799968799,12.970541000371,0 77.5265580001265,12.9706119996973,0 77.5266089999263,12.9707159996739,0 77.5266359995463,12.9707969998284,0 77.52667400027509,12.9709149998532,0 77.52671499963,12.9710889999136,0 77.5267779999065,12.9713520001415,0 77.5268170001103,12.9715060003175,0 77.5268500003326,12.9716320003643,0 77.5269330001381,12.9719550003945,0 77.5269430003348,12.9719800000384,0 77.52696199964871,12.9719919997468,0 77.52699600000609,12.9719899997809,0 77.52729299974629,12.9719460003711,0 77.5278929998006,12.9718540003942,0 77.5281590001363,12.9718119998704,0 77.5281799996344,12.9718190000751,0 77.52820499989311,12.9718330003772,0 77.5282259995503,12.9718680002265,0 77.5282740002056,12.9719589998164,0 77.5283829996041,12.9722049995621,0 77.52849599955741,12.9725130002604,0 77.5285699999479,12.9727450001216,0 77.52855600020951,12.972802000144,0 77.528551999714,12.9728200001526,0 77.52856900034109,12.9731159998985,0 77.52859000020889,12.9735250001131,0 77.5280170000301,12.9735280003891,0 77.52707899983309,12.9735449996769,0 77.52707800033789,12.9735130000864,0 77.5263250003235,12.9735220001323,0 77.5263259999241,12.9735479997445,0 77.526327000268,12.9736069997842,0 77.5263279999438,12.9736309999987,0 77.5259699995776,12.973691000006,0 77.52555799971211,12.9737559998031,0 77.5254649996937,12.9733530001972,0 77.52546100026559,12.9733360003344,0 77.52523400003069,12.9733850002766,0 77.525062000308,12.9734279999737,0 77.5250520000716,12.9734299997959,0 77.5247499997529,12.9735030002498,0 77.52435599963501,12.9736169997627,0 77.5238719996464,12.9737660002369,0 77.523508999667,12.9738769999505,0 77.52337400046351,12.9739160003744,0 77.52323700024159,12.973955000274,0 77.5232059996934,12.973963999766,0 77.522953999732,12.974037000166,0 77.5226330000264,12.974139000117,0 77.5226000000648,12.9741529998261,0 77.5225910000388,12.9741210000289,0 77.52245599969621,12.9741569995749,0 77.52236899996601,12.9741809996472,0 77.5223300000567,12.9741909999916,0 77.52223399974061,12.9739340000918,0 77.52176799970709,12.9740950003981,0 
						</coordinates>
					</LinearRing>
				</outerBoundaryIs>
			</Polygon>
		</Placemark>
	</Document>
	<Document>
		<name>Ward NO.128.kml</name>
		<StyleMap id="m_ylw-pushpin20">
			<Pair>
				<key>normal</key>
				<styleUrl>#s_ylw-pushpin20</styleUrl>
			</Pair>
			<Pair>
				<key>highlight</key>
				<styleUrl>#s_ylw-pushpin_hl20</styleUrl>
			</Pair>
		</StyleMap>
		<Style id="s_ylw-pushpin20">
			<IconStyle>
				<scale>1.1</scale>
				<Icon>
					<href>http://maps.google.com/mapfiles/kml/pushpin/ylw-pushpin.png</href>
				</Icon>
				<hotSpot x="20" y="2" xunits="pixels" yunits="pixels"/>
			</IconStyle>
			<LineStyle>
				<color>ffffff55</color>
				<width>3</width>
			</LineStyle>
			<PolyStyle>
				<fill>0</fill>
			</PolyStyle>
		</Style>
		<Style id="s_ylw-pushpin_hl20">
			<IconStyle>
				<scale>1.3</scale>
				<Icon>
					<href>http://maps.google.com/mapfiles/kml/pushpin/ylw-pushpin.png</href>
				</Icon>
				<hotSpot x="20" y="2" xunits="pixels" yunits="pixels"/>
			</IconStyle>
			<LineStyle>
				<color>ffffff55</color>
				<width>3</width>
			</LineStyle>
			<PolyStyle>
				<fill>0</fill>
			</PolyStyle>
		</Style>
		<Placemark>
			<name>Ward NO.128.kml</name>
			<styleUrl>#m_ylw-pushpin20</styleUrl>
			<Polygon>
				<tessellate>1</tessellate>
				<outerBoundaryIs>
					<LinearRing>
						<coordinates>
							77.52081299987169,12.9633230000592,0 77.5208030000321,12.9633530003638,0 77.5207900000439,12.963379000198,0 77.5207729998196,12.9633809998327,0 77.5204660001975,12.96341300029,0 77.5204889997302,12.963691000358,0 77.52032400011591,12.9637429999891,0 77.5202209996489,12.9632830001266,0 77.5196310003592,12.9633899995658,0 77.5196479997085,12.9634959996234,0 77.5194059999029,12.9635510001553,0 77.5192610002412,12.9635809999575,0 77.5192570002103,12.9635559995526,0 77.51906200043879,12.9635880002013,0 77.5190230001792,12.963596000386,0 77.51901300012349,12.9635209996654,0 77.51862300014589,12.9635759999628,0 77.51862799975849,12.963611999659,0 77.5177709996611,12.9636749998718,0 77.5177369998642,12.963705000116,0 77.51756199958309,12.9637080004262,0 77.5175040000113,12.9637159998775,0 77.5174580003824,12.9637220003761,0 77.5174579999083,12.9636680000423,0 77.517450000369,12.9632680002219,0 77.5176180001863,12.9627569998625,0 77.5176909999423,12.9623120000387,0 77.5176299996878,12.9620770003193,0 77.51756199994151,12.9620120000692,0 77.51676299970831,12.9619439998694,0 77.516243000166,12.9619579999731,0 77.5160599995788,12.9619130001586,0 77.51596299997421,12.9618099999812,0 77.5159130004205,12.9616879996142,0 77.5158769998185,12.960922999878,0 77.5157560004304,12.9604339996691,0 77.5156380001693,12.9601050001757,0 77.5155079995543,12.9600209999466,0 77.5153220002108,12.9597240001011,0 77.5153099995762,12.9596730004528,0 77.51529499972391,12.9596089997121,0 77.51509100039679,12.9593360002385,0 77.5148649999811,12.9588749997692,0 77.5148050002483,12.9586119999714,0 77.5147249995928,12.9583290004122,0 77.5146840001461,12.9580839996641,0 77.51462500032,12.9579619998828,0 77.514528000293,12.9578690003718,0 77.5144500001271,12.9577749996626,0 77.51436300025669,12.9577759997812,0 77.5141339999837,12.9579479998105,0 77.51358799967331,12.9582270002216,0 77.5132720000981,12.958343000326,0 77.5130120001331,12.9585699995628,0 77.5128709995935,12.9586680002621,0 77.51277499997261,12.9587629997548,0 77.5126609999071,12.9588680001885,0 77.51249900017559,12.9590400002651,0 77.5124229995609,12.959154000349,0 77.5122120000452,12.9592309998532,0 77.5120500004092,12.9593060003975,0 77.5119789999587,12.9593190000445,0 77.51196599970871,12.9593210002237,0 77.5118789996521,12.9593260002504,0 77.51180600027379,12.9593110001751,0 77.5117140001371,12.959269000161,0 77.5116929998044,12.959167000222,0 77.51176500043159,12.9587269999216,0 77.5120149996775,12.9585519999643,0 77.5120339995749,12.9584700004004,0 77.5119239999261,12.957529999655,0 77.5118530003419,12.9569189998156,0 77.511847000329,12.9568420001142,0 77.5117840003774,12.9558609997554,0 77.51198100013529,12.9552280004264,0 77.5121410003439,12.9548260004063,0 77.5121319999178,12.954653999892,0 77.5119490003534,12.9543579998928,0 77.5114629999965,12.9537819999246,0 77.5112680004425,12.9534470001719,0 77.51121099973351,12.9529650001678,0 77.5112230004251,12.9525920002688,0 77.51140700040069,12.9521239998797,0 77.5114670004519,12.9517710003138,0 77.5113709999271,12.9514029999417,0 77.5111390000438,12.950945999657,0 77.5110029997425,12.9501829997968,0 77.511065000069,12.9499710002301,0 77.51180700026489,12.9492870003349,0 77.5118330000039,12.9492639998162,0 77.5118890000913,12.9493440004389,0 77.5124139997514,12.9498490002187,0 77.5125539996766,12.9498699995531,0 77.5127999996199,12.9498470001664,0 77.5135150004174,12.9497299998316,0 77.51397799965859,12.9498069995968,0 77.51433700015571,12.9500119999946,0 77.51491199999229,12.950434000092,0 77.5153150002982,12.9508870001986,0 77.51573199998749,12.9515909998349,0 77.516170999765,12.9523279997664,0 77.5165069998562,12.9528879998867,0 77.51716599970089,12.9540740003246,0 77.51758099954721,12.954529999734,0 77.5179989997412,12.9549820001866,0 77.5182650002608,12.9552590002806,0 77.51837100007521,12.9554120002174,0 77.51842500006489,12.9556449996493,0 77.5184480000369,12.9558120003248,0 77.518499999987,12.9557910000547,0 77.5190810003929,12.9555510001691,0 77.51905000004589,12.9554619997524,0 77.5190319999043,12.9554040003835,0 77.51900200001241,12.9553150002144,0 77.5189809999742,12.9552520001638,0 77.51895099982011,12.955154999637,0 77.51892799993649,12.9550679998099,0 77.51889599997401,12.9549470004032,0 77.51886999999741,12.9548580003579,0 77.5188449996578,12.9547200001383,0 77.5188439995638,12.954716000151,0 77.51899600035441,12.9546809998044,0 77.5194540004353,12.9545759997275,0 77.519690999647,12.9545260001037,0 77.5197669998184,12.9541939999496,0 77.52003100005309,12.9534600000751,0 77.52012500044199,12.9532150001211,0 77.5203999998526,12.9525800004088,0 77.52056799992231,12.9522649998359,0 77.5207940004402,12.9519230001905,0 77.52096700006371,12.9517200001238,0 77.52116999967861,12.9514839999382,0 77.52145299970149,12.9511170000404,0 77.5214699996431,12.9510939999674,0 77.5217340000091,12.9507500003561,0 77.52175200042851,12.9507250002165,0 77.521935000079,12.9504749995986,0 77.5220049996974,12.95037799988,0 77.52225699970769,12.9500320002064,0 77.52250099986681,12.949697000055,0 77.5226960001455,12.949429999586,0 77.5227760001538,12.9494459998285,0 77.5228179999387,12.9494550001527,0 77.5231000000453,12.9495650000683,0 77.5231150002605,12.9495789996904,0 77.5232580002687,12.949568999961,0 77.52383300019859,12.9495300002773,0 77.5239490003372,12.9495129995725,0 77.5241050000391,12.9494810001749,0 77.5243299995754,12.9494280001742,0 77.52455100010761,12.9493770002041,0 77.524556000019,12.9493949996758,0 77.5245550000583,12.9494660003376,0 77.52442700028961,12.9495099997399,0 77.5242549998038,12.9495620002235,0 77.52414799967779,12.9495899995693,0 77.5241140003611,12.9496080001739,0 77.5241019997319,12.949634000267,0 77.5240969996497,12.9498619995941,0 77.52410100038681,12.9503790002105,0 77.5241040004184,12.9507969998732,0 77.52411799993671,12.9509420002426,0 77.5241879996592,12.9515759998264,0 77.52419099975251,12.951610000346,0 77.52418000000731,12.9516109995813,0 77.5242009995977,12.952055999635,0 77.5245359998858,12.952054999823,0 77.5248150003958,12.9520689999103,0 77.52516800026279,12.9520839997997,0 77.5254659997385,12.9520999995951,0 77.52548200043429,12.9522390001934,0 77.52548500027839,12.9522640002028,0 77.5255020001072,12.9524100003018,0 77.52550400003619,12.9524259996034,0 77.5255140001744,12.9525150001829,0 77.52551899975779,12.9525600001009,0 77.5255300002749,12.9526670000357,0 77.5255480000975,12.9528399999438,0 77.52556300020311,12.9529860004387,0 77.5258069995492,12.952968999685,0 77.5260000000826,12.9529309995646,0 77.5261740002835,12.9528959997471,0 77.5262069997483,12.9528900004013,0 77.5263910001553,12.9528539999725,0 77.5265610003773,12.9528210001675,0 77.5266870001884,12.9527999997828,0 77.5270180001275,12.9527419997014,0 77.5272600002242,12.952698999568,0 77.5273249997434,12.9526819996209,0 77.5273670003392,12.9528900001388,0 77.52737499969901,12.9529330003644,0 77.5274049995937,12.9530950001639,0 77.5274619997972,12.9533039997822,0 77.5275339997802,12.9535300000069,0 77.52756800013771,12.9536389999343,0 77.52763700005831,12.953866000448,0 77.5276969997267,12.9540619995923,0 77.527846000446,12.9544860002524,0 77.5279560003747,12.9548340002136,0 77.5280849999475,12.9552519995795,0 77.528320999641,12.955982999694,0 77.52862299987891,12.9569239996099,0 77.5284080001383,12.9571080000015,0 77.5281419997566,12.9573080000696,0 77.52804500013811,12.957366000152,0 77.52774799976351,12.957555000212,0 77.527546999622,12.9576789997156,0 77.5270079998275,12.9579570000068,0 77.52633899990801,12.9583000004235,0 77.5258279997712,12.9585340004317,0 77.52580600032429,12.9585430002026,0 77.52554400035859,12.9586500004275,0 77.5254820000257,12.9586750003402,0 77.52530400018961,12.9587549999447,0 77.52520900037131,12.9587880003763,0 77.5248820004562,12.9588910001677,0 77.52471599986259,12.9589319999934,0 77.52454700040479,12.9589609998724,0 77.52426699981091,12.9590019999461,0 77.5241790000662,12.9590140003388,0 77.52415399955849,12.9590170001625,0 77.5239220004183,12.95905899991,0 77.5236730003339,12.95908700041,0 77.5236409995756,12.9590910004392,0 77.5230409997104,12.9591589999803,0 77.5227999998733,12.9591869998403,0 77.5226489999197,12.9592019999583,0 77.52231700004511,12.9592339999961,0 77.52169400041259,12.9593000004375,0 77.52059100033109,12.9594819998272,0 77.5203510001721,12.9595200002279,0 77.5196120002947,12.9596320003479,0 77.5193669999566,12.9596750002758,0 77.51942899993951,12.9597730000531,0 77.5194829999301,12.9598240003494,0 77.5195800003892,12.9599060003472,0 77.5202640000217,12.960331999944,0 77.5203089999502,12.9603719996165,0 77.5203450003627,12.9604299997596,0 77.5203599996053,12.9605089995929,0 77.52037000007979,12.9606339998416,0 77.5203889995549,12.9608179997976,0 77.5203979999375,12.9608700002155,0 77.5204140000621,12.9609569997158,0 77.5205029998413,12.9612309998305,0 77.52050999969229,12.9612510001966,0 77.5205580002622,12.9614439998424,0 77.5205789995844,12.9615079997435,0 77.5206359997099,12.9616850000744,0 77.5206689997226,12.9617339997777,0 77.52063700006219,12.9617989998978,0 77.5207030003011,12.9623070003722,0 77.5207809999732,12.9629129999828,0 77.5208010003592,12.9631019999131,0 77.52081700038261,12.9632700001009,0 77.52081299987169,12.9633230000592,0 
						</coordinates>
					</LinearRing>
				</outerBoundaryIs>
			</Polygon>
		</Placemark>
	</Document>
	<Document>
		<name>Ward NO.129.kml</name>
		<StyleMap id="m_ylw-pushpin21">
			<Pair>
				<key>normal</key>
				<styleUrl>#s_ylw-pushpin21</styleUrl>
			</Pair>
			<Pair>
				<key>highlight</key>
				<styleUrl>#s_ylw-pushpin_hl21</styleUrl>
			</Pair>
		</StyleMap>
		<Style id="s_ylw-pushpin21">
			<IconStyle>
				<scale>1.1</scale>
				<Icon>
					<href>http://maps.google.com/mapfiles/kml/pushpin/ylw-pushpin.png</href>
				</Icon>
				<hotSpot x="20" y="2" xunits="pixels" yunits="pixels"/>
			</IconStyle>
			<LineStyle>
				<color>ffffff55</color>
				<width>3</width>
			</LineStyle>
			<PolyStyle>
				<fill>0</fill>
			</PolyStyle>
		</Style>
		<Style id="s_ylw-pushpin_hl21">
			<IconStyle>
				<scale>1.3</scale>
				<Icon>
					<href>http://maps.google.com/mapfiles/kml/pushpin/ylw-pushpin.png</href>
				</Icon>
				<hotSpot x="20" y="2" xunits="pixels" yunits="pixels"/>
			</IconStyle>
			<LineStyle>
				<color>ffffff55</color>
				<width>3</width>
			</LineStyle>
			<PolyStyle>
				<fill>0</fill>
			</PolyStyle>
		</Style>
		<Placemark>
			<name>Ward NO.129.kml</name>
			<styleUrl>#m_ylw-pushpin21</styleUrl>
			<Polygon>
				<tessellate>1</tessellate>
				<outerBoundaryIs>
					<LinearRing>
						<coordinates>
							77.5086589997856,12.9888160000742,0 77.5085830001651,12.9888780004197,0 77.5084399998611,12.9889269996295,0 77.50818800033019,12.9889659997271,0 77.5079320002276,12.9890060004306,0 77.50763400021241,12.9890519998259,0 77.5075499996361,12.9890649996442,0 77.5072580004083,12.9891440002732,0 77.50695699984909,12.9892210004127,0 77.5066539997966,12.9893070002125,0 77.5064380004024,12.9893680000515,0 77.50640499955909,12.989378000258,0 77.5059810004277,12.9895510001195,0 77.50583200027791,12.9895999999065,0 77.5057659997909,12.9896160004186,0 77.5053529996291,12.9898209997215,0 77.50477699977981,12.9900799998492,0 77.5046289997571,12.9901439999866,0 77.50449799965089,12.9901680003355,0 77.50420899994759,12.9901819998654,0 77.50403299960171,12.9901800003828,0 77.50378100017819,12.9901690000365,0 77.5035610002717,12.9901490003448,0 77.5033500000538,12.9901110002035,0 77.50317799999721,12.9900769996623,0 77.502905000121,12.9900160001029,0 77.50236000025259,12.9898390002797,0 77.5023009999634,12.9898199999051,0 77.5022730001396,12.9898109997985,0 77.5020480002796,12.9897299997467,0 77.5020070002691,12.9897160002174,0 77.5017689999859,12.989633000096,0 77.50173799992329,12.9896200001466,0 77.5015930001273,12.9895589995609,0 77.5015330003037,12.9895399995803,0 77.5012520003812,12.9894260003671,0 77.50092700042561,12.9893019999121,0 77.5000720002075,12.9889410001464,0 77.4999050001226,12.9889000003249,0 77.4993430002839,12.988876000118,0 77.4990560000181,12.9888760001103,0 77.4985139996695,12.9888550004442,0 77.4984569999296,12.9888500002895,0 77.4980790002471,12.9887899996047,0 77.4974029998598,12.9886350003293,0 77.4974169998632,12.9886379999667,0 77.4974010003524,12.988629999732,0 77.4971149999904,12.9885480002249,0 77.4957630000364,12.9881840004497,0 77.49540000035979,12.9880869996533,0 77.49452899982811,12.9878410001529,0 77.4938969999185,12.987671000425,0 77.4931900000385,12.9874799995561,0 77.4931529997296,12.987380000398,0 77.4930769998757,12.9869979998218,0 77.49310399956531,12.9869599998267,0 77.4939360002334,12.9867090003091,0 77.493898999967,12.9865660002247,0 77.4935520001692,12.986668999994,0 77.4934940003519,12.9865450004233,0 77.49301500017209,12.9867250001765,0 77.4929480004625,12.9862780003973,0 77.4928999998555,12.9861029997943,0 77.4927649999229,12.985966000125,0 77.49247300035719,12.9857960000021,0 77.49159400009481,12.9854450002799,0 77.4910790002312,12.9851540004027,0 77.4910310000989,12.9850079996971,0 77.4910139995589,12.9847839999572,0 77.4909589997077,12.9846420001518,0 77.4904359997884,12.9846990003612,0 77.4904349996777,12.9846309999063,0 77.4902009996228,12.9846340004353,0 77.49020000008861,12.9844979998499,0 77.4901990001626,12.9843589996472,0 77.490198000353,12.9843059999848,0 77.4901140001337,12.984304000449,0 77.4901130000307,12.9841879997329,0 77.49011200028581,12.984069999567,0 77.49011100044039,12.9840119999314,0 77.4900590004461,12.9838899998547,0 77.49000399992021,12.9837620003551,0 77.48997899983409,12.9837050004515,0 77.4899380003819,12.9836099999302,0 77.48989000011269,12.9834980002562,0 77.4897790002737,12.9834959999385,0 77.48967100021029,12.9834939997471,0 77.4896760000257,12.9832020001862,0 77.4896759997638,12.983027999583,0 77.4897900000431,12.9830250001776,0 77.4898739996181,12.9830230001038,0 77.48995699956519,12.9830209996416,0 77.49004100022761,12.9830180002325,0 77.49012499978301,12.9830160000782,0 77.4902090002531,12.9830139998881,0 77.4902929997955,12.98301199968,0 77.4904379998912,12.9830050004049,0 77.49050299977959,12.9829839999915,0 77.4905500002006,12.9829570002471,0 77.49063099980221,12.9828960003343,0 77.49068899963829,12.9828309996715,0 77.4907050003218,12.9827689999684,0 77.4907130003853,12.982707000142,0 77.49071700045199,12.9826539995595,0 77.4906969997399,12.9825840001507,0 77.4906939998241,12.9825740000533,0 77.4906670004296,12.9825229996431,0 77.4906119999869,12.9824169995784,0 77.4905900002891,12.9823730003476,0 77.49052700003701,12.9823059996847,0 77.49051100040511,12.9822590002482,0 77.49046300037941,12.9821140003354,0 77.4904179995652,12.9819780003395,0 77.4904080002692,12.9819479996656,0 77.4903669996077,12.981823999554,0 77.49031399971111,12.981840999859,0 77.49026199959209,12.9818570003393,0 77.49020899966879,12.9818739997219,0 77.4901559999159,12.9818899998222,0 77.49010399960051,12.9819070004507,0 77.49005099965041,12.9819239998049,0 77.4899990004096,12.9819400002298,0 77.4899339999604,12.9819600003094,0 77.48967400013851,12.9820120000838,0 77.4895989996316,12.9820330002816,0 77.48951500038611,12.9820560002678,0 77.489431000026,12.9820800004152,0 77.48933600019591,12.9821040001792,0 77.4892489996257,12.982124999571,0 77.4891539995433,12.9821450003826,0 77.4890749997264,12.9819770001897,0 77.4891509998191,12.9819459996552,0 77.4891170001986,12.981871999683,0 77.4890720000636,12.9817730003779,0 77.48902600034459,12.9816739997886,0 77.48917900015491,12.9816109998509,0 77.4891449996699,12.9815369998828,0 77.4890989999944,12.9814380002055,0 77.4890539999676,12.9813389999755,0 77.48912999989371,12.9813080003838,0 77.4890960004014,12.9812340003887,0 77.48905100042769,12.9811350001499,0 77.4890049999692,12.9810360004419,0 77.4891580003387,12.9809729996714,0 77.48913099994429,12.9809149996018,0 77.4890860000482,12.9808160002623,0 77.4890399996505,12.9807169996468,0 77.4889949998379,12.9806180002772,0 77.4889490002694,12.9805199997995,0 77.48887299962,12.9805510002128,0 77.4888270002985,12.9804520004282,0 77.4887509996374,12.9804829999015,0 77.4887290001892,12.9804919997905,0 77.4886999999753,12.980427999671,0 77.4884300000999,12.9798290000015,0 77.48837299980531,12.979689999868,0 77.4883190001683,12.9797139996726,0 77.4882720003214,12.9795969998047,0 77.4882400000467,12.9795209999945,0 77.48820900031561,12.9794449996349,0 77.48817799987521,12.9793680000021,0 77.488153000061,12.9793099995812,0 77.4882040000323,12.9789920002538,0 77.48827800001369,12.9787750000558,0 77.4884619998242,12.978474000121,0 77.48843099958491,12.978437000316,0 77.4886050001823,12.9782940000643,0 77.48910999972171,12.977837000365,0 77.4891789996401,12.9778830001525,0 77.4892469998033,12.9779299997264,0 77.48931599959219,12.9779769996452,0 77.4893850003354,12.9780240004353,0 77.4894540001726,12.9780710003077,0 77.4895230002098,12.9781169999799,0 77.4895920000951,12.9781639998059,0 77.4896610000045,12.9782109996088,0 77.48970700002199,12.9782420000078,0 77.4897280000049,12.978257000296,0 77.4897969997874,12.9783050002298,0 77.48986499999209,12.9783529997753,0 77.48992899959489,12.9783980000458,0 77.4900009995626,12.9784489997104,0 77.4900690000231,12.9784959999146,0 77.4901370003345,12.9785440002728,0 77.4901699996871,12.9785669999164,0 77.4902539999546,12.9785839996756,0 77.4903490000921,12.9786030000938,0 77.490368000088,12.9786070003889,0 77.49043699999019,12.9786130000076,0 77.4905210001662,12.978619999737,0 77.49060399982631,12.9786269999886,0 77.4906880000016,12.9786339996622,0 77.49077099966109,12.9786409998587,0 77.4908549998446,12.97864800038,0 77.4909380004156,12.9786549996091,0 77.4910219996773,12.9786620000835,0 77.4911050000875,12.9786700003368,0 77.4911890002611,12.9786769998432,0 77.49128799979459,12.9786850003177,0 77.491444999945,12.9786989997957,0 77.49151199973571,12.9787050002177,0 77.49159500031379,12.9787120001335,0 77.4916789995734,12.9787190003885,0 77.49176199998431,12.9787270004245,0 77.4918460001557,12.9787339997115,0 77.4919289998206,12.9787410004292,0 77.4920129998258,12.9787489998356,0 77.49202300005589,12.978640999982,0 77.49309500021469,12.978735000017,0 77.49309999990371,12.9786850003529,0 77.4931049997447,12.9786339996111,0 77.49313799981449,12.9786369998837,0 77.49317100031359,12.9783089998976,0 77.49320900012179,12.9782330000152,0 77.4932760002234,12.9781849997036,0 77.49337100027471,12.9781809995498,0 77.4934710002115,12.9781880002874,0 77.4934830002735,12.9777820003615,0 77.4934839999471,12.977736000003,0 77.4935340004134,12.9772609995754,0 77.4936320000734,12.9768229996589,0 77.4937019999914,12.9767829999299,0 77.49383200024199,12.9767709996382,0 77.4939420002889,12.9763650003575,0 77.49394100010549,12.9762830003376,0 77.4939449996772,12.9762239996937,0 77.4940879998119,12.9761660004317,0 77.4941409997404,12.9761449998143,0 77.4942209996601,12.9761120001405,0 77.49429399995471,12.9760829996138,0 77.49430000040159,12.9760819997047,0 77.4943449998428,12.9760730001622,0 77.4943830001645,12.9760650001652,0 77.4944369998741,12.9760539997556,0 77.49450699973841,12.9760409999923,0 77.4945619999439,12.9760299998986,0 77.4946100001187,12.9760200002651,0 77.4947080003782,12.9760010000273,0 77.4947380004205,12.9759979998971,0 77.4947889996231,12.9759920001542,0 77.4948820003611,12.975976999721,0 77.4949539999386,12.9759659999742,0 77.4950360001465,12.9759479997206,0 77.4950540003824,12.9759460001269,0 77.4951650003637,12.9759350001383,0 77.4952069995668,12.9759289999451,0 77.4952909996512,12.9759179996948,0 77.4953799996558,12.9759060000529,0 77.495341000343,12.9758279995514,0 77.4953169998218,12.9757829998999,0 77.4953129996578,12.9757770002155,0 77.4953119996204,12.9757740002631,0 77.4952610001815,12.9756760003401,0 77.4952120002466,12.9755819999685,0 77.4951810002762,12.9755230000085,0 77.49512800041209,12.9754219997476,0 77.4950749998401,12.9753200002065,0 77.49504399994321,12.9752610002174,0 77.49495699978731,12.9750949996501,0 77.49494299982619,12.975055999884,0 77.4949170004182,12.9749869998655,0 77.49487800019691,12.9748820000323,0 77.49487700032699,12.9748779999032,0 77.4948460002267,12.9747919997521,0 77.4948200001209,12.9747219995483,0 77.4947469999107,12.9745219996369,0 77.4947430000144,12.9743989997007,0 77.49474299971391,12.97437199958,0 77.49485100030699,12.9743609997047,0 77.4945909997253,12.9736100003004,0 77.4945759999822,12.9735390000535,0 77.4945369998526,12.9732820001375,0 77.49453700008461,12.9732520003932,0 77.4945480001588,12.972897000028,0 77.4948790000866,12.9728279997972,0 77.494674000261,12.9718269996425,0 77.4968379998201,12.971369999905,0 77.4967779999472,12.9710950003699,0 77.4967060000002,12.9707660001416,0 77.4966440001904,12.9704809999328,0 77.49652999975351,12.9699569998255,0 77.49677399978449,12.9700860002174,0 77.4970019999877,12.9701589998074,0 77.4971039996352,12.9701820003815,0 77.49733500012979,12.9702029999329,0 77.4977209997443,12.9702310002799,0 77.4980140000184,12.9702439997368,0 77.49805200006951,12.9702429996602,0 77.4981190004397,12.9702410000869,0 77.4981310000765,12.9702390001566,0 77.49824400044869,12.9702250003661,0 77.4983939995934,12.970184000188,0 77.498430999551,12.970174000005,0 77.4984039997527,12.9701469999601,0 77.498044999946,12.9697839997459,0 77.4980309996667,12.9697839995672,0 77.49794499998021,12.9697890004451,0 77.4977680004251,12.9693570002377,0 77.49747200040269,12.96851299959,0 77.49738199979829,12.9683880001953,0 77.4971450000893,12.9681219999132,0 77.49671100040921,12.9676869997926,0 77.49684600034951,12.9676420003184,0 77.4972119996945,12.9674779995711,0 77.4969199996162,12.9666090000019,0 77.49675999978589,12.9666760000341,0 77.4967139999098,12.9666260001082,0 77.496428000265,12.9658669995854,0 77.4963619996585,12.9655799999552,0 77.4963839997836,12.9653489995909,0 77.4964309995424,12.9651869998023,0 77.49651800016321,12.9650660000405,0 77.4966270000446,12.9650420000581,0 77.4966830002078,12.9650300001134,0 77.49675399965609,12.9649789995537,0 77.4969209995415,12.9648850002016,0 77.49694099960961,12.9647679997115,0 77.4967949998417,12.964499000196,0 77.49662999975629,12.9643699998914,0 77.49648100026771,12.9643820002181,0 77.4963279996247,12.9642520000444,0 77.49623500003391,12.9641730003726,0 77.49599000042861,12.9638520003064,0 77.4959709997424,12.9638310000403,0 77.49576700038671,12.9635260003867,0 77.4955700004452,12.9630570000209,0 77.49547799956849,12.9628200002292,0 77.49541399966181,12.9626549999917,0 77.49530800043181,12.9624220003618,0 77.4952679997305,12.9623340000678,0 77.49521300012999,12.9622100000183,0 77.4951019999498,12.9622030004038,0 77.4949470002809,12.9622389998635,0 77.4947110003834,12.9623589995688,0 77.4943220003513,12.9624440002164,0 77.4939960002788,12.9625650000964,0 77.4937069999518,12.9626120000155,0 77.49326699987959,12.9627379998489,0 77.49298100005289,12.9627610004342,0 77.49288500033749,12.9627620003643,0 77.49277200030321,12.9624230000275,0 77.4927549995564,12.9623729996528,0 77.49260699967699,12.9618010001608,0 77.49258899967739,12.9617500001204,0 77.49258399954731,12.9617379998347,0 77.4925410001636,12.9615269998974,0 77.4925300000388,12.9614740002299,0 77.4925039995416,12.9613489997451,0 77.4924770004512,12.9612189998115,0 77.49328199976929,12.9609389999751,0 77.4933539995743,12.9609139998649,0 77.4932119999376,12.9604980002115,0 77.49215099983419,12.9608269999038,0 77.49215000031219,12.9608270004382,0 77.49208900036091,12.9608180001163,0 77.4920890001642,12.9605690000182,0 77.4920769998068,12.9604240001423,0 77.4920910003803,12.9602209996206,0 77.4920099996546,12.9600509999776,0 77.4916800001477,12.9601609995554,0 77.49174099954961,12.9603439997117,0 77.4917919996827,12.9604990003096,0 77.4918859996355,12.9607820001247,0 77.4918209996591,12.9608090000477,0 77.491651999746,12.9608220000802,0 77.4915230000759,12.9608360004015,0 77.4913510003998,12.9608450002475,0 77.4910500000117,12.9608680000851,0 77.49087299982619,12.9608819995628,0 77.490749000424,12.9608909995755,0 77.49050199998609,12.9609099999898,0 77.490458000092,12.9609070003098,0 77.49043199963241,12.9609060004308,0 77.49006000008281,12.96088500028,0 77.4900339998064,12.9608830001827,0 77.4896970000396,12.9609119996676,0 77.4896469997783,12.9609159997459,0 77.4893920003927,12.9609380002628,0 77.4893449996141,12.9609419996077,0 77.4890859999699,12.9609650003183,0 77.488726999775,12.9609950004238,0 77.4882620001929,12.961034999572,0 77.4881729998901,12.9607419996976,0 77.48764699961301,12.9589900003525,0 77.4872980002922,12.9576679997079,0 77.487278999596,12.9575390001404,0 77.48720800007079,12.957000999793,0 77.48713299988501,12.9564060003041,0 77.4870759997213,12.9558610003383,0 77.4870639997112,12.955759000087,0 77.4870140000065,12.9555080000782,0 77.48671100028059,12.954098000017,0 77.4864289998698,12.9527169996749,0 77.48625399955969,12.9517860000698,0 77.48640600040071,12.9513730003289,0 77.4864099998692,12.9512520001179,0 77.4863579996134,12.9509280002447,0 77.48656800005899,12.9507859995741,0 77.4878220001149,12.9499359999029,0 77.4881009997669,12.9497419995732,0 77.4883870002822,12.9495510004413,0 77.48858600028341,12.9494180003888,0 77.4886279996732,12.9494049998404,0 77.4888359999631,12.9493420001745,0 77.48869200034891,12.9491069996035,0 77.4887100004194,12.9490879995592,0 77.4888830002087,12.9489789999198,0 77.4889419999581,12.9489429999919,0 77.4889739995921,12.9489219995528,0 77.48900499963131,12.9488969998192,0 77.48912400015151,12.9487940002077,0 77.4891309995692,12.948788000033,0 77.4891590000085,12.9487640002102,0 77.4892499999833,12.9486850003819,0 77.4892719997423,12.9486660000427,0 77.48935699971329,12.9485929998514,0 77.4893770000991,12.9485759999905,0 77.4894579996437,12.9485059996807,0 77.48950799975,12.9484630003841,0 77.4895380003904,12.9484370000391,0 77.48963999987279,12.9483490000288,0 77.48976400009199,12.948241000339,0 77.4897950001604,12.9482150003609,0 77.489832000123,12.9481829998056,0 77.4898850000466,12.9481370001718,0 77.48992999996371,12.9480979996175,0 77.49000800017561,12.9480310003727,0 77.49009799992621,12.947953000133,0 77.49017999965611,12.9478819998675,0 77.4902509996341,12.9478199996936,0 77.49032400037871,12.9477580002598,0 77.4903880000079,12.9477020002657,0 77.4905159997007,12.9475919996898,0 77.4905320004479,12.9475829996548,0 77.4904759996648,12.9473900003384,0 77.4904949996774,12.947385999627,0 77.4906970003981,12.9473719997678,0 77.4907129998317,12.9474730001615,0 77.49072299960019,12.947531999903,0 77.4907270001446,12.9475419995635,0 77.49072900002371,12.9475420003229,0 77.4912160003479,12.9475520001247,0 77.49159900030349,12.9475600002604,0 77.49162099960201,12.9475609996732,0 77.49171199992981,12.9475550002589,0 77.4919799999638,12.9475650003621,0 77.4923430001151,12.9475780000094,0 77.4925969999061,12.9475839998738,0 77.4926630001995,12.9475840000124,0 77.49299600042571,12.947577000353,0 77.49331200029179,12.9475700003232,0 77.4936209998888,12.9475640002238,0 77.49467800014069,12.9474459996915,0 77.495953000311,12.9473120001769,0 77.49640900044839,12.9472999997523,0 77.4967430000673,12.9472909999091,0 77.4967690001033,12.9473500003517,0 77.49685399980341,12.9473470002673,0 77.4970040003346,12.947337000348,0 77.49704700016051,12.9473339997393,0 77.49708499988,12.9473310000615,0 77.497129000096,12.9473279997907,0 77.49712799974191,12.9473170002587,0 77.4971790000934,12.9473129995786,0 77.49722900006491,12.9473090003451,0 77.4972689996322,12.9473060004478,0 77.49735399996089,12.9472990004138,0 77.4974030004383,12.9472949998857,0 77.4974329997743,12.9472920000441,0 77.4974550002529,12.9472910004151,0 77.4974620003895,12.9472900000052,0 77.4974840001135,12.9472880002093,0 77.4975440004431,12.9472829997569,0 77.4975570001621,12.9472819996598,0 77.49757600038519,12.9472809998677,0 77.49763799965319,12.9472760001102,0 77.4976879995844,12.9472719998878,0 77.4978299999274,12.9472599999576,0 77.49787399960189,12.9472710001624,0 77.49793000002219,12.9472670001932,0 77.49798499987941,12.9472640000376,0 77.4980419995904,12.9472609996708,0 77.49810199972229,12.9472570001692,0 77.49815699956839,12.947253999978,0 77.49822100032669,12.9472500000393,0 77.498288000409,12.9472460002388,0 77.4983579998059,12.9472419996708,0 77.49853599999309,12.9472260004345,0 77.49886700016449,12.947100999619,0 77.500702999574,12.9466400002265,0 77.50012299996359,12.9443029997686,0 77.5001200001316,12.9442719997842,0 77.4996939998029,12.9444140003485,0 77.49938300042641,12.9445309999117,0 77.49918300025671,12.9446039996438,0 77.49888499980079,12.9447150003998,0 77.4983310001777,12.9449200002204,0 77.49832299989239,12.9448869998899,0 77.4979719997324,12.9440820001457,0 77.4974739999098,12.9442680001024,0 77.4974469999362,12.944175999988,0 77.4974390002605,12.9441350000304,0 77.49739999963209,12.9440259999484,0 77.49734199984449,12.9440420001227,0 77.49728500041969,12.9440579997346,0 77.49723199988691,12.9439290002168,0 77.49722399973891,12.9438909998617,0 77.4971759997829,12.9437699998606,0 77.4971329999769,12.9436539997761,0 77.4971200000563,12.9436200001208,0 77.49705900044199,12.9434590002869,0 77.4970389999404,12.9434079997156,0 77.4970270004297,12.9433740004044,0 77.49698100036279,12.9432540003152,0 77.4969469999631,12.9431620003012,0 77.4969500004385,12.9431710002114,0 77.4969420000071,12.9431510002283,0 77.4969369996484,12.9431369996421,0 77.4969000003606,12.9430429999924,0 77.4968650003559,12.942946999808,0 77.496851999776,12.942911999959,0 77.49681499964601,12.9428180002927,0 77.49674900022769,12.9428369997434,0 77.49666699965719,12.9428600004535,0 77.4965990003858,12.9428790000531,0 77.4965259996202,12.9426450002548,0 77.49645200038201,12.9424950000844,0 77.4963779999058,12.9423110003389,0 77.49600000011991,12.9424359999903,0 77.4959830002676,12.9424410001149,0 77.4959130003917,12.9422690000814,0 77.49588600004689,12.9421430000998,0 77.49585799967829,12.9420820001583,0 77.495791999682,12.9420380001868,0 77.4957509996697,12.9420150002738,0 77.49572999970979,12.9419920003989,0 77.4956770001989,12.941818999928,0 77.4959449998687,12.9417060000839,0 77.49626300007129,12.9415420002469,0 77.4975800002144,12.9408619997323,0 77.4974449999298,12.9405489996813,0 77.49717999978201,12.9399219998935,0 77.4972110001314,12.9398369999991,0 77.49749600021499,12.9396449996665,0 77.4982290000769,12.9391390001748,0 77.4992840003929,12.9384369997306,0 77.4994320001754,12.9383059996503,0 77.4996369998841,12.9378930002941,0 77.4993979995845,12.9369060004094,0 77.4990869996775,12.9356850002421,0 77.49911800022549,12.9356740003242,0 77.49997999999751,12.9353889996613,0 77.4999649998787,12.9352989998,0 77.499927999772,12.9350880004386,0 77.4998939996602,12.9348889996483,0 77.49985699990479,12.9346770000765,0 77.49982100007421,12.9344680004487,0 77.4998059999519,12.9343789998211,0 77.4997869996462,12.9342670001722,0 77.4997660004572,12.9341499998493,0 77.4997540001913,12.9340789997354,0 77.49974499989921,12.934024999973,0 77.4997149999232,12.9338520004382,0 77.4996860000614,12.9336859997306,0 77.4996769998137,12.9336319999592,0 77.4996580004358,12.9335210004381,0 77.49964200033099,12.9334310001537,0 77.49962800005289,12.9333459996253,0 77.4996140002026,12.9332639996031,0 77.49959599970281,12.9331620001638,0 77.499580999833,12.9330730003897,0 77.4995669998509,12.9329919996272,0 77.49955100019631,12.9328999998798,0 77.4995329995965,12.9327989996935,0 77.4995240001998,12.9327460000656,0 77.49944699981749,12.9323010003852,0 77.4994049997363,12.9322639998709,0 77.4993540002054,12.9320789996887,0 77.4993159998278,12.9320570004399,0 77.4992799998732,12.9318770001112,0 77.4993160003656,12.9318199995731,0 77.4993890003463,12.9317880002565,0 77.4993289996354,12.9315619997571,0 77.4992769999123,12.9313250001858,0 77.4992500003592,12.9311820003447,0 77.49921000034369,12.9310230003309,0 77.4991500000873,12.9306969997258,0 77.4990969996277,12.9307069996171,0 77.49862699959441,12.9308060004084,0 77.4986590003669,12.929866999565,0 77.49856200024369,12.9291970001691,0 77.49857199975089,12.9282279996671,0 77.4985799998521,12.9275070004277,0 77.498835999996,12.9262170004462,0 77.49888299965031,12.9260320001176,0 77.4989749999275,12.9259710003752,0 77.4990189995505,12.9259090002317,0 77.4992829995436,12.9254599995911,0 77.49933200005221,12.9253490000314,0 77.5002569998958,12.926178000098,0 77.50051199974661,12.9263720004274,0 77.5009170001762,12.9266820002345,0 77.5017550000414,12.9272280000905,0 77.5021819995694,12.9274620003609,0 77.5024400000474,12.9277019999095,0 77.50281600001961,12.9281450002463,0 77.5033139996746,12.9287559996548,0 77.5034970001756,12.9289330001702,0 77.5037589996832,12.9290940004343,0 77.5040290001656,12.9292019995915,0 77.5045920002683,12.9293189998558,0 77.50473600032289,12.9293609995658,0 77.5052369996974,12.9295760001106,0 77.5054029999944,12.9296820003287,0 77.5055400002111,12.9297960001907,0 77.5057480003652,12.9300799996412,0 77.5058760000893,12.930279999779,0 77.50605299989699,12.9306990002103,0 77.5062699999996,12.9310760003108,0 77.5063400001776,12.9311839998751,0 77.5065160001764,12.9312930002006,0 77.50665199979331,12.9314059996385,0 77.5067869999656,12.9315010001747,0 77.50740199962991,12.9318900002751,0 77.5080489998936,12.9323090003194,0 77.50815899953921,12.9323959996061,0 77.5084549999801,12.9326359998739,0 77.5088970002782,12.9330290001865,0 77.5091970001032,12.9333079998158,0 77.50940199962869,12.9334769996101,0 77.5098529998524,12.9338450001275,0 77.5106060002398,12.9344769997779,0 77.5106750004113,12.9345250001994,0 77.5109369997527,12.9347219999481,0 77.5110309999399,12.93479300001,0 77.5113440002366,12.9349670004379,0 77.5117659996547,12.9351689995761,0 77.51190300003159,12.9352150002382,0 77.5120459995513,12.9352620001127,0 77.51234899985241,12.9353629995697,0 77.5124450004021,12.9353870001252,0 77.512969000314,12.9355319997998,0 77.5130650002542,12.9355539997871,0 77.5137900004151,12.9357559995914,0 77.5137559998675,12.9358319998853,0 77.5134620002088,12.9364900000148,0 77.51323699970629,12.9368399999393,0 77.5131419995982,12.9369630003343,0 77.5129720001343,12.9371790004171,0 77.5129700002572,12.9371799999762,0 77.512885999717,12.9372409999323,0 77.5128379998614,12.9373059996047,0 77.5128360003348,12.9373679999875,0 77.51277600022679,12.9381680001493,0 77.5127769995523,12.9382249997335,0 77.5127979998859,12.9382689996043,0 77.5128480000934,12.9383289999289,0 77.5128979998368,12.9383610002373,0 77.51296399956919,12.938392999911,0 77.51316599986789,12.9384190004472,0 77.51329000030201,12.9384180002916,0 77.5135209995551,12.9384519996564,0 77.51369899956499,12.9385310002485,0 77.5137289996043,12.9386490001425,0 77.513942999992,12.9388900002156,0 77.5141669999782,12.9392809999806,0 77.51430399970749,12.9394169998007,0 77.51464500038639,12.9397890004318,0 77.5146869997949,12.9398719998147,0 77.5146990003345,12.9402030003338,0 77.51466800038069,12.9403090001354,0 77.5145719999458,12.940456000174,0 77.5145040003146,12.9405049998916,0 77.5144879998017,12.9407259999324,0 77.51455299963909,12.9408659998083,0 77.5146839995618,12.941211000231,0 77.5147259997311,12.9415279999746,0 77.5147090003302,12.9418349999081,0 77.51475999989189,12.9419700002049,0 77.5148579996541,12.9420170000334,0 77.51504500028931,12.9420250003645,0 77.5153779996796,12.942068999623,0 77.5154740001892,12.9421210003102,0 77.5155260002966,12.9421489998491,0 77.5155879998141,12.9421820003396,0 77.5157659998934,12.9424409995962,0 77.5158670004094,12.9426339995904,0 77.515903000289,12.9430929998342,0 77.51592799985031,12.9433580003621,0 77.5161909996453,12.9439909996294,0 77.51628199967919,12.9440959996339,0 77.5163859998663,12.9441439996353,0 77.5165840004021,12.9441329995722,0 77.516759000272,12.944068999856,0 77.51684000001841,12.9440820002976,0 77.51684400045581,12.9440829997687,0 77.51688600044319,12.9440989996456,0 77.5169440001883,12.9441210004395,0 77.5169940001164,12.9441690003816,0 77.5170309996296,12.9442299996349,0 77.51705899991251,12.944327000245,0 77.5170290003276,12.9444820001197,0 77.5169679995749,12.944645999979,0 77.5167320000842,12.9448959995951,0 77.516324999929,12.9451819999605,0 77.51599899991599,12.9454809995692,0 77.5157870002807,12.9458539996866,0 77.5153770002168,12.9463439999499,0 77.5150069997362,12.9468260000673,0 77.514666000367,12.9470349998165,0 77.51389800004991,12.9473570004259,0 77.51337600026039,12.9475980001626,0 77.512932999667,12.9478080000644,0 77.5128229999094,12.9479980001656,0 77.51285700036431,12.9481500002862,0 77.5128689997816,12.9483279999438,0 77.5128649999359,12.9484589999809,0 77.5127699996941,12.948575999984,0 77.5125640004246,12.9487560000612,0 77.5122150003174,12.9489910001331,0 77.5119920003489,12.9491270004086,0 77.5118449997201,12.9492419998226,0 77.5118330000039,12.9492639998162,0 77.51180700026489,12.9492870003349,0 77.511065000069,12.9499710002301,0 77.5110029997425,12.9501829997968,0 77.5111390000438,12.950945999657,0 77.5113709999271,12.9514029999417,0 77.5114670004519,12.9517710003138,0 77.51140700040069,12.9521239998797,0 77.5112230004251,12.9525920002688,0 77.51121099973351,12.9529650001678,0 77.5112680004425,12.9534470001719,0 77.5114629999965,12.9537819999246,0 77.5119490003534,12.9543579998928,0 77.5121319999178,12.954653999892,0 77.5121410003439,12.9548260004063,0 77.51198100013529,12.9552280004264,0 77.5117840003774,12.9558609997554,0 77.511847000329,12.9568420001142,0 77.5118530003419,12.9569189998156,0 77.5119239999261,12.957529999655,0 77.5120339995749,12.9584700004004,0 77.5120149996775,12.9585519999643,0 77.51176500043159,12.9587269999216,0 77.5116929998044,12.959167000222,0 77.5117140001371,12.959269000161,0 77.51180600027379,12.9593110001751,0 77.5118789996521,12.9593260002504,0 77.51196599970871,12.9593210002237,0 77.5119789999587,12.9593190000445,0 77.5120500004092,12.9593060003975,0 77.5122120000452,12.9592309998532,0 77.5124229995609,12.959154000349,0 77.51249900017559,12.9590400002651,0 77.5126609999071,12.9588680001885,0 77.51277499997261,12.9587629997548,0 77.5128709995935,12.9586680002621,0 77.5130120001331,12.9585699995628,0 77.5132720000981,12.958343000326,0 77.51358799967331,12.9582270002216,0 77.5141339999837,12.9579479998105,0 77.51436300025669,12.9577759997812,0 77.5144500001271,12.9577749996626,0 77.514528000293,12.9578690003718,0 77.51462500032,12.9579619998828,0 77.5146840001461,12.9580839996641,0 77.5147249995928,12.9583290004122,0 77.5148050002483,12.9586119999714,0 77.5148649999811,12.9588749997692,0 77.51509100039679,12.9593360002385,0 77.51529499972391,12.9596089997121,0 77.5153099995762,12.9596730004528,0 77.5150309997794,12.9598289995514,0 77.51497400008751,12.959850999895,0 77.5148519999937,12.9598950001424,0 77.5145529996168,12.9600069998236,0 77.5142099996049,12.9601360004377,0 77.5141920004164,12.9601430001191,0 77.51398200034529,12.9602209997457,0 77.5129839996259,12.9605949997666,0 77.5126720003319,12.9607120000823,0 77.5126270003194,12.9607289998962,0 77.51208899957631,12.9609330004278,0 77.51157599986981,12.9610610003985,0 77.5113810001518,12.9611090004023,0 77.5109070001901,12.9611379999157,0 77.5108349997593,12.9611319996001,0 77.5105170004236,12.9611009999175,0 77.5102670002056,12.9610720003229,0 77.50993700025241,12.9610239999418,0 77.5095020003269,12.9609609997944,0 77.5091220002779,12.9609089999586,0 77.5087209996251,12.9608550001342,0 77.50870399978849,12.9608530001163,0 77.5082839997613,12.9607940002759,0 77.50773500029941,12.9607209997348,0 77.5074209998882,12.9606769997146,0 77.50707900041461,12.9606310002988,0 77.5070709999185,12.9606290002287,0 77.5066769998982,12.9605750001382,0 77.50663400036289,12.9605680001605,0 77.50611700036509,12.9604890004079,0 77.5060819996129,12.9604830002869,0 77.5057139997695,12.9604170002426,0 77.5056899999048,12.9604130002105,0 77.5053579999677,12.9603710003939,0 77.5052050000386,12.9603509996041,0 77.50471399969869,12.960351000116,0 77.5043530003687,12.9604250000235,0 77.5043570001513,12.9604400001745,0 77.5043670001979,12.9604800000575,0 77.5044840002099,12.9608440000529,0 77.5047400001199,12.9616370002367,0 77.50476899961809,12.9617620002924,0 77.5049729996182,12.962629000283,0 77.50502299981019,12.9628830001876,0 77.5050459996805,12.9630159995932,0 77.5051310000694,12.9635190000871,0 77.5050099999843,12.9640139998702,0 77.50491299982799,12.9643310003016,0 77.5048980004397,12.9644910003992,0 77.5048559995992,12.9649300002966,0 77.5048570001144,12.9650609996974,0 77.5048600002511,12.965576000023,0 77.50491900036189,12.9659310003606,0 77.50503000022741,12.9664459999117,0 77.5050699996813,12.9665399998791,0 77.5053330003069,12.9671580000647,0 77.5056319999876,12.9678289996824,0 77.5057619998516,12.9681210001028,0 77.50590399983921,12.9684390002215,0 77.5060380004594,12.9687390002047,0 77.50617100030171,12.969037000335,0 77.50619999977189,12.9691030001455,0 77.50628700009,12.9693249998496,0 77.50639099984519,12.9695910001391,0 77.506480999801,12.9698239997208,0 77.5065199996055,12.969921999607,0 77.5066489996744,12.9702540000093,0 77.5066680003381,12.9703030002219,0 77.50673900033161,12.970486000142,0 77.50681000023999,12.970589999732,0 77.50681399962789,12.9705960001187,0 77.5071350003136,12.9710680003394,0 77.5072099998755,12.9711790002983,0 77.5075839998683,12.9717280000923,0 77.50777600040431,12.9720299997622,0 77.5083890004441,12.9729930003817,0 77.50868300033549,12.9734800002263,0 77.50898400000391,12.9739789998917,0 77.5091329998593,12.974226000025,0 77.5091589999475,12.9742779997155,0 77.5095260000918,12.9751099999313,0 77.5095690002036,12.9752389997139,0 77.50968899970761,12.9756019997467,0 77.5100100000332,12.9765739998405,0 77.51034800042071,12.9780599998243,0 77.5107229998135,12.9796739996389,0 77.5107399997094,12.9797299998338,0 77.5109830000106,12.980523999842,0 77.5109849999713,12.9805769998597,0 77.51099799999641,12.9810120000113,0 77.5110229996635,12.9818139999296,0 77.5110300002375,12.9825480001635,0 77.51103199962679,12.9827660003955,0 77.5109780004405,12.9829169996946,0 77.51085099955711,12.9832789999551,0 77.5107929999521,12.983596999609,0 77.5107649999955,12.9837529996877,0 77.5107640003845,12.9837740000618,0 77.5107459997208,12.9841340003714,0 77.51074699982939,12.9843379999052,0 77.5107479998852,12.9845219998463,0 77.5107539999625,12.9845679998386,0 77.51077500010869,12.9847150002757,0 77.5107789996963,12.9847439997051,0 77.5108259998031,12.9848709995873,0 77.5108840000196,12.9849799996004,0 77.51095499962329,12.985112999788,0 77.5112430002257,12.9854589995601,0 77.5113300000604,12.9855640003925,0 77.51144399998149,12.9857750001779,0 77.5117520000169,12.986344000373,0 77.5118150001941,12.9865190001668,0 77.51198799982581,12.9870590001428,0 77.51204800034979,12.9873639998112,0 77.5121459999481,12.9877920003131,0 77.512170999841,12.9879760001516,0 77.51128099982429,12.9882710000677,0 77.5111809996497,12.9883039998273,0 77.5109390002315,12.9883259997123,0 77.51075499971409,12.9882990002058,0 77.5102899999407,12.9881299998883,0 77.51010900031081,12.9880919998427,0 77.51005699962271,12.9880809999685,0 77.5097370004333,12.9880560002875,0 77.50960999988381,12.9880699997488,0 77.50931100041259,12.9881030002605,0 77.50926199976359,12.9881399997531,0 77.5091460002167,12.9882280004335,0 77.5089229999914,12.9884970002388,0 77.5086589997856,12.9888160000742,0 
						</coordinates>
					</LinearRing>
				</outerBoundaryIs>
			</Polygon>
		</Placemark>
	</Document>
	<Document>
		<name>Ward NO.130.kml</name>
		<StyleMap id="m_ylw-pushpin22">
			<Pair>
				<key>normal</key>
				<styleUrl>#s_ylw-pushpin22</styleUrl>
			</Pair>
			<Pair>
				<key>highlight</key>
				<styleUrl>#s_ylw-pushpin_hl22</styleUrl>
			</Pair>
		</StyleMap>
		<Style id="s_ylw-pushpin22">
			<IconStyle>
				<scale>1.1</scale>
				<Icon>
					<href>http://maps.google.com/mapfiles/kml/pushpin/ylw-pushpin.png</href>
				</Icon>
				<hotSpot x="20" y="2" xunits="pixels" yunits="pixels"/>
			</IconStyle>
			<LineStyle>
				<color>ffffff55</color>
				<width>3</width>
			</LineStyle>
			<PolyStyle>
				<fill>0</fill>
			</PolyStyle>
		</Style>
		<Style id="s_ylw-pushpin_hl22">
			<IconStyle>
				<scale>1.3</scale>
				<Icon>
					<href>http://maps.google.com/mapfiles/kml/pushpin/ylw-pushpin.png</href>
				</Icon>
				<hotSpot x="20" y="2" xunits="pixels" yunits="pixels"/>
			</IconStyle>
			<LineStyle>
				<color>ffffff55</color>
				<width>3</width>
			</LineStyle>
			<PolyStyle>
				<fill>0</fill>
			</PolyStyle>
		</Style>
		<Placemark>
			<name>Ward NO.130.kml</name>
			<styleUrl>#m_ylw-pushpin22</styleUrl>
			<Polygon>
				<tessellate>1</tessellate>
				<outerBoundaryIs>
					<LinearRing>
						<coordinates>
							77.4868779996583,12.9662840002631,0 77.48685999954969,12.9662880004401,0 77.4865799996754,12.9663750003111,0 77.48630499974379,12.9664359999069,0 77.48598100004141,12.9665120002446,0 77.48593800032791,12.966528000118,0 77.48571700033639,12.9665729998786,0 77.4854129996955,12.9666209995648,0 77.4853730002062,12.9666289999842,0 77.4851310002733,12.9666819998179,0 77.484931999739,12.9667249999005,0 77.4848119997835,12.9667419996951,0 77.48453000018939,12.9667930002612,0 77.48405799983669,12.966874999556,0 77.4837240002317,12.9669369998875,0 77.48337000038229,12.9670060004275,0 77.48284000010089,12.967090000437,0 77.48278899955621,12.967102999751,0 77.48245499964931,12.9672309996462,0 77.4823310002773,12.9672849998454,0 77.48150299958439,12.967890000173,0 77.4813190000058,12.9679230001305,0 77.4802060001583,12.9681549998777,0 77.4800869996245,12.9681830000743,0 77.47747500032121,12.9687350003926,0 77.4746800003802,12.9693290002423,0 77.4746180002348,12.9692530003451,0 77.4744509997105,12.9688540003008,0 77.4744310002078,12.9688080003541,0 77.4744119998459,12.9687599995642,0 77.4743020003842,12.9684250003471,0 77.4742890003939,12.9683839997929,0 77.4742760002944,12.9683359997412,0 77.4751099996285,12.9681650003435,0 77.47496500043781,12.9676850003242,0 77.47493000017531,12.9675669996176,0 77.4749249995623,12.9675520001246,0 77.4748950001581,12.9674520003586,0 77.4748569998068,12.9673250002907,0 77.474825000289,12.9672180001586,0 77.4747880004586,12.9670950003292,0 77.4747529999232,12.9669789999407,0 77.47472700011861,12.9668929999293,0 77.47468599982039,12.966756999555,0 77.4746659996612,12.9666919996828,0 77.4746450002655,12.9666220002481,0 77.4746280002848,12.9665659997127,0 77.4746140000489,12.966516999958,0 77.47459399969389,12.9664530002609,0 77.47456500036451,12.9663559995841,0 77.4745629997102,12.9663509996093,0 77.4737030001228,12.96650799963,0 77.4732560000064,12.9665930001722,0 77.4732930002026,12.9664730000766,0 77.47326400024519,12.9660839996488,0 77.4731039997672,12.9656489996451,0 77.4731519997539,12.9656420002169,0 77.47324899968071,12.9656300003371,0 77.47323599984369,12.9655789996026,0 77.4731709996428,12.9647970002275,0 77.4731939999707,12.9632340002604,0 77.4732400000433,12.9632320000549,0 77.4732290000442,12.9630919997537,0 77.47333200029679,12.963086000132,0 77.4733259996715,12.9629829999195,0 77.47345200003591,12.9629789998063,0 77.47343299977319,12.9627850003971,0 77.473458999576,12.9627829995949,0 77.47360600024081,12.9627690003641,0 77.4736000000207,12.962675000047,0 77.47358800022469,12.9625210003437,0 77.4737150003826,12.962515000206,0 77.4737040002998,12.9623309998601,0 77.4740300002737,12.9622920003113,0 77.474008999821,12.9619219997743,0 77.4741720002218,12.9619180000869,0 77.47415899957061,12.9617500001272,0 77.4742909996737,12.9617479999791,0 77.4742640003587,12.9614790004009,0 77.47455200013491,12.961471999852,0 77.47454299974621,12.9613169995796,0 77.47457699999291,12.9613200003666,0 77.474671999696,12.9613089995744,0 77.4746769999873,12.9613540001814,0 77.4746839996232,12.9614089999075,0 77.47479299998029,12.9614029997065,0 77.4747919999535,12.9613679999804,0 77.4747910001753,12.9613320000655,0 77.47478900043571,12.9612940002497,0 77.47478599993551,12.9611869997977,0 77.4748769997411,12.9611789995809,0 77.4748279995904,12.9606790000204,0 77.47512300031261,12.9606509999047,0 77.4750440000326,12.9600070004459,0 77.474937999669,12.960020999819,0 77.47492600007,12.9599200002089,0 77.4749150003081,12.9598509997658,0 77.47490700044661,12.9597990001715,0 77.47489799961841,12.9597380002831,0 77.474890999642,12.9596920004311,0 77.4748819999147,12.9596340001857,0 77.4747529997574,12.9596499998345,0 77.47474300027871,12.9595819999889,0 77.4747300002733,12.959496000009,0 77.4747190001015,12.9594179996752,0 77.4746959996112,12.9594260002562,0 77.4746720002439,12.9594349996749,0 77.4744210003997,12.9588250001543,0 77.4743030000639,12.958869999772,0 77.47409099958131,12.9583489998469,0 77.4740860001269,12.9583380001228,0 77.4740760001351,12.9583130001231,0 77.4740660003,12.9582909997788,0 77.47376500018601,12.9576100001543,0 77.4733299998918,12.9577619997105,0 77.47330199962759,12.9577000001784,0 77.4732360004587,12.9567699998969,0 77.4728150004012,12.9567999996941,0 77.4727270001453,12.9568059998838,0 77.4726459996434,12.9554560000582,0 77.4719459998703,12.9554730000972,0 77.4719480004391,12.9554289999094,0 77.4719479996011,12.9553870001237,0 77.47188299989099,12.9545120002015,0 77.47185400038011,12.9544209998685,0 77.4718140003949,12.9539960001986,0 77.47157099988139,12.9540019999957,0 77.4715649998503,12.9539270002934,0 77.4714979996665,12.9535030002819,0 77.4714510001365,12.9531099996933,0 77.47142800027299,12.9526959995645,0 77.4713840004533,12.9522800004169,0 77.471380999817,12.9522399996323,0 77.4713770002912,12.9522079999008,0 77.47135299988889,12.9519940000816,0 77.47148499973611,12.9519920004295,0 77.4728769998088,12.9519710004468,0 77.4728179999782,12.9519099997516,0 77.4727329998793,12.9517770000983,0 77.4728259997831,12.9517179996826,0 77.4726979999292,12.9511750002709,0 77.47257900027959,12.9507209998005,0 77.4723909996968,12.9499610000044,0 77.47225000008579,12.9493959999494,0 77.47582899973339,12.9485980004241,0 77.47687499988361,12.9483549996712,0 77.4775469996633,12.9482010002781,0 77.47755200035679,12.9481469996394,0 77.47750399973521,12.9480670003407,0 77.4774510004393,12.9479179996254,0 77.4774960003754,12.9479029999267,0 77.4785999998129,12.9476910001621,0 77.4784450001265,12.9468250000012,0 77.4800229999138,12.9467279995812,0 77.4797140001302,12.9465189998586,0 77.47945999966559,12.9461199997326,0 77.4794440002957,12.9460339997011,0 77.47936399986141,12.9456159999321,0 77.47941299960441,12.9454199999688,0 77.4792489999065,12.9454360001677,0 77.4792179998023,12.9454390002021,0 77.47910700015581,12.9454500002202,0 77.4789290001157,12.9454669998786,0 77.478887999774,12.9452139998648,0 77.4769530001616,12.945590000265,0 77.4753109998539,12.945949000078,0 77.4751950001652,12.9455520003788,0 77.4750899997516,12.945272000208,0 77.47495500030659,12.944605000042,0 77.47493900044211,12.9445449998014,0 77.4747820004354,12.9439849997726,0 77.474789999938,12.9436900004187,0 77.4746299995459,12.9432190001319,0 77.47428900043769,12.9423179999469,0 77.47361899991191,12.9409439997855,0 77.4731930001095,12.940201000194,0 77.4732419998811,12.9401819997608,0 77.4740809999054,12.9400130002234,0 77.474171000303,12.9399630004277,0 77.4747350001374,12.9397379997366,0 77.475307000444,12.9392980000996,0 77.4756840002524,12.9390810001514,0 77.4763969998728,12.9385199996435,0 77.47639000023941,12.9384979996772,0 77.4764359996754,12.9381439999299,0 77.4787620003394,12.9374100001342,0 77.4787689997052,12.937408000084,0 77.4788169995871,12.9374009996474,0 77.47908299995029,12.9373629998476,0 77.479107999543,12.9373310001876,0 77.4792169996976,12.9373229995657,0 77.47924500024639,12.9373210003987,0 77.4793440001886,12.9373140001261,0 77.4794489997881,12.9373060004054,0 77.4794770003196,12.9373040003108,0 77.4795590002615,12.9372980000704,0 77.47967099985721,12.9372890003711,0 77.47979399973519,12.937279999912,0 77.47988799964109,12.9372730000072,0 77.47991600015661,12.9372709998667,0 77.4799330001196,12.937269999726,0 77.4800749997281,12.9372599998529,0 77.4801089999003,12.937257000267,0 77.48013700040769,12.9372550001033,0 77.48023499987779,12.9372479999812,0 77.4802930000171,12.9372430003014,0 77.4803910003882,12.9372360001134,0 77.480470000072,12.9372300001247,0 77.4805720000254,12.9372229997697,0 77.48067499965281,12.9372149996198,0 77.4806989996232,12.9372130004133,0 77.48079300033871,12.9372060001823,0 77.48082700022699,12.9372039997881,0 77.4809290003837,12.9371960000145,0 77.48101499978191,12.9371900001241,0 77.48102899956319,12.9371890004514,0 77.48104300025641,12.9371879998657,0 77.4811420000253,12.9371770000004,0 77.4811529996373,12.937175999957,0 77.4812319999691,12.93716700009,0 77.4813210002161,12.9371579999077,0 77.4813579998136,12.9371540003492,0 77.4814649996561,12.9371430001291,0 77.48149300035161,12.9371399996384,0 77.4815889996551,12.9371300003387,0 77.4816720004534,12.9371210002174,0 77.4817299997916,12.9371150000514,0 77.4817980004498,12.9371070000867,0 77.4818299998178,12.9371040003527,0 77.4818839995427,12.9370980002749,0 77.4819109998639,12.9370950002276,0 77.48201400001621,12.9370839999132,0 77.4821290001122,12.9370719998925,0 77.4821549995861,12.9370709997752,0 77.48224499980429,12.9370669997182,0 77.48226699967751,12.9370659997173,0 77.48232300006541,12.9370640002104,0 77.4825680001485,12.9370549998257,0 77.48331199953969,12.9369769998924,0 77.4833370000067,12.9369739997745,0 77.4833699996672,12.936971000269,0 77.4834460002601,12.9369629995927,0 77.4834689995424,12.9369619999125,0 77.48355299976571,12.9369600000013,0 77.48355699983991,12.9370570003273,0 77.4836120002893,12.9370410002948,0 77.48407799998439,12.9369089997446,0 77.4840790003468,12.9369090001531,0 77.4840789996544,12.9369079999782,0 77.4841860002302,12.9369000001175,0 77.483663000021,12.9341140003058,0 77.4836030002414,12.933870999793,0 77.4834120003207,12.9338790003462,0 77.4834560001535,12.9337839995633,0 77.48340199978691,12.933541999832,0 77.4834069997604,12.9333580000102,0 77.4833410000201,12.9333620003107,0 77.4832210003779,12.933209000008,0 77.4832409997085,12.933092999866,0 77.4832219998556,12.9329869996983,0 77.48315200009201,12.9329739996793,0 77.4830719996763,12.9329920002143,0 77.4830350004014,12.9330439996296,0 77.48301399981371,12.9330819995852,0 77.48281399970421,12.9329370004124,0 77.4829240001166,12.9327960000132,0 77.4830349997076,12.9327640000324,0 77.4831039999377,12.932687999694,0 77.4831110002727,12.9326229997952,0 77.48304899963971,12.9326140002032,0 77.4830139999782,12.9326010003297,0 77.48301100041429,12.9325599997154,0 77.4830200002945,12.9325270001746,0 77.482992000075,12.9319659998537,0 77.4829279997129,12.9315220003177,0 77.4828819995717,12.9312729996435,0 77.4829399997724,12.931119000406,0 77.4831700000293,12.9307430003362,0 77.4831680003543,12.9305190001608,0 77.4831279995466,12.9303780000882,0 77.4830209998487,12.9302550004024,0 77.48295900016311,12.9302100004236,0 77.48284399999829,12.9300899996291,0 77.48272300003801,12.9297169996452,0 77.48257600036359,12.9293549995846,0 77.4822640001035,12.9295130002966,0 77.48223900033911,12.9294099997272,0 77.4818790004425,12.9287750003605,0 77.48121899980229,12.9277440002288,0 77.48050800022619,12.9281119995778,0 77.480576999855,12.9282030000731,0 77.48051800021101,12.9282459997102,0 77.4798630003218,12.927379000299,0 77.4797900004227,12.9273800003599,0 77.4797240002875,12.9273980002722,0 77.4796689997455,12.9273990000088,0 77.4796179997152,12.9273669998777,0 77.47957400007439,12.9273640000218,0 77.47953800035761,12.9273749999162,0 77.47952299995779,12.9273899997727,0 77.47947199993941,12.9273939999554,0 77.47942800044009,12.9273939997265,0 77.4793949997616,12.9273549997853,0 77.47939100039061,12.9273080001635,0 77.4793760000168,12.9272689999408,0 77.4793170002232,12.9272369998575,0 77.4792260000489,12.9272380000222,0 77.4791599997363,12.9272530001408,0 77.4791089995724,12.9272539996934,0 77.4790609997938,12.927243000126,0 77.4790499996999,12.9272010001637,0 77.4790459995827,12.9271499997893,0 77.4790599995726,12.9271140001436,0 77.4791179998933,12.9270710003927,0 77.47915099964951,12.9270310001911,0 77.47913600022279,12.9269850004439,0 77.47913500010669,12.9269270000871,0 77.479164000325,12.9268730000513,0 77.479253999927,12.9267830001578,0 77.47930799995071,12.9267250003711,0 77.47932199990549,12.9266710000937,0 77.4793839996435,12.9266059997906,0 77.47939099997539,12.9265739996248,0 77.4794159998782,12.9264980000766,0 77.4794809995462,12.9264259997757,0 77.4795720003662,12.9263710004027,0 77.4796739999809,12.9263269997204,0 77.47972799976159,12.9262979998301,0 77.4797049996541,12.9261869999634,0 77.4796159996049,12.926091000265,0 77.4796040002507,12.925990999982,0 77.4796600002951,12.9258769996962,0 77.4796279995421,12.9258259997736,0 77.4795949999999,12.9257439999762,0 77.4795069996501,12.9257050003679,0 77.47943600010299,12.9255980000647,0 77.4793729995417,12.9254550001806,0 77.4792660003103,12.9254460004115,0 77.47916400006589,12.9254470001392,0 77.4791309999337,12.9253930000293,0 77.4791230004469,12.9253029996806,0 77.4791650000285,12.9251849998277,0 77.4791169997136,12.9251029996728,0 77.4790059997121,12.925004000275,0 77.4790319998955,12.9248289999772,0 77.47915100007,12.9248229996557,0 77.4792609996138,12.9247479996978,0 77.4794720002606,12.9247980002837,0 77.4794890000604,12.9246729999096,0 77.4793049999781,12.9241950003939,0 77.4791509996362,12.9240509999575,0 77.479099000185,12.9239159998879,0 77.47905899974791,12.9238170000336,0 77.479026000292,12.9237049999217,0 77.48002000018781,12.9233150004262,0 77.4809619999828,12.9229720000535,0 77.4810800000481,12.9232669998881,0 77.48111599981409,12.9233479996904,0 77.48115599998189,12.923447000011,0 77.4812059999973,12.9234309997056,0 77.4812340000655,12.9235160003704,0 77.4812679999699,12.9236199998952,0 77.4813329997599,12.9235939996814,0 77.4813679996146,12.9236739997119,0 77.48140500044811,12.9237599998849,0 77.4814099995601,12.92377699976,0 77.48141700004921,12.9238020001507,0 77.4814370004234,12.9237810003855,0 77.4815259999764,12.9237449995925,0 77.48170999976161,12.923669999951,0 77.4817410003069,12.9236580002297,0 77.4818479999136,12.9236140001896,0 77.4820450000837,12.9235339995863,0 77.4823099999718,12.9234270004272,0 77.48249000033189,12.923905999944,0 77.48275799982579,12.9246119996721,0 77.4832160000968,12.9244410002389,0 77.4836530000364,12.9242909995934,0 77.4840299998136,12.9241620003758,0 77.48443600025681,12.9240230001739,0 77.4849050000764,12.9238840004487,0 77.4849890001725,12.9241439996512,0 77.48511699970101,12.92454299991,0 77.48523500024859,12.9248599999493,0 77.48534799965709,12.9251650001532,0 77.4853559999858,12.9251860000527,0 77.4854980002662,12.9255669997331,0 77.48551000022989,12.9255989996635,0 77.4856249996854,12.9259099997259,0 77.48565999985929,12.9260039996025,0 77.4858020003559,12.9263849998399,0 77.4858840002278,12.926605000287,0 77.4859919997425,12.9268949996511,0 77.48609599967619,12.9271749999844,0 77.48609699999869,12.9271790002118,0 77.4862009997529,12.9274570000981,0 77.4862149998954,12.9274960002378,0 77.48630000024831,12.9277299996501,0 77.4863149996052,12.9277700003763,0 77.4864059998571,12.9280220000039,0 77.4865729997334,12.9284820003653,0 77.48661499989601,12.9285979995714,0 77.4866840004098,12.9287879996151,0 77.48675199985991,12.9289899995788,0 77.4867990001386,12.9291299996598,0 77.48684600003629,12.9292720000859,0 77.48687400016441,12.9293569996713,0 77.4869230003757,12.9295010003331,0 77.48693100013379,12.9295259999541,0 77.4869950003179,12.9297169997795,0 77.48753399962661,12.931399000432,0 77.48766700014809,12.9318160004422,0 77.48785900041599,12.9324159998257,0 77.48791799973711,12.9325230001659,0 77.4879319999354,12.9325480003078,0 77.4879770000296,12.9325919999912,0 77.48803899986881,12.9326510001132,0 77.4882130002884,12.9327209999055,0 77.48838900009341,12.9327250003084,0 77.48895000000169,12.9325669997892,0 77.4893489995786,12.9324529999392,0 77.4895419998083,12.9323980003089,0 77.48971600005891,12.932347000111,0 77.4901520003601,12.9322230001764,0 77.49028299974211,12.932184999559,0 77.4904560004103,12.932185999618,0 77.49058400027511,12.9322909995564,0 77.49100400029511,12.9328849999121,0 77.4913370000483,12.9333549997182,0 77.4913619997194,12.9331679998177,0 77.49136799973211,12.9318950002183,0 77.4913519997454,12.9318420000049,0 77.49123999978249,12.9315620000942,0 77.4911179995492,12.9313489999336,0 77.49096700033191,12.9310860002964,0 77.49076699993201,12.9305539996472,0 77.4907450001014,12.9304699996429,0 77.4906569998476,12.9301349997635,0 77.4906309996291,12.9299019997369,0 77.4905919997848,12.9295509998511,0 77.4905699997523,12.9293549997942,0 77.49056700035069,12.9293299995938,0 77.49052799957229,12.9289849998263,0 77.4905119996871,12.9288419997645,0 77.4904870004362,12.9286169996565,0 77.49048399993509,12.9285929996392,0 77.4904640002553,12.9282430000556,0 77.4904599996898,12.9281829995706,0 77.4904490003251,12.9279849998017,0 77.490445999862,12.9279740002842,0 77.4903620003718,12.9276980003465,0 77.4902869995646,12.9274470002248,0 77.490202999605,12.9271710001707,0 77.4901930002341,12.9271359999233,0 77.4901029997126,12.9267690002008,0 77.49004999990611,12.9265530003817,0 77.4899269996082,12.9261270004049,0 77.4899049996953,12.9260519999888,0 77.4896620004566,12.9255760000701,0 77.4895639996505,12.9253850001172,0 77.4895390000413,12.9253350001896,0 77.4895219999166,12.9253030003443,0 77.48939299982909,12.9250450003303,0 77.4893589998333,12.9249759997084,0 77.4892270003114,12.9241039996979,0 77.4892260004072,12.9240980000301,0 77.4891649998853,12.9235640002177,0 77.48913799976479,12.9233270002792,0 77.48912400034111,12.9233220000771,0 77.48910899992001,12.9233160002062,0 77.4890929998971,12.9233110001074,0 77.48879600004091,12.9231029995683,0 77.4887380002737,12.923061000262,0 77.4886259999378,12.9229819996033,0 77.488405999707,12.9227089998628,0 77.4880709998982,12.9228200004323,0 77.4880580001969,12.9227849996999,0 77.48785300023791,12.9220660002191,0 77.4878159998582,12.921934000239,0 77.48778600029461,12.9218279996419,0 77.4876010000839,12.9211770001945,0 77.48759299977161,12.921156000369,0 77.4877510003745,12.9209399998999,0 77.4877739998729,12.9207209997004,0 77.4891439998147,12.9213569997664,0 77.4900620000994,12.9217629997979,0 77.49102499963681,12.9221859997274,0 77.4918900003792,12.9225880003977,0 77.4927489996505,12.9229999998642,0 77.4935900002872,12.9233499998418,0 77.4943729997136,12.9237030004038,0 77.4951299995988,12.9240470003612,0 77.4959479999745,12.9244209996489,0 77.4964859999253,12.9246600002084,0 77.4967970003303,12.9248019996306,0 77.4972260000514,12.9249820000677,0 77.4975370000334,12.92514000033,0 77.4979809998964,12.925348999918,0 77.49821299992,12.9254810000984,0 77.4989749999275,12.9259710003752,0 77.49888299965031,12.9260320001176,0 77.498835999996,12.9262170004462,0 77.4985799998521,12.9275070004277,0 77.49857199975089,12.9282279996671,0 77.49856200024369,12.9291970001691,0 77.4986590003669,12.929866999565,0 77.49862699959441,12.9308060004084,0 77.4990969996277,12.9307069996171,0 77.4991500000873,12.9306969997258,0 77.49921000034369,12.9310230003309,0 77.4992500003592,12.9311820003447,0 77.4992769999123,12.9313250001858,0 77.4993289996354,12.9315619997571,0 77.4993890003463,12.9317880002565,0 77.4993160003656,12.9318199995731,0 77.4992799998732,12.9318770001112,0 77.4993159998278,12.9320570004399,0 77.4993540002054,12.9320789996887,0 77.4994049997363,12.9322639998709,0 77.49944699981749,12.9323010003852,0 77.4995240001998,12.9327460000656,0 77.4995329995965,12.9327989996935,0 77.49955100019631,12.9328999998798,0 77.4995669998509,12.9329919996272,0 77.499580999833,12.9330730003897,0 77.49959599970281,12.9331620001638,0 77.4996140002026,12.9332639996031,0 77.49962800005289,12.9333459996253,0 77.49964200033099,12.9334310001537,0 77.4996580004358,12.9335210004381,0 77.4996769998137,12.9336319999592,0 77.4996860000614,12.9336859997306,0 77.4997149999232,12.9338520004382,0 77.49974499989921,12.934024999973,0 77.4997540001913,12.9340789997354,0 77.4997660004572,12.9341499998493,0 77.4997869996462,12.9342670001722,0 77.4998059999519,12.9343789998211,0 77.49982100007421,12.9344680004487,0 77.49985699990479,12.9346770000765,0 77.4998939996602,12.9348889996483,0 77.499927999772,12.9350880004386,0 77.4999649998787,12.9352989998,0 77.49997999999751,12.9353889996613,0 77.49911800022549,12.9356740003242,0 77.4990869996775,12.9356850002421,0 77.4993979995845,12.9369060004094,0 77.4996369998841,12.9378930002941,0 77.4994320001754,12.9383059996503,0 77.4992840003929,12.9384369997306,0 77.4982290000769,12.9391390001748,0 77.49749600021499,12.9396449996665,0 77.4972110001314,12.9398369999991,0 77.49717999978201,12.9399219998935,0 77.4974449999298,12.9405489996813,0 77.4975800002144,12.9408619997323,0 77.49626300007129,12.9415420002469,0 77.4959449998687,12.9417060000839,0 77.4956770001989,12.941818999928,0 77.49572999970979,12.9419920003989,0 77.4957509996697,12.9420150002738,0 77.495791999682,12.9420380001868,0 77.49585799967829,12.9420820001583,0 77.49588600004689,12.9421430000998,0 77.4959130003917,12.9422690000814,0 77.4959830002676,12.9424410001149,0 77.49600000011991,12.9424359999903,0 77.4963779999058,12.9423110003389,0 77.49645200038201,12.9424950000844,0 77.4965259996202,12.9426450002548,0 77.4965990003858,12.9428790000531,0 77.49666699965719,12.9428600004535,0 77.49674900022769,12.9428369997434,0 77.49681499964601,12.9428180002927,0 77.496851999776,12.942911999959,0 77.4968650003559,12.942946999808,0 77.4969000003606,12.9430429999924,0 77.4969369996484,12.9431369996421,0 77.4969420000071,12.9431510002283,0 77.4969500004385,12.9431710002114,0 77.4969469999631,12.9431620003012,0 77.49698100036279,12.9432540003152,0 77.4970270004297,12.9433740004044,0 77.4970389999404,12.9434079997156,0 77.49705900044199,12.9434590002869,0 77.4971200000563,12.9436200001208,0 77.4971329999769,12.9436539997761,0 77.4971759997829,12.9437699998606,0 77.49722399973891,12.9438909998617,0 77.49723199988691,12.9439290002168,0 77.49728500041969,12.9440579997346,0 77.49734199984449,12.9440420001227,0 77.49739999963209,12.9440259999484,0 77.4974390002605,12.9441350000304,0 77.4974469999362,12.944175999988,0 77.4974739999098,12.9442680001024,0 77.4979719997324,12.9440820001457,0 77.49832299989239,12.9448869998899,0 77.4983310001777,12.9449200002204,0 77.49888499980079,12.9447150003998,0 77.49918300025671,12.9446039996438,0 77.49938300042641,12.9445309999117,0 77.4996939998029,12.9444140003485,0 77.5001200001316,12.9442719997842,0 77.50012299996359,12.9443029997686,0 77.500702999574,12.9466400002265,0 77.49886700016449,12.947100999619,0 77.49853599999309,12.9472260004345,0 77.4983579998059,12.9472419996708,0 77.498288000409,12.9472460002388,0 77.49822100032669,12.9472500000393,0 77.49815699956839,12.947253999978,0 77.49810199972229,12.9472570001692,0 77.4980419995904,12.9472609996708,0 77.49798499987941,12.9472640000376,0 77.49793000002219,12.9472670001932,0 77.49787399960189,12.9472710001624,0 77.4978299999274,12.9472599999576,0 77.4976879995844,12.9472719998878,0 77.49763799965319,12.9472760001102,0 77.49757600038519,12.9472809998677,0 77.4975570001621,12.9472819996598,0 77.4975440004431,12.9472829997569,0 77.4974840001135,12.9472880002093,0 77.4974620003895,12.9472900000052,0 77.4974550002529,12.9472910004151,0 77.4974329997743,12.9472920000441,0 77.4974030004383,12.9472949998857,0 77.49735399996089,12.9472990004138,0 77.4972689996322,12.9473060004478,0 77.49722900006491,12.9473090003451,0 77.4971790000934,12.9473129995786,0 77.49712799974191,12.9473170002587,0 77.497129000096,12.9473279997907,0 77.49708499988,12.9473310000615,0 77.49704700016051,12.9473339997393,0 77.4970040003346,12.947337000348,0 77.49685399980341,12.9473470002673,0 77.4967690001033,12.9473500003517,0 77.4967430000673,12.9472909999091,0 77.49640900044839,12.9472999997523,0 77.495953000311,12.9473120001769,0 77.49467800014069,12.9474459996915,0 77.4936209998888,12.9475640002238,0 77.49331200029179,12.9475700003232,0 77.49299600042571,12.947577000353,0 77.4926630001995,12.9475840000124,0 77.4925969999061,12.9475839998738,0 77.4923430001151,12.9475780000094,0 77.4919799999638,12.9475650003621,0 77.49171199992981,12.9475550002589,0 77.49162099960201,12.9475609996732,0 77.49159900030349,12.9475600002604,0 77.4912160003479,12.9475520001247,0 77.49072900002371,12.9475420003229,0 77.4907270001446,12.9475419995635,0 77.49072299960019,12.947531999903,0 77.4907129998317,12.9474730001615,0 77.4906970003981,12.9473719997678,0 77.4904949996774,12.947385999627,0 77.4904759996648,12.9473900003384,0 77.4905320004479,12.9475829996548,0 77.4905159997007,12.9475919996898,0 77.4903880000079,12.9477020002657,0 77.49032400037871,12.9477580002598,0 77.4902509996341,12.9478199996936,0 77.49017999965611,12.9478819998675,0 77.49009799992621,12.947953000133,0 77.49000800017561,12.9480310003727,0 77.48992999996371,12.9480979996175,0 77.4898850000466,12.9481370001718,0 77.489832000123,12.9481829998056,0 77.4897950001604,12.9482150003609,0 77.48976400009199,12.948241000339,0 77.48963999987279,12.9483490000288,0 77.4895380003904,12.9484370000391,0 77.48950799975,12.9484630003841,0 77.4894579996437,12.9485059996807,0 77.4893770000991,12.9485759999905,0 77.48935699971329,12.9485929998514,0 77.4892719997423,12.9486660000427,0 77.4892499999833,12.9486850003819,0 77.4891590000085,12.9487640002102,0 77.4891309995692,12.948788000033,0 77.48912400015151,12.9487940002077,0 77.48900499963131,12.9488969998192,0 77.4889739995921,12.9489219995528,0 77.4889419999581,12.9489429999919,0 77.4888830002087,12.9489789999198,0 77.4887100004194,12.9490879995592,0 77.48869200034891,12.9491069996035,0 77.4888359999631,12.9493420001745,0 77.4886279996732,12.9494049998404,0 77.48858600028341,12.9494180003888,0 77.4883870002822,12.9495510004413,0 77.4881009997669,12.9497419995732,0 77.4878220001149,12.9499359999029,0 77.48656800005899,12.9507859995741,0 77.4863579996134,12.9509280002447,0 77.4864099998692,12.9512520001179,0 77.48640600040071,12.9513730003289,0 77.48625399955969,12.9517860000698,0 77.4864289998698,12.9527169996749,0 77.48671100028059,12.954098000017,0 77.4870140000065,12.9555080000782,0 77.4870639997112,12.955759000087,0 77.4870759997213,12.9558610003383,0 77.48713299988501,12.9564060003041,0 77.48720800007079,12.957000999793,0 77.487278999596,12.9575390001404,0 77.4872980002922,12.9576679997079,0 77.48764699961301,12.9589900003525,0 77.4881729998901,12.9607419996976,0 77.4877249999758,12.9609120002565,0 77.48740600006001,12.9610340003419,0 77.48709399986311,12.9611530004358,0 77.4868370003488,12.9612490000966,0 77.48680200006611,12.9612629999696,0 77.4868039996984,12.961337999649,0 77.4865759997613,12.9614449995724,0 77.4865540004342,12.9614560002726,0 77.4865109998519,12.9614759999087,0 77.4864570002151,12.9614120001766,0 77.4861639999024,12.9615369995815,0 77.4861289999405,12.9615489999201,0 77.4857909997022,12.9616930002912,0 77.48535399991979,12.9618810002936,0 77.48550800040771,12.9622970001405,0 77.4857469996103,12.9629229998664,0 77.4860400003502,12.9636949999755,0 77.48619999974029,12.9641119996739,0 77.4862169996881,12.9640830001448,0 77.4862520002978,12.9640740002651,0 77.48626399970669,12.9641230000775,0 77.4862629998847,12.9643349995545,0 77.4862540000714,12.9644140002407,0 77.4862530003532,12.9644239998297,0 77.48623500039081,12.9645789997677,0 77.48623100017559,12.964611999599,0 77.4862260000515,12.9646560001031,0 77.4862239995871,12.9646720003847,0 77.48621200029891,12.9647780002111,0 77.4861980002521,12.9649059995858,0 77.4861920004584,12.9649459998928,0 77.4861640002156,12.9651889999414,0 77.48620899974109,12.9652050002239,0 77.48623099989869,12.9652419999159,0 77.486673999877,12.9659619997646,0 77.4866939995833,12.9659880002892,0 77.4868449999947,12.9662309999418,0 77.4868779996583,12.9662840002631,0 
						</coordinates>
					</LinearRing>
				</outerBoundaryIs>
			</Polygon>
		</Placemark>
	</Document>
	<Document>
		<name>Ward NO.131.kml</name>
		<StyleMap id="m_ylw-pushpin23">
			<Pair>
				<key>normal</key>
				<styleUrl>#s_ylw-pushpin23</styleUrl>
			</Pair>
			<Pair>
				<key>highlight</key>
				<styleUrl>#s_ylw-pushpin_hl23</styleUrl>
			</Pair>
		</StyleMap>
		<Style id="s_ylw-pushpin23">
			<IconStyle>
				<scale>1.1</scale>
				<Icon>
					<href>http://maps.google.com/mapfiles/kml/pushpin/ylw-pushpin.png</href>
				</Icon>
				<hotSpot x="20" y="2" xunits="pixels" yunits="pixels"/>
			</IconStyle>
			<LineStyle>
				<color>ffffff55</color>
				<width>3</width>
			</LineStyle>
			<PolyStyle>
				<fill>0</fill>
			</PolyStyle>
		</Style>
		<Style id="s_ylw-pushpin_hl23">
			<IconStyle>
				<scale>1.3</scale>
				<Icon>
					<href>http://maps.google.com/mapfiles/kml/pushpin/ylw-pushpin.png</href>
				</Icon>
				<hotSpot x="20" y="2" xunits="pixels" yunits="pixels"/>
			</IconStyle>
			<LineStyle>
				<color>ffffff55</color>
				<width>3</width>
			</LineStyle>
			<PolyStyle>
				<fill>0</fill>
			</PolyStyle>
		</Style>
		<Placemark>
			<name>Ward NO.131.kml</name>
			<styleUrl>#m_ylw-pushpin23</styleUrl>
			<Polygon>
				<tessellate>1</tessellate>
				<outerBoundaryIs>
					<LinearRing>
						<coordinates>
							77.52250099986681,12.949697000055,0 77.52225699970769,12.9500320002064,0 77.5220049996974,12.95037799988,0 77.521935000079,12.9504749995986,0 77.52175200042851,12.9507250002165,0 77.5217340000091,12.9507500003561,0 77.5214699996431,12.9510939999674,0 77.52145299970149,12.9511170000404,0 77.52116999967861,12.9514839999382,0 77.52096700006371,12.9517200001238,0 77.5207940004402,12.9519230001905,0 77.52056799992231,12.9522649998359,0 77.5203999998526,12.9525800004088,0 77.52012500044199,12.9532150001211,0 77.52003100005309,12.9534600000751,0 77.5197669998184,12.9541939999496,0 77.519690999647,12.9545260001037,0 77.5194540004353,12.9545759997275,0 77.51899600035441,12.9546809998044,0 77.5188439995638,12.954716000151,0 77.5188449996578,12.9547200001383,0 77.51886999999741,12.9548580003579,0 77.51889599997401,12.9549470004032,0 77.51892799993649,12.9550679998099,0 77.51895099982011,12.955154999637,0 77.5189809999742,12.9552520001638,0 77.51900200001241,12.9553150002144,0 77.5190319999043,12.9554040003835,0 77.51905000004589,12.9554619997524,0 77.5190810003929,12.9555510001691,0 77.518499999987,12.9557910000547,0 77.5184480000369,12.9558120003248,0 77.51842500006489,12.9556449996493,0 77.51837100007521,12.9554120002174,0 77.5182650002608,12.9552590002806,0 77.5179989997412,12.9549820001866,0 77.51758099954721,12.954529999734,0 77.51716599970089,12.9540740003246,0 77.5165069998562,12.9528879998867,0 77.516170999765,12.9523279997664,0 77.51573199998749,12.9515909998349,0 77.5153150002982,12.9508870001986,0 77.51491199999229,12.950434000092,0 77.51433700015571,12.9500119999946,0 77.51397799965859,12.9498069995968,0 77.5135150004174,12.9497299998316,0 77.5127999996199,12.9498470001664,0 77.5125539996766,12.9498699995531,0 77.5124139997514,12.9498490002187,0 77.5118890000913,12.9493440004389,0 77.5118330000039,12.9492639998162,0 77.5118449997201,12.9492419998226,0 77.5119920003489,12.9491270004086,0 77.5122150003174,12.9489910001331,0 77.5125640004246,12.9487560000612,0 77.5127699996941,12.948575999984,0 77.5128649999359,12.9484589999809,0 77.5128689997816,12.9483279999438,0 77.51285700036431,12.9481500002862,0 77.5128229999094,12.9479980001656,0 77.512932999667,12.9478080000644,0 77.51337600026039,12.9475980001626,0 77.51389800004991,12.9473570004259,0 77.514666000367,12.9470349998165,0 77.5150069997362,12.9468260000673,0 77.5153770002168,12.9463439999499,0 77.5157870002807,12.9458539996866,0 77.51599899991599,12.9454809995692,0 77.516324999929,12.9451819999605,0 77.5167320000842,12.9448959995951,0 77.5169679995749,12.944645999979,0 77.5170290003276,12.9444820001197,0 77.51705899991251,12.944327000245,0 77.5170309996296,12.9442299996349,0 77.5169940001164,12.9441690003816,0 77.5169440001883,12.9441210004395,0 77.51688600044319,12.9440989996456,0 77.51684400045581,12.9440829997687,0 77.51684000001841,12.9440820002976,0 77.516759000272,12.944068999856,0 77.5165840004021,12.9441329995722,0 77.5163859998663,12.9441439996353,0 77.51628199967919,12.9440959996339,0 77.5161909996453,12.9439909996294,0 77.51592799985031,12.9433580003621,0 77.515903000289,12.9430929998342,0 77.5158670004094,12.9426339995904,0 77.5157659998934,12.9424409995962,0 77.5155879998141,12.9421820003396,0 77.5155260002966,12.9421489998491,0 77.5154740001892,12.9421210003102,0 77.5153779996796,12.942068999623,0 77.51504500028931,12.9420250003645,0 77.5148579996541,12.9420170000334,0 77.51475999989189,12.9419700002049,0 77.5147090003302,12.9418349999081,0 77.5147259997311,12.9415279999746,0 77.5146839995618,12.941211000231,0 77.51455299963909,12.9408659998083,0 77.5144879998017,12.9407259999324,0 77.5145040003146,12.9405049998916,0 77.5145719999458,12.940456000174,0 77.51466800038069,12.9403090001354,0 77.5146990003345,12.9402030003338,0 77.5146869997949,12.9398719998147,0 77.51464500038639,12.9397890004318,0 77.51430399970749,12.9394169998007,0 77.5141669999782,12.9392809999806,0 77.513942999992,12.9388900002156,0 77.5137289996043,12.9386490001425,0 77.51369899956499,12.9385310002485,0 77.5135209995551,12.9384519996564,0 77.51329000030201,12.9384180002916,0 77.51316599986789,12.9384190004472,0 77.51296399956919,12.938392999911,0 77.5128979998368,12.9383610002373,0 77.5128480000934,12.9383289999289,0 77.5127979998859,12.9382689996043,0 77.5127769995523,12.9382249997335,0 77.51277600022679,12.9381680001493,0 77.5128360003348,12.9373679999875,0 77.5128379998614,12.9373059996047,0 77.512885999717,12.9372409999323,0 77.5129700002572,12.9371799999762,0 77.5129720001343,12.9371790004171,0 77.5131419995982,12.9369630003343,0 77.51323699970629,12.9368399999393,0 77.5134620002088,12.9364900000148,0 77.5137559998675,12.9358319998853,0 77.5137900004151,12.9357559995914,0 77.5144519999883,12.9359389998872,0 77.5157750001469,12.936143999615,0 77.51634800025209,12.9362269998259,0 77.5165909999334,12.936266000094,0 77.51697199964021,12.936323000005,0 77.51722500045921,12.9363289999677,0 77.5178059995671,12.9363290004123,0 77.51847299984929,12.9363240002725,0 77.5186220003343,12.9363359995805,0 77.5194889996437,12.936564999989,0 77.5203119999787,12.9368390003968,0 77.52040100029581,12.9369020001694,0 77.52067199990771,12.9370929997625,0 77.5211900001803,12.9376489995646,0 77.5213530003045,12.9378229999403,0 77.5215889997062,12.9380170002002,0 77.5218080000607,12.9381890003627,0 77.5218940000529,12.9382419998322,0 77.52203199955881,12.9383499999122,0 77.5221800001075,12.9384540001035,0 77.52233599963991,12.9385599999073,0 77.5224569997301,12.9386010001882,0 77.52290100018659,12.9388959996361,0 77.5229769999585,12.9389619998678,0 77.5231099998459,12.939078000051,0 77.5233349999056,12.9392960000041,0 77.5235430000134,12.939528000167,0 77.5235599998049,12.9395480004145,0 77.52376500024501,12.9397929997399,0 77.5238120003449,12.9398509999746,0 77.52383900001379,12.9398830000968,0 77.5238930004288,12.9399450000109,0 77.52392499957431,12.9399829996213,0 77.5239689999195,12.9400370002342,0 77.5241340002074,12.9402430000461,0 77.5241789997248,12.9403019998314,0 77.5242189999254,12.9403529998043,0 77.52426099971029,12.9404069998392,0 77.5245050002697,12.9407230001747,0 77.52456500023099,12.9408010002516,0 77.5246060004264,12.9408740001476,0 77.524637000265,12.9409280000137,0 77.5247600000244,12.9411489999254,0 77.52481999975799,12.9412480004168,0 77.5249010004127,12.9413900000988,0 77.5252410000592,12.9419200002411,0 77.5257099998728,12.9426009995913,0 77.5257850001327,12.9427159995495,0 77.5258609998446,12.9428319998779,0 77.5260610000081,12.9431100002685,0 77.5261570004577,12.9432450001359,0 77.5261839995642,12.9432829999058,0 77.5262840003158,12.9434239997853,0 77.5263510003891,12.9435179997578,0 77.5265019999509,12.9437290000413,0 77.52653100010259,12.9437629996265,0 77.5266589999996,12.9439080004056,0 77.52724999961011,12.9444770001012,0 77.5273099997066,12.9445349998091,0 77.5276359997012,12.944828000218,0 77.5277900003785,12.9449659999471,0 77.52803400015659,12.9451880001487,0 77.52801700043651,12.9453600003395,0 77.52801600023891,12.9454520004096,0 77.52740299980491,12.9455850000767,0 77.52652599965801,12.9457750000686,0 77.5264149999856,12.9458209999776,0 77.5266670003523,12.9462950000778,0 77.5265540003155,12.9463479997584,0 77.52650999960569,12.9464040003139,0 77.5266149999275,12.9473200000662,0 77.5267189997644,12.9481400001836,0 77.52671900024509,12.948435999805,0 77.5267210003349,12.9485389996092,0 77.52672399980079,12.9486799999876,0 77.5267279999309,12.9488699998803,0 77.5267539996463,12.9492699997651,0 77.52678300041831,12.9495099996232,0 77.52681499965129,12.949769000358,0 77.526846000422,12.9499539995724,0 77.5268610000025,12.9500410000388,0 77.5268940001849,12.9502369995698,0 77.52692999970991,12.9504530001158,0 77.5269330001302,12.9504680003804,0 77.5269790001005,12.9506990001201,0 77.5270179999219,12.9509179999779,0 77.52705899994891,12.9511509996893,0 77.5270979998008,12.9513740001078,0 77.52713800000301,12.9516000002871,0 77.52716899970341,12.9517840001239,0 77.5271769996898,12.9518310000642,0 77.5272100004369,12.9520310000467,0 77.5272870000862,12.9524899997126,0 77.5273249997434,12.9526819996209,0 77.5272600002242,12.952698999568,0 77.5270180001275,12.9527419997014,0 77.5266870001884,12.9527999997828,0 77.5265610003773,12.9528210001675,0 77.5263910001553,12.9528539999725,0 77.5262069997483,12.9528900004013,0 77.5261740002835,12.9528959997471,0 77.5260000000826,12.9529309995646,0 77.5258069995492,12.952968999685,0 77.52556300020311,12.9529860004387,0 77.5255480000975,12.9528399999438,0 77.5255300002749,12.9526670000357,0 77.52551899975779,12.9525600001009,0 77.5255140001744,12.9525150001829,0 77.52550400003619,12.9524259996034,0 77.5255020001072,12.9524100003018,0 77.52548500027839,12.9522640002028,0 77.52548200043429,12.9522390001934,0 77.5254659997385,12.9520999995951,0 77.52516800026279,12.9520839997997,0 77.5248150003958,12.9520689999103,0 77.5245359998858,12.952054999823,0 77.5242009995977,12.952055999635,0 77.52418000000731,12.9516109995813,0 77.52419099975251,12.951610000346,0 77.5241879996592,12.9515759998264,0 77.52411799993671,12.9509420002426,0 77.5241040004184,12.9507969998732,0 77.52410100038681,12.9503790002105,0 77.5240969996497,12.9498619995941,0 77.5241019997319,12.949634000267,0 77.5241140003611,12.9496080001739,0 77.52414799967779,12.9495899995693,0 77.5242549998038,12.9495620002235,0 77.52442700028961,12.9495099997399,0 77.5245550000583,12.9494660003376,0 77.524556000019,12.9493949996758,0 77.52455100010761,12.9493770002041,0 77.5243299995754,12.9494280001742,0 77.5241050000391,12.9494810001749,0 77.5239490003372,12.9495129995725,0 77.52383300019859,12.9495300002773,0 77.5232580002687,12.949568999961,0 77.5231150002605,12.9495789996904,0 77.5231000000453,12.9495650000683,0 77.5228179999387,12.9494550001527,0 77.5227760001538,12.9494459998285,0 77.5226960001455,12.949429999586,0 77.52250099986681,12.949697000055,0 
						</coordinates>
					</LinearRing>
				</outerBoundaryIs>
			</Polygon>
		</Placemark>
	</Document>
	<Document>
		<name>Ward NO.132.kml</name>
		<StyleMap id="m_ylw-pushpin24">
			<Pair>
				<key>normal</key>
				<styleUrl>#s_ylw-pushpin24</styleUrl>
			</Pair>
			<Pair>
				<key>highlight</key>
				<styleUrl>#s_ylw-pushpin_hl24</styleUrl>
			</Pair>
		</StyleMap>
		<Style id="s_ylw-pushpin24">
			<IconStyle>
				<scale>1.1</scale>
				<Icon>
					<href>http://maps.google.com/mapfiles/kml/pushpin/ylw-pushpin.png</href>
				</Icon>
				<hotSpot x="20" y="2" xunits="pixels" yunits="pixels"/>
			</IconStyle>
			<LineStyle>
				<color>ffffff55</color>
				<width>3</width>
			</LineStyle>
			<PolyStyle>
				<fill>0</fill>
			</PolyStyle>
		</Style>
		<Style id="s_ylw-pushpin_hl24">
			<IconStyle>
				<scale>1.3</scale>
				<Icon>
					<href>http://maps.google.com/mapfiles/kml/pushpin/ylw-pushpin.png</href>
				</Icon>
				<hotSpot x="20" y="2" xunits="pixels" yunits="pixels"/>
			</IconStyle>
			<LineStyle>
				<color>ffffff55</color>
				<width>3</width>
			</LineStyle>
			<PolyStyle>
				<fill>0</fill>
			</PolyStyle>
		</Style>
		<Placemark>
			<name>Ward NO.132.kml</name>
			<styleUrl>#m_ylw-pushpin24</styleUrl>
			<Polygon>
				<tessellate>1</tessellate>
				<outerBoundaryIs>
					<LinearRing>
						<coordinates>
							77.530419000214,12.9646840003877,0 77.5298640001989,12.9648360000316,0 77.5294400000094,12.964946000169,0 77.5293430001323,12.964932999668,0 77.5280120001735,12.9647839996455,0 77.5275190003502,12.9647440004328,0 77.5268830001806,12.9646810003862,0 77.5267359999484,12.9646580004216,0 77.52673899993169,12.9646210000626,0 77.5264360002019,12.9645980003494,0 77.52645099954211,12.9645719998876,0 77.52650599959949,12.9643909997297,0 77.52660999989401,12.9640469998409,0 77.5267790000122,12.9636499996536,0 77.5267789995623,12.9636379996606,0 77.5267780002721,12.963561999742,0 77.52676199993179,12.9633010001943,0 77.526743000072,12.9631359999269,0 77.5266999998706,12.9630429995519,0 77.52663800041449,12.9627520002196,0 77.5266549995535,12.9626590000828,0 77.5267949997624,12.9621640002798,0 77.5268039995954,12.9619899996653,0 77.5267520003493,12.9619890001836,0 77.5267150004057,12.961981999639,0 77.52631899973061,12.961984999773,0 77.52630300024551,12.9620279998291,0 77.5263140003218,12.9622470001657,0 77.5262700002218,12.9622370001987,0 77.5262240002204,12.9622259996074,0 77.52615899967719,12.9622090000153,0 77.5260979998487,12.9621939998242,0 77.526049000461,12.962182000151,0 77.52603500008961,12.9621790000544,0 77.5260009996578,12.9621699998111,0 77.52599600031721,12.962169000295,0 77.5258629997781,12.9621360004129,0 77.5258339996152,12.9621279996554,0 77.5258119995823,12.9621230000803,0 77.5257769996492,12.9621139995661,0 77.5257300001831,12.9621030004472,0 77.52570299992681,12.9620960002942,0 77.5256209996523,12.9620749995773,0 77.5256039998938,12.9620710004013,0 77.525587999629,12.9620669996568,0 77.5255439996206,12.9620560003072,0 77.5254990000941,12.9620449998062,0 77.52548600016441,12.9620419999083,0 77.5253960001194,12.9620220000919,0 77.5250320001477,12.9619420004424,0 77.52500299997121,12.9619349997352,0 77.52490199994929,12.9619130004353,0 77.5248119998093,12.9618769997784,0 77.5247439998017,12.9618630004391,0 77.52463699998179,12.9618409995958,0 77.52461100014879,12.9618349997053,0 77.5245710000254,12.9618250003805,0 77.5245419999233,12.9618170003679,0 77.5244520000727,12.9617949998904,0 77.5244170001623,12.9617870002315,0 77.5243539996122,12.9617720000254,0 77.5243079997779,12.9617599998142,0 77.5241940000778,12.9617319997931,0 77.524095000137,12.9617089995764,0 77.52402100010789,12.9617000002534,0 77.5239510002459,12.9617030000878,0 77.5238369997754,12.961708000422,0 77.5237369997762,12.9617129995755,0 77.5236859998396,12.9617150001739,0 77.5236800000157,12.9617149996215,0 77.5236709998329,12.9617150001522,0 77.52356100012901,12.9617200004258,0 77.52351999986981,12.9617219998094,0 77.52347999983201,12.9617280000388,0 77.5233179998641,12.9619009996983,0 77.5232499997016,12.9619739997081,0 77.52325100024279,12.9620899996159,0 77.5232510003826,12.9621720004083,0 77.52316800001481,12.9621960001047,0 77.52312600026541,12.9621959997887,0 77.52308799967111,12.9622259996212,0 77.52277399978659,12.9621660002598,0 77.5224709996793,12.9620820004293,0 77.5224310003442,12.9620580004171,0 77.5224009999809,12.9620309997075,0 77.5223519995499,12.9619910004312,0 77.5223409999199,12.961981999939,0 77.5222600000518,12.9619009999723,0 77.5221560000511,12.9618110001098,0 77.5220509997427,12.9617510000421,0 77.5219999996353,12.9617389999682,0 77.5218639998257,12.9617399996724,0 77.5216110002735,12.961754000052,0 77.5215180002659,12.9617600002675,0 77.5213450004278,12.9617699999445,0 77.5208389998273,12.9618009999487,0 77.5207619997414,12.9618000001589,0 77.520731000458,12.9617810001924,0 77.5206689997226,12.9617339997777,0 77.5206359997099,12.9616850000744,0 77.5205789995844,12.9615079997435,0 77.5205580002622,12.9614439998424,0 77.52050999969229,12.9612510001966,0 77.5205029998413,12.9612309998305,0 77.5204140000621,12.9609569997158,0 77.5203979999375,12.9608700002155,0 77.5203889995549,12.9608179997976,0 77.52037000007979,12.9606339998416,0 77.5203599996053,12.9605089995929,0 77.5203450003627,12.9604299997596,0 77.5203089999502,12.9603719996165,0 77.5202640000217,12.960331999944,0 77.5195800003892,12.9599060003472,0 77.5194829999301,12.9598240003494,0 77.51942899993951,12.9597730000531,0 77.5193669999566,12.9596750002758,0 77.5196120002947,12.9596320003479,0 77.5203510001721,12.9595200002279,0 77.52059100033109,12.9594819998272,0 77.52169400041259,12.9593000004375,0 77.52231700004511,12.9592339999961,0 77.5226489999197,12.9592019999583,0 77.5227999998733,12.9591869998403,0 77.5230409997104,12.9591589999803,0 77.5236409995756,12.9590910004392,0 77.5236730003339,12.95908700041,0 77.5239220004183,12.95905899991,0 77.52415399955849,12.9590170001625,0 77.5241790000662,12.9590140003388,0 77.52426699981091,12.9590019999461,0 77.52454700040479,12.9589609998724,0 77.52471599986259,12.9589319999934,0 77.5248820004562,12.9588910001677,0 77.52520900037131,12.9587880003763,0 77.52530400018961,12.9587549999447,0 77.5254820000257,12.9586750003402,0 77.52554400035859,12.9586500004275,0 77.52580600032429,12.9585430002026,0 77.5258279997712,12.9585340004317,0 77.52633899990801,12.9583000004235,0 77.5270079998275,12.9579570000068,0 77.527546999622,12.9576789997156,0 77.52774799976351,12.957555000212,0 77.52804500013811,12.957366000152,0 77.5281419997566,12.9573080000696,0 77.5284080001383,12.9571080000015,0 77.52862299987891,12.9569239996099,0 77.528320999641,12.955982999694,0 77.5280849999475,12.9552519995795,0 77.5279560003747,12.9548340002136,0 77.527846000446,12.9544860002524,0 77.5276969997267,12.9540619995923,0 77.52763700005831,12.953866000448,0 77.52756800013771,12.9536389999343,0 77.5275339997802,12.9535300000069,0 77.5274619997972,12.9533039997822,0 77.5274049995937,12.9530950001639,0 77.52737499969901,12.9529330003644,0 77.5273670003392,12.9528900001388,0 77.5273249997434,12.9526819996209,0 77.5272870000862,12.9524899997126,0 77.5272100004369,12.9520310000467,0 77.5271769996898,12.9518310000642,0 77.52716899970341,12.9517840001239,0 77.52713800000301,12.9516000002871,0 77.5270979998008,12.9513740001078,0 77.52705899994891,12.9511509996893,0 77.5270179999219,12.9509179999779,0 77.5269790001005,12.9506990001201,0 77.5269330001302,12.9504680003804,0 77.52692999970991,12.9504530001158,0 77.5268940001849,12.9502369995698,0 77.5268610000025,12.9500410000388,0 77.526846000422,12.9499539995724,0 77.52681499965129,12.949769000358,0 77.52678300041831,12.9495099996232,0 77.5267539996463,12.9492699997651,0 77.5267279999309,12.9488699998803,0 77.52672399980079,12.9486799999876,0 77.5267210003349,12.9485389996092,0 77.52671900024509,12.948435999805,0 77.5267189997644,12.9481400001836,0 77.5266149999275,12.9473200000662,0 77.52650999960569,12.9464040003139,0 77.5265540003155,12.9463479997584,0 77.5266670003523,12.9462950000778,0 77.5272290003215,12.9473469996655,0 77.5282899995654,12.9489179998754,0 77.5295109998072,12.9508219999468,0 77.5300970000749,12.9513389999348,0 77.5312159996313,12.9519640001653,0 77.5333739997842,12.952620000374,0 77.5342719997724,12.9529390002388,0 77.53478700017619,12.9531950002594,0 77.5359009999507,12.9540359997023,0 77.5351190002756,12.9548540000631,0 77.53484399986699,12.9552299995936,0 77.5347000003426,12.9555949997476,0 77.5345680000358,12.9561390003655,0 77.5345029995818,12.9564850003544,0 77.5344740003208,12.9566540000241,0 77.5343849999649,12.9570150000113,0 77.5341480004335,12.9576160001151,0 77.5340930003874,12.9577279997293,0 77.53393199979389,12.9580650004246,0 77.5337779998859,12.9584000004241,0 77.5334340003338,12.9591529996027,0 77.5333799997983,12.9592869998837,0 77.5332990004149,12.9594519999977,0 77.5331590000542,12.9598019995674,0 77.5331140004451,12.9599810001387,0 77.5330990003479,12.9601090003817,0 77.5331359999052,12.9603470003664,0 77.5332120002837,12.9606999998746,0 77.53333999975889,12.961057999909,0 77.533695000325,12.9618630001826,0 77.53416699995719,12.9629499999325,0 77.5347520003463,12.9643640000093,0 77.5345019999574,12.9644630000132,0 77.5341599997742,12.9645759997198,0 77.53381799991431,12.9646209999812,0 77.5334229997126,12.9646740001791,0 77.53302400021551,12.964730000322,0 77.5329970004329,12.9647290000785,0 77.5325349997609,12.9646709997719,0 77.5323279998379,12.9646669997903,0 77.53217500040481,12.9646640001571,0 77.5320420004529,12.9646620002299,0 77.53201499974089,12.9646609998913,0 77.5317449999317,12.9646549995751,0 77.5317279998816,12.9646549996319,0 77.5314379996168,12.9646480000852,0 77.5314270003354,12.9646479995703,0 77.5311290001069,12.9646459996308,0 77.5308269999214,12.9646440003037,0 77.53062199970191,12.9646419996759,0 77.530419000214,12.9646840003877,0 
						</coordinates>
					</LinearRing>
				</outerBoundaryIs>
			</Polygon>
		</Placemark>
	</Document>
	<Document>
		<name>Ward NO.133.kml</name>
		<StyleMap id="m_ylw-pushpin25">
			<Pair>
				<key>normal</key>
				<styleUrl>#s_ylw-pushpin25</styleUrl>
			</Pair>
			<Pair>
				<key>highlight</key>
				<styleUrl>#s_ylw-pushpin_hl25</styleUrl>
			</Pair>
		</StyleMap>
		<Style id="s_ylw-pushpin25">
			<IconStyle>
				<scale>1.1</scale>
				<Icon>
					<href>http://maps.google.com/mapfiles/kml/pushpin/ylw-pushpin.png</href>
				</Icon>
				<hotSpot x="20" y="2" xunits="pixels" yunits="pixels"/>
			</IconStyle>
			<LineStyle>
				<color>ffffff55</color>
				<width>3</width>
			</LineStyle>
			<PolyStyle>
				<fill>0</fill>
			</PolyStyle>
		</Style>
		<Style id="s_ylw-pushpin_hl25">
			<IconStyle>
				<scale>1.3</scale>
				<Icon>
					<href>http://maps.google.com/mapfiles/kml/pushpin/ylw-pushpin.png</href>
				</Icon>
				<hotSpot x="20" y="2" xunits="pixels" yunits="pixels"/>
			</IconStyle>
			<LineStyle>
				<color>ffffff55</color>
				<width>3</width>
			</LineStyle>
			<PolyStyle>
				<fill>0</fill>
			</PolyStyle>
		</Style>
		<Placemark>
			<name>Ward NO.133.kml</name>
			<styleUrl>#m_ylw-pushpin25</styleUrl>
			<Polygon>
				<tessellate>1</tessellate>
				<outerBoundaryIs>
					<LinearRing>
						<coordinates>
							77.5347520003463,12.9643640000093,0 77.53416699995719,12.9629499999325,0 77.533695000325,12.9618630001826,0 77.53333999975889,12.961057999909,0 77.5332120002837,12.9606999998746,0 77.5331359999052,12.9603470003664,0 77.5330990003479,12.9601090003817,0 77.5331140004451,12.9599810001387,0 77.5331590000542,12.9598019995674,0 77.5332990004149,12.9594519999977,0 77.5333799997983,12.9592869998837,0 77.5334340003338,12.9591529996027,0 77.5337779998859,12.9584000004241,0 77.53393199979389,12.9580650004246,0 77.5340930003874,12.9577279997293,0 77.5341480004335,12.9576160001151,0 77.5343849999649,12.9570150000113,0 77.5344740003208,12.9566540000241,0 77.5345029995818,12.9564850003544,0 77.5345680000358,12.9561390003655,0 77.5347000003426,12.9555949997476,0 77.53484399986699,12.9552299995936,0 77.5351190002756,12.9548540000631,0 77.5359009999507,12.9540359997023,0 77.5359829996039,12.9539589995964,0 77.5360470003142,12.9538990001232,0 77.5362309999865,12.9537260001742,0 77.5363360004104,12.9536130002828,0 77.5363899997908,12.95355600011,0 77.5365320000124,12.9534040001023,0 77.53662899970099,12.9533080001014,0 77.5367249997708,12.9530989998588,0 77.5368239997165,12.9527960002162,0 77.53685500037609,12.9527009998931,0 77.5370000003083,12.9522559997461,0 77.5370779996535,12.9520080002571,0 77.5371879998158,12.9516529998172,0 77.5372269998232,12.9515289996177,0 77.53749699992269,12.9507930003309,0 77.5375570002056,12.9506759998406,0 77.5376740004033,12.9504469998814,0 77.537828999837,12.9505869997603,0 77.5380150000536,12.9507290004145,0 77.5382619996675,12.950815000198,0 77.5384509997665,12.9508630002551,0 77.5390180003549,12.9510339997572,0 77.539189999844,12.9511420000148,0 77.53936100002571,12.9512609996944,0 77.5394749999291,12.951339999959,0 77.53972800023971,12.9515160003165,0 77.54004299968589,12.9517339998191,0 77.540211999834,12.9518449999965,0 77.5408840002481,12.9522839997078,0 77.54115499996119,12.9524529997243,0 77.5412550000072,12.9525159996307,0 77.5413389998067,12.9526050002632,0 77.54168499985271,12.95297100018,0 77.5416220000569,12.9530019995702,0 77.54105499989021,12.9531529998774,0 77.54072300027759,12.9532409997465,0 77.540744999567,12.953455999803,0 77.5407679996846,12.9537110002491,0 77.5407980002675,12.9540110001701,0 77.5403390004214,12.9540509996733,0 77.5401229996456,12.9540709998208,0 77.53994499972799,12.9540880000706,0 77.53976400043609,12.954104000401,0 77.5395860004208,12.9541219996526,0 77.5393340001478,12.9541429998177,0 77.53908800028999,12.9541660002526,0 77.5388669999444,12.9541870003938,0 77.5388869999621,12.9544380001833,0 77.5389129997567,12.9547309998484,0 77.538938000209,12.9550230000613,0 77.5389750002446,12.9553950003514,0 77.5389969997657,12.9556799998759,0 77.53901400009821,12.9559410004463,0 77.5390420003874,12.9562280004373,0 77.5390690002619,12.9564849995739,0 77.5391029996875,12.9568089995905,0 77.5391239996287,12.9569599996714,0 77.5391749995956,12.9572660002431,0 77.5392230002455,12.9575480004194,0 77.53925600005751,12.9577549997941,0 77.5392570000607,12.9579839999711,0 77.5399940000343,12.9588019997739,0 77.5405150001483,12.9594679998401,0 77.5410050003499,12.9601810003826,0 77.5416830001375,12.9611779996916,0 77.5423729997227,12.9621310002532,0 77.5428530004579,12.9628000001692,0 77.54340899964031,12.9635830000051,0 77.5435690001389,12.9637769999413,0 77.5437389997379,12.9639430002099,0 77.54382499998771,12.9640240001688,0 77.5438599998339,12.9640449997483,0 77.5436300003592,12.964328999698,0 77.5432710000948,12.9642989997811,0 77.5432039998786,12.964292999628,0 77.5430640002602,12.9642690002117,0 77.54278400026919,12.9642629997614,0 77.5423439998868,12.9642510001487,0 77.5419999998804,12.9642369995744,0 77.5416149999653,12.9642309998556,0 77.5411109996046,12.9642210000774,0 77.5410580001377,12.9642319996462,0 77.5405660001086,12.9643320000985,0 77.5400179995854,12.9644449997219,0 77.5395619998618,12.9646020002063,0 77.53913600031581,12.9647509997575,0 77.538597999971,12.9649400002157,0 77.538213999655,12.9650780000385,0 77.5383100000039,12.9655479995897,0 77.5383879997122,12.965943999687,0 77.5384710003286,12.9663599998364,0 77.5385639998685,12.9668300003551,0 77.538647000361,12.9672409996147,0 77.53873099987671,12.9676530000245,0 77.5388240002116,12.9681470000211,0 77.5376910001691,12.9684229997263,0 77.5374990004037,12.968487999855,0 77.5369820001016,12.9686759995568,0 77.536949000093,12.9686870004023,0 77.53676499965511,12.9687310003551,0 77.53666500041641,12.9684219997309,0 77.5362589997566,12.967440000084,0 77.5355130004522,12.9660219999891,0 77.535485000286,12.9659610002273,0 77.5347520003463,12.9643640000093,0 
						</coordinates>
					</LinearRing>
				</outerBoundaryIs>
			</Polygon>
		</Placemark>
	</Document>
	<Document>
		<name>Ward NO.134.kml</name>
		<StyleMap id="m_ylw-pushpin26">
			<Pair>
				<key>normal</key>
				<styleUrl>#s_ylw-pushpin26</styleUrl>
			</Pair>
			<Pair>
				<key>highlight</key>
				<styleUrl>#s_ylw-pushpin_hl26</styleUrl>
			</Pair>
		</StyleMap>
		<Style id="s_ylw-pushpin26">
			<IconStyle>
				<scale>1.1</scale>
				<Icon>
					<href>http://maps.google.com/mapfiles/kml/pushpin/ylw-pushpin.png</href>
				</Icon>
				<hotSpot x="20" y="2" xunits="pixels" yunits="pixels"/>
			</IconStyle>
			<LineStyle>
				<color>ffffff55</color>
				<width>3</width>
			</LineStyle>
			<PolyStyle>
				<fill>0</fill>
			</PolyStyle>
		</Style>
		<Style id="s_ylw-pushpin_hl26">
			<IconStyle>
				<scale>1.3</scale>
				<Icon>
					<href>http://maps.google.com/mapfiles/kml/pushpin/ylw-pushpin.png</href>
				</Icon>
				<hotSpot x="20" y="2" xunits="pixels" yunits="pixels"/>
			</IconStyle>
			<LineStyle>
				<color>ffffff55</color>
				<width>3</width>
			</LineStyle>
			<PolyStyle>
				<fill>0</fill>
			</PolyStyle>
		</Style>
		<Placemark>
			<name>Ward NO.134.kml</name>
			<styleUrl>#m_ylw-pushpin26</styleUrl>
			<Polygon>
				<tessellate>1</tessellate>
				<outerBoundaryIs>
					<LinearRing>
						<coordinates>
							77.5392570000607,12.9579839999711,0 77.53925600005751,12.9577549997941,0 77.5392230002455,12.9575480004194,0 77.5391749995956,12.9572660002431,0 77.5391239996287,12.9569599996714,0 77.5391029996875,12.9568089995905,0 77.5390690002619,12.9564849995739,0 77.5390420003874,12.9562280004373,0 77.53901400009821,12.9559410004463,0 77.5389969997657,12.9556799998759,0 77.5389750002446,12.9553950003514,0 77.538938000209,12.9550230000613,0 77.5389129997567,12.9547309998484,0 77.5388869999621,12.9544380001833,0 77.5388669999444,12.9541870003938,0 77.53908800028999,12.9541660002526,0 77.5393340001478,12.9541429998177,0 77.5395860004208,12.9541219996526,0 77.53976400043609,12.954104000401,0 77.53994499972799,12.9540880000706,0 77.5401229996456,12.9540709998208,0 77.5403390004214,12.9540509996733,0 77.5407980002675,12.9540110001701,0 77.5407679996846,12.9537110002491,0 77.540744999567,12.953455999803,0 77.54072300027759,12.9532409997465,0 77.54105499989021,12.9531529998774,0 77.5416220000569,12.9530019995702,0 77.54168499985271,12.95297100018,0 77.54180099969599,12.9530899997078,0 77.5420500000873,12.9533479998465,0 77.5422569999764,12.9535099995736,0 77.5423009999124,12.9535440003572,0 77.54250799984879,12.9536320003084,0 77.5430009997483,12.9537879997184,0 77.54349400011959,12.9539439998852,0 77.54370599987691,12.9540779996806,0 77.5437990003899,12.9541469998171,0 77.5438550001507,12.9542009996815,0 77.5441199997183,12.9544600001129,0 77.544220000162,12.9545569996962,0 77.5449950000894,12.9552169996581,0 77.545241999672,12.9553850001807,0 77.5456329997197,12.955619000346,0 77.5463710002783,12.9560609997027,0 77.54646600033119,12.9561060001671,0 77.54659900022681,12.9561679998904,0 77.54668200004031,12.9562070002573,0 77.54685399966429,12.9562689996506,0 77.5471479998095,12.9563439998339,0 77.5477089997805,12.9564650000556,0 77.54780299968991,12.95648500002,0 77.5484260000963,12.9565979997407,0 77.5480710001052,12.9572139999147,0 77.54796900041249,12.9573970002729,0 77.54794499998169,12.9574389996312,0 77.5477539996956,12.9577799997843,0 77.5477220000727,12.9578310000352,0 77.5476290003934,12.9580280000041,0 77.54743400028811,12.9583870000978,0 77.5472729999601,12.9586859998913,0 77.54712700011829,12.9589689997693,0 77.5469110004077,12.9593769995491,0 77.5466570004323,12.959812999909,0 77.54650799965999,12.9600609998353,0 77.546375999826,12.9603029997377,0 77.5463340003177,12.9603829996148,0 77.5462870001727,12.9604769997282,0 77.5462770004554,12.9604959998619,0 77.5461040000171,12.96081600038,0 77.5460210003377,12.9609550000949,0 77.5459519995795,12.9610849998694,0 77.545875000355,12.9611970004135,0 77.54582899973769,12.9612740001332,0 77.54575300024911,12.9613960003847,0 77.5455590000838,12.9617160001526,0 77.5452050001952,12.962259999825,0 77.5452310004364,12.9622730003233,0 77.5454880003546,12.9624180004231,0 77.5455719995656,12.9625240002192,0 77.5455949998514,12.9625989996753,0 77.545558999859,12.9626869997667,0 77.54536399995941,12.9628150001462,0 77.544937999908,12.9629840000178,0 77.544755000281,12.9630969998772,0 77.5446920000053,12.9631400002263,0 77.54461700019471,12.9630679999378,0 77.5444500000951,12.9632819998701,0 77.5443420003174,12.9634230000971,0 77.5442349999193,12.9635639995638,0 77.5439919995608,12.9638829997275,0 77.5438599998339,12.9640449997483,0 77.54382499998771,12.9640240001688,0 77.5437389997379,12.9639430002099,0 77.5435690001389,12.9637769999413,0 77.54340899964031,12.9635830000051,0 77.5428530004579,12.9628000001692,0 77.5423729997227,12.9621310002532,0 77.5416830001375,12.9611779996916,0 77.5410050003499,12.9601810003826,0 77.5405150001483,12.9594679998401,0 77.5399940000343,12.9588019997739,0 77.5392570000607,12.9579839999711,0 
						</coordinates>
					</LinearRing>
				</outerBoundaryIs>
			</Polygon>
		</Placemark>
	</Document>
	<Document>
		<name>Ward NO.158.kml</name>
		<StyleMap id="m_ylw-pushpin27">
			<Pair>
				<key>normal</key>
				<styleUrl>#s_ylw-pushpin27</styleUrl>
			</Pair>
			<Pair>
				<key>highlight</key>
				<styleUrl>#s_ylw-pushpin_hl27</styleUrl>
			</Pair>
		</StyleMap>
		<Style id="s_ylw-pushpin27">
			<IconStyle>
				<scale>1.1</scale>
				<Icon>
					<href>http://maps.google.com/mapfiles/kml/pushpin/ylw-pushpin.png</href>
				</Icon>
				<hotSpot x="20" y="2" xunits="pixels" yunits="pixels"/>
			</IconStyle>
			<LineStyle>
				<color>ffffff55</color>
				<width>3</width>
			</LineStyle>
			<PolyStyle>
				<fill>0</fill>
			</PolyStyle>
		</Style>
		<Style id="s_ylw-pushpin_hl27">
			<IconStyle>
				<scale>1.3</scale>
				<Icon>
					<href>http://maps.google.com/mapfiles/kml/pushpin/ylw-pushpin.png</href>
				</Icon>
				<hotSpot x="20" y="2" xunits="pixels" yunits="pixels"/>
			</IconStyle>
			<LineStyle>
				<color>ffffff55</color>
				<width>3</width>
			</LineStyle>
			<PolyStyle>
				<fill>0</fill>
			</PolyStyle>
		</Style>
		<Placemark>
			<name>Ward NO.158.kml</name>
			<styleUrl>#m_ylw-pushpin27</styleUrl>
			<Polygon>
				<tessellate>1</tessellate>
				<outerBoundaryIs>
					<LinearRing>
						<coordinates>
							77.5266670003523,12.9462950000778,0 77.5264149999856,12.9458209999776,0 77.52652599965801,12.9457750000686,0 77.52740299980491,12.9455850000767,0 77.52801600023891,12.9454520004096,0 77.52801700043651,12.9453600003395,0 77.52803400015659,12.9451880001487,0 77.5281180001212,12.945263999875,0 77.52909200006749,12.9449259999927,0 77.52933800043741,12.9448100001259,0 77.5295009999347,12.9446809996806,0 77.5296190001194,12.9445870003013,0 77.5296960003031,12.9444930004418,0 77.5298589998923,12.9442640002554,0 77.53011100025159,12.9439040000323,0 77.53029099988539,12.943623000374,0 77.5305610001371,12.9431869999633,0 77.53089600002031,12.9426119998878,0 77.5316470002909,12.9412180002651,0 77.5323269999607,12.9400539998614,0 77.5330560000795,12.9388649995775,0 77.5332649997919,12.9385440004401,0 77.53335199976119,12.9384089998193,0 77.5334320002631,12.9382980002626,0 77.5335850002125,12.9380589997839,0 77.5336220002909,12.9380039998541,0 77.53374099960629,12.9378019999918,0 77.5338609995616,12.9376139996679,0 77.5339560001449,12.9374349996592,0 77.5341389998066,12.9367970003268,0 77.53424599959919,12.9366060002698,0 77.53430700044829,12.9364960001919,0 77.5345030001795,12.9362999998577,0 77.5356929997449,12.9356559996328,0 77.5364159997339,12.9352889999417,0 77.53649399955719,12.9352439999735,0 77.5366319995463,12.9351700003104,0 77.5369820002779,12.9349819996931,0 77.5372030002235,12.9348590001475,0 77.5376319998967,12.9346150000043,0 77.5379360001521,12.9344349999027,0 77.5382180004566,12.9342559996596,0 77.53897900010401,12.933800000045,0 77.5393259999136,12.9336580001886,0 77.539353999726,12.9337770003169,0 77.5393970003374,12.9339899997593,0 77.53954199957531,12.9344479996486,0 77.53970799958191,12.9351009998118,0 77.539950999731,12.9358069999214,0 77.54008199984619,12.9361489996393,0 77.5402779996719,12.9366769996501,0 77.5404880003522,12.9372139997375,0 77.5406289999484,12.9375590003657,0 77.54064800032801,12.9376129999844,0 77.54013500015,12.9377390002062,0 77.5399160000415,12.9377880003772,0 77.5393900004218,12.9378880002012,0 77.5392690002336,12.9383710001456,0 77.53913000037571,12.9389490001899,0 77.5390270003072,12.9393929999569,0 77.53896899973191,12.9396840003145,0 77.538960000361,12.9397960001144,0 77.5389009996847,12.9403669997581,0 77.5388679997715,12.9406810002603,0 77.5388180002971,12.9410270001676,0 77.5388130001337,12.9410650001061,0 77.5387859997477,12.9415659997066,0 77.5387400003946,12.9422950002045,0 77.53868999973081,12.9431580001604,0 77.53867400018819,12.9434760001009,0 77.5391319995579,12.9434819997036,0 77.53951400018281,12.9434729996696,0 77.5400719998664,12.9434450004197,0 77.54050000036909,12.9434179998043,0 77.5411609998568,12.9433629995713,0 77.5411739997331,12.9433620000661,0 77.54163199986451,12.9433390002197,0 77.5423199995769,12.9433140000376,0 77.542338999647,12.9433129997671,0 77.5429510003775,12.9432810001641,0 77.543374000323,12.943240000189,0 77.5438059996705,12.9432199995723,0 77.5443889998658,12.9432060003334,0 77.5444680000973,12.9432030002184,0 77.5448570001605,12.9431950001324,0 77.5448920000631,12.9431910002361,0 77.5449420004565,12.9431860000833,0 77.5451960003045,12.9431250003171,0 77.5454919997654,12.9430289999716,0 77.54577899980799,12.9429440002144,0 77.54585000042999,12.9429220002194,0 77.5460639997319,12.9428540000491,0 77.5463799998068,12.9427659996766,0 77.5466840002935,12.9426839995827,0 77.54714399990451,12.9425730002577,0 77.54723900011381,12.9425539997898,0 77.5476280000523,12.9424759997066,0 77.54800599978419,12.9424029997923,0 77.5480389996399,12.9423969998062,0 77.5484229998727,12.9423160001062,0 77.54844700042359,12.9423119997956,0 77.5486409998293,12.9422759997693,0 77.54871500025151,12.942262999873,0 77.5488170000049,12.9422530003136,0 77.549118000314,12.9422249999719,0 77.54913700015339,12.9422229999932,0 77.54933599982159,12.9422070002721,0 77.5494469997567,12.9421980002157,0 77.5495579996379,12.9421879999781,0 77.54976400045631,12.9421679995763,0 77.5498709999131,12.9421589996302,0 77.550023999812,12.9421459998874,0 77.5500090002088,12.9421920001788,0 77.5500320003932,12.9423120001028,0 77.5500660000605,12.9423930000571,0 77.5501250002638,12.9424610002826,0 77.5502410004447,12.9426300003158,0 77.5502829998151,12.9427259998643,0 77.5502929995626,12.9427990004246,0 77.5502959996525,12.9428229996097,0 77.55030500030981,12.9429040001836,0 77.550306999802,12.9429210000817,0 77.5500580003245,12.9429580003008,0 77.5500500001114,12.9429749995651,0 77.5498679997976,12.9433249999227,0 77.5498279995759,12.9434099998399,0 77.54981099956289,12.9434650001468,0 77.54973500011189,12.9438250001294,0 77.5496929998675,12.9440289996009,0 77.5496719998725,12.9441469996978,0 77.5496370001563,12.944326999708,0 77.5496160003095,12.9444249998053,0 77.54956100024771,12.9446329996222,0 77.5494899996755,12.9449520002772,0 77.549478999941,12.9449869997052,0 77.54946499978649,12.9449889996185,0 77.5494689999145,12.9449799999192,0 77.54880500019731,12.9450689996713,0 77.54885100045141,12.9453850001946,0 77.5485000001089,12.9454400002852,0 77.54819400029341,12.9454900000891,0 77.5477750001746,12.9455590002628,0 77.5470609996886,12.9456899999822,0 77.5469199996528,12.9457070000021,0 77.5469640002111,12.9459349996726,0 77.54693899976409,12.9459360002372,0 77.54674399977161,12.9459460003111,0 77.5465750004161,12.9459500000925,0 77.54632299955991,12.9459559998273,0 77.546151000009,12.945959999742,0 77.546001999597,12.9459759996388,0 77.545972999696,12.9458289997901,0 77.5459119996523,12.9458369996979,0 77.54589800026621,12.9458370000521,0 77.5458909995568,12.9458330001382,0 77.5458819996127,12.9458130003818,0 77.5458749996168,12.9457610001561,0 77.5458350000261,12.9457089997969,0 77.5455570001228,12.9457910003595,0 77.5454129997441,12.9454700001803,0 77.5453519998662,12.9453090000291,0 77.5450429995809,12.9453999995776,0 77.54471799995341,12.9454960003371,0 77.5445009995899,12.9455599996862,0 77.5444849995949,12.945565000316,0 77.5442100002634,12.945651999795,0 77.54400300034359,12.9457169997504,0 77.5438959999739,12.9457460003812,0 77.5435839999497,12.9458309997224,0 77.54355100040949,12.9458399996559,0 77.5432769995605,12.9459140002427,0 77.5429740003748,12.9460020000335,0 77.5429479995465,12.9460089999801,0 77.5426549998833,12.9460929997693,0 77.54264899962131,12.9460949998747,0 77.5423699999432,12.9461660000725,0 77.54236000010209,12.9461689995833,0 77.5420730001069,12.9462379995692,0 77.5420639996927,12.9462400000204,0 77.5417409996147,12.9463160004133,0 77.5414720001274,12.9463970002683,0 77.5414469995553,12.9464050004022,0 77.5413019996839,12.9464509999627,0 77.54116499976431,12.9464819997205,0 77.5411430002262,12.9464869999511,0 77.5408710000393,12.9465509999062,0 77.5408560002178,12.9465540002378,0 77.5406789996882,12.946596000173,0 77.54053999975081,12.9466220003516,0 77.5402710002066,12.9466730002495,0 77.540096999572,12.9467070001543,0 77.54006099955529,12.9467139997412,0 77.54001599998981,12.9467159996096,0 77.5398539998873,12.9467080001786,0 77.5395240003832,12.946592000056,0 77.5390240003142,12.946397999682,0 77.5389650004086,12.9463870002103,0 77.5384719995715,12.9463989996877,0 77.53841299959841,12.9463989998563,0 77.5380330000846,12.9458509998824,0 77.53804799986619,12.9453939995729,0 77.5371699999186,12.9455020002605,0 77.5379009998539,12.946087000373,0 77.5381240002974,12.9466199999599,0 77.5383140002064,12.9472919999766,0 77.53835699989941,12.9478629998611,0 77.5383689997179,12.9486419999312,0 77.5383869995549,12.9487210002956,0 77.5383619995569,12.9487230002282,0 77.5381199997872,12.9487300000305,0 77.5379460000981,12.9485930004486,0 77.537901999959,12.948387000177,0 77.5379060001958,12.9482919999757,0 77.5377969999379,12.9484120002379,0 77.53753299999261,12.948609999979,0 77.5374000000192,12.9489280003627,0 77.5373779995459,12.9492369997946,0 77.5374500000581,12.9494120003719,0 77.5382950003475,12.949917000022,0 77.5384000000538,12.9501540001074,0 77.53847499978841,12.9503979998333,0 77.5384629999088,12.9507630000166,0 77.5384509997665,12.9508630002551,0 77.5382619996675,12.950815000198,0 77.5380150000536,12.9507290004145,0 77.537828999837,12.9505869997603,0 77.5376740004033,12.9504469998814,0 77.5375570002056,12.9506759998406,0 77.53749699992269,12.9507930003309,0 77.5372269998232,12.9515289996177,0 77.5371879998158,12.9516529998172,0 77.5370779996535,12.9520080002571,0 77.5370000003083,12.9522559997461,0 77.53685500037609,12.9527009998931,0 77.5368239997165,12.9527960002162,0 77.5367249997708,12.9530989998588,0 77.53662899970099,12.9533080001014,0 77.5365320000124,12.9534040001023,0 77.5363899997908,12.95355600011,0 77.5363360004104,12.9536130002828,0 77.5362309999865,12.9537260001742,0 77.5360470003142,12.9538990001232,0 77.5359829996039,12.9539589995964,0 77.5359009999507,12.9540359997023,0 77.53478700017619,12.9531950002594,0 77.5342719997724,12.9529390002388,0 77.5333739997842,12.952620000374,0 77.5312159996313,12.9519640001653,0 77.5300970000749,12.9513389999348,0 77.5295109998072,12.9508219999468,0 77.5282899995654,12.9489179998754,0 77.5272290003215,12.9473469996655,0 77.5266670003523,12.9462950000778,0 
						</coordinates>
					</LinearRing>
				</outerBoundaryIs>
			</Polygon>
		</Placemark>
	</Document>
	<Document>
		<name>Ward NO.159.kml</name>
		<StyleMap id="m_ylw-pushpin28">
			<Pair>
				<key>normal</key>
				<styleUrl>#s_ylw-pushpin28</styleUrl>
			</Pair>
			<Pair>
				<key>highlight</key>
				<styleUrl>#s_ylw-pushpin_hl28</styleUrl>
			</Pair>
		</StyleMap>
		<Style id="s_ylw-pushpin28">
			<IconStyle>
				<scale>1.1</scale>
				<Icon>
					<href>http://maps.google.com/mapfiles/kml/pushpin/ylw-pushpin.png</href>
				</Icon>
				<hotSpot x="20" y="2" xunits="pixels" yunits="pixels"/>
			</IconStyle>
			<LineStyle>
				<color>ffffff55</color>
				<width>3</width>
			</LineStyle>
			<PolyStyle>
				<fill>0</fill>
			</PolyStyle>
		</Style>
		<Style id="s_ylw-pushpin_hl28">
			<IconStyle>
				<scale>1.3</scale>
				<Icon>
					<href>http://maps.google.com/mapfiles/kml/pushpin/ylw-pushpin.png</href>
				</Icon>
				<hotSpot x="20" y="2" xunits="pixels" yunits="pixels"/>
			</IconStyle>
			<LineStyle>
				<color>ffffff55</color>
				<width>3</width>
			</LineStyle>
			<PolyStyle>
				<fill>0</fill>
			</PolyStyle>
		</Style>
		<Placemark>
			<name>Ward NO.159.kml</name>
			<styleUrl>#m_ylw-pushpin28</styleUrl>
			<Polygon>
				<tessellate>1</tessellate>
				<outerBoundaryIs>
					<LinearRing>
						<coordinates>
							77.4913619997194,12.9331679998177,0 77.4913370000483,12.9333549997182,0 77.49100400029511,12.9328849999121,0 77.49058400027511,12.9322909995564,0 77.4904560004103,12.932185999618,0 77.49028299974211,12.932184999559,0 77.4901520003601,12.9322230001764,0 77.48971600005891,12.932347000111,0 77.4895419998083,12.9323980003089,0 77.4893489995786,12.9324529999392,0 77.48895000000169,12.9325669997892,0 77.48838900009341,12.9327250003084,0 77.4882130002884,12.9327209999055,0 77.48803899986881,12.9326510001132,0 77.4879770000296,12.9325919999912,0 77.4879319999354,12.9325480003078,0 77.48791799973711,12.9325230001659,0 77.48785900041599,12.9324159998257,0 77.48766700014809,12.9318160004422,0 77.48753399962661,12.931399000432,0 77.4869950003179,12.9297169997795,0 77.48693100013379,12.9295259999541,0 77.4869230003757,12.9295010003331,0 77.48687400016441,12.9293569996713,0 77.48684600003629,12.9292720000859,0 77.4867990001386,12.9291299996598,0 77.48675199985991,12.9289899995788,0 77.4866840004098,12.9287879996151,0 77.48661499989601,12.9285979995714,0 77.4865729997334,12.9284820003653,0 77.4864059998571,12.9280220000039,0 77.4863149996052,12.9277700003763,0 77.48630000024831,12.9277299996501,0 77.4862149998954,12.9274960002378,0 77.4862009997529,12.9274570000981,0 77.48609699999869,12.9271790002118,0 77.48609599967619,12.9271749999844,0 77.4859919997425,12.9268949996511,0 77.4858840002278,12.926605000287,0 77.4858020003559,12.9263849998399,0 77.48565999985929,12.9260039996025,0 77.4856249996854,12.9259099997259,0 77.48551000022989,12.9255989996635,0 77.4854980002662,12.9255669997331,0 77.4853559999858,12.9251860000527,0 77.48534799965709,12.9251650001532,0 77.48523500024859,12.9248599999493,0 77.48511699970101,12.92454299991,0 77.4849890001725,12.9241439996512,0 77.4849050000764,12.9238840004487,0 77.48443600025681,12.9240230001739,0 77.4840299998136,12.9241620003758,0 77.4836530000364,12.9242909995934,0 77.4832160000968,12.9244410002389,0 77.48275799982579,12.9246119996721,0 77.48249000033189,12.923905999944,0 77.4823099999718,12.9234270004272,0 77.4820450000837,12.9235339995863,0 77.4818479999136,12.9236140001896,0 77.4817410003069,12.9236580002297,0 77.48170999976161,12.923669999951,0 77.4815259999764,12.9237449995925,0 77.4814370004234,12.9237810003855,0 77.48141700004921,12.9238020001507,0 77.4814099995601,12.92377699976,0 77.48140500044811,12.9237599998849,0 77.4813679996146,12.9236739997119,0 77.4813329997599,12.9235939996814,0 77.4812679999699,12.9236199998952,0 77.4812340000655,12.9235160003704,0 77.4812059999973,12.9234309997056,0 77.48115599998189,12.923447000011,0 77.48111599981409,12.9233479996904,0 77.4810800000481,12.9232669998881,0 77.4809619999828,12.9229720000535,0 77.48002000018781,12.9233150004262,0 77.479026000292,12.9237049999217,0 77.47905899974791,12.9238170000336,0 77.479099000185,12.9239159998879,0 77.4791509996362,12.9240509999575,0 77.4793049999781,12.9241950003939,0 77.4794890000604,12.9246729999096,0 77.4794720002606,12.9247980002837,0 77.4792609996138,12.9247479996978,0 77.47915100007,12.9248229996557,0 77.4790319998955,12.9248289999772,0 77.4790059997121,12.925004000275,0 77.4791169997136,12.9251029996728,0 77.4791650000285,12.9251849998277,0 77.4791230004469,12.9253029996806,0 77.4791309999337,12.9253930000293,0 77.47916400006589,12.9254470001392,0 77.4792660003103,12.9254460004115,0 77.4793729995417,12.9254550001806,0 77.47943600010299,12.9255980000647,0 77.4795069996501,12.9257050003679,0 77.4795949999999,12.9257439999762,0 77.4796279995421,12.9258259997736,0 77.4796600002951,12.9258769996962,0 77.4796040002507,12.925990999982,0 77.4796159996049,12.926091000265,0 77.4797049996541,12.9261869999634,0 77.47972799976159,12.9262979998301,0 77.4796739999809,12.9263269997204,0 77.4795720003662,12.9263710004027,0 77.4794809995462,12.9264259997757,0 77.4794159998782,12.9264980000766,0 77.47939099997539,12.9265739996248,0 77.4793839996435,12.9266059997906,0 77.47932199990549,12.9266710000937,0 77.47930799995071,12.9267250003711,0 77.479253999927,12.9267830001578,0 77.479164000325,12.9268730000513,0 77.47913500010669,12.9269270000871,0 77.47913600022279,12.9269850004439,0 77.47915099964951,12.9270310001911,0 77.4791179998933,12.9270710003927,0 77.4790599995726,12.9271140001436,0 77.4790459995827,12.9271499997893,0 77.4790499996999,12.9272010001637,0 77.4790609997938,12.927243000126,0 77.4791089995724,12.9272539996934,0 77.4791599997363,12.9272530001408,0 77.4792260000489,12.9272380000222,0 77.4793170002232,12.9272369998575,0 77.4793760000168,12.9272689999408,0 77.47939100039061,12.9273080001635,0 77.4793949997616,12.9273549997853,0 77.47942800044009,12.9273939997265,0 77.47947199993941,12.9273939999554,0 77.47952299995779,12.9273899997727,0 77.47953800035761,12.9273749999162,0 77.47957400007439,12.9273640000218,0 77.4796179997152,12.9273669998777,0 77.4796689997455,12.9273990000088,0 77.4797240002875,12.9273980002722,0 77.4797900004227,12.9273800003599,0 77.4798630003218,12.927379000299,0 77.48051800021101,12.9282459997102,0 77.480576999855,12.9282030000731,0 77.48050800022619,12.9281119995778,0 77.48121899980229,12.9277440002288,0 77.4818790004425,12.9287750003605,0 77.48223900033911,12.9294099997272,0 77.4822640001035,12.9295130002966,0 77.4787879999421,12.9302880003954,0 77.47719099986401,12.9304260002887,0 77.47717699972971,12.9298590002671,0 77.477172999557,12.9294979997532,0 77.4771609999019,12.9281880000061,0 77.4771320004031,12.9267200000628,0 77.47708300009729,12.9266859998742,0 77.47610400036081,12.9268319999893,0 77.4761049995621,12.9269009998404,0 77.474263000299,12.9270650004184,0 77.4740989998558,12.9266390003965,0 77.473966999835,12.9266209998284,0 77.4739179997148,12.9266139995542,0 77.4738330003795,12.9266019998857,0 77.4735030002102,12.9265559995985,0 77.4734140003096,12.926547999614,0 77.4733579996314,12.9263810000215,0 77.4729889997967,12.9251289996772,0 77.47273399955399,12.9242819997623,0 77.47263199966029,12.9238210002407,0 77.4725359997795,12.9237249996625,0 77.47245200014849,12.9234039997448,0 77.47202500039199,12.9220089997483,0 77.47194900011669,12.9217739997104,0 77.4717280000766,12.921071000253,0 77.4716969999368,12.9210549997834,0 77.4714299996936,12.9201919999535,0 77.4713240003245,12.9198529997751,0 77.47120199974199,12.9194720001576,0 77.4710399999089,12.9189939998951,0 77.4709309996838,12.9187679997207,0 77.4708080001447,12.9185699999762,0 77.4707880003584,12.9185339998214,0 77.4705059998042,12.9176509995814,0 77.4705170001784,12.9175650000599,0 77.4706260001677,12.9174120001117,0 77.470621000169,12.917250000057,0 77.4705740003991,12.9170129998792,0 77.47052099958159,12.9168080002528,0 77.47041800022249,12.9166059998337,0 77.47040899983161,12.9164269999849,0 77.4703499999744,12.9162510002546,0 77.4702030004063,12.915625000046,0 77.4701360001238,12.9153560001543,0 77.4701259995683,12.9152479998715,0 77.470092000435,12.915106999757,0 77.47002600013781,12.9149069999972,0 77.4698610004031,12.9146569998014,0 77.4698300000798,12.9145659998576,0 77.46948799961589,12.9135450000884,0 77.4693669997488,12.9132379996726,0 77.46918699992381,12.912810999715,0 77.4690150001918,12.9124050002422,0 77.46900999978089,12.9123930000098,0 77.4689040002345,12.9121529995465,0 77.4688800004032,12.9119740001987,0 77.46851899960021,12.9119719997818,0 77.46859200043809,12.9106929999968,0 77.4668320001245,12.9106359997486,0 77.46681200001299,12.9105880003422,0 77.46649099978571,12.9101249998038,0 77.4665919996233,12.9068459997832,0 77.46435599998161,12.906507999767,0 77.46430800037569,12.9065150002186,0 77.4640330002282,12.9064799996448,0 77.463678999645,12.9063789995835,0 77.46296599997279,12.9063779998214,0 77.46217600013711,12.9064439996129,0 77.4602289998398,12.9066129998923,0 77.4602479998008,12.9065820000491,0 77.46009100029529,12.9049989997616,0 77.4600790003249,12.9049510001169,0 77.46008700003181,12.9015480003937,0 77.4601990001953,12.9003499996335,0 77.4602360001317,12.9002020004198,0 77.45991599959549,12.8997430002222,0 77.46006200041541,12.8995870002607,0 77.4617290003615,12.8973499995946,0 77.4618079999095,12.8972550004403,0 77.4623850001303,12.8976229998073,0 77.4630050000989,12.8979859999801,0 77.46315299964949,12.8980730001157,0 77.4640070002782,12.8985120000715,0 77.4643710001732,12.8987369996082,0 77.4653229997881,12.8996340002608,0 77.4654080003374,12.8997139996485,0 77.46585400041501,12.9000080003516,0 77.46622299972751,12.9002240001148,0 77.4673980003994,12.9009699999716,0 77.46765000020319,12.9011300000045,0 77.46789000029371,12.9012929997579,0 77.4683439996172,12.9016029995899,0 77.4690059997524,12.9021309998646,0 77.4693529995736,12.9024369998422,0 77.469717000413,12.9028989997739,0 77.46982699999209,12.903038000173,0 77.4707239997833,12.9046010002658,0 77.4708269997079,12.9047289999067,0 77.47089600021,12.9048079997755,0 77.47099700045069,12.9049249998426,0 77.4711810002001,12.9050969999723,0 77.4721579997194,12.9056919998117,0 77.4726429997373,12.9060650004318,0 77.47322200037711,12.9065209998206,0 77.4732690001432,12.9065449995952,0 77.47389299966019,12.9068680003385,0 77.4739319998415,12.9068779998529,0 77.474290999603,12.9069690000678,0 77.47464299998811,12.9070239995597,0 77.4751469998025,12.9071019998147,0 77.4752139995537,12.9071120004472,0 77.4755869996405,12.9072670002065,0 77.4759170001776,12.9074880000212,0 77.4759649997101,12.9075150002652,0 77.4772080000141,12.9082749996205,0 77.4775049999251,12.9084579999931,0 77.4778160002341,12.9086270000829,0 77.4779800003042,12.9087149999659,0 77.4781119997174,12.9087699997969,0 77.4793350000655,12.9092780002561,0 77.4801029998782,12.909566000098,0 77.4803749997028,12.9096580001283,0 77.4810279998357,12.9098800002901,0 77.4811049995526,12.9099060003004,0 77.48116600010719,12.9099310002537,0 77.4817469999996,12.9101659996907,0 77.48185300001801,12.9102089999668,0 77.4819470002158,12.9102289997182,0 77.4819969999039,12.9102400001801,0 77.4821399998098,12.9102699996851,0 77.4825780001682,12.9102700003905,0 77.48262399967579,12.9102670000187,0 77.482641999884,12.9102660004492,0 77.48312600013899,12.9102389999537,0 77.48344699980341,12.9102220004079,0 77.4839440003026,12.9102090002865,0 77.48401500000629,12.9102079999658,0 77.48413600042019,12.9102250000307,0 77.4842870003104,12.9102670003377,0 77.4843420000164,12.9103200002258,0 77.4844399999769,12.9104229996766,0 77.4844600001536,12.9104870000799,0 77.4845249998087,12.9106989998476,0 77.4845459995506,12.9107660003131,0 77.4846039999078,12.9109389998392,0 77.4846569997713,12.9111130000974,0 77.48481600014919,12.9116489996553,0 77.48508200045261,12.9125539997542,0 77.4851029998906,12.9126049999105,0 77.48514700042379,12.9127099997863,0 77.48515800038651,12.9127370003431,0 77.48525099961491,12.9128510000463,0 77.4853340000903,12.9129229995475,0 77.4855700002509,12.9130820000564,0 77.4857740001036,12.9132010003147,0 77.48602399966521,12.9134449999826,0 77.486338999853,12.9138220001102,0 77.4873790001908,12.9148520002453,0 77.4876180000923,12.9150719997556,0 77.4878949998028,12.9153149998108,0 77.48819700011749,12.9155150001921,0 77.48850299956069,12.9156529996699,0 77.48870900016681,12.9157290000339,0 77.4892200002689,12.9160059996667,0 77.4895250003806,12.9162100001112,0 77.4899259996981,12.9166489995823,0 77.4905380001933,12.9174710002353,0 77.4905570003264,12.9176329996839,0 77.4907539995892,12.9179750002687,0 77.4911469995572,12.9186549995688,0 77.4914670000271,12.9191269998296,0 77.49186800019569,12.9194979999428,0 77.49270699955019,12.9201489996668,0 77.4929819996246,12.9206160004368,0 77.4934729999305,12.921410000075,0 77.49376100029311,12.9216329995616,0 77.4941640001493,12.9218169997917,0 77.49464699964901,12.9220530000982,0 77.4947309998572,12.9221009998843,0 77.4956890000356,12.9226489999556,0 77.4959110001501,12.9227420004135,0 77.4963280002826,12.9229179996665,0 77.4969560002374,12.9231239997119,0 77.4972699997378,12.9233340000302,0 77.4984340002492,12.9244709997009,0 77.49933200005221,12.9253490000314,0 77.4992829995436,12.9254599995911,0 77.4990189995505,12.9259090002317,0 77.4989749999275,12.9259710003752,0 77.49821299992,12.9254810000984,0 77.4979809998964,12.925348999918,0 77.4975370000334,12.92514000033,0 77.4972260000514,12.9249820000677,0 77.4967970003303,12.9248019996306,0 77.4964859999253,12.9246600002084,0 77.4959479999745,12.9244209996489,0 77.4951299995988,12.9240470003612,0 77.4943729997136,12.9237030004038,0 77.4935900002872,12.9233499998418,0 77.4927489996505,12.9229999998642,0 77.4918900003792,12.9225880003977,0 77.49102499963681,12.9221859997274,0 77.4900620000994,12.9217629997979,0 77.4891439998147,12.9213569997664,0 77.4877739998729,12.9207209997004,0 77.4877510003745,12.9209399998999,0 77.48759299977161,12.921156000369,0 77.4876010000839,12.9211770001945,0 77.48778600029461,12.9218279996419,0 77.4878159998582,12.921934000239,0 77.48785300023791,12.9220660002191,0 77.4880580001969,12.9227849996999,0 77.4880709998982,12.9228200004323,0 77.488405999707,12.9227089998628,0 77.4886259999378,12.9229819996033,0 77.4887380002737,12.923061000262,0 77.48879600004091,12.9231029995683,0 77.4890929998971,12.9233110001074,0 77.48910899992001,12.9233160002062,0 77.48912400034111,12.9233220000771,0 77.48913799976479,12.9233270002792,0 77.4891649998853,12.9235640002177,0 77.4892260004072,12.9240980000301,0 77.4892270003114,12.9241039996979,0 77.4893589998333,12.9249759997084,0 77.48939299982909,12.9250450003303,0 77.4895219999166,12.9253030003443,0 77.4895390000413,12.9253350001896,0 77.4895639996505,12.9253850001172,0 77.4896620004566,12.9255760000701,0 77.4899049996953,12.9260519999888,0 77.4899269996082,12.9261270004049,0 77.49004999990611,12.9265530003817,0 77.4901029997126,12.9267690002008,0 77.4901930002341,12.9271359999233,0 77.490202999605,12.9271710001707,0 77.4902869995646,12.9274470002248,0 77.4903620003718,12.9276980003465,0 77.490445999862,12.9279740002842,0 77.4904490003251,12.9279849998017,0 77.4904599996898,12.9281829995706,0 77.4904640002553,12.9282430000556,0 77.49048399993509,12.9285929996392,0 77.4904870004362,12.9286169996565,0 77.4905119996871,12.9288419997645,0 77.49052799957229,12.9289849998263,0 77.49056700035069,12.9293299995938,0 77.4905699997523,12.9293549997942,0 77.4905919997848,12.9295509998511,0 77.4906309996291,12.9299019997369,0 77.4906569998476,12.9301349997635,0 77.4907450001014,12.9304699996429,0 77.49076699993201,12.9305539996472,0 77.49096700033191,12.9310860002964,0 77.4911179995492,12.9313489999336,0 77.49123999978249,12.9315620000942,0 77.4913519997454,12.9318420000049,0 77.49136799973211,12.9318950002183,0 77.4913619997194,12.9331679998177,0 
						</coordinates>
					</LinearRing>
				</outerBoundaryIs>
			</Polygon>
		</Placemark>
	</Document>
	<Document>
		<name>Ward NO.161.kml</name>
		<StyleMap id="m_ylw-pushpin29">
			<Pair>
				<key>normal</key>
				<styleUrl>#s_ylw-pushpin29</styleUrl>
			</Pair>
			<Pair>
				<key>highlight</key>
				<styleUrl>#s_ylw-pushpin_hl29</styleUrl>
			</Pair>
		</StyleMap>
		<Style id="s_ylw-pushpin29">
			<IconStyle>
				<scale>1.1</scale>
				<Icon>
					<href>http://maps.google.com/mapfiles/kml/pushpin/ylw-pushpin.png</href>
				</Icon>
				<hotSpot x="20" y="2" xunits="pixels" yunits="pixels"/>
			</IconStyle>
			<LineStyle>
				<color>ffffff55</color>
				<width>3</width>
			</LineStyle>
			<PolyStyle>
				<fill>0</fill>
			</PolyStyle>
		</Style>
		<Style id="s_ylw-pushpin_hl29">
			<IconStyle>
				<scale>1.3</scale>
				<Icon>
					<href>http://maps.google.com/mapfiles/kml/pushpin/ylw-pushpin.png</href>
				</Icon>
				<hotSpot x="20" y="2" xunits="pixels" yunits="pixels"/>
			</IconStyle>
			<LineStyle>
				<color>ffffff55</color>
				<width>3</width>
			</LineStyle>
			<PolyStyle>
				<fill>0</fill>
			</PolyStyle>
		</Style>
		<Placemark>
			<name>Ward NO.161.kml</name>
			<styleUrl>#m_ylw-pushpin29</styleUrl>
			<Polygon>
				<tessellate>1</tessellate>
				<outerBoundaryIs>
					<LinearRing>
						<coordinates>
							77.5345030001795,12.9362999998577,0 77.53430700044829,12.9364960001919,0 77.53424599959919,12.9366060002698,0 77.5342270004309,12.9365889999243,0 77.53411300030599,12.9364759998594,0 77.5337550000897,12.9358240002307,0 77.533766000021,12.9358210004207,0 77.53376599994959,12.9358229998124,0 77.5340719997434,12.9358340003992,0 77.53400800018299,12.9356979997124,0 77.53395099966779,12.9355780001963,0 77.5339029996458,12.935475999872,0 77.5338739998413,12.9354130004425,0 77.53387399978,12.9353579995778,0 77.5338719995699,12.9352319995683,0 77.5338719996102,12.9352310003242,0 77.5338710003147,12.9350869996841,0 77.53387100035511,12.93508600044,0 77.53387299956,12.9349330000573,0 77.5337260001417,12.9349309996331,0 77.533712000295,12.9349320002791,0 77.5335640004448,12.9349329999869,0 77.5332610002972,12.9349360004437,0 77.5328560004032,12.9349779995721,0 77.5328580000524,12.9349300001562,0 77.5328639996862,12.9347920000787,0 77.53286000042711,12.9344159995715,0 77.5328620001398,12.9344160000264,0 77.5330090003597,12.9344149996386,0 77.53300599989809,12.9343270004143,0 77.53295299982391,12.9343270001991,0 77.5329520000179,12.9342140004292,0 77.53326700034761,12.93423699979,0 77.5332779999295,12.9341649997662,0 77.5331520003805,12.9341559999111,0 77.5331620003257,12.9340409996301,0 77.5331729999407,12.9339689996058,0 77.5336330001052,12.9339919995632,0 77.5337469995924,12.9337020003544,0 77.5337719997116,12.9336030003807,0 77.5339360001737,12.933134999638,0 77.534012000166,12.9330389997215,0 77.53408600045449,12.9329689995568,0 77.5341299996585,12.93265500019,0 77.53411400040071,12.9325419998718,0 77.5341710003657,12.9324319999831,0 77.5342520004133,12.9323170001699,0 77.5342619999975,12.9320899997285,0 77.5342670002312,12.9320459997873,0 77.53427000034741,12.9320150004111,0 77.5342770003175,12.9319420002659,0 77.534280000287,12.9319149996726,0 77.53428199975799,12.9318939997443,0 77.534296000426,12.9317540003301,0 77.5342570002977,12.931572000116,0 77.5342660003371,12.9307620003939,0 77.5342650000689,12.9307610000261,0 77.5342670000087,12.9305669999312,0 77.53434099995511,12.9303270001129,0 77.53446100034419,12.930172999707,0 77.53448599963779,12.9301409996761,0 77.5346210002369,12.9299710002159,0 77.53481900039711,12.9295910001265,0 77.534831999817,12.9295569998313,0 77.5348679996023,12.9295769999136,0 77.5348959999709,12.9295920001878,0 77.53499600023279,12.9295530003436,0 77.53513700010041,12.9294979999504,0 77.5351839995898,12.929541999611,0 77.535197999988,12.9295430001306,0 77.53519000006131,12.9293799997687,0 77.5351659995424,12.9293779996049,0 77.5350179998977,12.9293369997247,0 77.5349519997182,12.9293149999508,0 77.5349629998783,12.9292119999188,0 77.5349900000078,12.92911200026,0 77.53497900011931,12.9290389997561,0 77.53487400042231,12.9285300001847,0 77.5348370000582,12.9283340002047,0 77.53480600022731,12.9279080002669,0 77.5348240002599,12.9277099995806,0 77.5348510003019,12.9276130003873,0 77.53497199989179,12.927370999958,0 77.5350579997876,12.9272279999252,0 77.5351550003399,12.9271279995958,0 77.5353160000123,12.9270440004424,0 77.5362559998643,12.9267970004102,0 77.53692700027599,12.9266150003063,0 77.53686899974019,12.9263429996782,0 77.5367410004411,12.9258009995854,0 77.5367529996455,12.925268999655,0 77.5367890004008,12.9248199998595,0 77.5367959995464,12.9246299998984,0 77.5367669996858,12.9244809998647,0 77.5367349998041,12.92405900001,0 77.5367400000921,12.9238480001409,0 77.53683300020541,12.9235410000836,0 77.5369550002118,12.9234009999758,0 77.5370530002357,12.9233519997323,0 77.5371610003383,12.9233599999914,0 77.53733200005919,12.9233910000422,0 77.5376369996586,12.9234240002526,0 77.5377440000008,12.9234830002191,0 77.53824099985189,12.9238809997787,0 77.538323999859,12.9240849999694,0 77.53838600001561,12.9242429998433,0 77.5388649997241,12.9246679996426,0 77.5394099997505,12.9245929996287,0 77.5397290001428,12.9245570000018,0 77.5398159997718,12.924499999836,0 77.5399380001345,12.9244110004465,0 77.5402259995931,12.9242269997725,0 77.54029099974321,12.9241560001932,0 77.5402980001801,12.9240710002795,0 77.5402659997214,12.923331999798,0 77.5402210004594,12.9232339999782,0 77.5401690003653,12.9230780003266,0 77.54014999997671,12.923022000126,0 77.5401420001094,12.9229979995493,0 77.5400359995444,12.9224370001202,0 77.5399349997892,12.92218800034,0 77.5397069996723,12.9219299998469,0 77.5394129999147,12.9218739998785,0 77.5393700001175,12.9217710004056,0 77.53930099982099,12.9214219997391,0 77.5391319999016,12.9210330001317,0 77.539017999663,12.9207729999,0 77.5389929999676,12.9204480000456,0 77.53894299960319,12.9201999996659,0 77.53893599962861,12.9202020002731,0 77.5389280002486,12.9201299999036,0 77.5389099996883,12.920041000379,0 77.5387529997855,12.9197369997197,0 77.53860699959731,12.9195680000246,0 77.5385819996352,12.9193599997747,0 77.5386009995668,12.9192269999497,0 77.5386510000946,12.9191199996958,0 77.5388349996462,12.9188039997124,0 77.5388049999348,12.9187179998141,0 77.53857300018031,12.918486999661,0 77.5384349998283,12.9183650001155,0 77.53837299962569,12.9183189999297,0 77.5383350003619,12.9182210000754,0 77.53837699993529,12.9180780001663,0 77.53843100016761,12.9180160001373,0 77.5385240001159,12.9179419995573,0 77.5389089995594,12.9177250003814,0 77.5391999996223,12.9175360000935,0 77.539404999722,12.9174939997751,0 77.539879000417,12.9176980003749,0 77.5404580001331,12.9180189998422,0 77.54071899988119,12.9181850002022,0 77.54086499988431,12.9182729996614,0 77.5411889997507,12.9183920003092,0 77.5414159999722,12.9185150002379,0 77.5416799996018,12.9186839995651,0 77.54197400025571,12.9188009999112,0 77.5420149999845,12.918817999772,0 77.5420600001076,12.9189559995918,0 77.54207500035901,12.9190109996028,0 77.5422400002076,12.9194370003428,0 77.54225399954019,12.9194769998114,0 77.5423800000784,12.9196819999637,0 77.5424109999671,12.9197259997618,0 77.54250599989651,12.9198900004493,0 77.54263899994029,12.9200879998991,0 77.5427749998935,12.9203039996786,0 77.54282499973959,12.9203929996008,0 77.5429060002574,12.9205749998237,0 77.5429539995522,12.9206849995782,0 77.5430209997685,12.9208310000094,0 77.5430759998775,12.9209639998283,0 77.5431259996798,12.9211020002588,0 77.543171000228,12.9212209997051,0 77.5432090001202,12.9213149996578,0 77.54328100000571,12.9214859999585,0 77.5433570000753,12.9216640001795,0 77.543402000067,12.9217620001966,0 77.54346699961,12.9218819999661,0 77.5434870000781,12.9221060002428,0 77.5435039999615,12.922301000356,0 77.5435029995638,12.9223350004497,0 77.5434989997007,12.9225000003845,0 77.5434959995968,12.9225620004276,0 77.54349099996151,12.9226070003894,0 77.543477999831,12.9227149995723,0 77.5434559999246,12.9228739996965,0 77.54344700008529,12.9229400000456,0 77.54341300027509,12.923212000255,0 77.5434179996835,12.9232269997317,0 77.54344799989209,12.9233110002209,0 77.54351500017231,12.9235419996731,0 77.54352600019411,12.9235810000681,0 77.54359800007251,12.9238430002911,0 77.5436280003817,12.9239519997397,0 77.54369500029109,12.9241320000234,0 77.543699000408,12.9241439997697,0 77.5438070001674,12.9244399997991,0 77.54393300044561,12.9247699998084,0 77.5440469997345,12.9250570004131,0 77.5440649999866,12.9251229995531,0 77.5443270003458,12.9260540000091,0 77.544449999731,12.926003999813,0 77.5445940001575,12.9259469997906,0 77.5448020003227,12.9258629997098,0 77.5449620003067,12.9262100003082,0 77.5452019998795,12.9267330003111,0 77.54543400007459,12.9272329997394,0 77.54570599986189,12.9271200001344,0 77.5459580001133,12.9275689998914,0 77.5461119997517,12.9278439999294,0 77.546234999711,12.9280669996845,0 77.5459099997431,12.9283259999017,0 77.545576999883,12.9286180002645,0 77.54467400019161,12.9293650001262,0 77.54375799988379,12.9302440003381,0 77.54347900043931,12.9305060002137,0 77.54345600022221,12.9305279998909,0 77.54314600029009,12.9308069997046,0 77.5428679998673,12.9310539999307,0 77.5424270003116,12.9314160004063,0 77.5416120002634,12.9320310000186,0 77.54145799974501,12.9321420003103,0 77.5410330004059,12.93243599975,0 77.5402949999623,12.9329639999143,0 77.53971900004321,12.9333809997629,0 77.5395960001192,12.9334709997199,0 77.5393259999136,12.9336580001886,0 77.53897900010401,12.933800000045,0 77.5382180004566,12.9342559996596,0 77.5379360001521,12.9344349999027,0 77.5376319998967,12.9346150000043,0 77.5372030002235,12.9348590001475,0 77.5369820002779,12.9349819996931,0 77.5366319995463,12.9351700003104,0 77.53649399955719,12.9352439999735,0 77.5364159997339,12.9352889999417,0 77.5356929997449,12.9356559996328,0 77.5345030001795,12.9362999998577,0 
						</coordinates>
					</LinearRing>
				</outerBoundaryIs>
			</Polygon>
		</Placemark>
	</Document>
	<Document>
		<name>Ward NO. 184.kml</name>
		<StyleMap id="msn_ylw-pushpin">
			<Pair>
				<key>normal</key>
				<styleUrl>#sn_ylw-pushpin</styleUrl>
			</Pair>
			<Pair>
				<key>highlight</key>
				<styleUrl>#sh_ylw-pushpin</styleUrl>
			</Pair>
		</StyleMap>
		<Style id="sh_ylw-pushpin">
			<IconStyle>
				<scale>1.3</scale>
				<Icon>
					<href>http://maps.google.com/mapfiles/kml/pushpin/ylw-pushpin.png</href>
				</Icon>
				<hotSpot x="20" y="2" xunits="pixels" yunits="pixels"/>
			</IconStyle>
			<LineStyle>
				<color>ffffff55</color>
				<width>3</width>
			</LineStyle>
			<PolyStyle>
				<fill>0</fill>
			</PolyStyle>
		</Style>
		<Style id="sn_ylw-pushpin">
			<IconStyle>
				<scale>1.1</scale>
				<Icon>
					<href>http://maps.google.com/mapfiles/kml/pushpin/ylw-pushpin.png</href>
				</Icon>
				<hotSpot x="20" y="2" xunits="pixels" yunits="pixels"/>
			</IconStyle>
			<LineStyle>
				<color>ffffff55</color>
				<width>3</width>
			</LineStyle>
			<PolyStyle>
				<fill>0</fill>
			</PolyStyle>
		</Style>
		<Placemark>
			<name>Ward NO. 184</name>
			<styleUrl>#msn_ylw-pushpin</styleUrl>
			<Polygon>
				<tessellate>1</tessellate>
				<outerBoundaryIs>
					<LinearRing>
						<coordinates>
							77.5431269999299,12.9176060003599,0 77.5430700003616,12.9176699999229,0 77.5430360001136,12.9177080003677,0 77.542613999593,12.9179729999263,0 77.5424159997193,12.9181150003018,0 77.5424249998407,12.918134000292,0 77.54198699978571,12.9182369998711,0 77.54194300004021,12.918242999949,0 77.5419980000013,12.9187779996763,0 77.5420149999845,12.918817999772,0 77.54197400025571,12.9188009999112,0 77.5416799996018,12.9186839995651,0 77.5414159999722,12.9185150002379,0 77.5411889997507,12.9183920003092,0 77.54086499988431,12.9182729996614,0 77.54071899988119,12.9181850002022,0 77.5404580001331,12.9180189998422,0 77.539879000417,12.9176980003749,0 77.539404999722,12.9174939997751,0 77.5391999996223,12.9175360000935,0 77.5389089995594,12.9177250003814,0 77.5385240001159,12.9179419995573,0 77.53843100016761,12.9180160001373,0 77.53837699993529,12.9180780001663,0 77.5382969999084,12.9180029999736,0 77.5378490002481,12.9180730003347,0 77.5375009996386,12.9175110003565,0 77.5371130000442,12.9170380001155,0 77.53682400013651,12.9167709997832,0 77.536708999998,12.9166420003919,0 77.5366109996923,12.9165320002951,0 77.53620599957981,12.9163439999694,0 77.5359269999493,12.9162460001047,0 77.5358640000463,12.9161869997128,0 77.5358320002545,12.9160810003482,0 77.53582300029041,12.9158399999214,0 77.53584399988419,12.9156750003316,0 77.53587800033969,12.9155189995972,0 77.53586699973729,12.9154920003576,0 77.53566200009141,12.9155570001873,0 77.5351670002895,12.9157770003579,0 77.5345789998799,12.9158600003582,0 77.5342320004461,12.9157640001079,0 77.5337990004252,12.9156779995648,0 77.533726000399,12.9155269996923,0 77.5337010002585,12.9150290002476,0 77.5336739999762,12.9150360003265,0 77.5334549999402,12.9150870002937,0 77.5334379999391,12.9150799997353,0 77.53313799975029,12.9151699995743,0 77.5330889998355,12.9151930003441,0 77.53284699991261,12.9153070001337,0 77.5326989998747,12.9153200000155,0 77.5326700002192,12.9153219996718,0 77.53256299978339,12.915370000096,0 77.5324310000955,12.915428999709,0 77.5324029995957,12.9154679996944,0 77.5323760001769,12.9155770004297,0 77.532330999858,12.9156389997477,0 77.53219499980899,12.9157679997455,0 77.5323110002459,12.915765000197,0 77.5323079998533,12.9157760002175,0 77.5322880000971,12.9158529996703,0 77.5322700001178,12.9159259999137,0 77.53226299968139,12.9159539997036,0 77.532240999816,12.9160410001702,0 77.5322180003985,12.916132000086,0 77.5322129999514,12.9161520000666,0 77.53219100016859,12.9162370002342,0 77.5321680000784,12.9163230003132,0 77.5321659999134,12.9163339996697,0 77.5321509995897,12.9163920002065,0 77.5321369997697,12.9164450002323,0 77.532114999681,12.9165180004165,0 77.532096000366,12.9166070000965,0 77.53207800042151,12.916678000043,0 77.5320590002234,12.9167489997508,0 77.5318889998096,12.9167540000473,0 77.5316449997199,12.9167909996964,0 77.5314390002046,12.9147450002987,0 77.5312970003944,12.914138999966,0 77.5312649997062,12.9140240001053,0 77.53126399970991,12.9140200001611,0 77.53114800037601,12.91355600024,0 77.53112299985619,12.9134530002533,0 77.5309030002354,12.9127960003776,0 77.5306360003437,12.912171999637,0 77.5305570001684,12.9119939999835,0 77.5301099998949,12.9111159996327,0 77.5298829998937,12.9106630000006,0 77.5298499997955,12.9105969996851,0 77.529710999884,12.9103200000088,0 77.5296769997737,12.9102660003152,0 77.52821199994369,12.9080689996647,0 77.5281970677182,12.9080460132425,0 77.5281549783105,12.9079800264245,0 77.5280520152274,12.907792955043,0 77.5276379645825,12.9070449674527,0 77.5270959638458,12.9060639886011,0 77.5266310237991,12.9052239910712,0 77.5264080072518,12.904917038886,0 77.5264071767653,12.9049163304532,0 77.5265560000047,12.9048390002121,0 77.52653799962989,12.9048010003218,0 77.5263959998691,12.9045199997563,0 77.5260789995811,12.9041149999064,0 77.5260999996694,12.9041090001995,0 77.526389999869,12.9041750000094,0 77.5267230002228,12.9043300004304,0 77.5267220003833,12.9043039997667,0 77.52668700014149,12.9040089999481,0 77.5266680004197,12.9038539998183,0 77.5266110000305,12.9035990001555,0 77.5265829998222,12.9035270004215,0 77.5265559997335,12.9033920002708,0 77.5265270001603,12.9032469998261,0 77.52652399960959,12.9032360000284,0 77.5265239996945,12.9032349998733,0 77.52652299984631,12.9032309998861,0 77.5265219999132,12.9032280000539,0 77.5265180003508,12.903214000415,0 77.52648699962459,12.9031210002188,0 77.5264440003178,12.9030169995487,0 77.52640699998631,12.9030019997942,0 77.5263620001281,12.9029850002468,0 77.5263630004232,12.9028890001511,0 77.52658999957011,12.9027990002799,0 77.52664800023921,12.9027819998842,0 77.5266480003241,12.9027809997292,0 77.526551000045,12.9023679999552,0 77.52647899998961,12.9020429997137,0 77.52615300016591,12.9006900002748,0 77.525817999742,12.9001190000366,0 77.5258359999754,12.9000820001922,0 77.5257789996873,12.8999819996179,0 77.5256589999636,12.8995940001005,0 77.52483899997419,12.8972280004409,0 77.52473599980971,12.8973119997401,0 77.524724999734,12.8972559996414,0 77.52455400002989,12.8973840000211,0 77.5243159999925,12.8974710001524,0 77.5241410001895,12.8975799998289,0 77.52393800032419,12.8975670003342,0 77.52392700025079,12.8975669998983,0 77.5239210001303,12.8975669999896,0 77.5237700000873,12.8975719999846,0 77.52367500014169,12.8975270000138,0 77.5235549997259,12.8975969999943,0 77.52326300008789,12.8976179995734,0 77.52326299974899,12.8975770003724,0 77.52323100030161,12.8975799997299,0 77.52317600043069,12.8975839998268,0 77.5229940001733,12.8976000002774,0 77.522994999829,12.8976399996252,0 77.5229949997257,12.8976409997833,0 77.5229530003072,12.8976269998655,0 77.52286199992641,12.8975409997174,0 77.5228230002238,12.8975000000175,0 77.5227839996131,12.8974590003183,0 77.5227159998089,12.8973890002572,0 77.5226730001919,12.8973669996401,0 77.5225869999696,12.8973240003544,0 77.5225069998201,12.8973160001637,0 77.5224329999304,12.8973409996661,0 77.52228500022041,12.8973900002642,0 77.522141000316,12.8974379999978,0 77.5220190000861,12.8974559995828,0 77.52187999985991,12.8975140004296,0 77.5217360001111,12.8975839998245,0 77.5216670001426,12.8976159999085,0 77.5215969998664,12.8976489998432,0 77.5215830002825,12.8976480000681,0 77.5214399997659,12.8976420002589,0 77.52133200026149,12.8976819999323,0 77.52130700027649,12.8976920004378,0 77.5212339995869,12.8976819998241,0 77.5211620000083,12.8976720003784,0 77.52112800010831,12.8976670003389,0 77.5210619996993,12.8976410001182,0 77.5210189996249,12.8975989996603,0 77.5209760003512,12.8975420004217,0 77.52092700034341,12.8974659999955,0 77.520902000267,12.8974280000805,0 77.5208849997306,12.8973740000126,0 77.5208780004487,12.897365000107,0 77.5208280003484,12.8972969997184,0 77.5208009996278,12.8972700000387,0 77.520745999981,12.8972150001933,0 77.52065400005129,12.8970259996278,0 77.5205729996663,12.8968990004027,0 77.5205460004014,12.8968039998082,0 77.52054499967041,12.8967209998853,0 77.5206210003692,12.8964449995992,0 77.52067900029949,12.8963079997372,0 77.5207400002386,12.8962389998181,0 77.52076200041689,12.8962139997213,0 77.52079800009599,12.896166000166,0 77.52083799997681,12.8961140002638,0 77.5208770003249,12.8960079996197,0 77.5208849995884,12.8959699996037,0 77.5208889996801,12.8959509995912,0 77.5208909998957,12.8959359996144,0 77.5208949999811,12.8958930003123,0 77.5209000001778,12.8957460001689,0 77.5209140002065,12.8956939997193,0 77.5209299999934,12.8956309999321,0 77.5209970002411,12.8953169999695,0 77.52101299953929,12.8952579999191,0 77.52103299971959,12.8951810000085,0 77.52113799991361,12.894759999866,0 77.5211289997014,12.8945240004179,0 77.52111900044039,12.894399000187,0 77.5211140000698,12.8943390000222,0 77.5210999997278,12.89418599958,0 77.52109900014671,12.8940770000587,0 77.52110999973959,12.8939679996206,0 77.52112199961989,12.8938340000319,0 77.52111199954091,12.8936929999704,0 77.52108300009699,12.8936400000326,0 77.5210650001134,12.8936070002422,0 77.5210300000609,12.8935750000266,0 77.52099500013151,12.8935419996448,0 77.5209500004443,12.8935249996942,0 77.52079199992021,12.8935500004369,0 77.520728000109,12.8935160001583,0 77.5206530001839,12.893476000109,0 77.52049300014519,12.8934079997254,0 77.5203730001674,12.8933239997572,0 77.52025199998489,12.8932409995773,0 77.5201840001899,12.893194999627,0 77.5200479998759,12.893102000411,0 77.5198079998475,12.8929930002697,0 77.5195329995889,12.8929549995966,0 77.5195089999616,12.8929509997356,0 77.5193059997295,12.8929159996473,0 77.5192080001451,12.892868999957,0 77.51918599973919,12.8928589997264,0 77.5189949996951,12.892756999562,0 77.5189549999477,12.8927559997095,0 77.5189160002373,12.8927560003194,0 77.5188569998823,12.8927800004049,0 77.5188239997435,12.8928349999286,0 77.518757000195,12.8929449995577,0 77.51868699971,12.8931389999837,0 77.5186049996021,12.8932920000527,0 77.51852800024371,12.8933570001837,0 77.51851500037451,12.8933540001913,0 77.5184049999544,12.8933339999248,0 77.5183960002242,12.8933350000008,0 77.518223000226,12.8933479998513,0 77.5181389997864,12.8932959996986,0 77.5181259998741,12.8932139996373,0 77.5180769997131,12.8931969997121,0 77.5180129997258,12.8932390000677,0 77.5177849996809,12.8931409998333,0 77.5176240002106,12.8930939996759,0 77.5175159999625,12.8930620004036,0 77.5174440001193,12.8930569995761,0 77.5174029998801,12.8930719999563,0 77.5173610003923,12.8930870000093,0 77.5172740003772,12.8930929998089,0 77.5171880003864,12.8931000000564,0 77.5171130000362,12.8931510000106,0 77.5170700001739,12.8933069998892,0 77.5168989998586,12.8935250000999,0 77.51685200044069,12.8936020003962,0 77.5167400000138,12.8936549997514,0 77.51643099972119,12.8937000003362,0 77.51621700023369,12.8937369997163,0 77.5160800000248,12.8936679999931,0 77.51598700023369,12.8936900000828,0 77.51587999970241,12.8937410003797,0 77.51581500036291,12.8936850003139,0 77.5158069997577,12.8935450003335,0 77.5157400000444,12.893342000125,0 77.51573199954299,12.893221999763,0 77.51573800019089,12.8931169999884,0 77.51585700005231,12.8928280002415,0 77.5158969998251,12.8925469999718,0 77.5158960003812,12.892440999606,0 77.5158599995889,12.8923849997618,0 77.5157950002271,12.8923789996133,0 77.51567399985829,12.8924359998336,0 77.5153519995807,12.8924470000471,0 77.5153240003126,12.8924889996478,0 77.5153100001846,12.8925729997658,0 77.51532600022919,12.8927629997024,0 77.51533400006851,12.8928330001199,0 77.5152710003066,12.8929040003893,0 77.51519899974571,12.892903999747,0 77.51512699962861,12.8928349995903,0 77.51506999954159,12.8928489997074,0 77.5149909999317,12.8929129999316,0 77.5149270002602,12.8929420001968,0 77.5147839998922,12.8929440002529,0 77.5147270003942,12.8929860003464,0 77.5145840001195,12.8929739998188,0 77.5144249995647,12.8928489999401,0 77.5142249996666,12.8928219998473,0 77.51401000030759,12.8928319998269,0 77.5137679999376,12.8929390003392,0 77.51373999980549,12.8930100000651,0 77.5137830003281,12.8930800003416,0 77.5139500002018,12.8932819996029,0 77.51396599996821,12.8934360002237,0 77.51404000026869,12.8937300002268,0 77.5140519999761,12.8941119997553,0 77.5138639998852,12.8939139998861,0 77.51329800030619,12.8934319996843,0 77.5136480004066,12.8927200000133,0 77.51382099976981,12.8925110000526,0 77.5142470003163,12.8921500001721,0 77.51429799980041,12.892068999996,0 77.5152549998615,12.8921499998975,0 77.5155930002487,12.8915169996665,0 77.51591999959579,12.8909019995709,0 77.5161229996137,12.8906249999243,0 77.5161149997669,12.8905949997149,0 77.5160250003636,12.8904119998248,0 77.5158840000592,12.8898899997607,0 77.51596400039671,12.8896550000048,0 77.51634600004471,12.8886569997556,0 77.5166850004204,12.8874860000428,0 77.5169530001221,12.8865629997001,0 77.51626700035069,12.8865250004204,0 77.51627000003189,12.8864709998495,0 77.51628299992529,12.8861559998664,0 77.5171839998159,12.8862200000745,0 77.51731400035661,12.8859580001513,0 77.517214999681,12.8859009999359,0 77.51730200003441,12.8857059998279,0 77.51737000004709,12.8857240000811,0 77.5174370000292,12.8856059996923,0 77.51798699966371,12.8856009995727,0 77.51802000001641,12.8856030004201,0 77.5185030001539,12.886899000258,0 77.5185809995546,12.8873300001081,0 77.51840399987501,12.8876279996829,0 77.5182019999104,12.8879760002932,0 77.5179429999107,12.888175999665,0 77.5184239998605,12.8882419999215,0 77.5189560002617,12.8882820001271,0 77.5191819999052,12.8887659998711,0 77.5195030000049,12.8898870004236,0 77.51963900027729,12.8898519996946,0 77.51998900018449,12.8897659995489,0 77.52025000028,12.8896909997345,0 77.52062800014301,12.8895729995617,0 77.52093899974579,12.889480999897,0 77.5214309995839,12.8895499996474,0 77.5217519998823,12.8895950002906,0 77.5221140003226,12.8899399996781,0 77.52227000042259,12.8901619999503,0 77.5222689996705,12.8904110001578,0 77.52230999957391,12.8904159995895,0 77.52285100023281,12.890268000113,0 77.5232050003471,12.890358000228,0 77.5234209998353,12.8902619997485,0 77.5235450001053,12.8904339998503,0 77.52377699954801,12.8905649996468,0 77.52408899977679,12.8905490002853,0 77.52450699997929,12.8903180002651,0 77.52474800034371,12.88995699981,0 77.52471800026311,12.8896510002384,0 77.5244709999025,12.8893479997641,0 77.5244510000623,12.8887619997882,0 77.5242830003728,12.888205000096,0 77.5241990002004,12.8879799999632,0 77.5240739997908,12.8877420002068,0 77.5241959995674,12.8876739998919,0 77.5244420001396,12.8878310004268,0 77.5247959999128,12.8879880003453,0 77.5251779997957,12.8881039995577,0 77.52552800016279,12.8878870003106,0 77.5259319996634,12.8875239997209,0 77.5261609999491,12.8873359996129,0 77.5264329997748,12.8873730004384,0 77.52678399983439,12.8872500002719,0 77.52698499979169,12.8869420001971,0 77.52708599959701,12.8865749998093,0 77.52713900045011,12.886559999753,0 77.52739800027049,12.8874480002493,0 77.5273419999757,12.8876059999737,0 77.5273770000142,12.8876250000593,0 77.52758900017569,12.8875089998158,0 77.5278069995523,12.8876440000946,0 77.52786199968899,12.8877400003828,0 77.52801199983379,12.8877430000206,0 77.5281249997024,12.8877160000688,0 77.5283409996852,12.8878560000278,0 77.52842799989121,12.8879600002704,0 77.5284679996945,12.8883980000653,0 77.52856600010431,12.8886220000041,0 77.5290209997672,12.8887049999461,0 77.52923299983649,12.8889380003365,0 77.5293859999084,12.8892320001619,0 77.5294450001211,12.8894530002802,0 77.5296149998218,12.8895909995789,0 77.52966899956461,12.8898790003593,0 77.5297750000244,12.890336000245,0 77.5298339997244,12.8908499997319,0 77.5304499996863,12.8904889998917,0 77.5302430003365,12.8888579995818,0 77.53018899967699,12.88843500007,0 77.5303299999854,12.8883350000468,0 77.53024699971679,12.8874669998288,0 77.5301519999927,12.8864689998264,0 77.5299850002182,12.8864050000093,0 77.529457000153,12.8854879996959,0 77.53047600007299,12.8853070001729,0 77.5306950003644,12.8852990000717,0 77.53096100004809,12.8852880001802,0 77.53160200027111,12.8852539996,0 77.53171999979671,12.8852169999707,0 77.53277600022579,12.8852859997355,0 77.5329100001159,12.8852660000054,0 77.53304699955009,12.8852439997889,0 77.53318800026889,12.8852229997765,0 77.533253000389,12.8852129997516,0 77.5333460001472,12.8851899995799,0 77.5335920002251,12.8851310000074,0 77.53381299962319,12.8850769999796,0 77.5338520002207,12.8850679996045,0 77.5339709996142,12.8850389995864,0 77.5339869999319,12.8850350003735,0 77.5340850001656,12.8850110001849,0 77.53417799965111,12.8849889998955,0 77.53421600010211,12.88498000012,0 77.5344699998335,12.8849179995819,0 77.5345230004322,12.884905000272,0 77.53521699967411,12.884736999903,0 77.5352889998436,12.8847200001242,0 77.53602300012069,12.8845420000306,0 77.5360499995971,12.884554999652,0 77.5365360000759,12.8841970000891,0 77.536826999939,12.8840039998655,0 77.5377549997895,12.8833450001679,0 77.5378089998194,12.8833329997703,0 77.5375230002535,12.8822790002237,0 77.5377559996934,12.8822110001125,0 77.53767899975161,12.8819319997312,0 77.53760999986569,12.8817010002146,0 77.5375459997753,12.8814689999271,0 77.5374870001276,12.8812560000203,0 77.53742299966029,12.8810199999715,0 77.53730600020771,12.8805489998906,0 77.5378019999273,12.8804590000827,0 77.5378690001529,12.8804859996879,0 77.5379170001286,12.8806279998706,0 77.53876300008901,12.8804510002806,0 77.5390549997315,12.8803920004521,0 77.53935799961,12.880327000261,0 77.5396969995643,12.8802860000763,0 77.5397010000503,12.8802659999007,0 77.5401559999532,12.8800330004501,0 77.5401589996861,12.880007000072,0 77.5410200003261,12.8798969998678,0 77.5410500002934,12.8799169998272,0 77.5411829996001,12.8798959997041,0 77.54117999993341,12.8798430003307,0 77.54166499969951,12.8796579999128,0 77.5416469998905,12.8796380000841,0 77.5423600000086,12.8793789996779,0 77.54245799980541,12.8794819998708,0 77.5424740004142,12.8794569998945,0 77.5427640001445,12.8793920003689,0 77.54359800022659,12.8792040001957,0 77.5438930003975,12.8791420001585,0 77.5441700002784,12.8803799996699,0 77.5442269997769,12.8804400000552,0 77.5443580001936,12.8803990004189,0 77.5446309999864,12.8809850004068,0 77.54476100028189,12.8813079999056,0 77.54480100029539,12.8813710004377,0 77.54485900039531,12.8814879999286,0 77.5449320001202,12.8816369999898,0 77.5449610001295,12.8816989997598,0 77.54501100021029,12.8818280000709,0 77.545032999744,12.8818850003129,0 77.5451660000176,12.8822280002059,0 77.54517300018669,12.8822459997595,0 77.5451899996575,12.8822909998985,0 77.5452579995887,12.8824659996995,0 77.5453289998437,12.8826779999506,0 77.54534500034219,12.8827180000356,0 77.5453849996875,12.8828209997813,0 77.54541499974481,12.8828959997087,0 77.5454429997377,12.88296700044,0 77.5454729998026,12.8830429995925,0 77.5455090000827,12.8831349995816,0 77.5455340002774,12.883188999944,0 77.5455490000363,12.8832209995638,0 77.5455520001407,12.8832290004363,0 77.54555600030599,12.8832379998566,0 77.5455800004206,12.8832919999983,0 77.545607999854,12.883353000182,0 77.5456299998921,12.8834030002247,0 77.5456509999416,12.8834490003864,0 77.54567800027959,12.8835080000503,0 77.5457099999233,12.8835789997716,0 77.5457449997531,12.8836560000687,0 77.5458129997763,12.8837150002774,0 77.5458789998121,12.8837659998075,0 77.5459329998444,12.8838049995951,0 77.5459580001405,12.8838240003425,0 77.5459859997959,12.8838440000615,0 77.5460589996863,12.8838960002509,0 77.5461090003427,12.8839319996208,0 77.5461529995695,12.8839639998736,0 77.5462220000941,12.8840129996356,0 77.5462960001616,12.8840660000907,0 77.54636599998661,12.8841119995964,0 77.54644000020041,12.8841610003361,0 77.54646499969689,12.8841769997015,0 77.5465049996187,12.8842040001357,0 77.5465630002775,12.8842420004459,0 77.5466289998128,12.8842859996524,0 77.5468560003744,12.8844810002917,0 77.54690000043141,12.8844800002358,0 77.54694100009139,12.8844830001196,0 77.5469249999805,12.8848739995758,0 77.547278000159,12.8849150004207,0 77.5473480004149,12.8849070001115,0 77.5473610002303,12.8849439998579,0 77.5474190002288,12.8850899997692,0 77.54749500027491,12.8852989995467,0 77.5476069995818,12.8856940002418,0 77.5476519995908,12.8858899999007,0 77.5476730004105,12.886045999878,0 77.5477409999023,12.8865839997918,0 77.5477429995712,12.8866220001146,0 77.54767400019701,12.8865500004106,0 77.5476520001038,12.8865740002243,0 77.5476570003118,12.8867809995939,0 77.5478260003855,12.8869010000365,0 77.54782000034579,12.8869199996845,0 77.5477619998339,12.8870699999901,0 77.5477529995573,12.8870809997181,0 77.5478289996359,12.8871090000217,0 77.5478219995838,12.8871210002934,0 77.54778200036191,12.8871949998855,0 77.5477549998386,12.8872709996841,0 77.54778200031291,12.8873289997183,0 77.54780100012501,12.8873690001319,0 77.54781300022439,12.8873960000153,0 77.54784700041949,12.8874689999418,0 77.5478760002151,12.8875299998848,0 77.54788700029511,12.8875509996225,0 77.54789700022221,12.8875749995805,0 77.5479440001218,12.8876509998126,0 77.54781700022291,12.8876979998244,0 77.5478490000597,12.8877850004028,0 77.5478540004555,12.8877989997547,0 77.54800399995911,12.8877820004107,0 77.548048999804,12.8877759995619,0 77.5480550003612,12.8877879997302,0 77.548100999765,12.887901999624,0 77.54815699960059,12.8880070002361,0 77.54816300012931,12.8880219999168,0 77.5479730002947,12.8881169995799,0 77.547902000457,12.8881619997715,0 77.54793099976661,12.8883440003922,0 77.54786499956801,12.8883870004078,0 77.5478219997071,12.8884030003388,0 77.54789799965739,12.8885469996442,0 77.54788800025349,12.8885499998606,0 77.547830000045,12.8885929996749,0 77.5477699995662,12.8886370001242,0 77.5477439999583,12.8886469999113,0 77.54768100038051,12.8886630003215,0 77.5476249998104,12.8886780001905,0 77.5475789997647,12.8885429999733,0 77.54753200041171,12.8885499995955,0 77.54748000041729,12.8885600004337,0 77.5474459998949,12.8884379999144,0 77.54740199974771,12.8884619998036,0 77.5473460000091,12.8884839996804,0 77.5473390000591,12.8884860003492,0 77.5472820001978,12.888506999872,0 77.54722899984699,12.8885309997197,0 77.5471890002451,12.8885490004457,0 77.54714600024219,12.8885679997977,0 77.5470820002875,12.8885969998895,0 77.5470289998925,12.8886209997036,0 77.5469800000116,12.8886430000378,0 77.54693699996569,12.8886630004056,0 77.54689299977851,12.888682999661,0 77.546839000147,12.8887070001345,0 77.5468100003031,12.8886509998618,0 77.54677099978881,12.8886720002652,0 77.54673400044361,12.8886920000178,0 77.5466869997849,12.8887170002408,0 77.54662700013709,12.8887499998111,0 77.5465580002209,12.8887869998952,0 77.5465770002405,12.8888140003802,0 77.5465389995948,12.8888459998051,0 77.5465009998855,12.8888769999793,0 77.5464539998077,12.8889169995718,0 77.5464090000256,12.8889540000472,0 77.54636500036371,12.8889899996773,0 77.54632400018021,12.8890239996433,0 77.5462790003413,12.8890620002446,0 77.5462929997469,12.8890879995844,0 77.5462319998947,12.8891180002667,0 77.5461749996287,12.8891459996784,0 77.5461230001517,12.8891649997376,0 77.5460690004024,12.8891850004212,0 77.5460139995857,12.8892049999948,0 77.5459719995638,12.8892199997329,0 77.5459280001927,12.8892360000886,0 77.5458749997623,12.8892479998191,0 77.5458630000383,12.8892509995545,0 77.54580200038291,12.8892659998329,0 77.54575399967131,12.8892770004422,0 77.5457469995735,12.8892389999273,0 77.5457380002794,12.8891949999442,0 77.5457280000481,12.8891459999559,0 77.5457449998697,12.8891240003836,0 77.54574699963661,12.8889699997668,0 77.5454990000723,12.8890150004062,0 77.54546800012901,12.8890879997512,0 77.545424999999,12.889100999815,0 77.545347999857,12.8890890000318,0 77.545168999922,12.8891539996382,0 77.5449930000468,12.889267000271,0 77.5449040002857,12.8895200002806,0 77.544809000299,12.8896300003581,0 77.5447099996359,12.8896680001665,0 77.5442790002699,12.8899320003228,0 77.5440319998841,12.8900269999129,0 77.54397500035,12.8900429999112,0 77.5439780003847,12.8900559997009,0 77.54401800043691,12.8902129999795,0 77.5440569997378,12.8903609996536,0 77.5440710000648,12.890417999941,0 77.5441050001597,12.8905489997059,0 77.54411999972891,12.8906060002072,0 77.5441630001279,12.8907739999231,0 77.544207999801,12.8909480000053,0 77.5442140000867,12.8909679996153,0 77.5424529997416,12.891436999665,0 77.5427880000871,12.8920149996174,0 77.5428290000339,12.8920830002295,0 77.5428930000098,12.8922890003285,0 77.5429680000486,12.8924869998191,0 77.543068999637,12.8926729995559,0 77.5430719995787,12.8928510004174,0 77.54308799960189,12.8930270001807,0 77.5431430002041,12.8931200000628,0 77.543291000441,12.8932760000371,0 77.5434529997992,12.8934089996109,0 77.5435429995469,12.8935250002157,0 77.5435890003012,12.8936799996593,0 77.54360999973591,12.8938920001029,0 77.5443799996919,12.8937010004203,0 77.5446639997057,12.8936310003714,0 77.5449679997038,12.8935559998827,0 77.5453640001185,12.8934580003913,0 77.5453400000254,12.8932360001137,0 77.54594299979,12.8931130002664,0 77.5459489998794,12.8931030000816,0 77.545939999746,12.8930359996157,0 77.5459290003852,12.8929619995489,0 77.5461040004342,12.8929360000648,0 77.5462079995485,12.8929210002107,0 77.5462260002634,12.8929179998364,0 77.5463090000171,12.8929090001166,0 77.5463900004486,12.8928970004389,0 77.546425999996,12.8928929999656,0 77.54647300018399,12.8928869996249,0 77.5465599995741,12.892876000362,0 77.54657800026381,12.8928740001059,0 77.54674200002491,12.8928760001242,0 77.54674900007331,12.8928759997299,0 77.54682000016901,12.8932610004457,0 77.54682999965701,12.8932659995531,0 77.5469440003542,12.8932399998404,0 77.54695999999301,12.8932999997451,0 77.5469750004515,12.893358000061,0 77.5469879998213,12.8934069996229,0 77.5469940003682,12.893430999676,0 77.54700599966699,12.8934760002805,0 77.54701200032591,12.8934909999704,0 77.547027999912,12.8935590000852,0 77.54704399959409,12.8936200001165,0 77.54715999988269,12.8935840001895,0 77.5471700003998,12.8935820000945,0 77.54719699959099,12.8936639998381,0 77.547205999996,12.8936600001655,0 77.5473049996632,12.8936269999186,0 77.5473110003344,12.8936429997378,0 77.5473239999434,12.8936790001525,0 77.5473379996541,12.8937190004214,0 77.54742099971379,12.8936950000093,0 77.5474259995852,12.8936869998825,0 77.54747100007241,12.8938120001349,0 77.5475850003742,12.8939319997854,0 77.547606000179,12.8939770003069,0 77.5476709995821,12.8941480000599,0 77.5477980003422,12.8944639997361,0 77.5478299996669,12.8945479997149,0 77.5480180000007,12.8949489995626,0 77.54806099972031,12.8951000001487,0 77.54808999969001,12.8951900003084,0 77.5481490003976,12.8955749995916,0 77.5484889999581,12.8962509997985,0 77.54858000015059,12.8961899997998,0 77.54859199994419,12.8962360003846,0 77.5486049997502,12.8963159995689,0 77.54875899997189,12.8963379996753,0 77.54885699986809,12.8964129999625,0 77.54888899979591,12.8965369998279,0 77.5488880002887,12.8966469995617,0 77.5488839997963,12.896996000325,0 77.54888399969791,12.8970410002551,0 77.5488850004526,12.897190999599,0 77.5488830000065,12.8972589996361,0 77.5488800003871,12.8973000002403,0 77.54888199969329,12.8973430002787,0 77.5488930001206,12.8975420002034,0 77.5489209998339,12.8975760003195,0 77.5489130002947,12.8976559999675,0 77.5489099997084,12.8977289996045,0 77.54890700002601,12.897818999787,0 77.5488819997362,12.8978449995511,0 77.548845000307,12.8978810002181,0 77.5488789999649,12.8979960000779,0 77.54883599958769,12.8980129996866,0 77.5487729996487,12.8980760000624,0 77.548893000048,12.8982200004215,0 77.5489079996384,12.8982420000043,0 77.5488530000495,12.8982829997675,0 77.5488439995394,12.8982819997304,0 77.5487469996404,12.8983540003199,0 77.548713999847,12.8983809995943,0 77.5488889999707,12.8985490001801,0 77.5488630003791,12.898573999619,0 77.5486769997112,12.8987610001985,0 77.54868000016999,12.8987739998617,0 77.5487090000782,12.8988819996098,0 77.54873800002849,12.8989879999747,0 77.5487580004276,12.8990610003587,0 77.5487659998463,12.899091999865,0 77.5487960000182,12.8992009999144,0 77.5488219995801,12.8992949998306,0 77.5488440003672,12.8993800004322,0 77.5488569997088,12.8994270003894,0 77.5488840004127,12.8995390002562,0 77.5489010004254,12.8996099997709,0 77.54891000005981,12.8996489996591,0 77.5489290004323,12.8997300000271,0 77.54896200038959,12.8998700003784,0 77.548972000212,12.8999159996113,0 77.5490120004449,12.8999980004451,0 77.5490370000207,12.9000470002023,0 77.54909599980181,12.9001570003408,0 77.5491470001254,12.9002510003478,0 77.5492030004195,12.9003549999488,0 77.549229000244,12.9004029997199,0 77.5492710000554,12.9004779998916,0 77.5493040001967,12.9005419995562,0 77.54932600027919,12.9005729998216,0 77.54939699956439,12.9006690001493,0 77.5494299996784,12.9007009998773,0 77.54953600043569,12.9008240004419,0 77.54961799987539,12.9009169995951,0 77.54964799956279,12.9009520000509,0 77.5499019995802,12.9012040003969,0 77.5499900002218,12.9014450001086,0 77.5499549997141,12.9017620003738,0 77.5500510004147,12.9018830002955,0 77.5501840003264,12.9018809999138,0 77.55069300045049,12.901549999772,0 77.55088600015191,12.9012379998632,0 77.55087599970921,12.900860999603,0 77.5512870004095,12.9003969998929,0 77.55158800042329,12.9003849996044,0 77.5515820002087,12.9006979998124,0 77.5511129997127,12.9012169998284,0 77.5510069996967,12.9015469998822,0 77.55104000034591,12.9016939997576,0 77.5510470000041,12.9017239997091,0 77.5509920002747,12.9019570001282,0 77.5510979999214,12.9021139999735,0 77.55121299996959,12.9021539997758,0 77.55144099979179,12.9022320003898,0 77.55175300040921,12.9020990002949,0 77.55189400008319,12.9020509995745,0 77.5521600002331,12.9020200003793,0 77.5527619997445,12.9019870000703,0 77.5528340002104,12.9019409998928,0 77.5528420003625,12.9019769998355,0 77.5528630003469,12.9020860001874,0 77.55288700022849,12.9022109996092,0 77.55289400022011,12.9022460001444,0 77.5529269996988,12.902361999882,0 77.552965999672,12.9024960003653,0 77.55297600018559,12.9025300003635,0 77.55303299973031,12.9027659996805,0 77.553039999772,12.9028010002037,0 77.55306900000269,12.9029349998395,0 77.5530949996205,12.9030619998179,0 77.5531040000316,12.9030969997693,0 77.5531329998731,12.9032059996112,0 77.5531430003053,12.9032320003157,0 77.5532639996576,12.903514999584,0 77.5532630004091,12.9035150003107,0 77.5531970000637,12.9034830001484,0 77.55315799984569,12.9034019997164,0 77.5525809998598,12.9036489996965,0 77.5523900003881,12.9037290002607,0 77.5522299995566,12.9037340003913,0 77.5520789997164,12.9037019996463,0 77.5520549997877,12.9036859996165,0 77.5520509999553,12.9036830003172,0 77.5520220000089,12.9036639999086,0 77.5516850002421,12.9037650000043,0 77.5516830002495,12.9037909995909,0 77.5506180001147,12.9040089997171,0 77.5503879996254,12.9040700002215,0 77.54928900018599,12.904291999686,0 77.5492530000684,12.9042949997965,0 77.5482870000762,12.90439099962,0 77.5482440004406,12.9043719997359,0 77.5482489996354,12.9044879996372,0 77.5482919997164,12.9048110001828,0 77.5483209998918,12.905001000384,0 77.5483410001691,12.905128000078,0 77.5483909999228,12.9053759995871,0 77.5484259995805,12.9055540001084,0 77.5484769995973,12.9057410003215,0 77.5485979996683,12.9060629996976,0 77.5486169998227,12.906121999652,0 77.5487150003472,12.9063990001503,0 77.548837999726,12.9067190002946,0 77.54901199980399,12.9071309997946,0 77.5492960000154,12.9077839999465,0 77.5493680003445,12.9080070004071,0 77.5493970002783,12.9080850001561,0 77.5495089997921,12.9083339996199,0 77.5495129997704,12.9083450000509,0 77.5496209997482,12.9086009996605,0 77.5496470000086,12.9086609999454,0 77.5497130001178,12.9088229997619,0 77.5497649996952,12.9090169996418,0 77.5495929998893,12.9093659997051,0 77.54921599958411,12.909123999617,0 77.54890400008171,12.9092549999175,0 77.5486940002328,12.9093159998497,0 77.548347000197,12.9094180000014,0 77.5479239999751,12.9095379998882,0 77.5476439999361,12.9096110003749,0 77.5473649998641,12.9096759996629,0 77.54712799996911,12.9097340002012,0 77.5471279999809,12.9097530001397,0 77.5471290002541,12.9098529998119,0 77.54712999955311,12.9098709998062,0 77.5471290002838,12.9098919998279,0 77.547129000338,12.909961999648,0 77.5471060001898,12.9099640001116,0 77.5471089998901,12.9099699997095,0 77.5471069996308,12.9101559999697,0 77.5471070000313,12.9105400001907,0 77.5471030003521,12.9107319999966,0 77.54711399993199,12.910755999992,0 77.5470710001664,12.9108059997803,0 77.5468520001119,12.9107269998888,0 77.5463729999998,12.9105790002836,0 77.5459079997146,12.9103869998402,0 77.5458360004,12.9103600002249,0 77.545752000452,12.9103260000002,0 77.54556599969391,12.910243000188,0 77.54543100020121,12.9102079997292,0 77.5453460001638,12.910170000405,0 77.5452549999728,12.9101059998325,0 77.5449760001891,12.9099250000429,0 77.5447680002103,12.9098099997444,0 77.54459100026349,12.9098070004301,0 77.5444520001116,12.9098759997539,0 77.5443549999153,12.9098989999746,0 77.5443359996608,12.9098970004284,0 77.54434399960461,12.9099750004002,0 77.54436000037011,12.9100470002028,0 77.54442599987711,12.9103789997078,0 77.54462600031751,12.9113840004457,0 77.5446949996799,12.9117140000409,0 77.5448049996142,12.911691000323,0 77.54500800026121,12.9116570000235,0 77.54502499990861,12.9117089998263,0 77.5451189998867,12.9123679997532,0 77.5454580003772,12.9122849995709,0 77.5455160001447,12.9122709997705,0 77.5455229997346,12.9122949999772,0 77.5455769996675,12.9125110000494,0 77.54558099957219,12.9125250000749,0 77.54561699957,12.91267799956,0 77.5456210003989,12.9126939998555,0 77.5456469996675,12.9126870002642,0 77.54597300018889,12.9126039995786,0 77.5461410004274,12.9132050000551,0 77.5462719998833,12.9136779997789,0 77.54654400034759,12.9146639998421,0 77.54628300035429,12.9147470003597,0 77.5462879996545,12.9147609996499,0 77.546402999629,12.9151090002917,0 77.5464140003415,12.9151330002771,0 77.546411999885,12.9151340000462,0 77.5464020003707,12.915137999628,0 77.545649999725,12.9153729997651,0 77.5457700004463,12.9158499999075,0 77.5458160000348,12.9158389998556,0 77.5459339999137,12.9161499997167,0 77.5459799996451,12.9162330001221,0 77.5461449998547,12.9165049995862,0 77.5463120000243,12.9167780002949,0 77.5464580001689,12.9170300003192,0 77.5465649996688,12.9172740000006,0 77.5466460002134,12.917627000024,0 77.5466540004321,12.9176599997723,0 77.54672499957221,12.917960999683,0 77.5467420002679,12.9180179999012,0 77.54620300032251,12.9180830003748,0 77.5453799996813,12.918182999859,0 77.54534100041219,12.9181889996304,0 77.5450880001821,12.9182150003952,0 77.5447840004171,12.9182420003285,0 77.5447530004141,12.9178130000302,0 77.54470499999751,12.917481000136,0 77.5443830002958,12.9175250001901,0 77.5443759996129,12.9175090002011,0 77.5431269999299,12.9176060003599,0 
						</coordinates>
					</LinearRing>
				</outerBoundaryIs>
				<innerBoundaryIs>
					<LinearRing>
						<coordinates>
							77.5539820000382,12.909268000367,0 77.5539189999395,12.9092859997704,0 77.55382900019529,12.9093120003488,0 77.55376200010819,12.9093269995647,0 77.5536749998121,12.9093459996468,0 77.55358999990089,12.9093650000265,0 77.55348099989649,12.9093889998222,0 77.5533980003658,12.9094089997009,0 77.55335199972041,12.9094199999364,0 77.5533339999011,12.9094240002169,0 77.5533080003417,12.9094290002121,0 77.5532370002889,12.9094439995468,0 77.5531909995988,12.9094539996215,0 77.55311000034359,12.9094710002423,0 77.55306099995281,12.9094809997956,0 77.5529460003758,12.9095019997861,0 77.5528959997731,12.9095120000497,0 77.5528600000449,12.9095180002815,0 77.55280500026009,12.9095279996873,0 77.5527170004417,12.9095449999353,0 77.5526989996502,12.9095480000492,0 77.55261900045851,12.909563000424,0 77.5525399995815,12.9095769999211,0 77.5524630000188,12.9095909997194,0 77.5523790000038,12.9096070003999,0 77.552294999964,12.909623000152,0 77.5522559996013,12.9096299999412,0 77.5522420000802,12.9095679999912,0 77.55223000020059,12.9095130004281,0 77.55221599978979,12.9094519997151,0 77.5521969997788,12.9093689996774,0 77.5521809996718,12.909295999697,0 77.5521770003042,12.9092759999089,0 77.55205100045011,12.909304000398,0 77.5520449997999,12.9092859996472,0 77.55201000003299,12.9091870001037,0 77.551964000254,12.9090569998784,0 77.5519339999918,12.9089720003642,0 77.5518929997302,12.9088560001644,0 77.55185299975631,12.9087420003913,0 77.55181500030869,12.9086329998163,0 77.5518059998697,12.9086060000219,0 77.5517729998852,12.9085110003954,0 77.5517689997022,12.9084940001053,0 77.55202500029149,12.9084310000991,0 77.5523950000397,12.9083189998938,0 77.5524429996006,12.9084639996995,0 77.5524439998663,12.9084670002732,0 77.55244500007829,12.9084679996724,0 77.5524589999572,12.9084620003217,0 77.5524689997674,12.9084909996254,0 77.5524779999579,12.908503000062,0 77.5524890002645,12.9085019999738,0 77.5525220001134,12.9084919996705,0 77.55254100007799,12.9084870003905,0 77.5525570003567,12.9084819996969,0 77.5526029999199,12.9084680001325,0 77.55261599965429,12.9084650001105,0 77.5526159996313,12.908463999975,0 77.5526150002938,12.9084610002967,0 77.5524810000507,12.9080379997868,0 77.552400999607,12.9077880001717,0 77.5523899998268,12.9077680001034,0 77.5523279996055,12.9077610003685,0 77.552279000178,12.9076189998326,0 77.5521989997322,12.9073960001479,0 77.5522069999377,12.9073740003268,0 77.55213199989279,12.9071610000936,0 77.55218900022621,12.9071349999792,0 77.552285000449,12.9070979995957,0 77.5522659996343,12.9070530001809,0 77.5522940001615,12.9070409997091,0 77.55233400012941,12.907023999703,0 77.55235299993269,12.9070160000491,0 77.5523810004501,12.9070039995694,0 77.5524200002413,12.9069880004229,0 77.5524260004063,12.9069850001312,0 77.55247100034519,12.9069659997831,0 77.552505000122,12.9069520000476,0 77.5524959998273,12.9069310001868,0 77.55261400020549,12.9068830001397,0 77.55263400016941,12.9068749997332,0 77.55263699999099,12.9068830004254,0 77.5527050004483,12.9068570002735,0 77.5527069998808,12.9068559995782,0 77.552749000188,12.9068399999891,0 77.5527729999678,12.9068310001154,0 77.5527929999204,12.9068229996983,0 77.5528619996324,12.9067979998228,0 77.5528700001699,12.9067949998561,0 77.5528969995848,12.9067859995784,0 77.5529019995777,12.9067840001497,0 77.55298600018639,12.9067550004142,0 77.55302200031559,12.9067430003215,0 77.55304399968909,12.9067340000941,0 77.55310900042581,12.9067090003833,0 77.5531959995868,12.9066750004293,0 77.5531979999362,12.9066739997219,0 77.5532079999016,12.9066699999513,0 77.5532169996754,12.9066660000149,0 77.55325000010831,12.906653000158,0 77.55326399988169,12.9066480000176,0 77.5532710002166,12.9066449998751,0 77.55329299956919,12.9066359996299,0 77.5533309999775,12.9066210003292,0 77.55334300031041,12.906616999981,0 77.55340599967251,12.9065919998861,0 77.55341199983749,12.9065899997105,0 77.5534209996041,12.9065859997683,0 77.5534950000136,12.906557000033,0 77.5536169997914,12.9065090002668,0 77.5536379999221,12.9065030002282,0 77.55369100036199,12.9066400003979,0 77.55369400029559,12.9066519998046,0 77.5537820003582,12.9068740000363,0 77.5538229999153,12.9069860002265,0 77.55395200012531,12.9073269996475,0 77.55405499963101,12.9076059998973,0 77.5541270003168,12.9077999998196,0 77.5541510002017,12.9078620003323,0 77.55422100023981,12.9080400004382,0 77.55424900025,12.908109999947,0 77.55435799965581,12.9083809998468,0 77.55441100013449,12.9085179997141,0 77.55447600016539,12.9087140003868,0 77.554491999877,12.9087540002067,0 77.5545299997564,12.9088710003477,0 77.55453299966111,12.908879000098,0 77.5545160001342,12.9088839998387,0 77.55442200000481,12.9089159998494,0 77.5543510004489,12.9089389996175,0 77.55429700039549,12.9089560004107,0 77.55427499991831,12.9089629996077,0 77.55422099985179,12.9089800003871,0 77.5541969999297,12.9089880002871,0 77.5541700003569,12.9089969998302,0 77.5541410003913,12.9090059999538,0 77.55413799982129,12.9090069996075,0 77.5540939997822,12.9090209997741,0 77.5540609999691,12.9090310002771,0 77.55402300013139,12.909043000233,0 77.5539879999304,12.9090539996376,0 77.5539529997348,12.9090649999414,0 77.55392299957769,12.9090750000173,0 77.5539529999035,12.9091719998921,0 77.5539570001322,12.9091849995808,0 77.5539820000382,12.909268000367,0 
						</coordinates>
					</LinearRing>
				</innerBoundaryIs>
			</Polygon>
		</Placemark>
	</Document>
	<atom:link rel="app" href="https://www.google.com/earth/about/versions/#earth-pro" title="Google Earth Pro 7.3.7.1155"></atom:link>
</Folder>
</kml>
