<?xml version="1.0" encoding="UTF-8"?>
<kml xmlns="http://www.opengis.net/kml/2.2" xmlns:gx="http://www.google.com/kml/ext/2.2" xmlns:kml="http://www.opengis.net/kml/2.2" xmlns:atom="http://www.w3.org/2005/Atom">
<Folder>
	<name>Temporary Places</name>
	<open>1</open>
	<Document>
		<name>Ward NO. 160.kml</name>
		<StyleMap id="PolyStyle00">
			<Pair>
				<key>normal</key>
				<styleUrl>#PolyStyle000</styleUrl>
			</Pair>
			<Pair>
				<key>highlight</key>
				<styleUrl>#PolyStyle001</styleUrl>
			</Pair>
		</StyleMap>
		<Style id="PolyStyle000">
			<LabelStyle>
				<color>00000000</color>
				<scale>0</scale>
			</LabelStyle>
			<LineStyle>
				<color>ffffff00</color>
				<width>3</width>
			</LineStyle>
			<PolyStyle>
				<color>00ffffff</color>
			</PolyStyle>
		</Style>
		<Style id="PolyStyle001">
			<LabelStyle>
				<color>00000000</color>
				<scale>0</scale>
			</LabelStyle>
			<LineStyle>
				<color>ffffff00</color>
				<width>3</width>
			</LineStyle>
			<PolyStyle>
				<color>00ffffff</color>
			</PolyStyle>
		</Style>
		<Placemark id="ID_00014">
			<name>Ward NO. 160</name>
			<snippet></snippet>
			<description><![CDATA[<html xmlns:fo="http://www.w3.org/1999/XSL/Format" xmlns:msxsl="urn:schemas-microsoft-com:xslt">

<head>

<META http-equiv="Content-Type" content="text/html">

<meta http-equiv="content-type" content="text/html; charset=UTF-8">

</head>

<body style="margin:0px 0px 0px 0px;overflow:auto;background:#FFFFFF;">

<table style="font-family:Arial,Verdana,Times;font-size:12px;text-align:left;width:100%;border-collapse:collapse;padding:3px 3px 3px 3px">

<tr style="text-align:center;font-weight:bold;background:#9CBCE2">

<td></td>

</tr>

<tr>

<td>

<table style="font-family:Arial,Verdana,Times;font-size:12px;text-align:left;width:100%;border-spacing:0px; padding:3px 3px 3px 3px">

<tr>

<td>FID</td>

<td>158</td>

</tr>

<tr bgcolor="#D4E4F3">

<td>WardNo</td>

<td>160</td>

</tr>

<tr>

<td>WardName</td>

<td>Rajarajeshwari Nagar</td>

</tr>

<tr bgcolor="#D4E4F3">

<td>AOI</td>

<td>AOI 3</td>

</tr>

</table>

</td>

</tr>

</table>

</body><script type="text/javascript">

				function changeImage(attElement, nameElement) {

				document.getElementById('imageAttachment').src = attElement;

				document.getElementById('imageName').innerHTML = nameElement;}

			</script></html>]]></description>
			<styleUrl>#PolyStyle00</styleUrl>
			<MultiGeometry>
				<Polygon>
					<outerBoundaryIs>
						<LinearRing>
							<coordinates>
								77.5337550000897,12.9358240002307,0 77.53411300030599,12.9364759998594,0 77.5342270004309,12.9365889999243,0 77.53424599959919,12.9366060002698,0 77.5341389998066,12.9367970003268,0 77.5339560001449,12.9374349996592,0 77.5338609995616,12.9376139996679,0 77.53374099960629,12.9378019999918,0 77.5336220002909,12.9380039998541,0 77.5335850002125,12.9380589997839,0 77.5334320002631,12.9382980002626,0 77.53335199976119,12.9384089998193,0 77.5332649997919,12.9385440004401,0 77.5330560000795,12.9388649995775,0 77.5323269999607,12.9400539998614,0 77.5316470002909,12.9412180002651,0 77.53089600002031,12.9426119998878,0 77.5305610001371,12.9431869999633,0 77.53029099988539,12.943623000374,0 77.53011100025159,12.9439040000323,0 77.5298589998923,12.9442640002554,0 77.5296960003031,12.9444930004418,0 77.5296190001194,12.9445870003013,0 77.5295009999347,12.9446809996806,0 77.52933800043741,12.9448100001259,0 77.52909200006749,12.9449259999927,0 77.5281180001212,12.945263999875,0 77.52803400015659,12.9451880001487,0 77.5277900003785,12.9449659999471,0 77.5276359997012,12.944828000218,0 77.5273099997066,12.9445349998091,0 77.52724999961011,12.9444770001012,0 77.5266589999996,12.9439080004056,0 77.52653100010259,12.9437629996265,0 77.5265019999509,12.9437290000413,0 77.5263510003891,12.9435179997578,0 77.5262840003158,12.9434239997853,0 77.5261839995642,12.9432829999058,0 77.5261570004577,12.9432450001359,0 77.5260610000081,12.9431100002685,0 77.5258609998446,12.9428319998779,0 77.5257850001327,12.9427159995495,0 77.5257099998728,12.9426009995913,0 77.5252410000592,12.9419200002411,0 77.5249010004127,12.9413900000988,0 77.52481999975799,12.9412480004168,0 77.5247600000244,12.9411489999254,0 77.524637000265,12.9409280000137,0 77.5246060004264,12.9408740001476,0 77.52456500023099,12.9408010002516,0 77.5245050002697,12.9407230001747,0 77.52426099971029,12.9404069998392,0 77.5242189999254,12.9403529998043,0 77.5241789997248,12.9403019998314,0 77.5241340002074,12.9402430000461,0 77.5239689999195,12.9400370002342,0 77.52392499957431,12.9399829996213,0 77.5238930004288,12.9399450000109,0 77.52383900001379,12.9398830000968,0 77.5238120003449,12.9398509999746,0 77.52376500024501,12.9397929997399,0 77.5235599998049,12.9395480004145,0 77.5235430000134,12.939528000167,0 77.5233349999056,12.9392960000041,0 77.5231099998459,12.939078000051,0 77.5229769999585,12.9389619998678,0 77.52290100018659,12.9388959996361,0 77.5224569997301,12.9386010001882,0 77.52233599963991,12.9385599999073,0 77.5221800001075,12.9384540001035,0 77.52203199955881,12.9383499999122,0 77.5218940000529,12.9382419998322,0 77.5218080000607,12.9381890003627,0 77.5215889997062,12.9380170002002,0 77.5213530003045,12.9378229999403,0 77.5211900001803,12.9376489995646,0 77.52067199990771,12.9370929997625,0 77.52040100029581,12.9369020001694,0 77.5203119999787,12.9368390003968,0 77.5194889996437,12.936564999989,0 77.5186220003343,12.9363359995805,0 77.51847299984929,12.9363240002725,0 77.5178059995671,12.9363290004123,0 77.51722500045921,12.9363289999677,0 77.51697199964021,12.936323000005,0 77.5165909999334,12.936266000094,0 77.51634800025209,12.9362269998259,0 77.5157750001469,12.936143999615,0 77.5144519999883,12.9359389998872,0 77.5137900004151,12.9357559995914,0 77.5130650002542,12.9355539997871,0 77.512969000314,12.9355319997998,0 77.5124450004021,12.9353870001252,0 77.51234899985241,12.9353629995697,0 77.5120459995513,12.9352620001127,0 77.51190300003159,12.9352150002382,0 77.5117659996547,12.9351689995761,0 77.5113440002366,12.9349670004379,0 77.5110309999399,12.93479300001,0 77.5109369997527,12.9347219999481,0 77.5106750004113,12.9345250001994,0 77.5106060002398,12.9344769997779,0 77.5098529998524,12.9338450001275,0 77.50940199962869,12.9334769996101,0 77.5091970001032,12.9333079998158,0 77.5088970002782,12.9330290001865,0 77.5084549999801,12.9326359998739,0 77.50815899953921,12.9323959996061,0 77.5080489998936,12.9323090003194,0 77.50740199962991,12.9318900002751,0 77.5067869999656,12.9315010001747,0 77.50665199979331,12.9314059996385,0 77.5065160001764,12.9312930002006,0 77.5063400001776,12.9311839998751,0 77.5062699999996,12.9310760003108,0 77.50605299989699,12.9306990002103,0 77.5058760000893,12.930279999779,0 77.5057480003652,12.9300799996412,0 77.5055400002111,12.9297960001907,0 77.5054029999944,12.9296820003287,0 77.5052369996974,12.9295760001106,0 77.50473600032289,12.9293609995658,0 77.5045920002683,12.9293189998558,0 77.5040290001656,12.9292019995915,0 77.5037589996832,12.9290940004343,0 77.5034970001756,12.9289330001702,0 77.5033139996746,12.9287559996548,0 77.50281600001961,12.9281450002463,0 77.5024400000474,12.9277019999095,0 77.5025970004516,12.9277369998445,0 77.5037099998365,12.9268379999932,0 77.50412500045491,12.9265029999447,0 77.5042510004283,12.9265700000821,0 77.50435100039159,12.926599000246,0 77.5044049997269,12.926555000426,0 77.50450399956129,12.9264299995958,0 77.5048799997877,12.9258739997349,0 77.5050669996959,12.925660000165,0 77.5051929996456,12.9254810001851,0 77.5052039996462,12.9254010004322,0 77.50516900008409,12.9252120002364,0 77.50505900032221,12.9250240000399,0 77.50498200004731,12.9249029996526,0 77.5050959996728,12.9248439995653,0 77.5051549998104,12.9248250001364,0 77.50525300041799,12.9247940001538,0 77.5052069996119,12.9245929996378,0 77.5053969999215,12.9245300001537,0 77.5053849997697,12.92466900042,0 77.505378999596,12.9247539999903,0 77.5054370001593,12.9249269998126,0 77.5055300000385,12.924921000422,0 77.50564300043899,12.9249140003461,0 77.5057499998189,12.9249080001849,0 77.5058679998229,12.9249009998948,0 77.5059849996709,12.9248929999541,0 77.50609999968469,12.9248860003599,0 77.5062089995938,12.9248799997765,0 77.5062530001309,12.9248769995589,0 77.5062630004215,12.9250840004325,0 77.5062629996671,12.9250890003712,0 77.5062660002684,12.925152000145,0 77.5062689996554,12.9252170002639,0 77.5062750002665,12.925341000384,0 77.50665300016939,12.9253339998419,0 77.50665200025389,12.9252819998737,0 77.5066510003529,12.9251620003136,0 77.5066509999438,12.9251030004191,0 77.5067550000786,12.9250919998013,0 77.50687799981939,12.9250780004478,0 77.50699500022399,12.9250660002764,0 77.5071299999146,12.9250510001092,0 77.50726299976419,12.925037000281,0 77.50736500013269,12.9250259996678,0 77.50747899981501,12.9250059996832,0 77.50761500008581,12.924981999912,0 77.5076719999003,12.9249719998744,0 77.5077369995942,12.9249600003216,0 77.5078870002508,12.9250060003711,0 77.5081449996059,12.9251289997129,0 77.5083649999637,12.9251029996165,0 77.5089089998925,12.9246690003063,0 77.50892300012291,12.9246439998201,0 77.50903500014689,12.9246209998635,0 77.5093020004222,12.9250279998903,0 77.5095010004088,12.9250039996421,0 77.5097340003904,12.9249379996568,0 77.5099009995461,12.9248840001647,0 77.50993399977629,12.9248719997447,0 77.51003599976541,12.9248340000056,0 77.51013700034299,12.9247959999061,0 77.5101830004178,12.9247790000896,0 77.5102319997859,12.9247600000002,0 77.51046500021521,12.9246729995954,0 77.5104929995499,12.924677000153,0 77.5105489998368,12.9245009999681,0 77.510545000311,12.9244270000997,0 77.5105389995738,12.9242960001902,0 77.5105739999272,12.9243139998448,0 77.51076399999759,12.9242979999008,0 77.5107489996727,12.9241229998714,0 77.510746999669,12.9240979996536,0 77.5107449998072,12.9240720001739,0 77.5107430003422,12.9240430001983,0 77.5107359999402,12.9239620000519,0 77.5107299995653,12.9238829996468,0 77.5107170000563,12.9237620000529,0 77.5107159998033,12.9237480001512,0 77.51118100024389,12.9236819997698,0 77.5115139998953,12.9236330004076,0 77.5115159996662,12.9236249997336,0 77.5116600000115,12.9228590004139,0 77.511761999583,12.9223149997522,0 77.5117939998069,12.9220020002816,0 77.5117419996993,12.9219059997966,0 77.51175200008829,12.9217769999446,0 77.5117430003384,12.9217559999906,0 77.51174000001301,12.9216190001489,0 77.5117400001434,12.9215970001665,0 77.5117379998445,12.9215039996981,0 77.5117380001135,12.9215020002722,0 77.5117380003734,12.9214999999428,0 77.51173699996041,12.9214939995535,0 77.51173499955409,12.921381000334,0 77.5117679998865,12.9213500002823,0 77.51176800027881,12.9213259999706,0 77.5117540003711,12.9211699998617,0 77.5117330003675,12.9211329998167,0 77.51166100008309,12.9209430001609,0 77.5116050000336,12.9207090001494,0 77.51182200015511,12.9206499996484,0 77.51186200033941,12.9206339997527,0 77.5118579996518,12.9205890001758,0 77.5118500002321,12.9205610002911,0 77.51184600006231,12.9205259996319,0 77.51185699980429,12.92047400004,0 77.5118880003963,12.9204289997822,0 77.5119229995788,12.9203750002347,0 77.5119169999729,12.920143000183,0 77.511890000414,12.9200840000599,0 77.511879999809,12.9198519996424,0 77.5118029997287,12.9198550001169,0 77.51169799974539,12.9198069995991,0 77.5116510002355,12.9197700002935,0 77.5116039999408,12.9197319999174,0 77.5115590003256,12.91963800003,0 77.5115470004278,12.9196130002493,0 77.51151999992651,12.9194660001203,0 77.5114929997733,12.9192069997102,0 77.5114949997548,12.9191699997107,0 77.51150400017841,12.9189450000677,0 77.5115359996783,12.9186219998556,0 77.5115679997641,12.9182810003085,0 77.5116079998144,12.9180719996345,0 77.5117980000862,12.9177710001158,0 77.51190100028199,12.917606999767,0 77.51194000037989,12.9175450002333,0 77.511990000072,12.9174659996137,0 77.5120889996209,12.9173249999164,0 77.5122299995792,12.9171030002977,0 77.51237799990921,12.9165500003135,0 77.5124260003668,12.9163690004391,0 77.51246699965969,12.9162870000622,0 77.5125060003619,12.9162390000675,0 77.51258600022631,12.9161859996009,0 77.51258000030489,12.916146000208,0 77.5125579996739,12.9158649997893,0 77.51242799956781,12.9158799998424,0 77.5123560002875,12.9152550004479,0 77.5123359998725,12.9150830003142,0 77.51232899982659,12.9150290001032,0 77.5123150001908,12.9149039996063,0 77.51229899984369,12.9147740003677,0 77.5122930000712,12.9147199995645,0 77.51228299994401,12.9146340003886,0 77.51226699964811,12.914504000236,0 77.5122609999089,12.914450000332,0 77.51224799965659,12.9143049995808,0 77.51164300002699,12.9142389999637,0 77.5115790004353,12.9141939999933,0 77.51151200025539,12.9141479997815,0 77.51127599968331,12.9139820002735,0 77.511275999734,12.913975000027,0 77.5112769997998,12.9139300001882,0 77.5112780000308,12.9138969996077,0 77.51128000000421,12.9138279997658,0 77.5112819999802,12.9137589999237,0 77.5112840000964,12.913688999916,0 77.511284999913,12.9136259998336,0 77.5112859996507,12.9135899996685,0 77.5112889996587,12.9134500002343,0 77.5112919998399,12.9132890000592,0 77.511294000364,12.9132360001282,0 77.5112969995898,12.9130820002074,0 77.5113000002481,12.9129309998612,0 77.51130100002661,12.9129080000233,0 77.5113040002289,12.9127670004198,0 77.5113070002714,12.9126139997493,0 77.51130799955691,12.9125880003267,0 77.5114139997422,12.9125530000006,0 77.5115300001123,12.9125140004044,0 77.5115829996416,12.9124970002937,0 77.512251000392,12.912283999722,0 77.5123899999673,12.9122350001134,0 77.512446000205,12.912216999734,0 77.5124499996321,12.9122080004514,0 77.5124149999793,12.9121030000836,0 77.51255900006289,12.9120579999467,0 77.51252699966049,12.911957000314,0 77.5126939997337,12.9119110000857,0 77.5127560002684,12.911886999685,0 77.5129020002144,12.9118449996158,0 77.5128790002121,12.9117699999236,0 77.5128520001075,12.9116820004442,0 77.512823000221,12.9115890004052,0 77.5127900001078,12.9114839998349,0 77.51276299993999,12.9113969995943,0 77.51273399987009,12.9113059998607,0 77.51269799958941,12.9111910002868,0 77.5126710002893,12.9111050001792,0 77.5126470004235,12.9110150003769,0 77.5126269998832,12.9109370002038,0 77.5128359999191,12.9108569997652,0 77.51345600032499,12.9108310004011,0 77.5134879996542,12.910830000451,0 77.5134800002301,12.9106589998726,0 77.5134359997449,12.9101710003741,0 77.5133339995931,12.9096799999434,0 77.5133030000846,12.9095959998609,0 77.51327700042221,12.9096040001072,0 77.512583000041,12.9097889998622,0 77.51255799974319,12.9097090004323,0 77.51249299976659,12.9094729996479,0 77.5124120002762,12.9091749997757,0 77.51238600017081,12.9090929996545,0 77.51230100012469,12.9088809998514,0 77.5122090002599,12.9086510001985,0 77.5121729997399,12.9086029996646,0 77.5121379995733,12.9085739998479,0 77.5120160001959,12.9084519999392,0 77.5119629995862,12.9082340002904,0 77.51190300025721,12.9079379999773,0 77.5119010002976,12.9079150000688,0 77.5119139999947,12.9076640001395,0 77.5119459997802,12.9072339995935,0 77.51204099965349,12.9068489998332,0 77.5121590003703,12.9066419997084,0 77.5121840000603,12.9065979997136,0 77.51218700035059,12.9065809997039,0 77.5122019997325,12.9064650000119,0 77.51217400023189,12.9064639997784,0 77.51185799989111,12.9064430000411,0 77.5116709997482,12.9064300000713,0 77.51106700028561,12.9064210000521,0 77.5112189996931,12.9062979999938,0 77.511456000121,12.9060329998689,0 77.51169899966889,12.9055300003965,0 77.5116149999798,12.9052309995761,0 77.511040999736,12.9043200001064,0 77.5109519995527,12.9040830001972,0 77.51094899997941,12.9040510002419,0 77.51094099989849,12.9039470003022,0 77.5109810002745,12.9035530000279,0 77.5111159995909,12.9029679997556,0 77.5111200000287,12.9028960000395,0 77.51110299989899,12.9027990000811,0 77.5110950003432,12.9027539999355,0 77.5109349999998,12.9025690002829,0 77.510931000025,12.9025139998076,0 77.5109809995828,12.9024490002805,0 77.5112139999236,12.902286000137,0 77.51146200041001,12.9021089997792,0 77.511477999867,12.9020970003885,0 77.5115499995951,12.902102999885,0 77.51165800007151,12.9021279999105,0 77.5118189998848,12.9021609997002,0 77.51187600045679,12.9021660003126,0 77.511939000382,12.9021710001815,0 77.5123599996745,12.9021089998467,0 77.512543999727,12.9020760003891,0 77.5129099998433,12.9020640002693,0 77.5138030003174,12.9020470000153,0 77.5138789995666,12.9020349999271,0 77.5139549998613,12.9020219996449,0 77.5139780003648,12.9019980004044,0 77.5140009999341,12.9019740002681,0 77.51404199970931,12.9018469999566,0 77.5140700000409,12.9016770002014,0 77.5140690001565,12.9016010001377,0 77.5140270002027,12.9015539997624,0 77.5139819999569,12.9015049998963,0 77.51384299962901,12.9014100001985,0 77.51343200037471,12.9012629997389,0 77.5133479999662,12.9012209999919,0 77.51326399958199,12.9011790002126,0 77.51321300027421,12.9011100003664,0 77.5131620000662,12.9010409996102,0 77.5131040000951,12.9009479998578,0 77.5129889995616,12.9007619997183,0 77.5128700000741,12.9006289996406,0 77.5128110000919,12.9005620001082,0 77.5127089996007,12.9005049998845,0 77.51260699992901,12.9004489997688,0 77.51254500012649,12.9004029999083,0 77.5124830003455,12.9003570000287,0 77.51246799971361,12.9003349996315,0 77.51242600032479,12.9002750003786,0 77.51244200035011,12.9001689999668,0 77.51245100035641,12.9001109997202,0 77.5124610002201,12.9000679995566,0 77.5124680003871,12.9000379996368,0 77.5127710003492,12.8998270001966,0 77.5128849996233,12.8997009996703,0 77.5128859999585,12.8996999998301,0 77.51299400030339,12.8994999996292,0 77.5131439999471,12.8993849999446,0 77.51323800045409,12.8992859999211,0 77.5132519997006,12.8992710002279,0 77.5135079997229,12.8989469998129,0 77.5135649999244,12.8988320004326,0 77.5135910003424,12.8986810004455,0 77.51356499991159,12.8985849997868,0 77.51356400001259,12.898583000037,0 77.51334600021789,12.8982859996894,0 77.5133040004592,12.8982109999011,0 77.5132910000884,12.8980939999886,0 77.51334999988801,12.8980100000748,0 77.51381700004259,12.8975440000218,0 77.513853999909,12.8974620004479,0 77.51392799971239,12.8972970002283,0 77.5139889997715,12.8970739998589,0 77.51401999993421,12.8969619997541,0 77.5140030002602,12.89684699984,0 77.5139690000676,12.8966170000061,0 77.5140500000154,12.8963929996635,0 77.5141839999377,12.8960580002021,0 77.5142410001901,12.8958589997561,0 77.5143340000653,12.89552999971,0 77.51435099999659,12.8953880001171,0 77.51432499986259,12.8952659997762,0 77.5142350000323,12.8952079999271,0 77.5140740002697,12.8951810000669,0 77.5140230000534,12.8951730002217,0 77.5139719999796,12.895164000201,0 77.5139240001787,12.8951179996124,0 77.5139169995486,12.8950690001634,0 77.5139110003547,12.8950239998734,0 77.51393000034641,12.894962999711,0 77.5139460002393,12.894912000206,0 77.5140859999168,12.8945710000516,0 77.5141019997114,12.8945010001517,0 77.5140519999761,12.8941119997553,0 77.51404000026869,12.8937300002268,0 77.51396599996821,12.8934360002237,0 77.5139500002018,12.8932819996029,0 77.5137830003281,12.8930800003416,0 77.51373999980549,12.8930100000651,0 77.5137679999376,12.8929390003392,0 77.51401000030759,12.8928319998269,0 77.5142249996666,12.8928219998473,0 77.5144249995647,12.8928489999401,0 77.5145840001195,12.8929739998188,0 77.5147270003942,12.8929860003464,0 77.5147839998922,12.8929440002529,0 77.5149270002602,12.8929420001968,0 77.5149909999317,12.8929129999316,0 77.51506999954159,12.8928489997074,0 77.51512699962861,12.8928349995903,0 77.51519899974571,12.892903999747,0 77.5152710003066,12.8929040003893,0 77.51533400006851,12.8928330001199,0 77.51532600022919,12.8927629997024,0 77.5153100001846,12.8925729997658,0 77.5153240003126,12.8924889996478,0 77.5153519995807,12.8924470000471,0 77.51567399985829,12.8924359998336,0 77.5157950002271,12.8923789996133,0 77.5158599995889,12.8923849997618,0 77.5158960003812,12.892440999606,0 77.5158969998251,12.8925469999718,0 77.51585700005231,12.8928280002415,0 77.51573800019089,12.8931169999884,0 77.51573199954299,12.893221999763,0 77.5157400000444,12.893342000125,0 77.5158069997577,12.8935450003335,0 77.51581500036291,12.8936850003139,0 77.51587999970241,12.8937410003797,0 77.51598700023369,12.8936900000828,0 77.5160800000248,12.8936679999931,0 77.51621700023369,12.8937369997163,0 77.51643099972119,12.8937000003362,0 77.5167400000138,12.8936549997514,0 77.51685200044069,12.8936020003962,0 77.5168989998586,12.8935250000999,0 77.5170700001739,12.8933069998892,0 77.5171130000362,12.8931510000106,0 77.5171880003864,12.8931000000564,0 77.5172740003772,12.8930929998089,0 77.5173610003923,12.8930870000093,0 77.5174029998801,12.8930719999563,0 77.5174440001193,12.8930569995761,0 77.5175159999625,12.8930620004036,0 77.5176240002106,12.8930939996759,0 77.5177849996809,12.8931409998333,0 77.5180129997258,12.8932390000677,0 77.5180769997131,12.8931969997121,0 77.5181259998741,12.8932139996373,0 77.5181389997864,12.8932959996986,0 77.518223000226,12.8933479998513,0 77.5183960002242,12.8933350000008,0 77.5184049999544,12.8933339999248,0 77.51851500037451,12.8933540001913,0 77.51852800024371,12.8933570001837,0 77.5186049996021,12.8932920000527,0 77.51868699971,12.8931389999837,0 77.518757000195,12.8929449995577,0 77.5188239997435,12.8928349999286,0 77.5188569998823,12.8927800004049,0 77.5189160002373,12.8927560003194,0 77.5189549999477,12.8927559997095,0 77.5189949996951,12.892756999562,0 77.51918599973919,12.8928589997264,0 77.5192080001451,12.892868999957,0 77.5193059997295,12.8929159996473,0 77.5195089999616,12.8929509997356,0 77.5195329995889,12.8929549995966,0 77.5198079998475,12.8929930002697,0 77.5200479998759,12.893102000411,0 77.5201840001899,12.893194999627,0 77.52025199998489,12.8932409995773,0 77.5203730001674,12.8933239997572,0 77.52049300014519,12.8934079997254,0 77.5206530001839,12.893476000109,0 77.520728000109,12.8935160001583,0 77.52079199992021,12.8935500004369,0 77.5209500004443,12.8935249996942,0 77.52099500013151,12.8935419996448,0 77.5210300000609,12.8935750000266,0 77.5210650001134,12.8936070002422,0 77.52108300009699,12.8936400000326,0 77.52111199954091,12.8936929999704,0 77.52112199961989,12.8938340000319,0 77.52110999973959,12.8939679996206,0 77.52109900014671,12.8940770000587,0 77.5210999997278,12.89418599958,0 77.5211140000698,12.8943390000222,0 77.52111900044039,12.894399000187,0 77.5211289997014,12.8945240004179,0 77.52113799991361,12.894759999866,0 77.52103299971959,12.8951810000085,0 77.52101299953929,12.8952579999191,0 77.5209970002411,12.8953169999695,0 77.5209299999934,12.8956309999321,0 77.5209140002065,12.8956939997193,0 77.5209000001778,12.8957460001689,0 77.5208949999811,12.8958930003123,0 77.5208909998957,12.8959359996144,0 77.5208889996801,12.8959509995912,0 77.5208849995884,12.8959699996037,0 77.5208770003249,12.8960079996197,0 77.52083799997681,12.8961140002638,0 77.52079800009599,12.896166000166,0 77.52076200041689,12.8962139997213,0 77.5207400002386,12.8962389998181,0 77.52067900029949,12.8963079997372,0 77.5206210003692,12.8964449995992,0 77.52054499967041,12.8967209998853,0 77.5205460004014,12.8968039998082,0 77.5205729996663,12.8968990004027,0 77.52065400005129,12.8970259996278,0 77.520745999981,12.8972150001933,0 77.5208009996278,12.8972700000387,0 77.5208280003484,12.8972969997184,0 77.5208780004487,12.897365000107,0 77.5208849997306,12.8973740000126,0 77.520902000267,12.8974280000805,0 77.52092700034341,12.8974659999955,0 77.5209760003512,12.8975420004217,0 77.5210189996249,12.8975989996603,0 77.5210619996993,12.8976410001182,0 77.52112800010831,12.8976670003389,0 77.5211620000083,12.8976720003784,0 77.5212339995869,12.8976819998241,0 77.52130700027649,12.8976920004378,0 77.52133200026149,12.8976819999323,0 77.5214399997659,12.8976420002589,0 77.5215830002825,12.8976480000681,0 77.5215969998664,12.8976489998432,0 77.5216670001426,12.8976159999085,0 77.5217360001111,12.8975839998245,0 77.52187999985991,12.8975140004296,0 77.5220190000861,12.8974559995828,0 77.522141000316,12.8974379999978,0 77.52228500022041,12.8973900002642,0 77.5224329999304,12.8973409996661,0 77.5225069998201,12.8973160001637,0 77.5225869999696,12.8973240003544,0 77.5226730001919,12.8973669996401,0 77.5227159998089,12.8973890002572,0 77.5227839996131,12.8974590003183,0 77.5228230002238,12.8975000000175,0 77.52286199992641,12.8975409997174,0 77.5229530003072,12.8976269998655,0 77.5229949997257,12.8976409997833,0 77.522994999829,12.8976399996252,0 77.5229940001733,12.8976000002774,0 77.52317600043069,12.8975839998268,0 77.52323100030161,12.8975799997299,0 77.52326299974899,12.8975770003724,0 77.52326300008789,12.8976179995734,0 77.5235549997259,12.8975969999943,0 77.52367500014169,12.8975270000138,0 77.5237700000873,12.8975719999846,0 77.5239210001303,12.8975669999896,0 77.52392700025079,12.8975669998983,0 77.52393800032419,12.8975670003342,0 77.5241410001895,12.8975799998289,0 77.5243159999925,12.8974710001524,0 77.52455400002989,12.8973840000211,0 77.524724999734,12.8972559996414,0 77.52473599980971,12.8973119997401,0 77.52483899997419,12.8972280004409,0 77.5256589999636,12.8995940001005,0 77.5257789996873,12.8999819996179,0 77.5258359999754,12.9000820001922,0 77.525817999742,12.9001190000366,0 77.52615300016591,12.9006900002748,0 77.52647899998961,12.9020429997137,0 77.526551000045,12.9023679999552,0 77.5266480003241,12.9027809997292,0 77.52664800023921,12.9027819998842,0 77.52658999957011,12.9027990002799,0 77.5263630004232,12.9028890001511,0 77.5263620001281,12.9029850002468,0 77.52640699998631,12.9030019997942,0 77.5264440003178,12.9030169995487,0 77.52648699962459,12.9031210002188,0 77.5265180003508,12.903214000415,0 77.5265219999132,12.9032280000539,0 77.52652299984631,12.9032309998861,0 77.5265239996945,12.9032349998733,0 77.52652399960959,12.9032360000284,0 77.5265270001603,12.9032469998261,0 77.5265559997335,12.9033920002708,0 77.5265829998222,12.9035270004215,0 77.5266110000305,12.9035990001555,0 77.5266680004197,12.9038539998183,0 77.52668700014149,12.9040089999481,0 77.5267220003833,12.9043039997667,0 77.5267230002228,12.9043300004304,0 77.526389999869,12.9041750000094,0 77.5260999996694,12.9041090001995,0 77.5260789995811,12.9041149999064,0 77.5263959998691,12.9045199997563,0 77.52653799962989,12.9048010003218,0 77.5265560000047,12.9048390002121,0 77.5264071767653,12.9049163304532,0 77.5264080072518,12.904917038886,0 77.5266310237991,12.9052239910712,0 77.5270959638458,12.9060639886011,0 77.5276379645825,12.9070449674527,0 77.5280520152274,12.907792955043,0 77.5281549783105,12.9079800264245,0 77.5281970677182,12.9080460132425,0 77.52821199994369,12.9080689996647,0 77.5296769997737,12.9102660003152,0 77.529710999884,12.9103200000088,0 77.5298499997955,12.9105969996851,0 77.5298829998937,12.9106630000006,0 77.5301099998949,12.9111159996327,0 77.5305570001684,12.9119939999835,0 77.5306360003437,12.912171999637,0 77.5309030002354,12.9127960003776,0 77.53112299985619,12.9134530002533,0 77.53114800037601,12.91355600024,0 77.53126399970991,12.9140200001611,0 77.5312649997062,12.9140240001053,0 77.5312970003944,12.914138999966,0 77.5314390002046,12.9147450002987,0 77.5316449997199,12.9167909996964,0 77.5318889998096,12.9167540000473,0 77.5320590002234,12.9167489997508,0 77.53207800042151,12.916678000043,0 77.532096000366,12.9166070000965,0 77.532114999681,12.9165180004165,0 77.5321369997697,12.9164450002323,0 77.5321509995897,12.9163920002065,0 77.5321659999134,12.9163339996697,0 77.5321680000784,12.9163230003132,0 77.53219100016859,12.9162370002342,0 77.5322129999514,12.9161520000666,0 77.5322180003985,12.916132000086,0 77.532240999816,12.9160410001702,0 77.53226299968139,12.9159539997036,0 77.5322700001178,12.9159259999137,0 77.5322880000971,12.9158529996703,0 77.5323079998533,12.9157760002175,0 77.5323110002459,12.915765000197,0 77.53219499980899,12.9157679997455,0 77.532330999858,12.9156389997477,0 77.5323760001769,12.9155770004297,0 77.5324029995957,12.9154679996944,0 77.5324310000955,12.915428999709,0 77.53256299978339,12.915370000096,0 77.5326700002192,12.9153219996718,0 77.5326989998747,12.9153200000155,0 77.53284699991261,12.9153070001337,0 77.5330889998355,12.9151930003441,0 77.53313799975029,12.9151699995743,0 77.5334379999391,12.9150799997353,0 77.5334549999402,12.9150870002937,0 77.5336739999762,12.9150360003265,0 77.5337010002585,12.9150290002476,0 77.533726000399,12.9155269996923,0 77.5337990004252,12.9156779995648,0 77.5342320004461,12.9157640001079,0 77.5345789998799,12.9158600003582,0 77.5351670002895,12.9157770003579,0 77.53566200009141,12.9155570001873,0 77.53586699973729,12.9154920003576,0 77.53587800033969,12.9155189995972,0 77.53584399988419,12.9156750003316,0 77.53582300029041,12.9158399999214,0 77.5358320002545,12.9160810003482,0 77.5358640000463,12.9161869997128,0 77.5359269999493,12.9162460001047,0 77.53620599957981,12.9163439999694,0 77.5366109996923,12.9165320002951,0 77.536708999998,12.9166420003919,0 77.53682400013651,12.9167709997832,0 77.5371130000442,12.9170380001155,0 77.5375009996386,12.9175110003565,0 77.5378490002481,12.9180730003347,0 77.5382969999084,12.9180029999736,0 77.53837699993529,12.9180780001663,0 77.5383350003619,12.9182210000754,0 77.53837299962569,12.9183189999297,0 77.5384349998283,12.9183650001155,0 77.53857300018031,12.918486999661,0 77.5388049999348,12.9187179998141,0 77.5388349996462,12.9188039997124,0 77.5386510000946,12.9191199996958,0 77.5386009995668,12.9192269999497,0 77.5385819996352,12.9193599997747,0 77.53860699959731,12.9195680000246,0 77.5387529997855,12.9197369997197,0 77.5389099996883,12.920041000379,0 77.5389280002486,12.9201299999036,0 77.53893599962861,12.9202020002731,0 77.53894299960319,12.9201999996659,0 77.5389929999676,12.9204480000456,0 77.539017999663,12.9207729999,0 77.5391319999016,12.9210330001317,0 77.53930099982099,12.9214219997391,0 77.5393700001175,12.9217710004056,0 77.5394129999147,12.9218739998785,0 77.5397069996723,12.9219299998469,0 77.5399349997892,12.92218800034,0 77.5400359995444,12.9224370001202,0 77.5401420001094,12.9229979995493,0 77.54014999997671,12.923022000126,0 77.5401690003653,12.9230780003266,0 77.5402210004594,12.9232339999782,0 77.5402659997214,12.923331999798,0 77.5402980001801,12.9240710002795,0 77.54029099974321,12.9241560001932,0 77.5402259995931,12.9242269997725,0 77.5399380001345,12.9244110004465,0 77.5398159997718,12.924499999836,0 77.5397290001428,12.9245570000018,0 77.5394099997505,12.9245929996287,0 77.5388649997241,12.9246679996426,0 77.53838600001561,12.9242429998433,0 77.538323999859,12.9240849999694,0 77.53824099985189,12.9238809997787,0 77.5377440000008,12.9234830002191,0 77.5376369996586,12.9234240002526,0 77.53733200005919,12.9233910000422,0 77.5371610003383,12.9233599999914,0 77.5370530002357,12.9233519997323,0 77.5369550002118,12.9234009999758,0 77.53683300020541,12.9235410000836,0 77.5367400000921,12.9238480001409,0 77.5367349998041,12.92405900001,0 77.5367669996858,12.9244809998647,0 77.5367959995464,12.9246299998984,0 77.5367890004008,12.9248199998595,0 77.5367529996455,12.925268999655,0 77.5367410004411,12.9258009995854,0 77.53686899974019,12.9263429996782,0 77.53692700027599,12.9266150003063,0 77.5362559998643,12.9267970004102,0 77.5353160000123,12.9270440004424,0 77.5351550003399,12.9271279995958,0 77.5350579997876,12.9272279999252,0 77.53497199989179,12.927370999958,0 77.5348510003019,12.9276130003873,0 77.5348240002599,12.9277099995806,0 77.53480600022731,12.9279080002669,0 77.5348370000582,12.9283340002047,0 77.53487400042231,12.9285300001847,0 77.53497900011931,12.9290389997561,0 77.5349900000078,12.92911200026,0 77.5349629998783,12.9292119999188,0 77.5349519997182,12.9293149999508,0 77.5350179998977,12.9293369997247,0 77.5351659995424,12.9293779996049,0 77.53519000006131,12.9293799997687,0 77.535197999988,12.9295430001306,0 77.5351839995898,12.929541999611,0 77.53513700010041,12.9294979999504,0 77.53499600023279,12.9295530003436,0 77.5348959999709,12.9295920001878,0 77.5348679996023,12.9295769999136,0 77.534831999817,12.9295569998313,0 77.53481900039711,12.9295910001265,0 77.5346210002369,12.9299710002159,0 77.53448599963779,12.9301409996761,0 77.53446100034419,12.930172999707,0 77.53434099995511,12.9303270001129,0 77.5342670000087,12.9305669999312,0 77.5342650000689,12.9307610000261,0 77.5342660003371,12.9307620003939,0 77.5342570002977,12.931572000116,0 77.534296000426,12.9317540003301,0 77.53428199975799,12.9318939997443,0 77.534280000287,12.9319149996726,0 77.5342770003175,12.9319420002659,0 77.53427000034741,12.9320150004111,0 77.5342670002312,12.9320459997873,0 77.5342619999975,12.9320899997285,0 77.5342520004133,12.9323170001699,0 77.5341710003657,12.9324319999831,0 77.53411400040071,12.9325419998718,0 77.5341299996585,12.93265500019,0 77.53408600045449,12.9329689995568,0 77.534012000166,12.9330389997215,0 77.5339360001737,12.933134999638,0 77.5337719997116,12.9336030003807,0 77.5337469995924,12.9337020003544,0 77.5336330001052,12.9339919995632,0 77.5331729999407,12.9339689996058,0 77.5331620003257,12.9340409996301,0 77.5331520003805,12.9341559999111,0 77.5332779999295,12.9341649997662,0 77.53326700034761,12.93423699979,0 77.5329520000179,12.9342140004292,0 77.53295299982391,12.9343270001991,0 77.53300599989809,12.9343270004143,0 77.5330090003597,12.9344149996386,0 77.5328620001398,12.9344160000264,0 77.53286000042711,12.9344159995715,0 77.5328639996862,12.9347920000787,0 77.5328580000524,12.9349300001562,0 77.5328560004032,12.9349779995721,0 77.5332610002972,12.9349360004437,0 77.5335640004448,12.9349329999869,0 77.533712000295,12.9349320002791,0 77.5337260001417,12.9349309996331,0 77.53387299956,12.9349330000573,0 77.53387100035511,12.93508600044,0 77.5338710003147,12.9350869996841,0 77.5338719996102,12.9352310003242,0 77.5338719995699,12.9352319995683,0 77.53387399978,12.9353579995778,0 77.5338739998413,12.9354130004425,0 77.5339029996458,12.935475999872,0 77.53395099966779,12.9355780001963,0 77.53400800018299,12.9356979997124,0 77.5340719997434,12.9358340003992,0 77.53376599994959,12.9358229998124,0 77.533766000021,12.9358210004207,0 77.5337550000897,12.9358240002307,0 
							</coordinates>
						</LinearRing>
					</outerBoundaryIs>
					<innerBoundaryIs>
						<LinearRing>
							<coordinates>
								77.5069240003812,12.9289669997726,0 77.5068910000665,12.9289810002599,0 77.5069520000489,12.9291310001327,0 77.50703300025759,12.9293869997782,0 77.507059999912,12.9296140003033,0 77.5070559999477,12.9298479999232,0 77.5070459998817,12.9300569997426,0 77.50699499971179,12.9304650001933,0 77.5069809995689,12.9308840001652,0 77.5070430003742,12.9309970004085,0 77.507123000276,12.9310859998332,0 77.5072089997736,12.9311399998974,0 77.5073499995941,12.9311860002931,0 77.5074850003739,12.9312509999815,0 77.5076880000036,12.9313679996041,0 77.50776799954239,12.9314160001149,0 77.50790200000441,12.9314559996048,0 77.5080680000551,12.9315199997907,0 77.50820800036109,12.9315490001324,0 77.50839300001491,12.9316609996931,0 77.5085590000739,12.9318209999995,0 77.508669999665,12.9319099997307,0 77.5087679998676,12.9320049998323,0 77.5088059997277,12.9320760002171,0 77.5088499998833,12.9322069997467,0 77.50886300033601,12.932302999841,0 77.508943000025,12.9324219998428,0 77.50905499961,12.9326059999338,0 77.509117000339,12.9327439999349,0 77.5091670004098,12.9328030002658,0 77.5092469999903,12.9328560001071,0 77.5093390002333,12.9328849997775,0 77.5094429996673,12.9329080004331,0 77.50951300042971,12.932921000361,0 77.5100020000004,12.9327639999413,0 77.5106950002973,12.9324400000128,0 77.5110230002239,12.9323359995639,0 77.51101099955061,12.9322159997311,0 77.5108659995949,12.9322769997034,0 77.51087499964279,12.9321180000284,0 77.5108779997452,12.9320740001004,0 77.5108750003437,12.9320980003682,0 77.51077799962729,12.9320979998841,0 77.51081199990401,12.9319209996533,0 77.5109360002163,12.9318030001372,0 77.51095899989561,12.931739999741,0 77.5109320002334,12.9313219998182,0 77.5109180002017,12.9311790000855,0 77.51091900024591,12.9310799995807,0 77.51092299998039,12.9307529998024,0 77.5109260003367,12.9304840001443,0 77.5109290003218,12.9302470002957,0 77.5109309998162,12.9300260000407,0 77.51093100019629,12.9300229995467,0 77.5109329996277,12.9300180002653,0 77.5109760002116,12.9299169999393,0 77.510979999707,12.9297440000279,0 77.51097999968199,12.9297369997876,0 77.5109770001358,12.9294180000071,0 77.51098499960599,12.9291979999887,0 77.5109949996761,12.9288640000246,0 77.5103680000681,12.9288569999896,0 77.5099270002233,12.9288449999396,0 77.5098709998021,12.9288429998626,0 77.50988200027599,12.9290789996589,0 77.5097910001018,12.929041999849,0 77.5092550003566,12.9290669998226,0 77.50898900014251,12.9290790004179,0 77.5088290001044,12.9290869999261,0 77.50856599977649,12.9290990001602,0 77.508506000086,12.9291020002269,0 77.5083359996237,12.9291099998206,0 77.5082159998037,12.9290860002996,0 77.5080360004105,12.9290510001653,0 77.5077099995778,12.9290120004013,0 77.5077090001851,12.9290120000689,0 77.5074040000073,12.9289820001172,0 77.5069670002251,12.9289650000589,0 77.5069240003812,12.9289669997726,0 
							</coordinates>
						</LinearRing>
					</innerBoundaryIs>
				</Polygon>
			</MultiGeometry>
		</Placemark>
	</Document>
	<Document>
		<name>Ward NO. 184.kml</name>
		<StyleMap id="PolyStyle002">
			<Pair>
				<key>normal</key>
				<styleUrl>#PolyStyle0000</styleUrl>
			</Pair>
			<Pair>
				<key>highlight</key>
				<styleUrl>#PolyStyle0010</styleUrl>
			</Pair>
		</StyleMap>
		<Style id="PolyStyle0000">
			<LabelStyle>
				<color>00000000</color>
				<scale>0</scale>
			</LabelStyle>
			<LineStyle>
				<color>ffffff00</color>
				<width>3</width>
			</LineStyle>
			<PolyStyle>
				<color>00ffffff</color>
			</PolyStyle>
		</Style>
		<Style id="PolyStyle0010">
			<LabelStyle>
				<color>00000000</color>
				<scale>0</scale>
			</LabelStyle>
			<LineStyle>
				<color>ffffff00</color>
				<width>3</width>
			</LineStyle>
			<PolyStyle>
				<color>00ffffff</color>
			</PolyStyle>
		</Style>
		<Placemark id="ID_00016">
			<name>Ward NO. 184</name>
			<snippet></snippet>
			<description><![CDATA[<html xmlns:fo="http://www.w3.org/1999/XSL/Format" xmlns:msxsl="urn:schemas-microsoft-com:xslt">

<head>

<META http-equiv="Content-Type" content="text/html">

<meta http-equiv="content-type" content="text/html; charset=UTF-8">

</head>

<body style="margin:0px 0px 0px 0px;overflow:auto;background:#FFFFFF;">

<table style="font-family:Arial,Verdana,Times;font-size:12px;text-align:left;width:100%;border-collapse:collapse;padding:3px 3px 3px 3px">

<tr style="text-align:center;font-weight:bold;background:#9CBCE2">

<td></td>

</tr>

<tr>

<td>

<table style="font-family:Arial,Verdana,Times;font-size:12px;text-align:left;width:100%;border-spacing:0px; padding:3px 3px 3px 3px">

<tr>

<td>FID</td>

<td>182</td>

</tr>

<tr bgcolor="#D4E4F3">

<td>WardNo</td>

<td>184</td>

</tr>

<tr>

<td>WardName</td>

<td>Uttarahalli</td>

</tr>

<tr bgcolor="#D4E4F3">

<td>AOI</td>

<td>AOI 3</td>

</tr>

</table>

</td>

</tr>

</table>

</body><script type="text/javascript">

				function changeImage(attElement, nameElement) {

				document.getElementById('imageAttachment').src = attElement;

				document.getElementById('imageName').innerHTML = nameElement;}

			</script></html>]]></description>
			<styleUrl>#PolyStyle002</styleUrl>
			<MultiGeometry>
				<Polygon>
					<outerBoundaryIs>
						<LinearRing>
							<coordinates>
								77.5431269999299,12.9176060003599,0 77.5430700003616,12.9176699999229,0 77.5430360001136,12.9177080003677,0 77.542613999593,12.9179729999263,0 77.5424159997193,12.9181150003018,0 77.5424249998407,12.918134000292,0 77.54198699978571,12.9182369998711,0 77.54194300004021,12.918242999949,0 77.5419980000013,12.9187779996763,0 77.5420149999845,12.918817999772,0 77.54197400025571,12.9188009999112,0 77.5416799996018,12.9186839995651,0 77.5414159999722,12.9185150002379,0 77.5411889997507,12.9183920003092,0 77.54086499988431,12.9182729996614,0 77.54071899988119,12.9181850002022,0 77.5404580001331,12.9180189998422,0 77.539879000417,12.9176980003749,0 77.539404999722,12.9174939997751,0 77.5391999996223,12.9175360000935,0 77.5389089995594,12.9177250003814,0 77.5385240001159,12.9179419995573,0 77.53843100016761,12.9180160001373,0 77.53837699993529,12.9180780001663,0 77.5382969999084,12.9180029999736,0 77.5378490002481,12.9180730003347,0 77.5375009996386,12.9175110003565,0 77.5371130000442,12.9170380001155,0 77.53682400013651,12.9167709997832,0 77.536708999998,12.9166420003919,0 77.5366109996923,12.9165320002951,0 77.53620599957981,12.9163439999694,0 77.5359269999493,12.9162460001047,0 77.5358640000463,12.9161869997128,0 77.5358320002545,12.9160810003482,0 77.53582300029041,12.9158399999214,0 77.53584399988419,12.9156750003316,0 77.53587800033969,12.9155189995972,0 77.53586699973729,12.9154920003576,0 77.53566200009141,12.9155570001873,0 77.5351670002895,12.9157770003579,0 77.5345789998799,12.9158600003582,0 77.5342320004461,12.9157640001079,0 77.5337990004252,12.9156779995648,0 77.533726000399,12.9155269996923,0 77.5337010002585,12.9150290002476,0 77.5336739999762,12.9150360003265,0 77.5334549999402,12.9150870002937,0 77.5334379999391,12.9150799997353,0 77.53313799975029,12.9151699995743,0 77.5330889998355,12.9151930003441,0 77.53284699991261,12.9153070001337,0 77.5326989998747,12.9153200000155,0 77.5326700002192,12.9153219996718,0 77.53256299978339,12.915370000096,0 77.5324310000955,12.915428999709,0 77.5324029995957,12.9154679996944,0 77.5323760001769,12.9155770004297,0 77.532330999858,12.9156389997477,0 77.53219499980899,12.9157679997455,0 77.5323110002459,12.915765000197,0 77.5323079998533,12.9157760002175,0 77.5322880000971,12.9158529996703,0 77.5322700001178,12.9159259999137,0 77.53226299968139,12.9159539997036,0 77.532240999816,12.9160410001702,0 77.5322180003985,12.916132000086,0 77.5322129999514,12.9161520000666,0 77.53219100016859,12.9162370002342,0 77.5321680000784,12.9163230003132,0 77.5321659999134,12.9163339996697,0 77.5321509995897,12.9163920002065,0 77.5321369997697,12.9164450002323,0 77.532114999681,12.9165180004165,0 77.532096000366,12.9166070000965,0 77.53207800042151,12.916678000043,0 77.5320590002234,12.9167489997508,0 77.5318889998096,12.9167540000473,0 77.5316449997199,12.9167909996964,0 77.5314390002046,12.9147450002987,0 77.5312970003944,12.914138999966,0 77.5312649997062,12.9140240001053,0 77.53126399970991,12.9140200001611,0 77.53114800037601,12.91355600024,0 77.53112299985619,12.9134530002533,0 77.5309030002354,12.9127960003776,0 77.5306360003437,12.912171999637,0 77.5305570001684,12.9119939999835,0 77.5301099998949,12.9111159996327,0 77.5298829998937,12.9106630000006,0 77.5298499997955,12.9105969996851,0 77.529710999884,12.9103200000088,0 77.5296769997737,12.9102660003152,0 77.52821199994369,12.9080689996647,0 77.5281970677182,12.9080460132425,0 77.5281549783105,12.9079800264245,0 77.5280520152274,12.907792955043,0 77.5276379645825,12.9070449674527,0 77.5270959638458,12.9060639886011,0 77.5266310237991,12.9052239910712,0 77.5264080072518,12.904917038886,0 77.5264071767653,12.9049163304532,0 77.5265560000047,12.9048390002121,0 77.52653799962989,12.9048010003218,0 77.5263959998691,12.9045199997563,0 77.5260789995811,12.9041149999064,0 77.5260999996694,12.9041090001995,0 77.526389999869,12.9041750000094,0 77.5267230002228,12.9043300004304,0 77.5267220003833,12.9043039997667,0 77.52668700014149,12.9040089999481,0 77.5266680004197,12.9038539998183,0 77.5266110000305,12.9035990001555,0 77.5265829998222,12.9035270004215,0 77.5265559997335,12.9033920002708,0 77.5265270001603,12.9032469998261,0 77.52652399960959,12.9032360000284,0 77.5265239996945,12.9032349998733,0 77.52652299984631,12.9032309998861,0 77.5265219999132,12.9032280000539,0 77.5265180003508,12.903214000415,0 77.52648699962459,12.9031210002188,0 77.5264440003178,12.9030169995487,0 77.52640699998631,12.9030019997942,0 77.5263620001281,12.9029850002468,0 77.5263630004232,12.9028890001511,0 77.52658999957011,12.9027990002799,0 77.52664800023921,12.9027819998842,0 77.5266480003241,12.9027809997292,0 77.526551000045,12.9023679999552,0 77.52647899998961,12.9020429997137,0 77.52615300016591,12.9006900002748,0 77.525817999742,12.9001190000366,0 77.5258359999754,12.9000820001922,0 77.5257789996873,12.8999819996179,0 77.5256589999636,12.8995940001005,0 77.52483899997419,12.8972280004409,0 77.52473599980971,12.8973119997401,0 77.524724999734,12.8972559996414,0 77.52455400002989,12.8973840000211,0 77.5243159999925,12.8974710001524,0 77.5241410001895,12.8975799998289,0 77.52393800032419,12.8975670003342,0 77.52392700025079,12.8975669998983,0 77.5239210001303,12.8975669999896,0 77.5237700000873,12.8975719999846,0 77.52367500014169,12.8975270000138,0 77.5235549997259,12.8975969999943,0 77.52326300008789,12.8976179995734,0 77.52326299974899,12.8975770003724,0 77.52323100030161,12.8975799997299,0 77.52317600043069,12.8975839998268,0 77.5229940001733,12.8976000002774,0 77.522994999829,12.8976399996252,0 77.5229949997257,12.8976409997833,0 77.5229530003072,12.8976269998655,0 77.52286199992641,12.8975409997174,0 77.5228230002238,12.8975000000175,0 77.5227839996131,12.8974590003183,0 77.5227159998089,12.8973890002572,0 77.5226730001919,12.8973669996401,0 77.5225869999696,12.8973240003544,0 77.5225069998201,12.8973160001637,0 77.5224329999304,12.8973409996661,0 77.52228500022041,12.8973900002642,0 77.522141000316,12.8974379999978,0 77.5220190000861,12.8974559995828,0 77.52187999985991,12.8975140004296,0 77.5217360001111,12.8975839998245,0 77.5216670001426,12.8976159999085,0 77.5215969998664,12.8976489998432,0 77.5215830002825,12.8976480000681,0 77.5214399997659,12.8976420002589,0 77.52133200026149,12.8976819999323,0 77.52130700027649,12.8976920004378,0 77.5212339995869,12.8976819998241,0 77.5211620000083,12.8976720003784,0 77.52112800010831,12.8976670003389,0 77.5210619996993,12.8976410001182,0 77.5210189996249,12.8975989996603,0 77.5209760003512,12.8975420004217,0 77.52092700034341,12.8974659999955,0 77.520902000267,12.8974280000805,0 77.5208849997306,12.8973740000126,0 77.5208780004487,12.897365000107,0 77.5208280003484,12.8972969997184,0 77.5208009996278,12.8972700000387,0 77.520745999981,12.8972150001933,0 77.52065400005129,12.8970259996278,0 77.5205729996663,12.8968990004027,0 77.5205460004014,12.8968039998082,0 77.52054499967041,12.8967209998853,0 77.5206210003692,12.8964449995992,0 77.52067900029949,12.8963079997372,0 77.5207400002386,12.8962389998181,0 77.52076200041689,12.8962139997213,0 77.52079800009599,12.896166000166,0 77.52083799997681,12.8961140002638,0 77.5208770003249,12.8960079996197,0 77.5208849995884,12.8959699996037,0 77.5208889996801,12.8959509995912,0 77.5208909998957,12.8959359996144,0 77.5208949999811,12.8958930003123,0 77.5209000001778,12.8957460001689,0 77.5209140002065,12.8956939997193,0 77.5209299999934,12.8956309999321,0 77.5209970002411,12.8953169999695,0 77.52101299953929,12.8952579999191,0 77.52103299971959,12.8951810000085,0 77.52113799991361,12.894759999866,0 77.5211289997014,12.8945240004179,0 77.52111900044039,12.894399000187,0 77.5211140000698,12.8943390000222,0 77.5210999997278,12.89418599958,0 77.52109900014671,12.8940770000587,0 77.52110999973959,12.8939679996206,0 77.52112199961989,12.8938340000319,0 77.52111199954091,12.8936929999704,0 77.52108300009699,12.8936400000326,0 77.5210650001134,12.8936070002422,0 77.5210300000609,12.8935750000266,0 77.52099500013151,12.8935419996448,0 77.5209500004443,12.8935249996942,0 77.52079199992021,12.8935500004369,0 77.520728000109,12.8935160001583,0 77.5206530001839,12.893476000109,0 77.52049300014519,12.8934079997254,0 77.5203730001674,12.8933239997572,0 77.52025199998489,12.8932409995773,0 77.5201840001899,12.893194999627,0 77.5200479998759,12.893102000411,0 77.5198079998475,12.8929930002697,0 77.5195329995889,12.8929549995966,0 77.5195089999616,12.8929509997356,0 77.5193059997295,12.8929159996473,0 77.5192080001451,12.892868999957,0 77.51918599973919,12.8928589997264,0 77.5189949996951,12.892756999562,0 77.5189549999477,12.8927559997095,0 77.5189160002373,12.8927560003194,0 77.5188569998823,12.8927800004049,0 77.5188239997435,12.8928349999286,0 77.518757000195,12.8929449995577,0 77.51868699971,12.8931389999837,0 77.5186049996021,12.8932920000527,0 77.51852800024371,12.8933570001837,0 77.51851500037451,12.8933540001913,0 77.5184049999544,12.8933339999248,0 77.5183960002242,12.8933350000008,0 77.518223000226,12.8933479998513,0 77.5181389997864,12.8932959996986,0 77.5181259998741,12.8932139996373,0 77.5180769997131,12.8931969997121,0 77.5180129997258,12.8932390000677,0 77.5177849996809,12.8931409998333,0 77.5176240002106,12.8930939996759,0 77.5175159999625,12.8930620004036,0 77.5174440001193,12.8930569995761,0 77.5174029998801,12.8930719999563,0 77.5173610003923,12.8930870000093,0 77.5172740003772,12.8930929998089,0 77.5171880003864,12.8931000000564,0 77.5171130000362,12.8931510000106,0 77.5170700001739,12.8933069998892,0 77.5168989998586,12.8935250000999,0 77.51685200044069,12.8936020003962,0 77.5167400000138,12.8936549997514,0 77.51643099972119,12.8937000003362,0 77.51621700023369,12.8937369997163,0 77.5160800000248,12.8936679999931,0 77.51598700023369,12.8936900000828,0 77.51587999970241,12.8937410003797,0 77.51581500036291,12.8936850003139,0 77.5158069997577,12.8935450003335,0 77.5157400000444,12.893342000125,0 77.51573199954299,12.893221999763,0 77.51573800019089,12.8931169999884,0 77.51585700005231,12.8928280002415,0 77.5158969998251,12.8925469999718,0 77.5158960003812,12.892440999606,0 77.5158599995889,12.8923849997618,0 77.5157950002271,12.8923789996133,0 77.51567399985829,12.8924359998336,0 77.5153519995807,12.8924470000471,0 77.5153240003126,12.8924889996478,0 77.5153100001846,12.8925729997658,0 77.51532600022919,12.8927629997024,0 77.51533400006851,12.8928330001199,0 77.5152710003066,12.8929040003893,0 77.51519899974571,12.892903999747,0 77.51512699962861,12.8928349995903,0 77.51506999954159,12.8928489997074,0 77.5149909999317,12.8929129999316,0 77.5149270002602,12.8929420001968,0 77.5147839998922,12.8929440002529,0 77.5147270003942,12.8929860003464,0 77.5145840001195,12.8929739998188,0 77.5144249995647,12.8928489999401,0 77.5142249996666,12.8928219998473,0 77.51401000030759,12.8928319998269,0 77.5137679999376,12.8929390003392,0 77.51373999980549,12.8930100000651,0 77.5137830003281,12.8930800003416,0 77.5139500002018,12.8932819996029,0 77.51396599996821,12.8934360002237,0 77.51404000026869,12.8937300002268,0 77.5140519999761,12.8941119997553,0 77.5138639998852,12.8939139998861,0 77.51329800030619,12.8934319996843,0 77.5136480004066,12.8927200000133,0 77.51382099976981,12.8925110000526,0 77.5142470003163,12.8921500001721,0 77.51429799980041,12.892068999996,0 77.5152549998615,12.8921499998975,0 77.5155930002487,12.8915169996665,0 77.51591999959579,12.8909019995709,0 77.5161229996137,12.8906249999243,0 77.5161149997669,12.8905949997149,0 77.5160250003636,12.8904119998248,0 77.5158840000592,12.8898899997607,0 77.51596400039671,12.8896550000048,0 77.51634600004471,12.8886569997556,0 77.5166850004204,12.8874860000428,0 77.5169530001221,12.8865629997001,0 77.51626700035069,12.8865250004204,0 77.51627000003189,12.8864709998495,0 77.51628299992529,12.8861559998664,0 77.5171839998159,12.8862200000745,0 77.51731400035661,12.8859580001513,0 77.517214999681,12.8859009999359,0 77.51730200003441,12.8857059998279,0 77.51737000004709,12.8857240000811,0 77.5174370000292,12.8856059996923,0 77.51798699966371,12.8856009995727,0 77.51802000001641,12.8856030004201,0 77.5185030001539,12.886899000258,0 77.5185809995546,12.8873300001081,0 77.51840399987501,12.8876279996829,0 77.5182019999104,12.8879760002932,0 77.5179429999107,12.888175999665,0 77.5184239998605,12.8882419999215,0 77.5189560002617,12.8882820001271,0 77.5191819999052,12.8887659998711,0 77.5195030000049,12.8898870004236,0 77.51963900027729,12.8898519996946,0 77.51998900018449,12.8897659995489,0 77.52025000028,12.8896909997345,0 77.52062800014301,12.8895729995617,0 77.52093899974579,12.889480999897,0 77.5214309995839,12.8895499996474,0 77.5217519998823,12.8895950002906,0 77.5221140003226,12.8899399996781,0 77.52227000042259,12.8901619999503,0 77.5222689996705,12.8904110001578,0 77.52230999957391,12.8904159995895,0 77.52285100023281,12.890268000113,0 77.5232050003471,12.890358000228,0 77.5234209998353,12.8902619997485,0 77.5235450001053,12.8904339998503,0 77.52377699954801,12.8905649996468,0 77.52408899977679,12.8905490002853,0 77.52450699997929,12.8903180002651,0 77.52474800034371,12.88995699981,0 77.52471800026311,12.8896510002384,0 77.5244709999025,12.8893479997641,0 77.5244510000623,12.8887619997882,0 77.5242830003728,12.888205000096,0 77.5241990002004,12.8879799999632,0 77.5240739997908,12.8877420002068,0 77.5241959995674,12.8876739998919,0 77.5244420001396,12.8878310004268,0 77.5247959999128,12.8879880003453,0 77.5251779997957,12.8881039995577,0 77.52552800016279,12.8878870003106,0 77.5259319996634,12.8875239997209,0 77.5261609999491,12.8873359996129,0 77.5264329997748,12.8873730004384,0 77.52678399983439,12.8872500002719,0 77.52698499979169,12.8869420001971,0 77.52708599959701,12.8865749998093,0 77.52713900045011,12.886559999753,0 77.52739800027049,12.8874480002493,0 77.5273419999757,12.8876059999737,0 77.5273770000142,12.8876250000593,0 77.52758900017569,12.8875089998158,0 77.5278069995523,12.8876440000946,0 77.52786199968899,12.8877400003828,0 77.52801199983379,12.8877430000206,0 77.5281249997024,12.8877160000688,0 77.5283409996852,12.8878560000278,0 77.52842799989121,12.8879600002704,0 77.5284679996945,12.8883980000653,0 77.52856600010431,12.8886220000041,0 77.5290209997672,12.8887049999461,0 77.52923299983649,12.8889380003365,0 77.5293859999084,12.8892320001619,0 77.5294450001211,12.8894530002802,0 77.5296149998218,12.8895909995789,0 77.52966899956461,12.8898790003593,0 77.5297750000244,12.890336000245,0 77.5298339997244,12.8908499997319,0 77.5304499996863,12.8904889998917,0 77.5302430003365,12.8888579995818,0 77.53018899967699,12.88843500007,0 77.5303299999854,12.8883350000468,0 77.53024699971679,12.8874669998288,0 77.5301519999927,12.8864689998264,0 77.5299850002182,12.8864050000093,0 77.529457000153,12.8854879996959,0 77.53047600007299,12.8853070001729,0 77.5306950003644,12.8852990000717,0 77.53096100004809,12.8852880001802,0 77.53160200027111,12.8852539996,0 77.53171999979671,12.8852169999707,0 77.53277600022579,12.8852859997355,0 77.5329100001159,12.8852660000054,0 77.53304699955009,12.8852439997889,0 77.53318800026889,12.8852229997765,0 77.533253000389,12.8852129997516,0 77.5333460001472,12.8851899995799,0 77.5335920002251,12.8851310000074,0 77.53381299962319,12.8850769999796,0 77.5338520002207,12.8850679996045,0 77.5339709996142,12.8850389995864,0 77.5339869999319,12.8850350003735,0 77.5340850001656,12.8850110001849,0 77.53417799965111,12.8849889998955,0 77.53421600010211,12.88498000012,0 77.5344699998335,12.8849179995819,0 77.5345230004322,12.884905000272,0 77.53521699967411,12.884736999903,0 77.5352889998436,12.8847200001242,0 77.53602300012069,12.8845420000306,0 77.5360499995971,12.884554999652,0 77.5365360000759,12.8841970000891,0 77.536826999939,12.8840039998655,0 77.5377549997895,12.8833450001679,0 77.5378089998194,12.8833329997703,0 77.5375230002535,12.8822790002237,0 77.5377559996934,12.8822110001125,0 77.53767899975161,12.8819319997312,0 77.53760999986569,12.8817010002146,0 77.5375459997753,12.8814689999271,0 77.5374870001276,12.8812560000203,0 77.53742299966029,12.8810199999715,0 77.53730600020771,12.8805489998906,0 77.5378019999273,12.8804590000827,0 77.5378690001529,12.8804859996879,0 77.5379170001286,12.8806279998706,0 77.53876300008901,12.8804510002806,0 77.5390549997315,12.8803920004521,0 77.53935799961,12.880327000261,0 77.5396969995643,12.8802860000763,0 77.5397010000503,12.8802659999007,0 77.5401559999532,12.8800330004501,0 77.5401589996861,12.880007000072,0 77.5410200003261,12.8798969998678,0 77.5410500002934,12.8799169998272,0 77.5411829996001,12.8798959997041,0 77.54117999993341,12.8798430003307,0 77.54166499969951,12.8796579999128,0 77.5416469998905,12.8796380000841,0 77.5423600000086,12.8793789996779,0 77.54245799980541,12.8794819998708,0 77.5424740004142,12.8794569998945,0 77.5427640001445,12.8793920003689,0 77.54359800022659,12.8792040001957,0 77.5438930003975,12.8791420001585,0 77.5441700002784,12.8803799996699,0 77.5442269997769,12.8804400000552,0 77.5443580001936,12.8803990004189,0 77.5446309999864,12.8809850004068,0 77.54476100028189,12.8813079999056,0 77.54480100029539,12.8813710004377,0 77.54485900039531,12.8814879999286,0 77.5449320001202,12.8816369999898,0 77.5449610001295,12.8816989997598,0 77.54501100021029,12.8818280000709,0 77.545032999744,12.8818850003129,0 77.5451660000176,12.8822280002059,0 77.54517300018669,12.8822459997595,0 77.5451899996575,12.8822909998985,0 77.5452579995887,12.8824659996995,0 77.5453289998437,12.8826779999506,0 77.54534500034219,12.8827180000356,0 77.5453849996875,12.8828209997813,0 77.54541499974481,12.8828959997087,0 77.5454429997377,12.88296700044,0 77.5454729998026,12.8830429995925,0 77.5455090000827,12.8831349995816,0 77.5455340002774,12.883188999944,0 77.5455490000363,12.8832209995638,0 77.5455520001407,12.8832290004363,0 77.54555600030599,12.8832379998566,0 77.5455800004206,12.8832919999983,0 77.545607999854,12.883353000182,0 77.5456299998921,12.8834030002247,0 77.5456509999416,12.8834490003864,0 77.54567800027959,12.8835080000503,0 77.5457099999233,12.8835789997716,0 77.5457449997531,12.8836560000687,0 77.5458129997763,12.8837150002774,0 77.5458789998121,12.8837659998075,0 77.5459329998444,12.8838049995951,0 77.5459580001405,12.8838240003425,0 77.5459859997959,12.8838440000615,0 77.5460589996863,12.8838960002509,0 77.5461090003427,12.8839319996208,0 77.5461529995695,12.8839639998736,0 77.5462220000941,12.8840129996356,0 77.5462960001616,12.8840660000907,0 77.54636599998661,12.8841119995964,0 77.54644000020041,12.8841610003361,0 77.54646499969689,12.8841769997015,0 77.5465049996187,12.8842040001357,0 77.5465630002775,12.8842420004459,0 77.5466289998128,12.8842859996524,0 77.5468560003744,12.8844810002917,0 77.54690000043141,12.8844800002358,0 77.54694100009139,12.8844830001196,0 77.5469249999805,12.8848739995758,0 77.547278000159,12.8849150004207,0 77.5473480004149,12.8849070001115,0 77.5473610002303,12.8849439998579,0 77.5474190002288,12.8850899997692,0 77.54749500027491,12.8852989995467,0 77.5476069995818,12.8856940002418,0 77.5476519995908,12.8858899999007,0 77.5476730004105,12.886045999878,0 77.5477409999023,12.8865839997918,0 77.5477429995712,12.8866220001146,0 77.54767400019701,12.8865500004106,0 77.5476520001038,12.8865740002243,0 77.5476570003118,12.8867809995939,0 77.5478260003855,12.8869010000365,0 77.54782000034579,12.8869199996845,0 77.5477619998339,12.8870699999901,0 77.5477529995573,12.8870809997181,0 77.5478289996359,12.8871090000217,0 77.5478219995838,12.8871210002934,0 77.54778200036191,12.8871949998855,0 77.5477549998386,12.8872709996841,0 77.54778200031291,12.8873289997183,0 77.54780100012501,12.8873690001319,0 77.54781300022439,12.8873960000153,0 77.54784700041949,12.8874689999418,0 77.5478760002151,12.8875299998848,0 77.54788700029511,12.8875509996225,0 77.54789700022221,12.8875749995805,0 77.5479440001218,12.8876509998126,0 77.54781700022291,12.8876979998244,0 77.5478490000597,12.8877850004028,0 77.5478540004555,12.8877989997547,0 77.54800399995911,12.8877820004107,0 77.548048999804,12.8877759995619,0 77.5480550003612,12.8877879997302,0 77.548100999765,12.887901999624,0 77.54815699960059,12.8880070002361,0 77.54816300012931,12.8880219999168,0 77.5479730002947,12.8881169995799,0 77.547902000457,12.8881619997715,0 77.54793099976661,12.8883440003922,0 77.54786499956801,12.8883870004078,0 77.5478219997071,12.8884030003388,0 77.54789799965739,12.8885469996442,0 77.54788800025349,12.8885499998606,0 77.547830000045,12.8885929996749,0 77.5477699995662,12.8886370001242,0 77.5477439999583,12.8886469999113,0 77.54768100038051,12.8886630003215,0 77.5476249998104,12.8886780001905,0 77.5475789997647,12.8885429999733,0 77.54753200041171,12.8885499995955,0 77.54748000041729,12.8885600004337,0 77.5474459998949,12.8884379999144,0 77.54740199974771,12.8884619998036,0 77.5473460000091,12.8884839996804,0 77.5473390000591,12.8884860003492,0 77.5472820001978,12.888506999872,0 77.54722899984699,12.8885309997197,0 77.5471890002451,12.8885490004457,0 77.54714600024219,12.8885679997977,0 77.5470820002875,12.8885969998895,0 77.5470289998925,12.8886209997036,0 77.5469800000116,12.8886430000378,0 77.54693699996569,12.8886630004056,0 77.54689299977851,12.888682999661,0 77.546839000147,12.8887070001345,0 77.5468100003031,12.8886509998618,0 77.54677099978881,12.8886720002652,0 77.54673400044361,12.8886920000178,0 77.5466869997849,12.8887170002408,0 77.54662700013709,12.8887499998111,0 77.5465580002209,12.8887869998952,0 77.5465770002405,12.8888140003802,0 77.5465389995948,12.8888459998051,0 77.5465009998855,12.8888769999793,0 77.5464539998077,12.8889169995718,0 77.5464090000256,12.8889540000472,0 77.54636500036371,12.8889899996773,0 77.54632400018021,12.8890239996433,0 77.5462790003413,12.8890620002446,0 77.5462929997469,12.8890879995844,0 77.5462319998947,12.8891180002667,0 77.5461749996287,12.8891459996784,0 77.5461230001517,12.8891649997376,0 77.5460690004024,12.8891850004212,0 77.5460139995857,12.8892049999948,0 77.5459719995638,12.8892199997329,0 77.5459280001927,12.8892360000886,0 77.5458749997623,12.8892479998191,0 77.5458630000383,12.8892509995545,0 77.54580200038291,12.8892659998329,0 77.54575399967131,12.8892770004422,0 77.5457469995735,12.8892389999273,0 77.5457380002794,12.8891949999442,0 77.5457280000481,12.8891459999559,0 77.5457449998697,12.8891240003836,0 77.54574699963661,12.8889699997668,0 77.5454990000723,12.8890150004062,0 77.54546800012901,12.8890879997512,0 77.545424999999,12.889100999815,0 77.545347999857,12.8890890000318,0 77.545168999922,12.8891539996382,0 77.5449930000468,12.889267000271,0 77.5449040002857,12.8895200002806,0 77.544809000299,12.8896300003581,0 77.5447099996359,12.8896680001665,0 77.5442790002699,12.8899320003228,0 77.5440319998841,12.8900269999129,0 77.54397500035,12.8900429999112,0 77.5439780003847,12.8900559997009,0 77.54401800043691,12.8902129999795,0 77.5440569997378,12.8903609996536,0 77.5440710000648,12.890417999941,0 77.5441050001597,12.8905489997059,0 77.54411999972891,12.8906060002072,0 77.5441630001279,12.8907739999231,0 77.544207999801,12.8909480000053,0 77.5442140000867,12.8909679996153,0 77.5424529997416,12.891436999665,0 77.5427880000871,12.8920149996174,0 77.5428290000339,12.8920830002295,0 77.5428930000098,12.8922890003285,0 77.5429680000486,12.8924869998191,0 77.543068999637,12.8926729995559,0 77.5430719995787,12.8928510004174,0 77.54308799960189,12.8930270001807,0 77.5431430002041,12.8931200000628,0 77.543291000441,12.8932760000371,0 77.5434529997992,12.8934089996109,0 77.5435429995469,12.8935250002157,0 77.5435890003012,12.8936799996593,0 77.54360999973591,12.8938920001029,0 77.5443799996919,12.8937010004203,0 77.5446639997057,12.8936310003714,0 77.5449679997038,12.8935559998827,0 77.5453640001185,12.8934580003913,0 77.5453400000254,12.8932360001137,0 77.54594299979,12.8931130002664,0 77.5459489998794,12.8931030000816,0 77.545939999746,12.8930359996157,0 77.5459290003852,12.8929619995489,0 77.5461040004342,12.8929360000648,0 77.5462079995485,12.8929210002107,0 77.5462260002634,12.8929179998364,0 77.5463090000171,12.8929090001166,0 77.5463900004486,12.8928970004389,0 77.546425999996,12.8928929999656,0 77.54647300018399,12.8928869996249,0 77.5465599995741,12.892876000362,0 77.54657800026381,12.8928740001059,0 77.54674200002491,12.8928760001242,0 77.54674900007331,12.8928759997299,0 77.54682000016901,12.8932610004457,0 77.54682999965701,12.8932659995531,0 77.5469440003542,12.8932399998404,0 77.54695999999301,12.8932999997451,0 77.5469750004515,12.893358000061,0 77.5469879998213,12.8934069996229,0 77.5469940003682,12.893430999676,0 77.54700599966699,12.8934760002805,0 77.54701200032591,12.8934909999704,0 77.547027999912,12.8935590000852,0 77.54704399959409,12.8936200001165,0 77.54715999988269,12.8935840001895,0 77.5471700003998,12.8935820000945,0 77.54719699959099,12.8936639998381,0 77.547205999996,12.8936600001655,0 77.5473049996632,12.8936269999186,0 77.5473110003344,12.8936429997378,0 77.5473239999434,12.8936790001525,0 77.5473379996541,12.8937190004214,0 77.54742099971379,12.8936950000093,0 77.5474259995852,12.8936869998825,0 77.54747100007241,12.8938120001349,0 77.5475850003742,12.8939319997854,0 77.547606000179,12.8939770003069,0 77.5476709995821,12.8941480000599,0 77.5477980003422,12.8944639997361,0 77.5478299996669,12.8945479997149,0 77.5480180000007,12.8949489995626,0 77.54806099972031,12.8951000001487,0 77.54808999969001,12.8951900003084,0 77.5481490003976,12.8955749995916,0 77.5484889999581,12.8962509997985,0 77.54858000015059,12.8961899997998,0 77.54859199994419,12.8962360003846,0 77.5486049997502,12.8963159995689,0 77.54875899997189,12.8963379996753,0 77.54885699986809,12.8964129999625,0 77.54888899979591,12.8965369998279,0 77.5488880002887,12.8966469995617,0 77.5488839997963,12.896996000325,0 77.54888399969791,12.8970410002551,0 77.5488850004526,12.897190999599,0 77.5488830000065,12.8972589996361,0 77.5488800003871,12.8973000002403,0 77.54888199969329,12.8973430002787,0 77.5488930001206,12.8975420002034,0 77.5489209998339,12.8975760003195,0 77.5489130002947,12.8976559999675,0 77.5489099997084,12.8977289996045,0 77.54890700002601,12.897818999787,0 77.5488819997362,12.8978449995511,0 77.548845000307,12.8978810002181,0 77.5488789999649,12.8979960000779,0 77.54883599958769,12.8980129996866,0 77.5487729996487,12.8980760000624,0 77.548893000048,12.8982200004215,0 77.5489079996384,12.8982420000043,0 77.5488530000495,12.8982829997675,0 77.5488439995394,12.8982819997304,0 77.5487469996404,12.8983540003199,0 77.548713999847,12.8983809995943,0 77.5488889999707,12.8985490001801,0 77.5488630003791,12.898573999619,0 77.5486769997112,12.8987610001985,0 77.54868000016999,12.8987739998617,0 77.5487090000782,12.8988819996098,0 77.54873800002849,12.8989879999747,0 77.5487580004276,12.8990610003587,0 77.5487659998463,12.899091999865,0 77.5487960000182,12.8992009999144,0 77.5488219995801,12.8992949998306,0 77.5488440003672,12.8993800004322,0 77.5488569997088,12.8994270003894,0 77.5488840004127,12.8995390002562,0 77.5489010004254,12.8996099997709,0 77.54891000005981,12.8996489996591,0 77.5489290004323,12.8997300000271,0 77.54896200038959,12.8998700003784,0 77.548972000212,12.8999159996113,0 77.5490120004449,12.8999980004451,0 77.5490370000207,12.9000470002023,0 77.54909599980181,12.9001570003408,0 77.5491470001254,12.9002510003478,0 77.5492030004195,12.9003549999488,0 77.549229000244,12.9004029997199,0 77.5492710000554,12.9004779998916,0 77.5493040001967,12.9005419995562,0 77.54932600027919,12.9005729998216,0 77.54939699956439,12.9006690001493,0 77.5494299996784,12.9007009998773,0 77.54953600043569,12.9008240004419,0 77.54961799987539,12.9009169995951,0 77.54964799956279,12.9009520000509,0 77.5499019995802,12.9012040003969,0 77.5499900002218,12.9014450001086,0 77.5499549997141,12.9017620003738,0 77.5500510004147,12.9018830002955,0 77.5501840003264,12.9018809999138,0 77.55069300045049,12.901549999772,0 77.55088600015191,12.9012379998632,0 77.55087599970921,12.900860999603,0 77.5512870004095,12.9003969998929,0 77.55158800042329,12.9003849996044,0 77.5515820002087,12.9006979998124,0 77.5511129997127,12.9012169998284,0 77.5510069996967,12.9015469998822,0 77.55104000034591,12.9016939997576,0 77.5510470000041,12.9017239997091,0 77.5509920002747,12.9019570001282,0 77.5510979999214,12.9021139999735,0 77.55121299996959,12.9021539997758,0 77.55144099979179,12.9022320003898,0 77.55175300040921,12.9020990002949,0 77.55189400008319,12.9020509995745,0 77.5521600002331,12.9020200003793,0 77.5527619997445,12.9019870000703,0 77.5528340002104,12.9019409998928,0 77.5528420003625,12.9019769998355,0 77.5528630003469,12.9020860001874,0 77.55288700022849,12.9022109996092,0 77.55289400022011,12.9022460001444,0 77.5529269996988,12.902361999882,0 77.552965999672,12.9024960003653,0 77.55297600018559,12.9025300003635,0 77.55303299973031,12.9027659996805,0 77.553039999772,12.9028010002037,0 77.55306900000269,12.9029349998395,0 77.5530949996205,12.9030619998179,0 77.5531040000316,12.9030969997693,0 77.5531329998731,12.9032059996112,0 77.5531430003053,12.9032320003157,0 77.5532639996576,12.903514999584,0 77.5532630004091,12.9035150003107,0 77.5531970000637,12.9034830001484,0 77.55315799984569,12.9034019997164,0 77.5525809998598,12.9036489996965,0 77.5523900003881,12.9037290002607,0 77.5522299995566,12.9037340003913,0 77.5520789997164,12.9037019996463,0 77.5520549997877,12.9036859996165,0 77.5520509999553,12.9036830003172,0 77.5520220000089,12.9036639999086,0 77.5516850002421,12.9037650000043,0 77.5516830002495,12.9037909995909,0 77.5506180001147,12.9040089997171,0 77.5503879996254,12.9040700002215,0 77.54928900018599,12.904291999686,0 77.5492530000684,12.9042949997965,0 77.5482870000762,12.90439099962,0 77.5482440004406,12.9043719997359,0 77.5482489996354,12.9044879996372,0 77.5482919997164,12.9048110001828,0 77.5483209998918,12.905001000384,0 77.5483410001691,12.905128000078,0 77.5483909999228,12.9053759995871,0 77.5484259995805,12.9055540001084,0 77.5484769995973,12.9057410003215,0 77.5485979996683,12.9060629996976,0 77.5486169998227,12.906121999652,0 77.5487150003472,12.9063990001503,0 77.548837999726,12.9067190002946,0 77.54901199980399,12.9071309997946,0 77.5492960000154,12.9077839999465,0 77.5493680003445,12.9080070004071,0 77.5493970002783,12.9080850001561,0 77.5495089997921,12.9083339996199,0 77.5495129997704,12.9083450000509,0 77.5496209997482,12.9086009996605,0 77.5496470000086,12.9086609999454,0 77.5497130001178,12.9088229997619,0 77.5497649996952,12.9090169996418,0 77.5495929998893,12.9093659997051,0 77.54921599958411,12.909123999617,0 77.54890400008171,12.9092549999175,0 77.5486940002328,12.9093159998497,0 77.548347000197,12.9094180000014,0 77.5479239999751,12.9095379998882,0 77.5476439999361,12.9096110003749,0 77.5473649998641,12.9096759996629,0 77.54712799996911,12.9097340002012,0 77.5471279999809,12.9097530001397,0 77.5471290002541,12.9098529998119,0 77.54712999955311,12.9098709998062,0 77.5471290002838,12.9098919998279,0 77.547129000338,12.909961999648,0 77.5471060001898,12.9099640001116,0 77.5471089998901,12.9099699997095,0 77.5471069996308,12.9101559999697,0 77.5471070000313,12.9105400001907,0 77.5471030003521,12.9107319999966,0 77.54711399993199,12.910755999992,0 77.5470710001664,12.9108059997803,0 77.5468520001119,12.9107269998888,0 77.5463729999998,12.9105790002836,0 77.5459079997146,12.9103869998402,0 77.5458360004,12.9103600002249,0 77.545752000452,12.9103260000002,0 77.54556599969391,12.910243000188,0 77.54543100020121,12.9102079997292,0 77.5453460001638,12.910170000405,0 77.5452549999728,12.9101059998325,0 77.5449760001891,12.9099250000429,0 77.5447680002103,12.9098099997444,0 77.54459100026349,12.9098070004301,0 77.5444520001116,12.9098759997539,0 77.5443549999153,12.9098989999746,0 77.5443359996608,12.9098970004284,0 77.54434399960461,12.9099750004002,0 77.54436000037011,12.9100470002028,0 77.54442599987711,12.9103789997078,0 77.54462600031751,12.9113840004457,0 77.5446949996799,12.9117140000409,0 77.5448049996142,12.911691000323,0 77.54500800026121,12.9116570000235,0 77.54502499990861,12.9117089998263,0 77.5451189998867,12.9123679997532,0 77.5454580003772,12.9122849995709,0 77.5455160001447,12.9122709997705,0 77.5455229997346,12.9122949999772,0 77.5455769996675,12.9125110000494,0 77.54558099957219,12.9125250000749,0 77.54561699957,12.91267799956,0 77.5456210003989,12.9126939998555,0 77.5456469996675,12.9126870002642,0 77.54597300018889,12.9126039995786,0 77.5461410004274,12.9132050000551,0 77.5462719998833,12.9136779997789,0 77.54654400034759,12.9146639998421,0 77.54628300035429,12.9147470003597,0 77.5462879996545,12.9147609996499,0 77.546402999629,12.9151090002917,0 77.5464140003415,12.9151330002771,0 77.546411999885,12.9151340000462,0 77.5464020003707,12.915137999628,0 77.545649999725,12.9153729997651,0 77.5457700004463,12.9158499999075,0 77.5458160000348,12.9158389998556,0 77.5459339999137,12.9161499997167,0 77.5459799996451,12.9162330001221,0 77.5461449998547,12.9165049995862,0 77.5463120000243,12.9167780002949,0 77.5464580001689,12.9170300003192,0 77.5465649996688,12.9172740000006,0 77.5466460002134,12.917627000024,0 77.5466540004321,12.9176599997723,0 77.54672499957221,12.917960999683,0 77.5467420002679,12.9180179999012,0 77.54620300032251,12.9180830003748,0 77.5453799996813,12.918182999859,0 77.54534100041219,12.9181889996304,0 77.5450880001821,12.9182150003952,0 77.5447840004171,12.9182420003285,0 77.5447530004141,12.9178130000302,0 77.54470499999751,12.917481000136,0 77.5443830002958,12.9175250001901,0 77.5443759996129,12.9175090002011,0 77.5431269999299,12.9176060003599,0 
							</coordinates>
						</LinearRing>
					</outerBoundaryIs>
				</Polygon>
				<Polygon>
					<outerBoundaryIs>
						<LinearRing>
							<coordinates>
								77.5539820000382,12.909268000367,0 77.5539189999395,12.9092859997704,0 77.55382900019529,12.9093120003488,0 77.55376200010819,12.9093269995647,0 77.5536749998121,12.9093459996468,0 77.55358999990089,12.9093650000265,0 77.55348099989649,12.9093889998222,0 77.5533980003658,12.9094089997009,0 77.55335199972041,12.9094199999364,0 77.5533339999011,12.9094240002169,0 77.5533080003417,12.9094290002121,0 77.5532370002889,12.9094439995468,0 77.5531909995988,12.9094539996215,0 77.55311000034359,12.9094710002423,0 77.55306099995281,12.9094809997956,0 77.5529460003758,12.9095019997861,0 77.5528959997731,12.9095120000497,0 77.5528600000449,12.9095180002815,0 77.55280500026009,12.9095279996873,0 77.5527170004417,12.9095449999353,0 77.5526989996502,12.9095480000492,0 77.55261900045851,12.909563000424,0 77.5525399995815,12.9095769999211,0 77.5524630000188,12.9095909997194,0 77.5523790000038,12.9096070003999,0 77.552294999964,12.909623000152,0 77.5522559996013,12.9096299999412,0 77.5522420000802,12.9095679999912,0 77.55223000020059,12.9095130004281,0 77.55221599978979,12.9094519997151,0 77.5521969997788,12.9093689996774,0 77.5521809996718,12.909295999697,0 77.5521770003042,12.9092759999089,0 77.55205100045011,12.909304000398,0 77.5520449997999,12.9092859996472,0 77.55201000003299,12.9091870001037,0 77.551964000254,12.9090569998784,0 77.5519339999918,12.9089720003642,0 77.5518929997302,12.9088560001644,0 77.55185299975631,12.9087420003913,0 77.55181500030869,12.9086329998163,0 77.5518059998697,12.9086060000219,0 77.5517729998852,12.9085110003954,0 77.5517689997022,12.9084940001053,0 77.55202500029149,12.9084310000991,0 77.5523950000397,12.9083189998938,0 77.5524429996006,12.9084639996995,0 77.5524439998663,12.9084670002732,0 77.55244500007829,12.9084679996724,0 77.5524589999572,12.9084620003217,0 77.5524689997674,12.9084909996254,0 77.5524779999579,12.908503000062,0 77.5524890002645,12.9085019999738,0 77.5525220001134,12.9084919996705,0 77.55254100007799,12.9084870003905,0 77.5525570003567,12.9084819996969,0 77.5526029999199,12.9084680001325,0 77.55261599965429,12.9084650001105,0 77.5526159996313,12.908463999975,0 77.5526150002938,12.9084610002967,0 77.5524810000507,12.9080379997868,0 77.552400999607,12.9077880001717,0 77.5523899998268,12.9077680001034,0 77.5523279996055,12.9077610003685,0 77.552279000178,12.9076189998326,0 77.5521989997322,12.9073960001479,0 77.5522069999377,12.9073740003268,0 77.55213199989279,12.9071610000936,0 77.55218900022621,12.9071349999792,0 77.552285000449,12.9070979995957,0 77.5522659996343,12.9070530001809,0 77.5522940001615,12.9070409997091,0 77.55233400012941,12.907023999703,0 77.55235299993269,12.9070160000491,0 77.5523810004501,12.9070039995694,0 77.5524200002413,12.9069880004229,0 77.5524260004063,12.9069850001312,0 77.55247100034519,12.9069659997831,0 77.552505000122,12.9069520000476,0 77.5524959998273,12.9069310001868,0 77.55261400020549,12.9068830001397,0 77.55263400016941,12.9068749997332,0 77.55263699999099,12.9068830004254,0 77.5527050004483,12.9068570002735,0 77.5527069998808,12.9068559995782,0 77.552749000188,12.9068399999891,0 77.5527729999678,12.9068310001154,0 77.5527929999204,12.9068229996983,0 77.5528619996324,12.9067979998228,0 77.5528700001699,12.9067949998561,0 77.5528969995848,12.9067859995784,0 77.5529019995777,12.9067840001497,0 77.55298600018639,12.9067550004142,0 77.55302200031559,12.9067430003215,0 77.55304399968909,12.9067340000941,0 77.55310900042581,12.9067090003833,0 77.5531959995868,12.9066750004293,0 77.5531979999362,12.9066739997219,0 77.5532079999016,12.9066699999513,0 77.5532169996754,12.9066660000149,0 77.55325000010831,12.906653000158,0 77.55326399988169,12.9066480000176,0 77.5532710002166,12.9066449998751,0 77.55329299956919,12.9066359996299,0 77.5533309999775,12.9066210003292,0 77.55334300031041,12.906616999981,0 77.55340599967251,12.9065919998861,0 77.55341199983749,12.9065899997105,0 77.5534209996041,12.9065859997683,0 77.5534950000136,12.906557000033,0 77.5536169997914,12.9065090002668,0 77.5536379999221,12.9065030002282,0 77.55369100036199,12.9066400003979,0 77.55369400029559,12.9066519998046,0 77.5537820003582,12.9068740000363,0 77.5538229999153,12.9069860002265,0 77.55395200012531,12.9073269996475,0 77.55405499963101,12.9076059998973,0 77.5541270003168,12.9077999998196,0 77.5541510002017,12.9078620003323,0 77.55422100023981,12.9080400004382,0 77.55424900025,12.908109999947,0 77.55435799965581,12.9083809998468,0 77.55441100013449,12.9085179997141,0 77.55447600016539,12.9087140003868,0 77.554491999877,12.9087540002067,0 77.5545299997564,12.9088710003477,0 77.55453299966111,12.908879000098,0 77.5545160001342,12.9088839998387,0 77.55442200000481,12.9089159998494,0 77.5543510004489,12.9089389996175,0 77.55429700039549,12.9089560004107,0 77.55427499991831,12.9089629996077,0 77.55422099985179,12.9089800003871,0 77.5541969999297,12.9089880002871,0 77.5541700003569,12.9089969998302,0 77.5541410003913,12.9090059999538,0 77.55413799982129,12.9090069996075,0 77.5540939997822,12.9090209997741,0 77.5540609999691,12.9090310002771,0 77.55402300013139,12.909043000233,0 77.5539879999304,12.9090539996376,0 77.5539529997348,12.9090649999414,0 77.55392299957769,12.9090750000173,0 77.5539529999035,12.9091719998921,0 77.5539570001322,12.9091849995808,0 77.5539820000382,12.909268000367,0 
							</coordinates>
						</LinearRing>
					</outerBoundaryIs>
				</Polygon>
			</MultiGeometry>
		</Placemark>
	</Document>
	<Document>
		<name>Ward NO. 198.kml</name>
		<StyleMap id="PolyStyle003">
			<Pair>
				<key>normal</key>
				<styleUrl>#PolyStyle0001</styleUrl>
			</Pair>
			<Pair>
				<key>highlight</key>
				<styleUrl>#PolyStyle0011</styleUrl>
			</Pair>
		</StyleMap>
		<Style id="PolyStyle0001">
			<LabelStyle>
				<color>00000000</color>
				<scale>0</scale>
			</LabelStyle>
			<LineStyle>
				<color>ffffff00</color>
				<width>3</width>
			</LineStyle>
			<PolyStyle>
				<color>00ffffff</color>
			</PolyStyle>
		</Style>
		<Style id="PolyStyle0011">
			<LabelStyle>
				<color>00000000</color>
				<scale>0</scale>
			</LabelStyle>
			<LineStyle>
				<color>ffffff00</color>
				<width>3</width>
			</LineStyle>
			<PolyStyle>
				<color>00ffffff</color>
			</PolyStyle>
		</Style>
		<Placemark id="ID_00017">
			<name>Ward NO. 198</name>
			<snippet></snippet>
			<description><![CDATA[<html xmlns:fo="http://www.w3.org/1999/XSL/Format" xmlns:msxsl="urn:schemas-microsoft-com:xslt">

<head>

<META http-equiv="Content-Type" content="text/html">

<meta http-equiv="content-type" content="text/html; charset=UTF-8">

</head>

<body style="margin:0px 0px 0px 0px;overflow:auto;background:#FFFFFF;">

<table style="font-family:Arial,Verdana,Times;font-size:12px;text-align:left;width:100%;border-collapse:collapse;padding:3px 3px 3px 3px">

<tr style="text-align:center;font-weight:bold;background:#9CBCE2">

<td></td>

</tr>

<tr>

<td>

<table style="font-family:Arial,Verdana,Times;font-size:12px;text-align:left;width:100%;border-spacing:0px; padding:3px 3px 3px 3px">

<tr>

<td>FID</td>

<td>196</td>

</tr>

<tr bgcolor="#D4E4F3">

<td>WardNo</td>

<td>198</td>

</tr>

<tr>

<td>WardName</td>

<td>Hemmigepura</td>

</tr>

<tr bgcolor="#D4E4F3">

<td>AOI</td>

<td>AOI 3</td>

</tr>

</table>

</td>

</tr>

</table>

</body><script type="text/javascript">

				function changeImage(attElement, nameElement) {

				document.getElementById('imageAttachment').src = attElement;

				document.getElementById('imageName').innerHTML = nameElement;}

			</script></html>]]></description>
			<styleUrl>#PolyStyle003</styleUrl>
			<MultiGeometry>
				<Polygon>
					<outerBoundaryIs>
						<LinearRing>
							<coordinates>
								77.5024400000474,12.9277019999095,0 77.5021819995694,12.9274620003609,0 77.5017550000414,12.9272280000905,0 77.5009170001762,12.9266820002345,0 77.50051199974661,12.9263720004274,0 77.5002569998958,12.926178000098,0 77.49933200005221,12.9253490000314,0 77.4984340002492,12.9244709997009,0 77.4972699997378,12.9233340000302,0 77.4969560002374,12.9231239997119,0 77.4963280002826,12.9229179996665,0 77.4959110001501,12.9227420004135,0 77.4956890000356,12.9226489999556,0 77.4947309998572,12.9221009998843,0 77.49464699964901,12.9220530000982,0 77.4941640001493,12.9218169997917,0 77.49376100029311,12.9216329995616,0 77.4934729999305,12.921410000075,0 77.4929819996246,12.9206160004368,0 77.49270699955019,12.9201489996668,0 77.49186800019569,12.9194979999428,0 77.4914670000271,12.9191269998296,0 77.4911469995572,12.9186549995688,0 77.4907539995892,12.9179750002687,0 77.4905570003264,12.9176329996839,0 77.4905380001933,12.9174710002353,0 77.4899259996981,12.9166489995823,0 77.4895250003806,12.9162100001112,0 77.4892200002689,12.9160059996667,0 77.48870900016681,12.9157290000339,0 77.48850299956069,12.9156529996699,0 77.48819700011749,12.9155150001921,0 77.4878949998028,12.9153149998108,0 77.4876180000923,12.9150719997556,0 77.4873790001908,12.9148520002453,0 77.486338999853,12.9138220001102,0 77.48602399966521,12.9134449999826,0 77.4857740001036,12.9132010003147,0 77.4855700002509,12.9130820000564,0 77.4853340000903,12.9129229995475,0 77.48525099961491,12.9128510000463,0 77.48515800038651,12.9127370003431,0 77.48514700042379,12.9127099997863,0 77.4851029998906,12.9126049999105,0 77.48508200045261,12.9125539997542,0 77.48481600014919,12.9116489996553,0 77.4846569997713,12.9111130000974,0 77.4846039999078,12.9109389998392,0 77.4845459995506,12.9107660003131,0 77.4845249998087,12.9106989998476,0 77.4844600001536,12.9104870000799,0 77.4844399999769,12.9104229996766,0 77.4843420000164,12.9103200002258,0 77.4842870003104,12.9102670003377,0 77.48413600042019,12.9102250000307,0 77.48401500000629,12.9102079999658,0 77.4839440003026,12.9102090002865,0 77.48344699980341,12.9102220004079,0 77.48312600013899,12.9102389999537,0 77.482641999884,12.9102660004492,0 77.48262399967579,12.9102670000187,0 77.4825780001682,12.9102700003905,0 77.4821399998098,12.9102699996851,0 77.4819969999039,12.9102400001801,0 77.4819470002158,12.9102289997182,0 77.48185300001801,12.9102089999668,0 77.4817469999996,12.9101659996907,0 77.48116600010719,12.9099310002537,0 77.4811049995526,12.9099060003004,0 77.4810279998357,12.9098800002901,0 77.4803749997028,12.9096580001283,0 77.4801029998782,12.909566000098,0 77.4793350000655,12.9092780002561,0 77.4781119997174,12.9087699997969,0 77.4779800003042,12.9087149999659,0 77.4778160002341,12.9086270000829,0 77.4775049999251,12.9084579999931,0 77.4772080000141,12.9082749996205,0 77.4759649997101,12.9075150002652,0 77.4759170001776,12.9074880000212,0 77.4755869996405,12.9072670002065,0 77.4752139995537,12.9071120004472,0 77.4751469998025,12.9071019998147,0 77.47464299998811,12.9070239995597,0 77.474290999603,12.9069690000678,0 77.4739319998415,12.9068779998529,0 77.47389299966019,12.9068680003385,0 77.4732690001432,12.9065449995952,0 77.47322200037711,12.9065209998206,0 77.4726429997373,12.9060650004318,0 77.4721579997194,12.9056919998117,0 77.4711810002001,12.9050969999723,0 77.47099700045069,12.9049249998426,0 77.47089600021,12.9048079997755,0 77.4708269997079,12.9047289999067,0 77.4707239997833,12.9046010002658,0 77.46982699999209,12.903038000173,0 77.469717000413,12.9028989997739,0 77.4693529995736,12.9024369998422,0 77.4690059997524,12.9021309998646,0 77.4683439996172,12.9016029995899,0 77.46789000029371,12.9012929997579,0 77.46765000020319,12.9011300000045,0 77.4673980003994,12.9009699999716,0 77.46622299972751,12.9002240001148,0 77.46585400041501,12.9000080003516,0 77.4654080003374,12.8997139996485,0 77.4653229997881,12.8996340002608,0 77.4643710001732,12.8987369996082,0 77.4640070002782,12.8985120000715,0 77.46315299964949,12.8980730001157,0 77.4630050000989,12.8979859999801,0 77.4623850001303,12.8976229998073,0 77.4618079999095,12.8972550004403,0 77.46188000022509,12.8971479997212,0 77.46448499999271,12.8936520000166,0 77.46484699989389,12.8931650003672,0 77.4648749995623,12.8931280002781,0 77.4662430001507,12.8912919997809,0 77.466259000425,12.8912700000261,0 77.4666119998179,12.890795999691,0 77.4669310002953,12.8903679998133,0 77.4678490003366,12.8891209999211,0 77.4681880003623,12.8883360001065,0 77.46833700024,12.8882479995757,0 77.46849400012739,12.8882869998038,0 77.4686360001603,12.888413000301,0 77.4686420003144,12.8890049995609,0 77.46915199978859,12.8894910001936,0 77.4689969996797,12.8900530002272,0 77.4695710002824,12.8901339998778,0 77.470209000203,12.8901389999375,0 77.47064999974759,12.8907719998911,0 77.47052899965161,12.891312000261,0 77.47161599954519,12.8917069999187,0 77.4714920000455,12.8920359997992,0 77.47148600026929,12.8920609998676,0 77.4705549998296,12.8922120003503,0 77.4700170001782,12.892660999715,0 77.46966799984099,12.8927349996728,0 77.46965099999269,12.8927760000764,0 77.4700020004185,12.8934409998528,0 77.4701649995885,12.8937599996771,0 77.4703209999893,12.8941100000469,0 77.47039000033691,12.8942649999816,0 77.4709849996741,12.8949890001314,0 77.4714339997135,12.8955300001253,0 77.4719080000486,12.8960930000352,0 77.4723370003906,12.8966659995958,0 77.4728320001195,12.8974800002486,0 77.47333900013059,12.8983680003059,0 77.47337599954901,12.8984049998336,0 77.47346299968341,12.8984260003709,0 77.47441900040479,12.8981260001253,0 77.4753880003078,12.8976970000898,0 77.4754349997264,12.8978259998001,0 77.4766310002987,12.8972769996252,0 77.4764759999464,12.8968710002374,0 77.47710600044211,12.8964550002139,0 77.47718400014099,12.8964020003839,0 77.4771849997037,12.896400999762,0 77.4767789999234,12.8962959999195,0 77.4765669999495,12.8960670000712,0 77.47632500009109,12.8959130000898,0 77.4760840003517,12.8956880003936,0 77.4758420002081,12.8954619997393,0 77.4756949996879,12.8951870000757,0 77.4756530002782,12.8950790003581,0 77.4754669999909,12.8946019996503,0 77.4754740000279,12.8944139997608,0 77.4754769999529,12.8943199995797,0 77.4755609997956,12.8942420001834,0 77.4756459997749,12.8941640003374,0 77.4758030000513,12.8941630003738,0 77.47610500044399,12.8942879996156,0 77.47639500015489,12.8944240003194,0 77.47659099960821,12.8945150003923,0 77.47660200019089,12.8945139999439,0 77.4767480003913,12.8944999998796,0 77.4769030000548,12.8943449998838,0 77.4771060003181,12.8940129996842,0 77.4772669998361,12.8937750002428,0 77.4774279999852,12.8935369998414,0 77.47802700015269,12.8928870002645,0 77.4780660001677,12.8928449996571,0 77.478609999661,12.8925019997785,0 77.47887100000101,12.8923370001522,0 77.4789080001899,12.8923019998446,0 77.47902800009609,12.8921920003194,0 77.479204000268,12.8918830000949,0 77.4792039996446,12.8915639998586,0 77.4792209997175,12.8911110003795,0 77.4792559996653,12.8902039998812,0 77.4793130000413,12.8899659996284,0 77.4793219998888,12.8899299997445,0 77.4793710000782,12.8898590000375,0 77.47943000042601,12.8897739996081,0 77.4795449998313,12.8897619998884,0 77.4797739996053,12.8897369996453,0 77.4798799999833,12.8897809997935,0 77.4799850002228,12.8898250003371,0 77.4802129996328,12.8899379997735,0 77.48036600025399,12.8900140001416,0 77.4807729998101,12.8901600004298,0 77.4809560003966,12.8902259995826,0 77.48099800031591,12.890245999875,0 77.4810400002408,12.8902660001595,0 77.481215999554,12.8900700003951,0 77.4816890003343,12.8896490004427,0 77.48203399954269,12.8892730000741,0 77.4821349995691,12.888985999649,0 77.4821849995752,12.8888420000193,0 77.4822469998516,12.8885160000048,0 77.4823840000919,12.8877879998903,0 77.4825599999611,12.8874190000718,0 77.4828230002463,12.8868180000403,0 77.4829270004288,12.8865810002775,0 77.48292600007569,12.8864670003713,0 77.48292399967259,12.8862380003679,0 77.4827960002166,12.885907000416,0 77.4826319999946,12.8857979999777,0 77.482613000082,12.8857970002261,0 77.4822190002205,12.8857779996434,0 77.48186000030459,12.8858449997013,0 77.4818070003047,12.8858550000032,0 77.4815010000877,12.8859550000913,0 77.4814099998771,12.885963999939,0 77.48081999987831,12.8860240000626,0 77.4806710001415,12.8859660002282,0 77.4806209997577,12.885945999687,0 77.48036400017629,12.8859350002928,0 77.479888000041,12.8860920004175,0 77.4794129996156,12.8862480000542,0 77.4789900002805,12.8862480001303,0 77.4787919999771,12.8861780002682,0 77.47876100031981,12.886092999591,0 77.4787300000643,12.8860069996269,0 77.4787770002724,12.8858510003392,0 77.4788149998077,12.8857239996035,0 77.4789749999766,12.8854160000802,0 77.4789609999779,12.8850810000467,0 77.4790160002364,12.8848870000564,0 77.47900700026371,12.8847009996875,0 77.4789409997195,12.884595000385,0 77.4788649998804,12.8844720003954,0 77.4785500004174,12.8842169998619,0 77.47825499970151,12.8838029999202,0 77.4781960000242,12.8837089995576,0 77.4781740001782,12.8836910002485,0 77.47805999984109,12.8836089996884,0 77.4778080004552,12.8833670002774,0 77.4775550001832,12.8831260002598,0 77.4771519996078,12.8827179999444,0 77.4765730002169,12.8821430003668,0 77.47628100044849,12.8818320001201,0 77.4761129997358,12.8816939998258,0 77.47586599989749,12.8815679997883,0 77.47569700009031,12.8814610000594,0 77.4753600000879,12.8812469997808,0 77.4750870001708,12.8810340003739,0 77.47497199975361,12.8809140002579,0 77.47492200039071,12.8807549997764,0 77.4748970001252,12.8806759996286,0 77.4748199996198,12.8803899996409,0 77.47477899999789,12.8802100003553,0 77.4747739998439,12.8801370002122,0 77.47476899969671,12.8800640000681,0 77.4747740000155,12.8799910002682,0 77.47477900032661,12.879917999565,0 77.4748030002178,12.879833999683,0 77.47485100031879,12.8797480002527,0 77.4749519997108,12.8796309998886,0 77.4750019999255,12.8795720002576,0 77.4753229996163,12.8791739996268,0 77.4756239999905,12.8787920002619,0 77.47565999991591,12.8786910002172,0 77.4757120001109,12.8785450002278,0 77.4757079996603,12.8784399999349,0 77.4757079996659,12.8784370002657,0 77.4756989997276,12.8784210000808,0 77.47566199986051,12.8783569997562,0 77.4756299997279,12.8783109998648,0 77.47559399970589,12.8782599997829,0 77.47570600025141,12.8781710000077,0 77.4777480000005,12.8779329999524,0 77.4776959999645,12.8732180003802,0 77.47768899999269,12.8731789995523,0 77.4776339997707,12.8724550000622,0 77.4776350004084,12.872420000213,0 77.4776379995465,12.8720310000457,0 77.47749000041649,12.8720320003499,0 77.4774950001713,12.8714440003069,0 77.4777170002576,12.8697759999072,0 77.47783500023171,12.8692830001774,0 77.47791399962141,12.8690110001527,0 77.4780329999506,12.8686390004075,0 77.4781710001544,12.8684709997534,0 77.47642600038,12.8684179999925,0 77.4764269998084,12.8683139995918,0 77.4764269995681,12.8683030002031,0 77.47643800033561,12.8681209997104,0 77.4764430000114,12.8680410004245,0 77.4764480002697,12.8679650000904,0 77.4764520000294,12.867908000192,0 77.4764599996476,12.867775999666,0 77.47647000007829,12.8677480001018,0 77.47643999988991,12.8675429995814,0 77.4764230003854,12.8674219997663,0 77.47639299981709,12.8673450002,0 77.4759840002226,12.8672519997616,0 77.4759879996011,12.867220000123,0 77.47600100026359,12.867010999922,0 77.47601200025601,12.8668269999173,0 77.47601399973099,12.8668000002534,0 77.4760159999277,12.8667589997099,0 77.4765150002645,12.8667329998343,0 77.47655899997319,12.8667310001907,0 77.47659499992859,12.8667290002413,0 77.47661200027559,12.8667029999665,0 77.4767010003992,12.8665850001345,0 77.4767659998236,12.8664979999136,0 77.476841999567,12.8663979998578,0 77.4769250001887,12.8662880003845,0 77.47719099987771,12.8666609996384,0 77.4772090000521,12.8666859996067,0 77.4772409997144,12.8667550003165,0 77.4772630000258,12.8667510003104,0 77.4773129997955,12.8666850002978,0 77.4773550002504,12.8666709999679,0 77.47740599961369,12.8666539998287,0 77.47746000045051,12.8666360000295,0 77.47751500041061,12.8666300002883,0 77.4775640001546,12.8666320000537,0 77.47763500044709,12.8666560002036,0 77.4775160004547,12.8665199997059,0 77.47745700009099,12.8664519996744,0 77.4771840004499,12.8662099996956,0 77.477087000182,12.8660879996569,0 77.4769719996133,12.8658830002473,0 77.4767159998817,12.8652289996545,0 77.4767420003929,12.8652249998619,0 77.477593999671,12.8651190003076,0 77.48224699971151,12.8644750002099,0 77.4818160001351,12.8639250000415,0 77.4810100000421,12.8627769996399,0 77.4798489997126,12.863436999969,0 77.4796919997558,12.8635260003406,0 77.4794469995571,12.8636650004022,0 77.4793909997419,12.8636970003541,0 77.4792110002922,12.863799000037,0 77.47908200023311,12.8636700002746,0 77.4789529996898,12.8635400002397,0 77.47883699956689,12.8634240000063,0 77.47875499973701,12.8633419999832,0 77.4786950002354,12.8632820002709,0 77.47866899999551,12.8632559999422,0 77.4783449998647,12.8629310000575,0 77.4783069998557,12.8628870003778,0 77.47813699973339,12.8626870000196,0 77.4777529997093,12.8621410001623,0 77.477791000275,12.862149999613,0 77.4779459999222,12.8620589999598,0 77.4780979995532,12.8619700000588,0 77.478234999929,12.8618899999263,0 77.4783650002361,12.8621060002082,0 77.4802260002805,12.8609860001283,0 77.48056800016479,12.8615170000106,0 77.48096899989299,12.8615429998822,0 77.48124900041191,12.8614710000868,0 77.4812829995963,12.8614620000788,0 77.4816659996219,12.8613709999812,0 77.4820599998871,12.8612770003786,0 77.4820819998771,12.8612719998768,0 77.4821120000074,12.8612650000577,0 77.48290400039269,12.86107700005,0 77.4828859998197,12.8610030003663,0 77.48284700020869,12.8608430000326,0 77.4829260000527,12.8608240000818,0 77.482906999736,12.8607489997381,0 77.4829880002444,12.8607280003315,0 77.48300999982359,12.8608030002703,0 77.48307799998859,12.8607870002013,0 77.4831280001127,12.8607740003877,0 77.4831810001029,12.8607620003496,0 77.48326000016741,12.8607420001175,0 77.4833459999749,12.8607210002384,0 77.4834319997629,12.8607000003338,0 77.48345299960501,12.8606950001679,0 77.48353200024511,12.8606760000421,0 77.4836150004555,12.8606559997693,0 77.4836500003729,12.8606469999458,0 77.4837380002019,12.8606259999771,0 77.4838340001,12.8606029997163,0 77.48386300001761,12.8605960001584,0 77.48394099960311,12.8605770003678,0 77.4840190000847,12.8605579996441,0 77.4840959995888,12.860539000251,0 77.4841750000971,12.8605199999488,0 77.4842519995608,12.8605009996106,0 77.48432999998781,12.8604819997062,0 77.4844080003989,12.8604629997806,0 77.4844859998733,12.8604439998426,0 77.4845650003103,12.8604250003368,0 77.48464299975279,12.8604060003563,0 77.48472100010019,12.860387000346,0 77.4847980000911,12.8603690000418,0 77.4848769998265,12.8603490002707,0 77.48495500012631,12.8603300001971,0 77.4850330001277,12.8603120002906,0 77.4851119998051,12.8602919995518,0 77.4851900000659,12.860273000318,0 77.48526100029071,12.8602560000208,0 77.48527299991849,12.8602529995675,0 77.48534699965759,12.8602350004481,0 77.4855290003225,12.8601910000063,0 77.48556999995159,12.8601899996704,0 77.4855640001952,12.8602370002014,0 77.4855410003517,12.860304000251,0 77.4854810001293,12.8604599998117,0 77.4854439997558,12.8605619999241,0 77.48537599970101,12.8608719999574,0 77.4853500004015,12.8610339999712,0 77.4853329999186,12.8611529997732,0 77.4853169997982,12.8612970001487,0 77.48531800014869,12.8613090001185,0 77.485317999676,12.8614769996429,0 77.4853249998398,12.861579000077,0 77.485325000074,12.861600999635,0 77.4853769998472,12.861827999605,0 77.48536499982811,12.8621100002796,0 77.4853539999949,12.8622150002359,0 77.48535599965631,12.8623539998062,0 77.4855650004225,12.8627770003302,0 77.4858519997651,12.8631199996552,0 77.4863859998609,12.8637569995643,0 77.4867629998584,12.8642520002847,0 77.4870610003655,12.8647580000924,0 77.4877750003111,12.8647890000041,0 77.490107000093,12.865362000382,0 77.48986399979491,12.8685100002622,0 77.49096299995411,12.8688639999581,0 77.4918780004613,12.8684340001301,0 77.4953189996876,12.868515999599,0 77.49622100039559,12.8687179997266,0 77.4966119997331,12.8687529997036,0 77.49681899996629,12.8698640002712,0 77.4970219997506,12.8706289998469,0 77.4976650000652,12.8723880003486,0 77.4979949995718,12.8727850001103,0 77.499120000107,12.8717920002885,0 77.50877000020169,12.8651580004025,0 77.5071759995535,12.864470999757,0 77.50678299956731,12.8643009999675,0 77.5068989995755,12.8634669998611,0 77.5060290003951,12.8612710003512,0 77.5053209998583,12.860370999707,0 77.5050689997436,12.8601530001723,0 77.5042939999678,12.8600139997284,0 77.503841999732,12.8578649996005,0 77.5101019999293,12.8578540001543,0 77.5101699998021,12.8578539997848,0 77.5109210003328,12.8578529999743,0 77.5134409999924,12.8578510002095,0 77.513626999645,12.8578510000236,0 77.51651000028561,12.8578490001629,0 77.51654500009531,12.8578490003939,0 77.5165350001508,12.8584889998306,0 77.51582699990151,12.8593260003229,0 77.5158609999141,12.860296999936,0 77.5158429996365,12.8605969996959,0 77.5154750000341,12.8609850003645,0 77.5159250004002,12.8616790003933,0 77.5160979995771,12.8623989996021,0 77.5155709997829,12.8626059999632,0 77.5162440001975,12.8647310004397,0 77.5163789995668,12.8651599997675,0 77.51656499963249,12.8657479996322,0 77.5167070004278,12.8662990000633,0 77.5167940002749,12.8666370004148,0 77.516785000288,12.8668320003292,0 77.5167740002377,12.8671109997372,0 77.5167169997753,12.86848600006,0 77.5163509998554,12.8685149997516,0 77.51635599955959,12.8685850002257,0 77.5163610000337,12.8686740001835,0 77.51636200040819,12.8686900004201,0 77.5163700000243,12.8688340004414,0 77.51641200013709,12.8688630002767,0 77.51642400009661,12.8690669996833,0 77.5169339998171,12.8694610001265,0 77.5170770000897,12.8694489995987,0 77.5171240003116,12.869492999774,0 77.5171480002212,12.8696889999029,0 77.5171510002929,12.8697329999308,0 77.5178819998943,12.8704690001951,0 77.5194439998747,12.8720430001445,0 77.51981799996319,12.8724019997177,0 77.5219559998979,12.8704799997745,0 77.5223510001285,12.8707569998808,0 77.5224320003767,12.8707909997362,0 77.5230289997933,12.8707960000188,0 77.5230420000357,12.870060000153,0 77.52310200011119,12.8700609998525,0 77.52329800020659,12.8701249999121,0 77.5236170003006,12.8701350000625,0 77.5241160003908,12.8701339996518,0 77.52415800033199,12.8701339997905,0 77.5242419997394,12.8700770000875,0 77.5243490001633,12.8700310000419,0 77.5243460000721,12.8691469996364,0 77.52438299954331,12.8691470000576,0 77.5245249999202,12.8691459996863,0 77.5248320003107,12.8692199995771,0 77.52500800009049,12.8692180000302,0 77.5253029998365,12.8692139997134,0 77.5253769997817,12.8692130001092,0 77.52552499964941,12.8692109999348,0 77.5258769999009,12.8692069997866,0 77.5262320003487,12.8692019998987,0 77.5262270003021,12.868593999889,0 77.5267780001126,12.8685779999258,0 77.52681600000069,12.8688370001011,0 77.5268479996017,12.8688899997521,0 77.5268899999522,12.8688919997962,0 77.5271739996805,12.868749999784,0 77.5272870002982,12.8686769998914,0 77.5273399998474,12.868615999612,0 77.52749399995361,12.8680290002962,0 77.5275219997818,12.8680189997172,0 77.5275650001134,12.8677929997067,0 77.527603000342,12.8674139997112,0 77.5276360000335,12.8665020001887,0 77.5278000001548,12.8649500000299,0 77.52703300018069,12.8641710003736,0 77.5259389999821,12.8632040004294,0 77.52461000021199,12.8621799997793,0 77.5247249998389,12.8620950000826,0 77.5249549997589,12.8618509997282,0 77.52507999984461,12.8617179999297,0 77.5252740002291,12.8614189995585,0 77.5254390001771,12.8610240004252,0 77.52559100003261,12.8606909998373,0 77.525692999995,12.860336999629,0 77.52571700039,12.8598810001968,0 77.525694999919,12.8597910000831,0 77.5256789999366,12.8596460003588,0 77.5256919999552,12.8595359996563,0 77.52573899981201,12.8593210000456,0 77.52570299966089,12.859197000218,0 77.5257159999214,12.8590999997559,0 77.5256289996685,12.8588729996778,0 77.5256000003878,12.858810999978,0 77.5255900000342,12.8586789995956,0 77.5419709997491,12.8534180004204,0 77.5419659995506,12.8536259998377,0 77.5424770003608,12.8594149996017,0 77.54250799970259,12.859889000287,0 77.5444249999086,12.8599409998754,0 77.54441800012189,12.8595759997437,0 77.5450680003926,12.858849999683,0 77.5450969999865,12.858841999848,0 77.5457479996083,12.8599719996859,0 77.5459279997939,12.8602870001259,0 77.5461870000307,12.8607689997112,0 77.54673699967729,12.8617840002438,0 77.54663999961819,12.8618910001106,0 77.5466129996156,12.8621690003012,0 77.5467210002121,12.8624220000127,0 77.5467799996337,12.8626639998065,0 77.5470049998264,12.8629539999248,0 77.54756799983041,12.8634750003744,0 77.5475880004259,12.8634700004329,0 77.5476160001238,12.8633860000767,0 77.5479460002863,12.8635109996002,0 77.548202000354,12.8635960004404,0 77.5483009996271,12.8638120000467,0 77.5483300004133,12.8639610002739,0 77.5485450001088,12.8640129998,0 77.5485619996274,12.8640429995693,0 77.5486709996421,12.8642280003262,0 77.5486530002597,12.8644509999184,0 77.54854500029251,12.864678999876,0 77.5485479999425,12.8646939999311,0 77.5482869997915,12.8647839998234,0 77.5480769997764,12.8649069998428,0 77.54806100024039,12.8650909998236,0 77.54807100026881,12.8651300002774,0 77.5482620002803,12.8654999998624,0 77.5485159996289,12.8667959997084,0 77.5491789996654,12.8667680000297,0 77.54919900001779,12.8667429998261,0 77.5493339996995,12.8668289996898,0 77.5494130002476,12.8669190000147,0 77.5494980004032,12.866956999688,0 77.549543999656,12.8670179998232,0 77.5495650003713,12.8670179996948,0 77.5505790002132,12.8670849997565,0 77.5507429998288,12.8674170001874,0 77.55083400001109,12.8675370002711,0 77.5509090000447,12.8679679997226,0 77.5507880003241,12.8681220001519,0 77.5507930002011,12.8685810000935,0 77.5506790002548,12.8686380001776,0 77.5506989999854,12.8688110003682,0 77.5505240000665,12.8694649998902,0 77.5501580003566,12.8702009998386,0 77.5501450002109,12.8702269999067,0 77.55014199978829,12.8704499997334,0 77.5501380001887,12.8706780000438,0 77.55037999969871,12.8711949995843,0 77.550717999664,12.8719169996294,0 77.5510989996575,12.8725649998731,0 77.5512759996885,12.8732630000673,0 77.5510229999531,12.8733260000742,0 77.5510720003799,12.8735329997248,0 77.55107800042541,12.8735600001495,0 77.5510790001466,12.8735889998605,0 77.5510900003771,12.8737869997204,0 77.5510929998775,12.8738469996161,0 77.5511020003609,12.8740169996998,0 77.5511020001104,12.8740400001844,0 77.5511019999952,12.8740499997667,0 77.55110399987289,12.8742400003357,0 77.55117799964989,12.8747869996332,0 77.5511829996876,12.8748149999873,0 77.5512209996886,12.8751540002922,0 77.55104999979901,12.8752189999257,0 77.55101800015819,12.8752480003253,0 77.5512539995933,12.8754869996549,0 77.55146399988629,12.8756900003493,0 77.5514440000123,12.8757329996727,0 77.55148599980591,12.8762239999724,0 77.55139499959201,12.8767239999009,0 77.55134699969599,12.876858000034,0 77.55113499963041,12.8772279998401,0 77.5513989997141,12.8772269998346,0 77.5514019998609,12.877362000129,0 77.5514149999788,12.8774779997411,0 77.5514209999953,12.8775390003157,0 77.5514220000456,12.8775420000216,0 77.55142200003991,12.87754300016,0 77.5514260000608,12.8775820000106,0 77.5514370001767,12.8776829998621,0 77.55144700028799,12.877777000355,0 77.5514570004454,12.8778650000153,0 77.55146599964669,12.8779489998388,0 77.55150700002299,12.8779480004323,0 77.5515110000682,12.8782800001332,0 77.55144799979961,12.8782780002847,0 77.5514529999239,12.8783179995583,0 77.5512900001593,12.8783149999776,0 77.55129099979951,12.8783769997226,0 77.55129200038419,12.8784370000847,0 77.5511579999599,12.8784440002412,0 77.55107499987029,12.8784459996688,0 77.5510529999801,12.8784470000228,0 77.5509610000754,12.8784519998756,0 77.5508700002415,12.8784569998921,0 77.55076400013429,12.8784619996417,0 77.5507550003463,12.8784619996767,0 77.5506539998371,12.8787479996317,0 77.5506329998974,12.8789590003985,0 77.55054800042581,12.8790520001839,0 77.5505470002627,12.879159000394,0 77.55057399974061,12.8792550000738,0 77.5505920000205,12.879284999647,0 77.5506810003112,12.8793520002339,0 77.5507030000645,12.8793769998922,0 77.5506989996957,12.8794900003354,0 77.55069399981819,12.8795350001767,0 77.5506860004529,12.8795990002543,0 77.55068000021841,12.8796759998262,0 77.5506489999787,12.8798330001766,0 77.5506519996608,12.8800120003096,0 77.55065300006,12.8800849997892,0 77.55065299971319,12.8801280003381,0 77.5506739999546,12.8802059999106,0 77.5507069995604,12.8803830002044,0 77.5511630002031,12.8803899995673,0 77.55117600035121,12.8803989997156,0 77.55114599984729,12.8805129997457,0 77.5511340003838,12.8805580000291,0 77.5511189996521,12.8806159997358,0 77.5511039997684,12.8806870003301,0 77.5510949996472,12.8807289998829,0 77.5510780003966,12.8808159995882,0 77.55106899997951,12.8809079997405,0 77.55106099976121,12.880982000304,0 77.5509400003925,12.8810780000635,0 77.55086399967441,12.8811369998052,0 77.55085200038221,12.8811459996161,0 77.55076399972251,12.8811690001438,0 77.5506559999673,12.8811970001381,0 77.5505829996809,12.8812199999197,0 77.5505219995685,12.8812389996669,0 77.5504429996239,12.8812640003212,0 77.5503480000137,12.8812930001744,0 77.55033399963131,12.8812969997931,0 77.5502600001081,12.8813200001943,0 77.55021100012929,12.8813360000102,0 77.5501799999887,12.8813459998188,0 77.55011099997959,12.8813669999899,0 77.5500640001794,12.8813809998957,0 77.5499309996417,12.8814220001183,0 77.54988399981561,12.8814359999955,0 77.5498429996218,12.8814490000144,0 77.5498129995475,12.8814579998424,0 77.5497749996342,12.8814700003044,0 77.5495809996541,12.8815260002874,0 77.5495629997837,12.881531000111,0 77.549493999654,12.8815509999985,0 77.5494479998701,12.8815639998651,0 77.5492770000735,12.8816129996407,0 77.54910199992131,12.8816550002487,0 77.5491059998139,12.8816909997593,0 77.54915299975541,12.8816770000052,0 77.5491670000856,12.8818239998546,0 77.5491889998073,12.8820090002898,0 77.54919199958699,12.8820490001547,0 77.5492049998838,12.8821980000706,0 77.54922000022979,12.8823609996253,0 77.549176999547,12.8823830004337,0 77.54825500043501,12.8824440000817,0 77.54822400020829,12.8824440000998,0 77.548229000164,12.883059999905,0 77.54823300006289,12.8833910001661,0 77.5484670003564,12.8834629997912,0 77.5484930000169,12.8835409997056,0 77.5482530001608,12.8837620002321,0 77.5480129997735,12.8841660001017,0 77.547487000072,12.8841910001268,0 77.5473860001124,12.8842189995914,0 77.5472829999289,12.8842470004181,0 77.5471369995637,12.8842879995903,0 77.546981999853,12.8843390000377,0 77.546947000039,12.8843299996504,0 77.54694100009139,12.8844830001196,0 77.54690000043141,12.8844800002358,0 77.5468560003744,12.8844810002917,0 77.5466289998128,12.8842859996524,0 77.5465630002775,12.8842420004459,0 77.5465049996187,12.8842040001357,0 77.54646499969689,12.8841769997015,0 77.54644000020041,12.8841610003361,0 77.54636599998661,12.8841119995964,0 77.5462960001616,12.8840660000907,0 77.5462220000941,12.8840129996356,0 77.5461529995695,12.8839639998736,0 77.5461090003427,12.8839319996208,0 77.5460589996863,12.8838960002509,0 77.5459859997959,12.8838440000615,0 77.5459580001405,12.8838240003425,0 77.5459329998444,12.8838049995951,0 77.5458789998121,12.8837659998075,0 77.5458129997763,12.8837150002774,0 77.5457449997531,12.8836560000687,0 77.5457099999233,12.8835789997716,0 77.54567800027959,12.8835080000503,0 77.5456509999416,12.8834490003864,0 77.5456299998921,12.8834030002247,0 77.545607999854,12.883353000182,0 77.5455800004206,12.8832919999983,0 77.54555600030599,12.8832379998566,0 77.5455520001407,12.8832290004363,0 77.5455490000363,12.8832209995638,0 77.5455340002774,12.883188999944,0 77.5455090000827,12.8831349995816,0 77.5454729998026,12.8830429995925,0 77.5454429997377,12.88296700044,0 77.54541499974481,12.8828959997087,0 77.5453849996875,12.8828209997813,0 77.54534500034219,12.8827180000356,0 77.5453289998437,12.8826779999506,0 77.5452579995887,12.8824659996995,0 77.5451899996575,12.8822909998985,0 77.54517300018669,12.8822459997595,0 77.5451660000176,12.8822280002059,0 77.545032999744,12.8818850003129,0 77.54501100021029,12.8818280000709,0 77.5449610001295,12.8816989997598,0 77.5449320001202,12.8816369999898,0 77.54485900039531,12.8814879999286,0 77.54480100029539,12.8813710004377,0 77.54476100028189,12.8813079999056,0 77.5446309999864,12.8809850004068,0 77.5443580001936,12.8803990004189,0 77.5442269997769,12.8804400000552,0 77.5441700002784,12.8803799996699,0 77.5438930003975,12.8791420001585,0 77.54359800022659,12.8792040001957,0 77.5427640001445,12.8793920003689,0 77.5424740004142,12.8794569998945,0 77.54245799980541,12.8794819998708,0 77.5423600000086,12.8793789996779,0 77.5416469998905,12.8796380000841,0 77.54166499969951,12.8796579999128,0 77.54117999993341,12.8798430003307,0 77.5411829996001,12.8798959997041,0 77.5410500002934,12.8799169998272,0 77.5410200003261,12.8798969998678,0 77.5401589996861,12.880007000072,0 77.5401559999532,12.8800330004501,0 77.5397010000503,12.8802659999007,0 77.5396969995643,12.8802860000763,0 77.53935799961,12.880327000261,0 77.5390549997315,12.8803920004521,0 77.53876300008901,12.8804510002806,0 77.5379170001286,12.8806279998706,0 77.5378690001529,12.8804859996879,0 77.5378019999273,12.8804590000827,0 77.53730600020771,12.8805489998906,0 77.53742299966029,12.8810199999715,0 77.5374870001276,12.8812560000203,0 77.5375459997753,12.8814689999271,0 77.53760999986569,12.8817010002146,0 77.53767899975161,12.8819319997312,0 77.5377559996934,12.8822110001125,0 77.5375230002535,12.8822790002237,0 77.5378089998194,12.8833329997703,0 77.5377549997895,12.8833450001679,0 77.536826999939,12.8840039998655,0 77.5365360000759,12.8841970000891,0 77.5360499995971,12.884554999652,0 77.53602300012069,12.8845420000306,0 77.5352889998436,12.8847200001242,0 77.53521699967411,12.884736999903,0 77.5345230004322,12.884905000272,0 77.5344699998335,12.8849179995819,0 77.53421600010211,12.88498000012,0 77.53417799965111,12.8849889998955,0 77.5340850001656,12.8850110001849,0 77.5339869999319,12.8850350003735,0 77.5339709996142,12.8850389995864,0 77.5338520002207,12.8850679996045,0 77.53381299962319,12.8850769999796,0 77.5335920002251,12.8851310000074,0 77.5333460001472,12.8851899995799,0 77.533253000389,12.8852129997516,0 77.53318800026889,12.8852229997765,0 77.53304699955009,12.8852439997889,0 77.5329100001159,12.8852660000054,0 77.53277600022579,12.8852859997355,0 77.53171999979671,12.8852169999707,0 77.53160200027111,12.8852539996,0 77.53096100004809,12.8852880001802,0 77.5306950003644,12.8852990000717,0 77.53047600007299,12.8853070001729,0 77.529457000153,12.8854879996959,0 77.5299850002182,12.8864050000093,0 77.5301519999927,12.8864689998264,0 77.53024699971679,12.8874669998288,0 77.5303299999854,12.8883350000468,0 77.53018899967699,12.88843500007,0 77.5302430003365,12.8888579995818,0 77.5304499996863,12.8904889998917,0 77.5298339997244,12.8908499997319,0 77.5297750000244,12.890336000245,0 77.52966899956461,12.8898790003593,0 77.5296149998218,12.8895909995789,0 77.5294450001211,12.8894530002802,0 77.5293859999084,12.8892320001619,0 77.52923299983649,12.8889380003365,0 77.5290209997672,12.8887049999461,0 77.52856600010431,12.8886220000041,0 77.5284679996945,12.8883980000653,0 77.52842799989121,12.8879600002704,0 77.5283409996852,12.8878560000278,0 77.5281249997024,12.8877160000688,0 77.52801199983379,12.8877430000206,0 77.52786199968899,12.8877400003828,0 77.5278069995523,12.8876440000946,0 77.52758900017569,12.8875089998158,0 77.5273770000142,12.8876250000593,0 77.5273419999757,12.8876059999737,0 77.52739800027049,12.8874480002493,0 77.52713900045011,12.886559999753,0 77.52708599959701,12.8865749998093,0 77.52698499979169,12.8869420001971,0 77.52678399983439,12.8872500002719,0 77.5264329997748,12.8873730004384,0 77.5261609999491,12.8873359996129,0 77.5259319996634,12.8875239997209,0 77.52552800016279,12.8878870003106,0 77.5251779997957,12.8881039995577,0 77.5247959999128,12.8879880003453,0 77.5244420001396,12.8878310004268,0 77.5241959995674,12.8876739998919,0 77.5240739997908,12.8877420002068,0 77.5241990002004,12.8879799999632,0 77.5242830003728,12.888205000096,0 77.5244510000623,12.8887619997882,0 77.5244709999025,12.8893479997641,0 77.52471800026311,12.8896510002384,0 77.52474800034371,12.88995699981,0 77.52450699997929,12.8903180002651,0 77.52408899977679,12.8905490002853,0 77.52377699954801,12.8905649996468,0 77.5235450001053,12.8904339998503,0 77.5234209998353,12.8902619997485,0 77.5232050003471,12.890358000228,0 77.52285100023281,12.890268000113,0 77.52230999957391,12.8904159995895,0 77.5222689996705,12.8904110001578,0 77.52227000042259,12.8901619999503,0 77.5221140003226,12.8899399996781,0 77.5217519998823,12.8895950002906,0 77.5214309995839,12.8895499996474,0 77.52093899974579,12.889480999897,0 77.52062800014301,12.8895729995617,0 77.52025000028,12.8896909997345,0 77.51998900018449,12.8897659995489,0 77.51963900027729,12.8898519996946,0 77.5195030000049,12.8898870004236,0 77.5191819999052,12.8887659998711,0 77.5189560002617,12.8882820001271,0 77.5184239998605,12.8882419999215,0 77.5179429999107,12.888175999665,0 77.5182019999104,12.8879760002932,0 77.51840399987501,12.8876279996829,0 77.5185809995546,12.8873300001081,0 77.5185030001539,12.886899000258,0 77.51802000001641,12.8856030004201,0 77.51798699966371,12.8856009995727,0 77.5174370000292,12.8856059996923,0 77.51737000004709,12.8857240000811,0 77.51730200003441,12.8857059998279,0 77.517214999681,12.8859009999359,0 77.51731400035661,12.8859580001513,0 77.5171839998159,12.8862200000745,0 77.51628299992529,12.8861559998664,0 77.51627000003189,12.8864709998495,0 77.51626700035069,12.8865250004204,0 77.5169530001221,12.8865629997001,0 77.5166850004204,12.8874860000428,0 77.51634600004471,12.8886569997556,0 77.51596400039671,12.8896550000048,0 77.5158840000592,12.8898899997607,0 77.5160250003636,12.8904119998248,0 77.5161149997669,12.8905949997149,0 77.5161229996137,12.8906249999243,0 77.51591999959579,12.8909019995709,0 77.5155930002487,12.8915169996665,0 77.5152549998615,12.8921499998975,0 77.51429799980041,12.892068999996,0 77.5142470003163,12.8921500001721,0 77.51382099976981,12.8925110000526,0 77.5136480004066,12.8927200000133,0 77.51329800030619,12.8934319996843,0 77.5138639998852,12.8939139998861,0 77.5140519999761,12.8941119997553,0 77.5141019997114,12.8945010001517,0 77.5140859999168,12.8945710000516,0 77.5139460002393,12.894912000206,0 77.51393000034641,12.894962999711,0 77.5139110003547,12.8950239998734,0 77.5139169995486,12.8950690001634,0 77.5139240001787,12.8951179996124,0 77.5139719999796,12.895164000201,0 77.5140230000534,12.8951730002217,0 77.5140740002697,12.8951810000669,0 77.5142350000323,12.8952079999271,0 77.51432499986259,12.8952659997762,0 77.51435099999659,12.8953880001171,0 77.5143340000653,12.89552999971,0 77.5142410001901,12.8958589997561,0 77.5141839999377,12.8960580002021,0 77.5140500000154,12.8963929996635,0 77.5139690000676,12.8966170000061,0 77.5140030002602,12.89684699984,0 77.51401999993421,12.8969619997541,0 77.5139889997715,12.8970739998589,0 77.51392799971239,12.8972970002283,0 77.513853999909,12.8974620004479,0 77.51381700004259,12.8975440000218,0 77.51334999988801,12.8980100000748,0 77.5132910000884,12.8980939999886,0 77.5133040004592,12.8982109999011,0 77.51334600021789,12.8982859996894,0 77.51356400001259,12.898583000037,0 77.51356499991159,12.8985849997868,0 77.5135910003424,12.8986810004455,0 77.5135649999244,12.8988320004326,0 77.5135079997229,12.8989469998129,0 77.5132519997006,12.8992710002279,0 77.51323800045409,12.8992859999211,0 77.5131439999471,12.8993849999446,0 77.51299400030339,12.8994999996292,0 77.5128859999585,12.8996999998301,0 77.5128849996233,12.8997009996703,0 77.5127710003492,12.8998270001966,0 77.5124680003871,12.9000379996368,0 77.5124610002201,12.9000679995566,0 77.51245100035641,12.9001109997202,0 77.51244200035011,12.9001689999668,0 77.51242600032479,12.9002750003786,0 77.51246799971361,12.9003349996315,0 77.5124830003455,12.9003570000287,0 77.51254500012649,12.9004029999083,0 77.51260699992901,12.9004489997688,0 77.5127089996007,12.9005049998845,0 77.5128110000919,12.9005620001082,0 77.5128700000741,12.9006289996406,0 77.5129889995616,12.9007619997183,0 77.5131040000951,12.9009479998578,0 77.5131620000662,12.9010409996102,0 77.51321300027421,12.9011100003664,0 77.51326399958199,12.9011790002126,0 77.5133479999662,12.9012209999919,0 77.51343200037471,12.9012629997389,0 77.51384299962901,12.9014100001985,0 77.5139819999569,12.9015049998963,0 77.5140270002027,12.9015539997624,0 77.5140690001565,12.9016010001377,0 77.5140700000409,12.9016770002014,0 77.51404199970931,12.9018469999566,0 77.5140009999341,12.9019740002681,0 77.5139780003648,12.9019980004044,0 77.5139549998613,12.9020219996449,0 77.5138789995666,12.9020349999271,0 77.5138030003174,12.9020470000153,0 77.5129099998433,12.9020640002693,0 77.512543999727,12.9020760003891,0 77.5123599996745,12.9021089998467,0 77.511939000382,12.9021710001815,0 77.51187600045679,12.9021660003126,0 77.5118189998848,12.9021609997002,0 77.51165800007151,12.9021279999105,0 77.5115499995951,12.902102999885,0 77.511477999867,12.9020970003885,0 77.51146200041001,12.9021089997792,0 77.5112139999236,12.902286000137,0 77.5109809995828,12.9024490002805,0 77.510931000025,12.9025139998076,0 77.5109349999998,12.9025690002829,0 77.5110950003432,12.9027539999355,0 77.51110299989899,12.9027990000811,0 77.5111200000287,12.9028960000395,0 77.5111159995909,12.9029679997556,0 77.5109810002745,12.9035530000279,0 77.51094099989849,12.9039470003022,0 77.51094899997941,12.9040510002419,0 77.5109519995527,12.9040830001972,0 77.511040999736,12.9043200001064,0 77.5116149999798,12.9052309995761,0 77.51169899966889,12.9055300003965,0 77.511456000121,12.9060329998689,0 77.5112189996931,12.9062979999938,0 77.51106700028561,12.9064210000521,0 77.5116709997482,12.9064300000713,0 77.51185799989111,12.9064430000411,0 77.51217400023189,12.9064639997784,0 77.5122019997325,12.9064650000119,0 77.51218700035059,12.9065809997039,0 77.5121840000603,12.9065979997136,0 77.5121590003703,12.9066419997084,0 77.51204099965349,12.9068489998332,0 77.5119459997802,12.9072339995935,0 77.5119139999947,12.9076640001395,0 77.5119010002976,12.9079150000688,0 77.51190300025721,12.9079379999773,0 77.5119629995862,12.9082340002904,0 77.5120160001959,12.9084519999392,0 77.5121379995733,12.9085739998479,0 77.5121729997399,12.9086029996646,0 77.5122090002599,12.9086510001985,0 77.51230100012469,12.9088809998514,0 77.51238600017081,12.9090929996545,0 77.5124120002762,12.9091749997757,0 77.51249299976659,12.9094729996479,0 77.51255799974319,12.9097090004323,0 77.512583000041,12.9097889998622,0 77.51327700042221,12.9096040001072,0 77.5133030000846,12.9095959998609,0 77.5133339995931,12.9096799999434,0 77.5134359997449,12.9101710003741,0 77.5134800002301,12.9106589998726,0 77.5134879996542,12.910830000451,0 77.51345600032499,12.9108310004011,0 77.5128359999191,12.9108569997652,0 77.5126269998832,12.9109370002038,0 77.5126470004235,12.9110150003769,0 77.5126710002893,12.9111050001792,0 77.51269799958941,12.9111910002868,0 77.51273399987009,12.9113059998607,0 77.51276299993999,12.9113969995943,0 77.5127900001078,12.9114839998349,0 77.512823000221,12.9115890004052,0 77.5128520001075,12.9116820004442,0 77.5128790002121,12.9117699999236,0 77.5129020002144,12.9118449996158,0 77.5127560002684,12.911886999685,0 77.5126939997337,12.9119110000857,0 77.51252699966049,12.911957000314,0 77.51255900006289,12.9120579999467,0 77.5124149999793,12.9121030000836,0 77.5124499996321,12.9122080004514,0 77.512446000205,12.912216999734,0 77.5123899999673,12.9122350001134,0 77.512251000392,12.912283999722,0 77.5115829996416,12.9124970002937,0 77.5115300001123,12.9125140004044,0 77.5114139997422,12.9125530000006,0 77.51130799955691,12.9125880003267,0 77.5113070002714,12.9126139997493,0 77.5113040002289,12.9127670004198,0 77.51130100002661,12.9129080000233,0 77.5113000002481,12.9129309998612,0 77.5112969995898,12.9130820002074,0 77.511294000364,12.9132360001282,0 77.5112919998399,12.9132890000592,0 77.5112889996587,12.9134500002343,0 77.5112859996507,12.9135899996685,0 77.511284999913,12.9136259998336,0 77.5112840000964,12.913688999916,0 77.5112819999802,12.9137589999237,0 77.51128000000421,12.9138279997658,0 77.5112780000308,12.9138969996077,0 77.5112769997998,12.9139300001882,0 77.511275999734,12.913975000027,0 77.51127599968331,12.9139820002735,0 77.51151200025539,12.9141479997815,0 77.5115790004353,12.9141939999933,0 77.51164300002699,12.9142389999637,0 77.51224799965659,12.9143049995808,0 77.5122609999089,12.914450000332,0 77.51226699964811,12.914504000236,0 77.51228299994401,12.9146340003886,0 77.5122930000712,12.9147199995645,0 77.51229899984369,12.9147740003677,0 77.5123150001908,12.9149039996063,0 77.51232899982659,12.9150290001032,0 77.5123359998725,12.9150830003142,0 77.5123560002875,12.9152550004479,0 77.51242799956781,12.9158799998424,0 77.5125579996739,12.9158649997893,0 77.51258000030489,12.916146000208,0 77.51258600022631,12.9161859996009,0 77.5125060003619,12.9162390000675,0 77.51246699965969,12.9162870000622,0 77.5124260003668,12.9163690004391,0 77.51237799990921,12.9165500003135,0 77.5122299995792,12.9171030002977,0 77.5120889996209,12.9173249999164,0 77.511990000072,12.9174659996137,0 77.51194000037989,12.9175450002333,0 77.51190100028199,12.917606999767,0 77.5117980000862,12.9177710001158,0 77.5116079998144,12.9180719996345,0 77.5115679997641,12.9182810003085,0 77.5115359996783,12.9186219998556,0 77.51150400017841,12.9189450000677,0 77.5114949997548,12.9191699997107,0 77.5114929997733,12.9192069997102,0 77.51151999992651,12.9194660001203,0 77.5115470004278,12.9196130002493,0 77.5115590003256,12.91963800003,0 77.5116039999408,12.9197319999174,0 77.5116510002355,12.9197700002935,0 77.51169799974539,12.9198069995991,0 77.5118029997287,12.9198550001169,0 77.511879999809,12.9198519996424,0 77.511890000414,12.9200840000599,0 77.5119169999729,12.920143000183,0 77.5119229995788,12.9203750002347,0 77.5118880003963,12.9204289997822,0 77.51185699980429,12.92047400004,0 77.51184600006231,12.9205259996319,0 77.5118500002321,12.9205610002911,0 77.5118579996518,12.9205890001758,0 77.51186200033941,12.9206339997527,0 77.51182200015511,12.9206499996484,0 77.5116050000336,12.9207090001494,0 77.51166100008309,12.9209430001609,0 77.5117330003675,12.9211329998167,0 77.5117540003711,12.9211699998617,0 77.51176800027881,12.9213259999706,0 77.5117679998865,12.9213500002823,0 77.51173499955409,12.921381000334,0 77.51173699996041,12.9214939995535,0 77.5117380003734,12.9214999999428,0 77.5117380001135,12.9215020002722,0 77.5117379998445,12.9215039996981,0 77.5117400001434,12.9215970001665,0 77.51174000001301,12.9216190001489,0 77.5117430003384,12.9217559999906,0 77.51175200008829,12.9217769999446,0 77.5117419996993,12.9219059997966,0 77.5117939998069,12.9220020002816,0 77.511761999583,12.9223149997522,0 77.5116600000115,12.9228590004139,0 77.5115159996662,12.9236249997336,0 77.5115139998953,12.9236330004076,0 77.51118100024389,12.9236819997698,0 77.5107159998033,12.9237480001512,0 77.5107170000563,12.9237620000529,0 77.5107299995653,12.9238829996468,0 77.5107359999402,12.9239620000519,0 77.5107430003422,12.9240430001983,0 77.5107449998072,12.9240720001739,0 77.510746999669,12.9240979996536,0 77.5107489996727,12.9241229998714,0 77.51076399999759,12.9242979999008,0 77.5105739999272,12.9243139998448,0 77.5105389995738,12.9242960001902,0 77.510545000311,12.9244270000997,0 77.5105489998368,12.9245009999681,0 77.5104929995499,12.924677000153,0 77.51046500021521,12.9246729995954,0 77.5102319997859,12.9247600000002,0 77.5101830004178,12.9247790000896,0 77.51013700034299,12.9247959999061,0 77.51003599976541,12.9248340000056,0 77.50993399977629,12.9248719997447,0 77.5099009995461,12.9248840001647,0 77.5097340003904,12.9249379996568,0 77.5095010004088,12.9250039996421,0 77.5093020004222,12.9250279998903,0 77.50903500014689,12.9246209998635,0 77.50892300012291,12.9246439998201,0 77.5089089998925,12.9246690003063,0 77.5083649999637,12.9251029996165,0 77.5081449996059,12.9251289997129,0 77.5078870002508,12.9250060003711,0 77.5077369995942,12.9249600003216,0 77.5076719999003,12.9249719998744,0 77.50761500008581,12.924981999912,0 77.50747899981501,12.9250059996832,0 77.50736500013269,12.9250259996678,0 77.50726299976419,12.925037000281,0 77.5071299999146,12.9250510001092,0 77.50699500022399,12.9250660002764,0 77.50687799981939,12.9250780004478,0 77.5067550000786,12.9250919998013,0 77.5066509999438,12.9251030004191,0 77.5066510003529,12.9251620003136,0 77.50665200025389,12.9252819998737,0 77.50665300016939,12.9253339998419,0 77.5062750002665,12.925341000384,0 77.5062689996554,12.9252170002639,0 77.5062660002684,12.925152000145,0 77.5062629996671,12.9250890003712,0 77.5062630004215,12.9250840004325,0 77.5062530001309,12.9248769995589,0 77.5062089995938,12.9248799997765,0 77.50609999968469,12.9248860003599,0 77.5059849996709,12.9248929999541,0 77.5058679998229,12.9249009998948,0 77.5057499998189,12.9249080001849,0 77.50564300043899,12.9249140003461,0 77.5055300000385,12.924921000422,0 77.5054370001593,12.9249269998126,0 77.505378999596,12.9247539999903,0 77.5053849997697,12.92466900042,0 77.5053969999215,12.9245300001537,0 77.5052069996119,12.9245929996378,0 77.50525300041799,12.9247940001538,0 77.5051549998104,12.9248250001364,0 77.5050959996728,12.9248439995653,0 77.50498200004731,12.9249029996526,0 77.50505900032221,12.9250240000399,0 77.50516900008409,12.9252120002364,0 77.5052039996462,12.9254010004322,0 77.5051929996456,12.9254810001851,0 77.5050669996959,12.925660000165,0 77.5048799997877,12.9258739997349,0 77.50450399956129,12.9264299995958,0 77.5044049997269,12.926555000426,0 77.50435100039159,12.926599000246,0 77.5042510004283,12.9265700000821,0 77.50412500045491,12.9265029999447,0 77.5037099998365,12.9268379999932,0 77.5025970004516,12.9277369998445,0 77.5024400000474,12.9277019999095,0 
							</coordinates>
						</LinearRing>
					</outerBoundaryIs>
				</Polygon>
				<Polygon>
					<outerBoundaryIs>
						<LinearRing>
							<coordinates>
								77.50703300025759,12.9293869997782,0 77.5069520000489,12.9291310001327,0 77.5068910000665,12.9289810002599,0 77.5069240003812,12.9289669997726,0 77.5069670002251,12.9289650000589,0 77.5074040000073,12.9289820001172,0 77.5077090001851,12.9290120000689,0 77.5077099995778,12.9290120004013,0 77.5080360004105,12.9290510001653,0 77.5082159998037,12.9290860002996,0 77.5083359996237,12.9291099998206,0 77.508506000086,12.9291020002269,0 77.50856599977649,12.9290990001602,0 77.5088290001044,12.9290869999261,0 77.50898900014251,12.9290790004179,0 77.5092550003566,12.9290669998226,0 77.5097910001018,12.929041999849,0 77.50988200027599,12.9290789996589,0 77.5098709998021,12.9288429998626,0 77.5099270002233,12.9288449999396,0 77.5103680000681,12.9288569999896,0 77.5109949996761,12.9288640000246,0 77.51098499960599,12.9291979999887,0 77.5109770001358,12.9294180000071,0 77.51097999968199,12.9297369997876,0 77.510979999707,12.9297440000279,0 77.5109760002116,12.9299169999393,0 77.5109329996277,12.9300180002653,0 77.51093100019629,12.9300229995467,0 77.5109309998162,12.9300260000407,0 77.5109290003218,12.9302470002957,0 77.5109260003367,12.9304840001443,0 77.51092299998039,12.9307529998024,0 77.51091900024591,12.9310799995807,0 77.5109180002017,12.9311790000855,0 77.5109320002334,12.9313219998182,0 77.51095899989561,12.931739999741,0 77.5109360002163,12.9318030001372,0 77.51081199990401,12.9319209996533,0 77.51077799962729,12.9320979998841,0 77.5108750003437,12.9320980003682,0 77.5108779997452,12.9320740001004,0 77.51087499964279,12.9321180000284,0 77.5108659995949,12.9322769997034,0 77.51101099955061,12.9322159997311,0 77.5110230002239,12.9323359995639,0 77.5106950002973,12.9324400000128,0 77.5100020000004,12.9327639999413,0 77.50951300042971,12.932921000361,0 77.5094429996673,12.9329080004331,0 77.5093390002333,12.9328849997775,0 77.5092469999903,12.9328560001071,0 77.5091670004098,12.9328030002658,0 77.509117000339,12.9327439999349,0 77.50905499961,12.9326059999338,0 77.508943000025,12.9324219998428,0 77.50886300033601,12.932302999841,0 77.5088499998833,12.9322069997467,0 77.5088059997277,12.9320760002171,0 77.5087679998676,12.9320049998323,0 77.508669999665,12.9319099997307,0 77.5085590000739,12.9318209999995,0 77.50839300001491,12.9316609996931,0 77.50820800036109,12.9315490001324,0 77.5080680000551,12.9315199997907,0 77.50790200000441,12.9314559996048,0 77.50776799954239,12.9314160001149,0 77.5076880000036,12.9313679996041,0 77.5074850003739,12.9312509999815,0 77.5073499995941,12.9311860002931,0 77.5072089997736,12.9311399998974,0 77.507123000276,12.9310859998332,0 77.5070430003742,12.9309970004085,0 77.5069809995689,12.9308840001652,0 77.50699499971179,12.9304650001933,0 77.5070459998817,12.9300569997426,0 77.5070559999477,12.9298479999232,0 77.507059999912,12.9296140003033,0 77.50703300025759,12.9293869997782,0 
							</coordinates>
						</LinearRing>
					</outerBoundaryIs>
				</Polygon>
				<Polygon>
					<outerBoundaryIs>
						<LinearRing>
							<coordinates>
								77.5224970002572,12.8657839997218,0 77.5223260004198,12.8658180002218,0 77.5212630001603,12.866284999789,0 77.52096200023389,12.8663939999434,0 77.52068800001631,12.8664929996115,0 77.5204359999795,12.8665840002891,0 77.52032900027331,12.8663100004409,0 77.5203140003043,12.8661920001238,0 77.52026299989021,12.8657880000144,0 77.5206060002407,12.8656559996817,0 77.5209539997668,12.8655220002472,0 77.5210199997841,12.865780000393,0 77.5215219996542,12.8653910004197,0 77.5216919996351,12.8656560000976,0 77.5218449997903,12.8655379998664,0 77.5216879997709,12.8652570000585,0 77.52183299986881,12.8651419996222,0 77.52198999988479,12.8650170004226,0 77.52216099985,12.8648820003647,0 77.5223319996244,12.8647470002279,0 77.52250599986991,12.8646080003116,0 77.52267899961021,12.8644710003214,0 77.522848000436,12.8643370003657,0 77.5230009996335,12.8642160001192,0 77.52323299958501,12.8644830003108,0 77.5233529997402,12.8644570001449,0 77.5234370002719,12.8645020000015,0 77.5235079996398,12.8645520002051,0 77.5235969997558,12.8646240004204,0 77.5237279997137,12.8648060003376,0 77.523894000216,12.8647059997106,0 77.524043000319,12.8646170000171,0 77.5241030001515,12.8645800000246,0 77.5242360001379,12.8645000003489,0 77.52429099979049,12.8645580002607,0 77.524349000138,12.8646189997396,0 77.52439399961879,12.8646679996416,0 77.5244149996137,12.8646899996335,0 77.5244580004584,12.8647350000671,0 77.5245130002148,12.8647929999124,0 77.524567000082,12.8648500001794,0 77.5246180000879,12.8649050000982,0 77.524681000203,12.8649709999899,0 77.52475300031411,12.8650479998302,0 77.5248730000316,12.8650480003429,0 77.5250359996494,12.8649430000586,0 77.52545300003661,12.8646749996517,0 77.52550599975289,12.8655569999714,0 77.5255209998335,12.8658400002238,0 77.52546999987089,12.8658429997365,0 77.524577000062,12.8660119997482,0 77.52444199975589,12.8660370003509,0 77.5243239995477,12.8660600003629,0 77.5242639999023,12.86607099996,0 77.5241130000467,12.8661150003035,0 77.52406100026271,12.8661300002404,0 77.5236420001951,12.8654680000781,0 77.5230080002156,12.865681999681,0 77.5224970002572,12.8657839997218,0 
							</coordinates>
						</LinearRing>
					</outerBoundaryIs>
				</Polygon>
			</MultiGeometry>
		</Placemark>
	</Document>
	<Document>
		<name>Ward NO.123.kml</name>
		<StyleMap id="m_ylw-pushpin">
			<Pair>
				<key>normal</key>
				<styleUrl>#s_ylw-pushpin</styleUrl>
			</Pair>
			<Pair>
				<key>highlight</key>
				<styleUrl>#s_ylw-pushpin_hl</styleUrl>
			</Pair>
		</StyleMap>
		<Style id="s_ylw-pushpin">
			<IconStyle>
				<scale>1.1</scale>
				<Icon>
					<href>http://maps.google.com/mapfiles/kml/pushpin/ylw-pushpin.png</href>
				</Icon>
				<hotSpot x="20" y="2" xunits="pixels" yunits="pixels"/>
			</IconStyle>
			<LineStyle>
				<color>ffffff55</color>
				<width>3</width>
			</LineStyle>
			<PolyStyle>
				<fill>0</fill>
			</PolyStyle>
		</Style>
		<Style id="s_ylw-pushpin_hl">
			<IconStyle>
				<scale>1.3</scale>
				<Icon>
					<href>http://maps.google.com/mapfiles/kml/pushpin/ylw-pushpin.png</href>
				</Icon>
				<hotSpot x="20" y="2" xunits="pixels" yunits="pixels"/>
			</IconStyle>
			<LineStyle>
				<color>ffffff55</color>
				<width>3</width>
			</LineStyle>
			<PolyStyle>
				<fill>0</fill>
			</PolyStyle>
		</Style>
		<Placemark>
			<name>Ward NO.123.kml</name>
			<styleUrl>#m_ylw-pushpin</styleUrl>
			<Polygon>
				<tessellate>1</tessellate>
				<outerBoundaryIs>
					<LinearRing>
						<coordinates>
							77.5379149999474,12.9720439999535,0 77.5380569995543,12.9719990001566,0 77.5393070002642,12.9715779998095,0 77.5405580000094,12.9711600001844,0 77.54215299997981,12.9706230003816,0 77.5422100003984,12.9706039999008,0 77.5434030002821,12.9702009996991,0 77.54383799958759,12.9700540000395,0 77.5446059999983,12.9698000001249,0 77.5458089997184,12.9694029997978,0 77.5456599997743,12.9690669998507,0 77.5455199995634,12.9687510002478,0 77.5453829996227,12.9684209999451,0 77.5452960003244,12.9682180002491,0 77.5453259998948,12.9681980003375,0 77.54537900007961,12.9681700001581,0 77.54541099990401,12.9681579998341,0 77.5456639996455,12.9687010000757,0 77.5457609995867,12.9689110002267,0 77.5458190002654,12.9690409997102,0 77.5459389999012,12.9693439996782,0 77.54626100019711,12.9692520003884,0 77.5464479999608,12.9691990003815,0 77.5467690003308,12.9691089997442,0 77.5468880000076,12.9690750000839,0 77.5470700000227,12.9690229999723,0 77.5470880004018,12.9690180001296,0 77.54732399960901,12.9689519995744,0 77.54747899973169,12.9695589996428,0 77.547580000037,12.9695500004115,0 77.5477809999105,12.9695459999782,0 77.5477980000497,12.9695449995783,0 77.5479579998826,12.9695369997927,0 77.5481679995502,12.9695240000422,0 77.54838200017539,12.969514000184,0 77.54871100012031,12.9695019998015,0 77.5485399999357,12.968994999555,0 77.5484269999756,12.9686599997966,0 77.5484659999714,12.9686480001039,0 77.54849400009,12.9686610004086,0 77.5485300003841,12.9686449997389,0 77.54897499987089,12.9684489999267,0 77.5492309999309,12.968346000157,0 77.5493019997074,12.9683109999138,0 77.5494009998082,12.9682599995798,0 77.5494040003759,12.9682630003928,0 77.5495279997261,12.9682010002073,0 77.549709000197,12.9684699997656,0 77.5503059996486,12.9693419996569,0 77.5503550003212,12.9694069995488,0 77.550431999784,12.9694749999733,0 77.5505209997078,12.9695230002001,0 77.5508419999946,12.9696430000814,0 77.5510250002383,12.9696909998567,0 77.5512609996965,12.9697620004366,0 77.5514060002444,12.9698170003996,0 77.5515389997576,12.9699090000228,0 77.5517399999364,12.9701250003268,0 77.5518319999258,12.9702309999492,0 77.5520490003131,12.970487000022,0 77.5521930000788,12.9706510001685,0 77.55238400043891,12.9708369999582,0 77.5525219999365,12.9710030002627,0 77.5526079996978,12.9710949996086,0 77.55273299978199,12.971190999749,0 77.55284400042549,12.9713170002231,0 77.5529650000131,12.971466999602,0 77.5530509998738,12.9715939997278,0 77.5531560002559,12.9718879996626,0 77.5532519999084,12.9721729999531,0 77.55337300014079,12.9724710003571,0 77.55343200031299,12.9726220001468,0 77.5534899995868,12.9726920000223,0 77.5535799997857,12.972838000096,0 77.55364999970389,12.9730380002976,0 77.55374600045189,12.973429999744,0 77.553823999957,12.9736439999082,0 77.5538470003922,12.9738480003776,0 77.5539210003848,12.9741239999662,0 77.5541069999763,12.9745219995539,0 77.5542940002322,12.9749599997004,0 77.554477999578,12.9754740001136,0 77.5544990002239,12.9755550003975,0 77.55438000000311,12.9755519999866,0 77.5543069999546,12.9755490002765,0 77.5541719997417,12.9755469998726,0 77.5541029995445,12.9755420003053,0 77.5534850002516,12.9755120002227,0 77.5534520004155,12.9755099996842,0 77.5532990001702,12.9754850000082,0 77.5530000000705,12.9753839999296,0 77.55284799993321,12.9753159998561,0 77.5522910002322,12.9749859998446,0 77.55226199974329,12.9749610002203,0 77.5520249997863,12.9747559999457,0 77.5518579997108,12.9745819995726,0 77.551440999749,12.9742470004448,0 77.5509969995542,12.9739269998717,0 77.5507399999606,12.973767999786,0 77.5505330001055,12.9736880001724,0 77.55051099987681,12.9736840003851,0 77.5503409997319,12.9736790000591,0 77.5500929996544,12.9737039996497,0 77.5498129997123,12.9737929996867,0 77.54954799989579,12.9739419995557,0 77.54913399988899,12.9743100002804,0 77.548599999597,12.9747850003024,0 77.5484919998204,12.9748960003927,0 77.54842399976231,12.9749669996826,0 77.5477569995567,12.9741440000633,0 77.5473740003069,12.9741349997244,0 77.5471630000346,12.9741330000575,0 77.5467759997324,12.974124000073,0 77.54647399971429,12.9741259998543,0 77.54616599969729,12.9741299995784,0 77.5447710002494,12.9740970003666,0 77.5446750003546,12.9740879998422,0 77.5435310004364,12.974020000182,0 77.54324200015741,12.9739630000107,0 77.54307599973851,12.9739219996196,0 77.5422290003127,12.9737129998094,0 77.5416909995452,12.9735859998631,0 77.5413490003274,12.9735049997809,0 77.5401800003313,12.9732490002352,0 77.5394580004138,12.9730910000834,0 77.5389430003604,12.9729779999132,0 77.538787999673,12.9728899999562,0 77.53873399990439,12.9728599997361,0 77.5384459999333,12.9726230000859,0 77.5381249998634,12.9723790003397,0 77.53792599971371,12.9720619999783,0 77.5379149999474,12.9720439999535,0 
						</coordinates>
					</LinearRing>
				</outerBoundaryIs>
			</Polygon>
		</Placemark>
	</Document>
	<Document>
		<name>Ward NO.124.kml</name>
		<StyleMap id="m_ylw-pushpin0">
			<Pair>
				<key>normal</key>
				<styleUrl>#s_ylw-pushpin0</styleUrl>
			</Pair>
			<Pair>
				<key>highlight</key>
				<styleUrl>#s_ylw-pushpin_hl0</styleUrl>
			</Pair>
		</StyleMap>
		<Style id="s_ylw-pushpin0">
			<IconStyle>
				<scale>1.1</scale>
				<Icon>
					<href>http://maps.google.com/mapfiles/kml/pushpin/ylw-pushpin.png</href>
				</Icon>
				<hotSpot x="20" y="2" xunits="pixels" yunits="pixels"/>
			</IconStyle>
			<LineStyle>
				<color>ffffff55</color>
				<width>3</width>
			</LineStyle>
			<PolyStyle>
				<fill>0</fill>
			</PolyStyle>
		</Style>
		<Style id="s_ylw-pushpin_hl0">
			<IconStyle>
				<scale>1.3</scale>
				<Icon>
					<href>http://maps.google.com/mapfiles/kml/pushpin/ylw-pushpin.png</href>
				</Icon>
				<hotSpot x="20" y="2" xunits="pixels" yunits="pixels"/>
			</IconStyle>
			<LineStyle>
				<color>ffffff55</color>
				<width>3</width>
			</LineStyle>
			<PolyStyle>
				<fill>0</fill>
			</PolyStyle>
		</Style>
		<Placemark>
			<name>Ward NO.124.kml</name>
			<styleUrl>#m_ylw-pushpin0</styleUrl>
			<Polygon>
				<tessellate>1</tessellate>
				<outerBoundaryIs>
					<LinearRing>
						<coordinates>
							77.5438599998339,12.9640449997483,0 77.5440489998157,12.9641569998868,0 77.5443969997017,12.9643030003411,0 77.5445939995405,12.964350999696,0 77.5448300002824,12.9643679999103,0 77.5454060000142,12.9643260001638,0 77.5461749995893,12.9643139996169,0 77.5465900000159,12.9644059997907,0 77.5479139998405,12.9648750003561,0 77.54816700024389,12.9649810002019,0 77.5485059997763,12.9651819997302,0 77.5490940000039,12.9655919999459,0 77.54949900022331,12.9658869999691,0 77.5498459997598,12.9661709996369,0 77.55008900003629,12.9664320003299,0 77.5501799997006,12.9665309998542,0 77.5505630001856,12.9669779996293,0 77.55092700008549,12.9673909996606,0 77.5511810001632,12.967697000032,0 77.5514429999711,12.9679329999239,0 77.5515480004199,12.9680030003579,0 77.5518300000691,12.9681340001748,0 77.55202099973491,12.9682070001489,0 77.55244199983861,12.9683400001301,0 77.55362900034009,12.9686509999793,0 77.5544749996551,12.9688709996051,0 77.5545790003801,12.968900000343,0 77.5545130002117,12.9689990000415,0 77.5544230002335,12.9690210003746,0 77.55438800024,12.9690289999722,0 77.5542779999807,12.969054000083,0 77.5541599999432,12.9690800002255,0 77.5540910003558,12.9690960003706,0 77.55396200026409,12.9691250004071,0 77.5537179997296,12.9691840003301,0 77.5536279995647,12.969206000413,0 77.5535290001644,12.9692299996242,0 77.5534109999768,12.9692569995868,0 77.5532769998744,12.9692809998483,0 77.55314600013619,12.9693050004119,0 77.5530109998107,12.9693070002382,0 77.5528790003296,12.9693420001893,0 77.55263700023551,12.9694039998169,0 77.5525670001544,12.9694229998644,0 77.55250100032551,12.9694470001522,0 77.55222500014,12.9695839996423,0 77.5519330004356,12.9697289997069,0 77.55165299987949,12.9698699996217,0 77.5515910002005,12.9699010002519,0 77.5515939998164,12.9699030000045,0 77.5515930002926,12.9699029998708,0 77.5515389997576,12.9699090000228,0 77.5514060002444,12.9698170003996,0 77.5512609996965,12.9697620004366,0 77.5510250002383,12.9696909998567,0 77.5508419999946,12.9696430000814,0 77.5505209997078,12.9695230002001,0 77.550431999784,12.9694749999733,0 77.5503550003212,12.9694069995488,0 77.5503059996486,12.9693419996569,0 77.549709000197,12.9684699997656,0 77.5495279997261,12.9682010002073,0 77.5494040003759,12.9682630003928,0 77.5494009998082,12.9682599995798,0 77.5493019997074,12.9683109999138,0 77.5492309999309,12.968346000157,0 77.54897499987089,12.9684489999267,0 77.5485300003841,12.9686449997389,0 77.54849400009,12.9686610004086,0 77.5484659999714,12.9686480001039,0 77.5484269999756,12.9686599997966,0 77.5485399999357,12.968994999555,0 77.54871100012031,12.9695019998015,0 77.54838200017539,12.969514000184,0 77.5481679995502,12.9695240000422,0 77.5479579998826,12.9695369997927,0 77.5477980000497,12.9695449995783,0 77.5477809999105,12.9695459999782,0 77.547580000037,12.9695500004115,0 77.54747899973169,12.9695589996428,0 77.54732399960901,12.9689519995744,0 77.5470880004018,12.9690180001296,0 77.5470700000227,12.9690229999723,0 77.5468880000076,12.9690750000839,0 77.5467690003308,12.9691089997442,0 77.5464479999608,12.9691990003815,0 77.54626100019711,12.9692520003884,0 77.5459389999012,12.9693439996782,0 77.5458190002654,12.9690409997102,0 77.5457609995867,12.9689110002267,0 77.5456639996455,12.9687010000757,0 77.54541099990401,12.9681579998341,0 77.54537900007961,12.9681700001581,0 77.5453259998948,12.9681980003375,0 77.5452960003244,12.9682180002491,0 77.5453829996227,12.9684209999451,0 77.5455199995634,12.9687510002478,0 77.5456599997743,12.9690669998507,0 77.5458089997184,12.9694029997978,0 77.5446059999983,12.9698000001249,0 77.54383799958759,12.9700540000395,0 77.5434030002821,12.9702009996991,0 77.5422100003984,12.9706039999008,0 77.54215299997981,12.9706230003816,0 77.5405580000094,12.9711600001844,0 77.5393070002642,12.9715779998095,0 77.5380569995543,12.9719990001566,0 77.5379149999474,12.9720439999535,0 77.53789400000581,12.972011999751,0 77.5374179998505,12.9706690004074,0 77.53676499965511,12.9687310003551,0 77.536949000093,12.9686870004023,0 77.5369820001016,12.9686759995568,0 77.5374990004037,12.968487999855,0 77.5376910001691,12.9684229997263,0 77.5388240002116,12.9681470000211,0 77.53873099987671,12.9676530000245,0 77.538647000361,12.9672409996147,0 77.5385639998685,12.9668300003551,0 77.5384710003286,12.9663599998364,0 77.5383879997122,12.965943999687,0 77.5383100000039,12.9655479995897,0 77.538213999655,12.9650780000385,0 77.538597999971,12.9649400002157,0 77.53913600031581,12.9647509997575,0 77.5395619998618,12.9646020002063,0 77.5400179995854,12.9644449997219,0 77.5405660001086,12.9643320000985,0 77.5410580001377,12.9642319996462,0 77.5411109996046,12.9642210000774,0 77.5416149999653,12.9642309998556,0 77.5419999998804,12.9642369995744,0 77.5423439998868,12.9642510001487,0 77.54278400026919,12.9642629997614,0 77.5430640002602,12.9642690002117,0 77.5432039998786,12.964292999628,0 77.5432710000948,12.9642989997811,0 77.5436300003592,12.964328999698,0 77.5438599998339,12.9640449997483,0 
						</coordinates>
					</LinearRing>
				</outerBoundaryIs>
			</Polygon>
		</Placemark>
	</Document>
	<Document>
		<name>Ward NO.125.kml</name>
		<StyleMap id="m_ylw-pushpin1">
			<Pair>
				<key>normal</key>
				<styleUrl>#s_ylw-pushpin1</styleUrl>
			</Pair>
			<Pair>
				<key>highlight</key>
				<styleUrl>#s_ylw-pushpin_hl1</styleUrl>
			</Pair>
		</StyleMap>
		<Style id="s_ylw-pushpin1">
			<IconStyle>
				<scale>1.1</scale>
				<Icon>
					<href>http://maps.google.com/mapfiles/kml/pushpin/ylw-pushpin.png</href>
				</Icon>
				<hotSpot x="20" y="2" xunits="pixels" yunits="pixels"/>
			</IconStyle>
			<LineStyle>
				<color>ffffff55</color>
				<width>3</width>
			</LineStyle>
			<PolyStyle>
				<fill>0</fill>
			</PolyStyle>
		</Style>
		<Style id="s_ylw-pushpin_hl1">
			<IconStyle>
				<scale>1.3</scale>
				<Icon>
					<href>http://maps.google.com/mapfiles/kml/pushpin/ylw-pushpin.png</href>
				</Icon>
				<hotSpot x="20" y="2" xunits="pixels" yunits="pixels"/>
			</IconStyle>
			<LineStyle>
				<color>ffffff55</color>
				<width>3</width>
			</LineStyle>
			<PolyStyle>
				<fill>0</fill>
			</PolyStyle>
		</Style>
		<Placemark>
			<name>Ward NO.125.kml</name>
			<styleUrl>#m_ylw-pushpin1</styleUrl>
			<Polygon>
				<tessellate>1</tessellate>
				<outerBoundaryIs>
					<LinearRing>
						<coordinates>
							77.52820499989311,12.9718330003772,0 77.5282010002327,12.9717520000927,0 77.5281370001624,12.9715389995905,0 77.5279890000818,12.9710270002428,0 77.52790000034859,12.9707059996948,0 77.5278350000624,12.9704770000216,0 77.5278119999082,12.9703730002171,0 77.52790700038391,12.9703149998339,0 77.5282450000801,12.9701120004041,0 77.5285149996879,12.9699589995738,0 77.5287820000428,12.9698170003981,0 77.5288220003529,12.9699080000057,0 77.5288619998522,12.9699610002901,0 77.5289050003684,12.9700639995942,0 77.5289090000898,12.9700750002888,0 77.5291399998621,12.9700240001458,0 77.5293870004038,12.9699729996262,0 77.5297100002531,12.9699010002737,0 77.53000899986959,12.9698300001239,0 77.5303889998592,12.9697409996406,0 77.5307619999232,12.969655000332,0 77.5307819999467,12.9696500001717,0 77.53072099972761,12.9693570002608,0 77.530636999788,12.9689500003503,0 77.5305989995653,12.9687880000974,0 77.53057200033319,12.9686450004234,0 77.5314460001789,12.9684769996676,0 77.53150599963,12.968478999774,0 77.5321440003804,12.9684830000365,0 77.5323750001928,12.9685120000365,0 77.5325539996617,12.9685339999759,0 77.53263100019559,12.9685460002073,0 77.53292799987879,12.9684500002906,0 77.5332299996858,12.9683540001729,0 77.5332920001777,12.9683320003819,0 77.5333809999883,12.9683010001695,0 77.5336440001672,12.9682149995839,0 77.5339549996997,12.9681110002592,0 77.5342590003516,12.9680099996495,0 77.5344579995465,12.9679519997111,0 77.53453399959351,12.9679319999927,0 77.5345999997472,12.9679140003899,0 77.5348919998679,12.9678329996658,0 77.5349070001441,12.9678290002013,0 77.53519599958931,12.967748999639,0 77.5352040004057,12.9677469999891,0 77.5355039999135,12.9676639999117,0 77.5355150002147,12.9676609997886,0 77.5359040003905,12.9675499997356,0 77.5362589997566,12.967440000084,0 77.53666500041641,12.9684219997309,0 77.53676499965511,12.9687310003551,0 77.5374179998505,12.9706690004074,0 77.53789400000581,12.972011999751,0 77.5379149999474,12.9720439999535,0 77.53792599971371,12.9720619999783,0 77.5381249998634,12.9723790003397,0 77.5384459999333,12.9726230000859,0 77.53873399990439,12.9728599997361,0 77.5383059997399,12.9730360002649,0 77.5377080003169,12.9732649997152,0 77.5372709995741,12.9734199995933,0 77.5367930002638,12.973588000376,0 77.5365790000004,12.973663999884,0 77.5362959995676,12.9737629996898,0 77.5356969998993,12.9739720001962,0 77.53528600013991,12.9741359996969,0 77.53478500042129,12.9742449997586,0 77.534553999887,12.9742869995891,0 77.534512000281,12.9742929996252,0 77.5344750002816,12.9742970003299,0 77.5341710000516,12.9743270003396,0 77.53401499982,12.9743480003098,0 77.5337600004097,12.9744039995494,0 77.53339599969421,12.9744820002955,0 77.53297999967749,12.9745679995897,0 77.5324489996777,12.9746690001173,0 77.5325719995685,12.9751270000759,0 77.53263200007849,12.975335999947,0 77.5327920004579,12.9759100003638,0 77.53248899979999,12.9759769998479,0 77.5322159996058,12.976037999595,0 77.53188800043399,12.9760900002732,0 77.5314069998407,12.9761530001552,0 77.530939999635,12.9761800003763,0 77.5308690002712,12.9761839999947,0 77.5296729997373,12.9762630000483,0 77.5290359998742,12.9762939998389,0 77.52897799990269,12.9758290000257,0 77.528936999686,12.9755160000803,0 77.52887900023249,12.9750979998912,0 77.52887699964499,12.9750809996621,0 77.5288670004301,12.9748709998293,0 77.528849000036,12.974424000203,0 77.5288359997293,12.9742060003419,0 77.52882999996881,12.9740709998184,0 77.5288030003688,12.9737000004479,0 77.5287800003378,12.9733180002827,0 77.5287460003692,12.9728409998913,0 77.5286920000817,12.9728290000445,0 77.5286390003873,12.9728119996528,0 77.5286029996021,12.9727909996219,0 77.5285819996451,12.9727619998186,0 77.5285699999479,12.9727450001216,0 77.52849599955741,12.9725130002604,0 77.5283829996041,12.9722049995621,0 77.5282740002056,12.9719589998164,0 77.5282259995503,12.9718680002265,0 77.52820499989311,12.9718330003772,0 
						</coordinates>
					</LinearRing>
				</outerBoundaryIs>
			</Polygon>
		</Placemark>
	</Document>
	<Document>
		<name>Ward NO.126.kml</name>
		<StyleMap id="m_ylw-pushpin2">
			<Pair>
				<key>normal</key>
				<styleUrl>#s_ylw-pushpin2</styleUrl>
			</Pair>
			<Pair>
				<key>highlight</key>
				<styleUrl>#s_ylw-pushpin_hl2</styleUrl>
			</Pair>
		</StyleMap>
		<Style id="s_ylw-pushpin2">
			<IconStyle>
				<scale>1.1</scale>
				<Icon>
					<href>http://maps.google.com/mapfiles/kml/pushpin/ylw-pushpin.png</href>
				</Icon>
				<hotSpot x="20" y="2" xunits="pixels" yunits="pixels"/>
			</IconStyle>
			<LineStyle>
				<color>ffffff55</color>
				<width>3</width>
			</LineStyle>
			<PolyStyle>
				<fill>0</fill>
			</PolyStyle>
		</Style>
		<Style id="s_ylw-pushpin_hl2">
			<IconStyle>
				<scale>1.3</scale>
				<Icon>
					<href>http://maps.google.com/mapfiles/kml/pushpin/ylw-pushpin.png</href>
				</Icon>
				<hotSpot x="20" y="2" xunits="pixels" yunits="pixels"/>
			</IconStyle>
			<LineStyle>
				<color>ffffff55</color>
				<width>3</width>
			</LineStyle>
			<PolyStyle>
				<fill>0</fill>
			</PolyStyle>
		</Style>
		<Placemark>
			<name>Ward NO.126.kml</name>
			<styleUrl>#m_ylw-pushpin2</styleUrl>
			<Polygon>
				<tessellate>1</tessellate>
				<outerBoundaryIs>
					<LinearRing>
						<coordinates>
							77.5278929998006,12.9718540003942,0 77.52729299974629,12.9719460003711,0 77.52699600000609,12.9719899997809,0 77.52696199964871,12.9719919997468,0 77.5269430003348,12.9719800000384,0 77.5269330001381,12.9719550003945,0 77.5268500003326,12.9716320003643,0 77.5268170001103,12.9715060003175,0 77.5267779999065,12.9713520001415,0 77.52671499963,12.9710889999136,0 77.52667400027509,12.9709149998532,0 77.5266359995463,12.9707969998284,0 77.5266089999263,12.9707159996739,0 77.5265580001265,12.9706119996973,0 77.52650799968799,12.970541000371,0 77.5264470002714,12.9705060003307,0 77.5263820002063,12.9705149996611,0 77.52633900021731,12.9705240003339,0 77.52601800026309,12.9706059995615,0 77.52544199959971,12.9707529995783,0 77.5252749999526,12.970781999941,0 77.5251929995451,12.9707820000525,0 77.5251130002633,12.9707769998329,0 77.5250009996706,12.9707549995802,0 77.524983999908,12.9707360000061,0 77.5249609997923,12.9706799997771,0 77.52487700021589,12.9704830002325,0 77.52475399961391,12.9701909997971,0 77.5246809998409,12.9700190001463,0 77.5246599996362,12.9699690003364,0 77.5246580004532,12.969907000411,0 77.524649000214,12.9696450001924,0 77.52463500012,12.9694979999576,0 77.5246189997914,12.9693359996909,0 77.5246120001934,12.969252999932,0 77.52455700022981,12.9690329998133,0 77.5244609999515,12.9687529999316,0 77.5243989999167,12.9686140004395,0 77.52425299960829,12.9683080000721,0 77.52420199959489,12.9682030001141,0 77.5240990001347,12.9679940000538,0 77.523958999756,12.967726000257,0 77.5238580003651,12.9675440000899,0 77.5238089996337,12.9674229998478,0 77.5237559999679,12.9672820000968,0 77.52367599974281,12.9670739999454,0 77.523668000364,12.9670439997848,0 77.52360300017661,12.9668640002026,0 77.52358400020709,12.9668019997629,0 77.5235239999582,12.966523999946,0 77.5234939997386,12.9663699999942,0 77.52347399973971,12.966264999964,0 77.5234360000495,12.9660679996382,0 77.5234100001057,12.965965000262,0 77.5233189997534,12.965771000255,0 77.52330499965269,12.9657410004342,0 77.5232689996262,12.9656619995701,0 77.5232509998349,12.9655209998958,0 77.5232509998993,12.9655019997043,0 77.52324999986649,12.9654410000862,0 77.523289000327,12.9652699996477,0 77.52332800005421,12.9650950004141,0 77.5233499996922,12.9650240003087,0 77.52341499979821,12.9648140001974,0 77.5235270000225,12.9644849995821,0 77.5235709997998,12.9643480001283,0 77.52363100011409,12.9641039999479,0 77.5236410002158,12.9639730004445,0 77.5236330001527,12.9638170000187,0 77.5235919995546,12.9635179996268,0 77.52354599992221,12.9632150000872,0 77.52350600009299,12.9630730003507,0 77.5233960004267,12.9628239998025,0 77.52338499974169,12.9627989996442,0 77.5232820004306,12.9625540004064,0 77.5231410002748,12.9622470004112,0 77.52308799967111,12.9622259996212,0 77.52312600026541,12.9621959997887,0 77.52316800001481,12.9621960001047,0 77.5232510003826,12.9621720004083,0 77.52325100024279,12.9620899996159,0 77.5232499997016,12.9619739997081,0 77.5233179998641,12.9619009996983,0 77.52347999983201,12.9617280000388,0 77.52351999986981,12.9617219998094,0 77.52356100012901,12.9617200004258,0 77.5236709998329,12.9617150001522,0 77.5236800000157,12.9617149996215,0 77.5236859998396,12.9617150001739,0 77.5237369997762,12.9617129995755,0 77.5238369997754,12.961708000422,0 77.5239510002459,12.9617030000878,0 77.52402100010789,12.9617000002534,0 77.524095000137,12.9617089995764,0 77.5241940000778,12.9617319997931,0 77.5243079997779,12.9617599998142,0 77.5243539996122,12.9617720000254,0 77.5244170001623,12.9617870002315,0 77.5244520000727,12.9617949998904,0 77.5245419999233,12.9618170003679,0 77.5245710000254,12.9618250003805,0 77.52461100014879,12.9618349997053,0 77.52463699998179,12.9618409995958,0 77.5247439998017,12.9618630004391,0 77.5248119998093,12.9618769997784,0 77.52490199994929,12.9619130004353,0 77.52500299997121,12.9619349997352,0 77.5250320001477,12.9619420004424,0 77.5253960001194,12.9620220000919,0 77.52548600016441,12.9620419999083,0 77.5254990000941,12.9620449998062,0 77.5255439996206,12.9620560003072,0 77.525587999629,12.9620669996568,0 77.5256039998938,12.9620710004013,0 77.5256209996523,12.9620749995773,0 77.52570299992681,12.9620960002942,0 77.5257300001831,12.9621030004472,0 77.5257769996492,12.9621139995661,0 77.5258119995823,12.9621230000803,0 77.5258339996152,12.9621279996554,0 77.5258629997781,12.9621360004129,0 77.52599600031721,12.962169000295,0 77.5260009996578,12.9621699998111,0 77.52603500008961,12.9621790000544,0 77.526049000461,12.962182000151,0 77.5260979998487,12.9621939998242,0 77.52615899967719,12.9622090000153,0 77.5262240002204,12.9622259996074,0 77.5262700002218,12.9622370001987,0 77.5263140003218,12.9622470001657,0 77.52630300024551,12.9620279998291,0 77.52631899973061,12.961984999773,0 77.5267150004057,12.961981999639,0 77.5267520003493,12.9619890001836,0 77.5268039995954,12.9619899996653,0 77.5267949997624,12.9621640002798,0 77.5266549995535,12.9626590000828,0 77.52663800041449,12.9627520002196,0 77.5266999998706,12.9630429995519,0 77.526743000072,12.9631359999269,0 77.52676199993179,12.9633010001943,0 77.5267780002721,12.963561999742,0 77.5267789995623,12.9636379996606,0 77.5267790000122,12.9636499996536,0 77.52660999989401,12.9640469998409,0 77.52650599959949,12.9643909997297,0 77.52645099954211,12.9645719998876,0 77.5264360002019,12.9645980003494,0 77.52673899993169,12.9646210000626,0 77.5267359999484,12.9646580004216,0 77.5268830001806,12.9646810003862,0 77.5275190003502,12.9647440004328,0 77.5280120001735,12.9647839996455,0 77.5293430001323,12.964932999668,0 77.5294400000094,12.964946000169,0 77.5298640001989,12.9648360000316,0 77.530419000214,12.9646840003877,0 77.53062199970191,12.9646419996759,0 77.5308269999214,12.9646440003037,0 77.5311290001069,12.9646459996308,0 77.5314270003354,12.9646479995703,0 77.5314379996168,12.9646480000852,0 77.5317279998816,12.9646549996319,0 77.5317449999317,12.9646549995751,0 77.53201499974089,12.9646609998913,0 77.5320420004529,12.9646620002299,0 77.53217500040481,12.9646640001571,0 77.5323279998379,12.9646669997903,0 77.5325349997609,12.9646709997719,0 77.5329970004329,12.9647290000785,0 77.53302400021551,12.964730000322,0 77.5334229997126,12.9646740001791,0 77.53381799991431,12.9646209999812,0 77.5341599997742,12.9645759997198,0 77.5345019999574,12.9644630000132,0 77.5347520003463,12.9643640000093,0 77.535485000286,12.9659610002273,0 77.5355130004522,12.9660219999891,0 77.5362589997566,12.967440000084,0 77.5359040003905,12.9675499997356,0 77.5355150002147,12.9676609997886,0 77.5355039999135,12.9676639999117,0 77.5352040004057,12.9677469999891,0 77.53519599958931,12.967748999639,0 77.5349070001441,12.9678290002013,0 77.5348919998679,12.9678329996658,0 77.5345999997472,12.9679140003899,0 77.53453399959351,12.9679319999927,0 77.5344579995465,12.9679519997111,0 77.5342590003516,12.9680099996495,0 77.5339549996997,12.9681110002592,0 77.5336440001672,12.9682149995839,0 77.5333809999883,12.9683010001695,0 77.5332920001777,12.9683320003819,0 77.5332299996858,12.9683540001729,0 77.53292799987879,12.9684500002906,0 77.53263100019559,12.9685460002073,0 77.5325539996617,12.9685339999759,0 77.5323750001928,12.9685120000365,0 77.5321440003804,12.9684830000365,0 77.53150599963,12.968478999774,0 77.5314460001789,12.9684769996676,0 77.53057200033319,12.9686450004234,0 77.5305989995653,12.9687880000974,0 77.530636999788,12.9689500003503,0 77.53072099972761,12.9693570002608,0 77.5307819999467,12.9696500001717,0 77.5307619999232,12.969655000332,0 77.5303889998592,12.9697409996406,0 77.53000899986959,12.9698300001239,0 77.5297100002531,12.9699010002737,0 77.5293870004038,12.9699729996262,0 77.5291399998621,12.9700240001458,0 77.5289090000898,12.9700750002888,0 77.5289050003684,12.9700639995942,0 77.5288619998522,12.9699610002901,0 77.5288220003529,12.9699080000057,0 77.5287820000428,12.9698170003981,0 77.5285149996879,12.9699589995738,0 77.5282450000801,12.9701120004041,0 77.52790700038391,12.9703149998339,0 77.5278119999082,12.9703730002171,0 77.5278350000624,12.9704770000216,0 77.52790000034859,12.9707059996948,0 77.5279890000818,12.9710270002428,0 77.5281370001624,12.9715389995905,0 77.5282010002327,12.9717520000927,0 77.52820499989311,12.9718330003772,0 77.5281799996344,12.9718190000751,0 77.5281590001363,12.9718119998704,0 77.5278929998006,12.9718540003942,0 
						</coordinates>
					</LinearRing>
				</outerBoundaryIs>
			</Polygon>
		</Placemark>
	</Document>
	<Document>
		<name>Ward NO.127.kml</name>
		<StyleMap id="m_ylw-pushpin3">
			<Pair>
				<key>normal</key>
				<styleUrl>#s_ylw-pushpin3</styleUrl>
			</Pair>
			<Pair>
				<key>highlight</key>
				<styleUrl>#s_ylw-pushpin_hl3</styleUrl>
			</Pair>
		</StyleMap>
		<Style id="s_ylw-pushpin3">
			<IconStyle>
				<scale>1.1</scale>
				<Icon>
					<href>http://maps.google.com/mapfiles/kml/pushpin/ylw-pushpin.png</href>
				</Icon>
				<hotSpot x="20" y="2" xunits="pixels" yunits="pixels"/>
			</IconStyle>
			<LineStyle>
				<color>ffffff55</color>
				<width>3</width>
			</LineStyle>
			<PolyStyle>
				<fill>0</fill>
			</PolyStyle>
		</Style>
		<Style id="s_ylw-pushpin_hl3">
			<IconStyle>
				<scale>1.3</scale>
				<Icon>
					<href>http://maps.google.com/mapfiles/kml/pushpin/ylw-pushpin.png</href>
				</Icon>
				<hotSpot x="20" y="2" xunits="pixels" yunits="pixels"/>
			</IconStyle>
			<LineStyle>
				<color>ffffff55</color>
				<width>3</width>
			</LineStyle>
			<PolyStyle>
				<fill>0</fill>
			</PolyStyle>
		</Style>
		<Placemark>
			<name>Ward NO.127.kml</name>
			<styleUrl>#m_ylw-pushpin3</styleUrl>
			<Polygon>
				<tessellate>1</tessellate>
				<outerBoundaryIs>
					<LinearRing>
						<coordinates>
							77.52176799970709,12.9740950003981,0 77.5213069998231,12.9741980004093,0 77.5211950002962,12.974212999881,0 77.52072300031941,12.9742770001929,0 77.5204749999168,12.9743169996829,0 77.52053400009331,12.9745099996465,0 77.5202690002981,12.9745840000467,0 77.5199909998657,12.9746680003418,0 77.51973799958149,12.9747479996404,0 77.51942300026531,12.9748440001712,0 77.5191820002142,12.9749180001483,0 77.5189579999623,12.9750070002033,0 77.51883400002529,12.9750570002578,0 77.5183639998737,12.9752510002083,0 77.5182549999996,12.9752950001831,0 77.51825699998849,12.975295999943,0 77.5181660000444,12.9753339999077,0 77.5178770004553,12.9750579998262,0 77.5177500001119,12.9748939996017,0 77.5175210000419,12.9742699997383,0 77.51734799982459,12.9735800000025,0 77.5173250002555,12.9733219997939,0 77.5173700004146,12.9731810002356,0 77.5174779996737,12.9730900003919,0 77.5176050001207,12.9730460000976,0 77.5179119996633,12.9729700003895,0 77.5180330000246,12.9729229997084,0 77.51810100031901,12.9728550002074,0 77.5181290002887,12.9728080000546,0 77.5181460002301,12.9727240003545,0 77.5181110000742,12.9725730003854,0 77.5180439996515,12.9723779997905,0 77.51789400010129,12.9721329998124,0 77.5178719995465,12.9720419998302,0 77.517924000438,12.9717309999252,0 77.5180089997408,12.9715360004339,0 77.5182119998347,12.9712400001514,0 77.5184689999809,12.970945000223,0 77.5184989997242,12.9708569996262,0 77.518462000138,12.970714999659,0 77.5177970002962,12.969710000291,0 77.51759200019519,12.9694689996737,0 77.5175340001304,12.9693890000546,0 77.5175229997904,12.9693610000368,0 77.5174590003444,12.969260000052,0 77.5174560003307,12.9691900000586,0 77.51745199997271,12.9690930000982,0 77.5174240003836,12.9684410000239,0 77.5174500002383,12.9683549996911,0 77.51751900010559,12.9682500004073,0 77.5179719999892,12.9677540003636,0 77.5180610002122,12.9676510001874,0 77.5180740004599,12.9675239999914,0 77.51806100038139,12.967247999579,0 77.5179979998729,12.9670469996614,0 77.517937000356,12.966986999674,0 77.5175209997626,12.9666369995522,0 77.5174430002368,12.9664639998249,0 77.51741800016011,12.9661899999991,0 77.5174580002941,12.9660359999514,0 77.5175220004045,12.9659530001801,0 77.5176319998186,12.9658730003204,0 77.5177659998438,12.9657930003926,0 77.5182939997237,12.9654769995805,0 77.51834600018771,12.9653979998805,0 77.5183870002858,12.965332000249,0 77.5183759998479,12.9651279998752,0 77.5182760001468,12.9647470001267,0 77.5182090001823,12.964550999881,0 77.51815999956889,12.9643870002841,0 77.5180509997887,12.9642259998495,0 77.5178479995631,12.9640450004025,0 77.5176629996152,12.9639330000439,0 77.517537000034,12.9638470002406,0 77.5175060002498,12.9638209997035,0 77.5174580003824,12.9637220003761,0 77.5175040000113,12.9637159998775,0 77.51756199958309,12.9637080004262,0 77.5177369998642,12.963705000116,0 77.5177709996611,12.9636749998718,0 77.51862799975849,12.963611999659,0 77.51862300014589,12.9635759999628,0 77.51901300012349,12.9635209996654,0 77.5190230001792,12.963596000386,0 77.51906200043879,12.9635880002013,0 77.5192570002103,12.9635559995526,0 77.5192610002412,12.9635809999575,0 77.5194059999029,12.9635510001553,0 77.5196479997085,12.9634959996234,0 77.5196310003592,12.9633899995658,0 77.5202209996489,12.9632830001266,0 77.52032400011591,12.9637429999891,0 77.5204889997302,12.963691000358,0 77.5204660001975,12.96341300029,0 77.5207729998196,12.9633809998327,0 77.5207900000439,12.963379000198,0 77.5208030000321,12.9633530003638,0 77.52081299987169,12.9633230000592,0 77.52081700038261,12.9632700001009,0 77.5208010003592,12.9631019999131,0 77.5207809999732,12.9629129999828,0 77.5207030003011,12.9623070003722,0 77.52063700006219,12.9617989998978,0 77.5206689997226,12.9617339997777,0 77.520731000458,12.9617810001924,0 77.5207619997414,12.9618000001589,0 77.5208389998273,12.9618009999487,0 77.5213450004278,12.9617699999445,0 77.5215180002659,12.9617600002675,0 77.5216110002735,12.961754000052,0 77.5218639998257,12.9617399996724,0 77.5219999996353,12.9617389999682,0 77.5220509997427,12.9617510000421,0 77.5221560000511,12.9618110001098,0 77.5222600000518,12.9619009999723,0 77.5223409999199,12.961981999939,0 77.5223519995499,12.9619910004312,0 77.5224009999809,12.9620309997075,0 77.5224310003442,12.9620580004171,0 77.5224709996793,12.9620820004293,0 77.52277399978659,12.9621660002598,0 77.52308799967111,12.9622259996212,0 77.5231410002748,12.9622470004112,0 77.5232820004306,12.9625540004064,0 77.52338499974169,12.9627989996442,0 77.5233960004267,12.9628239998025,0 77.52350600009299,12.9630730003507,0 77.52354599992221,12.9632150000872,0 77.5235919995546,12.9635179996268,0 77.5236330001527,12.9638170000187,0 77.5236410002158,12.9639730004445,0 77.52363100011409,12.9641039999479,0 77.5235709997998,12.9643480001283,0 77.5235270000225,12.9644849995821,0 77.52341499979821,12.9648140001974,0 77.5233499996922,12.9650240003087,0 77.52332800005421,12.9650950004141,0 77.523289000327,12.9652699996477,0 77.52324999986649,12.9654410000862,0 77.5232509998993,12.9655019997043,0 77.5232509998349,12.9655209998958,0 77.5232689996262,12.9656619995701,0 77.52330499965269,12.9657410004342,0 77.5233189997534,12.965771000255,0 77.5234100001057,12.965965000262,0 77.5234360000495,12.9660679996382,0 77.52347399973971,12.966264999964,0 77.5234939997386,12.9663699999942,0 77.5235239999582,12.966523999946,0 77.52358400020709,12.9668019997629,0 77.52360300017661,12.9668640002026,0 77.523668000364,12.9670439997848,0 77.52367599974281,12.9670739999454,0 77.5237559999679,12.9672820000968,0 77.5238089996337,12.9674229998478,0 77.5238580003651,12.9675440000899,0 77.523958999756,12.967726000257,0 77.5240990001347,12.9679940000538,0 77.52420199959489,12.9682030001141,0 77.52425299960829,12.9683080000721,0 77.5243989999167,12.9686140004395,0 77.5244609999515,12.9687529999316,0 77.52455700022981,12.9690329998133,0 77.5246120001934,12.969252999932,0 77.5246189997914,12.9693359996909,0 77.52463500012,12.9694979999576,0 77.524649000214,12.9696450001924,0 77.5246580004532,12.969907000411,0 77.5246599996362,12.9699690003364,0 77.5246809998409,12.9700190001463,0 77.52475399961391,12.9701909997971,0 77.52487700021589,12.9704830002325,0 77.5249609997923,12.9706799997771,0 77.524983999908,12.9707360000061,0 77.5250009996706,12.9707549995802,0 77.5251130002633,12.9707769998329,0 77.5251929995451,12.9707820000525,0 77.5252749999526,12.970781999941,0 77.52544199959971,12.9707529995783,0 77.52601800026309,12.9706059995615,0 77.52633900021731,12.9705240003339,0 77.5263820002063,12.9705149996611,0 77.5264470002714,12.9705060003307,0 77.52650799968799,12.970541000371,0 77.5265580001265,12.9706119996973,0 77.5266089999263,12.9707159996739,0 77.5266359995463,12.9707969998284,0 77.52667400027509,12.9709149998532,0 77.52671499963,12.9710889999136,0 77.5267779999065,12.9713520001415,0 77.5268170001103,12.9715060003175,0 77.5268500003326,12.9716320003643,0 77.5269330001381,12.9719550003945,0 77.5269430003348,12.9719800000384,0 77.52696199964871,12.9719919997468,0 77.52699600000609,12.9719899997809,0 77.52729299974629,12.9719460003711,0 77.5278929998006,12.9718540003942,0 77.5281590001363,12.9718119998704,0 77.5281799996344,12.9718190000751,0 77.52820499989311,12.9718330003772,0 77.5282259995503,12.9718680002265,0 77.5282740002056,12.9719589998164,0 77.5283829996041,12.9722049995621,0 77.52849599955741,12.9725130002604,0 77.5285699999479,12.9727450001216,0 77.52855600020951,12.972802000144,0 77.528551999714,12.9728200001526,0 77.52856900034109,12.9731159998985,0 77.52859000020889,12.9735250001131,0 77.5280170000301,12.9735280003891,0 77.52707899983309,12.9735449996769,0 77.52707800033789,12.9735130000864,0 77.5263250003235,12.9735220001323,0 77.5263259999241,12.9735479997445,0 77.526327000268,12.9736069997842,0 77.5263279999438,12.9736309999987,0 77.5259699995776,12.973691000006,0 77.52555799971211,12.9737559998031,0 77.5254649996937,12.9733530001972,0 77.52546100026559,12.9733360003344,0 77.52523400003069,12.9733850002766,0 77.525062000308,12.9734279999737,0 77.5250520000716,12.9734299997959,0 77.5247499997529,12.9735030002498,0 77.52435599963501,12.9736169997627,0 77.5238719996464,12.9737660002369,0 77.523508999667,12.9738769999505,0 77.52337400046351,12.9739160003744,0 77.52323700024159,12.973955000274,0 77.5232059996934,12.973963999766,0 77.522953999732,12.974037000166,0 77.5226330000264,12.974139000117,0 77.5226000000648,12.9741529998261,0 77.5225910000388,12.9741210000289,0 77.52245599969621,12.9741569995749,0 77.52236899996601,12.9741809996472,0 77.5223300000567,12.9741909999916,0 77.52223399974061,12.9739340000918,0 77.52176799970709,12.9740950003981,0 
						</coordinates>
					</LinearRing>
				</outerBoundaryIs>
			</Polygon>
		</Placemark>
	</Document>
	<Document>
		<name>Ward NO.128.kml</name>
		<StyleMap id="m_ylw-pushpin4">
			<Pair>
				<key>normal</key>
				<styleUrl>#s_ylw-pushpin4</styleUrl>
			</Pair>
			<Pair>
				<key>highlight</key>
				<styleUrl>#s_ylw-pushpin_hl4</styleUrl>
			</Pair>
		</StyleMap>
		<Style id="s_ylw-pushpin4">
			<IconStyle>
				<scale>1.1</scale>
				<Icon>
					<href>http://maps.google.com/mapfiles/kml/pushpin/ylw-pushpin.png</href>
				</Icon>
				<hotSpot x="20" y="2" xunits="pixels" yunits="pixels"/>
			</IconStyle>
			<LineStyle>
				<color>ffffff55</color>
				<width>3</width>
			</LineStyle>
			<PolyStyle>
				<fill>0</fill>
			</PolyStyle>
		</Style>
		<Style id="s_ylw-pushpin_hl4">
			<IconStyle>
				<scale>1.3</scale>
				<Icon>
					<href>http://maps.google.com/mapfiles/kml/pushpin/ylw-pushpin.png</href>
				</Icon>
				<hotSpot x="20" y="2" xunits="pixels" yunits="pixels"/>
			</IconStyle>
			<LineStyle>
				<color>ffffff55</color>
				<width>3</width>
			</LineStyle>
			<PolyStyle>
				<fill>0</fill>
			</PolyStyle>
		</Style>
		<Placemark>
			<name>Ward NO.128.kml</name>
			<styleUrl>#m_ylw-pushpin4</styleUrl>
			<Polygon>
				<tessellate>1</tessellate>
				<outerBoundaryIs>
					<LinearRing>
						<coordinates>
							77.52081299987169,12.9633230000592,0 77.5208030000321,12.9633530003638,0 77.5207900000439,12.963379000198,0 77.5207729998196,12.9633809998327,0 77.5204660001975,12.96341300029,0 77.5204889997302,12.963691000358,0 77.52032400011591,12.9637429999891,0 77.5202209996489,12.9632830001266,0 77.5196310003592,12.9633899995658,0 77.5196479997085,12.9634959996234,0 77.5194059999029,12.9635510001553,0 77.5192610002412,12.9635809999575,0 77.5192570002103,12.9635559995526,0 77.51906200043879,12.9635880002013,0 77.5190230001792,12.963596000386,0 77.51901300012349,12.9635209996654,0 77.51862300014589,12.9635759999628,0 77.51862799975849,12.963611999659,0 77.5177709996611,12.9636749998718,0 77.5177369998642,12.963705000116,0 77.51756199958309,12.9637080004262,0 77.5175040000113,12.9637159998775,0 77.5174580003824,12.9637220003761,0 77.5174579999083,12.9636680000423,0 77.517450000369,12.9632680002219,0 77.5176180001863,12.9627569998625,0 77.5176909999423,12.9623120000387,0 77.5176299996878,12.9620770003193,0 77.51756199994151,12.9620120000692,0 77.51676299970831,12.9619439998694,0 77.516243000166,12.9619579999731,0 77.5160599995788,12.9619130001586,0 77.51596299997421,12.9618099999812,0 77.5159130004205,12.9616879996142,0 77.5158769998185,12.960922999878,0 77.5157560004304,12.9604339996691,0 77.5156380001693,12.9601050001757,0 77.5155079995543,12.9600209999466,0 77.5153220002108,12.9597240001011,0 77.5153099995762,12.9596730004528,0 77.51529499972391,12.9596089997121,0 77.51509100039679,12.9593360002385,0 77.5148649999811,12.9588749997692,0 77.5148050002483,12.9586119999714,0 77.5147249995928,12.9583290004122,0 77.5146840001461,12.9580839996641,0 77.51462500032,12.9579619998828,0 77.514528000293,12.9578690003718,0 77.5144500001271,12.9577749996626,0 77.51436300025669,12.9577759997812,0 77.5141339999837,12.9579479998105,0 77.51358799967331,12.9582270002216,0 77.5132720000981,12.958343000326,0 77.5130120001331,12.9585699995628,0 77.5128709995935,12.9586680002621,0 77.51277499997261,12.9587629997548,0 77.5126609999071,12.9588680001885,0 77.51249900017559,12.9590400002651,0 77.5124229995609,12.959154000349,0 77.5122120000452,12.9592309998532,0 77.5120500004092,12.9593060003975,0 77.5119789999587,12.9593190000445,0 77.51196599970871,12.9593210002237,0 77.5118789996521,12.9593260002504,0 77.51180600027379,12.9593110001751,0 77.5117140001371,12.959269000161,0 77.5116929998044,12.959167000222,0 77.51176500043159,12.9587269999216,0 77.5120149996775,12.9585519999643,0 77.5120339995749,12.9584700004004,0 77.5119239999261,12.957529999655,0 77.5118530003419,12.9569189998156,0 77.511847000329,12.9568420001142,0 77.5117840003774,12.9558609997554,0 77.51198100013529,12.9552280004264,0 77.5121410003439,12.9548260004063,0 77.5121319999178,12.954653999892,0 77.5119490003534,12.9543579998928,0 77.5114629999965,12.9537819999246,0 77.5112680004425,12.9534470001719,0 77.51121099973351,12.9529650001678,0 77.5112230004251,12.9525920002688,0 77.51140700040069,12.9521239998797,0 77.5114670004519,12.9517710003138,0 77.5113709999271,12.9514029999417,0 77.5111390000438,12.950945999657,0 77.5110029997425,12.9501829997968,0 77.511065000069,12.9499710002301,0 77.51180700026489,12.9492870003349,0 77.5118330000039,12.9492639998162,0 77.5118890000913,12.9493440004389,0 77.5124139997514,12.9498490002187,0 77.5125539996766,12.9498699995531,0 77.5127999996199,12.9498470001664,0 77.5135150004174,12.9497299998316,0 77.51397799965859,12.9498069995968,0 77.51433700015571,12.9500119999946,0 77.51491199999229,12.950434000092,0 77.5153150002982,12.9508870001986,0 77.51573199998749,12.9515909998349,0 77.516170999765,12.9523279997664,0 77.5165069998562,12.9528879998867,0 77.51716599970089,12.9540740003246,0 77.51758099954721,12.954529999734,0 77.5179989997412,12.9549820001866,0 77.5182650002608,12.9552590002806,0 77.51837100007521,12.9554120002174,0 77.51842500006489,12.9556449996493,0 77.5184480000369,12.9558120003248,0 77.518499999987,12.9557910000547,0 77.5190810003929,12.9555510001691,0 77.51905000004589,12.9554619997524,0 77.5190319999043,12.9554040003835,0 77.51900200001241,12.9553150002144,0 77.5189809999742,12.9552520001638,0 77.51895099982011,12.955154999637,0 77.51892799993649,12.9550679998099,0 77.51889599997401,12.9549470004032,0 77.51886999999741,12.9548580003579,0 77.5188449996578,12.9547200001383,0 77.5188439995638,12.954716000151,0 77.51899600035441,12.9546809998044,0 77.5194540004353,12.9545759997275,0 77.519690999647,12.9545260001037,0 77.5197669998184,12.9541939999496,0 77.52003100005309,12.9534600000751,0 77.52012500044199,12.9532150001211,0 77.5203999998526,12.9525800004088,0 77.52056799992231,12.9522649998359,0 77.5207940004402,12.9519230001905,0 77.52096700006371,12.9517200001238,0 77.52116999967861,12.9514839999382,0 77.52145299970149,12.9511170000404,0 77.5214699996431,12.9510939999674,0 77.5217340000091,12.9507500003561,0 77.52175200042851,12.9507250002165,0 77.521935000079,12.9504749995986,0 77.5220049996974,12.95037799988,0 77.52225699970769,12.9500320002064,0 77.52250099986681,12.949697000055,0 77.5226960001455,12.949429999586,0 77.5227760001538,12.9494459998285,0 77.5228179999387,12.9494550001527,0 77.5231000000453,12.9495650000683,0 77.5231150002605,12.9495789996904,0 77.5232580002687,12.949568999961,0 77.52383300019859,12.9495300002773,0 77.5239490003372,12.9495129995725,0 77.5241050000391,12.9494810001749,0 77.5243299995754,12.9494280001742,0 77.52455100010761,12.9493770002041,0 77.524556000019,12.9493949996758,0 77.5245550000583,12.9494660003376,0 77.52442700028961,12.9495099997399,0 77.5242549998038,12.9495620002235,0 77.52414799967779,12.9495899995693,0 77.5241140003611,12.9496080001739,0 77.5241019997319,12.949634000267,0 77.5240969996497,12.9498619995941,0 77.52410100038681,12.9503790002105,0 77.5241040004184,12.9507969998732,0 77.52411799993671,12.9509420002426,0 77.5241879996592,12.9515759998264,0 77.52419099975251,12.951610000346,0 77.52418000000731,12.9516109995813,0 77.5242009995977,12.952055999635,0 77.5245359998858,12.952054999823,0 77.5248150003958,12.9520689999103,0 77.52516800026279,12.9520839997997,0 77.5254659997385,12.9520999995951,0 77.52548200043429,12.9522390001934,0 77.52548500027839,12.9522640002028,0 77.5255020001072,12.9524100003018,0 77.52550400003619,12.9524259996034,0 77.5255140001744,12.9525150001829,0 77.52551899975779,12.9525600001009,0 77.5255300002749,12.9526670000357,0 77.5255480000975,12.9528399999438,0 77.52556300020311,12.9529860004387,0 77.5258069995492,12.952968999685,0 77.5260000000826,12.9529309995646,0 77.5261740002835,12.9528959997471,0 77.5262069997483,12.9528900004013,0 77.5263910001553,12.9528539999725,0 77.5265610003773,12.9528210001675,0 77.5266870001884,12.9527999997828,0 77.5270180001275,12.9527419997014,0 77.5272600002242,12.952698999568,0 77.5273249997434,12.9526819996209,0 77.5273670003392,12.9528900001388,0 77.52737499969901,12.9529330003644,0 77.5274049995937,12.9530950001639,0 77.5274619997972,12.9533039997822,0 77.5275339997802,12.9535300000069,0 77.52756800013771,12.9536389999343,0 77.52763700005831,12.953866000448,0 77.5276969997267,12.9540619995923,0 77.527846000446,12.9544860002524,0 77.5279560003747,12.9548340002136,0 77.5280849999475,12.9552519995795,0 77.528320999641,12.955982999694,0 77.52862299987891,12.9569239996099,0 77.5284080001383,12.9571080000015,0 77.5281419997566,12.9573080000696,0 77.52804500013811,12.957366000152,0 77.52774799976351,12.957555000212,0 77.527546999622,12.9576789997156,0 77.5270079998275,12.9579570000068,0 77.52633899990801,12.9583000004235,0 77.5258279997712,12.9585340004317,0 77.52580600032429,12.9585430002026,0 77.52554400035859,12.9586500004275,0 77.5254820000257,12.9586750003402,0 77.52530400018961,12.9587549999447,0 77.52520900037131,12.9587880003763,0 77.5248820004562,12.9588910001677,0 77.52471599986259,12.9589319999934,0 77.52454700040479,12.9589609998724,0 77.52426699981091,12.9590019999461,0 77.5241790000662,12.9590140003388,0 77.52415399955849,12.9590170001625,0 77.5239220004183,12.95905899991,0 77.5236730003339,12.95908700041,0 77.5236409995756,12.9590910004392,0 77.5230409997104,12.9591589999803,0 77.5227999998733,12.9591869998403,0 77.5226489999197,12.9592019999583,0 77.52231700004511,12.9592339999961,0 77.52169400041259,12.9593000004375,0 77.52059100033109,12.9594819998272,0 77.5203510001721,12.9595200002279,0 77.5196120002947,12.9596320003479,0 77.5193669999566,12.9596750002758,0 77.51942899993951,12.9597730000531,0 77.5194829999301,12.9598240003494,0 77.5195800003892,12.9599060003472,0 77.5202640000217,12.960331999944,0 77.5203089999502,12.9603719996165,0 77.5203450003627,12.9604299997596,0 77.5203599996053,12.9605089995929,0 77.52037000007979,12.9606339998416,0 77.5203889995549,12.9608179997976,0 77.5203979999375,12.9608700002155,0 77.5204140000621,12.9609569997158,0 77.5205029998413,12.9612309998305,0 77.52050999969229,12.9612510001966,0 77.5205580002622,12.9614439998424,0 77.5205789995844,12.9615079997435,0 77.5206359997099,12.9616850000744,0 77.5206689997226,12.9617339997777,0 77.52063700006219,12.9617989998978,0 77.5207030003011,12.9623070003722,0 77.5207809999732,12.9629129999828,0 77.5208010003592,12.9631019999131,0 77.52081700038261,12.9632700001009,0 77.52081299987169,12.9633230000592,0 
						</coordinates>
					</LinearRing>
				</outerBoundaryIs>
			</Polygon>
		</Placemark>
	</Document>
	<Document>
		<name>Ward NO.129.kml</name>
		<StyleMap id="m_ylw-pushpin5">
			<Pair>
				<key>normal</key>
				<styleUrl>#s_ylw-pushpin5</styleUrl>
			</Pair>
			<Pair>
				<key>highlight</key>
				<styleUrl>#s_ylw-pushpin_hl5</styleUrl>
			</Pair>
		</StyleMap>
		<Style id="s_ylw-pushpin5">
			<IconStyle>
				<scale>1.1</scale>
				<Icon>
					<href>http://maps.google.com/mapfiles/kml/pushpin/ylw-pushpin.png</href>
				</Icon>
				<hotSpot x="20" y="2" xunits="pixels" yunits="pixels"/>
			</IconStyle>
			<LineStyle>
				<color>ffffff55</color>
				<width>3</width>
			</LineStyle>
			<PolyStyle>
				<fill>0</fill>
			</PolyStyle>
		</Style>
		<Style id="s_ylw-pushpin_hl5">
			<IconStyle>
				<scale>1.3</scale>
				<Icon>
					<href>http://maps.google.com/mapfiles/kml/pushpin/ylw-pushpin.png</href>
				</Icon>
				<hotSpot x="20" y="2" xunits="pixels" yunits="pixels"/>
			</IconStyle>
			<LineStyle>
				<color>ffffff55</color>
				<width>3</width>
			</LineStyle>
			<PolyStyle>
				<fill>0</fill>
			</PolyStyle>
		</Style>
		<Placemark>
			<name>Ward NO.129.kml</name>
			<styleUrl>#m_ylw-pushpin5</styleUrl>
			<Polygon>
				<tessellate>1</tessellate>
				<outerBoundaryIs>
					<LinearRing>
						<coordinates>
							77.5086589997856,12.9888160000742,0 77.5085830001651,12.9888780004197,0 77.5084399998611,12.9889269996295,0 77.50818800033019,12.9889659997271,0 77.5079320002276,12.9890060004306,0 77.50763400021241,12.9890519998259,0 77.5075499996361,12.9890649996442,0 77.5072580004083,12.9891440002732,0 77.50695699984909,12.9892210004127,0 77.5066539997966,12.9893070002125,0 77.5064380004024,12.9893680000515,0 77.50640499955909,12.989378000258,0 77.5059810004277,12.9895510001195,0 77.50583200027791,12.9895999999065,0 77.5057659997909,12.9896160004186,0 77.5053529996291,12.9898209997215,0 77.50477699977981,12.9900799998492,0 77.5046289997571,12.9901439999866,0 77.50449799965089,12.9901680003355,0 77.50420899994759,12.9901819998654,0 77.50403299960171,12.9901800003828,0 77.50378100017819,12.9901690000365,0 77.5035610002717,12.9901490003448,0 77.5033500000538,12.9901110002035,0 77.50317799999721,12.9900769996623,0 77.502905000121,12.9900160001029,0 77.50236000025259,12.9898390002797,0 77.5023009999634,12.9898199999051,0 77.5022730001396,12.9898109997985,0 77.5020480002796,12.9897299997467,0 77.5020070002691,12.9897160002174,0 77.5017689999859,12.989633000096,0 77.50173799992329,12.9896200001466,0 77.5015930001273,12.9895589995609,0 77.5015330003037,12.9895399995803,0 77.5012520003812,12.9894260003671,0 77.50092700042561,12.9893019999121,0 77.5000720002075,12.9889410001464,0 77.4999050001226,12.9889000003249,0 77.4993430002839,12.988876000118,0 77.4990560000181,12.9888760001103,0 77.4985139996695,12.9888550004442,0 77.4984569999296,12.9888500002895,0 77.4980790002471,12.9887899996047,0 77.4974029998598,12.9886350003293,0 77.4974169998632,12.9886379999667,0 77.4974010003524,12.988629999732,0 77.4971149999904,12.9885480002249,0 77.4957630000364,12.9881840004497,0 77.49540000035979,12.9880869996533,0 77.49452899982811,12.9878410001529,0 77.4938969999185,12.987671000425,0 77.4931900000385,12.9874799995561,0 77.4931529997296,12.987380000398,0 77.4930769998757,12.9869979998218,0 77.49310399956531,12.9869599998267,0 77.4939360002334,12.9867090003091,0 77.493898999967,12.9865660002247,0 77.4935520001692,12.986668999994,0 77.4934940003519,12.9865450004233,0 77.49301500017209,12.9867250001765,0 77.4929480004625,12.9862780003973,0 77.4928999998555,12.9861029997943,0 77.4927649999229,12.985966000125,0 77.49247300035719,12.9857960000021,0 77.49159400009481,12.9854450002799,0 77.4910790002312,12.9851540004027,0 77.4910310000989,12.9850079996971,0 77.4910139995589,12.9847839999572,0 77.4909589997077,12.9846420001518,0 77.4904359997884,12.9846990003612,0 77.4904349996777,12.9846309999063,0 77.4902009996228,12.9846340004353,0 77.49020000008861,12.9844979998499,0 77.4901990001626,12.9843589996472,0 77.490198000353,12.9843059999848,0 77.4901140001337,12.984304000449,0 77.4901130000307,12.9841879997329,0 77.49011200028581,12.984069999567,0 77.49011100044039,12.9840119999314,0 77.4900590004461,12.9838899998547,0 77.49000399992021,12.9837620003551,0 77.48997899983409,12.9837050004515,0 77.4899380003819,12.9836099999302,0 77.48989000011269,12.9834980002562,0 77.4897790002737,12.9834959999385,0 77.48967100021029,12.9834939997471,0 77.4896760000257,12.9832020001862,0 77.4896759997638,12.983027999583,0 77.4897900000431,12.9830250001776,0 77.4898739996181,12.9830230001038,0 77.48995699956519,12.9830209996416,0 77.49004100022761,12.9830180002325,0 77.49012499978301,12.9830160000782,0 77.4902090002531,12.9830139998881,0 77.4902929997955,12.98301199968,0 77.4904379998912,12.9830050004049,0 77.49050299977959,12.9829839999915,0 77.4905500002006,12.9829570002471,0 77.49063099980221,12.9828960003343,0 77.49068899963829,12.9828309996715,0 77.4907050003218,12.9827689999684,0 77.4907130003853,12.982707000142,0 77.49071700045199,12.9826539995595,0 77.4906969997399,12.9825840001507,0 77.4906939998241,12.9825740000533,0 77.4906670004296,12.9825229996431,0 77.4906119999869,12.9824169995784,0 77.4905900002891,12.9823730003476,0 77.49052700003701,12.9823059996847,0 77.49051100040511,12.9822590002482,0 77.49046300037941,12.9821140003354,0 77.4904179995652,12.9819780003395,0 77.4904080002692,12.9819479996656,0 77.4903669996077,12.981823999554,0 77.49031399971111,12.981840999859,0 77.49026199959209,12.9818570003393,0 77.49020899966879,12.9818739997219,0 77.4901559999159,12.9818899998222,0 77.49010399960051,12.9819070004507,0 77.49005099965041,12.9819239998049,0 77.4899990004096,12.9819400002298,0 77.4899339999604,12.9819600003094,0 77.48967400013851,12.9820120000838,0 77.4895989996316,12.9820330002816,0 77.48951500038611,12.9820560002678,0 77.489431000026,12.9820800004152,0 77.48933600019591,12.9821040001792,0 77.4892489996257,12.982124999571,0 77.4891539995433,12.9821450003826,0 77.4890749997264,12.9819770001897,0 77.4891509998191,12.9819459996552,0 77.4891170001986,12.981871999683,0 77.4890720000636,12.9817730003779,0 77.48902600034459,12.9816739997886,0 77.48917900015491,12.9816109998509,0 77.4891449996699,12.9815369998828,0 77.4890989999944,12.9814380002055,0 77.4890539999676,12.9813389999755,0 77.48912999989371,12.9813080003838,0 77.4890960004014,12.9812340003887,0 77.48905100042769,12.9811350001499,0 77.4890049999692,12.9810360004419,0 77.4891580003387,12.9809729996714,0 77.48913099994429,12.9809149996018,0 77.4890860000482,12.9808160002623,0 77.4890399996505,12.9807169996468,0 77.4889949998379,12.9806180002772,0 77.4889490002694,12.9805199997995,0 77.48887299962,12.9805510002128,0 77.4888270002985,12.9804520004282,0 77.4887509996374,12.9804829999015,0 77.4887290001892,12.9804919997905,0 77.4886999999753,12.980427999671,0 77.4884300000999,12.9798290000015,0 77.48837299980531,12.979689999868,0 77.4883190001683,12.9797139996726,0 77.4882720003214,12.9795969998047,0 77.4882400000467,12.9795209999945,0 77.48820900031561,12.9794449996349,0 77.48817799987521,12.9793680000021,0 77.488153000061,12.9793099995812,0 77.4882040000323,12.9789920002538,0 77.48827800001369,12.9787750000558,0 77.4884619998242,12.978474000121,0 77.48843099958491,12.978437000316,0 77.4886050001823,12.9782940000643,0 77.48910999972171,12.977837000365,0 77.4891789996401,12.9778830001525,0 77.4892469998033,12.9779299997264,0 77.48931599959219,12.9779769996452,0 77.4893850003354,12.9780240004353,0 77.4894540001726,12.9780710003077,0 77.4895230002098,12.9781169999799,0 77.4895920000951,12.9781639998059,0 77.4896610000045,12.9782109996088,0 77.48970700002199,12.9782420000078,0 77.4897280000049,12.978257000296,0 77.4897969997874,12.9783050002298,0 77.48986499999209,12.9783529997753,0 77.48992899959489,12.9783980000458,0 77.4900009995626,12.9784489997104,0 77.4900690000231,12.9784959999146,0 77.4901370003345,12.9785440002728,0 77.4901699996871,12.9785669999164,0 77.4902539999546,12.9785839996756,0 77.4903490000921,12.9786030000938,0 77.490368000088,12.9786070003889,0 77.49043699999019,12.9786130000076,0 77.4905210001662,12.978619999737,0 77.49060399982631,12.9786269999886,0 77.4906880000016,12.9786339996622,0 77.49077099966109,12.9786409998587,0 77.4908549998446,12.97864800038,0 77.4909380004156,12.9786549996091,0 77.4910219996773,12.9786620000835,0 77.4911050000875,12.9786700003368,0 77.4911890002611,12.9786769998432,0 77.49128799979459,12.9786850003177,0 77.491444999945,12.9786989997957,0 77.49151199973571,12.9787050002177,0 77.49159500031379,12.9787120001335,0 77.4916789995734,12.9787190003885,0 77.49176199998431,12.9787270004245,0 77.4918460001557,12.9787339997115,0 77.4919289998206,12.9787410004292,0 77.4920129998258,12.9787489998356,0 77.49202300005589,12.978640999982,0 77.49309500021469,12.978735000017,0 77.49309999990371,12.9786850003529,0 77.4931049997447,12.9786339996111,0 77.49313799981449,12.9786369998837,0 77.49317100031359,12.9783089998976,0 77.49320900012179,12.9782330000152,0 77.4932760002234,12.9781849997036,0 77.49337100027471,12.9781809995498,0 77.4934710002115,12.9781880002874,0 77.4934830002735,12.9777820003615,0 77.4934839999471,12.977736000003,0 77.4935340004134,12.9772609995754,0 77.4936320000734,12.9768229996589,0 77.4937019999914,12.9767829999299,0 77.49383200024199,12.9767709996382,0 77.4939420002889,12.9763650003575,0 77.49394100010549,12.9762830003376,0 77.4939449996772,12.9762239996937,0 77.4940879998119,12.9761660004317,0 77.4941409997404,12.9761449998143,0 77.4942209996601,12.9761120001405,0 77.49429399995471,12.9760829996138,0 77.49430000040159,12.9760819997047,0 77.4943449998428,12.9760730001622,0 77.4943830001645,12.9760650001652,0 77.4944369998741,12.9760539997556,0 77.49450699973841,12.9760409999923,0 77.4945619999439,12.9760299998986,0 77.4946100001187,12.9760200002651,0 77.4947080003782,12.9760010000273,0 77.4947380004205,12.9759979998971,0 77.4947889996231,12.9759920001542,0 77.4948820003611,12.975976999721,0 77.4949539999386,12.9759659999742,0 77.4950360001465,12.9759479997206,0 77.4950540003824,12.9759460001269,0 77.4951650003637,12.9759350001383,0 77.4952069995668,12.9759289999451,0 77.4952909996512,12.9759179996948,0 77.4953799996558,12.9759060000529,0 77.495341000343,12.9758279995514,0 77.4953169998218,12.9757829998999,0 77.4953129996578,12.9757770002155,0 77.4953119996204,12.9757740002631,0 77.4952610001815,12.9756760003401,0 77.4952120002466,12.9755819999685,0 77.4951810002762,12.9755230000085,0 77.49512800041209,12.9754219997476,0 77.4950749998401,12.9753200002065,0 77.49504399994321,12.9752610002174,0 77.49495699978731,12.9750949996501,0 77.49494299982619,12.975055999884,0 77.4949170004182,12.9749869998655,0 77.49487800019691,12.9748820000323,0 77.49487700032699,12.9748779999032,0 77.4948460002267,12.9747919997521,0 77.4948200001209,12.9747219995483,0 77.4947469999107,12.9745219996369,0 77.4947430000144,12.9743989997007,0 77.49474299971391,12.97437199958,0 77.49485100030699,12.9743609997047,0 77.4945909997253,12.9736100003004,0 77.4945759999822,12.9735390000535,0 77.4945369998526,12.9732820001375,0 77.49453700008461,12.9732520003932,0 77.4945480001588,12.972897000028,0 77.4948790000866,12.9728279997972,0 77.494674000261,12.9718269996425,0 77.4968379998201,12.971369999905,0 77.4967779999472,12.9710950003699,0 77.4967060000002,12.9707660001416,0 77.4966440001904,12.9704809999328,0 77.49652999975351,12.9699569998255,0 77.49677399978449,12.9700860002174,0 77.4970019999877,12.9701589998074,0 77.4971039996352,12.9701820003815,0 77.49733500012979,12.9702029999329,0 77.4977209997443,12.9702310002799,0 77.4980140000184,12.9702439997368,0 77.49805200006951,12.9702429996602,0 77.4981190004397,12.9702410000869,0 77.4981310000765,12.9702390001566,0 77.49824400044869,12.9702250003661,0 77.4983939995934,12.970184000188,0 77.498430999551,12.970174000005,0 77.4984039997527,12.9701469999601,0 77.498044999946,12.9697839997459,0 77.4980309996667,12.9697839995672,0 77.49794499998021,12.9697890004451,0 77.4977680004251,12.9693570002377,0 77.49747200040269,12.96851299959,0 77.49738199979829,12.9683880001953,0 77.4971450000893,12.9681219999132,0 77.49671100040921,12.9676869997926,0 77.49684600034951,12.9676420003184,0 77.4972119996945,12.9674779995711,0 77.4969199996162,12.9666090000019,0 77.49675999978589,12.9666760000341,0 77.4967139999098,12.9666260001082,0 77.496428000265,12.9658669995854,0 77.4963619996585,12.9655799999552,0 77.4963839997836,12.9653489995909,0 77.4964309995424,12.9651869998023,0 77.49651800016321,12.9650660000405,0 77.4966270000446,12.9650420000581,0 77.4966830002078,12.9650300001134,0 77.49675399965609,12.9649789995537,0 77.4969209995415,12.9648850002016,0 77.49694099960961,12.9647679997115,0 77.4967949998417,12.964499000196,0 77.49662999975629,12.9643699998914,0 77.49648100026771,12.9643820002181,0 77.4963279996247,12.9642520000444,0 77.49623500003391,12.9641730003726,0 77.49599000042861,12.9638520003064,0 77.4959709997424,12.9638310000403,0 77.49576700038671,12.9635260003867,0 77.4955700004452,12.9630570000209,0 77.49547799956849,12.9628200002292,0 77.49541399966181,12.9626549999917,0 77.49530800043181,12.9624220003618,0 77.4952679997305,12.9623340000678,0 77.49521300012999,12.9622100000183,0 77.4951019999498,12.9622030004038,0 77.4949470002809,12.9622389998635,0 77.4947110003834,12.9623589995688,0 77.4943220003513,12.9624440002164,0 77.4939960002788,12.9625650000964,0 77.4937069999518,12.9626120000155,0 77.49326699987959,12.9627379998489,0 77.49298100005289,12.9627610004342,0 77.49288500033749,12.9627620003643,0 77.49277200030321,12.9624230000275,0 77.4927549995564,12.9623729996528,0 77.49260699967699,12.9618010001608,0 77.49258899967739,12.9617500001204,0 77.49258399954731,12.9617379998347,0 77.4925410001636,12.9615269998974,0 77.4925300000388,12.9614740002299,0 77.4925039995416,12.9613489997451,0 77.4924770004512,12.9612189998115,0 77.49328199976929,12.9609389999751,0 77.4933539995743,12.9609139998649,0 77.4932119999376,12.9604980002115,0 77.49215099983419,12.9608269999038,0 77.49215000031219,12.9608270004382,0 77.49208900036091,12.9608180001163,0 77.4920890001642,12.9605690000182,0 77.4920769998068,12.9604240001423,0 77.4920910003803,12.9602209996206,0 77.4920099996546,12.9600509999776,0 77.4916800001477,12.9601609995554,0 77.49174099954961,12.9603439997117,0 77.4917919996827,12.9604990003096,0 77.4918859996355,12.9607820001247,0 77.4918209996591,12.9608090000477,0 77.491651999746,12.9608220000802,0 77.4915230000759,12.9608360004015,0 77.4913510003998,12.9608450002475,0 77.4910500000117,12.9608680000851,0 77.49087299982619,12.9608819995628,0 77.490749000424,12.9608909995755,0 77.49050199998609,12.9609099999898,0 77.490458000092,12.9609070003098,0 77.49043199963241,12.9609060004308,0 77.49006000008281,12.96088500028,0 77.4900339998064,12.9608830001827,0 77.4896970000396,12.9609119996676,0 77.4896469997783,12.9609159997459,0 77.4893920003927,12.9609380002628,0 77.4893449996141,12.9609419996077,0 77.4890859999699,12.9609650003183,0 77.488726999775,12.9609950004238,0 77.4882620001929,12.961034999572,0 77.4881729998901,12.9607419996976,0 77.48764699961301,12.9589900003525,0 77.4872980002922,12.9576679997079,0 77.487278999596,12.9575390001404,0 77.48720800007079,12.957000999793,0 77.48713299988501,12.9564060003041,0 77.4870759997213,12.9558610003383,0 77.4870639997112,12.955759000087,0 77.4870140000065,12.9555080000782,0 77.48671100028059,12.954098000017,0 77.4864289998698,12.9527169996749,0 77.48625399955969,12.9517860000698,0 77.48640600040071,12.9513730003289,0 77.4864099998692,12.9512520001179,0 77.4863579996134,12.9509280002447,0 77.48656800005899,12.9507859995741,0 77.4878220001149,12.9499359999029,0 77.4881009997669,12.9497419995732,0 77.4883870002822,12.9495510004413,0 77.48858600028341,12.9494180003888,0 77.4886279996732,12.9494049998404,0 77.4888359999631,12.9493420001745,0 77.48869200034891,12.9491069996035,0 77.4887100004194,12.9490879995592,0 77.4888830002087,12.9489789999198,0 77.4889419999581,12.9489429999919,0 77.4889739995921,12.9489219995528,0 77.48900499963131,12.9488969998192,0 77.48912400015151,12.9487940002077,0 77.4891309995692,12.948788000033,0 77.4891590000085,12.9487640002102,0 77.4892499999833,12.9486850003819,0 77.4892719997423,12.9486660000427,0 77.48935699971329,12.9485929998514,0 77.4893770000991,12.9485759999905,0 77.4894579996437,12.9485059996807,0 77.48950799975,12.9484630003841,0 77.4895380003904,12.9484370000391,0 77.48963999987279,12.9483490000288,0 77.48976400009199,12.948241000339,0 77.4897950001604,12.9482150003609,0 77.489832000123,12.9481829998056,0 77.4898850000466,12.9481370001718,0 77.48992999996371,12.9480979996175,0 77.49000800017561,12.9480310003727,0 77.49009799992621,12.947953000133,0 77.49017999965611,12.9478819998675,0 77.4902509996341,12.9478199996936,0 77.49032400037871,12.9477580002598,0 77.4903880000079,12.9477020002657,0 77.4905159997007,12.9475919996898,0 77.4905320004479,12.9475829996548,0 77.4904759996648,12.9473900003384,0 77.4904949996774,12.947385999627,0 77.4906970003981,12.9473719997678,0 77.4907129998317,12.9474730001615,0 77.49072299960019,12.947531999903,0 77.4907270001446,12.9475419995635,0 77.49072900002371,12.9475420003229,0 77.4912160003479,12.9475520001247,0 77.49159900030349,12.9475600002604,0 77.49162099960201,12.9475609996732,0 77.49171199992981,12.9475550002589,0 77.4919799999638,12.9475650003621,0 77.4923430001151,12.9475780000094,0 77.4925969999061,12.9475839998738,0 77.4926630001995,12.9475840000124,0 77.49299600042571,12.947577000353,0 77.49331200029179,12.9475700003232,0 77.4936209998888,12.9475640002238,0 77.49467800014069,12.9474459996915,0 77.495953000311,12.9473120001769,0 77.49640900044839,12.9472999997523,0 77.4967430000673,12.9472909999091,0 77.4967690001033,12.9473500003517,0 77.49685399980341,12.9473470002673,0 77.4970040003346,12.947337000348,0 77.49704700016051,12.9473339997393,0 77.49708499988,12.9473310000615,0 77.497129000096,12.9473279997907,0 77.49712799974191,12.9473170002587,0 77.4971790000934,12.9473129995786,0 77.49722900006491,12.9473090003451,0 77.4972689996322,12.9473060004478,0 77.49735399996089,12.9472990004138,0 77.4974030004383,12.9472949998857,0 77.4974329997743,12.9472920000441,0 77.4974550002529,12.9472910004151,0 77.4974620003895,12.9472900000052,0 77.4974840001135,12.9472880002093,0 77.4975440004431,12.9472829997569,0 77.4975570001621,12.9472819996598,0 77.49757600038519,12.9472809998677,0 77.49763799965319,12.9472760001102,0 77.4976879995844,12.9472719998878,0 77.4978299999274,12.9472599999576,0 77.49787399960189,12.9472710001624,0 77.49793000002219,12.9472670001932,0 77.49798499987941,12.9472640000376,0 77.4980419995904,12.9472609996708,0 77.49810199972229,12.9472570001692,0 77.49815699956839,12.947253999978,0 77.49822100032669,12.9472500000393,0 77.498288000409,12.9472460002388,0 77.4983579998059,12.9472419996708,0 77.49853599999309,12.9472260004345,0 77.49886700016449,12.947100999619,0 77.500702999574,12.9466400002265,0 77.50012299996359,12.9443029997686,0 77.5001200001316,12.9442719997842,0 77.4996939998029,12.9444140003485,0 77.49938300042641,12.9445309999117,0 77.49918300025671,12.9446039996438,0 77.49888499980079,12.9447150003998,0 77.4983310001777,12.9449200002204,0 77.49832299989239,12.9448869998899,0 77.4979719997324,12.9440820001457,0 77.4974739999098,12.9442680001024,0 77.4974469999362,12.944175999988,0 77.4974390002605,12.9441350000304,0 77.49739999963209,12.9440259999484,0 77.49734199984449,12.9440420001227,0 77.49728500041969,12.9440579997346,0 77.49723199988691,12.9439290002168,0 77.49722399973891,12.9438909998617,0 77.4971759997829,12.9437699998606,0 77.4971329999769,12.9436539997761,0 77.4971200000563,12.9436200001208,0 77.49705900044199,12.9434590002869,0 77.4970389999404,12.9434079997156,0 77.4970270004297,12.9433740004044,0 77.49698100036279,12.9432540003152,0 77.4969469999631,12.9431620003012,0 77.4969500004385,12.9431710002114,0 77.4969420000071,12.9431510002283,0 77.4969369996484,12.9431369996421,0 77.4969000003606,12.9430429999924,0 77.4968650003559,12.942946999808,0 77.496851999776,12.942911999959,0 77.49681499964601,12.9428180002927,0 77.49674900022769,12.9428369997434,0 77.49666699965719,12.9428600004535,0 77.4965990003858,12.9428790000531,0 77.4965259996202,12.9426450002548,0 77.49645200038201,12.9424950000844,0 77.4963779999058,12.9423110003389,0 77.49600000011991,12.9424359999903,0 77.4959830002676,12.9424410001149,0 77.4959130003917,12.9422690000814,0 77.49588600004689,12.9421430000998,0 77.49585799967829,12.9420820001583,0 77.495791999682,12.9420380001868,0 77.4957509996697,12.9420150002738,0 77.49572999970979,12.9419920003989,0 77.4956770001989,12.941818999928,0 77.4959449998687,12.9417060000839,0 77.49626300007129,12.9415420002469,0 77.4975800002144,12.9408619997323,0 77.4974449999298,12.9405489996813,0 77.49717999978201,12.9399219998935,0 77.4972110001314,12.9398369999991,0 77.49749600021499,12.9396449996665,0 77.4982290000769,12.9391390001748,0 77.4992840003929,12.9384369997306,0 77.4994320001754,12.9383059996503,0 77.4996369998841,12.9378930002941,0 77.4993979995845,12.9369060004094,0 77.4990869996775,12.9356850002421,0 77.49911800022549,12.9356740003242,0 77.49997999999751,12.9353889996613,0 77.4999649998787,12.9352989998,0 77.499927999772,12.9350880004386,0 77.4998939996602,12.9348889996483,0 77.49985699990479,12.9346770000765,0 77.49982100007421,12.9344680004487,0 77.4998059999519,12.9343789998211,0 77.4997869996462,12.9342670001722,0 77.4997660004572,12.9341499998493,0 77.4997540001913,12.9340789997354,0 77.49974499989921,12.934024999973,0 77.4997149999232,12.9338520004382,0 77.4996860000614,12.9336859997306,0 77.4996769998137,12.9336319999592,0 77.4996580004358,12.9335210004381,0 77.49964200033099,12.9334310001537,0 77.49962800005289,12.9333459996253,0 77.4996140002026,12.9332639996031,0 77.49959599970281,12.9331620001638,0 77.499580999833,12.9330730003897,0 77.4995669998509,12.9329919996272,0 77.49955100019631,12.9328999998798,0 77.4995329995965,12.9327989996935,0 77.4995240001998,12.9327460000656,0 77.49944699981749,12.9323010003852,0 77.4994049997363,12.9322639998709,0 77.4993540002054,12.9320789996887,0 77.4993159998278,12.9320570004399,0 77.4992799998732,12.9318770001112,0 77.4993160003656,12.9318199995731,0 77.4993890003463,12.9317880002565,0 77.4993289996354,12.9315619997571,0 77.4992769999123,12.9313250001858,0 77.4992500003592,12.9311820003447,0 77.49921000034369,12.9310230003309,0 77.4991500000873,12.9306969997258,0 77.4990969996277,12.9307069996171,0 77.49862699959441,12.9308060004084,0 77.4986590003669,12.929866999565,0 77.49856200024369,12.9291970001691,0 77.49857199975089,12.9282279996671,0 77.4985799998521,12.9275070004277,0 77.498835999996,12.9262170004462,0 77.49888299965031,12.9260320001176,0 77.4989749999275,12.9259710003752,0 77.4990189995505,12.9259090002317,0 77.4992829995436,12.9254599995911,0 77.49933200005221,12.9253490000314,0 77.5002569998958,12.926178000098,0 77.50051199974661,12.9263720004274,0 77.5009170001762,12.9266820002345,0 77.5017550000414,12.9272280000905,0 77.5021819995694,12.9274620003609,0 77.5024400000474,12.9277019999095,0 77.50281600001961,12.9281450002463,0 77.5033139996746,12.9287559996548,0 77.5034970001756,12.9289330001702,0 77.5037589996832,12.9290940004343,0 77.5040290001656,12.9292019995915,0 77.5045920002683,12.9293189998558,0 77.50473600032289,12.9293609995658,0 77.5052369996974,12.9295760001106,0 77.5054029999944,12.9296820003287,0 77.5055400002111,12.9297960001907,0 77.5057480003652,12.9300799996412,0 77.5058760000893,12.930279999779,0 77.50605299989699,12.9306990002103,0 77.5062699999996,12.9310760003108,0 77.5063400001776,12.9311839998751,0 77.5065160001764,12.9312930002006,0 77.50665199979331,12.9314059996385,0 77.5067869999656,12.9315010001747,0 77.50740199962991,12.9318900002751,0 77.5080489998936,12.9323090003194,0 77.50815899953921,12.9323959996061,0 77.5084549999801,12.9326359998739,0 77.5088970002782,12.9330290001865,0 77.5091970001032,12.9333079998158,0 77.50940199962869,12.9334769996101,0 77.5098529998524,12.9338450001275,0 77.5106060002398,12.9344769997779,0 77.5106750004113,12.9345250001994,0 77.5109369997527,12.9347219999481,0 77.5110309999399,12.93479300001,0 77.5113440002366,12.9349670004379,0 77.5117659996547,12.9351689995761,0 77.51190300003159,12.9352150002382,0 77.5120459995513,12.9352620001127,0 77.51234899985241,12.9353629995697,0 77.5124450004021,12.9353870001252,0 77.512969000314,12.9355319997998,0 77.5130650002542,12.9355539997871,0 77.5137900004151,12.9357559995914,0 77.5137559998675,12.9358319998853,0 77.5134620002088,12.9364900000148,0 77.51323699970629,12.9368399999393,0 77.5131419995982,12.9369630003343,0 77.5129720001343,12.9371790004171,0 77.5129700002572,12.9371799999762,0 77.512885999717,12.9372409999323,0 77.5128379998614,12.9373059996047,0 77.5128360003348,12.9373679999875,0 77.51277600022679,12.9381680001493,0 77.5127769995523,12.9382249997335,0 77.5127979998859,12.9382689996043,0 77.5128480000934,12.9383289999289,0 77.5128979998368,12.9383610002373,0 77.51296399956919,12.938392999911,0 77.51316599986789,12.9384190004472,0 77.51329000030201,12.9384180002916,0 77.5135209995551,12.9384519996564,0 77.51369899956499,12.9385310002485,0 77.5137289996043,12.9386490001425,0 77.513942999992,12.9388900002156,0 77.5141669999782,12.9392809999806,0 77.51430399970749,12.9394169998007,0 77.51464500038639,12.9397890004318,0 77.5146869997949,12.9398719998147,0 77.5146990003345,12.9402030003338,0 77.51466800038069,12.9403090001354,0 77.5145719999458,12.940456000174,0 77.5145040003146,12.9405049998916,0 77.5144879998017,12.9407259999324,0 77.51455299963909,12.9408659998083,0 77.5146839995618,12.941211000231,0 77.5147259997311,12.9415279999746,0 77.5147090003302,12.9418349999081,0 77.51475999989189,12.9419700002049,0 77.5148579996541,12.9420170000334,0 77.51504500028931,12.9420250003645,0 77.5153779996796,12.942068999623,0 77.5154740001892,12.9421210003102,0 77.5155260002966,12.9421489998491,0 77.5155879998141,12.9421820003396,0 77.5157659998934,12.9424409995962,0 77.5158670004094,12.9426339995904,0 77.515903000289,12.9430929998342,0 77.51592799985031,12.9433580003621,0 77.5161909996453,12.9439909996294,0 77.51628199967919,12.9440959996339,0 77.5163859998663,12.9441439996353,0 77.5165840004021,12.9441329995722,0 77.516759000272,12.944068999856,0 77.51684000001841,12.9440820002976,0 77.51684400045581,12.9440829997687,0 77.51688600044319,12.9440989996456,0 77.5169440001883,12.9441210004395,0 77.5169940001164,12.9441690003816,0 77.5170309996296,12.9442299996349,0 77.51705899991251,12.944327000245,0 77.5170290003276,12.9444820001197,0 77.5169679995749,12.944645999979,0 77.5167320000842,12.9448959995951,0 77.516324999929,12.9451819999605,0 77.51599899991599,12.9454809995692,0 77.5157870002807,12.9458539996866,0 77.5153770002168,12.9463439999499,0 77.5150069997362,12.9468260000673,0 77.514666000367,12.9470349998165,0 77.51389800004991,12.9473570004259,0 77.51337600026039,12.9475980001626,0 77.512932999667,12.9478080000644,0 77.5128229999094,12.9479980001656,0 77.51285700036431,12.9481500002862,0 77.5128689997816,12.9483279999438,0 77.5128649999359,12.9484589999809,0 77.5127699996941,12.948575999984,0 77.5125640004246,12.9487560000612,0 77.5122150003174,12.9489910001331,0 77.5119920003489,12.9491270004086,0 77.5118449997201,12.9492419998226,0 77.5118330000039,12.9492639998162,0 77.51180700026489,12.9492870003349,0 77.511065000069,12.9499710002301,0 77.5110029997425,12.9501829997968,0 77.5111390000438,12.950945999657,0 77.5113709999271,12.9514029999417,0 77.5114670004519,12.9517710003138,0 77.51140700040069,12.9521239998797,0 77.5112230004251,12.9525920002688,0 77.51121099973351,12.9529650001678,0 77.5112680004425,12.9534470001719,0 77.5114629999965,12.9537819999246,0 77.5119490003534,12.9543579998928,0 77.5121319999178,12.954653999892,0 77.5121410003439,12.9548260004063,0 77.51198100013529,12.9552280004264,0 77.5117840003774,12.9558609997554,0 77.511847000329,12.9568420001142,0 77.5118530003419,12.9569189998156,0 77.5119239999261,12.957529999655,0 77.5120339995749,12.9584700004004,0 77.5120149996775,12.9585519999643,0 77.51176500043159,12.9587269999216,0 77.5116929998044,12.959167000222,0 77.5117140001371,12.959269000161,0 77.51180600027379,12.9593110001751,0 77.5118789996521,12.9593260002504,0 77.51196599970871,12.9593210002237,0 77.5119789999587,12.9593190000445,0 77.5120500004092,12.9593060003975,0 77.5122120000452,12.9592309998532,0 77.5124229995609,12.959154000349,0 77.51249900017559,12.9590400002651,0 77.5126609999071,12.9588680001885,0 77.51277499997261,12.9587629997548,0 77.5128709995935,12.9586680002621,0 77.5130120001331,12.9585699995628,0 77.5132720000981,12.958343000326,0 77.51358799967331,12.9582270002216,0 77.5141339999837,12.9579479998105,0 77.51436300025669,12.9577759997812,0 77.5144500001271,12.9577749996626,0 77.514528000293,12.9578690003718,0 77.51462500032,12.9579619998828,0 77.5146840001461,12.9580839996641,0 77.5147249995928,12.9583290004122,0 77.5148050002483,12.9586119999714,0 77.5148649999811,12.9588749997692,0 77.51509100039679,12.9593360002385,0 77.51529499972391,12.9596089997121,0 77.5153099995762,12.9596730004528,0 77.5150309997794,12.9598289995514,0 77.51497400008751,12.959850999895,0 77.5148519999937,12.9598950001424,0 77.5145529996168,12.9600069998236,0 77.5142099996049,12.9601360004377,0 77.5141920004164,12.9601430001191,0 77.51398200034529,12.9602209997457,0 77.5129839996259,12.9605949997666,0 77.5126720003319,12.9607120000823,0 77.5126270003194,12.9607289998962,0 77.51208899957631,12.9609330004278,0 77.51157599986981,12.9610610003985,0 77.5113810001518,12.9611090004023,0 77.5109070001901,12.9611379999157,0 77.5108349997593,12.9611319996001,0 77.5105170004236,12.9611009999175,0 77.5102670002056,12.9610720003229,0 77.50993700025241,12.9610239999418,0 77.5095020003269,12.9609609997944,0 77.5091220002779,12.9609089999586,0 77.5087209996251,12.9608550001342,0 77.50870399978849,12.9608530001163,0 77.5082839997613,12.9607940002759,0 77.50773500029941,12.9607209997348,0 77.5074209998882,12.9606769997146,0 77.50707900041461,12.9606310002988,0 77.5070709999185,12.9606290002287,0 77.5066769998982,12.9605750001382,0 77.50663400036289,12.9605680001605,0 77.50611700036509,12.9604890004079,0 77.5060819996129,12.9604830002869,0 77.5057139997695,12.9604170002426,0 77.5056899999048,12.9604130002105,0 77.5053579999677,12.9603710003939,0 77.5052050000386,12.9603509996041,0 77.50471399969869,12.960351000116,0 77.5043530003687,12.9604250000235,0 77.5043570001513,12.9604400001745,0 77.5043670001979,12.9604800000575,0 77.5044840002099,12.9608440000529,0 77.5047400001199,12.9616370002367,0 77.50476899961809,12.9617620002924,0 77.5049729996182,12.962629000283,0 77.50502299981019,12.9628830001876,0 77.5050459996805,12.9630159995932,0 77.5051310000694,12.9635190000871,0 77.5050099999843,12.9640139998702,0 77.50491299982799,12.9643310003016,0 77.5048980004397,12.9644910003992,0 77.5048559995992,12.9649300002966,0 77.5048570001144,12.9650609996974,0 77.5048600002511,12.965576000023,0 77.50491900036189,12.9659310003606,0 77.50503000022741,12.9664459999117,0 77.5050699996813,12.9665399998791,0 77.5053330003069,12.9671580000647,0 77.5056319999876,12.9678289996824,0 77.5057619998516,12.9681210001028,0 77.50590399983921,12.9684390002215,0 77.5060380004594,12.9687390002047,0 77.50617100030171,12.969037000335,0 77.50619999977189,12.9691030001455,0 77.50628700009,12.9693249998496,0 77.50639099984519,12.9695910001391,0 77.506480999801,12.9698239997208,0 77.5065199996055,12.969921999607,0 77.5066489996744,12.9702540000093,0 77.5066680003381,12.9703030002219,0 77.50673900033161,12.970486000142,0 77.50681000023999,12.970589999732,0 77.50681399962789,12.9705960001187,0 77.5071350003136,12.9710680003394,0 77.5072099998755,12.9711790002983,0 77.5075839998683,12.9717280000923,0 77.50777600040431,12.9720299997622,0 77.5083890004441,12.9729930003817,0 77.50868300033549,12.9734800002263,0 77.50898400000391,12.9739789998917,0 77.5091329998593,12.974226000025,0 77.5091589999475,12.9742779997155,0 77.5095260000918,12.9751099999313,0 77.5095690002036,12.9752389997139,0 77.50968899970761,12.9756019997467,0 77.5100100000332,12.9765739998405,0 77.51034800042071,12.9780599998243,0 77.5107229998135,12.9796739996389,0 77.5107399997094,12.9797299998338,0 77.5109830000106,12.980523999842,0 77.5109849999713,12.9805769998597,0 77.51099799999641,12.9810120000113,0 77.5110229996635,12.9818139999296,0 77.5110300002375,12.9825480001635,0 77.51103199962679,12.9827660003955,0 77.5109780004405,12.9829169996946,0 77.51085099955711,12.9832789999551,0 77.5107929999521,12.983596999609,0 77.5107649999955,12.9837529996877,0 77.5107640003845,12.9837740000618,0 77.5107459997208,12.9841340003714,0 77.51074699982939,12.9843379999052,0 77.5107479998852,12.9845219998463,0 77.5107539999625,12.9845679998386,0 77.51077500010869,12.9847150002757,0 77.5107789996963,12.9847439997051,0 77.5108259998031,12.9848709995873,0 77.5108840000196,12.9849799996004,0 77.51095499962329,12.985112999788,0 77.5112430002257,12.9854589995601,0 77.5113300000604,12.9855640003925,0 77.51144399998149,12.9857750001779,0 77.5117520000169,12.986344000373,0 77.5118150001941,12.9865190001668,0 77.51198799982581,12.9870590001428,0 77.51204800034979,12.9873639998112,0 77.5121459999481,12.9877920003131,0 77.512170999841,12.9879760001516,0 77.51128099982429,12.9882710000677,0 77.5111809996497,12.9883039998273,0 77.5109390002315,12.9883259997123,0 77.51075499971409,12.9882990002058,0 77.5102899999407,12.9881299998883,0 77.51010900031081,12.9880919998427,0 77.51005699962271,12.9880809999685,0 77.5097370004333,12.9880560002875,0 77.50960999988381,12.9880699997488,0 77.50931100041259,12.9881030002605,0 77.50926199976359,12.9881399997531,0 77.5091460002167,12.9882280004335,0 77.5089229999914,12.9884970002388,0 77.5086589997856,12.9888160000742,0 
						</coordinates>
					</LinearRing>
				</outerBoundaryIs>
			</Polygon>
		</Placemark>
	</Document>
	<Document>
		<name>Ward NO.130.kml</name>
		<StyleMap id="m_ylw-pushpin6">
			<Pair>
				<key>normal</key>
				<styleUrl>#s_ylw-pushpin6</styleUrl>
			</Pair>
			<Pair>
				<key>highlight</key>
				<styleUrl>#s_ylw-pushpin_hl6</styleUrl>
			</Pair>
		</StyleMap>
		<Style id="s_ylw-pushpin6">
			<IconStyle>
				<scale>1.1</scale>
				<Icon>
					<href>http://maps.google.com/mapfiles/kml/pushpin/ylw-pushpin.png</href>
				</Icon>
				<hotSpot x="20" y="2" xunits="pixels" yunits="pixels"/>
			</IconStyle>
			<LineStyle>
				<color>ffffff55</color>
				<width>3</width>
			</LineStyle>
			<PolyStyle>
				<fill>0</fill>
			</PolyStyle>
		</Style>
		<Style id="s_ylw-pushpin_hl6">
			<IconStyle>
				<scale>1.3</scale>
				<Icon>
					<href>http://maps.google.com/mapfiles/kml/pushpin/ylw-pushpin.png</href>
				</Icon>
				<hotSpot x="20" y="2" xunits="pixels" yunits="pixels"/>
			</IconStyle>
			<LineStyle>
				<color>ffffff55</color>
				<width>3</width>
			</LineStyle>
			<PolyStyle>
				<fill>0</fill>
			</PolyStyle>
		</Style>
		<Placemark>
			<name>Ward NO.130.kml</name>
			<styleUrl>#m_ylw-pushpin6</styleUrl>
			<Polygon>
				<tessellate>1</tessellate>
				<outerBoundaryIs>
					<LinearRing>
						<coordinates>
							77.4868779996583,12.9662840002631,0 77.48685999954969,12.9662880004401,0 77.4865799996754,12.9663750003111,0 77.48630499974379,12.9664359999069,0 77.48598100004141,12.9665120002446,0 77.48593800032791,12.966528000118,0 77.48571700033639,12.9665729998786,0 77.4854129996955,12.9666209995648,0 77.4853730002062,12.9666289999842,0 77.4851310002733,12.9666819998179,0 77.484931999739,12.9667249999005,0 77.4848119997835,12.9667419996951,0 77.48453000018939,12.9667930002612,0 77.48405799983669,12.966874999556,0 77.4837240002317,12.9669369998875,0 77.48337000038229,12.9670060004275,0 77.48284000010089,12.967090000437,0 77.48278899955621,12.967102999751,0 77.48245499964931,12.9672309996462,0 77.4823310002773,12.9672849998454,0 77.48150299958439,12.967890000173,0 77.4813190000058,12.9679230001305,0 77.4802060001583,12.9681549998777,0 77.4800869996245,12.9681830000743,0 77.47747500032121,12.9687350003926,0 77.4746800003802,12.9693290002423,0 77.4746180002348,12.9692530003451,0 77.4744509997105,12.9688540003008,0 77.4744310002078,12.9688080003541,0 77.4744119998459,12.9687599995642,0 77.4743020003842,12.9684250003471,0 77.4742890003939,12.9683839997929,0 77.4742760002944,12.9683359997412,0 77.4751099996285,12.9681650003435,0 77.47496500043781,12.9676850003242,0 77.47493000017531,12.9675669996176,0 77.4749249995623,12.9675520001246,0 77.4748950001581,12.9674520003586,0 77.4748569998068,12.9673250002907,0 77.474825000289,12.9672180001586,0 77.4747880004586,12.9670950003292,0 77.4747529999232,12.9669789999407,0 77.47472700011861,12.9668929999293,0 77.47468599982039,12.966756999555,0 77.4746659996612,12.9666919996828,0 77.4746450002655,12.9666220002481,0 77.4746280002848,12.9665659997127,0 77.4746140000489,12.966516999958,0 77.47459399969389,12.9664530002609,0 77.47456500036451,12.9663559995841,0 77.4745629997102,12.9663509996093,0 77.4737030001228,12.96650799963,0 77.4732560000064,12.9665930001722,0 77.4732930002026,12.9664730000766,0 77.47326400024519,12.9660839996488,0 77.4731039997672,12.9656489996451,0 77.4731519997539,12.9656420002169,0 77.47324899968071,12.9656300003371,0 77.47323599984369,12.9655789996026,0 77.4731709996428,12.9647970002275,0 77.4731939999707,12.9632340002604,0 77.4732400000433,12.9632320000549,0 77.4732290000442,12.9630919997537,0 77.47333200029679,12.963086000132,0 77.4733259996715,12.9629829999195,0 77.47345200003591,12.9629789998063,0 77.47343299977319,12.9627850003971,0 77.473458999576,12.9627829995949,0 77.47360600024081,12.9627690003641,0 77.4736000000207,12.962675000047,0 77.47358800022469,12.9625210003437,0 77.4737150003826,12.962515000206,0 77.4737040002998,12.9623309998601,0 77.4740300002737,12.9622920003113,0 77.474008999821,12.9619219997743,0 77.4741720002218,12.9619180000869,0 77.47415899957061,12.9617500001272,0 77.4742909996737,12.9617479999791,0 77.4742640003587,12.9614790004009,0 77.47455200013491,12.961471999852,0 77.47454299974621,12.9613169995796,0 77.47457699999291,12.9613200003666,0 77.474671999696,12.9613089995744,0 77.4746769999873,12.9613540001814,0 77.4746839996232,12.9614089999075,0 77.47479299998029,12.9614029997065,0 77.4747919999535,12.9613679999804,0 77.4747910001753,12.9613320000655,0 77.47478900043571,12.9612940002497,0 77.47478599993551,12.9611869997977,0 77.4748769997411,12.9611789995809,0 77.4748279995904,12.9606790000204,0 77.47512300031261,12.9606509999047,0 77.4750440000326,12.9600070004459,0 77.474937999669,12.960020999819,0 77.47492600007,12.9599200002089,0 77.4749150003081,12.9598509997658,0 77.47490700044661,12.9597990001715,0 77.47489799961841,12.9597380002831,0 77.474890999642,12.9596920004311,0 77.4748819999147,12.9596340001857,0 77.4747529997574,12.9596499998345,0 77.47474300027871,12.9595819999889,0 77.4747300002733,12.959496000009,0 77.4747190001015,12.9594179996752,0 77.4746959996112,12.9594260002562,0 77.4746720002439,12.9594349996749,0 77.4744210003997,12.9588250001543,0 77.4743030000639,12.958869999772,0 77.47409099958131,12.9583489998469,0 77.4740860001269,12.9583380001228,0 77.4740760001351,12.9583130001231,0 77.4740660003,12.9582909997788,0 77.47376500018601,12.9576100001543,0 77.4733299998918,12.9577619997105,0 77.47330199962759,12.9577000001784,0 77.4732360004587,12.9567699998969,0 77.4728150004012,12.9567999996941,0 77.4727270001453,12.9568059998838,0 77.4726459996434,12.9554560000582,0 77.4719459998703,12.9554730000972,0 77.4719480004391,12.9554289999094,0 77.4719479996011,12.9553870001237,0 77.47188299989099,12.9545120002015,0 77.47185400038011,12.9544209998685,0 77.4718140003949,12.9539960001986,0 77.47157099988139,12.9540019999957,0 77.4715649998503,12.9539270002934,0 77.4714979996665,12.9535030002819,0 77.4714510001365,12.9531099996933,0 77.47142800027299,12.9526959995645,0 77.4713840004533,12.9522800004169,0 77.471380999817,12.9522399996323,0 77.4713770002912,12.9522079999008,0 77.47135299988889,12.9519940000816,0 77.47148499973611,12.9519920004295,0 77.4728769998088,12.9519710004468,0 77.4728179999782,12.9519099997516,0 77.4727329998793,12.9517770000983,0 77.4728259997831,12.9517179996826,0 77.4726979999292,12.9511750002709,0 77.47257900027959,12.9507209998005,0 77.4723909996968,12.9499610000044,0 77.47225000008579,12.9493959999494,0 77.47582899973339,12.9485980004241,0 77.47687499988361,12.9483549996712,0 77.4775469996633,12.9482010002781,0 77.47755200035679,12.9481469996394,0 77.47750399973521,12.9480670003407,0 77.4774510004393,12.9479179996254,0 77.4774960003754,12.9479029999267,0 77.4785999998129,12.9476910001621,0 77.4784450001265,12.9468250000012,0 77.4800229999138,12.9467279995812,0 77.4797140001302,12.9465189998586,0 77.47945999966559,12.9461199997326,0 77.4794440002957,12.9460339997011,0 77.47936399986141,12.9456159999321,0 77.47941299960441,12.9454199999688,0 77.4792489999065,12.9454360001677,0 77.4792179998023,12.9454390002021,0 77.47910700015581,12.9454500002202,0 77.4789290001157,12.9454669998786,0 77.478887999774,12.9452139998648,0 77.4769530001616,12.945590000265,0 77.4753109998539,12.945949000078,0 77.4751950001652,12.9455520003788,0 77.4750899997516,12.945272000208,0 77.47495500030659,12.944605000042,0 77.47493900044211,12.9445449998014,0 77.4747820004354,12.9439849997726,0 77.474789999938,12.9436900004187,0 77.4746299995459,12.9432190001319,0 77.47428900043769,12.9423179999469,0 77.47361899991191,12.9409439997855,0 77.4731930001095,12.940201000194,0 77.4732419998811,12.9401819997608,0 77.4740809999054,12.9400130002234,0 77.474171000303,12.9399630004277,0 77.4747350001374,12.9397379997366,0 77.475307000444,12.9392980000996,0 77.4756840002524,12.9390810001514,0 77.4763969998728,12.9385199996435,0 77.47639000023941,12.9384979996772,0 77.4764359996754,12.9381439999299,0 77.4787620003394,12.9374100001342,0 77.4787689997052,12.937408000084,0 77.4788169995871,12.9374009996474,0 77.47908299995029,12.9373629998476,0 77.479107999543,12.9373310001876,0 77.4792169996976,12.9373229995657,0 77.47924500024639,12.9373210003987,0 77.4793440001886,12.9373140001261,0 77.4794489997881,12.9373060004054,0 77.4794770003196,12.9373040003108,0 77.4795590002615,12.9372980000704,0 77.47967099985721,12.9372890003711,0 77.47979399973519,12.937279999912,0 77.47988799964109,12.9372730000072,0 77.47991600015661,12.9372709998667,0 77.4799330001196,12.937269999726,0 77.4800749997281,12.9372599998529,0 77.4801089999003,12.937257000267,0 77.48013700040769,12.9372550001033,0 77.48023499987779,12.9372479999812,0 77.4802930000171,12.9372430003014,0 77.4803910003882,12.9372360001134,0 77.480470000072,12.9372300001247,0 77.4805720000254,12.9372229997697,0 77.48067499965281,12.9372149996198,0 77.4806989996232,12.9372130004133,0 77.48079300033871,12.9372060001823,0 77.48082700022699,12.9372039997881,0 77.4809290003837,12.9371960000145,0 77.48101499978191,12.9371900001241,0 77.48102899956319,12.9371890004514,0 77.48104300025641,12.9371879998657,0 77.4811420000253,12.9371770000004,0 77.4811529996373,12.937175999957,0 77.4812319999691,12.93716700009,0 77.4813210002161,12.9371579999077,0 77.4813579998136,12.9371540003492,0 77.4814649996561,12.9371430001291,0 77.48149300035161,12.9371399996384,0 77.4815889996551,12.9371300003387,0 77.4816720004534,12.9371210002174,0 77.4817299997916,12.9371150000514,0 77.4817980004498,12.9371070000867,0 77.4818299998178,12.9371040003527,0 77.4818839995427,12.9370980002749,0 77.4819109998639,12.9370950002276,0 77.48201400001621,12.9370839999132,0 77.4821290001122,12.9370719998925,0 77.4821549995861,12.9370709997752,0 77.48224499980429,12.9370669997182,0 77.48226699967751,12.9370659997173,0 77.48232300006541,12.9370640002104,0 77.4825680001485,12.9370549998257,0 77.48331199953969,12.9369769998924,0 77.4833370000067,12.9369739997745,0 77.4833699996672,12.936971000269,0 77.4834460002601,12.9369629995927,0 77.4834689995424,12.9369619999125,0 77.48355299976571,12.9369600000013,0 77.48355699983991,12.9370570003273,0 77.4836120002893,12.9370410002948,0 77.48407799998439,12.9369089997446,0 77.4840790003468,12.9369090001531,0 77.4840789996544,12.9369079999782,0 77.4841860002302,12.9369000001175,0 77.483663000021,12.9341140003058,0 77.4836030002414,12.933870999793,0 77.4834120003207,12.9338790003462,0 77.4834560001535,12.9337839995633,0 77.48340199978691,12.933541999832,0 77.4834069997604,12.9333580000102,0 77.4833410000201,12.9333620003107,0 77.4832210003779,12.933209000008,0 77.4832409997085,12.933092999866,0 77.4832219998556,12.9329869996983,0 77.48315200009201,12.9329739996793,0 77.4830719996763,12.9329920002143,0 77.4830350004014,12.9330439996296,0 77.48301399981371,12.9330819995852,0 77.48281399970421,12.9329370004124,0 77.4829240001166,12.9327960000132,0 77.4830349997076,12.9327640000324,0 77.4831039999377,12.932687999694,0 77.4831110002727,12.9326229997952,0 77.48304899963971,12.9326140002032,0 77.4830139999782,12.9326010003297,0 77.48301100041429,12.9325599997154,0 77.4830200002945,12.9325270001746,0 77.482992000075,12.9319659998537,0 77.4829279997129,12.9315220003177,0 77.4828819995717,12.9312729996435,0 77.4829399997724,12.931119000406,0 77.4831700000293,12.9307430003362,0 77.4831680003543,12.9305190001608,0 77.4831279995466,12.9303780000882,0 77.4830209998487,12.9302550004024,0 77.48295900016311,12.9302100004236,0 77.48284399999829,12.9300899996291,0 77.48272300003801,12.9297169996452,0 77.48257600036359,12.9293549995846,0 77.4822640001035,12.9295130002966,0 77.48223900033911,12.9294099997272,0 77.4818790004425,12.9287750003605,0 77.48121899980229,12.9277440002288,0 77.48050800022619,12.9281119995778,0 77.480576999855,12.9282030000731,0 77.48051800021101,12.9282459997102,0 77.4798630003218,12.927379000299,0 77.4797900004227,12.9273800003599,0 77.4797240002875,12.9273980002722,0 77.4796689997455,12.9273990000088,0 77.4796179997152,12.9273669998777,0 77.47957400007439,12.9273640000218,0 77.47953800035761,12.9273749999162,0 77.47952299995779,12.9273899997727,0 77.47947199993941,12.9273939999554,0 77.47942800044009,12.9273939997265,0 77.4793949997616,12.9273549997853,0 77.47939100039061,12.9273080001635,0 77.4793760000168,12.9272689999408,0 77.4793170002232,12.9272369998575,0 77.4792260000489,12.9272380000222,0 77.4791599997363,12.9272530001408,0 77.4791089995724,12.9272539996934,0 77.4790609997938,12.927243000126,0 77.4790499996999,12.9272010001637,0 77.4790459995827,12.9271499997893,0 77.4790599995726,12.9271140001436,0 77.4791179998933,12.9270710003927,0 77.47915099964951,12.9270310001911,0 77.47913600022279,12.9269850004439,0 77.47913500010669,12.9269270000871,0 77.479164000325,12.9268730000513,0 77.479253999927,12.9267830001578,0 77.47930799995071,12.9267250003711,0 77.47932199990549,12.9266710000937,0 77.4793839996435,12.9266059997906,0 77.47939099997539,12.9265739996248,0 77.4794159998782,12.9264980000766,0 77.4794809995462,12.9264259997757,0 77.4795720003662,12.9263710004027,0 77.4796739999809,12.9263269997204,0 77.47972799976159,12.9262979998301,0 77.4797049996541,12.9261869999634,0 77.4796159996049,12.926091000265,0 77.4796040002507,12.925990999982,0 77.4796600002951,12.9258769996962,0 77.4796279995421,12.9258259997736,0 77.4795949999999,12.9257439999762,0 77.4795069996501,12.9257050003679,0 77.47943600010299,12.9255980000647,0 77.4793729995417,12.9254550001806,0 77.4792660003103,12.9254460004115,0 77.47916400006589,12.9254470001392,0 77.4791309999337,12.9253930000293,0 77.4791230004469,12.9253029996806,0 77.4791650000285,12.9251849998277,0 77.4791169997136,12.9251029996728,0 77.4790059997121,12.925004000275,0 77.4790319998955,12.9248289999772,0 77.47915100007,12.9248229996557,0 77.4792609996138,12.9247479996978,0 77.4794720002606,12.9247980002837,0 77.4794890000604,12.9246729999096,0 77.4793049999781,12.9241950003939,0 77.4791509996362,12.9240509999575,0 77.479099000185,12.9239159998879,0 77.47905899974791,12.9238170000336,0 77.479026000292,12.9237049999217,0 77.48002000018781,12.9233150004262,0 77.4809619999828,12.9229720000535,0 77.4810800000481,12.9232669998881,0 77.48111599981409,12.9233479996904,0 77.48115599998189,12.923447000011,0 77.4812059999973,12.9234309997056,0 77.4812340000655,12.9235160003704,0 77.4812679999699,12.9236199998952,0 77.4813329997599,12.9235939996814,0 77.4813679996146,12.9236739997119,0 77.48140500044811,12.9237599998849,0 77.4814099995601,12.92377699976,0 77.48141700004921,12.9238020001507,0 77.4814370004234,12.9237810003855,0 77.4815259999764,12.9237449995925,0 77.48170999976161,12.923669999951,0 77.4817410003069,12.9236580002297,0 77.4818479999136,12.9236140001896,0 77.4820450000837,12.9235339995863,0 77.4823099999718,12.9234270004272,0 77.48249000033189,12.923905999944,0 77.48275799982579,12.9246119996721,0 77.4832160000968,12.9244410002389,0 77.4836530000364,12.9242909995934,0 77.4840299998136,12.9241620003758,0 77.48443600025681,12.9240230001739,0 77.4849050000764,12.9238840004487,0 77.4849890001725,12.9241439996512,0 77.48511699970101,12.92454299991,0 77.48523500024859,12.9248599999493,0 77.48534799965709,12.9251650001532,0 77.4853559999858,12.9251860000527,0 77.4854980002662,12.9255669997331,0 77.48551000022989,12.9255989996635,0 77.4856249996854,12.9259099997259,0 77.48565999985929,12.9260039996025,0 77.4858020003559,12.9263849998399,0 77.4858840002278,12.926605000287,0 77.4859919997425,12.9268949996511,0 77.48609599967619,12.9271749999844,0 77.48609699999869,12.9271790002118,0 77.4862009997529,12.9274570000981,0 77.4862149998954,12.9274960002378,0 77.48630000024831,12.9277299996501,0 77.4863149996052,12.9277700003763,0 77.4864059998571,12.9280220000039,0 77.4865729997334,12.9284820003653,0 77.48661499989601,12.9285979995714,0 77.4866840004098,12.9287879996151,0 77.48675199985991,12.9289899995788,0 77.4867990001386,12.9291299996598,0 77.48684600003629,12.9292720000859,0 77.48687400016441,12.9293569996713,0 77.4869230003757,12.9295010003331,0 77.48693100013379,12.9295259999541,0 77.4869950003179,12.9297169997795,0 77.48753399962661,12.931399000432,0 77.48766700014809,12.9318160004422,0 77.48785900041599,12.9324159998257,0 77.48791799973711,12.9325230001659,0 77.4879319999354,12.9325480003078,0 77.4879770000296,12.9325919999912,0 77.48803899986881,12.9326510001132,0 77.4882130002884,12.9327209999055,0 77.48838900009341,12.9327250003084,0 77.48895000000169,12.9325669997892,0 77.4893489995786,12.9324529999392,0 77.4895419998083,12.9323980003089,0 77.48971600005891,12.932347000111,0 77.4901520003601,12.9322230001764,0 77.49028299974211,12.932184999559,0 77.4904560004103,12.932185999618,0 77.49058400027511,12.9322909995564,0 77.49100400029511,12.9328849999121,0 77.4913370000483,12.9333549997182,0 77.4913619997194,12.9331679998177,0 77.49136799973211,12.9318950002183,0 77.4913519997454,12.9318420000049,0 77.49123999978249,12.9315620000942,0 77.4911179995492,12.9313489999336,0 77.49096700033191,12.9310860002964,0 77.49076699993201,12.9305539996472,0 77.4907450001014,12.9304699996429,0 77.4906569998476,12.9301349997635,0 77.4906309996291,12.9299019997369,0 77.4905919997848,12.9295509998511,0 77.4905699997523,12.9293549997942,0 77.49056700035069,12.9293299995938,0 77.49052799957229,12.9289849998263,0 77.4905119996871,12.9288419997645,0 77.4904870004362,12.9286169996565,0 77.49048399993509,12.9285929996392,0 77.4904640002553,12.9282430000556,0 77.4904599996898,12.9281829995706,0 77.4904490003251,12.9279849998017,0 77.490445999862,12.9279740002842,0 77.4903620003718,12.9276980003465,0 77.4902869995646,12.9274470002248,0 77.490202999605,12.9271710001707,0 77.4901930002341,12.9271359999233,0 77.4901029997126,12.9267690002008,0 77.49004999990611,12.9265530003817,0 77.4899269996082,12.9261270004049,0 77.4899049996953,12.9260519999888,0 77.4896620004566,12.9255760000701,0 77.4895639996505,12.9253850001172,0 77.4895390000413,12.9253350001896,0 77.4895219999166,12.9253030003443,0 77.48939299982909,12.9250450003303,0 77.4893589998333,12.9249759997084,0 77.4892270003114,12.9241039996979,0 77.4892260004072,12.9240980000301,0 77.4891649998853,12.9235640002177,0 77.48913799976479,12.9233270002792,0 77.48912400034111,12.9233220000771,0 77.48910899992001,12.9233160002062,0 77.4890929998971,12.9233110001074,0 77.48879600004091,12.9231029995683,0 77.4887380002737,12.923061000262,0 77.4886259999378,12.9229819996033,0 77.488405999707,12.9227089998628,0 77.4880709998982,12.9228200004323,0 77.4880580001969,12.9227849996999,0 77.48785300023791,12.9220660002191,0 77.4878159998582,12.921934000239,0 77.48778600029461,12.9218279996419,0 77.4876010000839,12.9211770001945,0 77.48759299977161,12.921156000369,0 77.4877510003745,12.9209399998999,0 77.4877739998729,12.9207209997004,0 77.4891439998147,12.9213569997664,0 77.4900620000994,12.9217629997979,0 77.49102499963681,12.9221859997274,0 77.4918900003792,12.9225880003977,0 77.4927489996505,12.9229999998642,0 77.4935900002872,12.9233499998418,0 77.4943729997136,12.9237030004038,0 77.4951299995988,12.9240470003612,0 77.4959479999745,12.9244209996489,0 77.4964859999253,12.9246600002084,0 77.4967970003303,12.9248019996306,0 77.4972260000514,12.9249820000677,0 77.4975370000334,12.92514000033,0 77.4979809998964,12.925348999918,0 77.49821299992,12.9254810000984,0 77.4989749999275,12.9259710003752,0 77.49888299965031,12.9260320001176,0 77.498835999996,12.9262170004462,0 77.4985799998521,12.9275070004277,0 77.49857199975089,12.9282279996671,0 77.49856200024369,12.9291970001691,0 77.4986590003669,12.929866999565,0 77.49862699959441,12.9308060004084,0 77.4990969996277,12.9307069996171,0 77.4991500000873,12.9306969997258,0 77.49921000034369,12.9310230003309,0 77.4992500003592,12.9311820003447,0 77.4992769999123,12.9313250001858,0 77.4993289996354,12.9315619997571,0 77.4993890003463,12.9317880002565,0 77.4993160003656,12.9318199995731,0 77.4992799998732,12.9318770001112,0 77.4993159998278,12.9320570004399,0 77.4993540002054,12.9320789996887,0 77.4994049997363,12.9322639998709,0 77.49944699981749,12.9323010003852,0 77.4995240001998,12.9327460000656,0 77.4995329995965,12.9327989996935,0 77.49955100019631,12.9328999998798,0 77.4995669998509,12.9329919996272,0 77.499580999833,12.9330730003897,0 77.49959599970281,12.9331620001638,0 77.4996140002026,12.9332639996031,0 77.49962800005289,12.9333459996253,0 77.49964200033099,12.9334310001537,0 77.4996580004358,12.9335210004381,0 77.4996769998137,12.9336319999592,0 77.4996860000614,12.9336859997306,0 77.4997149999232,12.9338520004382,0 77.49974499989921,12.934024999973,0 77.4997540001913,12.9340789997354,0 77.4997660004572,12.9341499998493,0 77.4997869996462,12.9342670001722,0 77.4998059999519,12.9343789998211,0 77.49982100007421,12.9344680004487,0 77.49985699990479,12.9346770000765,0 77.4998939996602,12.9348889996483,0 77.499927999772,12.9350880004386,0 77.4999649998787,12.9352989998,0 77.49997999999751,12.9353889996613,0 77.49911800022549,12.9356740003242,0 77.4990869996775,12.9356850002421,0 77.4993979995845,12.9369060004094,0 77.4996369998841,12.9378930002941,0 77.4994320001754,12.9383059996503,0 77.4992840003929,12.9384369997306,0 77.4982290000769,12.9391390001748,0 77.49749600021499,12.9396449996665,0 77.4972110001314,12.9398369999991,0 77.49717999978201,12.9399219998935,0 77.4974449999298,12.9405489996813,0 77.4975800002144,12.9408619997323,0 77.49626300007129,12.9415420002469,0 77.4959449998687,12.9417060000839,0 77.4956770001989,12.941818999928,0 77.49572999970979,12.9419920003989,0 77.4957509996697,12.9420150002738,0 77.495791999682,12.9420380001868,0 77.49585799967829,12.9420820001583,0 77.49588600004689,12.9421430000998,0 77.4959130003917,12.9422690000814,0 77.4959830002676,12.9424410001149,0 77.49600000011991,12.9424359999903,0 77.4963779999058,12.9423110003389,0 77.49645200038201,12.9424950000844,0 77.4965259996202,12.9426450002548,0 77.4965990003858,12.9428790000531,0 77.49666699965719,12.9428600004535,0 77.49674900022769,12.9428369997434,0 77.49681499964601,12.9428180002927,0 77.496851999776,12.942911999959,0 77.4968650003559,12.942946999808,0 77.4969000003606,12.9430429999924,0 77.4969369996484,12.9431369996421,0 77.4969420000071,12.9431510002283,0 77.4969500004385,12.9431710002114,0 77.4969469999631,12.9431620003012,0 77.49698100036279,12.9432540003152,0 77.4970270004297,12.9433740004044,0 77.4970389999404,12.9434079997156,0 77.49705900044199,12.9434590002869,0 77.4971200000563,12.9436200001208,0 77.4971329999769,12.9436539997761,0 77.4971759997829,12.9437699998606,0 77.49722399973891,12.9438909998617,0 77.49723199988691,12.9439290002168,0 77.49728500041969,12.9440579997346,0 77.49734199984449,12.9440420001227,0 77.49739999963209,12.9440259999484,0 77.4974390002605,12.9441350000304,0 77.4974469999362,12.944175999988,0 77.4974739999098,12.9442680001024,0 77.4979719997324,12.9440820001457,0 77.49832299989239,12.9448869998899,0 77.4983310001777,12.9449200002204,0 77.49888499980079,12.9447150003998,0 77.49918300025671,12.9446039996438,0 77.49938300042641,12.9445309999117,0 77.4996939998029,12.9444140003485,0 77.5001200001316,12.9442719997842,0 77.50012299996359,12.9443029997686,0 77.500702999574,12.9466400002265,0 77.49886700016449,12.947100999619,0 77.49853599999309,12.9472260004345,0 77.4983579998059,12.9472419996708,0 77.498288000409,12.9472460002388,0 77.49822100032669,12.9472500000393,0 77.49815699956839,12.947253999978,0 77.49810199972229,12.9472570001692,0 77.4980419995904,12.9472609996708,0 77.49798499987941,12.9472640000376,0 77.49793000002219,12.9472670001932,0 77.49787399960189,12.9472710001624,0 77.4978299999274,12.9472599999576,0 77.4976879995844,12.9472719998878,0 77.49763799965319,12.9472760001102,0 77.49757600038519,12.9472809998677,0 77.4975570001621,12.9472819996598,0 77.4975440004431,12.9472829997569,0 77.4974840001135,12.9472880002093,0 77.4974620003895,12.9472900000052,0 77.4974550002529,12.9472910004151,0 77.4974329997743,12.9472920000441,0 77.4974030004383,12.9472949998857,0 77.49735399996089,12.9472990004138,0 77.4972689996322,12.9473060004478,0 77.49722900006491,12.9473090003451,0 77.4971790000934,12.9473129995786,0 77.49712799974191,12.9473170002587,0 77.497129000096,12.9473279997907,0 77.49708499988,12.9473310000615,0 77.49704700016051,12.9473339997393,0 77.4970040003346,12.947337000348,0 77.49685399980341,12.9473470002673,0 77.4967690001033,12.9473500003517,0 77.4967430000673,12.9472909999091,0 77.49640900044839,12.9472999997523,0 77.495953000311,12.9473120001769,0 77.49467800014069,12.9474459996915,0 77.4936209998888,12.9475640002238,0 77.49331200029179,12.9475700003232,0 77.49299600042571,12.947577000353,0 77.4926630001995,12.9475840000124,0 77.4925969999061,12.9475839998738,0 77.4923430001151,12.9475780000094,0 77.4919799999638,12.9475650003621,0 77.49171199992981,12.9475550002589,0 77.49162099960201,12.9475609996732,0 77.49159900030349,12.9475600002604,0 77.4912160003479,12.9475520001247,0 77.49072900002371,12.9475420003229,0 77.4907270001446,12.9475419995635,0 77.49072299960019,12.947531999903,0 77.4907129998317,12.9474730001615,0 77.4906970003981,12.9473719997678,0 77.4904949996774,12.947385999627,0 77.4904759996648,12.9473900003384,0 77.4905320004479,12.9475829996548,0 77.4905159997007,12.9475919996898,0 77.4903880000079,12.9477020002657,0 77.49032400037871,12.9477580002598,0 77.4902509996341,12.9478199996936,0 77.49017999965611,12.9478819998675,0 77.49009799992621,12.947953000133,0 77.49000800017561,12.9480310003727,0 77.48992999996371,12.9480979996175,0 77.4898850000466,12.9481370001718,0 77.489832000123,12.9481829998056,0 77.4897950001604,12.9482150003609,0 77.48976400009199,12.948241000339,0 77.48963999987279,12.9483490000288,0 77.4895380003904,12.9484370000391,0 77.48950799975,12.9484630003841,0 77.4894579996437,12.9485059996807,0 77.4893770000991,12.9485759999905,0 77.48935699971329,12.9485929998514,0 77.4892719997423,12.9486660000427,0 77.4892499999833,12.9486850003819,0 77.4891590000085,12.9487640002102,0 77.4891309995692,12.948788000033,0 77.48912400015151,12.9487940002077,0 77.48900499963131,12.9488969998192,0 77.4889739995921,12.9489219995528,0 77.4889419999581,12.9489429999919,0 77.4888830002087,12.9489789999198,0 77.4887100004194,12.9490879995592,0 77.48869200034891,12.9491069996035,0 77.4888359999631,12.9493420001745,0 77.4886279996732,12.9494049998404,0 77.48858600028341,12.9494180003888,0 77.4883870002822,12.9495510004413,0 77.4881009997669,12.9497419995732,0 77.4878220001149,12.9499359999029,0 77.48656800005899,12.9507859995741,0 77.4863579996134,12.9509280002447,0 77.4864099998692,12.9512520001179,0 77.48640600040071,12.9513730003289,0 77.48625399955969,12.9517860000698,0 77.4864289998698,12.9527169996749,0 77.48671100028059,12.954098000017,0 77.4870140000065,12.9555080000782,0 77.4870639997112,12.955759000087,0 77.4870759997213,12.9558610003383,0 77.48713299988501,12.9564060003041,0 77.48720800007079,12.957000999793,0 77.487278999596,12.9575390001404,0 77.4872980002922,12.9576679997079,0 77.48764699961301,12.9589900003525,0 77.4881729998901,12.9607419996976,0 77.4877249999758,12.9609120002565,0 77.48740600006001,12.9610340003419,0 77.48709399986311,12.9611530004358,0 77.4868370003488,12.9612490000966,0 77.48680200006611,12.9612629999696,0 77.4868039996984,12.961337999649,0 77.4865759997613,12.9614449995724,0 77.4865540004342,12.9614560002726,0 77.4865109998519,12.9614759999087,0 77.4864570002151,12.9614120001766,0 77.4861639999024,12.9615369995815,0 77.4861289999405,12.9615489999201,0 77.4857909997022,12.9616930002912,0 77.48535399991979,12.9618810002936,0 77.48550800040771,12.9622970001405,0 77.4857469996103,12.9629229998664,0 77.4860400003502,12.9636949999755,0 77.48619999974029,12.9641119996739,0 77.4862169996881,12.9640830001448,0 77.4862520002978,12.9640740002651,0 77.48626399970669,12.9641230000775,0 77.4862629998847,12.9643349995545,0 77.4862540000714,12.9644140002407,0 77.4862530003532,12.9644239998297,0 77.48623500039081,12.9645789997677,0 77.48623100017559,12.964611999599,0 77.4862260000515,12.9646560001031,0 77.4862239995871,12.9646720003847,0 77.48621200029891,12.9647780002111,0 77.4861980002521,12.9649059995858,0 77.4861920004584,12.9649459998928,0 77.4861640002156,12.9651889999414,0 77.48620899974109,12.9652050002239,0 77.48623099989869,12.9652419999159,0 77.486673999877,12.9659619997646,0 77.4866939995833,12.9659880002892,0 77.4868449999947,12.9662309999418,0 77.4868779996583,12.9662840002631,0 
						</coordinates>
					</LinearRing>
				</outerBoundaryIs>
			</Polygon>
		</Placemark>
	</Document>
	<Document>
		<name>Ward NO.131.kml</name>
		<StyleMap id="m_ylw-pushpin7">
			<Pair>
				<key>normal</key>
				<styleUrl>#s_ylw-pushpin7</styleUrl>
			</Pair>
			<Pair>
				<key>highlight</key>
				<styleUrl>#s_ylw-pushpin_hl7</styleUrl>
			</Pair>
		</StyleMap>
		<Style id="s_ylw-pushpin7">
			<IconStyle>
				<scale>1.1</scale>
				<Icon>
					<href>http://maps.google.com/mapfiles/kml/pushpin/ylw-pushpin.png</href>
				</Icon>
				<hotSpot x="20" y="2" xunits="pixels" yunits="pixels"/>
			</IconStyle>
			<LineStyle>
				<color>ffffff55</color>
				<width>3</width>
			</LineStyle>
			<PolyStyle>
				<fill>0</fill>
			</PolyStyle>
		</Style>
		<Style id="s_ylw-pushpin_hl7">
			<IconStyle>
				<scale>1.3</scale>
				<Icon>
					<href>http://maps.google.com/mapfiles/kml/pushpin/ylw-pushpin.png</href>
				</Icon>
				<hotSpot x="20" y="2" xunits="pixels" yunits="pixels"/>
			</IconStyle>
			<LineStyle>
				<color>ffffff55</color>
				<width>3</width>
			</LineStyle>
			<PolyStyle>
				<fill>0</fill>
			</PolyStyle>
		</Style>
		<Placemark>
			<name>Ward NO.131.kml</name>
			<styleUrl>#m_ylw-pushpin7</styleUrl>
			<Polygon>
				<tessellate>1</tessellate>
				<outerBoundaryIs>
					<LinearRing>
						<coordinates>
							77.52250099986681,12.949697000055,0 77.52225699970769,12.9500320002064,0 77.5220049996974,12.95037799988,0 77.521935000079,12.9504749995986,0 77.52175200042851,12.9507250002165,0 77.5217340000091,12.9507500003561,0 77.5214699996431,12.9510939999674,0 77.52145299970149,12.9511170000404,0 77.52116999967861,12.9514839999382,0 77.52096700006371,12.9517200001238,0 77.5207940004402,12.9519230001905,0 77.52056799992231,12.9522649998359,0 77.5203999998526,12.9525800004088,0 77.52012500044199,12.9532150001211,0 77.52003100005309,12.9534600000751,0 77.5197669998184,12.9541939999496,0 77.519690999647,12.9545260001037,0 77.5194540004353,12.9545759997275,0 77.51899600035441,12.9546809998044,0 77.5188439995638,12.954716000151,0 77.5188449996578,12.9547200001383,0 77.51886999999741,12.9548580003579,0 77.51889599997401,12.9549470004032,0 77.51892799993649,12.9550679998099,0 77.51895099982011,12.955154999637,0 77.5189809999742,12.9552520001638,0 77.51900200001241,12.9553150002144,0 77.5190319999043,12.9554040003835,0 77.51905000004589,12.9554619997524,0 77.5190810003929,12.9555510001691,0 77.518499999987,12.9557910000547,0 77.5184480000369,12.9558120003248,0 77.51842500006489,12.9556449996493,0 77.51837100007521,12.9554120002174,0 77.5182650002608,12.9552590002806,0 77.5179989997412,12.9549820001866,0 77.51758099954721,12.954529999734,0 77.51716599970089,12.9540740003246,0 77.5165069998562,12.9528879998867,0 77.516170999765,12.9523279997664,0 77.51573199998749,12.9515909998349,0 77.5153150002982,12.9508870001986,0 77.51491199999229,12.950434000092,0 77.51433700015571,12.9500119999946,0 77.51397799965859,12.9498069995968,0 77.5135150004174,12.9497299998316,0 77.5127999996199,12.9498470001664,0 77.5125539996766,12.9498699995531,0 77.5124139997514,12.9498490002187,0 77.5118890000913,12.9493440004389,0 77.5118330000039,12.9492639998162,0 77.5118449997201,12.9492419998226,0 77.5119920003489,12.9491270004086,0 77.5122150003174,12.9489910001331,0 77.5125640004246,12.9487560000612,0 77.5127699996941,12.948575999984,0 77.5128649999359,12.9484589999809,0 77.5128689997816,12.9483279999438,0 77.51285700036431,12.9481500002862,0 77.5128229999094,12.9479980001656,0 77.512932999667,12.9478080000644,0 77.51337600026039,12.9475980001626,0 77.51389800004991,12.9473570004259,0 77.514666000367,12.9470349998165,0 77.5150069997362,12.9468260000673,0 77.5153770002168,12.9463439999499,0 77.5157870002807,12.9458539996866,0 77.51599899991599,12.9454809995692,0 77.516324999929,12.9451819999605,0 77.5167320000842,12.9448959995951,0 77.5169679995749,12.944645999979,0 77.5170290003276,12.9444820001197,0 77.51705899991251,12.944327000245,0 77.5170309996296,12.9442299996349,0 77.5169940001164,12.9441690003816,0 77.5169440001883,12.9441210004395,0 77.51688600044319,12.9440989996456,0 77.51684400045581,12.9440829997687,0 77.51684000001841,12.9440820002976,0 77.516759000272,12.944068999856,0 77.5165840004021,12.9441329995722,0 77.5163859998663,12.9441439996353,0 77.51628199967919,12.9440959996339,0 77.5161909996453,12.9439909996294,0 77.51592799985031,12.9433580003621,0 77.515903000289,12.9430929998342,0 77.5158670004094,12.9426339995904,0 77.5157659998934,12.9424409995962,0 77.5155879998141,12.9421820003396,0 77.5155260002966,12.9421489998491,0 77.5154740001892,12.9421210003102,0 77.5153779996796,12.942068999623,0 77.51504500028931,12.9420250003645,0 77.5148579996541,12.9420170000334,0 77.51475999989189,12.9419700002049,0 77.5147090003302,12.9418349999081,0 77.5147259997311,12.9415279999746,0 77.5146839995618,12.941211000231,0 77.51455299963909,12.9408659998083,0 77.5144879998017,12.9407259999324,0 77.5145040003146,12.9405049998916,0 77.5145719999458,12.940456000174,0 77.51466800038069,12.9403090001354,0 77.5146990003345,12.9402030003338,0 77.5146869997949,12.9398719998147,0 77.51464500038639,12.9397890004318,0 77.51430399970749,12.9394169998007,0 77.5141669999782,12.9392809999806,0 77.513942999992,12.9388900002156,0 77.5137289996043,12.9386490001425,0 77.51369899956499,12.9385310002485,0 77.5135209995551,12.9384519996564,0 77.51329000030201,12.9384180002916,0 77.51316599986789,12.9384190004472,0 77.51296399956919,12.938392999911,0 77.5128979998368,12.9383610002373,0 77.5128480000934,12.9383289999289,0 77.5127979998859,12.9382689996043,0 77.5127769995523,12.9382249997335,0 77.51277600022679,12.9381680001493,0 77.5128360003348,12.9373679999875,0 77.5128379998614,12.9373059996047,0 77.512885999717,12.9372409999323,0 77.5129700002572,12.9371799999762,0 77.5129720001343,12.9371790004171,0 77.5131419995982,12.9369630003343,0 77.51323699970629,12.9368399999393,0 77.5134620002088,12.9364900000148,0 77.5137559998675,12.9358319998853,0 77.5137900004151,12.9357559995914,0 77.5144519999883,12.9359389998872,0 77.5157750001469,12.936143999615,0 77.51634800025209,12.9362269998259,0 77.5165909999334,12.936266000094,0 77.51697199964021,12.936323000005,0 77.51722500045921,12.9363289999677,0 77.5178059995671,12.9363290004123,0 77.51847299984929,12.9363240002725,0 77.5186220003343,12.9363359995805,0 77.5194889996437,12.936564999989,0 77.5203119999787,12.9368390003968,0 77.52040100029581,12.9369020001694,0 77.52067199990771,12.9370929997625,0 77.5211900001803,12.9376489995646,0 77.5213530003045,12.9378229999403,0 77.5215889997062,12.9380170002002,0 77.5218080000607,12.9381890003627,0 77.5218940000529,12.9382419998322,0 77.52203199955881,12.9383499999122,0 77.5221800001075,12.9384540001035,0 77.52233599963991,12.9385599999073,0 77.5224569997301,12.9386010001882,0 77.52290100018659,12.9388959996361,0 77.5229769999585,12.9389619998678,0 77.5231099998459,12.939078000051,0 77.5233349999056,12.9392960000041,0 77.5235430000134,12.939528000167,0 77.5235599998049,12.9395480004145,0 77.52376500024501,12.9397929997399,0 77.5238120003449,12.9398509999746,0 77.52383900001379,12.9398830000968,0 77.5238930004288,12.9399450000109,0 77.52392499957431,12.9399829996213,0 77.5239689999195,12.9400370002342,0 77.5241340002074,12.9402430000461,0 77.5241789997248,12.9403019998314,0 77.5242189999254,12.9403529998043,0 77.52426099971029,12.9404069998392,0 77.5245050002697,12.9407230001747,0 77.52456500023099,12.9408010002516,0 77.5246060004264,12.9408740001476,0 77.524637000265,12.9409280000137,0 77.5247600000244,12.9411489999254,0 77.52481999975799,12.9412480004168,0 77.5249010004127,12.9413900000988,0 77.5252410000592,12.9419200002411,0 77.5257099998728,12.9426009995913,0 77.5257850001327,12.9427159995495,0 77.5258609998446,12.9428319998779,0 77.5260610000081,12.9431100002685,0 77.5261570004577,12.9432450001359,0 77.5261839995642,12.9432829999058,0 77.5262840003158,12.9434239997853,0 77.5263510003891,12.9435179997578,0 77.5265019999509,12.9437290000413,0 77.52653100010259,12.9437629996265,0 77.5266589999996,12.9439080004056,0 77.52724999961011,12.9444770001012,0 77.5273099997066,12.9445349998091,0 77.5276359997012,12.944828000218,0 77.5277900003785,12.9449659999471,0 77.52803400015659,12.9451880001487,0 77.52801700043651,12.9453600003395,0 77.52801600023891,12.9454520004096,0 77.52740299980491,12.9455850000767,0 77.52652599965801,12.9457750000686,0 77.5264149999856,12.9458209999776,0 77.5266670003523,12.9462950000778,0 77.5265540003155,12.9463479997584,0 77.52650999960569,12.9464040003139,0 77.5266149999275,12.9473200000662,0 77.5267189997644,12.9481400001836,0 77.52671900024509,12.948435999805,0 77.5267210003349,12.9485389996092,0 77.52672399980079,12.9486799999876,0 77.5267279999309,12.9488699998803,0 77.5267539996463,12.9492699997651,0 77.52678300041831,12.9495099996232,0 77.52681499965129,12.949769000358,0 77.526846000422,12.9499539995724,0 77.5268610000025,12.9500410000388,0 77.5268940001849,12.9502369995698,0 77.52692999970991,12.9504530001158,0 77.5269330001302,12.9504680003804,0 77.5269790001005,12.9506990001201,0 77.5270179999219,12.9509179999779,0 77.52705899994891,12.9511509996893,0 77.5270979998008,12.9513740001078,0 77.52713800000301,12.9516000002871,0 77.52716899970341,12.9517840001239,0 77.5271769996898,12.9518310000642,0 77.5272100004369,12.9520310000467,0 77.5272870000862,12.9524899997126,0 77.5273249997434,12.9526819996209,0 77.5272600002242,12.952698999568,0 77.5270180001275,12.9527419997014,0 77.5266870001884,12.9527999997828,0 77.5265610003773,12.9528210001675,0 77.5263910001553,12.9528539999725,0 77.5262069997483,12.9528900004013,0 77.5261740002835,12.9528959997471,0 77.5260000000826,12.9529309995646,0 77.5258069995492,12.952968999685,0 77.52556300020311,12.9529860004387,0 77.5255480000975,12.9528399999438,0 77.5255300002749,12.9526670000357,0 77.52551899975779,12.9525600001009,0 77.5255140001744,12.9525150001829,0 77.52550400003619,12.9524259996034,0 77.5255020001072,12.9524100003018,0 77.52548500027839,12.9522640002028,0 77.52548200043429,12.9522390001934,0 77.5254659997385,12.9520999995951,0 77.52516800026279,12.9520839997997,0 77.5248150003958,12.9520689999103,0 77.5245359998858,12.952054999823,0 77.5242009995977,12.952055999635,0 77.52418000000731,12.9516109995813,0 77.52419099975251,12.951610000346,0 77.5241879996592,12.9515759998264,0 77.52411799993671,12.9509420002426,0 77.5241040004184,12.9507969998732,0 77.52410100038681,12.9503790002105,0 77.5240969996497,12.9498619995941,0 77.5241019997319,12.949634000267,0 77.5241140003611,12.9496080001739,0 77.52414799967779,12.9495899995693,0 77.5242549998038,12.9495620002235,0 77.52442700028961,12.9495099997399,0 77.5245550000583,12.9494660003376,0 77.524556000019,12.9493949996758,0 77.52455100010761,12.9493770002041,0 77.5243299995754,12.9494280001742,0 77.5241050000391,12.9494810001749,0 77.5239490003372,12.9495129995725,0 77.52383300019859,12.9495300002773,0 77.5232580002687,12.949568999961,0 77.5231150002605,12.9495789996904,0 77.5231000000453,12.9495650000683,0 77.5228179999387,12.9494550001527,0 77.5227760001538,12.9494459998285,0 77.5226960001455,12.949429999586,0 77.52250099986681,12.949697000055,0 
						</coordinates>
					</LinearRing>
				</outerBoundaryIs>
			</Polygon>
		</Placemark>
	</Document>
	<Document>
		<name>Ward NO.132.kml</name>
		<StyleMap id="m_ylw-pushpin8">
			<Pair>
				<key>normal</key>
				<styleUrl>#s_ylw-pushpin8</styleUrl>
			</Pair>
			<Pair>
				<key>highlight</key>
				<styleUrl>#s_ylw-pushpin_hl8</styleUrl>
			</Pair>
		</StyleMap>
		<Style id="s_ylw-pushpin8">
			<IconStyle>
				<scale>1.1</scale>
				<Icon>
					<href>http://maps.google.com/mapfiles/kml/pushpin/ylw-pushpin.png</href>
				</Icon>
				<hotSpot x="20" y="2" xunits="pixels" yunits="pixels"/>
			</IconStyle>
			<LineStyle>
				<color>ffffff55</color>
				<width>3</width>
			</LineStyle>
			<PolyStyle>
				<fill>0</fill>
			</PolyStyle>
		</Style>
		<Style id="s_ylw-pushpin_hl8">
			<IconStyle>
				<scale>1.3</scale>
				<Icon>
					<href>http://maps.google.com/mapfiles/kml/pushpin/ylw-pushpin.png</href>
				</Icon>
				<hotSpot x="20" y="2" xunits="pixels" yunits="pixels"/>
			</IconStyle>
			<LineStyle>
				<color>ffffff55</color>
				<width>3</width>
			</LineStyle>
			<PolyStyle>
				<fill>0</fill>
			</PolyStyle>
		</Style>
		<Placemark>
			<name>Ward NO.132.kml</name>
			<styleUrl>#m_ylw-pushpin8</styleUrl>
			<Polygon>
				<tessellate>1</tessellate>
				<outerBoundaryIs>
					<LinearRing>
						<coordinates>
							77.530419000214,12.9646840003877,0 77.5298640001989,12.9648360000316,0 77.5294400000094,12.964946000169,0 77.5293430001323,12.964932999668,0 77.5280120001735,12.9647839996455,0 77.5275190003502,12.9647440004328,0 77.5268830001806,12.9646810003862,0 77.5267359999484,12.9646580004216,0 77.52673899993169,12.9646210000626,0 77.5264360002019,12.9645980003494,0 77.52645099954211,12.9645719998876,0 77.52650599959949,12.9643909997297,0 77.52660999989401,12.9640469998409,0 77.5267790000122,12.9636499996536,0 77.5267789995623,12.9636379996606,0 77.5267780002721,12.963561999742,0 77.52676199993179,12.9633010001943,0 77.526743000072,12.9631359999269,0 77.5266999998706,12.9630429995519,0 77.52663800041449,12.9627520002196,0 77.5266549995535,12.9626590000828,0 77.5267949997624,12.9621640002798,0 77.5268039995954,12.9619899996653,0 77.5267520003493,12.9619890001836,0 77.5267150004057,12.961981999639,0 77.52631899973061,12.961984999773,0 77.52630300024551,12.9620279998291,0 77.5263140003218,12.9622470001657,0 77.5262700002218,12.9622370001987,0 77.5262240002204,12.9622259996074,0 77.52615899967719,12.9622090000153,0 77.5260979998487,12.9621939998242,0 77.526049000461,12.962182000151,0 77.52603500008961,12.9621790000544,0 77.5260009996578,12.9621699998111,0 77.52599600031721,12.962169000295,0 77.5258629997781,12.9621360004129,0 77.5258339996152,12.9621279996554,0 77.5258119995823,12.9621230000803,0 77.5257769996492,12.9621139995661,0 77.5257300001831,12.9621030004472,0 77.52570299992681,12.9620960002942,0 77.5256209996523,12.9620749995773,0 77.5256039998938,12.9620710004013,0 77.525587999629,12.9620669996568,0 77.5255439996206,12.9620560003072,0 77.5254990000941,12.9620449998062,0 77.52548600016441,12.9620419999083,0 77.5253960001194,12.9620220000919,0 77.5250320001477,12.9619420004424,0 77.52500299997121,12.9619349997352,0 77.52490199994929,12.9619130004353,0 77.5248119998093,12.9618769997784,0 77.5247439998017,12.9618630004391,0 77.52463699998179,12.9618409995958,0 77.52461100014879,12.9618349997053,0 77.5245710000254,12.9618250003805,0 77.5245419999233,12.9618170003679,0 77.5244520000727,12.9617949998904,0 77.5244170001623,12.9617870002315,0 77.5243539996122,12.9617720000254,0 77.5243079997779,12.9617599998142,0 77.5241940000778,12.9617319997931,0 77.524095000137,12.9617089995764,0 77.52402100010789,12.9617000002534,0 77.5239510002459,12.9617030000878,0 77.5238369997754,12.961708000422,0 77.5237369997762,12.9617129995755,0 77.5236859998396,12.9617150001739,0 77.5236800000157,12.9617149996215,0 77.5236709998329,12.9617150001522,0 77.52356100012901,12.9617200004258,0 77.52351999986981,12.9617219998094,0 77.52347999983201,12.9617280000388,0 77.5233179998641,12.9619009996983,0 77.5232499997016,12.9619739997081,0 77.52325100024279,12.9620899996159,0 77.5232510003826,12.9621720004083,0 77.52316800001481,12.9621960001047,0 77.52312600026541,12.9621959997887,0 77.52308799967111,12.9622259996212,0 77.52277399978659,12.9621660002598,0 77.5224709996793,12.9620820004293,0 77.5224310003442,12.9620580004171,0 77.5224009999809,12.9620309997075,0 77.5223519995499,12.9619910004312,0 77.5223409999199,12.961981999939,0 77.5222600000518,12.9619009999723,0 77.5221560000511,12.9618110001098,0 77.5220509997427,12.9617510000421,0 77.5219999996353,12.9617389999682,0 77.5218639998257,12.9617399996724,0 77.5216110002735,12.961754000052,0 77.5215180002659,12.9617600002675,0 77.5213450004278,12.9617699999445,0 77.5208389998273,12.9618009999487,0 77.5207619997414,12.9618000001589,0 77.520731000458,12.9617810001924,0 77.5206689997226,12.9617339997777,0 77.5206359997099,12.9616850000744,0 77.5205789995844,12.9615079997435,0 77.5205580002622,12.9614439998424,0 77.52050999969229,12.9612510001966,0 77.5205029998413,12.9612309998305,0 77.5204140000621,12.9609569997158,0 77.5203979999375,12.9608700002155,0 77.5203889995549,12.9608179997976,0 77.52037000007979,12.9606339998416,0 77.5203599996053,12.9605089995929,0 77.5203450003627,12.9604299997596,0 77.5203089999502,12.9603719996165,0 77.5202640000217,12.960331999944,0 77.5195800003892,12.9599060003472,0 77.5194829999301,12.9598240003494,0 77.51942899993951,12.9597730000531,0 77.5193669999566,12.9596750002758,0 77.5196120002947,12.9596320003479,0 77.5203510001721,12.9595200002279,0 77.52059100033109,12.9594819998272,0 77.52169400041259,12.9593000004375,0 77.52231700004511,12.9592339999961,0 77.5226489999197,12.9592019999583,0 77.5227999998733,12.9591869998403,0 77.5230409997104,12.9591589999803,0 77.5236409995756,12.9590910004392,0 77.5236730003339,12.95908700041,0 77.5239220004183,12.95905899991,0 77.52415399955849,12.9590170001625,0 77.5241790000662,12.9590140003388,0 77.52426699981091,12.9590019999461,0 77.52454700040479,12.9589609998724,0 77.52471599986259,12.9589319999934,0 77.5248820004562,12.9588910001677,0 77.52520900037131,12.9587880003763,0 77.52530400018961,12.9587549999447,0 77.5254820000257,12.9586750003402,0 77.52554400035859,12.9586500004275,0 77.52580600032429,12.9585430002026,0 77.5258279997712,12.9585340004317,0 77.52633899990801,12.9583000004235,0 77.5270079998275,12.9579570000068,0 77.527546999622,12.9576789997156,0 77.52774799976351,12.957555000212,0 77.52804500013811,12.957366000152,0 77.5281419997566,12.9573080000696,0 77.5284080001383,12.9571080000015,0 77.52862299987891,12.9569239996099,0 77.528320999641,12.955982999694,0 77.5280849999475,12.9552519995795,0 77.5279560003747,12.9548340002136,0 77.527846000446,12.9544860002524,0 77.5276969997267,12.9540619995923,0 77.52763700005831,12.953866000448,0 77.52756800013771,12.9536389999343,0 77.5275339997802,12.9535300000069,0 77.5274619997972,12.9533039997822,0 77.5274049995937,12.9530950001639,0 77.52737499969901,12.9529330003644,0 77.5273670003392,12.9528900001388,0 77.5273249997434,12.9526819996209,0 77.5272870000862,12.9524899997126,0 77.5272100004369,12.9520310000467,0 77.5271769996898,12.9518310000642,0 77.52716899970341,12.9517840001239,0 77.52713800000301,12.9516000002871,0 77.5270979998008,12.9513740001078,0 77.52705899994891,12.9511509996893,0 77.5270179999219,12.9509179999779,0 77.5269790001005,12.9506990001201,0 77.5269330001302,12.9504680003804,0 77.52692999970991,12.9504530001158,0 77.5268940001849,12.9502369995698,0 77.5268610000025,12.9500410000388,0 77.526846000422,12.9499539995724,0 77.52681499965129,12.949769000358,0 77.52678300041831,12.9495099996232,0 77.5267539996463,12.9492699997651,0 77.5267279999309,12.9488699998803,0 77.52672399980079,12.9486799999876,0 77.5267210003349,12.9485389996092,0 77.52671900024509,12.948435999805,0 77.5267189997644,12.9481400001836,0 77.5266149999275,12.9473200000662,0 77.52650999960569,12.9464040003139,0 77.5265540003155,12.9463479997584,0 77.5266670003523,12.9462950000778,0 77.5272290003215,12.9473469996655,0 77.5282899995654,12.9489179998754,0 77.5295109998072,12.9508219999468,0 77.5300970000749,12.9513389999348,0 77.5312159996313,12.9519640001653,0 77.5333739997842,12.952620000374,0 77.5342719997724,12.9529390002388,0 77.53478700017619,12.9531950002594,0 77.5359009999507,12.9540359997023,0 77.5351190002756,12.9548540000631,0 77.53484399986699,12.9552299995936,0 77.5347000003426,12.9555949997476,0 77.5345680000358,12.9561390003655,0 77.5345029995818,12.9564850003544,0 77.5344740003208,12.9566540000241,0 77.5343849999649,12.9570150000113,0 77.5341480004335,12.9576160001151,0 77.5340930003874,12.9577279997293,0 77.53393199979389,12.9580650004246,0 77.5337779998859,12.9584000004241,0 77.5334340003338,12.9591529996027,0 77.5333799997983,12.9592869998837,0 77.5332990004149,12.9594519999977,0 77.5331590000542,12.9598019995674,0 77.5331140004451,12.9599810001387,0 77.5330990003479,12.9601090003817,0 77.5331359999052,12.9603470003664,0 77.5332120002837,12.9606999998746,0 77.53333999975889,12.961057999909,0 77.533695000325,12.9618630001826,0 77.53416699995719,12.9629499999325,0 77.5347520003463,12.9643640000093,0 77.5345019999574,12.9644630000132,0 77.5341599997742,12.9645759997198,0 77.53381799991431,12.9646209999812,0 77.5334229997126,12.9646740001791,0 77.53302400021551,12.964730000322,0 77.5329970004329,12.9647290000785,0 77.5325349997609,12.9646709997719,0 77.5323279998379,12.9646669997903,0 77.53217500040481,12.9646640001571,0 77.5320420004529,12.9646620002299,0 77.53201499974089,12.9646609998913,0 77.5317449999317,12.9646549995751,0 77.5317279998816,12.9646549996319,0 77.5314379996168,12.9646480000852,0 77.5314270003354,12.9646479995703,0 77.5311290001069,12.9646459996308,0 77.5308269999214,12.9646440003037,0 77.53062199970191,12.9646419996759,0 77.530419000214,12.9646840003877,0 
						</coordinates>
					</LinearRing>
				</outerBoundaryIs>
			</Polygon>
		</Placemark>
	</Document>
	<Document>
		<name>Ward NO.133.kml</name>
		<StyleMap id="m_ylw-pushpin9">
			<Pair>
				<key>normal</key>
				<styleUrl>#s_ylw-pushpin9</styleUrl>
			</Pair>
			<Pair>
				<key>highlight</key>
				<styleUrl>#s_ylw-pushpin_hl9</styleUrl>
			</Pair>
		</StyleMap>
		<Style id="s_ylw-pushpin9">
			<IconStyle>
				<scale>1.1</scale>
				<Icon>
					<href>http://maps.google.com/mapfiles/kml/pushpin/ylw-pushpin.png</href>
				</Icon>
				<hotSpot x="20" y="2" xunits="pixels" yunits="pixels"/>
			</IconStyle>
			<LineStyle>
				<color>ffffff55</color>
				<width>3</width>
			</LineStyle>
			<PolyStyle>
				<fill>0</fill>
			</PolyStyle>
		</Style>
		<Style id="s_ylw-pushpin_hl9">
			<IconStyle>
				<scale>1.3</scale>
				<Icon>
					<href>http://maps.google.com/mapfiles/kml/pushpin/ylw-pushpin.png</href>
				</Icon>
				<hotSpot x="20" y="2" xunits="pixels" yunits="pixels"/>
			</IconStyle>
			<LineStyle>
				<color>ffffff55</color>
				<width>3</width>
			</LineStyle>
			<PolyStyle>
				<fill>0</fill>
			</PolyStyle>
		</Style>
		<Placemark>
			<name>Ward NO.133.kml</name>
			<styleUrl>#m_ylw-pushpin9</styleUrl>
			<Polygon>
				<tessellate>1</tessellate>
				<outerBoundaryIs>
					<LinearRing>
						<coordinates>
							77.5347520003463,12.9643640000093,0 77.53416699995719,12.9629499999325,0 77.533695000325,12.9618630001826,0 77.53333999975889,12.961057999909,0 77.5332120002837,12.9606999998746,0 77.5331359999052,12.9603470003664,0 77.5330990003479,12.9601090003817,0 77.5331140004451,12.9599810001387,0 77.5331590000542,12.9598019995674,0 77.5332990004149,12.9594519999977,0 77.5333799997983,12.9592869998837,0 77.5334340003338,12.9591529996027,0 77.5337779998859,12.9584000004241,0 77.53393199979389,12.9580650004246,0 77.5340930003874,12.9577279997293,0 77.5341480004335,12.9576160001151,0 77.5343849999649,12.9570150000113,0 77.5344740003208,12.9566540000241,0 77.5345029995818,12.9564850003544,0 77.5345680000358,12.9561390003655,0 77.5347000003426,12.9555949997476,0 77.53484399986699,12.9552299995936,0 77.5351190002756,12.9548540000631,0 77.5359009999507,12.9540359997023,0 77.5359829996039,12.9539589995964,0 77.5360470003142,12.9538990001232,0 77.5362309999865,12.9537260001742,0 77.5363360004104,12.9536130002828,0 77.5363899997908,12.95355600011,0 77.5365320000124,12.9534040001023,0 77.53662899970099,12.9533080001014,0 77.5367249997708,12.9530989998588,0 77.5368239997165,12.9527960002162,0 77.53685500037609,12.9527009998931,0 77.5370000003083,12.9522559997461,0 77.5370779996535,12.9520080002571,0 77.5371879998158,12.9516529998172,0 77.5372269998232,12.9515289996177,0 77.53749699992269,12.9507930003309,0 77.5375570002056,12.9506759998406,0 77.5376740004033,12.9504469998814,0 77.537828999837,12.9505869997603,0 77.5380150000536,12.9507290004145,0 77.5382619996675,12.950815000198,0 77.5384509997665,12.9508630002551,0 77.5390180003549,12.9510339997572,0 77.539189999844,12.9511420000148,0 77.53936100002571,12.9512609996944,0 77.5394749999291,12.951339999959,0 77.53972800023971,12.9515160003165,0 77.54004299968589,12.9517339998191,0 77.540211999834,12.9518449999965,0 77.5408840002481,12.9522839997078,0 77.54115499996119,12.9524529997243,0 77.5412550000072,12.9525159996307,0 77.5413389998067,12.9526050002632,0 77.54168499985271,12.95297100018,0 77.5416220000569,12.9530019995702,0 77.54105499989021,12.9531529998774,0 77.54072300027759,12.9532409997465,0 77.540744999567,12.953455999803,0 77.5407679996846,12.9537110002491,0 77.5407980002675,12.9540110001701,0 77.5403390004214,12.9540509996733,0 77.5401229996456,12.9540709998208,0 77.53994499972799,12.9540880000706,0 77.53976400043609,12.954104000401,0 77.5395860004208,12.9541219996526,0 77.5393340001478,12.9541429998177,0 77.53908800028999,12.9541660002526,0 77.5388669999444,12.9541870003938,0 77.5388869999621,12.9544380001833,0 77.5389129997567,12.9547309998484,0 77.538938000209,12.9550230000613,0 77.5389750002446,12.9553950003514,0 77.5389969997657,12.9556799998759,0 77.53901400009821,12.9559410004463,0 77.5390420003874,12.9562280004373,0 77.5390690002619,12.9564849995739,0 77.5391029996875,12.9568089995905,0 77.5391239996287,12.9569599996714,0 77.5391749995956,12.9572660002431,0 77.5392230002455,12.9575480004194,0 77.53925600005751,12.9577549997941,0 77.5392570000607,12.9579839999711,0 77.5399940000343,12.9588019997739,0 77.5405150001483,12.9594679998401,0 77.5410050003499,12.9601810003826,0 77.5416830001375,12.9611779996916,0 77.5423729997227,12.9621310002532,0 77.5428530004579,12.9628000001692,0 77.54340899964031,12.9635830000051,0 77.5435690001389,12.9637769999413,0 77.5437389997379,12.9639430002099,0 77.54382499998771,12.9640240001688,0 77.5438599998339,12.9640449997483,0 77.5436300003592,12.964328999698,0 77.5432710000948,12.9642989997811,0 77.5432039998786,12.964292999628,0 77.5430640002602,12.9642690002117,0 77.54278400026919,12.9642629997614,0 77.5423439998868,12.9642510001487,0 77.5419999998804,12.9642369995744,0 77.5416149999653,12.9642309998556,0 77.5411109996046,12.9642210000774,0 77.5410580001377,12.9642319996462,0 77.5405660001086,12.9643320000985,0 77.5400179995854,12.9644449997219,0 77.5395619998618,12.9646020002063,0 77.53913600031581,12.9647509997575,0 77.538597999971,12.9649400002157,0 77.538213999655,12.9650780000385,0 77.5383100000039,12.9655479995897,0 77.5383879997122,12.965943999687,0 77.5384710003286,12.9663599998364,0 77.5385639998685,12.9668300003551,0 77.538647000361,12.9672409996147,0 77.53873099987671,12.9676530000245,0 77.5388240002116,12.9681470000211,0 77.5376910001691,12.9684229997263,0 77.5374990004037,12.968487999855,0 77.5369820001016,12.9686759995568,0 77.536949000093,12.9686870004023,0 77.53676499965511,12.9687310003551,0 77.53666500041641,12.9684219997309,0 77.5362589997566,12.967440000084,0 77.5355130004522,12.9660219999891,0 77.535485000286,12.9659610002273,0 77.5347520003463,12.9643640000093,0 
						</coordinates>
					</LinearRing>
				</outerBoundaryIs>
			</Polygon>
		</Placemark>
	</Document>
	<Document>
		<name>Ward NO.134.kml</name>
		<StyleMap id="m_ylw-pushpin10">
			<Pair>
				<key>normal</key>
				<styleUrl>#s_ylw-pushpin10</styleUrl>
			</Pair>
			<Pair>
				<key>highlight</key>
				<styleUrl>#s_ylw-pushpin_hl10</styleUrl>
			</Pair>
		</StyleMap>
		<Style id="s_ylw-pushpin10">
			<IconStyle>
				<scale>1.1</scale>
				<Icon>
					<href>http://maps.google.com/mapfiles/kml/pushpin/ylw-pushpin.png</href>
				</Icon>
				<hotSpot x="20" y="2" xunits="pixels" yunits="pixels"/>
			</IconStyle>
			<LineStyle>
				<color>ffffff55</color>
				<width>3</width>
			</LineStyle>
			<PolyStyle>
				<fill>0</fill>
			</PolyStyle>
		</Style>
		<Style id="s_ylw-pushpin_hl10">
			<IconStyle>
				<scale>1.3</scale>
				<Icon>
					<href>http://maps.google.com/mapfiles/kml/pushpin/ylw-pushpin.png</href>
				</Icon>
				<hotSpot x="20" y="2" xunits="pixels" yunits="pixels"/>
			</IconStyle>
			<LineStyle>
				<color>ffffff55</color>
				<width>3</width>
			</LineStyle>
			<PolyStyle>
				<fill>0</fill>
			</PolyStyle>
		</Style>
		<Placemark>
			<name>Ward NO.134.kml</name>
			<styleUrl>#m_ylw-pushpin10</styleUrl>
			<Polygon>
				<tessellate>1</tessellate>
				<outerBoundaryIs>
					<LinearRing>
						<coordinates>
							77.5392570000607,12.9579839999711,0 77.53925600005751,12.9577549997941,0 77.5392230002455,12.9575480004194,0 77.5391749995956,12.9572660002431,0 77.5391239996287,12.9569599996714,0 77.5391029996875,12.9568089995905,0 77.5390690002619,12.9564849995739,0 77.5390420003874,12.9562280004373,0 77.53901400009821,12.9559410004463,0 77.5389969997657,12.9556799998759,0 77.5389750002446,12.9553950003514,0 77.538938000209,12.9550230000613,0 77.5389129997567,12.9547309998484,0 77.5388869999621,12.9544380001833,0 77.5388669999444,12.9541870003938,0 77.53908800028999,12.9541660002526,0 77.5393340001478,12.9541429998177,0 77.5395860004208,12.9541219996526,0 77.53976400043609,12.954104000401,0 77.53994499972799,12.9540880000706,0 77.5401229996456,12.9540709998208,0 77.5403390004214,12.9540509996733,0 77.5407980002675,12.9540110001701,0 77.5407679996846,12.9537110002491,0 77.540744999567,12.953455999803,0 77.54072300027759,12.9532409997465,0 77.54105499989021,12.9531529998774,0 77.5416220000569,12.9530019995702,0 77.54168499985271,12.95297100018,0 77.54180099969599,12.9530899997078,0 77.5420500000873,12.9533479998465,0 77.5422569999764,12.9535099995736,0 77.5423009999124,12.9535440003572,0 77.54250799984879,12.9536320003084,0 77.5430009997483,12.9537879997184,0 77.54349400011959,12.9539439998852,0 77.54370599987691,12.9540779996806,0 77.5437990003899,12.9541469998171,0 77.5438550001507,12.9542009996815,0 77.5441199997183,12.9544600001129,0 77.544220000162,12.9545569996962,0 77.5449950000894,12.9552169996581,0 77.545241999672,12.9553850001807,0 77.5456329997197,12.955619000346,0 77.5463710002783,12.9560609997027,0 77.54646600033119,12.9561060001671,0 77.54659900022681,12.9561679998904,0 77.54668200004031,12.9562070002573,0 77.54685399966429,12.9562689996506,0 77.5471479998095,12.9563439998339,0 77.5477089997805,12.9564650000556,0 77.54780299968991,12.95648500002,0 77.5484260000963,12.9565979997407,0 77.5480710001052,12.9572139999147,0 77.54796900041249,12.9573970002729,0 77.54794499998169,12.9574389996312,0 77.5477539996956,12.9577799997843,0 77.5477220000727,12.9578310000352,0 77.5476290003934,12.9580280000041,0 77.54743400028811,12.9583870000978,0 77.5472729999601,12.9586859998913,0 77.54712700011829,12.9589689997693,0 77.5469110004077,12.9593769995491,0 77.5466570004323,12.959812999909,0 77.54650799965999,12.9600609998353,0 77.546375999826,12.9603029997377,0 77.5463340003177,12.9603829996148,0 77.5462870001727,12.9604769997282,0 77.5462770004554,12.9604959998619,0 77.5461040000171,12.96081600038,0 77.5460210003377,12.9609550000949,0 77.5459519995795,12.9610849998694,0 77.545875000355,12.9611970004135,0 77.54582899973769,12.9612740001332,0 77.54575300024911,12.9613960003847,0 77.5455590000838,12.9617160001526,0 77.5452050001952,12.962259999825,0 77.5452310004364,12.9622730003233,0 77.5454880003546,12.9624180004231,0 77.5455719995656,12.9625240002192,0 77.5455949998514,12.9625989996753,0 77.545558999859,12.9626869997667,0 77.54536399995941,12.9628150001462,0 77.544937999908,12.9629840000178,0 77.544755000281,12.9630969998772,0 77.5446920000053,12.9631400002263,0 77.54461700019471,12.9630679999378,0 77.5444500000951,12.9632819998701,0 77.5443420003174,12.9634230000971,0 77.5442349999193,12.9635639995638,0 77.5439919995608,12.9638829997275,0 77.5438599998339,12.9640449997483,0 77.54382499998771,12.9640240001688,0 77.5437389997379,12.9639430002099,0 77.5435690001389,12.9637769999413,0 77.54340899964031,12.9635830000051,0 77.5428530004579,12.9628000001692,0 77.5423729997227,12.9621310002532,0 77.5416830001375,12.9611779996916,0 77.5410050003499,12.9601810003826,0 77.5405150001483,12.9594679998401,0 77.5399940000343,12.9588019997739,0 77.5392570000607,12.9579839999711,0 
						</coordinates>
					</LinearRing>
				</outerBoundaryIs>
			</Polygon>
		</Placemark>
	</Document>
	<Document>
		<name>Ward NO.158.kml</name>
		<StyleMap id="m_ylw-pushpin11">
			<Pair>
				<key>normal</key>
				<styleUrl>#s_ylw-pushpin11</styleUrl>
			</Pair>
			<Pair>
				<key>highlight</key>
				<styleUrl>#s_ylw-pushpin_hl11</styleUrl>
			</Pair>
		</StyleMap>
		<Style id="s_ylw-pushpin11">
			<IconStyle>
				<scale>1.1</scale>
				<Icon>
					<href>http://maps.google.com/mapfiles/kml/pushpin/ylw-pushpin.png</href>
				</Icon>
				<hotSpot x="20" y="2" xunits="pixels" yunits="pixels"/>
			</IconStyle>
			<LineStyle>
				<color>ffffff55</color>
				<width>3</width>
			</LineStyle>
			<PolyStyle>
				<fill>0</fill>
			</PolyStyle>
		</Style>
		<Style id="s_ylw-pushpin_hl11">
			<IconStyle>
				<scale>1.3</scale>
				<Icon>
					<href>http://maps.google.com/mapfiles/kml/pushpin/ylw-pushpin.png</href>
				</Icon>
				<hotSpot x="20" y="2" xunits="pixels" yunits="pixels"/>
			</IconStyle>
			<LineStyle>
				<color>ffffff55</color>
				<width>3</width>
			</LineStyle>
			<PolyStyle>
				<fill>0</fill>
			</PolyStyle>
		</Style>
		<Placemark>
			<name>Ward NO.158.kml</name>
			<styleUrl>#m_ylw-pushpin11</styleUrl>
			<Polygon>
				<tessellate>1</tessellate>
				<outerBoundaryIs>
					<LinearRing>
						<coordinates>
							77.5266670003523,12.9462950000778,0 77.5264149999856,12.9458209999776,0 77.52652599965801,12.9457750000686,0 77.52740299980491,12.9455850000767,0 77.52801600023891,12.9454520004096,0 77.52801700043651,12.9453600003395,0 77.52803400015659,12.9451880001487,0 77.5281180001212,12.945263999875,0 77.52909200006749,12.9449259999927,0 77.52933800043741,12.9448100001259,0 77.5295009999347,12.9446809996806,0 77.5296190001194,12.9445870003013,0 77.5296960003031,12.9444930004418,0 77.5298589998923,12.9442640002554,0 77.53011100025159,12.9439040000323,0 77.53029099988539,12.943623000374,0 77.5305610001371,12.9431869999633,0 77.53089600002031,12.9426119998878,0 77.5316470002909,12.9412180002651,0 77.5323269999607,12.9400539998614,0 77.5330560000795,12.9388649995775,0 77.5332649997919,12.9385440004401,0 77.53335199976119,12.9384089998193,0 77.5334320002631,12.9382980002626,0 77.5335850002125,12.9380589997839,0 77.5336220002909,12.9380039998541,0 77.53374099960629,12.9378019999918,0 77.5338609995616,12.9376139996679,0 77.5339560001449,12.9374349996592,0 77.5341389998066,12.9367970003268,0 77.53424599959919,12.9366060002698,0 77.53430700044829,12.9364960001919,0 77.5345030001795,12.9362999998577,0 77.5356929997449,12.9356559996328,0 77.5364159997339,12.9352889999417,0 77.53649399955719,12.9352439999735,0 77.5366319995463,12.9351700003104,0 77.5369820002779,12.9349819996931,0 77.5372030002235,12.9348590001475,0 77.5376319998967,12.9346150000043,0 77.5379360001521,12.9344349999027,0 77.5382180004566,12.9342559996596,0 77.53897900010401,12.933800000045,0 77.5393259999136,12.9336580001886,0 77.539353999726,12.9337770003169,0 77.5393970003374,12.9339899997593,0 77.53954199957531,12.9344479996486,0 77.53970799958191,12.9351009998118,0 77.539950999731,12.9358069999214,0 77.54008199984619,12.9361489996393,0 77.5402779996719,12.9366769996501,0 77.5404880003522,12.9372139997375,0 77.5406289999484,12.9375590003657,0 77.54064800032801,12.9376129999844,0 77.54013500015,12.9377390002062,0 77.5399160000415,12.9377880003772,0 77.5393900004218,12.9378880002012,0 77.5392690002336,12.9383710001456,0 77.53913000037571,12.9389490001899,0 77.5390270003072,12.9393929999569,0 77.53896899973191,12.9396840003145,0 77.538960000361,12.9397960001144,0 77.5389009996847,12.9403669997581,0 77.5388679997715,12.9406810002603,0 77.5388180002971,12.9410270001676,0 77.5388130001337,12.9410650001061,0 77.5387859997477,12.9415659997066,0 77.5387400003946,12.9422950002045,0 77.53868999973081,12.9431580001604,0 77.53867400018819,12.9434760001009,0 77.5391319995579,12.9434819997036,0 77.53951400018281,12.9434729996696,0 77.5400719998664,12.9434450004197,0 77.54050000036909,12.9434179998043,0 77.5411609998568,12.9433629995713,0 77.5411739997331,12.9433620000661,0 77.54163199986451,12.9433390002197,0 77.5423199995769,12.9433140000376,0 77.542338999647,12.9433129997671,0 77.5429510003775,12.9432810001641,0 77.543374000323,12.943240000189,0 77.5438059996705,12.9432199995723,0 77.5443889998658,12.9432060003334,0 77.5444680000973,12.9432030002184,0 77.5448570001605,12.9431950001324,0 77.5448920000631,12.9431910002361,0 77.5449420004565,12.9431860000833,0 77.5451960003045,12.9431250003171,0 77.5454919997654,12.9430289999716,0 77.54577899980799,12.9429440002144,0 77.54585000042999,12.9429220002194,0 77.5460639997319,12.9428540000491,0 77.5463799998068,12.9427659996766,0 77.5466840002935,12.9426839995827,0 77.54714399990451,12.9425730002577,0 77.54723900011381,12.9425539997898,0 77.5476280000523,12.9424759997066,0 77.54800599978419,12.9424029997923,0 77.5480389996399,12.9423969998062,0 77.5484229998727,12.9423160001062,0 77.54844700042359,12.9423119997956,0 77.5486409998293,12.9422759997693,0 77.54871500025151,12.942262999873,0 77.5488170000049,12.9422530003136,0 77.549118000314,12.9422249999719,0 77.54913700015339,12.9422229999932,0 77.54933599982159,12.9422070002721,0 77.5494469997567,12.9421980002157,0 77.5495579996379,12.9421879999781,0 77.54976400045631,12.9421679995763,0 77.5498709999131,12.9421589996302,0 77.550023999812,12.9421459998874,0 77.5500090002088,12.9421920001788,0 77.5500320003932,12.9423120001028,0 77.5500660000605,12.9423930000571,0 77.5501250002638,12.9424610002826,0 77.5502410004447,12.9426300003158,0 77.5502829998151,12.9427259998643,0 77.5502929995626,12.9427990004246,0 77.5502959996525,12.9428229996097,0 77.55030500030981,12.9429040001836,0 77.550306999802,12.9429210000817,0 77.5500580003245,12.9429580003008,0 77.5500500001114,12.9429749995651,0 77.5498679997976,12.9433249999227,0 77.5498279995759,12.9434099998399,0 77.54981099956289,12.9434650001468,0 77.54973500011189,12.9438250001294,0 77.5496929998675,12.9440289996009,0 77.5496719998725,12.9441469996978,0 77.5496370001563,12.944326999708,0 77.5496160003095,12.9444249998053,0 77.54956100024771,12.9446329996222,0 77.5494899996755,12.9449520002772,0 77.549478999941,12.9449869997052,0 77.54946499978649,12.9449889996185,0 77.5494689999145,12.9449799999192,0 77.54880500019731,12.9450689996713,0 77.54885100045141,12.9453850001946,0 77.5485000001089,12.9454400002852,0 77.54819400029341,12.9454900000891,0 77.5477750001746,12.9455590002628,0 77.5470609996886,12.9456899999822,0 77.5469199996528,12.9457070000021,0 77.5469640002111,12.9459349996726,0 77.54693899976409,12.9459360002372,0 77.54674399977161,12.9459460003111,0 77.5465750004161,12.9459500000925,0 77.54632299955991,12.9459559998273,0 77.546151000009,12.945959999742,0 77.546001999597,12.9459759996388,0 77.545972999696,12.9458289997901,0 77.5459119996523,12.9458369996979,0 77.54589800026621,12.9458370000521,0 77.5458909995568,12.9458330001382,0 77.5458819996127,12.9458130003818,0 77.5458749996168,12.9457610001561,0 77.5458350000261,12.9457089997969,0 77.5455570001228,12.9457910003595,0 77.5454129997441,12.9454700001803,0 77.5453519998662,12.9453090000291,0 77.5450429995809,12.9453999995776,0 77.54471799995341,12.9454960003371,0 77.5445009995899,12.9455599996862,0 77.5444849995949,12.945565000316,0 77.5442100002634,12.945651999795,0 77.54400300034359,12.9457169997504,0 77.5438959999739,12.9457460003812,0 77.5435839999497,12.9458309997224,0 77.54355100040949,12.9458399996559,0 77.5432769995605,12.9459140002427,0 77.5429740003748,12.9460020000335,0 77.5429479995465,12.9460089999801,0 77.5426549998833,12.9460929997693,0 77.54264899962131,12.9460949998747,0 77.5423699999432,12.9461660000725,0 77.54236000010209,12.9461689995833,0 77.5420730001069,12.9462379995692,0 77.5420639996927,12.9462400000204,0 77.5417409996147,12.9463160004133,0 77.5414720001274,12.9463970002683,0 77.5414469995553,12.9464050004022,0 77.5413019996839,12.9464509999627,0 77.54116499976431,12.9464819997205,0 77.5411430002262,12.9464869999511,0 77.5408710000393,12.9465509999062,0 77.5408560002178,12.9465540002378,0 77.5406789996882,12.946596000173,0 77.54053999975081,12.9466220003516,0 77.5402710002066,12.9466730002495,0 77.540096999572,12.9467070001543,0 77.54006099955529,12.9467139997412,0 77.54001599998981,12.9467159996096,0 77.5398539998873,12.9467080001786,0 77.5395240003832,12.946592000056,0 77.5390240003142,12.946397999682,0 77.5389650004086,12.9463870002103,0 77.5384719995715,12.9463989996877,0 77.53841299959841,12.9463989998563,0 77.5380330000846,12.9458509998824,0 77.53804799986619,12.9453939995729,0 77.5371699999186,12.9455020002605,0 77.5379009998539,12.946087000373,0 77.5381240002974,12.9466199999599,0 77.5383140002064,12.9472919999766,0 77.53835699989941,12.9478629998611,0 77.5383689997179,12.9486419999312,0 77.5383869995549,12.9487210002956,0 77.5383619995569,12.9487230002282,0 77.5381199997872,12.9487300000305,0 77.5379460000981,12.9485930004486,0 77.537901999959,12.948387000177,0 77.5379060001958,12.9482919999757,0 77.5377969999379,12.9484120002379,0 77.53753299999261,12.948609999979,0 77.5374000000192,12.9489280003627,0 77.5373779995459,12.9492369997946,0 77.5374500000581,12.9494120003719,0 77.5382950003475,12.949917000022,0 77.5384000000538,12.9501540001074,0 77.53847499978841,12.9503979998333,0 77.5384629999088,12.9507630000166,0 77.5384509997665,12.9508630002551,0 77.5382619996675,12.950815000198,0 77.5380150000536,12.9507290004145,0 77.537828999837,12.9505869997603,0 77.5376740004033,12.9504469998814,0 77.5375570002056,12.9506759998406,0 77.53749699992269,12.9507930003309,0 77.5372269998232,12.9515289996177,0 77.5371879998158,12.9516529998172,0 77.5370779996535,12.9520080002571,0 77.5370000003083,12.9522559997461,0 77.53685500037609,12.9527009998931,0 77.5368239997165,12.9527960002162,0 77.5367249997708,12.9530989998588,0 77.53662899970099,12.9533080001014,0 77.5365320000124,12.9534040001023,0 77.5363899997908,12.95355600011,0 77.5363360004104,12.9536130002828,0 77.5362309999865,12.9537260001742,0 77.5360470003142,12.9538990001232,0 77.5359829996039,12.9539589995964,0 77.5359009999507,12.9540359997023,0 77.53478700017619,12.9531950002594,0 77.5342719997724,12.9529390002388,0 77.5333739997842,12.952620000374,0 77.5312159996313,12.9519640001653,0 77.5300970000749,12.9513389999348,0 77.5295109998072,12.9508219999468,0 77.5282899995654,12.9489179998754,0 77.5272290003215,12.9473469996655,0 77.5266670003523,12.9462950000778,0 
						</coordinates>
					</LinearRing>
				</outerBoundaryIs>
			</Polygon>
		</Placemark>
	</Document>
	<Document>
		<name>Ward NO.159.kml</name>
		<StyleMap id="m_ylw-pushpin12">
			<Pair>
				<key>normal</key>
				<styleUrl>#s_ylw-pushpin12</styleUrl>
			</Pair>
			<Pair>
				<key>highlight</key>
				<styleUrl>#s_ylw-pushpin_hl12</styleUrl>
			</Pair>
		</StyleMap>
		<Style id="s_ylw-pushpin12">
			<IconStyle>
				<scale>1.1</scale>
				<Icon>
					<href>http://maps.google.com/mapfiles/kml/pushpin/ylw-pushpin.png</href>
				</Icon>
				<hotSpot x="20" y="2" xunits="pixels" yunits="pixels"/>
			</IconStyle>
			<LineStyle>
				<color>ffffff55</color>
				<width>3</width>
			</LineStyle>
			<PolyStyle>
				<fill>0</fill>
			</PolyStyle>
		</Style>
		<Style id="s_ylw-pushpin_hl12">
			<IconStyle>
				<scale>1.3</scale>
				<Icon>
					<href>http://maps.google.com/mapfiles/kml/pushpin/ylw-pushpin.png</href>
				</Icon>
				<hotSpot x="20" y="2" xunits="pixels" yunits="pixels"/>
			</IconStyle>
			<LineStyle>
				<color>ffffff55</color>
				<width>3</width>
			</LineStyle>
			<PolyStyle>
				<fill>0</fill>
			</PolyStyle>
		</Style>
		<Placemark>
			<name>Ward NO.159.kml</name>
			<styleUrl>#m_ylw-pushpin12</styleUrl>
			<Polygon>
				<tessellate>1</tessellate>
				<outerBoundaryIs>
					<LinearRing>
						<coordinates>
							77.4913619997194,12.9331679998177,0 77.4913370000483,12.9333549997182,0 77.49100400029511,12.9328849999121,0 77.49058400027511,12.9322909995564,0 77.4904560004103,12.932185999618,0 77.49028299974211,12.932184999559,0 77.4901520003601,12.9322230001764,0 77.48971600005891,12.932347000111,0 77.4895419998083,12.9323980003089,0 77.4893489995786,12.9324529999392,0 77.48895000000169,12.9325669997892,0 77.48838900009341,12.9327250003084,0 77.4882130002884,12.9327209999055,0 77.48803899986881,12.9326510001132,0 77.4879770000296,12.9325919999912,0 77.4879319999354,12.9325480003078,0 77.48791799973711,12.9325230001659,0 77.48785900041599,12.9324159998257,0 77.48766700014809,12.9318160004422,0 77.48753399962661,12.931399000432,0 77.4869950003179,12.9297169997795,0 77.48693100013379,12.9295259999541,0 77.4869230003757,12.9295010003331,0 77.48687400016441,12.9293569996713,0 77.48684600003629,12.9292720000859,0 77.4867990001386,12.9291299996598,0 77.48675199985991,12.9289899995788,0 77.4866840004098,12.9287879996151,0 77.48661499989601,12.9285979995714,0 77.4865729997334,12.9284820003653,0 77.4864059998571,12.9280220000039,0 77.4863149996052,12.9277700003763,0 77.48630000024831,12.9277299996501,0 77.4862149998954,12.9274960002378,0 77.4862009997529,12.9274570000981,0 77.48609699999869,12.9271790002118,0 77.48609599967619,12.9271749999844,0 77.4859919997425,12.9268949996511,0 77.4858840002278,12.926605000287,0 77.4858020003559,12.9263849998399,0 77.48565999985929,12.9260039996025,0 77.4856249996854,12.9259099997259,0 77.48551000022989,12.9255989996635,0 77.4854980002662,12.9255669997331,0 77.4853559999858,12.9251860000527,0 77.48534799965709,12.9251650001532,0 77.48523500024859,12.9248599999493,0 77.48511699970101,12.92454299991,0 77.4849890001725,12.9241439996512,0 77.4849050000764,12.9238840004487,0 77.48443600025681,12.9240230001739,0 77.4840299998136,12.9241620003758,0 77.4836530000364,12.9242909995934,0 77.4832160000968,12.9244410002389,0 77.48275799982579,12.9246119996721,0 77.48249000033189,12.923905999944,0 77.4823099999718,12.9234270004272,0 77.4820450000837,12.9235339995863,0 77.4818479999136,12.9236140001896,0 77.4817410003069,12.9236580002297,0 77.48170999976161,12.923669999951,0 77.4815259999764,12.9237449995925,0 77.4814370004234,12.9237810003855,0 77.48141700004921,12.9238020001507,0 77.4814099995601,12.92377699976,0 77.48140500044811,12.9237599998849,0 77.4813679996146,12.9236739997119,0 77.4813329997599,12.9235939996814,0 77.4812679999699,12.9236199998952,0 77.4812340000655,12.9235160003704,0 77.4812059999973,12.9234309997056,0 77.48115599998189,12.923447000011,0 77.48111599981409,12.9233479996904,0 77.4810800000481,12.9232669998881,0 77.4809619999828,12.9229720000535,0 77.48002000018781,12.9233150004262,0 77.479026000292,12.9237049999217,0 77.47905899974791,12.9238170000336,0 77.479099000185,12.9239159998879,0 77.4791509996362,12.9240509999575,0 77.4793049999781,12.9241950003939,0 77.4794890000604,12.9246729999096,0 77.4794720002606,12.9247980002837,0 77.4792609996138,12.9247479996978,0 77.47915100007,12.9248229996557,0 77.4790319998955,12.9248289999772,0 77.4790059997121,12.925004000275,0 77.4791169997136,12.9251029996728,0 77.4791650000285,12.9251849998277,0 77.4791230004469,12.9253029996806,0 77.4791309999337,12.9253930000293,0 77.47916400006589,12.9254470001392,0 77.4792660003103,12.9254460004115,0 77.4793729995417,12.9254550001806,0 77.47943600010299,12.9255980000647,0 77.4795069996501,12.9257050003679,0 77.4795949999999,12.9257439999762,0 77.4796279995421,12.9258259997736,0 77.4796600002951,12.9258769996962,0 77.4796040002507,12.925990999982,0 77.4796159996049,12.926091000265,0 77.4797049996541,12.9261869999634,0 77.47972799976159,12.9262979998301,0 77.4796739999809,12.9263269997204,0 77.4795720003662,12.9263710004027,0 77.4794809995462,12.9264259997757,0 77.4794159998782,12.9264980000766,0 77.47939099997539,12.9265739996248,0 77.4793839996435,12.9266059997906,0 77.47932199990549,12.9266710000937,0 77.47930799995071,12.9267250003711,0 77.479253999927,12.9267830001578,0 77.479164000325,12.9268730000513,0 77.47913500010669,12.9269270000871,0 77.47913600022279,12.9269850004439,0 77.47915099964951,12.9270310001911,0 77.4791179998933,12.9270710003927,0 77.4790599995726,12.9271140001436,0 77.4790459995827,12.9271499997893,0 77.4790499996999,12.9272010001637,0 77.4790609997938,12.927243000126,0 77.4791089995724,12.9272539996934,0 77.4791599997363,12.9272530001408,0 77.4792260000489,12.9272380000222,0 77.4793170002232,12.9272369998575,0 77.4793760000168,12.9272689999408,0 77.47939100039061,12.9273080001635,0 77.4793949997616,12.9273549997853,0 77.47942800044009,12.9273939997265,0 77.47947199993941,12.9273939999554,0 77.47952299995779,12.9273899997727,0 77.47953800035761,12.9273749999162,0 77.47957400007439,12.9273640000218,0 77.4796179997152,12.9273669998777,0 77.4796689997455,12.9273990000088,0 77.4797240002875,12.9273980002722,0 77.4797900004227,12.9273800003599,0 77.4798630003218,12.927379000299,0 77.48051800021101,12.9282459997102,0 77.480576999855,12.9282030000731,0 77.48050800022619,12.9281119995778,0 77.48121899980229,12.9277440002288,0 77.4818790004425,12.9287750003605,0 77.48223900033911,12.9294099997272,0 77.4822640001035,12.9295130002966,0 77.4787879999421,12.9302880003954,0 77.47719099986401,12.9304260002887,0 77.47717699972971,12.9298590002671,0 77.477172999557,12.9294979997532,0 77.4771609999019,12.9281880000061,0 77.4771320004031,12.9267200000628,0 77.47708300009729,12.9266859998742,0 77.47610400036081,12.9268319999893,0 77.4761049995621,12.9269009998404,0 77.474263000299,12.9270650004184,0 77.4740989998558,12.9266390003965,0 77.473966999835,12.9266209998284,0 77.4739179997148,12.9266139995542,0 77.4738330003795,12.9266019998857,0 77.4735030002102,12.9265559995985,0 77.4734140003096,12.926547999614,0 77.4733579996314,12.9263810000215,0 77.4729889997967,12.9251289996772,0 77.47273399955399,12.9242819997623,0 77.47263199966029,12.9238210002407,0 77.4725359997795,12.9237249996625,0 77.47245200014849,12.9234039997448,0 77.47202500039199,12.9220089997483,0 77.47194900011669,12.9217739997104,0 77.4717280000766,12.921071000253,0 77.4716969999368,12.9210549997834,0 77.4714299996936,12.9201919999535,0 77.4713240003245,12.9198529997751,0 77.47120199974199,12.9194720001576,0 77.4710399999089,12.9189939998951,0 77.4709309996838,12.9187679997207,0 77.4708080001447,12.9185699999762,0 77.4707880003584,12.9185339998214,0 77.4705059998042,12.9176509995814,0 77.4705170001784,12.9175650000599,0 77.4706260001677,12.9174120001117,0 77.470621000169,12.917250000057,0 77.4705740003991,12.9170129998792,0 77.47052099958159,12.9168080002528,0 77.47041800022249,12.9166059998337,0 77.47040899983161,12.9164269999849,0 77.4703499999744,12.9162510002546,0 77.4702030004063,12.915625000046,0 77.4701360001238,12.9153560001543,0 77.4701259995683,12.9152479998715,0 77.470092000435,12.915106999757,0 77.47002600013781,12.9149069999972,0 77.4698610004031,12.9146569998014,0 77.4698300000798,12.9145659998576,0 77.46948799961589,12.9135450000884,0 77.4693669997488,12.9132379996726,0 77.46918699992381,12.912810999715,0 77.4690150001918,12.9124050002422,0 77.46900999978089,12.9123930000098,0 77.4689040002345,12.9121529995465,0 77.4688800004032,12.9119740001987,0 77.46851899960021,12.9119719997818,0 77.46859200043809,12.9106929999968,0 77.4668320001245,12.9106359997486,0 77.46681200001299,12.9105880003422,0 77.46649099978571,12.9101249998038,0 77.4665919996233,12.9068459997832,0 77.46435599998161,12.906507999767,0 77.46430800037569,12.9065150002186,0 77.4640330002282,12.9064799996448,0 77.463678999645,12.9063789995835,0 77.46296599997279,12.9063779998214,0 77.46217600013711,12.9064439996129,0 77.4602289998398,12.9066129998923,0 77.4602479998008,12.9065820000491,0 77.46009100029529,12.9049989997616,0 77.4600790003249,12.9049510001169,0 77.46008700003181,12.9015480003937,0 77.4601990001953,12.9003499996335,0 77.4602360001317,12.9002020004198,0 77.45991599959549,12.8997430002222,0 77.46006200041541,12.8995870002607,0 77.4617290003615,12.8973499995946,0 77.4618079999095,12.8972550004403,0 77.4623850001303,12.8976229998073,0 77.4630050000989,12.8979859999801,0 77.46315299964949,12.8980730001157,0 77.4640070002782,12.8985120000715,0 77.4643710001732,12.8987369996082,0 77.4653229997881,12.8996340002608,0 77.4654080003374,12.8997139996485,0 77.46585400041501,12.9000080003516,0 77.46622299972751,12.9002240001148,0 77.4673980003994,12.9009699999716,0 77.46765000020319,12.9011300000045,0 77.46789000029371,12.9012929997579,0 77.4683439996172,12.9016029995899,0 77.4690059997524,12.9021309998646,0 77.4693529995736,12.9024369998422,0 77.469717000413,12.9028989997739,0 77.46982699999209,12.903038000173,0 77.4707239997833,12.9046010002658,0 77.4708269997079,12.9047289999067,0 77.47089600021,12.9048079997755,0 77.47099700045069,12.9049249998426,0 77.4711810002001,12.9050969999723,0 77.4721579997194,12.9056919998117,0 77.4726429997373,12.9060650004318,0 77.47322200037711,12.9065209998206,0 77.4732690001432,12.9065449995952,0 77.47389299966019,12.9068680003385,0 77.4739319998415,12.9068779998529,0 77.474290999603,12.9069690000678,0 77.47464299998811,12.9070239995597,0 77.4751469998025,12.9071019998147,0 77.4752139995537,12.9071120004472,0 77.4755869996405,12.9072670002065,0 77.4759170001776,12.9074880000212,0 77.4759649997101,12.9075150002652,0 77.4772080000141,12.9082749996205,0 77.4775049999251,12.9084579999931,0 77.4778160002341,12.9086270000829,0 77.4779800003042,12.9087149999659,0 77.4781119997174,12.9087699997969,0 77.4793350000655,12.9092780002561,0 77.4801029998782,12.909566000098,0 77.4803749997028,12.9096580001283,0 77.4810279998357,12.9098800002901,0 77.4811049995526,12.9099060003004,0 77.48116600010719,12.9099310002537,0 77.4817469999996,12.9101659996907,0 77.48185300001801,12.9102089999668,0 77.4819470002158,12.9102289997182,0 77.4819969999039,12.9102400001801,0 77.4821399998098,12.9102699996851,0 77.4825780001682,12.9102700003905,0 77.48262399967579,12.9102670000187,0 77.482641999884,12.9102660004492,0 77.48312600013899,12.9102389999537,0 77.48344699980341,12.9102220004079,0 77.4839440003026,12.9102090002865,0 77.48401500000629,12.9102079999658,0 77.48413600042019,12.9102250000307,0 77.4842870003104,12.9102670003377,0 77.4843420000164,12.9103200002258,0 77.4844399999769,12.9104229996766,0 77.4844600001536,12.9104870000799,0 77.4845249998087,12.9106989998476,0 77.4845459995506,12.9107660003131,0 77.4846039999078,12.9109389998392,0 77.4846569997713,12.9111130000974,0 77.48481600014919,12.9116489996553,0 77.48508200045261,12.9125539997542,0 77.4851029998906,12.9126049999105,0 77.48514700042379,12.9127099997863,0 77.48515800038651,12.9127370003431,0 77.48525099961491,12.9128510000463,0 77.4853340000903,12.9129229995475,0 77.4855700002509,12.9130820000564,0 77.4857740001036,12.9132010003147,0 77.48602399966521,12.9134449999826,0 77.486338999853,12.9138220001102,0 77.4873790001908,12.9148520002453,0 77.4876180000923,12.9150719997556,0 77.4878949998028,12.9153149998108,0 77.48819700011749,12.9155150001921,0 77.48850299956069,12.9156529996699,0 77.48870900016681,12.9157290000339,0 77.4892200002689,12.9160059996667,0 77.4895250003806,12.9162100001112,0 77.4899259996981,12.9166489995823,0 77.4905380001933,12.9174710002353,0 77.4905570003264,12.9176329996839,0 77.4907539995892,12.9179750002687,0 77.4911469995572,12.9186549995688,0 77.4914670000271,12.9191269998296,0 77.49186800019569,12.9194979999428,0 77.49270699955019,12.9201489996668,0 77.4929819996246,12.9206160004368,0 77.4934729999305,12.921410000075,0 77.49376100029311,12.9216329995616,0 77.4941640001493,12.9218169997917,0 77.49464699964901,12.9220530000982,0 77.4947309998572,12.9221009998843,0 77.4956890000356,12.9226489999556,0 77.4959110001501,12.9227420004135,0 77.4963280002826,12.9229179996665,0 77.4969560002374,12.9231239997119,0 77.4972699997378,12.9233340000302,0 77.4984340002492,12.9244709997009,0 77.49933200005221,12.9253490000314,0 77.4992829995436,12.9254599995911,0 77.4990189995505,12.9259090002317,0 77.4989749999275,12.9259710003752,0 77.49821299992,12.9254810000984,0 77.4979809998964,12.925348999918,0 77.4975370000334,12.92514000033,0 77.4972260000514,12.9249820000677,0 77.4967970003303,12.9248019996306,0 77.4964859999253,12.9246600002084,0 77.4959479999745,12.9244209996489,0 77.4951299995988,12.9240470003612,0 77.4943729997136,12.9237030004038,0 77.4935900002872,12.9233499998418,0 77.4927489996505,12.9229999998642,0 77.4918900003792,12.9225880003977,0 77.49102499963681,12.9221859997274,0 77.4900620000994,12.9217629997979,0 77.4891439998147,12.9213569997664,0 77.4877739998729,12.9207209997004,0 77.4877510003745,12.9209399998999,0 77.48759299977161,12.921156000369,0 77.4876010000839,12.9211770001945,0 77.48778600029461,12.9218279996419,0 77.4878159998582,12.921934000239,0 77.48785300023791,12.9220660002191,0 77.4880580001969,12.9227849996999,0 77.4880709998982,12.9228200004323,0 77.488405999707,12.9227089998628,0 77.4886259999378,12.9229819996033,0 77.4887380002737,12.923061000262,0 77.48879600004091,12.9231029995683,0 77.4890929998971,12.9233110001074,0 77.48910899992001,12.9233160002062,0 77.48912400034111,12.9233220000771,0 77.48913799976479,12.9233270002792,0 77.4891649998853,12.9235640002177,0 77.4892260004072,12.9240980000301,0 77.4892270003114,12.9241039996979,0 77.4893589998333,12.9249759997084,0 77.48939299982909,12.9250450003303,0 77.4895219999166,12.9253030003443,0 77.4895390000413,12.9253350001896,0 77.4895639996505,12.9253850001172,0 77.4896620004566,12.9255760000701,0 77.4899049996953,12.9260519999888,0 77.4899269996082,12.9261270004049,0 77.49004999990611,12.9265530003817,0 77.4901029997126,12.9267690002008,0 77.4901930002341,12.9271359999233,0 77.490202999605,12.9271710001707,0 77.4902869995646,12.9274470002248,0 77.4903620003718,12.9276980003465,0 77.490445999862,12.9279740002842,0 77.4904490003251,12.9279849998017,0 77.4904599996898,12.9281829995706,0 77.4904640002553,12.9282430000556,0 77.49048399993509,12.9285929996392,0 77.4904870004362,12.9286169996565,0 77.4905119996871,12.9288419997645,0 77.49052799957229,12.9289849998263,0 77.49056700035069,12.9293299995938,0 77.4905699997523,12.9293549997942,0 77.4905919997848,12.9295509998511,0 77.4906309996291,12.9299019997369,0 77.4906569998476,12.9301349997635,0 77.4907450001014,12.9304699996429,0 77.49076699993201,12.9305539996472,0 77.49096700033191,12.9310860002964,0 77.4911179995492,12.9313489999336,0 77.49123999978249,12.9315620000942,0 77.4913519997454,12.9318420000049,0 77.49136799973211,12.9318950002183,0 77.4913619997194,12.9331679998177,0 
						</coordinates>
					</LinearRing>
				</outerBoundaryIs>
			</Polygon>
		</Placemark>
	</Document>
	<Document>
		<name>Ward NO.161.kml</name>
		<StyleMap id="m_ylw-pushpin13">
			<Pair>
				<key>normal</key>
				<styleUrl>#s_ylw-pushpin13</styleUrl>
			</Pair>
			<Pair>
				<key>highlight</key>
				<styleUrl>#s_ylw-pushpin_hl13</styleUrl>
			</Pair>
		</StyleMap>
		<Style id="s_ylw-pushpin13">
			<IconStyle>
				<scale>1.1</scale>
				<Icon>
					<href>http://maps.google.com/mapfiles/kml/pushpin/ylw-pushpin.png</href>
				</Icon>
				<hotSpot x="20" y="2" xunits="pixels" yunits="pixels"/>
			</IconStyle>
			<LineStyle>
				<color>ffffff55</color>
				<width>3</width>
			</LineStyle>
			<PolyStyle>
				<fill>0</fill>
			</PolyStyle>
		</Style>
		<Style id="s_ylw-pushpin_hl13">
			<IconStyle>
				<scale>1.3</scale>
				<Icon>
					<href>http://maps.google.com/mapfiles/kml/pushpin/ylw-pushpin.png</href>
				</Icon>
				<hotSpot x="20" y="2" xunits="pixels" yunits="pixels"/>
			</IconStyle>
			<LineStyle>
				<color>ffffff55</color>
				<width>3</width>
			</LineStyle>
			<PolyStyle>
				<fill>0</fill>
			</PolyStyle>
		</Style>
		<Placemark>
			<name>Ward NO.161.kml</name>
			<styleUrl>#m_ylw-pushpin13</styleUrl>
			<Polygon>
				<tessellate>1</tessellate>
				<outerBoundaryIs>
					<LinearRing>
						<coordinates>
							77.5345030001795,12.9362999998577,0 77.53430700044829,12.9364960001919,0 77.53424599959919,12.9366060002698,0 77.5342270004309,12.9365889999243,0 77.53411300030599,12.9364759998594,0 77.5337550000897,12.9358240002307,0 77.533766000021,12.9358210004207,0 77.53376599994959,12.9358229998124,0 77.5340719997434,12.9358340003992,0 77.53400800018299,12.9356979997124,0 77.53395099966779,12.9355780001963,0 77.5339029996458,12.935475999872,0 77.5338739998413,12.9354130004425,0 77.53387399978,12.9353579995778,0 77.5338719995699,12.9352319995683,0 77.5338719996102,12.9352310003242,0 77.5338710003147,12.9350869996841,0 77.53387100035511,12.93508600044,0 77.53387299956,12.9349330000573,0 77.5337260001417,12.9349309996331,0 77.533712000295,12.9349320002791,0 77.5335640004448,12.9349329999869,0 77.5332610002972,12.9349360004437,0 77.5328560004032,12.9349779995721,0 77.5328580000524,12.9349300001562,0 77.5328639996862,12.9347920000787,0 77.53286000042711,12.9344159995715,0 77.5328620001398,12.9344160000264,0 77.5330090003597,12.9344149996386,0 77.53300599989809,12.9343270004143,0 77.53295299982391,12.9343270001991,0 77.5329520000179,12.9342140004292,0 77.53326700034761,12.93423699979,0 77.5332779999295,12.9341649997662,0 77.5331520003805,12.9341559999111,0 77.5331620003257,12.9340409996301,0 77.5331729999407,12.9339689996058,0 77.5336330001052,12.9339919995632,0 77.5337469995924,12.9337020003544,0 77.5337719997116,12.9336030003807,0 77.5339360001737,12.933134999638,0 77.534012000166,12.9330389997215,0 77.53408600045449,12.9329689995568,0 77.5341299996585,12.93265500019,0 77.53411400040071,12.9325419998718,0 77.5341710003657,12.9324319999831,0 77.5342520004133,12.9323170001699,0 77.5342619999975,12.9320899997285,0 77.5342670002312,12.9320459997873,0 77.53427000034741,12.9320150004111,0 77.5342770003175,12.9319420002659,0 77.534280000287,12.9319149996726,0 77.53428199975799,12.9318939997443,0 77.534296000426,12.9317540003301,0 77.5342570002977,12.931572000116,0 77.5342660003371,12.9307620003939,0 77.5342650000689,12.9307610000261,0 77.5342670000087,12.9305669999312,0 77.53434099995511,12.9303270001129,0 77.53446100034419,12.930172999707,0 77.53448599963779,12.9301409996761,0 77.5346210002369,12.9299710002159,0 77.53481900039711,12.9295910001265,0 77.534831999817,12.9295569998313,0 77.5348679996023,12.9295769999136,0 77.5348959999709,12.9295920001878,0 77.53499600023279,12.9295530003436,0 77.53513700010041,12.9294979999504,0 77.5351839995898,12.929541999611,0 77.535197999988,12.9295430001306,0 77.53519000006131,12.9293799997687,0 77.5351659995424,12.9293779996049,0 77.5350179998977,12.9293369997247,0 77.5349519997182,12.9293149999508,0 77.5349629998783,12.9292119999188,0 77.5349900000078,12.92911200026,0 77.53497900011931,12.9290389997561,0 77.53487400042231,12.9285300001847,0 77.5348370000582,12.9283340002047,0 77.53480600022731,12.9279080002669,0 77.5348240002599,12.9277099995806,0 77.5348510003019,12.9276130003873,0 77.53497199989179,12.927370999958,0 77.5350579997876,12.9272279999252,0 77.5351550003399,12.9271279995958,0 77.5353160000123,12.9270440004424,0 77.5362559998643,12.9267970004102,0 77.53692700027599,12.9266150003063,0 77.53686899974019,12.9263429996782,0 77.5367410004411,12.9258009995854,0 77.5367529996455,12.925268999655,0 77.5367890004008,12.9248199998595,0 77.5367959995464,12.9246299998984,0 77.5367669996858,12.9244809998647,0 77.5367349998041,12.92405900001,0 77.5367400000921,12.9238480001409,0 77.53683300020541,12.9235410000836,0 77.5369550002118,12.9234009999758,0 77.5370530002357,12.9233519997323,0 77.5371610003383,12.9233599999914,0 77.53733200005919,12.9233910000422,0 77.5376369996586,12.9234240002526,0 77.5377440000008,12.9234830002191,0 77.53824099985189,12.9238809997787,0 77.538323999859,12.9240849999694,0 77.53838600001561,12.9242429998433,0 77.5388649997241,12.9246679996426,0 77.5394099997505,12.9245929996287,0 77.5397290001428,12.9245570000018,0 77.5398159997718,12.924499999836,0 77.5399380001345,12.9244110004465,0 77.5402259995931,12.9242269997725,0 77.54029099974321,12.9241560001932,0 77.5402980001801,12.9240710002795,0 77.5402659997214,12.923331999798,0 77.5402210004594,12.9232339999782,0 77.5401690003653,12.9230780003266,0 77.54014999997671,12.923022000126,0 77.5401420001094,12.9229979995493,0 77.5400359995444,12.9224370001202,0 77.5399349997892,12.92218800034,0 77.5397069996723,12.9219299998469,0 77.5394129999147,12.9218739998785,0 77.5393700001175,12.9217710004056,0 77.53930099982099,12.9214219997391,0 77.5391319999016,12.9210330001317,0 77.539017999663,12.9207729999,0 77.5389929999676,12.9204480000456,0 77.53894299960319,12.9201999996659,0 77.53893599962861,12.9202020002731,0 77.5389280002486,12.9201299999036,0 77.5389099996883,12.920041000379,0 77.5387529997855,12.9197369997197,0 77.53860699959731,12.9195680000246,0 77.5385819996352,12.9193599997747,0 77.5386009995668,12.9192269999497,0 77.5386510000946,12.9191199996958,0 77.5388349996462,12.9188039997124,0 77.5388049999348,12.9187179998141,0 77.53857300018031,12.918486999661,0 77.5384349998283,12.9183650001155,0 77.53837299962569,12.9183189999297,0 77.5383350003619,12.9182210000754,0 77.53837699993529,12.9180780001663,0 77.53843100016761,12.9180160001373,0 77.5385240001159,12.9179419995573,0 77.5389089995594,12.9177250003814,0 77.5391999996223,12.9175360000935,0 77.539404999722,12.9174939997751,0 77.539879000417,12.9176980003749,0 77.5404580001331,12.9180189998422,0 77.54071899988119,12.9181850002022,0 77.54086499988431,12.9182729996614,0 77.5411889997507,12.9183920003092,0 77.5414159999722,12.9185150002379,0 77.5416799996018,12.9186839995651,0 77.54197400025571,12.9188009999112,0 77.5420149999845,12.918817999772,0 77.5420600001076,12.9189559995918,0 77.54207500035901,12.9190109996028,0 77.5422400002076,12.9194370003428,0 77.54225399954019,12.9194769998114,0 77.5423800000784,12.9196819999637,0 77.5424109999671,12.9197259997618,0 77.54250599989651,12.9198900004493,0 77.54263899994029,12.9200879998991,0 77.5427749998935,12.9203039996786,0 77.54282499973959,12.9203929996008,0 77.5429060002574,12.9205749998237,0 77.5429539995522,12.9206849995782,0 77.5430209997685,12.9208310000094,0 77.5430759998775,12.9209639998283,0 77.5431259996798,12.9211020002588,0 77.543171000228,12.9212209997051,0 77.5432090001202,12.9213149996578,0 77.54328100000571,12.9214859999585,0 77.5433570000753,12.9216640001795,0 77.543402000067,12.9217620001966,0 77.54346699961,12.9218819999661,0 77.5434870000781,12.9221060002428,0 77.5435039999615,12.922301000356,0 77.5435029995638,12.9223350004497,0 77.5434989997007,12.9225000003845,0 77.5434959995968,12.9225620004276,0 77.54349099996151,12.9226070003894,0 77.543477999831,12.9227149995723,0 77.5434559999246,12.9228739996965,0 77.54344700008529,12.9229400000456,0 77.54341300027509,12.923212000255,0 77.5434179996835,12.9232269997317,0 77.54344799989209,12.9233110002209,0 77.54351500017231,12.9235419996731,0 77.54352600019411,12.9235810000681,0 77.54359800007251,12.9238430002911,0 77.5436280003817,12.9239519997397,0 77.54369500029109,12.9241320000234,0 77.543699000408,12.9241439997697,0 77.5438070001674,12.9244399997991,0 77.54393300044561,12.9247699998084,0 77.5440469997345,12.9250570004131,0 77.5440649999866,12.9251229995531,0 77.5443270003458,12.9260540000091,0 77.544449999731,12.926003999813,0 77.5445940001575,12.9259469997906,0 77.5448020003227,12.9258629997098,0 77.5449620003067,12.9262100003082,0 77.5452019998795,12.9267330003111,0 77.54543400007459,12.9272329997394,0 77.54570599986189,12.9271200001344,0 77.5459580001133,12.9275689998914,0 77.5461119997517,12.9278439999294,0 77.546234999711,12.9280669996845,0 77.5459099997431,12.9283259999017,0 77.545576999883,12.9286180002645,0 77.54467400019161,12.9293650001262,0 77.54375799988379,12.9302440003381,0 77.54347900043931,12.9305060002137,0 77.54345600022221,12.9305279998909,0 77.54314600029009,12.9308069997046,0 77.5428679998673,12.9310539999307,0 77.5424270003116,12.9314160004063,0 77.5416120002634,12.9320310000186,0 77.54145799974501,12.9321420003103,0 77.5410330004059,12.93243599975,0 77.5402949999623,12.9329639999143,0 77.53971900004321,12.9333809997629,0 77.5395960001192,12.9334709997199,0 77.5393259999136,12.9336580001886,0 77.53897900010401,12.933800000045,0 77.5382180004566,12.9342559996596,0 77.5379360001521,12.9344349999027,0 77.5376319998967,12.9346150000043,0 77.5372030002235,12.9348590001475,0 77.5369820002779,12.9349819996931,0 77.5366319995463,12.9351700003104,0 77.53649399955719,12.9352439999735,0 77.5364159997339,12.9352889999417,0 77.5356929997449,12.9356559996328,0 77.5345030001795,12.9362999998577,0 
						</coordinates>
					</LinearRing>
				</outerBoundaryIs>
			</Polygon>
		</Placemark>
	</Document>
	<atom:link rel="app" href="https://www.google.com/earth/about/versions/#earth-pro" title="Google Earth Pro 7.3.6.10441"></atom:link>
</Folder>
</kml>
