<?xml version="1.0" encoding="UTF-8"?>
<kml xmlns="http://www.opengis.net/kml/2.2" xmlns:gx="http://www.google.com/kml/ext/2.2" xmlns:kml="http://www.opengis.net/kml/2.2" xmlns:atom="http://www.w3.org/2005/Atom">
<Folder>
	<name>Temporary Places</name>
	<open>1</open>
	<Document>
		<name>Ward no. 1.kml</name>
		<StyleMap id="m_ylw-pushpin">
			<Pair>
				<key>normal</key>
				<styleUrl>#s_ylw-pushpin</styleUrl>
			</Pair>
			<Pair>
				<key>highlight</key>
				<styleUrl>#s_ylw-pushpin_hl</styleUrl>
			</Pair>
		</StyleMap>
		<Style id="s_ylw-pushpin">
			<IconStyle>
				<scale>1.1</scale>
				<Icon>
					<href>http://maps.google.com/mapfiles/kml/pushpin/ylw-pushpin.png</href>
				</Icon>
				<hotSpot x="20" y="2" xunits="pixels" yunits="pixels"/>
			</IconStyle>
			<LineStyle>
				<color>ffffff55</color>
				<width>3</width>
			</LineStyle>
			<PolyStyle>
				<fill>0</fill>
			</PolyStyle>
		</Style>
		<Style id="s_ylw-pushpin_hl">
			<IconStyle>
				<scale>1.3</scale>
				<Icon>
					<href>http://maps.google.com/mapfiles/kml/pushpin/ylw-pushpin.png</href>
				</Icon>
				<hotSpot x="20" y="2" xunits="pixels" yunits="pixels"/>
			</IconStyle>
			<LineStyle>
				<color>ffffff55</color>
				<width>3</width>
			</LineStyle>
			<PolyStyle>
				<fill>0</fill>
			</PolyStyle>
		</Style>
		<Placemark>
			<name>Ward no. 1.kml</name>
			<styleUrl>#m_ylw-pushpin</styleUrl>
			<Polygon>
				<tessellate>1</tessellate>
				<outerBoundaryIs>
					<LinearRing>
						<coordinates>
							74.74273933701009,20.9290425507425,0 74.74245619426,20.9286166515493,0 74.7420575784773,20.9294234126877,0 74.7417133305519,20.9303966294782,0 74.7413009623946,20.9312213982226,0 74.7409833513719,20.9318212210041,0 74.7408634212137,20.9324345059911,0 74.74091515346591,20.9331919532802,0 74.74017827894249,20.9338712557943,0 74.7397808204615,20.9340431929504,0 74.7391286527572,20.9340575383209,0 74.73875968480711,20.9339909510063,0 74.737981789676,20.933842220354,0 74.73764935502039,20.9339512203102,0 74.7367665807889,20.9344205668788,0 74.7365211801922,20.9346029509918,0 74.7361241518766,20.9347351639814,0 74.7358873882949,20.9348763839577,0 74.73537831329151,20.9349517188214,0 74.735282853754,20.9351662531116,0 74.73490092008051,20.935817483458,0 74.7344523326753,20.9365524758122,0 74.7349339485159,20.9370354976639,0 74.7353308081848,20.938180245424,0 74.7356139063189,20.9386898231146,0 74.7355486853881,20.9390232176408,0 74.73573564243991,20.939871309524,0 74.7359027469731,20.9403100362812,0 74.7362724529402,20.9414682135897,0 74.7363259747881,20.9415884244603,0 74.73660705927129,20.9426387316327,0 74.7367188185743,20.9433808186146,0 74.7369022236133,20.94384903846,0 74.7365665158966,20.944766266103,0 74.73790262226539,20.9446084023728,0 74.7386457410873,20.9444918998148,0 74.739736780211,20.9443782931291,0 74.7398650917329,20.9443608806835,0 74.7413460074974,20.9443262515024,0 74.74222040461341,20.9442916317897,0 74.74290825286489,20.944305903539,0 74.7438604831282,20.9442681760553,0 74.7448477841627,20.9441490303705,0 74.74594345765929,20.9439656082961,0 74.7467531935019,20.943911505239,0 74.74749369529511,20.9439292903326,0 74.74802771655651,20.9439255658101,0 74.7478923432942,20.9433991376532,0 74.7484245962372,20.9431202719789,0 74.74905612381249,20.9430469573377,0 74.7501614018628,20.9429609125045,0 74.7507298232043,20.9429076775982,0 74.7522462047778,20.9427163278581,0 74.7528310880861,20.9428810888346,0 74.7530189927307,20.9430723685891,0 74.75300427341401,20.943462683457,0 74.7544799146261,20.9433845977017,0 74.7555664372055,20.9432853363296,0 74.7569334133117,20.9432314946227,0 74.7574350613159,20.9432568399734,0 74.7585491108084,20.9431978897579,0 74.7602249553552,20.9428599972406,0 74.7606810787283,20.9429999748908,0 74.7621481503419,20.9429395568151,0 74.76325627264529,20.9428677028617,0 74.7639908068905,20.9428646475386,0 74.7636794285048,20.9441410089769,0 74.7646638628778,20.9439198760474,0 74.7681686428821,20.9436308026015,0 74.77066712203811,20.9422353939106,0 74.7706411018743,20.9418762141921,0 74.7706763080738,20.9417953136276,0 74.7707872441265,20.9417941755601,0 74.7708422388948,20.9417852042461,0 74.7708347796551,20.9416547547922,0 74.7708005228328,20.9414494675248,0 74.77075184630139,20.941354199554,0 74.7707290348675,20.941150784146,0 74.7707208615152,20.9409288979744,0 74.77073571195869,20.9407411162128,0 74.7707737185282,20.9405474616194,0 74.7707617772388,20.9404280865125,0 74.7707573150374,20.9400808963006,0 74.77077796837099,20.9400676929882,0 74.7708825519839,20.939154498829,0 74.7709024467823,20.9388222358472,0 74.771049005064,20.9387973021,0 74.77111559123379,20.9383510135134,0 74.7713427895581,20.937432332831,0 74.77139828159029,20.9364034878444,0 74.77132720975349,20.935711941146,0 74.77112651342109,20.9353309935532,0 74.7709941651753,20.9350752100656,0 74.7709548558297,20.9345922523418,0 74.77110828639429,20.9345718526383,0 74.771140190015,20.9341624475813,0 74.7712151774772,20.934147779328,0 74.7712828485551,20.9341385483439,0 74.7713003559943,20.9337272988401,0 74.77129737710391,20.9333717078034,0 74.7712857771633,20.9331544506873,0 74.7714043786316,20.9314857146388,0 74.77142406757019,20.9312811594529,0 74.7715927612541,20.931265152443,0 74.771566084814,20.9307806329626,0 74.77204991166769,20.9307095200692,0 74.7720159859484,20.9302536568694,0 74.7720019121825,20.9298963063357,0 74.7722726652911,20.9298602055604,0 74.772351596154,20.9298574701373,0 74.77244761390619,20.9298484962918,0 74.77246694707441,20.929659623834,0 74.7724410460024,20.9291852242512,0 74.7723208871349,20.9286802023532,0 74.77228981107839,20.9286597433193,0 74.7722352801067,20.9281920631287,0 74.7716466616678,20.9281952047752,0 74.7715168617505,20.9280427097759,0 74.7714864285353,20.9278184825357,0 74.77147130895339,20.9275745103351,0 74.77147388631229,20.9273578142786,0 74.77150797172619,20.9272193338685,0 74.7713399165397,20.9269127965949,0 74.7713461260055,20.9268712470677,0 74.7708769969269,20.9268977825397,0 74.7708918366295,20.9265593083203,0 74.77140300066699,20.9264999457785,0 74.7714583978277,20.9265009177587,0 74.77144548698941,20.9263738645664,0 74.77146366801369,20.9263199110065,0 74.7713925184211,20.9262064644268,0 74.771256702157,20.9261102219404,0 74.7712242593755,20.9256561167233,0 74.77120106784579,20.9251817906618,0 74.7718930143015,20.925147583065,0 74.772449259198,20.9250865313332,0 74.7722988036523,20.924099537458,0 74.77231078222979,20.9240014602639,0 74.7722694695354,20.9238384839427,0 74.7721705776879,20.923668130669,0 74.77212870161679,20.9235525566794,0 74.7720871879236,20.9234065096952,0 74.77203746038521,20.923345034197,0 74.77188832623099,20.9233135323361,0 74.77188654463301,20.9233065039295,0 74.7719425753981,20.9231408596985,0 74.772112412609,20.9228006250502,0 74.7721188044771,20.9227177275341,0 74.7720866827232,20.9225396090793,0 74.7720054175815,20.9222509196507,0 74.7718994654871,20.9222526511893,0 74.77172450992509,20.9219296575929,0 74.7716578316613,20.9214751916463,0 74.77137602177891,20.9203208857627,0 74.7710925241748,20.9193087861226,0 74.7711114888716,20.9192294067744,0 74.7710617226647,20.9191713167255,0 74.7708960251323,20.9193151882991,0 74.77081379519009,20.9194108347593,0 74.7698524389434,20.9202405421954,0 74.7692185889702,20.920806168175,0 74.7684124298961,20.9214551241997,0 74.76811379124671,20.9217611287556,0 74.7672535065818,20.9224929080516,0 74.7665211234837,20.9230778636846,0 74.76575684605309,20.9236921135716,0 74.765057756011,20.9241292480853,0 74.76492548964021,20.9241876687625,0 74.76476498723061,20.9243386348275,0 74.7644527210355,20.9245317508075,0 74.76391378137031,20.9246920006794,0 74.7632737737038,20.9248647287454,0 74.7626490292091,20.9249665031514,0 74.7619158878345,20.925090836109,0 74.76137710581919,20.9252375351427,0 74.7612322265755,20.9252969597553,0 74.7609992374405,20.9254909065569,0 74.76078082481629,20.9256714616922,0 74.7606932004965,20.925765353287,0 74.76054435233149,20.9258552122044,0 74.76042530614779,20.9258641143193,0 74.7600727028657,20.925812983084,0 74.7598538040977,20.9257327864835,0 74.7598002335599,20.9256915850714,0 74.7596174133274,20.9256083828986,0 74.7595875104839,20.9255471135588,0 74.7595850387661,20.9254939133147,0 74.759513896504,20.9255243250415,0 74.7594306046057,20.9255573083194,0 74.75904605179009,20.9257665832173,0 74.75883739429619,20.9260352830836,0 74.758751104487,20.9261681303684,0 74.7586610891569,20.9263110971479,0 74.7584732298904,20.9260466733505,0 74.7582562166898,20.9258090316252,0 74.7582133034968,20.9257579819408,0 74.7581778847684,20.9257762633094,0 74.758080928998,20.9256988171265,0 74.75789339325981,20.9255579962224,0 74.7578330617544,20.9254794733975,0 74.7575016737713,20.9245599736223,0 74.75736713005131,20.924057377195,0 74.7572679694179,20.9239107173019,0 74.7572070303946,20.9238829824092,0 74.756509764806,20.9240212190452,0 74.7564740908262,20.9240348894387,0 74.755912915759,20.9242011514204,0 74.7546753596137,20.9246113407405,0 74.7540283789121,20.9247636458303,0 74.75369667106069,20.9247736774611,0 74.75338738030121,20.9248108899109,0 74.7533139808605,20.9250423432215,0 74.7532916851284,20.9250466502871,0 74.75333728533241,20.9252879752485,0 74.75306299276041,20.9253189319386,0 74.75291131187841,20.9253218620492,0 74.7529937757748,20.9256805333676,0 74.75304148886261,20.9259490356152,0 74.7531413459464,20.9259411670382,0 74.7533235083405,20.9264357872166,0 74.7547160773329,20.9262763278725,0 74.7547727898821,20.9267051099268,0 74.75483475461451,20.9269478866942,0 74.75488283221711,20.9271464944359,0 74.7547520259813,20.9271982353824,0 74.7545570478906,20.9272632588678,0 74.754256367914,20.9273904475007,0 74.75368687205879,20.9276925690792,0 74.75371090583759,20.9279028275315,0 74.75295038071449,20.9280759335736,0 74.7527958411584,20.9280573144437,0 74.7523030652178,20.9281232037364,0 74.75169273742451,20.9282234014499,0 74.75103106015089,20.9283975511361,0 74.7508357614912,20.9284530465675,0 74.7507981384301,20.9284774398249,0 74.7506416634038,20.9285036371523,0 74.7505678569625,20.9285517933905,0 74.7502551687263,20.9286280536672,0 74.7501778083583,20.9286170738531,0 74.75012796649111,20.9285896402288,0 74.75003272821451,20.9285427287822,0 74.7499089455146,20.9284957000353,0 74.74971845127089,20.9284513494277,0 74.7496106620289,20.9284231148927,0 74.74943446111109,20.9283890746172,0 74.74932089971129,20.928391255349,0 74.7491391205036,20.9283833923135,0 74.7490839124582,20.92836008174,0 74.7490074071425,20.9283845406513,0 74.7486798658946,20.9283471995274,0 74.7485432869999,20.9283152723353,0 74.748461584127,20.928275800759,0 74.74842096050931,20.928297041626,0 74.748007638343,20.9284992156228,0 74.74715645713501,20.9288457329612,0 74.7465203206423,20.9292927353806,0 74.7459031382492,20.9296620522393,0 74.74569268662169,20.9297783345533,0 74.74537071897051,20.9298764989524,0 74.7450783164176,20.9299140239689,0 74.74463528617839,20.9298889923834,0 74.74432354642531,20.9297366777402,0 74.74427946341839,20.9296798478487,0 74.7441700752569,20.9296636693777,0 74.7439922256625,20.9294148391543,0 74.7438611289918,20.9292271971493,0 74.7436754032363,20.9290863816473,0 74.7435898502608,20.9290075858952,0 74.74285053135389,20.9290437350623,0 74.74273933701009,20.9290425507425,0 
						</coordinates>
					</LinearRing>
				</outerBoundaryIs>
			</Polygon>
		</Placemark>
	</Document>
	<Document>
		<name>Ward no. 2.kml</name>
		<StyleMap id="m_ylw-pushpin0">
			<Pair>
				<key>normal</key>
				<styleUrl>#s_ylw-pushpin0</styleUrl>
			</Pair>
			<Pair>
				<key>highlight</key>
				<styleUrl>#s_ylw-pushpin_hl0</styleUrl>
			</Pair>
		</StyleMap>
		<Style id="s_ylw-pushpin0">
			<IconStyle>
				<scale>1.1</scale>
				<Icon>
					<href>http://maps.google.com/mapfiles/kml/pushpin/ylw-pushpin.png</href>
				</Icon>
				<hotSpot x="20" y="2" xunits="pixels" yunits="pixels"/>
			</IconStyle>
			<LineStyle>
				<color>ffffff55</color>
				<width>3</width>
			</LineStyle>
			<PolyStyle>
				<fill>0</fill>
			</PolyStyle>
		</Style>
		<Style id="s_ylw-pushpin_hl0">
			<IconStyle>
				<scale>1.3</scale>
				<Icon>
					<href>http://maps.google.com/mapfiles/kml/pushpin/ylw-pushpin.png</href>
				</Icon>
				<hotSpot x="20" y="2" xunits="pixels" yunits="pixels"/>
			</IconStyle>
			<LineStyle>
				<color>ffffff55</color>
				<width>3</width>
			</LineStyle>
			<PolyStyle>
				<fill>0</fill>
			</PolyStyle>
		</Style>
		<Placemark>
			<name>Ward no. 2.kml</name>
			<styleUrl>#m_ylw-pushpin0</styleUrl>
			<Polygon>
				<tessellate>1</tessellate>
				<outerBoundaryIs>
					<LinearRing>
						<coordinates>
							74.7836339979674,20.917021751459,0 74.78289525978271,20.9169256388921,0 74.7827151705781,20.9169550835036,0 74.78228780462319,20.9169023651046,0 74.7816437636304,20.9168109807373,0 74.7814443219516,20.9172186423943,0 74.7814161318648,20.9174689357225,0 74.7812661803703,20.9176536168325,0 74.78083958880769,20.9180690632879,0 74.7807817270356,20.9183901590206,0 74.7807575001016,20.9186100165917,0 74.78099918584449,20.9186573471661,0 74.7814549609446,20.9187561429503,0 74.78167101657171,20.919076713729,0 74.7820566433509,20.9196868920054,0 74.7822095977605,20.9198578050613,0 74.78255743029651,20.9200070484939,0 74.7824763077503,20.9201619719968,0 74.78169643114749,20.9208886578516,0 74.7814413691633,20.9211230354408,0 74.78141729644901,20.9211186283705,0 74.7814577448427,20.9212620453099,0 74.78142827194149,20.9216206864619,0 74.78112167763589,20.921641187583,0 74.78068422430189,20.9220599053997,0 74.7800149119727,20.9220715512465,0 74.78003818973581,20.9227439601731,0 74.78005551208101,20.9237160115002,0 74.78008805156421,20.9246204951163,0 74.78004291996351,20.9246382742659,0 74.779564584467,20.9246929074199,0 74.7796012379721,20.9249455702856,0 74.7796684205742,20.9253594016599,0 74.7798361257956,20.9259588372264,0 74.7800530199297,20.9268178384191,0 74.78014082543891,20.9271431221072,0 74.780191215877,20.9274745315676,0 74.7793152041922,20.9276414604025,0 74.7784376296142,20.9277880510343,0 74.77790324000181,20.927868810136,0 74.77755837201821,20.9279244610758,0 74.777517743557,20.9276620574752,0 74.7775008407768,20.9276089333287,0 74.7766445719444,20.9276304456422,0 74.7766174917959,20.9276270499764,0 74.77684501930401,20.9260765400702,0 74.77688716160161,20.9255622634607,0 74.77631047710361,20.925562997166,0 74.7753177908796,20.925691436266,0 74.7743902928743,20.9257934631323,0 74.77408721335691,20.9258207622871,0 74.7738562093719,20.9258488167738,0 74.7739248256992,20.9264152847012,0 74.7739988648388,20.9268865207212,0 74.77376151222001,20.9268877008695,0 74.7734982658677,20.9268914299447,0 74.7719867772926,20.9269255191388,0 74.7713761136807,20.9269038701911,0 74.7713399165397,20.9269127965949,0 74.77150797172619,20.9272193338685,0 74.77147388631229,20.9273578142786,0 74.77147130895339,20.9275745103351,0 74.7714864285353,20.9278184825357,0 74.7715168617505,20.9280427097759,0 74.7716466616678,20.9281952047752,0 74.7722352801067,20.9281920631287,0 74.77228981107839,20.9286597433193,0 74.7723208871349,20.9286802023532,0 74.7724410460024,20.9291852242512,0 74.77246694707441,20.929659623834,0 74.77244761390619,20.9298484962918,0 74.772351596154,20.9298574701373,0 74.7722726652911,20.9298602055604,0 74.7720019121825,20.9298963063357,0 74.7720159859484,20.9302536568694,0 74.77204991166769,20.9307095200692,0 74.771566084814,20.9307806329626,0 74.7715927612541,20.931265152443,0 74.77142406757019,20.9312811594529,0 74.7714043786316,20.9314857146388,0 74.7712857771633,20.9331544506873,0 74.77129737710391,20.9333717078034,0 74.7713003559943,20.9337272988401,0 74.7712828485551,20.9341385483439,0 74.7712151774772,20.934147779328,0 74.771140190015,20.9341624475813,0 74.77110828639429,20.9345718526383,0 74.7709548558297,20.9345922523418,0 74.7709941651753,20.9350752100656,0 74.77112651342109,20.9353309935532,0 74.77132720975349,20.935711941146,0 74.77139828159029,20.9364034878444,0 74.7713427895581,20.937432332831,0 74.77111559123379,20.9383510135134,0 74.771049005064,20.9387973021,0 74.7709024467823,20.9388222358472,0 74.7708825519839,20.939154498829,0 74.77077796837099,20.9400676929882,0 74.7707573150374,20.9400808963006,0 74.7707617772388,20.9404280865125,0 74.7707737185282,20.9405474616194,0 74.77073571195869,20.9407411162128,0 74.7707208615152,20.9409288979744,0 74.7707290348675,20.941150784146,0 74.77075184630139,20.941354199554,0 74.7708005228328,20.9414494675248,0 74.7708347796551,20.9416547547922,0 74.7708422388948,20.9417852042461,0 74.7707872441265,20.9417941755601,0 74.7706763080738,20.9417953136276,0 74.7706411018743,20.9418762141921,0 74.77066712203811,20.9422353939106,0 74.7681686428821,20.9436308026015,0 74.7646638628778,20.9439198760474,0 74.7636794285048,20.9441410089769,0 74.7629717520564,20.9452892234832,0 74.7624584094161,20.9462513093146,0 74.7620421092977,20.9470950345887,0 74.7614543100362,20.9482068494087,0 74.761036135577,20.9488839864759,0 74.7605229813158,20.9495897523509,0 74.7599670035037,20.950371346863,0 74.7608659940388,20.9504903412214,0 74.7601483954935,20.9518171878479,0 74.7610517391564,20.9528549107899,0 74.76164636135429,20.9536728548014,0 74.7620330831663,20.9552062282354,0 74.76242719224921,20.9565438434133,0 74.7627957837332,20.9573774368527,0 74.763086961535,20.957943604565,0 74.7643381655909,20.9576603828989,0 74.7648134206671,20.9574875946194,0 74.76534618715949,20.9572802265602,0 74.7661236914947,20.9586977687567,0 74.7651395222197,20.9592393381214,0 74.76434052242659,20.9597744045085,0 74.764975456372,20.9607044008207,0 74.7653929501912,20.961227998752,0 74.7664480159581,20.960548306884,0 74.7669959190322,20.9602651889444,0 74.76755105713001,20.9599935962121,0 74.76782686152509,20.9597894334324,0 74.7680092307529,20.959395428581,0 74.76808598409011,20.9591066888904,0 74.7684556198315,20.9589309339686,0 74.76897489229221,20.9586430595995,0 74.7697970419615,20.9584080723892,0 74.7702654022,20.9581830969201,0 74.77084780936811,20.9581181563413,0 74.771486536973,20.9581884104972,0 74.772161408741,20.9582649446027,0 74.7728656943669,20.9583682202377,0 74.77323931358841,20.9583273349531,0 74.77365627299331,20.9580068385975,0 74.7738172781572,20.957564318147,0 74.7738696658471,20.9575396469165,0 74.7742824286991,20.9576393825174,0 74.7745193497009,20.9573336819316,0 74.77476373188161,20.9568185449078,0 74.7749194177362,20.9567008647467,0 74.7753664009208,20.9565112477627,0 74.7759015965937,20.9566107319803,0 74.77649110409629,20.956615327959,0 74.7765742756503,20.9564937333666,0 74.77715047423651,20.9562420685132,0 74.7777325822326,20.956357037202,0 74.77787497815859,20.9565062493911,0 74.7781152646368,20.9567340490341,0 74.7785271900019,20.9570098943873,0 74.7791096940206,20.9570672502364,0 74.77982339957239,20.9570758905368,0 74.78041543476949,20.9570856750047,0 74.78066430944919,20.9570488844287,0 74.78096127718,20.9578051341732,0 74.78125408950091,20.9583860233198,0 74.7813916463753,20.9587578640844,0 74.78156440653029,20.9591375703831,0 74.7819964482985,20.9590160992268,0 74.7826023742914,20.9588622526303,0 74.7830802344657,20.9587825277956,0 74.7834413207933,20.9586694604232,0 74.7837383484197,20.9585885183838,0 74.7840353757571,20.9585075758713,0 74.7847054903761,20.9582618566217,0 74.78504521756631,20.9580586826308,0 74.7853849439264,20.9578555079966,0 74.7858242103414,20.9577289203243,0 74.7862634760877,20.9576023316164,0 74.78630707131801,20.9574248515104,0 74.78647250491871,20.9573378573386,0 74.7868820469253,20.9571224963743,0 74.78709473758229,20.9570106506936,0 74.7871353974711,20.9565734280856,0 74.7871918224976,20.9560190016602,0 74.78725958788429,20.9553791759887,0 74.787315206904,20.9548501918522,0 74.7873970934058,20.9542804835385,0 74.7876303520339,20.9543080487612,0 74.7883352991915,20.9543913537283,0 74.7893672121014,20.9545132919558,0 74.7900357242622,20.9545922850288,0 74.7903409313857,20.9546283482529,0 74.79014000043649,20.9558148584268,0 74.79007274954,20.9562119752298,0 74.790015081162,20.9565055897907,0 74.7907024367675,20.9566836455211,0 74.79117891520571,20.9568916274041,0 74.7915226234901,20.9570536944165,0 74.79212558252161,20.9573345971943,0 74.7927716705386,20.9577179964404,0 74.7930151812847,20.9578863993593,0 74.7932532834044,20.9581245850621,0 74.79352320630009,20.9584495374804,0 74.7937820846014,20.9589053317462,0 74.7938550956181,20.9590090781891,0 74.7944510869888,20.9593514157671,0 74.7948030385016,20.9594729182069,0 74.7951549905287,20.9595944199783,0 74.7956164639654,20.959871550815,0 74.7958105813014,20.9599858174185,0 74.79637977911671,20.9602677236141,0 74.7967213804025,20.9603646670941,0 74.79692858001211,20.9603468605991,0 74.79741161199181,20.9604284346948,0 74.79775147339561,20.9605314614264,0 74.7981987522984,20.9605696375936,0 74.798501463782,20.9606036473097,0 74.7985745623164,20.9608290917211,0 74.7986476610489,20.961054536066,0 74.79950239108859,20.9608824791537,0 74.799776904141,20.9608157554965,0 74.80031402507301,20.9608126471057,0 74.8005500448416,20.9608336392554,0 74.800988654004,20.9607500264799,0 74.80114264378101,20.9607351666714,0 74.80072574797811,20.9594620559655,0 74.8005522983738,20.958947613458,0 74.8002872431947,20.9581713428171,0 74.8002039238589,20.9579273226989,0 74.79987215410451,20.9577512969751,0 74.7995403850523,20.9575752706442,0 74.7989433819874,20.9571005533525,0 74.7985492959321,20.9565884441963,0 74.7981543753825,20.9560881610515,0 74.7977861654629,20.9556655268046,0 74.79739720574359,20.9552190725146,0 74.7972023990144,20.9549954689246,0 74.797276084519,20.9545285885394,0 74.7973225101784,20.9542344284285,0 74.7973876474241,20.9538217069495,0 74.7974426202433,20.9534733874218,0 74.7973973563852,20.9528434960789,0 74.7973779833556,20.9525738996628,0 74.79731489955211,20.9517869556441,0 74.7969891086104,20.9507038139097,0 74.7968231735652,20.9501733628973,0 74.7966319127471,20.9495758295229,0 74.7963447477743,20.9486786653024,0 74.7961208733478,20.9479604872122,0 74.79594787333011,20.9473782819104,0 74.7957597746196,20.9467452591573,0 74.795574047353,20.9461202119974,0 74.79542095529381,20.9455742128495,0 74.79528975539711,20.945038454869,0 74.7949487641522,20.9436459912254,0 74.79481568375989,20.9431025404525,0 74.7947033323664,20.9426437361835,0 74.7945815023118,20.9421462212246,0 74.79443372280291,20.9415427326498,0 74.79487981735321,20.940545270575,0 74.79763393921159,20.9403366689224,0 74.8000189269044,20.9401041149823,0 74.80262882544559,20.9399123686572,0 74.8025892097635,20.9391569230634,0 74.80274391859091,20.9383764379599,0 74.8028149091414,20.9377354453222,0 74.8028758883073,20.9371987749462,0 74.8029081924101,20.9369070417282,0 74.80292283914621,20.9367736133605,0 74.8030297146128,20.9358381848163,0 74.8030662429469,20.9354672259429,0 74.8030917537214,20.9351804651693,0 74.80311079896239,20.9350112040119,0 74.8031316691377,20.9348257236559,0 74.803236131267,20.9346051010924,0 74.80326900214401,20.9343842857085,0 74.8032534476129,20.9341753932068,0 74.80325212186339,20.9339933464804,0 74.8032787911048,20.9338814647891,0 74.8033910530751,20.933739063296,0 74.8034423262643,20.9336225575704,0 74.8034544736861,20.9333346398763,0 74.80347302319061,20.933258507934,0 74.8035409347045,20.9330033289466,0 74.803533181045,20.9328843155582,0 74.8034865437414,20.9327632570322,0 74.8034865323586,20.9327556838318,0 74.80350645448389,20.9326431016257,0 74.8035863541383,20.9324580556584,0 74.803708673488,20.9323054608067,0 74.8038361223482,20.9322215329356,0 74.8039904601919,20.9320968403086,0 74.8041273858499,20.9320335967479,0 74.80427707515049,20.9319625978144,0 74.80448128663279,20.9318323206623,0 74.80452848082049,20.9317884014461,0 74.8046125995883,20.9316842881854,0 74.8047803750716,20.9314927193152,0 74.8049476242296,20.9313159565654,0 74.8051361517258,20.9310998978634,0 74.8051209593288,20.9308128034228,0 74.8051027264929,20.9305817813206,0 74.8050794154054,20.9303323731122,0 74.8050619686957,20.9300653505781,0 74.8050345067503,20.9299528646154,0 74.8049922850002,20.9296263083451,0 74.80496707644519,20.9293817223532,0 74.8049541415058,20.9291852772822,0 74.8049339836937,20.9289382977402,0 74.8049174435581,20.9286940742437,0 74.80490090347119,20.9284498507015,0 74.8048950907157,20.9282422576322,0 74.8048918516178,20.9282301957425,0 74.80501704164639,20.9279752030478,0 74.8051262739254,20.927827575549,0 74.8051360530294,20.927817477682,0 74.80518786927431,20.9276760412785,0 74.8052738745078,20.9274314295105,0 74.8053286573757,20.9272779780825,0 74.8053744334626,20.9271547099823,0 74.80544353955661,20.9269502166005,0 74.80551725656071,20.92674938612,0 74.80565268104991,20.926448001696,0 74.8050091188741,20.9262754252766,0 74.8023432243527,20.9258618541813,0 74.7995311056376,20.9250098992516,0 74.7965620952631,20.9237092833721,0 74.7939153154441,20.9225948245823,0 74.790976791747,20.921467135736,0 74.788671965159,20.9207015591375,0 74.78723479381109,20.9197113372389,0 74.785836188689,20.9182033987842,0 74.78476025171869,20.9168410389618,0 74.7836339979674,20.917021751459,0 
						</coordinates>
					</LinearRing>
				</outerBoundaryIs>
			</Polygon>
		</Placemark>
	</Document>
	<Document>
		<name>Ward no. 3.kml</name>
		<StyleMap id="m_ylw-pushpin1">
			<Pair>
				<key>normal</key>
				<styleUrl>#s_ylw-pushpin1</styleUrl>
			</Pair>
			<Pair>
				<key>highlight</key>
				<styleUrl>#s_ylw-pushpin_hl1</styleUrl>
			</Pair>
		</StyleMap>
		<Style id="s_ylw-pushpin1">
			<IconStyle>
				<scale>1.1</scale>
				<Icon>
					<href>http://maps.google.com/mapfiles/kml/pushpin/ylw-pushpin.png</href>
				</Icon>
				<hotSpot x="20" y="2" xunits="pixels" yunits="pixels"/>
			</IconStyle>
			<LineStyle>
				<color>ffffff55</color>
				<width>3</width>
			</LineStyle>
			<PolyStyle>
				<fill>0</fill>
			</PolyStyle>
		</Style>
		<Style id="s_ylw-pushpin_hl1">
			<IconStyle>
				<scale>1.3</scale>
				<Icon>
					<href>http://maps.google.com/mapfiles/kml/pushpin/ylw-pushpin.png</href>
				</Icon>
				<hotSpot x="20" y="2" xunits="pixels" yunits="pixels"/>
			</IconStyle>
			<LineStyle>
				<color>ffffff55</color>
				<width>3</width>
			</LineStyle>
			<PolyStyle>
				<fill>0</fill>
			</PolyStyle>
		</Style>
		<Placemark>
			<name>Ward no. 3.kml</name>
			<styleUrl>#m_ylw-pushpin1</styleUrl>
			<Polygon>
				<tessellate>1</tessellate>
				<outerBoundaryIs>
					<LinearRing>
						<coordinates>
							74.77991671874651,20.9107127267288,0 74.7795380308641,20.910845962215,0 74.77996510050841,20.9113857937551,0 74.780261791314,20.911811862747,0 74.7796415462072,20.9121473980304,0 74.7796438263528,20.9122591709319,0 74.77916039734571,20.9123015240097,0 74.77872409430481,20.9123206645136,0 74.778178037616,20.9123475110749,0 74.77802821948571,20.9123472467464,0 74.7775949133506,20.9123443539655,0 74.77760813657829,20.9122141693227,0 74.7776171994439,20.9117537224768,0 74.7775576263634,20.911610872748,0 74.77699383807671,20.9117438101813,0 74.77587514070839,20.9121723171383,0 74.77534229358599,20.9124308681814,0 74.7750015958182,20.9125932280132,0 74.7748160086072,20.9127436678291,0 74.774785894216,20.9128517148736,0 74.7748964369833,20.9129510772783,0 74.774996691917,20.9130063094389,0 74.77512197048419,20.9130787354741,0 74.7753606725154,20.913311507716,0 74.7754209119049,20.9133477678494,0 74.77540554334431,20.9133519250524,0 74.7754331379264,20.9134307887398,0 74.77545899885931,20.9135292633817,0 74.7754760720549,20.9136090211013,0 74.7754824351769,20.9136802007582,0 74.775490800995,20.9137344697355,0 74.77549704357,20.9138158071181,0 74.77545282790081,20.9139465516275,0 74.7754490458089,20.9140641995495,0 74.775489019568,20.9141882195064,0 74.77554595270639,20.9142497700262,0 74.77561539778991,20.9143199174501,0 74.77566836584241,20.9144119033552,0 74.7757175094179,20.9145224739849,0 74.77575784511551,20.9146160206626,0 74.77583033146909,20.9147336084647,0 74.7759409363764,20.9148278912564,0 74.7760917026733,20.9148785723991,0 74.77629804041359,20.9148732557649,0 74.776424709206,20.9149091510484,0 74.7765143961813,20.9149439536476,0 74.7765967154448,20.9149922243597,0 74.7767256800753,20.9150579151449,0 74.7768946051205,20.9150969336366,0 74.7772513966695,20.9150972829083,0 74.7772353362824,20.9152359542288,0 74.77689908148891,20.9153272508258,0 74.7764904338715,20.915444879283,0 74.7762766992452,20.915537457883,0 74.7756165382912,20.9157421875488,0 74.77557149375281,20.9157417155819,0 74.7754143569735,20.9157722391605,0 74.7752319148025,20.9158092700709,0 74.7749953587773,20.9158508131381,0 74.7748275316919,20.9158710652013,0 74.77447752344349,20.915906338906,0 74.7744668891375,20.9158822866117,0 74.77422988495699,20.9159706225338,0 74.7735400749509,20.91609206903,0 74.7734640612084,20.916423131712,0 74.77333848205519,20.9166791752125,0 74.7731267382749,20.9169072240714,0 74.77258986566299,20.9171995876444,0 74.7719240667514,20.9174228698587,0 74.77179928971771,20.917611194133,0 74.7715945082581,20.9178596321733,0 74.77134495250699,20.9182362800553,0 74.7712060301624,20.918856211217,0 74.7711621114817,20.9190640087121,0 74.7710621736836,20.9191340895939,0 74.7710617226647,20.9191713167255,0 74.7711114888716,20.9192294067744,0 74.7710925241748,20.9193087861226,0 74.77137602177891,20.9203208857627,0 74.7716578316613,20.9214751916463,0 74.77172450992509,20.9219296575929,0 74.7718994654871,20.9222526511893,0 74.7720054175815,20.9222509196507,0 74.7720866827232,20.9225396090793,0 74.7721188044771,20.9227177275341,0 74.772112412609,20.9228006250502,0 74.7719425753981,20.9231408596985,0 74.77188654463301,20.9233065039295,0 74.77188832623099,20.9233135323361,0 74.77203746038521,20.923345034197,0 74.7720871879236,20.9234065096952,0 74.77212870161679,20.9235525566794,0 74.7721705776879,20.923668130669,0 74.7722694695354,20.9238384839427,0 74.77231078222979,20.9240014602639,0 74.7722988036523,20.924099537458,0 74.772449259198,20.9250865313332,0 74.7718930143015,20.925147583065,0 74.77120106784579,20.9251817906618,0 74.7712242593755,20.9256561167233,0 74.771256702157,20.9261102219404,0 74.7713925184211,20.9262064644268,0 74.77146366801369,20.9263199110065,0 74.77144548698941,20.9263738645664,0 74.7714583978277,20.9265009177587,0 74.77140300066699,20.9264999457785,0 74.7708918366295,20.9265593083203,0 74.7708769969269,20.9268977825397,0 74.7713461260055,20.9268712470677,0 74.7713399165397,20.9269127965949,0 74.7713761136807,20.9269038701911,0 74.7719867772926,20.9269255191388,0 74.7734982658677,20.9268914299447,0 74.77376151222001,20.9268877008695,0 74.7739988648388,20.9268865207212,0 74.7739248256992,20.9264152847012,0 74.7738562093719,20.9258488167738,0 74.77408721335691,20.9258207622871,0 74.7743902928743,20.9257934631323,0 74.7753177908796,20.925691436266,0 74.77631047710361,20.925562997166,0 74.77688716160161,20.9255622634607,0 74.77684501930401,20.9260765400702,0 74.7766174917959,20.9276270499764,0 74.7766445719444,20.9276304456422,0 74.7775008407768,20.9276089333287,0 74.777517743557,20.9276620574752,0 74.77755837201821,20.9279244610758,0 74.77790324000181,20.927868810136,0 74.7784376296142,20.9277880510343,0 74.7793152041922,20.9276414604025,0 74.780191215877,20.9274745315676,0 74.78014082543891,20.9271431221072,0 74.7800530199297,20.9268178384191,0 74.7798361257956,20.9259588372264,0 74.7796684205742,20.9253594016599,0 74.7796012379721,20.9249455702856,0 74.779564584467,20.9246929074199,0 74.78004291996351,20.9246382742659,0 74.78008805156421,20.9246204951163,0 74.78005551208101,20.9237160115002,0 74.78003818973581,20.9227439601731,0 74.7800149119727,20.9220715512465,0 74.78068422430189,20.9220599053997,0 74.78112167763589,20.921641187583,0 74.78142827194149,20.9216206864619,0 74.7814577448427,20.9212620453099,0 74.78141729644901,20.9211186283705,0 74.7814413691633,20.9211230354408,0 74.78169643114749,20.9208886578516,0 74.7824763077503,20.9201619719968,0 74.78255743029651,20.9200070484939,0 74.7822095977605,20.9198578050613,0 74.7820566433509,20.9196868920054,0 74.78167101657171,20.919076713729,0 74.7814549609446,20.9187561429503,0 74.78099918584449,20.9186573471661,0 74.7807575001016,20.9186100165917,0 74.7807817270356,20.9183901590206,0 74.78083958880769,20.9180690632879,0 74.7812661803703,20.9176536168325,0 74.7814161318648,20.9174689357225,0 74.7814443219516,20.9172186423943,0 74.7816437636304,20.9168109807373,0 74.78228780462319,20.9169023651046,0 74.7827151705781,20.9169550835036,0 74.78289525978271,20.9169256388921,0 74.7836339979674,20.917021751459,0 74.78476025171869,20.9168410389618,0 74.7842194650657,20.915941408832,0 74.7828839800757,20.9136721779117,0 74.7810452509035,20.9109913150655,0 74.7803949570232,20.9102124336171,0 74.77991671874651,20.9107127267288,0 
						</coordinates>
					</LinearRing>
				</outerBoundaryIs>
			</Polygon>
		</Placemark>
	</Document>
	<Document>
		<name>Ward no. 4.kml</name>
		<StyleMap id="m_ylw-pushpin2">
			<Pair>
				<key>normal</key>
				<styleUrl>#s_ylw-pushpin2</styleUrl>
			</Pair>
			<Pair>
				<key>highlight</key>
				<styleUrl>#s_ylw-pushpin_hl2</styleUrl>
			</Pair>
		</StyleMap>
		<Style id="s_ylw-pushpin2">
			<IconStyle>
				<scale>1.1</scale>
				<Icon>
					<href>http://maps.google.com/mapfiles/kml/pushpin/ylw-pushpin.png</href>
				</Icon>
				<hotSpot x="20" y="2" xunits="pixels" yunits="pixels"/>
			</IconStyle>
			<LineStyle>
				<color>ffffff55</color>
				<width>3</width>
			</LineStyle>
			<PolyStyle>
				<fill>0</fill>
			</PolyStyle>
		</Style>
		<Style id="s_ylw-pushpin_hl2">
			<IconStyle>
				<scale>1.3</scale>
				<Icon>
					<href>http://maps.google.com/mapfiles/kml/pushpin/ylw-pushpin.png</href>
				</Icon>
				<hotSpot x="20" y="2" xunits="pixels" yunits="pixels"/>
			</IconStyle>
			<LineStyle>
				<color>ffffff55</color>
				<width>3</width>
			</LineStyle>
			<PolyStyle>
				<fill>0</fill>
			</PolyStyle>
		</Style>
		<Placemark>
			<name>Ward no. 4.kml</name>
			<styleUrl>#m_ylw-pushpin2</styleUrl>
			<Polygon>
				<tessellate>1</tessellate>
				<outerBoundaryIs>
					<LinearRing>
						<coordinates>
							74.7674108710321,20.9081256623623,0 74.7676122554722,20.9090691855475,0 74.7673562307852,20.9090725529099,0 74.7671455987599,20.9092166609967,0 74.7667039633611,20.9093813303692,0 74.7659164788876,20.9095355846767,0 74.7649778105082,20.9096746977185,0 74.764514639575,20.9096846508505,0 74.7647891897669,20.9109849184887,0 74.764883894308,20.9110042950541,0 74.7652799063053,20.910935906316,0 74.7653176700417,20.9110930449746,0 74.7653755522207,20.9113771380185,0 74.76613133140209,20.9112595160093,0 74.766920701467,20.9111529755448,0 74.7669989376046,20.9114370196284,0 74.7672074538129,20.9121216312301,0 74.7671936033945,20.9124460424823,0 74.7672755676121,20.9128261746497,0 74.76747499534341,20.9133294506098,0 74.7676111344372,20.9136999933378,0 74.7677196966122,20.9139652694336,0 74.76776549581039,20.9139537941053,0 74.768157699319,20.9138039462462,0 74.7685267907663,20.9136791470833,0 74.7687940961715,20.9136277763857,0 74.76915869630869,20.9135774281048,0 74.7698562703215,20.9134086704071,0 74.76992783353241,20.9137548284516,0 74.7699508882089,20.9138501153451,0 74.7699654170107,20.913927926363,0 74.7700321305724,20.9139285264205,0 74.7700702616842,20.9139002441894,0 74.770453363101,20.9138094518116,0 74.7705092780933,20.913804959702,0 74.7705274004164,20.9138442431874,0 74.770663421832,20.9141773823216,0 74.7709468935015,20.9140671621237,0 74.77117129686179,20.9146220169802,0 74.7712365929136,20.9146202388289,0 74.7717075089038,20.9144186171307,0 74.7719683119645,20.9143079128912,0 74.7722168646031,20.9141666027216,0 74.7724107602086,20.9140755135881,0 74.7728226376461,20.9138377129551,0 74.77299859541399,20.9137396623208,0 74.7730767349572,20.9136846076307,0 74.77329689438029,20.9139612101852,0 74.773375608699,20.914009444538,0 74.7734936297703,20.9139538336675,0 74.7736212586795,20.9145673794845,0 74.7737351714231,20.9152932487347,0 74.7742933478569,20.9151788872153,0 74.7744252132574,20.915897820026,0 74.7744668891375,20.9158822866117,0 74.77447752344349,20.915906338906,0 74.7748275316919,20.9158710652013,0 74.7749953587773,20.9158508131381,0 74.7752319148025,20.9158092700709,0 74.7754143569735,20.9157722391605,0 74.77557149375281,20.9157417155819,0 74.7756165382912,20.9157421875488,0 74.7762766992452,20.915537457883,0 74.7764904338715,20.915444879283,0 74.77689908148891,20.9153272508258,0 74.7772353362824,20.9152359542288,0 74.7772513966695,20.9150972829083,0 74.7768946051205,20.9150969336366,0 74.7767256800753,20.9150579151449,0 74.7765967154448,20.9149922243597,0 74.7765143961813,20.9149439536476,0 74.776424709206,20.9149091510484,0 74.77629804041359,20.9148732557649,0 74.7760917026733,20.9148785723991,0 74.7759409363764,20.9148278912564,0 74.77583033146909,20.9147336084647,0 74.77575784511551,20.9146160206626,0 74.7757175094179,20.9145224739849,0 74.77566836584241,20.9144119033552,0 74.77561539778991,20.9143199174501,0 74.77554595270639,20.9142497700262,0 74.775489019568,20.9141882195064,0 74.7754490458089,20.9140641995495,0 74.77545282790081,20.9139465516275,0 74.77549704357,20.9138158071181,0 74.775490800995,20.9137344697355,0 74.7754824351769,20.9136802007582,0 74.7754760720549,20.9136090211013,0 74.77545899885931,20.9135292633817,0 74.7754331379264,20.9134307887398,0 74.77540554334431,20.9133519250524,0 74.7754209119049,20.9133477678494,0 74.7753606725154,20.913311507716,0 74.77512197048419,20.9130787354741,0 74.774996691917,20.9130063094389,0 74.7748964369833,20.9129510772783,0 74.774785894216,20.9128517148736,0 74.7748160086072,20.9127436678291,0 74.7750015958182,20.9125932280132,0 74.77534229358599,20.9124308681814,0 74.77587514070839,20.9121723171383,0 74.77699383807671,20.9117438101813,0 74.7775576263634,20.911610872748,0 74.7776171994439,20.9117537224768,0 74.77760813657829,20.9122141693227,0 74.7775949133506,20.9123443539655,0 74.77802821948571,20.9123472467464,0 74.778178037616,20.9123475110749,0 74.77872409430481,20.9123206645136,0 74.77916039734571,20.9123015240097,0 74.7796438263528,20.9122591709319,0 74.7796415462072,20.9121473980304,0 74.780261791314,20.911811862747,0 74.77996510050841,20.9113857937551,0 74.7795380308641,20.910845962215,0 74.77991671874651,20.9107127267288,0 74.7803949570232,20.9102124336171,0 74.779882797158,20.9096381742238,0 74.77864156145949,20.9085483353477,0 74.776877840658,20.9077577879901,0 74.77491666035741,20.9072089709418,0 74.77138325728031,20.9070449126308,0 74.7689717539491,20.9070906879652,0 74.7672986243719,20.907321986758,0 74.7674108710321,20.9081256623623,0 
						</coordinates>
					</LinearRing>
				</outerBoundaryIs>
			</Polygon>
		</Placemark>
	</Document>
	<Document>
		<name>Ward no. 5.kml</name>
		<StyleMap id="m_ylw-pushpin3">
			<Pair>
				<key>normal</key>
				<styleUrl>#s_ylw-pushpin3</styleUrl>
			</Pair>
			<Pair>
				<key>highlight</key>
				<styleUrl>#s_ylw-pushpin_hl3</styleUrl>
			</Pair>
		</StyleMap>
		<Style id="s_ylw-pushpin3">
			<IconStyle>
				<scale>1.1</scale>
				<Icon>
					<href>http://maps.google.com/mapfiles/kml/pushpin/ylw-pushpin.png</href>
				</Icon>
				<hotSpot x="20" y="2" xunits="pixels" yunits="pixels"/>
			</IconStyle>
			<LineStyle>
				<color>ffffff55</color>
				<width>3</width>
			</LineStyle>
			<PolyStyle>
				<fill>0</fill>
			</PolyStyle>
		</Style>
		<Style id="s_ylw-pushpin_hl3">
			<IconStyle>
				<scale>1.3</scale>
				<Icon>
					<href>http://maps.google.com/mapfiles/kml/pushpin/ylw-pushpin.png</href>
				</Icon>
				<hotSpot x="20" y="2" xunits="pixels" yunits="pixels"/>
			</IconStyle>
			<LineStyle>
				<color>ffffff55</color>
				<width>3</width>
			</LineStyle>
			<PolyStyle>
				<fill>0</fill>
			</PolyStyle>
		</Style>
		<Placemark>
			<name>Ward no. 5.kml</name>
			<styleUrl>#m_ylw-pushpin3</styleUrl>
			<Polygon>
				<tessellate>1</tessellate>
				<outerBoundaryIs>
					<LinearRing>
						<coordinates>
							74.7589368092024,20.9087538139096,0 74.7590743204692,20.9087819343888,0 74.75926505580711,20.908766806206,0 74.7593807955999,20.9086943758832,0 74.759395139543,20.9086716500465,0 74.7597563861694,20.9086397905158,0 74.7598556028577,20.9086411826606,0 74.75996539958921,20.9086304564778,0 74.7600814301739,20.9086191212307,0 74.7603072574303,20.9085970595298,0 74.7603627036948,20.9085892568871,0 74.7604912393403,20.908571168719,0 74.76058977975759,20.9085573015647,0 74.7607338538276,20.908537026565,0 74.7608622857996,20.9085189527214,0 74.761750604654,20.9083708629532,0 74.7624757982598,20.9083023208001,0 74.7630008207266,20.9082469036985,0 74.7670067506929,20.9073189153185,0 74.7672986243719,20.907321986758,0 74.7674108710321,20.9081256623623,0 74.7676122554722,20.9090691855475,0 74.7673562307852,20.9090725529099,0 74.7671455987599,20.9092166609967,0 74.7667039633611,20.9093813303692,0 74.7659164788876,20.9095355846767,0 74.7649778105082,20.9096746977185,0 74.764514639575,20.9096846508505,0 74.7647891897669,20.9109849184887,0 74.764883894308,20.9110042950541,0 74.7652799063053,20.910935906316,0 74.7653176700417,20.9110930449746,0 74.7653755522207,20.9113771380185,0 74.76613133140209,20.9112595160093,0 74.766920701467,20.9111529755448,0 74.7669989376046,20.9114370196284,0 74.7672074538129,20.9121216312301,0 74.7671936033945,20.9124460424823,0 74.7672755676121,20.9128261746497,0 74.76747499534341,20.9133294506098,0 74.7676111344372,20.9136999933378,0 74.7677196966122,20.9139652694336,0 74.76776549581039,20.9139537941053,0 74.768157699319,20.9138039462462,0 74.7685267907663,20.9136791470833,0 74.7687940961715,20.9136277763857,0 74.76915869630869,20.9135774281048,0 74.7698562703215,20.9134086704071,0 74.76992783353241,20.9137548284516,0 74.7699508882089,20.9138501153451,0 74.7699654170107,20.913927926363,0 74.7700321305724,20.9139285264205,0 74.7700702616842,20.9139002441894,0 74.770453363101,20.9138094518116,0 74.7705092780933,20.913804959702,0 74.7705274004164,20.9138442431874,0 74.770663421832,20.9141773823216,0 74.7709468935015,20.9140671621237,0 74.77117129686179,20.9146220169802,0 74.7712365929136,20.9146202388289,0 74.7717075089038,20.9144186171307,0 74.7719683119645,20.9143079128912,0 74.7722168646031,20.9141666027216,0 74.7724107602086,20.9140755135881,0 74.7728226376461,20.9138377129551,0 74.77299859541399,20.9137396623208,0 74.7730767349572,20.9136846076307,0 74.77329689438029,20.9139612101852,0 74.773375608699,20.914009444538,0 74.7734936297703,20.9139538336675,0 74.7736212586795,20.9145673794845,0 74.7737041796441,20.9150957650987,0 74.7737351714231,20.9152932487347,0 74.7742933478569,20.9151788872153,0 74.7744252132574,20.915897820026,0 74.77422988495699,20.9159706225338,0 74.7735400749509,20.91609206903,0 74.7734640612084,20.916423131712,0 74.77333848205519,20.9166791752125,0 74.7731267382749,20.9169072240714,0 74.77258986566299,20.9171995876444,0 74.7719240667514,20.9174228698587,0 74.77179928971771,20.917611194133,0 74.7715945082581,20.9178596321733,0 74.77134495250699,20.9182362800553,0 74.7712060301624,20.918856211217,0 74.7711621114817,20.9190640087121,0 74.7710621736836,20.9191340895939,0 74.7710617226647,20.9191713167255,0 74.7708960251323,20.9193151882991,0 74.77081379519009,20.9194108347593,0 74.7698524389434,20.9202405421954,0 74.7692185889702,20.920806168175,0 74.7684124298961,20.9214551241997,0 74.76811379124671,20.9217611287556,0 74.7672535065818,20.9224929080516,0 74.7665211234837,20.9230778636846,0 74.76575684605309,20.9236921135716,0 74.765057756011,20.9241292480853,0 74.76492548964021,20.9241876687625,0 74.76476498723061,20.9243386348275,0 74.7644527210355,20.9245317508075,0 74.76391378137031,20.9246920006794,0 74.7632737737038,20.9248647287454,0 74.7626490292091,20.9249665031514,0 74.7619158878345,20.925090836109,0 74.76137710581919,20.9252375351427,0 74.7612322265755,20.9252969597553,0 74.7609992374405,20.9254909065569,0 74.76078082481629,20.9256714616922,0 74.7606932004965,20.925765353287,0 74.76054435233149,20.9258552122044,0 74.76042530614779,20.9258641143193,0 74.7600727028657,20.925812983084,0 74.7598538040977,20.9257327864835,0 74.7598002335599,20.9256915850714,0 74.7596174133274,20.9256083828986,0 74.7595875104839,20.9255471135588,0 74.7595850387661,20.9254939133147,0 74.7595768270025,20.9254530301273,0 74.7598888919165,20.9253606633711,0 74.75960197340051,20.9243383545182,0 74.75942839230881,20.9234831709009,0 74.7594516757833,20.9233445780751,0 74.7592523843376,20.922529757833,0 74.7591486494001,20.9221629400161,0 74.75907677804339,20.9221452491366,0 74.75892134453569,20.9221895670954,0 74.7586609747394,20.9222559904187,0 74.75851275681811,20.9216590819934,0 74.7583686453701,20.9210846220644,0 74.7580076291912,20.9211349872832,0 74.7578050529349,20.9211971858254,0 74.75731061913331,20.9212529118319,0 74.75728991113461,20.9212608700058,0 74.7572645885574,20.9208833164429,0 74.7572441082949,20.9204869005779,0 74.7572217218341,20.9202496214766,0 74.7571526096519,20.9200016892339,0 74.7569975034933,20.9194108289732,0 74.75698746299339,20.9193889423771,0 74.75785112480681,20.9191557220006,0 74.7577047192537,20.9187410427841,0 74.7576223771442,20.9185963605555,0 74.7574697188638,20.9185015154239,0 74.7573997148192,20.9183280726606,0 74.7573220229739,20.9178938014991,0 74.75724757010551,20.9174900413552,0 74.7571636453124,20.9169744320674,0 74.757427367932,20.9169429226887,0 74.7573835458039,20.9165713602033,0 74.75692249572,20.9166467940981,0 74.7568794283213,20.9163679238534,0 74.75670774567089,20.9158494652177,0 74.75704495564651,20.9157507118474,0 74.7568834986096,20.9150886694375,0 74.7566012773036,20.9151257058726,0 74.7565510946378,20.9145568852323,0 74.75645482864989,20.9138684407958,0 74.7561247218901,20.9138980377221,0 74.75583042189319,20.9117932889564,0 74.7558290574152,20.9117557723051,0 74.7557255859399,20.9109654039043,0 74.75587329840729,20.9109694029626,0 74.75587462630951,20.9108586182349,0 74.7558845929576,20.9106284523278,0 74.7558545564424,20.9104283401373,0 74.7558651724474,20.9101439995059,0 74.7562276344693,20.9101681239604,0 74.7563833776793,20.910207050769,0 74.7565295106149,20.9097412811219,0 74.75657736944081,20.9096571287756,0 74.7564887598531,20.9096198082341,0 74.7564685314409,20.9096112884334,0 74.75658476094777,20.90934249191018,0 74.75661439517687,20.90900543154624,0 74.75662249058951,20.90869538735652,0 74.75850784334089,20.9087632980881,0 74.75892217832551,20.9087205023265,0 74.7589368092024,20.9087538139096,0 
						</coordinates>
					</LinearRing>
				</outerBoundaryIs>
			</Polygon>
		</Placemark>
	</Document>
	<Document>
		<name>Ward no. 6.kml</name>
		<StyleMap id="m_ylw-pushpin4">
			<Pair>
				<key>normal</key>
				<styleUrl>#s_ylw-pushpin4</styleUrl>
			</Pair>
			<Pair>
				<key>highlight</key>
				<styleUrl>#s_ylw-pushpin_hl4</styleUrl>
			</Pair>
		</StyleMap>
		<Style id="s_ylw-pushpin4">
			<IconStyle>
				<scale>1.1</scale>
				<Icon>
					<href>http://maps.google.com/mapfiles/kml/pushpin/ylw-pushpin.png</href>
				</Icon>
				<hotSpot x="20" y="2" xunits="pixels" yunits="pixels"/>
			</IconStyle>
			<LineStyle>
				<color>ffffff55</color>
				<width>3</width>
			</LineStyle>
			<PolyStyle>
				<fill>0</fill>
			</PolyStyle>
		</Style>
		<Style id="s_ylw-pushpin_hl4">
			<IconStyle>
				<scale>1.3</scale>
				<Icon>
					<href>http://maps.google.com/mapfiles/kml/pushpin/ylw-pushpin.png</href>
				</Icon>
				<hotSpot x="20" y="2" xunits="pixels" yunits="pixels"/>
			</IconStyle>
			<LineStyle>
				<color>ffffff55</color>
				<width>3</width>
			</LineStyle>
			<PolyStyle>
				<fill>0</fill>
			</PolyStyle>
		</Style>
		<Placemark>
			<name>Ward no. 6.kml</name>
			<styleUrl>#m_ylw-pushpin4</styleUrl>
			<Polygon>
				<tessellate>1</tessellate>
				<outerBoundaryIs>
					<LinearRing>
						<coordinates>
							74.7562276344693,20.9101681239604,0 74.7563833776793,20.910207050769,0 74.7565295106149,20.9097412811219,0 74.75657736944081,20.9096571287756,0 74.7564685314409,20.9096112884334,0 74.75658515947001,20.9093417001584,0 74.7566142564567,20.9090061406155,0 74.75664126127189,20.9079495205084,0 74.7546410205515,20.907813177492,0 74.7545085930569,20.9071326062913,0 74.75297807609471,20.907079565112,0 74.75097691713179,20.9069855817231,0 74.7489688329173,20.9067255498051,0 74.74901015073191,20.9054795271561,0 74.7488938342882,20.9044447278586,0 74.7488440167714,20.9039177088914,0 74.7488749511667,20.9035929466066,0 74.7486759317808,20.9020127866581,0 74.74845770778271,20.9006813188734,0 74.74773090924489,20.898040691056,0 74.7475612984838,20.8977612055778,0 74.74737043425159,20.8947679612638,0 74.7478154232919,20.8944763526352,0 74.74697609527119,20.890852103376,0 74.74688636150699,20.8878284906741,0 74.7470638377894,20.8835630834211,0 74.7433399464194,20.8838197964115,0 74.7413846038137,20.8832548151529,0 74.74108376421989,20.8845037575044,0 74.73877557191589,20.8852439671585,0 74.73608943385079,20.8857429958293,0 74.7321485457136,20.8864316547549,0 74.7296834240271,20.8851704850079,0 74.72885259884281,20.8844546143196,0 74.72827723882649,20.882554138004,0 74.727863251353,20.8812226122785,0 74.7242580869958,20.881408915467,0 74.7214480395547,20.8820518914002,0 74.7205003652349,20.8826716048824,0 74.7205215015242,20.8835301743818,0 74.7207941454934,20.8849299894125,0 74.7206087217855,20.8867702869976,0 74.7218744154827,20.8867257940777,0 74.7231401085031,20.8866812926535,0 74.7243172129,20.8886386803075,0 74.7220727558086,20.889521363916,0 74.7210658364873,20.8902532605027,0 74.7184760308339,20.8899954360137,0 74.717251548045,20.8898780789951,0 74.7178433075515,20.8915269466768,0 74.71610494352279,20.8919438126352,0 74.71624327446079,20.891315008583,0 74.7137549061724,20.890592935402,0 74.71284980934411,20.8897631884453,0 74.7119447215423,20.8889334366385,0 74.71207081250481,20.8875684078875,0 74.7099616106433,20.8882307922438,0 74.7085420804477,20.8883856980545,0 74.70773255648599,20.8884722653687,0 74.7072040488181,20.888412987899,0 74.7063834581796,20.8879094979006,0 74.70627208692871,20.8894097483139,0 74.7056454741503,20.8897066125467,0 74.7047639015034,20.8899548366871,0 74.7040349923338,20.890093773913,0 74.7037692588621,20.8900982144487,0 74.70265376505419,20.8901168508016,0 74.70286101248669,20.8930616539333,0 74.7033511291099,20.8969619531551,0 74.703634459817,20.8999119883012,0 74.7039473622673,20.9030359927651,0 74.7039583112999,20.9042165804324,0 74.703864955805,20.9072519008678,0 74.70396267742269,20.9076453339994,0 74.7049713441963,20.9078585505333,0 74.7066206818468,20.908691148193,0 74.7072146864259,20.9090301549924,0 74.70806175028341,20.9091945526473,0 74.7088531914397,20.9093587266665,0 74.7099076407391,20.9094762025393,0 74.7104819861201,20.9094651671172,0 74.7109529433873,20.9094474950468,0 74.71225059678621,20.9092508783511,0 74.71349057734371,20.9091829159257,0 74.71442600423011,20.9091488200766,0 74.7158767806247,20.9091751967529,0 74.7171072886014,20.9091292092387,0 74.718374880898,20.9090384669335,0 74.7188388170846,20.9089630409139,0 74.71991337884749,20.9089364435832,0 74.7205317811294,20.9089366528865,0 74.7214834944775,20.9090387887806,0 74.72285704632969,20.9091260401044,0 74.7233668880358,20.9093145338934,0 74.7244280516815,20.9093480181405,0 74.725389716194,20.9093334936721,0 74.7261753079388,20.9092030084118,0 74.7274859457696,20.908885293027,0 74.7279313813019,20.9087036505238,0 74.72860908525119,20.9085407188983,0 74.7302530177212,20.9080467290937,0 74.7308181523635,20.9077180789238,0 74.7315383888042,20.9073229494475,0 74.7334025488382,20.90652285652,0 74.7353794326406,20.9055733539322,0 74.7365076072897,20.9061074591867,0 74.73787222817759,20.9072578840743,0 74.73793934115039,20.9084148655609,0 74.7379584524832,20.9089645231194,0 74.73797345265569,20.9096143549395,0 74.73748776719,20.9097966828707,0 74.7376652481464,20.9107796957634,0 74.73773619693389,20.9114323894184,0 74.7377637881735,20.9117586519333,0 74.73784581358601,20.9120208360869,0 74.73763507368299,20.9125235613287,0 74.7370114589713,20.9126840694871,0 74.7365051279606,20.9128268268877,0 74.7362758973394,20.9130049883568,0 74.7363291692803,20.9143362501154,0 74.736371006959,20.9149039165051,0 74.7369293599091,20.9149019623501,0 74.73772189856589,20.9150065418509,0 74.7392128992728,20.9156576527182,0 74.73937329051979,20.9168875907163,0 74.7394766783773,20.917466543521,0 74.7395414764251,20.9177895947402,0 74.7399347225643,20.917996546344,0 74.7400858566907,20.9187611922997,0 74.7398077448432,20.9188373607663,0 74.7403551797714,20.9213783580005,0 74.7418397433938,20.9212627638751,0 74.74301456586051,20.9211263184955,0 74.74337356373459,20.9210528139039,0 74.74285875056241,20.923384795714,0 74.7421381758892,20.9252948952557,0 74.7420014080239,20.9258531370466,0 74.7422101788076,20.9267842837355,0 74.74229891058989,20.9274244893952,0 74.74245619426,20.9286166515493,0 74.74273933701009,20.9290425507425,0 74.74285053135389,20.9290437350623,0 74.7435898502608,20.9290075858952,0 74.7436754032363,20.9290863816473,0 74.7438611289918,20.9292271971493,0 74.7439922256625,20.9294148391543,0 74.7441700752569,20.9296636693777,0 74.74427946341839,20.9296798478487,0 74.74432354642531,20.9297366777402,0 74.74463528617839,20.9298889923834,0 74.7450783164176,20.9299140239689,0 74.74537071897051,20.9298764989524,0 74.74569268662169,20.9297783345533,0 74.7459031382492,20.9296620522393,0 74.7465203206423,20.9292927353806,0 74.74715645713501,20.9288457329612,0 74.748007638343,20.9284992156228,0 74.74842096050931,20.928297041626,0 74.748461584127,20.928275800759,0 74.7485432869999,20.9283152723353,0 74.7486798658946,20.9283471995274,0 74.7490074071425,20.9283845406513,0 74.7490839124582,20.92836008174,0 74.7491391205036,20.9283833923135,0 74.74932089971129,20.928391255349,0 74.74943446111109,20.9283890746172,0 74.7496106620289,20.9284231148927,0 74.74971845127089,20.9284513494277,0 74.7499089455146,20.9284957000353,0 74.75003272821451,20.9285427287822,0 74.75012796649111,20.9285896402288,0 74.7501778083583,20.9286170738531,0 74.7502551687263,20.9286280536672,0 74.7505678569625,20.9285517933905,0 74.7506416634038,20.9285036371523,0 74.7507981384301,20.9284774398249,0 74.7508357614912,20.9284530465675,0 74.75103106015089,20.9283975511361,0 74.75169273742451,20.9282234014499,0 74.7523030652178,20.9281232037364,0 74.7527958411584,20.9280573144437,0 74.75295038071449,20.9280759335736,0 74.75371090583759,20.9279028275315,0 74.75368687205879,20.9276925690792,0 74.754256367914,20.9273904475007,0 74.7545570478906,20.9272632588678,0 74.7547520259813,20.9271982353824,0 74.75488283221711,20.9271464944359,0 74.75483475461451,20.9269478866942,0 74.7547727898821,20.9267051099268,0 74.7547160773329,20.9262763278725,0 74.7533235083405,20.9264357872166,0 74.7531413459464,20.9259411670382,0 74.75304148886261,20.9259490356152,0 74.7529937757748,20.9256805333676,0 74.75291131187841,20.9253218620492,0 74.75306299276041,20.9253189319386,0 74.75333728533241,20.9252879752485,0 74.7532916851284,20.9250466502871,0 74.7533139808605,20.9250423432215,0 74.75338738030121,20.9248108899109,0 74.75369667106069,20.9247736774611,0 74.7540283789121,20.9247636458303,0 74.7546753596137,20.9246113407405,0 74.755912915759,20.9242011514204,0 74.7564740908262,20.9240348894387,0 74.756509764806,20.9240212190452,0 74.7572070303946,20.9238829824092,0 74.7572679694179,20.9239107173019,0 74.75736713005131,20.924057377195,0 74.7575016737713,20.9245599736223,0 74.7578330617544,20.9254794733975,0 74.75789339325981,20.9255579962224,0 74.758080928998,20.9256988171265,0 74.7581778847684,20.9257762633094,0 74.7582133034968,20.9257579819408,0 74.7582562166898,20.9258090316252,0 74.7584732298904,20.9260466733505,0 74.7586610891569,20.9263110971479,0 74.758751104487,20.9261681303684,0 74.75883739429619,20.9260352830836,0 74.75904605179009,20.9257665832173,0 74.7594306046057,20.9255573083194,0 74.759513896504,20.9255243250415,0 74.7595850387661,20.9254939133147,0 74.7595768270025,20.9254530301273,0 74.7598888919165,20.9253606633711,0 74.75960197340051,20.9243383545182,0 74.75942839230881,20.9234831709009,0 74.7594516757833,20.9233445780751,0 74.7592523843376,20.922529757833,0 74.7591486494001,20.9221629400161,0 74.75907677804339,20.9221452491366,0 74.75892134453569,20.9221895670954,0 74.7586609747394,20.9222559904187,0 74.75851275681811,20.9216590819934,0 74.7583686453701,20.9210846220644,0 74.7580076291912,20.9211349872832,0 74.7578050529349,20.9211971858254,0 74.75731061913331,20.9212529118319,0 74.75728991113461,20.9212608700058,0 74.7572645885574,20.9208833164429,0 74.7572441082949,20.9204869005779,0 74.7572217218341,20.9202496214766,0 74.7571526096519,20.9200016892339,0 74.7569975034933,20.9194108289732,0 74.75698746299339,20.9193889423771,0 74.75785112480681,20.9191557220006,0 74.7577047192537,20.9187410427841,0 74.7576223771442,20.9185963605555,0 74.7574697188638,20.9185015154239,0 74.7573997148192,20.9183280726606,0 74.7573220229739,20.9178938014991,0 74.75724757010551,20.9174900413552,0 74.7571636453124,20.9169744320674,0 74.757427367932,20.9169429226887,0 74.7573835458039,20.9165713602033,0 74.75692249572,20.9166467940981,0 74.7568794283213,20.9163679238534,0 74.75670774567089,20.9158494652177,0 74.75704495564651,20.9157507118474,0 74.7568834986096,20.9150886694375,0 74.7566012773036,20.9151257058726,0 74.7565510946378,20.9145568852323,0 74.75645482864989,20.9138684407958,0 74.7561247218901,20.9138980377221,0 74.75583042189319,20.9117932889564,0 74.7558290574152,20.9117557723051,0 74.7557255859399,20.9109654039043,0 74.75587329840729,20.9109694029626,0 74.75587462630951,20.9108586182349,0 74.7558845929576,20.9106284523278,0 74.7558545564424,20.9104283401373,0 74.7558651724474,20.9101439995059,0 74.7562276344693,20.9101681239604,0 
						</coordinates>
					</LinearRing>
				</outerBoundaryIs>
			</Polygon>
		</Placemark>
	</Document>
	<Document>
		<name>Ward no. 7.kml</name>
		<StyleMap id="m_ylw-pushpin5">
			<Pair>
				<key>normal</key>
				<styleUrl>#s_ylw-pushpin5</styleUrl>
			</Pair>
			<Pair>
				<key>highlight</key>
				<styleUrl>#s_ylw-pushpin_hl5</styleUrl>
			</Pair>
		</StyleMap>
		<Style id="s_ylw-pushpin5">
			<IconStyle>
				<scale>1.1</scale>
				<Icon>
					<href>http://maps.google.com/mapfiles/kml/pushpin/ylw-pushpin.png</href>
				</Icon>
				<hotSpot x="20" y="2" xunits="pixels" yunits="pixels"/>
			</IconStyle>
			<LineStyle>
				<color>ffffff55</color>
				<width>3</width>
			</LineStyle>
			<PolyStyle>
				<fill>0</fill>
			</PolyStyle>
		</Style>
		<Style id="s_ylw-pushpin_hl5">
			<IconStyle>
				<scale>1.3</scale>
				<Icon>
					<href>http://maps.google.com/mapfiles/kml/pushpin/ylw-pushpin.png</href>
				</Icon>
				<hotSpot x="20" y="2" xunits="pixels" yunits="pixels"/>
			</IconStyle>
			<LineStyle>
				<color>ffffff55</color>
				<width>3</width>
			</LineStyle>
			<PolyStyle>
				<fill>0</fill>
			</PolyStyle>
		</Style>
		<Placemark>
			<name>Ward no. 7.kml</name>
			<styleUrl>#m_ylw-pushpin5</styleUrl>
			<Polygon>
				<tessellate>1</tessellate>
				<outerBoundaryIs>
					<LinearRing>
						<coordinates>
							74.7589221957578,20.9087205420163,0 74.7589368092024,20.9087538139096,0 74.7590743204692,20.9087819343888,0 74.75926505580711,20.908766806206,0 74.7593807955999,20.9086943758832,0 74.75939507955771,20.9086717450842,0 74.759395139543,20.9086716500465,0 74.759395139543,20.9086716500465,0 74.7597563861694,20.9086397905158,0 74.7598556028577,20.9086411826606,0 74.7603072574303,20.9085970595298,0 74.76058977975759,20.9085573015647,0 74.7608622857996,20.9085189527214,0 74.7610523136848,20.9084872739479,0 74.76130644542449,20.9084449083628,0 74.761750604654,20.9083708629532,0 74.7618935961995,20.9083573482384,0 74.76227013367721,20.9083217596137,0 74.7624130233919,20.9083082541209,0 74.7624757982598,20.9083023208001,0 74.76260862710841,20.908288300609,0 74.7630008207266,20.9082469036985,0 74.7634154946051,20.9081508474337,0 74.7640013946255,20.9080151260906,0 74.7641745034546,20.9079750257449,0 74.7645613714068,20.9078854078376,0 74.7651442991576,20.9077503710117,0 74.7656685331459,20.9076289290196,0 74.76603770089891,20.9075434080761,0 74.76621080874639,20.9075033058457,0 74.76683963728961,20.9073576296735,0 74.7670067506929,20.9073189153185,0 74.7672986243719,20.907321986758,0 74.7678383169423,20.9072473796259,0 74.76827259020671,20.9071873444907,0 74.76868908610849,20.9071297659639,0 74.7689717539491,20.9070906879652,0 74.76933677017171,20.9070837611842,0 74.7697670177827,20.9070755956219,0 74.76977869549511,20.9067111313706,0 74.7697884476362,20.9064067633709,0 74.7697983646117,20.9060972496127,0 74.7699941350034,20.9039464329588,0 74.7701605184911,20.9025617866293,0 74.7684605177844,20.9022632558114,0 74.7667932740847,20.9024955782621,0 74.76542320591059,20.902792609795,0 74.7623973749716,20.9037482235966,0 74.760528855302,20.9036661349971,0 74.75798550855789,20.9035872895354,0 74.75475515303491,20.9036050843178,0 74.7504684974499,20.903611617234,0 74.7488749511667,20.9035929466066,0 74.7488440167714,20.9039177088914,0 74.7488938342882,20.9044447278586,0 74.74901015073191,20.9054795271561,0 74.7489688329173,20.9067255498051,0 74.75097691713179,20.9069855817231,0 74.75297807609471,20.907079565112,0 74.7545085930569,20.9071326062913,0 74.7546410205515,20.907813177492,0 74.75664126127189,20.9079495205084,0 74.7566277589072,20.908477830665,0 74.7566222001647,20.9086953278362,0 74.7569375351039,20.9087066957773,0 74.7572507059237,20.9087179851772,0 74.7575650215602,20.9087293153212,0 74.7578350221692,20.9087390476204,0 74.758073185355,20.9087476320025,0 74.75850784334089,20.9087632980881,0 74.7586427922833,20.9087493731201,0 74.7589221957578,20.9087205420163,0 
						</coordinates>
					</LinearRing>
				</outerBoundaryIs>
			</Polygon>
		</Placemark>
	</Document>
	<Document>
		<name>Ward no. 8.kml</name>
		<StyleMap id="m_ylw-pushpin6">
			<Pair>
				<key>normal</key>
				<styleUrl>#s_ylw-pushpin6</styleUrl>
			</Pair>
			<Pair>
				<key>highlight</key>
				<styleUrl>#s_ylw-pushpin_hl6</styleUrl>
			</Pair>
		</StyleMap>
		<Style id="s_ylw-pushpin6">
			<IconStyle>
				<scale>1.1</scale>
				<Icon>
					<href>http://maps.google.com/mapfiles/kml/pushpin/ylw-pushpin.png</href>
				</Icon>
				<hotSpot x="20" y="2" xunits="pixels" yunits="pixels"/>
			</IconStyle>
			<LineStyle>
				<color>ffffff55</color>
				<width>3</width>
			</LineStyle>
			<PolyStyle>
				<fill>0</fill>
			</PolyStyle>
		</Style>
		<Style id="s_ylw-pushpin_hl6">
			<IconStyle>
				<scale>1.3</scale>
				<Icon>
					<href>http://maps.google.com/mapfiles/kml/pushpin/ylw-pushpin.png</href>
				</Icon>
				<hotSpot x="20" y="2" xunits="pixels" yunits="pixels"/>
			</IconStyle>
			<LineStyle>
				<color>ffffff55</color>
				<width>3</width>
			</LineStyle>
			<PolyStyle>
				<fill>0</fill>
			</PolyStyle>
		</Style>
		<Placemark>
			<name>Ward no. 8.kml</name>
			<styleUrl>#m_ylw-pushpin6</styleUrl>
			<Polygon>
				<tessellate>1</tessellate>
				<outerBoundaryIs>
					<LinearRing>
						<coordinates>
							74.7697983646117,20.9060972496127,0 74.7697670177827,20.9070755956219,0 74.7700286701256,20.9070706293065,0 74.77057861960181,20.9070601897565,0 74.77138325728031,20.9070449126308,0 74.7715208697377,20.9070513033173,0 74.7718014029391,20.9070643308929,0 74.77265420500309,20.9071039312685,0 74.7729675200728,20.9071184792673,0 74.7736041152224,20.9071480363522,0 74.77389667585869,20.9071616192047,0 74.77427472967,20.9071791706135,0 74.77453368379081,20.9071911922971,0 74.77476150603469,20.907201768419,0 74.77491666035741,20.9072089709418,0 74.775231366303,20.907297039944,0 74.77550533331041,20.9073737078343,0 74.775554183187,20.9069844823077,0 74.77560303283499,20.9065952566571,0 74.7756518780576,20.9064630014143,0 74.7756905771424,20.9061249135856,0 74.7757238680139,20.9060689184521,0 74.7757252358097,20.9060323637228,0 74.7757534452706,20.9054772975633,0 74.7755753396611,20.9040870260163,0 74.77559240489811,20.9038637053102,0 74.77637993388581,20.9037026380515,0 74.77699620693021,20.903544140543,0 74.7767624923239,20.902232753141,0 74.776183973229,20.899423078278,0 74.7764305409106,20.8993794183678,0 74.77666923619169,20.89930741834,0 74.7767555525416,20.899321867803,0 74.77684141644249,20.8996783355847,0 74.776962124161,20.8996795996331,0 74.7772745048711,20.899623609098,0 74.7774279552942,20.8996046373203,0 74.7788607085612,20.8993032695075,0 74.7791674378356,20.9005080000135,0 74.7798555378848,20.9003729689077,0 74.7799649177603,20.9002657489117,0 74.78050183896249,20.9002679756565,0 74.7805996109677,20.8999235883916,0 74.7808372031908,20.8999446966442,0 74.78100776022011,20.8999446371372,0 74.7809874044069,20.8992808453995,0 74.7810631980267,20.8986619321583,0 74.7811112816656,20.8985574571974,0 74.7811278580929,20.8983747664915,0 74.7807674992067,20.8983743868963,0 74.7805023041615,20.8984020923339,0 74.7804467042661,20.89835367339,0 74.7804469435969,20.8983334555571,0 74.78045213000139,20.8981997481725,0 74.78044258301939,20.8980929777235,0 74.780220244663,20.8983560875744,0 74.7799978,20.8985795,0 74.77976940000001,20.8986128999999,0 74.77976234398599,20.8982346716819,0 74.7797622405337,20.8981823762215,0 74.7797640448275,20.8980300084322,0 74.7797605469319,20.897978880445,0 74.779933427559,20.8979994524603,0 74.779933121705,20.8979640358206,0 74.77996430450079,20.897856011155,0 74.77997141565029,20.8975597780376,0 74.7799136,20.8972854,0 74.7798753283966,20.8965445547063,0 74.7798706863461,20.8965056246663,0 74.7795571866978,20.8965186930048,0 74.7795440407112,20.8964479650434,0 74.7794921046995,20.8959648634551,0 74.7794668686476,20.8956615188801,0 74.77934989364179,20.8956866330923,0 74.7792139477623,20.895718135085,0 74.7791817251161,20.8955870371125,0 74.77914874660679,20.8954538977156,0 74.7789705,20.8954943,0 74.7787258955501,20.8955603606468,0 74.7786850266268,20.8955741836974,0 74.77856926519421,20.8956119158041,0 74.7784573676268,20.8956276768234,0 74.7783703910133,20.8956690963861,0 74.77828141216671,20.8957274268367,0 74.7781983395386,20.8957434893506,0 74.77808460015309,20.8957626172492,0 74.7779835519632,20.8957751051596,0 74.7779335015109,20.8957805778217,0 74.7778982473918,20.8957894509924,0 74.7778413936872,20.8957877291565,0 74.77775274085791,20.895790467707,0 74.77775165596751,20.8957491191823,0 74.77774149953871,20.8956747899389,0 74.77771448108869,20.8956740838161,0 74.7776242178153,20.8956942883563,0 74.77762053093861,20.8956927020596,0 74.7774742018491,20.8956901935043,0 74.7770559778948,20.8957078260099,0 74.7768070708382,20.8957297706614,0 74.7761241240935,20.8958115094759,0 74.7759808301079,20.8960436681878,0 74.7759483404857,20.8961394401542,0 74.7759194902177,20.8962021851787,0 74.7758285278685,20.896275732368,0 74.77573372123391,20.8963695574803,0 74.77559629953279,20.8964104471602,0 74.7754285724954,20.8964239281396,0 74.7753549407629,20.8964011365098,0 74.7753483680566,20.8964373525987,0 74.7751911065501,20.8963926551502,0 74.7745878539255,20.8965150135824,0 74.77451943306011,20.8970077001864,0 74.7744671529497,20.8970154067248,0 74.7742908516897,20.8985841428282,0 74.7728057245295,20.8988352669745,0 74.77153708267321,20.8994442565102,0 74.769727109565,20.900492053132,0 74.7684605177844,20.9022632558114,0 74.7701605184911,20.9025617866293,0 74.7699941350034,20.9039464329588,0 74.7697983646117,20.9060972496127,0 
						</coordinates>
					</LinearRing>
				</outerBoundaryIs>
			</Polygon>
		</Placemark>
	</Document>
	<Document>
		<name>Ward no. 9.kml</name>
		<StyleMap id="m_ylw-pushpin7">
			<Pair>
				<key>normal</key>
				<styleUrl>#s_ylw-pushpin7</styleUrl>
			</Pair>
			<Pair>
				<key>highlight</key>
				<styleUrl>#s_ylw-pushpin_hl7</styleUrl>
			</Pair>
		</StyleMap>
		<Style id="s_ylw-pushpin7">
			<IconStyle>
				<scale>1.1</scale>
				<Icon>
					<href>http://maps.google.com/mapfiles/kml/pushpin/ylw-pushpin.png</href>
				</Icon>
				<hotSpot x="20" y="2" xunits="pixels" yunits="pixels"/>
			</IconStyle>
			<LineStyle>
				<color>ffffff55</color>
				<width>3</width>
			</LineStyle>
			<PolyStyle>
				<fill>0</fill>
			</PolyStyle>
		</Style>
		<Style id="s_ylw-pushpin_hl7">
			<IconStyle>
				<scale>1.3</scale>
				<Icon>
					<href>http://maps.google.com/mapfiles/kml/pushpin/ylw-pushpin.png</href>
				</Icon>
				<hotSpot x="20" y="2" xunits="pixels" yunits="pixels"/>
			</IconStyle>
			<LineStyle>
				<color>ffffff55</color>
				<width>3</width>
			</LineStyle>
			<PolyStyle>
				<fill>0</fill>
			</PolyStyle>
		</Style>
		<Placemark>
			<name>Ward no. 9.kml</name>
			<styleUrl>#m_ylw-pushpin7</styleUrl>
			<Polygon>
				<tessellate>1</tessellate>
				<outerBoundaryIs>
					<LinearRing>
						<coordinates>
							74.77560303283499,20.9065952566571,0 74.77550533331041,20.9073737078343,0 74.7760105718303,20.9075150943165,0 74.7763549884403,20.9076114753025,0 74.7766424769906,20.9076919250597,0 74.776877840658,20.9077577879901,0 74.7771762555118,20.9078915473178,0 74.77764309649869,20.9081007993584,0 74.7780499098611,20.9082831438305,0 74.7782114262417,20.9083555393684,0 74.7784295167647,20.908453292476,0 74.77864156145949,20.9085483353477,0 74.779052946449,20.9089095451994,0 74.7793702425589,20.9091881401011,0 74.7796629079421,20.9094451071811,0 74.779882797158,20.9096381742238,0 74.7802334944782,20.9100313942972,0 74.7803949570232,20.9102124336171,0 74.7807201032023,20.9106018746776,0 74.7810452509035,20.9109913150655,0 74.78122560874991,20.9112542812344,0 74.7819924745461,20.9109811702713,0 74.78203478803501,20.9109542798691,0 74.78258186242211,20.9107795637704,0 74.78258802808161,20.9106026917435,0 74.78261053010731,20.9104886379861,0 74.78269929513171,20.910296543431,0 74.7829255912803,20.910055089488,0 74.7834675349561,20.9099833759606,0 74.78342348595049,20.9098554129236,0 74.783350575508,20.909620994476,0 74.78321384430809,20.9092978649419,0 74.7831637557917,20.90896209426,0 74.7831448156635,20.9081254697165,0 74.7831128242962,20.9076307293864,0 74.7831269372551,20.9075038887308,0 74.78317213927841,20.9073384295935,0 74.7832635442166,20.90707524862,0 74.7835353607752,20.9070901839993,0 74.7835692101808,20.9069785415766,0 74.78372651653331,20.9069543706989,0 74.78372651653341,20.9069543706989,0 74.78384728028649,20.9069298015352,0 74.78368360156441,20.9059900749876,0 74.78366054141929,20.905881833172,0 74.78425470962181,20.9057420382234,0 74.78447126117869,20.9056655841074,0 74.78444811784939,20.9054892524578,0 74.7844257746145,20.9052452021014,0 74.78441460146421,20.9049707910528,0 74.7841097784838,20.9049681622298,0 74.7840181749624,20.9049717347506,0 74.7837846930956,20.9049470847628,0 74.7836422973235,20.9049491875937,0 74.7835015072739,20.9049697295705,0 74.78336472075929,20.9049564497049,0 74.78319401745431,20.9049082972216,0 74.7831560176524,20.9048916237708,0 74.7829121323519,20.9049449526546,0 74.78253958786,20.9050595853674,0 74.7821868206958,20.9051998658359,0 74.78195654741999,20.9052990070764,0 74.781527809175,20.905441834825,0 74.781470443006,20.9054221329159,0 74.7813764226141,20.9054521186127,0 74.7808389300926,20.9050670921679,0 74.78152261859439,20.9043154155638,0 74.7826185598787,20.902845601733,0 74.7809652318246,20.902807541772,0 74.78100176394901,20.9017585138925,0 74.78100599301629,20.900765385142,0 74.78100776022011,20.8999446371372,0 74.7808372031908,20.8999446966442,0 74.7805996109677,20.8999235883916,0 74.78050183896249,20.9002679756565,0 74.7799649177603,20.9002657489117,0 74.7798555378848,20.9003729689077,0 74.7791674378356,20.9005080000135,0 74.7788607085612,20.8993032695075,0 74.7774279552942,20.8996046373203,0 74.7772745048711,20.899623609098,0 74.776962124161,20.8996795996331,0 74.77684141644249,20.8996783355847,0 74.7767555525416,20.899321867803,0 74.77666923619169,20.89930741834,0 74.7764305409106,20.8993794183678,0 74.776183973229,20.899423078278,0 74.7767624923239,20.902232753141,0 74.77699620693021,20.903544140543,0 74.77637993388581,20.9037026380515,0 74.77559240489811,20.9038637053102,0 74.7755753396611,20.9040870260163,0 74.7757534452706,20.9054772975633,0 74.7757252358097,20.9060323637228,0 74.7757238680139,20.9060689184521,0 74.7756905771424,20.9061249135856,0 74.7756518780576,20.9064630014143,0 74.77560303283499,20.9065952566571,0 
						</coordinates>
					</LinearRing>
				</outerBoundaryIs>
			</Polygon>
		</Placemark>
	</Document>
	<Document>
		<name>Ward no. 10.kml</name>
		<StyleMap id="m_ylw-pushpin8">
			<Pair>
				<key>normal</key>
				<styleUrl>#s_ylw-pushpin8</styleUrl>
			</Pair>
			<Pair>
				<key>highlight</key>
				<styleUrl>#s_ylw-pushpin_hl8</styleUrl>
			</Pair>
		</StyleMap>
		<Style id="s_ylw-pushpin8">
			<IconStyle>
				<scale>1.1</scale>
				<Icon>
					<href>http://maps.google.com/mapfiles/kml/pushpin/ylw-pushpin.png</href>
				</Icon>
				<hotSpot x="20" y="2" xunits="pixels" yunits="pixels"/>
			</IconStyle>
			<LineStyle>
				<color>ffffff55</color>
				<width>3</width>
			</LineStyle>
			<PolyStyle>
				<fill>0</fill>
			</PolyStyle>
		</Style>
		<Style id="s_ylw-pushpin_hl8">
			<IconStyle>
				<scale>1.3</scale>
				<Icon>
					<href>http://maps.google.com/mapfiles/kml/pushpin/ylw-pushpin.png</href>
				</Icon>
				<hotSpot x="20" y="2" xunits="pixels" yunits="pixels"/>
			</IconStyle>
			<LineStyle>
				<color>ffffff55</color>
				<width>3</width>
			</LineStyle>
			<PolyStyle>
				<fill>0</fill>
			</PolyStyle>
		</Style>
		<Placemark>
			<name>Ward no. 10.kml</name>
			<styleUrl>#m_ylw-pushpin8</styleUrl>
			<Polygon>
				<tessellate>1</tessellate>
				<outerBoundaryIs>
					<LinearRing>
						<coordinates>
							74.78476025171869,20.9168410389618,0 74.7850450318869,20.9172016327445,0 74.7853825492929,20.9176290006629,0 74.785836188689,20.9182033987842,0 74.7860532467901,20.9184374275779,0 74.7865354880808,20.918957369519,0 74.78723479381109,20.9197113372389,0 74.7879533773465,20.9202064496488,0 74.788671965159,20.9207015591375,0 74.7890456612006,20.9208256893128,0 74.78959431025839,20.9210079317272,0 74.7898243758013,20.9210843510145,0 74.79065076738451,20.9213588448859,0 74.790976791747,20.921467135736,0 74.79152767880581,20.9216785490655,0 74.792025562248,20.9218696193785,0 74.7924460486158,20.9220309860042,0 74.7934009865423,20.9223974500289,0 74.7941437741936,20.9226910220044,0 74.7946182174844,20.9228907951945,0 74.7952387009209,20.9231520587387,0 74.7959290109176,20.9234427203437,0 74.796309819372,20.9236030618302,0 74.7965620952631,20.9237092833721,0 74.7972498962903,20.9240105901676,0 74.7976601831964,20.924190323879,0 74.7980465946473,20.9243595973152,0 74.79863503051089,20.9246173684057,0 74.7990843895243,20.9248142134758,0 74.7995311056376,20.9250098992516,0 74.8003137718426,20.9252470196815,0 74.8012355552095,20.9255262826471,0 74.8023432243527,20.9258618541813,0 74.8036761699565,20.9260686444587,0 74.8043564317297,20.9261741749446,0 74.8050091188741,20.9262754252766,0 74.80565268104991,20.926448001696,0 74.8058856211011,20.9259201612868,0 74.8059336381709,20.9258336954872,0 74.8067240301711,20.925891319698,0 74.8077901792476,20.9259699654668,0 74.8085546086534,20.92602635076,0 74.8090236475868,20.9260611295282,0 74.80927514271789,20.926079638072,0 74.8096881668403,20.9261099576826,0 74.8101559075419,20.9261444544372,0 74.8109128991828,20.9260995752184,0 74.81190457656319,20.9260407777153,0 74.8125195794384,20.9260043109612,0 74.8131973609909,20.9259641193848,0 74.8136062998835,20.9259398686442,0 74.81426228345801,20.9259009658835,0 74.8145375226534,20.9258846422822,0 74.8148442422404,20.925869904711,0 74.81520509250289,20.9258566690378,0 74.8154658705497,20.9258471034948,0 74.81571854253291,20.9258378349432,0 74.8166313666963,20.9249749731378,0 74.8172097693642,20.9250441655724,0 74.8176828200929,20.925082365944,0 74.8181285717794,20.925097688298,0 74.8184800425466,20.925123653898,0 74.8186814737164,20.9251148860445,0 74.81883221509899,20.9251212781652,0 74.8192051342465,20.9251762573924,0 74.8194273121296,20.9252248443558,0 74.81972797862061,20.925329928718,0 74.8200286454914,20.9254350125922,0 74.8203668493296,20.9256291516891,0 74.8206156900565,20.9257389967962,0 74.82079661868219,20.9258158683754,0 74.8211958962967,20.9259904988226,0 74.82137537986139,20.9260670924259,0 74.8215191271665,20.9261509887203,0 74.82166841091519,20.9259527519558,0 74.8218246050682,20.9261133568776,0 74.822067501009,20.9263884140562,0 74.8221542026144,20.926502866412,0 74.82231276645641,20.9266925375292,0 74.8225327338983,20.9268299673115,0 74.822969320414,20.9268826659651,0 74.823482665543,20.9269752030059,0 74.8242916267817,20.9272279618394,0 74.82474288447401,20.9273563096805,0 74.8248876009814,20.9273705505188,0 74.8250263939325,20.9273520380697,0 74.825157012169,20.9269591725597,0 74.8252975547523,20.9265663621468,0 74.8248293455502,20.9263603815439,0 74.8245704821461,20.9262422743975,0 74.82460460247179,20.9258280053976,0 74.8246389959442,20.9254104177892,0 74.8246776029217,20.9249416693396,0 74.8247998813266,20.9241878102235,0 74.8244583460679,20.9241589032954,0 74.824116810928,20.9241299957476,0 74.824129101838,20.9237440155206,0 74.82413993692781,20.9234037518805,0 74.8241524339349,20.9230112957838,0 74.8241644627538,20.9226335408185,0 74.8241790874355,20.9221742625021,0 74.8241880564628,20.9218925948875,0 74.8241296375415,20.9215517048243,0 74.8240244037253,20.9209751589193,0 74.8239331386994,20.9203700282097,0 74.82387640357869,20.9199938448853,0 74.8238418743374,20.9197648971853,0 74.82372025460251,20.9192356741778,0 74.82366456149509,20.9189933268144,0 74.8235986356414,20.9187064508848,0 74.8232653924873,20.9189033276165,0 74.82306496940549,20.9190336871068,0 74.82298926327159,20.9190020654061,0 74.82291965456059,20.9187245656393,0 74.82284862514619,20.9184300499009,0 74.82276661879951,20.9180900180967,0 74.8226440943054,20.9175819786912,0 74.8224851507692,20.9169229252012,0 74.82249587136739,20.9165030308266,0 74.82250659191151,20.9160831363213,0 74.82245494392861,20.915654902719,0 74.8223467042924,20.9149156806789,0 74.82231853741651,20.9143814102346,0 74.8223487240175,20.9141254142608,0 74.8224206205844,20.9135748237793,0 74.82250925383249,20.9131713696151,0 74.8227343219605,20.9125812306295,0 74.82275469979911,20.9124008285068,0 74.8227341461165,20.9118565753211,0 74.8226605743763,20.9115918393114,0 74.8225350535396,20.9109876992623,0 74.8224718167632,20.910811265197,0 74.8223608900212,20.9103436595572,0 74.8222130634299,20.9098307981965,0 74.8221845811555,20.9095522213381,0 74.8221781182546,20.9089126596122,0 74.8222149179,20.9085398574756,0 74.82228636896549,20.9080281292273,0 74.82239121209901,20.9078450819654,0 74.8227374765749,20.9071885805831,0 74.8230261284707,20.9062377963788,0 74.82303131542029,20.9058519790315,0 74.82302312536839,20.905267179223,0 74.8229980485149,20.9048941600161,0 74.8229760677774,20.9045671941965,0 74.8229515302241,20.9042021938548,0 74.822915633862,20.9036682262056,0 74.822798381962,20.9032324313195,0 74.8227523744294,20.9028410119888,0 74.8227063671133,20.9024495925345,0 74.8226405906168,20.9024510894732,0 74.8225945912933,20.9020023901027,0 74.822548592218,20.9015536905734,0 74.82245916004349,20.9011671915923,0 74.8223697282845,20.9007806924593,0 74.82277597087371,20.9006876483524,0 74.8226961658338,20.9000115458735,0 74.8222040229151,20.8989397033839,0 74.82086257326721,20.8990445077171,0 74.8176239147094,20.8995891747166,0 74.81666169355459,20.8996237542095,0 74.8155272123179,20.8995969841808,0 74.8154778446373,20.8995016114185,0 74.8147432603362,20.899453431524,0 74.8135393911642,20.8994749261682,0 74.81274559465579,20.8998697429898,0 74.81244451579551,20.9000393514353,0 74.8113330106257,20.9007932350725,0 74.8108387463881,20.9011504890113,0 74.8099098380107,20.9016962889462,0 74.8090533467072,20.9021603118324,0 74.80891336605841,20.901529537591,0 74.8082941442582,20.9005452505432,0 74.80765847233489,20.8996200582424,0 74.8072736725058,20.8988159843341,0 74.8067071502801,20.8987212413897,0 74.80620213316681,20.8987604824375,0 74.8050930021309,20.8992231742576,0 74.8034765910183,20.8999176880792,0 74.80227527847561,20.9001719757626,0 74.8001751429389,20.9004317733311,0 74.7977976430076,20.9007307327699,0 74.7950482325454,20.9010205439322,0 74.7936842999957,20.9012480000016,0 74.7914735637884,20.9016166700783,0 74.7884377899539,20.9023267620993,0 74.7878233895708,20.9009586435551,0 74.7872241863134,20.899944104187,0 74.7864850483182,20.8990710329023,0 74.78545738157121,20.8984508379189,0 74.7849098159415,20.8983169421417,0 74.7843717105428,20.8982330121023,0 74.7837277,20.8982101,0 74.7830142,20.8982702,0 74.78252576478469,20.8983614855632,0 74.78228255602249,20.8983974910192,0 74.78170963721909,20.898391992654,0 74.7813029488135,20.8983876566276,0 74.7811278580929,20.8983747664915,0 74.7811112816656,20.8985574571974,0 74.7810631980267,20.8986619321583,0 74.7809874044069,20.8992808453995,0 74.78100776022011,20.8999446371372,0 74.78100599301629,20.900765385142,0 74.78100176394901,20.9017585138925,0 74.7809652318246,20.902807541772,0 74.7826185598787,20.902845601733,0 74.78152261859439,20.9043154155638,0 74.7808389300926,20.9050670921679,0 74.7813764226141,20.9054521186127,0 74.781470443006,20.9054221329159,0 74.781527809175,20.905441834825,0 74.78195654741999,20.9052990070764,0 74.7821868206958,20.9051998658359,0 74.78253958786,20.9050595853674,0 74.7829121323519,20.9049449526546,0 74.7831560176524,20.9048916237708,0 74.78319401745431,20.9049082972216,0 74.78336472075929,20.9049564497049,0 74.7835015072739,20.9049697295705,0 74.7836422973235,20.9049491875937,0 74.7837846930956,20.9049470847628,0 74.7840181749624,20.9049717347506,0 74.7841097784838,20.9049681622298,0 74.78441460146421,20.9049707910528,0 74.7844257746145,20.9052452021014,0 74.78444811784939,20.9054892524578,0 74.78447126117869,20.9056655841074,0 74.78425470962181,20.9057420382234,0 74.78366054141929,20.905881833172,0 74.78368360156441,20.9059900749876,0 74.78384728028649,20.9069298015352,0 74.78372651653341,20.9069543706989,0 74.78372651653331,20.9069543706989,0 74.7835692101808,20.9069785415766,0 74.7835353607752,20.9070901839993,0 74.7832635442166,20.90707524862,0 74.78317213927841,20.9073384295935,0 74.7831269372551,20.9075038887308,0 74.7831128242962,20.9076307293864,0 74.7831448156635,20.9081254697165,0 74.7831637557917,20.90896209426,0 74.78321384430809,20.9092978649419,0 74.783350575508,20.909620994476,0 74.78342348595049,20.9098554129236,0 74.7834675349561,20.9099833759606,0 74.7829255912803,20.910055089488,0 74.78269929513171,20.910296543431,0 74.78261053010731,20.9104886379861,0 74.78258802808161,20.9106026917435,0 74.78258186242211,20.9107795637704,0 74.78203478803501,20.9109542798691,0 74.7819924745461,20.9109811702713,0 74.78122560874991,20.9112542812344,0 74.7816966981504,20.9119411361728,0 74.78216447111009,20.9126231485736,0 74.7826565909821,20.913340651084,0 74.7828839800757,20.9136721779117,0 74.78363226529009,20.9149436593011,0 74.7842194650657,20.915941408832,0 74.78476025171869,20.9168410389618,0 
						</coordinates>
					</LinearRing>
				</outerBoundaryIs>
			</Polygon>
		</Placemark>
	</Document>
	<Document>
		<name>Ward no. 11.kml</name>
		<StyleMap id="m_ylw-pushpin9">
			<Pair>
				<key>normal</key>
				<styleUrl>#s_ylw-pushpin9</styleUrl>
			</Pair>
			<Pair>
				<key>highlight</key>
				<styleUrl>#s_ylw-pushpin_hl9</styleUrl>
			</Pair>
		</StyleMap>
		<Style id="s_ylw-pushpin9">
			<IconStyle>
				<scale>1.1</scale>
				<Icon>
					<href>http://maps.google.com/mapfiles/kml/pushpin/ylw-pushpin.png</href>
				</Icon>
				<hotSpot x="20" y="2" xunits="pixels" yunits="pixels"/>
			</IconStyle>
			<LineStyle>
				<color>ffffff55</color>
				<width>3</width>
			</LineStyle>
			<PolyStyle>
				<fill>0</fill>
			</PolyStyle>
		</Style>
		<Style id="s_ylw-pushpin_hl9">
			<IconStyle>
				<scale>1.3</scale>
				<Icon>
					<href>http://maps.google.com/mapfiles/kml/pushpin/ylw-pushpin.png</href>
				</Icon>
				<hotSpot x="20" y="2" xunits="pixels" yunits="pixels"/>
			</IconStyle>
			<LineStyle>
				<color>ffffff55</color>
				<width>3</width>
			</LineStyle>
			<PolyStyle>
				<fill>0</fill>
			</PolyStyle>
		</Style>
		<Placemark>
			<name>Ward no. 11.kml</name>
			<styleUrl>#m_ylw-pushpin9</styleUrl>
			<Polygon>
				<tessellate>1</tessellate>
				<outerBoundaryIs>
					<LinearRing>
						<coordinates>
							74.8090533467072,20.9021603118324,0 74.8099098380107,20.9016962889462,0 74.8108387463881,20.9011504890113,0 74.8113330106257,20.9007932350725,0 74.81244451579551,20.9000393514353,0 74.81274559465579,20.8998697429898,0 74.8135393911642,20.8994749261682,0 74.8147432603362,20.899453431524,0 74.8154778446373,20.8995016114185,0 74.8155272123179,20.8995969841808,0 74.81666169355459,20.8996237542095,0 74.8176239147094,20.8995891747166,0 74.82086257326721,20.8990445077171,0 74.8222040229151,20.8989397033839,0 74.8226961658338,20.9000115458735,0 74.82277597087371,20.9006876483524,0 74.8230426560938,20.9006265673465,0 74.8231840813948,20.9005947046927,0 74.8231659010941,20.9010037428653,0 74.8231693956744,20.9011442513917,0 74.8232061618217,20.9012700707848,0 74.8233062806534,20.9014120259275,0 74.8235154695608,20.9015285510286,0 74.823897837806,20.9016847685056,0 74.82416780089019,20.9018311224903,0 74.8245926850979,20.9021068381169,0 74.8247060939519,20.9022043383592,0 74.8249040208083,20.9024514733693,0 74.82498617116291,20.9025771455498,0 74.8250665582151,20.9028087193652,0 74.8251055048853,20.9030644796271,0 74.8251480942488,20.903166748714,0 74.82528559316231,20.9032583869542,0 74.8253726017428,20.9033173589842,0 74.82543370896489,20.9034715073059,0 74.82551519635319,20.9038177549099,0 74.8255881377813,20.9040521744541,0 74.8256953049659,20.9042306802135,0 74.82580038526,20.9043702872358,0 74.8259469646311,20.9046411576703,0 74.82607075827001,20.9048559308084,0 74.8261282004665,20.9049800637092,0 74.8261856427487,20.9051041965813,0 74.82641425164221,20.9050306677727,0 74.8269406210842,20.9048693515643,0 74.8273311096908,20.90475500324,0 74.82773353259221,20.9046371591276,0 74.828021554906,20.9045762377072,0 74.82819617710599,20.9045234972986,0 74.8287187731829,20.9043812918537,0 74.8289981286558,20.9043064673117,0 74.8292632797823,20.9042547555946,0 74.8296128051314,20.9042029520669,0 74.8298134268783,20.9041772224006,0 74.830398916174,20.9041118736358,0 74.8307992628536,20.9040629452134,0 74.83118066023231,20.9040163318627,0 74.8316928492729,20.9039537322526,0 74.83227359018331,20.9039343947743,0 74.8328543309587,20.9039150555058,0 74.8330099037333,20.9040668059588,0 74.8336687237653,20.9043747629243,0 74.8337896079743,20.9044508162019,0 74.83399319434049,20.9046368511247,0 74.8341581670815,20.9048001742478,0 74.8342853980235,20.9048639393622,0 74.83462949728489,20.904996342503,0 74.83483113629519,20.9050416521055,0 74.83507447975779,20.9050853894607,0 74.8352124005508,20.9050883848534,0 74.8353936252655,20.9050945592184,0 74.8356326327599,20.9050843022337,0 74.83576982381121,20.9050693632216,0 74.8359070148378,20.9050544241094,0 74.8363278380919,20.9050806782624,0 74.836574391166,20.9051254065271,0 74.83698405525659,20.9052011698099,0 74.8372109683763,20.9052367942506,0 74.8375363767601,20.9052246203603,0 74.8377631869174,20.9052281370727,0 74.8379526097788,20.905315162135,0 74.83813991622721,20.905548435874,0 74.8382139412503,20.9057162260661,0 74.838296649401,20.9058893593346,0 74.8383245027876,20.9060681517976,0 74.83834114938161,20.9062323986437,0 74.83835485331269,20.906367610874,0 74.8383724923864,20.9065141490528,0 74.8386330365194,20.906563096225,0 74.83872081326309,20.9065631818084,0 74.83912514195529,20.9066556674081,0 74.83921148066381,20.9063891698494,0 74.83934532110931,20.9060842359887,0 74.8394788245307,20.9057933854207,0 74.8395491916406,20.9056751486127,0 74.83968308183211,20.9054136119842,0 74.83977335544679,20.9052496741653,0 74.8398768627612,20.9049984108306,0 74.8399410167674,20.904834856092,0 74.8400533890094,20.9046272614736,0 74.84012703000241,20.9045515129807,0 74.840239848959,20.9044754673054,0 74.8403725876848,20.9043494260883,0 74.8404405717678,20.9041736737093,0 74.8405012298678,20.9039796213478,0 74.8405272009841,20.9038309074569,0 74.8405140733001,20.9036098139497,0 74.84040854631731,20.9033686068701,0 74.8402303151712,20.9031726487735,0 74.8400137711193,20.9030071603142,0 74.8399085134771,20.9028889084511,0 74.8397118987773,20.9027029009875,0 74.839560943009,20.9025157766348,0 74.8394099875802,20.9023286521355,0 74.83924132533009,20.9021448923592,0 74.83908989797131,20.9019492062383,0 74.83897569096899,20.9017562884754,0 74.8389170774193,20.9016655139117,0 74.8388727837051,20.9014549652514,0 74.83889692074879,20.9013105863629,0 74.8389160163951,20.901154865793,0 74.8389814879469,20.9009871649176,0 74.8390469593668,20.9008194639989,0 74.8390713380134,20.9006705498735,0 74.8390957166164,20.9005216357286,0 74.83905936208799,20.9003129738552,0 74.83902300765079,20.9001043119428,0 74.8390415605265,20.8999267733314,0 74.83906011336271,20.8997492346951,0 74.8390849153249,20.8996244454042,0 74.8391097172499,20.8994996560986,0 74.838997495654,20.8992975839156,0 74.83879967889401,20.8989579834939,0 74.8387140835987,20.898820455299,0 74.83860515408369,20.8986019863512,0 74.83849622485459,20.8983835173055,0 74.83837860132439,20.8982087886803,0 74.8383398535876,20.8980384937342,0 74.8383011059302,20.8978681987588,0 74.8382943548564,20.8977221413944,0 74.8382876037944,20.8975760840141,0 74.83826875635989,20.8974807752484,0 74.8382266836125,20.8972680189905,0 74.83820156914059,20.8971410181851,0 74.838183444151,20.8969472108859,0 74.8381653192035,20.8967534035574,0 74.8381333411114,20.896618937754,0 74.838101363071,20.896484471932,0 74.8380467748743,20.8963802795777,0 74.8380175744926,20.8961773264859,0 74.8380074380475,20.8960500410027,0 74.8379552370631,20.8957294479228,0 74.8379596838893,20.8955803207545,0 74.8379641307076,20.8954311935698,0 74.8379858410521,20.8951833890985,0 74.838007551332,20.8949355845799,0 74.8380303351336,20.8947511529851,0 74.8380691609884,20.8944368622731,0 74.8380814569707,20.8943373274832,0 74.83813367642919,20.8939666412526,0 74.8381314147465,20.8937074157351,0 74.837957788566,20.8933686650355,0 74.8378775108761,20.8932163008125,0 74.8377939188571,20.893148699885,0 74.8376286416342,20.8929637267256,0 74.837541084794,20.8928657355808,0 74.8374633647788,20.8927787533963,0 74.8371796958655,20.8926955775605,0 74.8368637542567,20.8926457546018,0 74.8364612721962,20.8926332734887,0 74.83617120118519,20.8926027080158,0 74.83574742030019,20.8927040118555,0 74.8355481393163,20.8927469837246,0 74.83543122113331,20.8926794655505,0 74.8353143030451,20.8926119473005,0 74.8351373545746,20.8923915048105,0 74.8350638120166,20.8922998852251,0 74.8344850398348,20.8915400020723,0 74.8343297569,20.8913281967779,0 74.83396674257639,20.8909769209685,0 74.83346881413389,20.8908240062278,0 74.8328671016384,20.8903717416717,0 74.8324351535842,20.8900125044984,0 74.832003207395,20.8896532662408,0 74.8315160022044,20.8891004150085,0 74.8310354782888,20.8882796245453,0 74.830465951161,20.8874277149531,0 74.8301535185972,20.8869014074847,0 74.829487233881,20.8862188637723,0 74.8289153728205,20.8861713023401,0 74.82806043891431,20.8859519012799,0 74.8276797395515,20.8855555726522,0 74.8271952505979,20.8854179704065,0 74.82674949559809,20.8853963302009,0 74.8263037407142,20.8853746889402,0 74.8257896580438,20.8854012761538,0 74.8252755752093,20.8854278619641,0 74.824883473466,20.8854394682339,0 74.824700519552,20.8852924387383,0 74.8245856664434,20.8848136749994,0 74.8246709690559,20.8845493159457,0 74.8247562713975,20.8842849568025,0 74.8249401023679,20.8839822255915,0 74.8251239326696,20.8836794941345,0 74.8252725031474,20.8830091778871,0 74.82530724020511,20.8827774344081,0 74.8252638633532,20.8824626775825,0 74.825118811932,20.8821586647024,0 74.8250840764633,20.881865550532,0 74.8249283239801,20.8817955264178,0 74.8245360115521,20.8817118670276,0 74.8243368268044,20.8815486250281,0 74.8239693313602,20.8812032862292,0 74.8238010206412,20.8810211894854,0 74.8232178574834,20.8806897314045,0 74.82303454012001,20.8805635313533,0 74.82292734065901,20.8804897325073,0 74.8228363922744,20.8804055480346,0 74.8226989209231,20.8802011285981,0 74.8226162810943,20.8800782431463,0 74.822573098961,20.8799806555351,0 74.82248272237121,20.8797764124099,0 74.8224266453187,20.8796496829258,0 74.82237378741149,20.8795302282403,0 74.8223419769576,20.8794294013919,0 74.8223236943751,20.879314473047,0 74.8222982246665,20.8791543645594,0 74.8222873420266,20.8789675280071,0 74.82226174248299,20.8788717872226,0 74.82221154730929,20.8787626971635,0 74.8221794514059,20.8786929424823,0 74.822090698967,20.8785735441485,0 74.8220346509578,20.8784775892741,0 74.82196900325241,20.8783651994327,0 74.8218959592503,20.8782189362576,0 74.82182150448349,20.8780482612077,0 74.8217787416333,20.8779879281599,0 74.8217517974323,20.8778926755667,0 74.8216993463616,20.8777072512504,0 74.8216658118816,20.877603231979,0 74.82165011484879,20.8775129732492,0 74.8216087080372,20.8773504768083,0 74.8215793045039,20.8772350856927,0 74.8215588809156,20.8771232625899,0 74.82153845735471,20.8770114394759,0 74.82154934956201,20.8768856940603,0 74.8216290215028,20.8767170864731,0 74.82164129858511,20.87663635165,0 74.8215716472705,20.8766834315656,0 74.8214084181967,20.8767937639595,0 74.8212028863958,20.8769326898644,0 74.8210449567428,20.8770394395459,0 74.82086641047469,20.8771601243197,0 74.8206727942232,20.8772100515117,0 74.8206056662698,20.8772204534659,0 74.8200659824933,20.8773040803894,0 74.8197183576649,20.8773579458732,0 74.8194408371764,20.8774009479974,0 74.8190762125964,20.8774903673644,0 74.8186592314236,20.8776413324708,0 74.8181798716369,20.8778148798173,0 74.81789848577959,20.8779167519647,0 74.8178088500122,20.8779492033307,0 74.8173915455998,20.8781347304604,0 74.8171137673292,20.8782582256558,0 74.8169742402569,20.8783202566409,0 74.8170680795304,20.8785168912056,0 74.81713017026181,20.8788067656527,0 74.81716770892631,20.8789820167164,0 74.817202139263,20.8791681954366,0 74.81695606700831,20.8792817071426,0 74.81649890280001,20.8793919451379,0 74.8162064923217,20.8794624546862,0 74.81568429801101,20.8795604900118,0 74.8153553386622,20.8796196175232,0 74.8149170298895,20.8797082362936,0 74.814729096069,20.8797262934216,0 74.81468420050049,20.8798885762764,0 74.81465273502729,20.8801070264727,0 74.81465305003201,20.8802336473061,0 74.814784105323,20.8804523775658,0 74.8148443654794,20.8806558654731,0 74.8148119511111,20.8808162343726,0 74.8148036643306,20.881005099251,0 74.8148331200194,20.8812621953407,0 74.814822396442,20.8815703070618,0 74.81475421359571,20.8819019253658,0 74.8146991818095,20.8820567148787,0 74.81465838485499,20.882160894964,0 74.8146954887896,20.8824044809431,0 74.814730600487,20.8826378937135,0 74.8147422450799,20.8828250207248,0 74.8147675401818,20.8830147793695,0 74.814935376058,20.8832655489531,0 74.81494459583629,20.8833404035886,0 74.8148433734068,20.8836274909089,0 74.8147566803647,20.8837336610926,0 74.81456417798741,20.8839542208186,0 74.81421704945041,20.8840746134717,0 74.81383153715571,20.8841872878459,0 74.8135176191185,20.8842707743432,0 74.8130313607507,20.8843833404775,0 74.8129065293482,20.8844122380312,0 74.812205292163,20.8845558284616,0 74.8119438618065,20.8846212074053,0 74.8114582018576,20.8847667482146,0 74.8112693883706,20.8848267202536,0 74.81108057474751,20.8848866921007,0 74.81103143862759,20.8849387002868,0 74.8110940703388,20.8850425991557,0 74.8111500945887,20.8851064520348,0 74.8112115514239,20.8851874719937,0 74.8112590562185,20.8852690711048,0 74.8113063539528,20.8853503144516,0 74.8113701420655,20.8854598831794,0 74.81142014641161,20.8855457754338,0 74.8114429936996,20.885609941282,0 74.8114817698565,20.8857188427021,0 74.81152645431619,20.8858443371773,0 74.8115564773065,20.8859286553973,0 74.81158068468351,20.8859904726392,0 74.8116041656333,20.8860434491046,0 74.8116215251524,20.8860826146999,0 74.811508477332,20.8861004363858,0 74.81134647428151,20.8861259756072,0 74.8111550736819,20.8861561490605,0 74.81107142326741,20.8861693361116,0 74.8110199182411,20.8861808947326,0 74.810834891829,20.8862224177377,0 74.81073213062351,20.8862454789739,0 74.8106432182404,20.8862519027569,0 74.810516745328,20.8862610401571,0 74.8104018985443,20.8862719027854,0 74.8103172704714,20.8862875633221,0 74.8101566040574,20.8863172947413,0 74.8098900755036,20.8863466771516,0 74.8097361878342,20.8863636417262,0 74.8095928182729,20.8863812574496,0 74.8095319427231,20.8863915555742,0 74.80934220478009,20.8864236528084,0 74.8093179362686,20.8864255432748,0 74.8088581577728,20.8864613584608,0 74.80851375164541,20.8864585035172,0 74.80822398338221,20.8864516962368,0 74.80806611790931,20.8864459823949,0 74.8077135432078,20.8863816475818,0 74.807590656976,20.8863767308353,0 74.8071730784682,20.8863600226854,0 74.80648785830179,20.8864412021566,0 74.8062906165559,20.8864903433644,0 74.8059643243833,20.8865720956774,0 74.8055713671064,20.8866594175279,0 74.8051668761759,20.8867587731425,0 74.80494062239561,20.8868306245229,0 74.8045529457815,20.8869537381448,0 74.8041871198828,20.8870699117737,0 74.80397490120259,20.8871269642261,0 74.8037626823768,20.887184016437,0 74.8036088687241,20.8870048446241,0 74.80325805789791,20.886684411799,0 74.8029645748019,20.8867439145296,0 74.80250307537069,20.8867724826723,0 74.802140818311,20.8867419348235,0 74.8019443398257,20.8865161593983,0 74.80145640239409,20.8863350209953,0 74.8005600984341,20.8865627963917,0 74.8000247625988,20.8866357111241,0 74.7995627508991,20.8868030670511,0 74.7988112743802,20.8869713783008,0 74.7976072426309,20.8873212489134,0 74.7962204885762,20.8875811707956,0 74.7961350877348,20.8873066350138,0 74.7957463700768,20.8868432783908,0 74.7956760525811,20.8866882888484,0 74.7954593194531,20.88673345003,0 74.7953726898091,20.8867460968608,0 74.7950293364394,20.8868339669734,0 74.79468978459521,20.8869049439392,0 74.79468122587809,20.8870199925271,0 74.7948688812801,20.8878468632913,0 74.7947072683791,20.8878702475368,0 74.7938688730503,20.8880748872676,0 74.79310293332119,20.8882464119364,0 74.79313629503559,20.8884736466794,0 74.7931489508336,20.8885451230249,0 74.7928933025769,20.8886065783004,0 74.7921713521623,20.8887142146785,0 74.7915253424479,20.8887989329848,0 74.7909079566226,20.8889008786752,0 74.7899117378538,20.8890429045464,0 74.7899332053594,20.8891320886443,0 74.78996927929541,20.8893584374509,0 74.79001980112329,20.8898110459786,0 74.7898283491847,20.8898148191736,0 74.789636041233,20.8898104397064,0 74.7896206119472,20.889896632069,0 74.78962608931219,20.8899205005414,0 74.78962283494521,20.8899214067558,0 74.78955787107419,20.8901753562433,0 74.789225220861,20.8901185589601,0 74.78912823783411,20.8900591319999,0 74.7890809419689,20.8900723019003,0 74.7890902200198,20.8901554066402,0 74.7890252660216,20.8904403011862,0 74.7888910135333,20.8909773392578,0 74.7887908238657,20.891375889837,0 74.7887364304469,20.8915086990199,0 74.7886861815546,20.8917364579476,0 74.7886306446119,20.8918195319358,0 74.7884852160244,20.8922345430798,0 74.7882667273683,20.892733452839,0 74.7880219378463,20.8933235205664,0 74.7877774660387,20.8938865000175,0 74.78766696295369,20.8942807088152,0 74.7876275377053,20.8943875961029,0 74.7876129444516,20.8944257822468,0 74.7875689871569,20.8944123810843,0 74.7872541235005,20.895132831226,0 74.7870820495968,20.895526978249,0 74.7869253761943,20.8958134540448,0 74.7867222499533,20.8957693500589,0 74.78645548345921,20.8956290797692,0 74.7861289974262,20.895507153867,0 74.7860304207999,20.8954545820895,0 74.7855543004469,20.8954496184945,0 74.78545163197781,20.8953319570304,0 74.7852901,20.8953008,0 74.78509117093709,20.8953189123041,0 74.78500101664901,20.895359938188,0 74.78488467693489,20.895446770581,0 74.7847550843926,20.8954352597717,0 74.78456133556681,20.8953638180526,0 74.7835946975266,20.8949474528892,0 74.7826476226289,20.8945821074245,0 74.78271656983409,20.8944632246884,0 74.7828013,20.8940944,0 74.7819669,20.8941136,0 74.7809823671718,20.8941406123645,0 74.78039935808781,20.8941502988305,0 74.7803897,20.8944589,0 74.78045859545639,20.8946827782742,0 74.78082766213851,20.8950911727494,0 74.7810979642986,20.8955740170315,0 74.7813632709354,20.895978107574,0 74.7815909216568,20.8963943381548,0 74.7814543926856,20.8966385227335,0 74.7811988255383,20.8966549548411,0 74.78093030004879,20.8966659005292,0 74.7805111193904,20.8966877277171,0 74.7805112390368,20.8966829816076,0 74.7804795824598,20.8965358316989,0 74.7804214107976,20.8965329088128,0 74.7799223948407,20.896525998493,0 74.7799111015607,20.8965566933937,0 74.7798753283966,20.8965445547063,0 74.7799136,20.8972854,0 74.77997141565029,20.8975597780376,0 74.77996430450079,20.897856011155,0 74.779933121705,20.8979640358206,0 74.779933427559,20.8979994524603,0 74.7797605469319,20.897978880445,0 74.7797640448275,20.8980300084322,0 74.7797622405337,20.8981823762215,0 74.77976234398599,20.8982346716819,0 74.77976940000001,20.8986128999999,0 74.7799978,20.8985795,0 74.780220244663,20.8983560875744,0 74.78044258301939,20.8980929777235,0 74.78045213000139,20.8981997481725,0 74.7804469435969,20.8983334555571,0 74.7804467042661,20.89835367339,0 74.7805023041615,20.8984020923339,0 74.7807674992067,20.8983743868963,0 74.7811278580929,20.8983747664915,0 74.7813029488135,20.8983876566276,0 74.78170963721909,20.898391992654,0 74.78228255602249,20.8983974910192,0 74.78252576478469,20.8983614855632,0 74.7830142,20.8982702,0 74.7837277,20.8982101,0 74.7843717105428,20.8982330121023,0 74.7849098159415,20.8983169421417,0 74.78545738157121,20.8984508379189,0 74.7864850483182,20.8990710329023,0 74.7872241863134,20.899944104187,0 74.7878233895708,20.9009586435551,0 74.7884377899539,20.9023267620993,0 74.7914735637884,20.9016166700783,0 74.7936842999957,20.9012480000016,0 74.7950482325454,20.9010205439322,0 74.7977976430076,20.9007307327699,0 74.8001751429389,20.9004317733311,0 74.80227527847561,20.9001719757626,0 74.8034765910183,20.8999176880792,0 74.8050930021309,20.8992231742576,0 74.80620213316681,20.8987604824375,0 74.8067071502801,20.8987212413897,0 74.8072736725058,20.8988159843341,0 74.80765847233489,20.8996200582424,0 74.8082941442582,20.9005452505432,0 74.80891336605841,20.901529537591,0 74.8090533467072,20.9021603118324,0 
						</coordinates>
					</LinearRing>
				</outerBoundaryIs>
			</Polygon>
		</Placemark>
	</Document>
	<Document>
		<name>Ward no. 12.kml</name>
		<StyleMap id="m_ylw-pushpin10">
			<Pair>
				<key>normal</key>
				<styleUrl>#s_ylw-pushpin10</styleUrl>
			</Pair>
			<Pair>
				<key>highlight</key>
				<styleUrl>#s_ylw-pushpin_hl10</styleUrl>
			</Pair>
		</StyleMap>
		<Style id="s_ylw-pushpin10">
			<IconStyle>
				<scale>1.1</scale>
				<Icon>
					<href>http://maps.google.com/mapfiles/kml/pushpin/ylw-pushpin.png</href>
				</Icon>
				<hotSpot x="20" y="2" xunits="pixels" yunits="pixels"/>
			</IconStyle>
			<LineStyle>
				<color>ffffff55</color>
				<width>3</width>
			</LineStyle>
			<PolyStyle>
				<fill>0</fill>
			</PolyStyle>
		</Style>
		<Style id="s_ylw-pushpin_hl10">
			<IconStyle>
				<scale>1.3</scale>
				<Icon>
					<href>http://maps.google.com/mapfiles/kml/pushpin/ylw-pushpin.png</href>
				</Icon>
				<hotSpot x="20" y="2" xunits="pixels" yunits="pixels"/>
			</IconStyle>
			<LineStyle>
				<color>ffffff55</color>
				<width>3</width>
			</LineStyle>
			<PolyStyle>
				<fill>0</fill>
			</PolyStyle>
		</Style>
		<Placemark>
			<name>Ward no. 12.kml</name>
			<styleUrl>#m_ylw-pushpin10</styleUrl>
			<Polygon>
				<tessellate>1</tessellate>
				<outerBoundaryIs>
					<LinearRing>
						<coordinates>
							74.7812829050947,20.889524532087,0 74.7812011106034,20.88982407645,0 74.7810682987427,20.8909544887571,0 74.78131526550671,20.891044792584,0 74.7816489052658,20.8911701884778,0 74.7824859298769,20.8910841125004,0 74.7830088096393,20.8910523219223,0 74.7835356523838,20.8909900937754,0 74.7838457129221,20.8909763978044,0 74.7845056271441,20.8909358739209,0 74.7848259238623,20.8909089285341,0 74.78491971980689,20.8909713588923,0 74.7847639272583,20.8911857746063,0 74.78423004384889,20.8918439365574,0 74.783987841846,20.892213911628,0 74.7850254503702,20.8928410577761,0 74.7860126235534,20.8934676721073,0 74.7870217423265,20.8940674185182,0 74.7873328751927,20.8942687629775,0 74.787565878669,20.8943727813643,0 74.7876275377053,20.8943875961029,0 74.78766696295369,20.8942807088152,0 74.7877774660387,20.8938865000175,0 74.7880219378463,20.8933235205664,0 74.7882667273683,20.892733452839,0 74.7884852160244,20.8922345430798,0 74.7886306446119,20.8918195319358,0 74.7886861815546,20.8917364579476,0 74.7887364304469,20.8915086990199,0 74.7887908238657,20.891375889837,0 74.7888910135333,20.8909773392578,0 74.7890252660216,20.8904403011862,0 74.7890902200198,20.8901554066402,0 74.7890809419689,20.8900723019003,0 74.7890858709775,20.8900225980503,0 74.78915744901251,20.8899832447038,0 74.789215729609,20.8897772815582,0 74.789304230529,20.8894531092376,0 74.7893067302622,20.8893938734339,0 74.7892955900262,20.8891160735169,0 74.7892707161885,20.8887805619672,0 74.7891734755692,20.888776163559,0 74.7888669826439,20.8887932917997,0 74.78866117361289,20.8888283996773,0 74.78852418042349,20.8888337462667,0 74.7883227327154,20.8888045577467,0 74.7879478229023,20.8888175857247,0 74.7875079794659,20.8888367093739,0 74.78730705616719,20.8888475664525,0 74.7871917689861,20.8880044267113,0 74.7872759014864,20.8878911814501,0 74.7873353061982,20.8877427989682,0 74.7870649963923,20.8874419801142,0 74.7870304689618,20.8867033860696,0 74.78696278874141,20.8857206254608,0 74.7869125799166,20.885395007934,0 74.78640967721461,20.8854459645606,0 74.7857184184644,20.8855180171786,0 74.78472285538339,20.885605840236,0 74.7846847685971,20.8853893290544,0 74.78465869927069,20.8852411329341,0 74.7845693431596,20.8848744694169,0 74.7842192621697,20.8849216129625,0 74.784318346261,20.8853798109596,0 74.7843303929665,20.8854308871181,0 74.7843826416758,20.8857326674021,0 74.78355597353161,20.8858594967435,0 74.7827548047908,20.885962883926,0 74.7825811440096,20.8860220256927,0 74.7824429913374,20.8864303372155,0 74.782161151458,20.886481887634,0 74.782026011973,20.8864970963985,0 74.7817567672753,20.887478032148,0 74.7815848228207,20.8880011270416,0 74.7814920225606,20.8885352077172,0 74.7813997825438,20.8890218845083,0 74.7812829050947,20.889524532087,0 
						</coordinates>
					</LinearRing>
				</outerBoundaryIs>
			</Polygon>
		</Placemark>
	</Document>
	<Document>
		<name>Ward no. 13.kml</name>
		<StyleMap id="m_ylw-pushpin11">
			<Pair>
				<key>normal</key>
				<styleUrl>#s_ylw-pushpin11</styleUrl>
			</Pair>
			<Pair>
				<key>highlight</key>
				<styleUrl>#s_ylw-pushpin_hl11</styleUrl>
			</Pair>
		</StyleMap>
		<Style id="s_ylw-pushpin11">
			<IconStyle>
				<scale>1.1</scale>
				<Icon>
					<href>http://maps.google.com/mapfiles/kml/pushpin/ylw-pushpin.png</href>
				</Icon>
				<hotSpot x="20" y="2" xunits="pixels" yunits="pixels"/>
			</IconStyle>
			<LineStyle>
				<color>ffffff55</color>
				<width>3</width>
			</LineStyle>
			<PolyStyle>
				<fill>0</fill>
			</PolyStyle>
		</Style>
		<Style id="s_ylw-pushpin_hl11">
			<IconStyle>
				<scale>1.3</scale>
				<Icon>
					<href>http://maps.google.com/mapfiles/kml/pushpin/ylw-pushpin.png</href>
				</Icon>
				<hotSpot x="20" y="2" xunits="pixels" yunits="pixels"/>
			</IconStyle>
			<LineStyle>
				<color>ffffff55</color>
				<width>3</width>
			</LineStyle>
			<PolyStyle>
				<fill>0</fill>
			</PolyStyle>
		</Style>
		<Placemark>
			<name>Ward no. 13.kml</name>
			<styleUrl>#m_ylw-pushpin11</styleUrl>
			<Polygon>
				<tessellate>1</tessellate>
				<outerBoundaryIs>
					<LinearRing>
						<coordinates>
							74.7876129444516,20.8944257822468,0 74.7876275377053,20.8943875961029,0 74.787565878669,20.8943727813643,0 74.7873328751927,20.8942687629775,0 74.7870217423265,20.8940674185182,0 74.7860126235534,20.8934676721073,0 74.7850254503702,20.8928410577761,0 74.783987841846,20.892213911628,0 74.78423004384889,20.8918439365574,0 74.7847639272583,20.8911857746063,0 74.78491971980689,20.8909713588923,0 74.7848259238623,20.8909089285341,0 74.7845056271441,20.8909358739209,0 74.7838457129221,20.8909763978044,0 74.7835356523838,20.8909900937754,0 74.7830088096393,20.8910523219223,0 74.7824859298769,20.8910841125004,0 74.7818242255745,20.891152159614,0 74.7816489052658,20.8911701884778,0 74.78131526550671,20.891044792584,0 74.7810682987427,20.8909544887571,0 74.7796060376964,20.890535898531,0 74.7785051429149,20.8902348455561,0 74.7776702109786,20.8900163723704,0 74.7774048199955,20.8899469277074,0 74.7774048199955,20.8899469277074,0 74.777382344597,20.8899882548581,0 74.7768931871867,20.8908229573667,0 74.7762596503903,20.8919812387921,0 74.7753980529817,20.8935299475829,0 74.7749416246462,20.8943378950448,0 74.774727097701,20.8948029665258,0 74.77476920951911,20.8948982266353,0 74.7757109574337,20.8947314710466,0 74.7766646381678,20.8945980752547,0 74.77675357506379,20.8951509864657,0 74.7768070708382,20.8957297706614,0 74.7770559778948,20.8957078260099,0 74.7774742018491,20.8956901935043,0 74.77762053093861,20.8956927020596,0 74.7776242178153,20.8956942883563,0 74.77771448108869,20.8956740838161,0 74.77774149953871,20.8956747899389,0 74.77775165596751,20.8957491191823,0 74.77775274085791,20.895790467707,0 74.7778413936872,20.8957877291565,0 74.7778982473918,20.8957894509924,0 74.7779335015109,20.8957805778217,0 74.7779835519632,20.8957751051596,0 74.77808460015309,20.8957626172492,0 74.7781983395386,20.8957434893506,0 74.77828141216671,20.8957274268367,0 74.7783703910133,20.8956690963861,0 74.7784573676268,20.8956276768234,0 74.77856926519421,20.8956119158041,0 74.7786850266268,20.8955741836974,0 74.7787258955501,20.8955603606468,0 74.7789705,20.8954943,0 74.77914874660679,20.8954538977156,0 74.7791817251161,20.8955870371125,0 74.7792139477623,20.895718135085,0 74.77934989364179,20.8956866330923,0 74.7794668686476,20.8956615188801,0 74.7794921046995,20.8959648634551,0 74.7795440407112,20.8964479650434,0 74.7795571866978,20.8965186930048,0 74.7798706863461,20.8965056246663,0 74.7798753283966,20.8965445547063,0 74.7799111015607,20.8965566933937,0 74.7799223948407,20.896525998493,0 74.7804214107976,20.8965329088128,0 74.7804795824598,20.8965358316989,0 74.7805112390368,20.8966829816076,0 74.7805111193904,20.8966877277171,0 74.78093030004879,20.8966659005292,0 74.7811988255383,20.8966549548411,0 74.7814543926856,20.8966385227335,0 74.7815909216568,20.8963943381548,0 74.7813632709354,20.895978107574,0 74.7810979642986,20.8955740170315,0 74.78082766213851,20.8950911727494,0 74.78045859545639,20.8946827782742,0 74.7803897,20.8944589,0 74.78039935808781,20.8941502988305,0 74.7809823671718,20.8941406123645,0 74.7819669,20.8941136,0 74.7828013,20.8940944,0 74.78271656983409,20.8944632246884,0 74.7826476226289,20.8945821074245,0 74.7835946975266,20.8949474528892,0 74.78456133556681,20.8953638180526,0 74.7847550843926,20.8954352597717,0 74.78488467693489,20.895446770581,0 74.78500101664901,20.895359938188,0 74.78509117093709,20.8953189123041,0 74.7852901,20.8953008,0 74.78545163197781,20.8953319570304,0 74.7855543004469,20.8954496184945,0 74.7860304207999,20.8954545820895,0 74.7861289974262,20.895507153867,0 74.78645548345921,20.8956290797692,0 74.7867222499533,20.8957693500589,0 74.7869253761943,20.8958134540448,0 74.7870820495968,20.895526978249,0 74.7872541235005,20.895132831226,0 74.7875689871569,20.8944123810843,0 74.7876129444516,20.8944257822468,0 
						</coordinates>
					</LinearRing>
				</outerBoundaryIs>
			</Polygon>
		</Placemark>
	</Document>
	<Document>
		<name>Ward no. 14.kml</name>
		<StyleMap id="m_ylw-pushpin12">
			<Pair>
				<key>normal</key>
				<styleUrl>#s_ylw-pushpin12</styleUrl>
			</Pair>
			<Pair>
				<key>highlight</key>
				<styleUrl>#s_ylw-pushpin_hl12</styleUrl>
			</Pair>
		</StyleMap>
		<Style id="s_ylw-pushpin12">
			<IconStyle>
				<scale>1.1</scale>
				<Icon>
					<href>http://maps.google.com/mapfiles/kml/pushpin/ylw-pushpin.png</href>
				</Icon>
				<hotSpot x="20" y="2" xunits="pixels" yunits="pixels"/>
			</IconStyle>
			<LineStyle>
				<color>ffffff55</color>
				<width>3</width>
			</LineStyle>
			<PolyStyle>
				<fill>0</fill>
			</PolyStyle>
		</Style>
		<Style id="s_ylw-pushpin_hl12">
			<IconStyle>
				<scale>1.3</scale>
				<Icon>
					<href>http://maps.google.com/mapfiles/kml/pushpin/ylw-pushpin.png</href>
				</Icon>
				<hotSpot x="20" y="2" xunits="pixels" yunits="pixels"/>
			</IconStyle>
			<LineStyle>
				<color>ffffff55</color>
				<width>3</width>
			</LineStyle>
			<PolyStyle>
				<fill>0</fill>
			</PolyStyle>
		</Style>
		<Placemark>
			<name>Ward no. 14.kml</name>
			<styleUrl>#m_ylw-pushpin12</styleUrl>
			<Polygon>
				<tessellate>1</tessellate>
				<outerBoundaryIs>
					<LinearRing>
						<coordinates>
							74.7774048199955,20.8899469277074,0 74.7774048199955,20.8899469277074,0 74.7774048199955,20.8899469277074,0 74.7774048199955,20.8899469277074,0 74.77794033947789,20.8889697127577,0 74.777970166591,20.8888853651314,0 74.77819748373309,20.888555877756,0 74.7785522754738,20.8878078109525,0 74.77871561937241,20.8874031525604,0 74.7790977190098,20.8861745011934,0 74.779593032167,20.8845135724996,0 74.7804825855771,20.8815089715472,0 74.7806599479518,20.8810606181253,0 74.780793863287,20.8803099695508,0 74.7810283131307,20.8795437833977,0 74.7812231091054,20.8789159457483,0 74.7814769896714,20.8781668139441,0 74.781758248034,20.8775398785958,0 74.7818924116346,20.8771173429498,0 74.7823145485593,20.8764167674964,0 74.7832042965963,20.8731663017903,0 74.7831186508356,20.8731320275423,0 74.78305390342589,20.8730934882568,0 74.7828058015139,20.8730502604387,0 74.78204552432869,20.8730524789942,0 74.78164863315941,20.873099128905,0 74.7812265633336,20.8731421284113,0 74.78096150873709,20.8731613699726,0 74.7808932188005,20.8731471104478,0 74.7807974482777,20.8731715076026,0 74.78066358951401,20.8732175183465,0 74.78018649749031,20.8733429078866,0 74.7799230233028,20.873380789885,0 74.7795746863127,20.8734347160551,0 74.77929950474871,20.8734865000508,0 74.77921786378219,20.8734445292066,0 74.778970945458,20.8733014090014,0 74.7785618084006,20.8731650569781,0 74.7779592931809,20.8729284732732,0 74.7775948589715,20.872810972198,0 74.7775507799514,20.8727396358166,0 74.7773712200535,20.8723855665634,0 74.7770299951619,20.871687773974,0 74.77695199977759,20.8715487627134,0 74.7771258008064,20.8712045169404,0 74.7768660122034,20.8712356604182,0 74.7755984466372,20.8714797486609,0 74.7751801857887,20.8722036583254,0 74.7750999604352,20.8722306771482,0 74.77485560952989,20.8727452612701,0 74.7745029235036,20.873317256745,0 74.77406759935209,20.8741728447696,0 74.7737484036868,20.874709578627,0 74.7733683212012,20.8757007956533,0 74.773141011232,20.8762456012016,0 74.7730885800253,20.8765127543132,0 74.7728127259916,20.8772887368497,0 74.77267852145199,20.8776666076176,0 74.7725013666323,20.8779806663148,0 74.7724241166957,20.8782678443239,0 74.7721043205384,20.878988056837,0 74.7718429494484,20.8797574158702,0 74.7715868491785,20.880689377413,0 74.7713939863885,20.8817574586678,0 74.77139336172741,20.8821130253545,0 74.7714123285524,20.8822411460667,0 74.7710986238384,20.8831678359481,0 74.7707699989095,20.8842331423155,0 74.7703334184833,20.8851902943601,0 74.7699122117497,20.8860663327115,0 74.7698566219976,20.8861989906777,0 74.7694383830972,20.8871246820143,0 74.76813865045,20.8897557898252,0 74.76794204477341,20.8902278165747,0 74.76787201452279,20.8903591491179,0 74.7676824520626,20.8908447950653,0 74.7675897946627,20.8910605491331,0 74.7675607771076,20.8911588787377,0 74.7674172371393,20.8916310332298,0 74.767153564883,20.8925899925539,0 74.7669575698792,20.8933126162856,0 74.7667716044711,20.8937982981924,0 74.76643301623,20.8943907372492,0 74.766099805088,20.8948342313221,0 74.7657154620529,20.8953347546451,0 74.76498231570019,20.8963768094258,0 74.7645421810514,20.8970223562456,0 74.7641368558933,20.8974684725449,0 74.7633504106068,20.898445616702,0 74.7631891614423,20.8986708033851,0 74.76310651789829,20.8988445345569,0 74.76231537010391,20.8995805635626,0 74.7613288722241,20.900325812129,0 74.76259438850479,20.9013022578669,0 74.7639522157514,20.9024722856392,0 74.7645265644278,20.9030757921658,0 74.76542320591059,20.902792609795,0 74.7667932740847,20.9024955782621,0 74.7684605177844,20.9022632558114,0 74.769727109565,20.900492053132,0 74.77153708267321,20.8994442565102,0 74.7728057245295,20.8988352669745,0 74.7742908516897,20.8985841428282,0 74.7744671529497,20.8970154067248,0 74.77451943306011,20.8970077001864,0 74.7745878539255,20.8965150135824,0 74.7751911065501,20.8963926551502,0 74.7753483680566,20.8964373525987,0 74.7753549407629,20.8964011365098,0 74.7754285724954,20.8964239281396,0 74.77559629953279,20.8964104471602,0 74.77573372123391,20.8963695574803,0 74.7758285278685,20.896275732368,0 74.7759194902177,20.8962021851787,0 74.7759483404857,20.8961394401542,0 74.7759808301079,20.8960436681878,0 74.7761241240935,20.8958115094759,0 74.7768070708382,20.8957297706614,0 74.77675357506379,20.8951509864657,0 74.7767495342251,20.8951258650873,0 74.7766646381678,20.8945980752547,0 74.7757109574337,20.8947314710466,0 74.77476920951911,20.8948982266353,0 74.774727097701,20.8948029665258,0 74.7749416246462,20.8943378950448,0 74.7753980529817,20.8935299475829,0 74.7762596503903,20.8919812387921,0 74.7768931871867,20.8908229573667,0 74.777382344597,20.8899882548581,0 74.7774048199955,20.8899469277074,0 
						</coordinates>
					</LinearRing>
				</outerBoundaryIs>
			</Polygon>
		</Placemark>
	</Document>
	<Document>
		<name>Ward no. 15.kml</name>
		<StyleMap id="m_ylw-pushpin13">
			<Pair>
				<key>normal</key>
				<styleUrl>#s_ylw-pushpin13</styleUrl>
			</Pair>
			<Pair>
				<key>highlight</key>
				<styleUrl>#s_ylw-pushpin_hl13</styleUrl>
			</Pair>
		</StyleMap>
		<Style id="s_ylw-pushpin13">
			<IconStyle>
				<scale>1.1</scale>
				<Icon>
					<href>http://maps.google.com/mapfiles/kml/pushpin/ylw-pushpin.png</href>
				</Icon>
				<hotSpot x="20" y="2" xunits="pixels" yunits="pixels"/>
			</IconStyle>
			<LineStyle>
				<color>ffffff55</color>
				<width>3</width>
			</LineStyle>
			<PolyStyle>
				<fill>0</fill>
			</PolyStyle>
		</Style>
		<Style id="s_ylw-pushpin_hl13">
			<IconStyle>
				<scale>1.3</scale>
				<Icon>
					<href>http://maps.google.com/mapfiles/kml/pushpin/ylw-pushpin.png</href>
				</Icon>
				<hotSpot x="20" y="2" xunits="pixels" yunits="pixels"/>
			</IconStyle>
			<LineStyle>
				<color>ffffff55</color>
				<width>3</width>
			</LineStyle>
			<PolyStyle>
				<fill>0</fill>
			</PolyStyle>
		</Style>
		<Placemark>
			<name>Ward no. 15.kml</name>
			<styleUrl>#m_ylw-pushpin13</styleUrl>
			<Polygon>
				<tessellate>1</tessellate>
				<outerBoundaryIs>
					<LinearRing>
						<coordinates>
							74.76310651789829,20.8988445345569,0 74.7631891614423,20.8986708033851,0 74.7633504106068,20.898445616702,0 74.7641368558933,20.8974684725449,0 74.7645421810514,20.8970223562456,0 74.76498231570019,20.8963768094258,0 74.7657154620529,20.8953347546451,0 74.766099805088,20.8948342313221,0 74.76643301623,20.8943907372492,0 74.7667716044711,20.8937982981924,0 74.7669575698792,20.8933126162856,0 74.767153564883,20.8925899925539,0 74.7674172371393,20.8916310332298,0 74.7675607771076,20.8911588787377,0 74.7674739346442,20.8911160520516,0 74.7669026746845,20.8908983906262,0 74.76582637084761,20.8905010101012,0 74.7655470318239,20.8903558395871,0 74.7655195807711,20.8902404131002,0 74.7657351774187,20.8896873153704,0 74.76595741336379,20.8891816966364,0 74.76512103603579,20.8892135237904,0 74.7650295316203,20.888728305133,0 74.76435747906569,20.8888803839763,0 74.7634327718708,20.889067046897,0 74.7633463002884,20.8890661351016,0 74.7633133429882,20.8888084214522,0 74.76300964164029,20.888893265027,0 74.7630218701271,20.8890762593939,0 74.7621965581226,20.8894637618187,0 74.76169819323751,20.8897057098753,0 74.7616753614176,20.8898070607612,0 74.7620959035886,20.8901975473956,0 74.762801615621,20.8908484067901,0 74.76367947044859,20.8915688059063,0 74.76467222655199,20.8923242751481,0 74.76489005478111,20.8924743531181,0 74.7648465865222,20.8925851710004,0 74.7644265778702,20.8930548392371,0 74.764265975321,20.8929244639595,0 74.7640223874984,20.8931047613524,0 74.7635520480318,20.893262349527,0 74.76296608572891,20.8934458082332,0 74.76222782189831,20.8937089315791,0 74.76127191348731,20.8940916646497,0 74.76030280263269,20.8939518038137,0 74.75971683644561,20.8939533340269,0 74.7592730490156,20.8939994412829,0 74.7593882601815,20.8949115957372,0 74.7593966970631,20.8950518948433,0 74.75942432747129,20.8955113663499,0 74.75919704724279,20.8955326696545,0 74.7588562903872,20.8955143929096,0 74.7587360651027,20.8956172851383,0 74.75861127114619,20.8960005725561,0 74.75841341517901,20.896574165717,0 74.7581818772762,20.8969509924893,0 74.757994432291,20.8969557835704,0 74.756382963774,20.8973112409159,0 74.7554080812198,20.8974702419635,0 74.7548808826313,20.8975594787405,0 74.753993448088,20.897638125396,0 74.7535819558627,20.897694720498,0 74.7522762527461,20.8980940188207,0 74.7516868204843,20.8982638598187,0 74.75108321836341,20.8984132303825,0 74.7504254046097,20.8985755691909,0 74.7499723297496,20.8986435674181,0 74.7494916024562,20.8976024533242,0 74.7491453359371,20.8976886407883,0 74.7490243677662,20.8977615104757,0 74.7488536953506,20.8978697551119,0 74.7487990690592,20.8977748276106,0 74.74877775441961,20.8977419593717,0 74.7486837163281,20.8976207441185,0 74.74837948226229,20.8977478878789,0 74.748091686065,20.8978565807183,0 74.7478596180992,20.8980086559755,0 74.74773090924489,20.898040691056,0 74.74845770778271,20.9006813188734,0 74.7486759317808,20.9020127866581,0 74.7488749511667,20.9035929466066,0 74.7504684974499,20.903611617234,0 74.75475515303491,20.9036050843178,0 74.75798550855789,20.9035872895354,0 74.760528855302,20.9036661349971,0 74.7623973749716,20.9037482235966,0 74.7645265644278,20.9030757921658,0 74.7639522157514,20.9024722856392,0 74.76259438850479,20.9013022578669,0 74.7613288722241,20.900325812129,0 74.76231537010391,20.8995805635626,0 74.76310651789829,20.8988445345569,0 
						</coordinates>
					</LinearRing>
				</outerBoundaryIs>
			</Polygon>
		</Placemark>
	</Document>
	<Document>
		<name>Ward no. 16.kml</name>
		<StyleMap id="m_ylw-pushpin14">
			<Pair>
				<key>normal</key>
				<styleUrl>#s_ylw-pushpin14</styleUrl>
			</Pair>
			<Pair>
				<key>highlight</key>
				<styleUrl>#s_ylw-pushpin_hl14</styleUrl>
			</Pair>
		</StyleMap>
		<Style id="s_ylw-pushpin14">
			<IconStyle>
				<scale>1.1</scale>
				<Icon>
					<href>http://maps.google.com/mapfiles/kml/pushpin/ylw-pushpin.png</href>
				</Icon>
				<hotSpot x="20" y="2" xunits="pixels" yunits="pixels"/>
			</IconStyle>
			<LineStyle>
				<color>ffffff55</color>
				<width>3</width>
			</LineStyle>
			<PolyStyle>
				<fill>0</fill>
			</PolyStyle>
		</Style>
		<Style id="s_ylw-pushpin_hl14">
			<IconStyle>
				<scale>1.3</scale>
				<Icon>
					<href>http://maps.google.com/mapfiles/kml/pushpin/ylw-pushpin.png</href>
				</Icon>
				<hotSpot x="20" y="2" xunits="pixels" yunits="pixels"/>
			</IconStyle>
			<LineStyle>
				<color>ffffff55</color>
				<width>3</width>
			</LineStyle>
			<PolyStyle>
				<fill>0</fill>
			</PolyStyle>
		</Style>
		<Placemark>
			<name>Ward no. 16.kml</name>
			<styleUrl>#m_ylw-pushpin14</styleUrl>
			<Polygon>
				<tessellate>1</tessellate>
				<outerBoundaryIs>
					<LinearRing>
						<coordinates>
							74.75323568513539,20.8822969189229,0 74.7529919964133,20.8815831185861,0 74.752873709054,20.8809299151041,0 74.7528829551607,20.8801595268582,0 74.75304628205301,20.8796871125918,0 74.7533059676682,20.8790675487494,0 74.7535334131818,20.8785069108888,0 74.75385508295309,20.8779769050928,0 74.7536776510255,20.8769970979727,0 74.7534608733429,20.8766688248602,0 74.75198658345801,20.8760308767451,0 74.7511360741719,20.8759625860214,0 74.7503787214083,20.8760138170381,0 74.7500032499477,20.8757727577007,0 74.7497241402597,20.8753845497395,0 74.7492569415796,20.8749054410982,0 74.7490107866856,20.8743990448953,0 74.7482896002921,20.8740654066512,0 74.7472248373799,20.87346140494,0 74.7466630729288,20.8729812836735,0 74.7466368975265,20.8725364913196,0 74.746678054635,20.8717368034581,0 74.7466830484872,20.8713219764702,0 74.74665687329249,20.8708771835849,0 74.7465350511402,20.8705202762918,0 74.7461302128273,20.8701010898255,0 74.7460721570035,20.8696855916502,0 74.7463311394546,20.8691252940326,0 74.7467473899024,20.8685963027005,0 74.74748459447871,20.8675965724907,0 74.7476447156621,20.8673908339376,0 74.7479377094956,20.8666234540507,0 74.7479767201269,20.8660015462176,0 74.7481436113554,20.8652328250257,0 74.7483703425759,20.8647314490806,0 74.7486619030427,20.8640825892462,0 74.7488319959098,20.8630471902456,0 74.7489659310183,20.8623966545828,0 74.7490385983982,20.8615972952244,0 74.74892283473289,20.8607366646889,0 74.74890021806171,20.8599955612469,0 74.74904519440319,20.8584264701116,0 74.7490966675206,20.8567674800878,0 74.74860114390719,20.8555391937207,0 74.74859459149791,20.8559368218265,0 74.7485356120838,20.8565328351485,0 74.7485486878075,20.8566461986076,0 74.7486646088738,20.8570827631598,0 74.74866746079729,20.8575949624935,0 74.74850404791189,20.8578732156383,0 74.74834063448,20.8581514685856,0 74.7483347975551,20.858658040035,0 74.74832896059461,20.8591646112996,0 74.7482571122747,20.8595642625983,0 74.7482187791107,20.8600369785667,0 74.7482068791457,20.8602137428866,0 74.7475786214959,20.8606542389676,0 74.747390587984,20.8607860757502,0 74.7470930341519,20.8611788953558,0 74.7468904640475,20.8615355933884,0 74.7469989293073,20.8616844727521,0 74.74729362143179,20.8620889652798,0 74.7475813588629,20.8624839093842,0 74.74693274554539,20.8624453289078,0 74.7464337461296,20.8634473385486,0 74.7462525599973,20.8638111636415,0 74.7462577296056,20.8642619228581,0 74.74626727279311,20.8650940254759,0 74.7462730294797,20.8655959660702,0 74.74627813324631,20.8660409741875,0 74.7462819858158,20.8663768861214,0 74.7453849901493,20.8671879062117,0 74.7450641468489,20.8674779941315,0 74.74467616564429,20.867567482929,0 74.74444741490601,20.8675819968509,0 74.7439747291202,20.8676119872298,0 74.7439779955065,20.8667920331563,0 74.7420600876389,20.866411840324,0 74.7427484365251,20.8719152061657,0 74.7391328131659,20.8733573322139,0 74.7402620603325,20.875557907931,0 74.7412616636735,20.8802835846693,0 74.74115960051429,20.8811570632212,0 74.7411300100979,20.8818379833133,0 74.74143291576949,20.8830542450822,0 74.7413846038137,20.8832548151529,0 74.7433399464194,20.8838197964115,0 74.7470638377894,20.8835630834211,0 74.74688636150699,20.8878284906741,0 74.74697609527119,20.890852103376,0 74.7478154232919,20.8944763526352,0 74.74737043425159,20.8947679612638,0 74.7475612984838,20.8977612055778,0 74.74773090924489,20.898040691056,0 74.7478596180992,20.8980086559755,0 74.748091686065,20.8978565807183,0 74.74837948226229,20.8977478878789,0 74.7486837163281,20.8976207441185,0 74.74877775441961,20.8977419593717,0 74.7487990690592,20.8977748276106,0 74.7488536953506,20.8978697551119,0 74.7490243677662,20.8977615104757,0 74.7491453359371,20.8976886407883,0 74.7494916024562,20.8976024533242,0 74.7499723297496,20.8986435674181,0 74.7504254046097,20.8985755691909,0 74.75108321836341,20.8984132303825,0 74.7516868204843,20.8982638598187,0 74.7522762527461,20.8980940188207,0 74.7535819558627,20.897694720498,0 74.753993448088,20.897638125396,0 74.7548808826313,20.8975594787405,0 74.7554080812198,20.8974702419635,0 74.756382963774,20.8973112409159,0 74.757994432291,20.8969557835704,0 74.7581818772762,20.8969509924893,0 74.75841341517901,20.896574165717,0 74.75861127114619,20.8960005725561,0 74.7587360651027,20.8956172851383,0 74.7588562903872,20.8955143929096,0 74.75919704724279,20.8955326696545,0 74.75942432747129,20.8955113663499,0 74.7593966970631,20.8950518948433,0 74.7593882601815,20.8949115957372,0 74.7592730490156,20.8939994412829,0 74.75971683644561,20.8939533340269,0 74.76030280263269,20.8939518038137,0 74.76127191348731,20.8940916646497,0 74.76222782189831,20.8937089315791,0 74.76296608572891,20.8934458082332,0 74.7635520480318,20.893262349527,0 74.7640223874984,20.8931047613524,0 74.764265975321,20.8929244639595,0 74.7644265778702,20.8930548392371,0 74.7648465865222,20.8925851710004,0 74.76489005478111,20.8924743531181,0 74.76467222655199,20.8923242751481,0 74.76367947044859,20.8915688059063,0 74.762801615621,20.8908484067901,0 74.7620959035886,20.8901975473956,0 74.7616753614176,20.8898070607612,0 74.76169819323751,20.8897057098753,0 74.7621965581226,20.8894637618187,0 74.76216261526081,20.8893536017037,0 74.7620617372822,20.8892117460322,0 74.7619140529781,20.8889054120135,0 74.76175827524131,20.8889748824665,0 74.7616065031812,20.8887091417749,0 74.7615534701569,20.8886239221252,0 74.76152565798211,20.8885389686468,0 74.7615690523385,20.8885223586027,0 74.7615343610931,20.8884137637816,0 74.7614587462479,20.8881609470691,0 74.761357448751,20.8878395951124,0 74.76125296304021,20.8878384922027,0 74.7610220883402,20.8869555908084,0 74.7608356253541,20.886276341673,0 74.7606897270588,20.8858210230508,0 74.76055261410529,20.8855351172048,0 74.7604677994586,20.8855542954351,0 74.7604631487452,20.8854833763694,0 74.7604142870419,20.8853507905512,0 74.7603204096921,20.8850653410151,0 74.76018358143,20.8847557328855,0 74.7599784609021,20.8844318575975,0 74.7598580282877,20.8842578786135,0 74.7597595371611,20.8840570400476,0 74.759423016044,20.8835726145175,0 74.7589949699926,20.8829077411309,0 74.75838118895609,20.8830096187484,0 74.7580924745437,20.8830472033362,0 74.7580214714116,20.8829584058918,0 74.7577639310918,20.8827999076695,0 74.75700361557109,20.8825006344441,0 74.75647942091339,20.8826350197031,0 74.756249955573,20.8827066765422,0 74.7560339874279,20.8827377332391,0 74.7557560912466,20.8828667112821,0 74.75558954863151,20.8829326765439,0 74.7554557562201,20.8829718970842,0 74.7552754514207,20.882983533762,0 74.75510251466891,20.8829817026357,0 74.7549910699271,20.8829602040512,0 74.75487999059671,20.8829082315529,0 74.7548082584471,20.8828803805867,0 74.75474389441681,20.8828390619739,0 74.75464366438131,20.882783817819,0 74.75457123815239,20.8827119865498,0 74.7544452452381,20.8826653434725,0 74.75427149889229,20.8826010217014,0 74.7542024232681,20.8826199825308,0 74.75407976422071,20.8826322287358,0 74.753935488107,20.8826442458276,0 74.7537513776099,20.8826727727944,0 74.7537297605582,20.8826725437374,0 74.7537081435065,20.8826723146779,0 74.7534495108066,20.8826052320848,0 74.75337085774829,20.8825536023163,0 74.7533103408192,20.8824920054845,0 74.7532357782713,20.8823997820322,0 74.75323568513539,20.8822969189229,0 
						</coordinates>
					</LinearRing>
				</outerBoundaryIs>
			</Polygon>
		</Placemark>
	</Document>
	<Document>
		<name>Ward no. 17.kml</name>
		<StyleMap id="m_ylw-pushpin15">
			<Pair>
				<key>normal</key>
				<styleUrl>#s_ylw-pushpin15</styleUrl>
			</Pair>
			<Pair>
				<key>highlight</key>
				<styleUrl>#s_ylw-pushpin_hl15</styleUrl>
			</Pair>
		</StyleMap>
		<Style id="s_ylw-pushpin15">
			<IconStyle>
				<scale>1.1</scale>
				<Icon>
					<href>http://maps.google.com/mapfiles/kml/pushpin/ylw-pushpin.png</href>
				</Icon>
				<hotSpot x="20" y="2" xunits="pixels" yunits="pixels"/>
			</IconStyle>
			<LineStyle>
				<color>ffffff55</color>
				<width>3</width>
			</LineStyle>
			<PolyStyle>
				<fill>0</fill>
			</PolyStyle>
		</Style>
		<Style id="s_ylw-pushpin_hl15">
			<IconStyle>
				<scale>1.3</scale>
				<Icon>
					<href>http://maps.google.com/mapfiles/kml/pushpin/ylw-pushpin.png</href>
				</Icon>
				<hotSpot x="20" y="2" xunits="pixels" yunits="pixels"/>
			</IconStyle>
			<LineStyle>
				<color>ffffff55</color>
				<width>3</width>
			</LineStyle>
			<PolyStyle>
				<fill>0</fill>
			</PolyStyle>
		</Style>
		<Placemark>
			<name>Ward no. 17.kml</name>
			<styleUrl>#m_ylw-pushpin15</styleUrl>
			<Polygon>
				<tessellate>1</tessellate>
				<outerBoundaryIs>
					<LinearRing>
						<coordinates>
							74.7675607771076,20.8911588787377,0 74.7675897946627,20.8910605491331,0 74.7676824520626,20.8908447950653,0 74.76787201452279,20.8903591491179,0 74.76794204477341,20.8902278165747,0 74.76813865045,20.8897557898252,0 74.7694383830972,20.8871246820143,0 74.7698566219976,20.8861989906777,0 74.7699122117497,20.8860663327115,0 74.7703334184833,20.8851902943601,0 74.7707699989095,20.8842331423155,0 74.7710986238384,20.8831678359481,0 74.771333696897,20.8824734265969,0 74.7712933841655,20.88242437174,0 74.77121048910151,20.8822744989981,0 74.7709845788624,20.8818793022851,0 74.7706591601402,20.881367921675,0 74.77025719822061,20.8809302370702,0 74.7698502656593,20.8806076373322,0 74.76904920405509,20.8800980262556,0 74.7680041263489,20.8795045704443,0 74.7670511946702,20.8790407623922,0 74.76614765732759,20.8786655164142,0 74.7657562117154,20.878519554125,0 74.7655616607925,20.8785821367746,0 74.7655493143719,20.8785919876476,0 74.7651626100967,20.878780438332,0 74.76485802367689,20.878967770703,0 74.7646834099686,20.8790801668443,0 74.76445570842991,20.8791387226869,0 74.76430823737959,20.8791168498366,0 74.7641898713571,20.8790715787229,0 74.764061505309,20.8789584737028,0 74.763891159124,20.8787399469549,0 74.7636326037978,20.8783647145468,0 74.76342279026839,20.8781322254318,0 74.7632223301717,20.878021745923,0 74.7630531225241,20.8780098020923,0 74.7627286330259,20.8780266979547,0 74.7624073417682,20.878077491235,0 74.7622130362565,20.8780551225847,0 74.7618705710382,20.8777670491576,0 74.7615625968091,20.8776080232317,0 74.7604152278283,20.8771353554343,0 74.75971597711759,20.8768536687376,0 74.7595487535626,20.8769771997667,0 74.7590951699633,20.8775447127892,0 74.7588722867591,20.8775017201075,0 74.75877833212699,20.877524432032,0 74.75804490583771,20.8779907779745,0 74.7579512181521,20.8780206063676,0 74.7579251604963,20.8780751070031,0 74.75752168096319,20.8782892648112,0 74.757076404443,20.8785291356158,0 74.7570334958325,20.8785015903059,0 74.75691918108861,20.8784191067772,0 74.7566834275674,20.878247291267,0 74.75643383147469,20.8780279190065,0 74.7561617270604,20.8778828095098,0 74.755766805481,20.8777634909355,0 74.7554010310252,20.8776173887122,0 74.75505663003059,20.8774918306504,0 74.7547195162102,20.8773595762694,0 74.7544766422242,20.877180909556,0 74.75432120861529,20.8769218945498,0 74.7542844087691,20.8768001447866,0 74.7534608733429,20.8766688248602,0 74.7536776510255,20.8769970979727,0 74.75385508295309,20.8779769050928,0 74.7535334131818,20.8785069108888,0 74.7533059676682,20.8790675487494,0 74.75304628205301,20.8796871125918,0 74.7528829551607,20.8801595268582,0 74.752873709054,20.8809299151041,0 74.7529919964133,20.8815831185861,0 74.75323568513539,20.8822969189229,0 74.7532357782713,20.8823997820322,0 74.7533103408192,20.8824920054845,0 74.75337085774829,20.8825536023163,0 74.7534495108066,20.8826052320848,0 74.7537081435065,20.8826723146779,0 74.7537297605582,20.8826725437374,0 74.7537513776099,20.8826727727944,0 74.753935488107,20.8826442458276,0 74.75407976422071,20.8826322287358,0 74.7542024232681,20.8826199825308,0 74.75427149889229,20.8826010217014,0 74.7544452452381,20.8826653434725,0 74.75457123815239,20.8827119865498,0 74.75464366438131,20.882783817819,0 74.75474389441681,20.8828390619739,0 74.7548082584471,20.8828803805867,0 74.75487999059671,20.8829082315529,0 74.7549910699271,20.8829602040512,0 74.75510251466891,20.8829817026357,0 74.7552754514207,20.882983533762,0 74.7554557562201,20.8829718970842,0 74.75558954863151,20.8829326765439,0 74.7557560912466,20.8828667112821,0 74.7560339874279,20.8827377332391,0 74.756249955573,20.8827066765422,0 74.75647942091339,20.8826350197031,0 74.75700361557109,20.8825006344441,0 74.7577639310918,20.8827999076695,0 74.7580214714116,20.8829584058918,0 74.7580924745437,20.8830472033362,0 74.75838118895609,20.8830096187484,0 74.7589949699926,20.8829077411309,0 74.759423016044,20.8835726145175,0 74.7597595371611,20.8840570400476,0 74.7598580282877,20.8842578786135,0 74.7599784609021,20.8844318575975,0 74.76018358143,20.8847557328855,0 74.7603204096921,20.8850653410151,0 74.7604142870419,20.8853507905512,0 74.7604631487452,20.8854833763694,0 74.7604677994586,20.8855542954351,0 74.76055261410529,20.8855351172048,0 74.7606897270588,20.8858210230508,0 74.7608356253541,20.886276341673,0 74.7610220883402,20.8869555908084,0 74.76125296304021,20.8878384922027,0 74.761357448751,20.8878395951124,0 74.7614587462479,20.8881609470691,0 74.7615343610931,20.8884137637816,0 74.7615690523385,20.8885223586027,0 74.76152565798211,20.8885389686468,0 74.7615534701569,20.8886239221252,0 74.7616065031812,20.8887091417749,0 74.76175827524131,20.8889748824665,0 74.7619140529781,20.8889054120135,0 74.7620617372822,20.8892117460322,0 74.76216261526081,20.8893536017037,0 74.7621965581226,20.8894637618187,0 74.7630218701271,20.8890762593939,0 74.76300964164029,20.888893265027,0 74.7633133429882,20.8888084214522,0 74.7633463002884,20.8890661351016,0 74.7634327718708,20.889067046897,0 74.76435747906569,20.8888803839763,0 74.7650295316203,20.888728305133,0 74.76512103603579,20.8892135237904,0 74.76595741336379,20.8891816966364,0 74.7657351774187,20.8896873153704,0 74.7655195807711,20.8902404131002,0 74.7655470318239,20.8903558395871,0 74.76582637084761,20.8905010101012,0 74.7669026746845,20.8908983906262,0 74.7674739346442,20.8911160520516,0 74.7675607771076,20.8911588787377,0 
						</coordinates>
					</LinearRing>
				</outerBoundaryIs>
			</Polygon>
		</Placemark>
	</Document>
	<Document>
		<name>Ward no. 18.kml</name>
		<StyleMap id="m_ylw-pushpin16">
			<Pair>
				<key>normal</key>
				<styleUrl>#s_ylw-pushpin16</styleUrl>
			</Pair>
			<Pair>
				<key>highlight</key>
				<styleUrl>#s_ylw-pushpin_hl16</styleUrl>
			</Pair>
		</StyleMap>
		<Style id="s_ylw-pushpin16">
			<IconStyle>
				<scale>1.1</scale>
				<Icon>
					<href>http://maps.google.com/mapfiles/kml/pushpin/ylw-pushpin.png</href>
				</Icon>
				<hotSpot x="20" y="2" xunits="pixels" yunits="pixels"/>
			</IconStyle>
			<LineStyle>
				<color>ffffff55</color>
				<width>3</width>
			</LineStyle>
			<PolyStyle>
				<fill>0</fill>
			</PolyStyle>
		</Style>
		<Style id="s_ylw-pushpin_hl16">
			<IconStyle>
				<scale>1.3</scale>
				<Icon>
					<href>http://maps.google.com/mapfiles/kml/pushpin/ylw-pushpin.png</href>
				</Icon>
				<hotSpot x="20" y="2" xunits="pixels" yunits="pixels"/>
			</IconStyle>
			<LineStyle>
				<color>ffffff55</color>
				<width>3</width>
			</LineStyle>
			<PolyStyle>
				<fill>0</fill>
			</PolyStyle>
		</Style>
		<Placemark>
			<name>Ward no. 18.kml</name>
			<styleUrl>#m_ylw-pushpin16</styleUrl>
			<Polygon>
				<tessellate>1</tessellate>
				<outerBoundaryIs>
					<LinearRing>
						<coordinates>
							74.78386396131989,20.8573632584871,0 74.7845586849548,20.8571508051967,0 74.78386195094281,20.8566823684729,0 74.78416112159179,20.8564036557148,0 74.78436781593641,20.8561115590769,0 74.7845745095555,20.8558194621509,0 74.7846080182869,20.8557081677866,0 74.7844050358877,20.8554280272771,0 74.78427265220191,20.8551803139392,0 74.78426168792279,20.8547810685966,0 74.7842931514154,20.854615589249,0 74.7843798248623,20.854540846883,0 74.7846030138473,20.854570223287,0 74.7846634786646,20.8545590809792,0 74.78472394347379,20.8545479386518,0 74.7848864098389,20.8545285550123,0 74.78492162127451,20.8545562522294,0 74.78498470254441,20.8546700788803,0 74.7851226128488,20.8547573558751,0 74.7853256443267,20.8547128717881,0 74.785352934215,20.8546636365784,0 74.78536242148191,20.8545856223596,0 74.78537469592059,20.8544529091708,0 74.7853672583378,20.854385550048,0 74.7853554764702,20.8543293652438,0 74.7852670125134,20.8542648704419,0 74.7851469492734,20.8542235535816,0 74.7851087947306,20.8541998569831,0 74.785082100528,20.8541355485969,0 74.7850634582519,20.8540506128246,0 74.7850719901861,20.8539544622051,0 74.7851040398952,20.8538812892958,0 74.7851184757473,20.8538234568734,0 74.7851329115893,20.8537656244475,0 74.785092096451,20.8536173331832,0 74.7850436857407,20.8535253843896,0 74.7850237333103,20.8534403465454,0 74.7850312969851,20.8533812748363,0 74.7850467137367,20.85327561249,0 74.785062118422,20.8531842197509,0 74.785085376151,20.8530462363609,0 74.7851085807348,20.8529221648805,0 74.7851386469486,20.8527614049831,0 74.7851865949609,20.8525841387912,0 74.7852257049406,20.8524541280573,0 74.78526952073921,20.8523828419239,0 74.7853133365002,20.8523115557767,0 74.78534039757901,20.8522195388068,0 74.78536671389629,20.8520480401243,0 74.78535888339449,20.8518924815163,0 74.7854392668574,20.8517692146212,0 74.78571444739759,20.8515813402537,0 74.78585673368249,20.8515010212799,0 74.7860088777601,20.8514259837385,0 74.78617012152159,20.851376215486,0 74.7863313651867,20.8513264470938,0 74.78650366576871,20.8512709296643,0 74.786675358286,20.8512387485721,0 74.7867969234734,20.8511767280211,0 74.7868380568097,20.8511557424433,0 74.78691848857029,20.8511147073888,0 74.786851915825,20.8509732411393,0 74.7868139774294,20.8508926223994,0 74.78677452476541,20.8506939079677,0 74.78675979858311,20.8505348128714,0 74.78674239760829,20.8503155222238,0 74.7867352926898,20.850155629276,0 74.7867314951925,20.8500701682001,0 74.786743088054,20.8494469807234,0 74.7867784540329,20.8491047107056,0 74.7868035319653,20.8487747511525,0 74.7867772121209,20.8484330621874,0 74.7867734445722,20.8482541113576,0 74.7867314394577,20.8476332122661,0 74.7866111856472,20.8473331071233,0 74.7864144685461,20.847253347155,0 74.78621120932119,20.8471369232955,0 74.78629397790461,20.8469571903999,0 74.7865791641279,20.8466492425243,0 74.78666717241219,20.8464604410119,0 74.7866468558492,20.8459883494881,0 74.78656938354349,20.8455921999034,0 74.78653089129671,20.8452289685938,0 74.78651763021399,20.8449962438557,0 74.7861106183832,20.8450167400641,0 74.7859386601986,20.8450122363072,0 74.7854229025011,20.8449175465548,0 74.7851117019074,20.8448456955495,0 74.78469432087689,20.8445778875041,0 74.7842242259897,20.8444381742761,0 74.783103153566,20.8442391597522,0 74.7823343451242,20.8439964795584,0 74.78205691105801,20.8437305576677,0 74.7817295879541,20.8434134303735,0 74.7813242393994,20.8430410634421,0 74.7808759156524,20.8426328999087,0 74.78063303294969,20.8425635139442,0 74.779427625281,20.8423926882881,0 74.7788921839922,20.8422918485269,0 74.77768893391971,20.8421064899931,0 74.7769762300598,20.8420613438598,0 74.77603420883349,20.8421261161446,0 74.7751130638249,20.8421368739619,0 74.7733829377117,20.8420756218546,0 74.7731397813953,20.8420606607171,0 74.7722224720697,20.8421211659931,0 74.77273439961409,20.8434721824534,0 74.7728980834806,20.8442888586426,0 74.7729071562969,20.8448520154222,0 74.77293163767661,20.8454449685161,0 74.77244077443039,20.845632441532,0 74.7708752003081,20.8460605192404,0 74.7696892821465,20.8463740368463,0 74.7688499162094,20.8467060098694,0 74.76853435156259,20.8467323251295,0 74.7680274837724,20.8456156873847,0 74.7708297756694,20.8445783016254,0 74.77119473074001,20.8443746924957,0 74.7709224946974,20.8434086999652,0 74.7664751406549,20.8449325624762,0 74.76563492334699,20.8437823319185,0 74.7649658975588,20.8440757526085,0 74.76474374350001,20.8442116276223,0 74.7638975422623,20.8445591245639,0 74.7633069084637,20.8447570863853,0 74.76274067173181,20.8449926799344,0 74.7622157028118,20.8452066464851,0 74.7615577194039,20.8454384721126,0 74.7612783717876,20.8455368930487,0 74.76163757439841,20.8462686920401,0 74.7649235512371,20.84550891237,0 74.76580445408619,20.8483038639673,0 74.763983836668,20.8489662750484,0 74.76403804075061,20.8497077149117,0 74.7634157338745,20.8498435142617,0 74.7640429412741,20.8511356151986,0 74.7643682563772,20.851931723735,0 74.76449561441891,20.8522714824635,0 74.764314357727,20.852279644425,0 74.7640280537743,20.8527731059275,0 74.76374174812381,20.8532665668201,0 74.7622121946121,20.8535732322177,0 74.7614152685077,20.8537355391529,0 74.7612210148859,20.8533458168443,0 74.7593820636245,20.8538089081929,0 74.75892011670901,20.8538853192216,0 74.75786030997089,20.8540751105354,0 74.7563713270402,20.8544041079006,0 74.7558548452249,20.8545290746814,0 74.75461239314571,20.8548270496029,0 74.7540883876013,20.8549511918414,0 74.7538295565183,20.8541374039307,0 74.7536963887499,20.8537187092165,0 74.75357072796631,20.8533236151886,0 74.7529337273036,20.8534898690755,0 74.7524980691536,20.853468787304,0 74.752062411114,20.8534477045245,0 74.7515955914045,20.8524428505964,0 74.7512841890787,20.8517725329518,0 74.7507759022605,20.8515909495817,0 74.7505244315355,20.850983248736,0 74.74997263492961,20.8496497666607,0 74.7497457083492,20.8491013645707,0 74.749702382245,20.8486634894671,0 74.749718054418,20.8483681932847,0 74.7499190116541,20.84798346651,0 74.7491754353444,20.8479178393725,0 74.74843185962121,20.8478522092965,0 74.74843158667051,20.8476066333025,0 74.74813178929639,20.8475585301731,0 74.7481777869605,20.8489805717726,0 74.748333151145,20.8491926022538,0 74.7483871602435,20.8493772827378,0 74.7482797222245,20.8506467027224,0 74.74822989697201,20.8513985802296,0 74.7483273221861,20.8518874974837,0 74.7484819622688,20.8521621198372,0 74.74867689338799,20.8528174394768,0 74.7487363253543,20.8531837306135,0 74.74892292818809,20.8536145411275,0 74.7489711378071,20.8538680210008,0 74.7488250777553,20.8543304078679,0 74.7486917751088,20.8546342743349,0 74.74860769628521,20.8551415655011,0 74.74860114390719,20.8555391937207,0 74.7490966675206,20.8567674800878,0 74.74904519440319,20.8584264701116,0 74.74890021806171,20.8599955612469,0 74.74892283473289,20.8607366646889,0 74.7490385983982,20.8615972952244,0 74.7489659310183,20.8623966545828,0 74.7488319959098,20.8630471902456,0 74.7486619030427,20.8640825892462,0 74.7483703425759,20.8647314490806,0 74.7481436113554,20.8652328250257,0 74.7479767201269,20.8660015462176,0 74.7479377094956,20.8666234540507,0 74.7476447156621,20.8673908339376,0 74.74748459447871,20.8675965724907,0 74.7467473899024,20.8685963027005,0 74.7463311394546,20.8691252940326,0 74.7460721570035,20.8696855916502,0 74.7461302128273,20.8701010898255,0 74.7465350511402,20.8705202762918,0 74.74665687329249,20.8708771835849,0 74.7466830484872,20.8713219764702,0 74.746678054635,20.8717368034581,0 74.7466368975265,20.8725364913196,0 74.7466630729288,20.8729812836735,0 74.7472248373799,20.87346140494,0 74.7482896002921,20.8740654066512,0 74.7490107866856,20.8743990448953,0 74.7492569415796,20.8749054410982,0 74.7497241402597,20.8753845497395,0 74.7500032499477,20.8757727577007,0 74.7503787214083,20.8760138170381,0 74.7511360741719,20.8759625860214,0 74.75198658345801,20.8760308767451,0 74.7534608733429,20.8766688248602,0 74.7542844087691,20.8768001447866,0 74.75432120861529,20.8769218945498,0 74.7544766422242,20.877180909556,0 74.7547195162102,20.8773595762694,0 74.75505663003059,20.8774918306504,0 74.7554010310252,20.8776173887122,0 74.755766805481,20.8777634909355,0 74.7561617270604,20.8778828095098,0 74.75643383147469,20.8780279190065,0 74.7566834275674,20.878247291267,0 74.75691918108861,20.8784191067772,0 74.7570334958325,20.8785015903059,0 74.757076404443,20.8785291356158,0 74.75752168096319,20.8782892648112,0 74.7579251604963,20.8780751070031,0 74.7579512181521,20.8780206063676,0 74.75804490583771,20.8779907779745,0 74.75877833212699,20.877524432032,0 74.7588722867591,20.8775017201075,0 74.7590951699633,20.8775447127892,0 74.7595487535626,20.8769771997667,0 74.75971597711759,20.8768536687376,0 74.7604152278283,20.8771353554343,0 74.7615625968091,20.8776080232317,0 74.7618705710382,20.8777670491576,0 74.7622130362565,20.8780551225847,0 74.7624073417682,20.878077491235,0 74.7627286330259,20.8780266979547,0 74.7630531225241,20.8780098020923,0 74.7632223301717,20.878021745923,0 74.76342279026839,20.8781322254318,0 74.7636326037978,20.8783647145468,0 74.763891159124,20.8787399469549,0 74.764061505309,20.8789584737028,0 74.7641898713571,20.8790715787229,0 74.76430823737959,20.8791168498366,0 74.76445570842991,20.8791387226869,0 74.7646834099686,20.8790801668443,0 74.76485802367689,20.878967770703,0 74.7651626100967,20.878780438332,0 74.7655493143719,20.8785919876476,0 74.7655616607925,20.8785821367746,0 74.7657562117154,20.878519554125,0 74.76614765732759,20.8786655164142,0 74.7670511946702,20.8790407623922,0 74.7680041263489,20.8795045704443,0 74.76904920405509,20.8800980262556,0 74.7698502656593,20.8806076373322,0 74.77025719822061,20.8809302370702,0 74.7706591601402,20.881367921675,0 74.7709845788624,20.8818793022851,0 74.77121048910151,20.8822744989981,0 74.7712933841655,20.88242437174,0 74.771333696897,20.8824734265969,0 74.7714123285524,20.8822411460667,0 74.77139336172741,20.8821130253545,0 74.7713939863885,20.8817574586678,0 74.7715868491785,20.880689377413,0 74.7718429494484,20.8797574158702,0 74.7721043205384,20.878988056837,0 74.7724241166957,20.8782678443239,0 74.7725013666323,20.8779806663148,0 74.77267852145199,20.8776666076176,0 74.7728127259916,20.8772887368497,0 74.7730885800253,20.8765127543132,0 74.773141011232,20.8762456012016,0 74.7733683212012,20.8757007956533,0 74.7737484036868,20.874709578627,0 74.77406759935209,20.8741728447696,0 74.7745029235036,20.873317256745,0 74.77485560952989,20.8727452612701,0 74.7750999604352,20.8722306771482,0 74.7751801857887,20.8722036583254,0 74.7755984466372,20.8714797486609,0 74.7768660122034,20.8712356604182,0 74.7771258008064,20.8712045169404,0 74.77695199977759,20.8715487627134,0 74.7770299951619,20.871687773974,0 74.7773712200535,20.8723855665634,0 74.7775507799514,20.8727396358166,0 74.7775948589715,20.872810972198,0 74.7779592931809,20.8729284732732,0 74.7785618084006,20.8731650569781,0 74.778970945458,20.8733014090014,0 74.77921786378219,20.8734445292066,0 74.77929950474871,20.8734865000508,0 74.7795746863127,20.8734347160551,0 74.7799230233028,20.873380789885,0 74.78018649749031,20.8733429078866,0 74.78066358951401,20.8732175183465,0 74.7807974482777,20.8731715076026,0 74.7808932188005,20.8731471104478,0 74.78096150873709,20.8731613699726,0 74.7812265633336,20.8731421284113,0 74.78164863315941,20.873099128905,0 74.78204552432869,20.8730524789942,0 74.7828058015139,20.8730502604387,0 74.78305390342589,20.8730934882568,0 74.7831186508356,20.8731320275423,0 74.7832042965963,20.8731663017903,0 74.7834649102238,20.8724578018161,0 74.78379487528559,20.8712166089705,0 74.7843504147248,20.8695628887479,0 74.784751816115,20.8676112140174,0 74.7849857876418,20.8664875507649,0 74.78499016830629,20.8664147805438,0 74.7851048696722,20.8663115357417,0 74.7853093181778,20.8654738290173,0 74.7853148346728,20.8650065564713,0 74.785387114055,20.8643774303926,0 74.7856429520731,20.863458983238,0 74.78622130066459,20.8614670041351,0 74.78610350627299,20.8611989731089,0 74.7858584925233,20.8610703921437,0 74.7856088038032,20.8608578279016,0 74.78542379853759,20.8606594837597,0 74.78515297650149,20.8604060608873,0 74.7849682921244,20.8601806278717,0 74.7847481444627,20.8599074141626,0 74.78450606350511,20.8596610629842,0 74.78431321629451,20.8595168191524,0 74.7841783269,20.8593460882567,0 74.7840725764908,20.8591485696396,0 74.7839140691547,20.8585373514286,0 74.7836705476939,20.8578033325056,0 74.7835529501907,20.8573889556641,0 74.78386396131989,20.8573632584871,0 
						</coordinates>
					</LinearRing>
				</outerBoundaryIs>
			</Polygon>
		</Placemark>
	</Document>
	<Document>
		<name>Ward no. 19.kml</name>
		<StyleMap id="m_ylw-pushpin17">
			<Pair>
				<key>normal</key>
				<styleUrl>#s_ylw-pushpin17</styleUrl>
			</Pair>
			<Pair>
				<key>highlight</key>
				<styleUrl>#s_ylw-pushpin_hl17</styleUrl>
			</Pair>
		</StyleMap>
		<Style id="s_ylw-pushpin17">
			<IconStyle>
				<scale>1.1</scale>
				<Icon>
					<href>http://maps.google.com/mapfiles/kml/pushpin/ylw-pushpin.png</href>
				</Icon>
				<hotSpot x="20" y="2" xunits="pixels" yunits="pixels"/>
			</IconStyle>
			<LineStyle>
				<color>ffffff55</color>
				<width>3</width>
			</LineStyle>
			<PolyStyle>
				<fill>0</fill>
			</PolyStyle>
		</Style>
		<Style id="s_ylw-pushpin_hl17">
			<IconStyle>
				<scale>1.3</scale>
				<Icon>
					<href>http://maps.google.com/mapfiles/kml/pushpin/ylw-pushpin.png</href>
				</Icon>
				<hotSpot x="20" y="2" xunits="pixels" yunits="pixels"/>
			</IconStyle>
			<LineStyle>
				<color>ffffff55</color>
				<width>3</width>
			</LineStyle>
			<PolyStyle>
				<fill>0</fill>
			</PolyStyle>
		</Style>
		<Placemark>
			<name>Ward no. 19.kml</name>
			<styleUrl>#m_ylw-pushpin17</styleUrl>
			<Polygon>
				<tessellate>1</tessellate>
				<outerBoundaryIs>
					<LinearRing>
						<coordinates>
							74.8000247625988,20.8866357111241,0 74.8005600984341,20.8865627963917,0 74.80145640239409,20.8863350209953,0 74.8019443398257,20.8865161593983,0 74.802140818311,20.8867419348235,0 74.80250307537069,20.8867724826723,0 74.8029645748019,20.8867439145296,0 74.80325805789791,20.886684411799,0 74.8030213118566,20.8864681653603,0 74.80255993552321,20.8861763570354,0 74.80188592273331,20.8857604782689,0 74.801692659558,20.8855088124835,0 74.8015431242069,20.8852108587857,0 74.8016271382449,20.884784426784,0 74.80183709497101,20.8845321475555,0 74.8022895778785,20.8841432826645,0 74.80248296087341,20.8839160370145,0 74.8026952459096,20.8835151494686,0 74.8030433133995,20.8828722591331,0 74.80333279353449,20.8822983724358,0 74.8036661616764,20.8818410077112,0 74.8040003989469,20.8817084216645,0 74.80443941463609,20.8817284808515,0 74.8050509758293,20.8818835115894,0 74.8062832311105,20.8818663514502,0 74.8068051408798,20.8816609554504,0 74.807230691539,20.8813843890263,0 74.80751994072629,20.881144232354,0 74.8078091890787,20.8809040751957,0 74.8081809962616,20.880291623992,0 74.8082056123401,20.8800535594283,0 74.808222692454,20.8797131627004,0 74.8081097123483,20.879386146951,0 74.807668778631,20.8791343282401,0 74.8070719504061,20.8788483967511,0 74.806605996865,20.8785512081952,0 74.8062664896777,20.8779957714506,0 74.8062565565008,20.8776105104499,0 74.80629779729929,20.8772075415773,0 74.80645671462329,20.8769517840772,0 74.80682387918969,20.8766745715592,0 74.8074192307606,20.8763848428949,0 74.8079441104759,20.876137091228,0 74.8083371932855,20.8759079639217,0 74.8088379804426,20.8753973969114,0 74.8090620928986,20.8748995799283,0 74.8092298347932,20.8744052927356,0 74.80938800552209,20.8738177522522,0 74.8094983693139,20.873341696515,0 74.80944829806501,20.8729163647676,0 74.80939822707199,20.872491032876,0 74.8092912271556,20.8719266862168,0 74.8091137203844,20.8714863091694,0 74.8087981691545,20.8711551083494,0 74.80860239813271,20.870911838293,0 74.8083984512575,20.8705638451759,0 74.8079254637215,20.8701822620534,0 74.8075548598834,20.8699757697067,0 74.8071158988506,20.869859973464,0 74.8066960309834,20.8697826424021,0 74.8060665497933,20.8696616921359,0 74.8057066171324,20.8694805703923,0 74.8054185866304,20.869124535263,0 74.8051619134864,20.8687227395034,0 74.80484876854371,20.8682636980089,0 74.8045356253286,20.8678046558416,0 74.80434722982351,20.8674509346541,0 74.8041588351194,20.8670972131878,0 74.80407803860361,20.8666459447932,0 74.8040582137359,20.8663724411202,0 74.80403838893341,20.8660989373911,0 74.80394070566609,20.865737258648,0 74.8038430228234,20.8653755797598,0 74.8037308148553,20.8648919664934,0 74.8037372403475,20.8642137197017,0 74.8036500255233,20.8638848343862,0 74.8035369644513,20.8637581205245,0 74.8034991326593,20.8632800080056,0 74.80364514268319,20.8630581131711,0 74.8038937120111,20.8629929555426,0 74.8040765260353,20.8627342441694,0 74.80401518066969,20.862423529326,0 74.8037408134421,20.8622188643039,0 74.80340431145569,20.8620100269549,0 74.8030681079767,20.8619256270252,0 74.802500042229,20.8618987755573,0 74.8022863619873,20.8618383785066,0 74.8018440920191,20.8616284862265,0 74.80153072629,20.8614320375613,0 74.80101066195989,20.8611583554585,0 74.80069802455201,20.8611006646562,0 74.80034211347051,20.8612378828874,0 74.79984850528579,20.8612676721381,0 74.7996330042719,20.8611794590063,0 74.7994379288746,20.8610183714193,0 74.79919511984519,20.8606974287626,0 74.7990460893635,20.8604531107801,0 74.7989699166702,20.8601867143614,0 74.7988988040772,20.8597548501136,0 74.7988324757052,20.859333800127,0 74.79872576988561,20.8590414025146,0 74.7983419351653,20.8589323000343,0 74.7980361678209,20.8587936163345,0 74.7978520839597,20.8586708806634,0 74.79771905903689,20.8583414361858,0 74.79757502740659,20.857955751954,0 74.79743099644379,20.8575700675051,0 74.7972496720399,20.8570557826425,0 74.79707048425711,20.8565992640985,0 74.7969433243115,20.8563539256161,0 74.7966533767822,20.8558251872778,0 74.7964805425617,20.8552618383279,0 74.7950705659112,20.855686704221,0 74.7941901929664,20.8558852125523,0 74.793027369713,20.8561451153149,0 74.7917334966501,20.856392984479,0 74.7911139615551,20.856484299898,0 74.7905476211,20.856571494038,0 74.7894423485839,20.8566984577759,0 74.7886246753928,20.8568477977228,0 74.7878143129744,20.856995798647,0 74.7870855862748,20.8571187863706,0 74.7869601512807,20.8571372776439,0 74.7858925188512,20.8572946614498,0 74.7854712376031,20.8573429339089,0 74.7851594387088,20.8576772577538,0 74.7849925811428,20.857726925268,0 74.7847476480071,20.8576863683262,0 74.7848240914,20.8573292450878,0 74.7845586849548,20.8571508051967,0 74.78386396131989,20.8573632584871,0 74.7835529501907,20.8573889556641,0 74.7836705476939,20.8578033325056,0 74.7839140691547,20.8585373514286,0 74.7840725764908,20.8591485696396,0 74.7841783269,20.8593460882567,0 74.78431321629451,20.8595168191524,0 74.78450606350511,20.8596610629842,0 74.7847481444627,20.8599074141626,0 74.7849682921244,20.8601806278717,0 74.78515297650149,20.8604060608873,0 74.78542379853759,20.8606594837597,0 74.7856088038032,20.8608578279016,0 74.7858584925233,20.8610703921437,0 74.78610350627299,20.8611989731089,0 74.78622130066459,20.8614670041351,0 74.7856429520731,20.863458983238,0 74.785387114055,20.8643774303926,0 74.7853148346728,20.8650065564713,0 74.7853093181778,20.8654738290173,0 74.7851048696722,20.8663115357417,0 74.78499016830629,20.8664147805438,0 74.7849857876418,20.8664875507649,0 74.784751816115,20.8676112140174,0 74.7843504147248,20.8695628887479,0 74.78379487528559,20.8712166089705,0 74.7834649102238,20.8724578018161,0 74.7832042965963,20.8731663017903,0 74.7823145485593,20.8764167674964,0 74.7818924116346,20.8771173429498,0 74.781758248034,20.8775398785958,0 74.7814769896714,20.8781668139441,0 74.7812231091054,20.8789159457483,0 74.7810283131307,20.8795437833977,0 74.780793863287,20.8803099695508,0 74.7806599479518,20.8810606181253,0 74.7804825855771,20.8815089715472,0 74.779593032167,20.8845135724996,0 74.7790977190098,20.8861745011934,0 74.77871561937241,20.8874031525604,0 74.7785522754738,20.8878078109525,0 74.77819748373309,20.888555877756,0 74.777970166591,20.8888853651314,0 74.77794033947789,20.8889697127577,0 74.7774048199955,20.8899469277074,0 74.7785051429149,20.8902348455561,0 74.7796060376964,20.890535898531,0 74.7810682987427,20.8909544887571,0 74.7812011106034,20.88982407645,0 74.7812829050947,20.889524532087,0 74.7813997825438,20.8890218845083,0 74.7814920225606,20.8885352077172,0 74.7815848228207,20.8880011270416,0 74.7817567672753,20.887478032148,0 74.782026011973,20.8864970963985,0 74.782161151458,20.886481887634,0 74.7824429913374,20.8864303372155,0 74.7825811440096,20.8860220256927,0 74.7827548047908,20.885962883926,0 74.78355597353161,20.8858594967435,0 74.7843826416758,20.8857326674021,0 74.7843303929665,20.8854308871181,0 74.784318346261,20.8853798109596,0 74.7842192621697,20.8849216129625,0 74.7845693431596,20.8848744694169,0 74.78465869927069,20.8852411329341,0 74.7846847685971,20.8853893290544,0 74.78472285538339,20.885605840236,0 74.7857184184644,20.8855180171786,0 74.78640967721461,20.8854459645606,0 74.7869125799166,20.885395007934,0 74.78696278874141,20.8857206254608,0 74.7870304689618,20.8867033860696,0 74.7870649963923,20.8874419801142,0 74.7873353061982,20.8877427989682,0 74.7872759014864,20.8878911814501,0 74.7871917689861,20.8880044267113,0 74.78730705616719,20.8888475664525,0 74.7875079794659,20.8888367093739,0 74.7879478229023,20.8888175857247,0 74.7883227327154,20.8888045577467,0 74.78852418042349,20.8888337462667,0 74.78866117361289,20.8888283996773,0 74.7888669826439,20.8887932917997,0 74.7891734755692,20.888776163559,0 74.7892707161885,20.8887805619672,0 74.7892955900262,20.8891160735169,0 74.7893067302622,20.8893938734339,0 74.789304230529,20.8894531092376,0 74.789215729609,20.8897772815582,0 74.78915744901251,20.8899832447038,0 74.7890858709775,20.8900225980503,0 74.7890809419689,20.8900723019003,0 74.78912823783411,20.8900591319999,0 74.789225220861,20.8901185589601,0 74.78955787107419,20.8901753562433,0 74.78962283494521,20.8899214067558,0 74.78962608931219,20.8899205005414,0 74.7896206119472,20.889896632069,0 74.789636041233,20.8898104397064,0 74.7898283491847,20.8898148191736,0 74.79001980112329,20.8898110459786,0 74.78996927929541,20.8893584374509,0 74.7899332053594,20.8891320886443,0 74.7899117378538,20.8890429045464,0 74.7909079566226,20.8889008786752,0 74.7915253424479,20.8887989329848,0 74.7921713521623,20.8887142146785,0 74.7928933025769,20.8886065783004,0 74.7931489508336,20.8885451230249,0 74.79313629503559,20.8884736466794,0 74.79310293332119,20.8882464119364,0 74.7938688730503,20.8880748872676,0 74.7947072683791,20.8878702475368,0 74.7948688812801,20.8878468632913,0 74.79468122587809,20.8870199925271,0 74.79468978459521,20.8869049439392,0 74.7950293364394,20.8868339669734,0 74.7953726898091,20.8867460968608,0 74.7954593194531,20.88673345003,0 74.7956760525811,20.8866882888484,0 74.7957463700768,20.8868432783908,0 74.7961350877348,20.8873066350138,0 74.7962204885762,20.8875811707956,0 74.7976072426309,20.8873212489134,0 74.7988112743802,20.8869713783008,0 74.7995627508991,20.8868030670511,0 74.8000247625988,20.8866357111241,0 
						</coordinates>
					</LinearRing>
				</outerBoundaryIs>
			</Polygon>
		</Placemark>
	</Document>
</Folder>
</kml>
