<?xml version="1.0" encoding="UTF-8"?>
<kml xmlns="http://www.opengis.net/kml/2.2" xmlns:gx="http://www.google.com/kml/ext/2.2" xmlns:kml="http://www.opengis.net/kml/2.2" xmlns:atom="http://www.w3.org/2005/Atom">
<Folder>
	<name>Temporary Places</name>
	<open>1</open>
	<Document>
		<name>Ward no.1.kml</name>
		<StyleMap id="m_ylw-pushpin">
			<Pair>
				<key>normal</key>
				<styleUrl>#s_ylw-pushpin</styleUrl>
			</Pair>
			<Pair>
				<key>highlight</key>
				<styleUrl>#s_ylw-pushpin_hl</styleUrl>
			</Pair>
		</StyleMap>
		<Style id="s_ylw-pushpin">
			<IconStyle>
				<scale>1.1</scale>
				<Icon>
					<href>https://maps.google.com/mapfiles/kml/pushpin/ylw-pushpin.png</href>
				</Icon>
				<hotSpot x="20" y="2" xunits="pixels" yunits="pixels"/>
			</IconStyle>
			<LineStyle>
				<color>ffffff55</color>
				<width>3</width>
			</LineStyle>
			<PolyStyle>
				<fill>0</fill>
			</PolyStyle>
		</Style>
		<Style id="s_ylw-pushpin_hl">
			<IconStyle>
				<scale>1.3</scale>
				<Icon>
					<href>https://maps.google.com/mapfiles/kml/pushpin/ylw-pushpin.png</href>
				</Icon>
				<hotSpot x="20" y="2" xunits="pixels" yunits="pixels"/>
			</IconStyle>
			<LineStyle>
				<color>ffffff55</color>
				<width>3</width>
			</LineStyle>
			<PolyStyle>
				<fill>0</fill>
			</PolyStyle>
		</Style>
		<Placemark>
			<name>Ward no.1.kml</name>
			<styleUrl>#m_ylw-pushpin</styleUrl>
			<Polygon>
				<tessellate>1</tessellate>
				<outerBoundaryIs>
					<LinearRing>
						<coordinates>
							73.12960730800006,19.26342273200004,0 73.12973683500007,19.26356476500007,0 73.12983359800006,19.26364648300006,0 73.12992559700007,19.26372946800007,0 73.13003310600004,19.26382252500002,0 73.13010510100008,19.26391942000004,0 73.13026174500004,19.26412459700003,0 73.13030916000008,19.26418744700004,0 73.13034633200004,19.26429697100002,0 73.13038152000007,19.26440088700002,0 73.13044353100008,19.26458360500004,0 73.13057052400006,19.26495435700002,0 73.13061719600006,19.26509312400003,0 73.13066469800003,19.26523438100003,0 73.13075533700004,19.26549955200005,0 73.13093474800007,19.26603069000004,0 73.13097249200007,19.26613111400008,0 73.13101910600005,19.26626197800005,0 73.13106865100008,19.26639710500007,0 73.13110885300006,19.26651142200007,0 73.13127690100004,19.26697665400008,0 73.13129361400007,19.26708611000004,0 73.13094131000008,19.26749713200007,0 73.13059423100003,19.26791757400002,0 73.13150426900006,19.26968312600008,0 73.13230659100003,19.27148585000003,0 73.13259195900008,19.27241681500004,0 73.13268846800008,19.27271401400003,0 73.13312471300003,19.27357329500006,0 73.13343792300003,19.27635801000002,0 73.13368633600004,19.27718896900007,0 73.13182816900007,19.27978542100004,0 73.12942098300005,19.28132964200006,0 73.12672510700008,19.28189753400005,0 73.12564796600003,19.28162850800004,0 73.12395805600005,19.28120453300005,0 73.12302072200004,19.28047798400007,0 73.11956837100007,19.27931612100002,0 73.11745937900008,19.27896851200006,0 73.11547320100004,19.27864455600007,0 73.11145204500008,19.27630476800005,0 73.10807639400008,19.27361911300005,0 73.10567748200003,19.27116789300004,0 73.10463423000004,19.27008583700007,0 73.10452019100006,19.26971968600003,0 73.10399675800005,19.26829769000005,0 73.10370901400006,19.26725603700004,0 73.10381141200008,19.26612858600004,0 73.10413817400007,19.26523373100002,0 73.10424514800008,19.26486863500003,0 73.10428930000006,19.26475290000008,0 73.10442520000004,19.26448660000006,0 73.10449190000008,19.26435600000008,0 73.10455650000006,19.26423430000006,0 73.10485900000003,19.26363400000003,0 73.10551630000003,19.26293980000003,0 73.10595020000005,19.26248280000004,0 73.10625810000005,19.26213980000006,0 73.10689800000006,19.26143600000006,0 73.10749570000007,19.26115060000007,0 73.10817160000005,19.26081250000004,0 73.10881540000008,19.26048710000003,0 73.10951600000004,19.26014000000004,0 73.11266155600003,19.25706070400003,0 73.11379750100008,19.25585300100005,0 73.11512200400006,19.25628082200007,0 73.11512500000003,19.25594400000006,0 73.11533500000007,19.25564750000007,0 73.11577475600006,19.25542864400006,0 73.11607210500006,19.25510782100002,0 73.11621800000006,19.25452450000006,0 73.11737255600008,19.25465139700003,0 73.11748358300008,19.25460954100004,0 73.11732400000005,19.25542000000007,0 73.11886250000003,19.25593000000004,0 73.11896000100006,19.25641200000007,0 73.11968692700003,19.25655677600003,0 73.12002780400007,19.25628830700003,0 73.12027725200005,19.25556108500007,0 73.12049325800007,19.25528327100005,0 73.12056761300005,19.25518464500004,0 73.12078043200006,19.25491858700008,0 73.12108900000004,19.25503700000007,0 73.12117213900007,19.25515976300005,0 73.12136566400005,19.25527913100007,0 73.12171745500007,19.25584704200003,0 73.12181900000007,19.25587900000005,0 73.12183100100003,19.25599150000005,0 73.12204719800008,19.25594310100007,0 73.12291601700008,19.25601490900004,0 73.12314550000008,19.25678950000003,0 73.12452658500007,19.25682956000003,0 73.12481082000005,19.25803257800004,0 73.12513729500006,19.25934783400004,0 73.12517925200007,19.25956392400008,0 73.12596651400008,19.25935807700006,0 73.12629428100007,19.25945925700006,0 73.12647611800008,19.26047462000003,0 73.12654476300008,19.26081865400005,0 73.12661396300007,19.26117101300002,0 73.12654121900005,19.26152268500005,0 73.12583881400008,19.26077442000008,0 73.12577861800008,19.26055461800007,0 73.12569933700007,19.26025063100008,0 73.12555817800006,19.25978819600005,0 73.12516061600007,19.25986404700007,0 73.12473447600007,19.25994507500008,0 73.12476215600003,19.26032886900003,0 73.12482613000003,19.26074717800003,0 73.12486924800004,19.26104902200007,0 73.12411662200003,19.26127050100007,0 73.12409983100008,19.26150241600004,0 73.12408364400005,19.26198286600004,0 73.12543002600006,19.26198553000006,0 73.12569490800007,19.26198351400007,0 73.12646740400004,19.26189487400006,0 73.12767467700007,19.26174116000004,0 73.12769305300003,19.26203908800005,0 73.12769155900008,19.26219328900004,0 73.12769397300008,19.26228273600003,0 73.12772058200005,19.26240615400008,0 73.12774845400008,19.26253097100005,0 73.12785700000006,19.26253800000006,0 73.12795600000004,19.26256800000004,0 73.12790600000005,19.26274700000005,0 73.12798423200007,19.26278007100007,0 73.12782150000004,19.26295150000004,0 73.12776800000006,19.26305400000007,0 73.12774020000006,19.26318499900003,0 73.12791935400008,19.26322867000005,0 73.12809000000004,19.26328500000005,0 73.12819931300004,19.26330336900003,0 73.12838291700007,19.26337006100005,0 73.12850300000008,19.26336100000003,0 73.12862500000006,19.26295050100003,0 73.12851280000007,19.26278740100003,0 73.12868920100004,19.26266743800005,0 73.12890433300004,19.26269856200003,0 73.12900175900006,19.26263483200006,0 73.12913817300006,19.26274242200003,0 73.12917349300005,19.26284366400006,0 73.12921546100006,19.26296666800005,0 73.12927607100005,19.26303748700008,0 73.12938848000005,19.26316735000006,0 73.12952314200004,19.26332504800007,0 73.12960730800006,19.26342273200004,0 
						</coordinates>
					</LinearRing>
				</outerBoundaryIs>
			</Polygon>
		</Placemark>
	</Document>
	<Document>
		<name>Ward no.2 kml</name>
		<StyleMap id="m_ylw-pushpin0">
			<Pair>
				<key>normal</key>
				<styleUrl>#s_ylw-pushpin0</styleUrl>
			</Pair>
			<Pair>
				<key>highlight</key>
				<styleUrl>#s_ylw-pushpin_hl0</styleUrl>
			</Pair>
		</StyleMap>
		<Style id="s_ylw-pushpin0">
			<IconStyle>
				<scale>1.1</scale>
				<Icon>
					<href>https://maps.google.com/mapfiles/kml/pushpin/ylw-pushpin.png</href>
				</Icon>
				<hotSpot x="20" y="2" xunits="pixels" yunits="pixels"/>
			</IconStyle>
			<LineStyle>
				<color>ffffff55</color>
				<width>3</width>
			</LineStyle>
			<PolyStyle>
				<fill>0</fill>
			</PolyStyle>
		</Style>
		<Style id="s_ylw-pushpin_hl0">
			<IconStyle>
				<scale>1.3</scale>
				<Icon>
					<href>https://maps.google.com/mapfiles/kml/pushpin/ylw-pushpin.png</href>
				</Icon>
				<hotSpot x="20" y="2" xunits="pixels" yunits="pixels"/>
			</IconStyle>
			<LineStyle>
				<color>ffffff55</color>
				<width>3</width>
			</LineStyle>
			<PolyStyle>
				<fill>0</fill>
			</PolyStyle>
		</Style>
		<Placemark>
			<name>Ward no.2 kml</name>
			<styleUrl>#m_ylw-pushpin0</styleUrl>
			<Polygon>
				<tessellate>1</tessellate>
				<outerBoundaryIs>
					<LinearRing>
						<coordinates>
							73.13595412500007,19.26295030500006,0 73.13856010100005,19.26491607600008,0 73.13926900000007,19.26545200000004,0 73.13934891200006,19.26738744800002,0 73.13908089100005,19.26746997000004,0 73.13874405600006,19.26772964700007,0 73.13769758800004,19.26868606600004,0 73.13734001000006,19.26940212200003,0 73.13686334500005,19.27035587900002,0 73.13526494300004,19.27395222300004,0 73.13431191600006,19.27605821800006,0 73.13368633600004,19.27718896900007,0 73.13343792300003,19.27635801000002,0 73.13312471300003,19.27357329500006,0 73.13268846800008,19.27271401400003,0 73.13259195900008,19.27241681500004,0 73.13230659100003,19.27148585000003,0 73.13150426900006,19.26968312600008,0 73.13059423100003,19.26791757400002,0 73.13094131000008,19.26749713200007,0 73.13129361400007,19.26708611000004,0 73.13127690100004,19.26697665400008,0 73.13110885300006,19.26651142200007,0 73.13106865100008,19.26639710500007,0 73.13101910600005,19.26626197800005,0 73.13097249200007,19.26613111400008,0 73.13093474800007,19.26603069000004,0 73.13075533700004,19.26549955200005,0 73.13066469800003,19.26523438100003,0 73.13061719600006,19.26509312400003,0 73.13057052400006,19.26495435700002,0 73.13044353100008,19.26458360500004,0 73.13038152000007,19.26440088700002,0 73.13034633200004,19.26429697100002,0 73.13030916000008,19.26418744700004,0 73.13026174500004,19.26412459700003,0 73.13010510100008,19.26391942000004,0 73.13003310600004,19.26382252500002,0 73.12992559700007,19.26372946800007,0 73.12983359800006,19.26364648300006,0 73.12973683500007,19.26356476500007,0 73.12960730800006,19.26342273200004,0 73.12952314200004,19.26332504800007,0 73.12938848000005,19.26316735000006,0 73.12927607100005,19.26303748700008,0 73.12921546100006,19.26296666800005,0 73.12917349300005,19.26284366400006,0 73.12913817300006,19.26274242200003,0 73.12900175900006,19.26263483200006,0 73.12890433300004,19.26269856200003,0 73.12868920100004,19.26266743800005,0 73.12851280000007,19.26278740100003,0 73.12862500000006,19.26295050100003,0 73.12850300000008,19.26336100000003,0 73.12838291700007,19.26337006100005,0 73.12819931300004,19.26330336900003,0 73.12809000000004,19.26328500000005,0 73.12791935400008,19.26322867000005,0 73.12774020000006,19.26318499900003,0 73.12776800000006,19.26305400000007,0 73.12782150000004,19.26295150000004,0 73.12798423200007,19.26278007100007,0 73.12790600000005,19.26274700000005,0 73.12795600000004,19.26256800000004,0 73.12785700000006,19.26253800000006,0 73.12774845400008,19.26253097100005,0 73.12772058200005,19.26240615400008,0 73.12769397300008,19.26228273600003,0 73.12769155900008,19.26219328900004,0 73.12769305300003,19.26203908800005,0 73.12767467700007,19.26174116000004,0 73.12646740400004,19.26189487400006,0 73.12569490800007,19.26198351400007,0 73.12543002600006,19.26198553000006,0 73.12408364400005,19.26198286600004,0 73.12409983100008,19.26150241600004,0 73.12411662200003,19.26127050100007,0 73.12486924800004,19.26104902200007,0 73.12482613000003,19.26074717800003,0 73.12476215600003,19.26032886900003,0 73.12473447600007,19.25994507500008,0 73.12516061600007,19.25986404700007,0 73.12555817800006,19.25978819600005,0 73.12569933700007,19.26025063100008,0 73.12577861800008,19.26055461800007,0 73.12583881400008,19.26077442000008,0 73.12654121900005,19.26152268500005,0 73.12661396300007,19.26117101300002,0 73.12654476300008,19.26081865400005,0 73.12647611800008,19.26047462000003,0 73.12629428100007,19.25945925700006,0 73.12675067200007,19.25953572400005,0 73.12694168000007,19.25986049200003,0 73.12765189000004,19.25977443800002,0 73.12808721300007,19.25957636400005,0 73.12802239700005,19.25937268500007,0 73.12798655900008,19.25923365300002,0 73.12836870400008,19.25916382500003,0 73.12849926600006,19.25913860600002,0 73.12893256700005,19.25905652800003,0 73.12912160900004,19.25901916800007,0 73.12931436200006,19.25898214000006,0 73.12955032300005,19.25893443100006,0 73.12976900000007,19.25864400100005,0 73.13003400100007,19.25867450000004,0 73.13011827700007,19.25782838200007,0 73.13062200000007,19.25822600000004,0 73.13092800000004,19.25844800000004,0 73.13105600000006,19.25846400000006,0 73.13118633100004,19.25866976900005,0 73.13187700000003,19.25902600000006,0 73.13240300000007,19.25920300000007,0 73.13274731700005,19.25956343000007,0 73.13288173000007,19.25969781200007,0 73.13322400000004,19.26002800000003,0 73.13396900000004,19.26083900000003,0 73.13404067100004,19.26092625800004,0 73.13455617000005,19.26148586100004,0 73.13595412500007,19.26295030500006,0 
						</coordinates>
					</LinearRing>
				</outerBoundaryIs>
			</Polygon>
		</Placemark>
	</Document>
	<Document>
		<name>Ward no.3 kml</name>
		<StyleMap id="m_ylw-pushpin1">
			<Pair>
				<key>normal</key>
				<styleUrl>#s_ylw-pushpin1</styleUrl>
			</Pair>
			<Pair>
				<key>highlight</key>
				<styleUrl>#s_ylw-pushpin_hl1</styleUrl>
			</Pair>
		</StyleMap>
		<Style id="s_ylw-pushpin1">
			<IconStyle>
				<scale>1.1</scale>
				<Icon>
					<href>https://maps.google.com/mapfiles/kml/pushpin/ylw-pushpin.png</href>
				</Icon>
				<hotSpot x="20" y="2" xunits="pixels" yunits="pixels"/>
			</IconStyle>
			<LineStyle>
				<color>ffffff55</color>
				<width>3</width>
			</LineStyle>
			<PolyStyle>
				<fill>0</fill>
			</PolyStyle>
		</Style>
		<Style id="s_ylw-pushpin_hl1">
			<IconStyle>
				<scale>1.3</scale>
				<Icon>
					<href>https://maps.google.com/mapfiles/kml/pushpin/ylw-pushpin.png</href>
				</Icon>
				<hotSpot x="20" y="2" xunits="pixels" yunits="pixels"/>
			</IconStyle>
			<LineStyle>
				<color>ffffff55</color>
				<width>3</width>
			</LineStyle>
			<PolyStyle>
				<fill>0</fill>
			</PolyStyle>
		</Style>
		<Placemark>
			<name>Ward no.3 kml</name>
			<styleUrl>#m_ylw-pushpin1</styleUrl>
			<Polygon>
				<tessellate>1</tessellate>
				<outerBoundaryIs>
					<LinearRing>
						<coordinates>
							73.14017103800006,19.26150521000005,0 73.14009960000004,19.26198260900003,0 73.14003994100005,19.26242342100005,0 73.13999832900004,19.26267119300007,0 73.14000839600004,19.26274806800006,0 73.14000837200007,19.26321671200003,0 73.14006224000008,19.26710634600005,0 73.14006900000004,19.26719200000002,0 73.13934891200006,19.26738744800002,0 73.13926900000007,19.26545200000004,0 73.13856010100005,19.26491607600008,0 73.13595412500007,19.26295030500006,0 73.13455617000005,19.26148586100004,0 73.13404067100004,19.26092625800004,0 73.13396900000004,19.26083900000003,0 73.13322400000004,19.26002800000003,0 73.13288173000007,19.25969781200007,0 73.13274731700005,19.25956343000007,0 73.13240300000007,19.25920300000007,0 73.13187700000003,19.25902600000006,0 73.13118633100004,19.25866976900005,0 73.13105600000006,19.25846400000006,0 73.13092800000004,19.25844800000004,0 73.13062200000007,19.25822600000004,0 73.13011827700007,19.25782838200007,0 73.13020600400006,19.25718272800003,0 73.13082667100008,19.25729501200004,0 73.13177079700006,19.25747091100004,0 73.13188536700005,19.25761806400004,0 73.13222450700005,19.25809659300006,0 73.13230449000008,19.25805182000005,0 73.13219118300003,19.25778101000003,0 73.13206878100004,19.25749372000007,0 73.13198657200007,19.25728115400005,0 73.13190294500004,19.25703732100004,0 73.13183843700006,19.25687015000005,0 73.13188908800004,19.25616957200003,0 73.13205051700004,19.25506990300005,0 73.13202563600004,19.25458620000006,0 73.13201582200003,19.25434689000002,0 73.13201042700007,19.25423415800003,0 73.13200667300003,19.25413278400004,0 73.13217935000006,19.25410635100008,0 73.13226835000006,19.25414135000005,0 73.13235790000004,19.25413556700005,0 73.13250000000005,19.25411100000002,0 73.13264825800007,19.25414452400003,0 73.13277800000003,19.25427300000007,0 73.13317150100005,19.25431100000003,0 73.13339500000006,19.25434100000007,0 73.13338682000006,19.25463004200003,0 73.13336091800005,19.25538122900002,0 73.13345385100007,19.25539469900008,0 73.13354221600008,19.25540732900004,0 73.13364721500005,19.25542377300008,0 73.13381900000007,19.25545000000005,0 73.13405103300005,19.25545690500007,0 73.13418400000006,19.25546000000003,0 73.13429701900003,19.25548291700005,0 73.13445731700006,19.25551624000008,0 73.13472600000006,19.25558700000005,0 73.13488133400006,19.25559700000002,0 73.13499399300008,19.25559641500007,0 73.13509225000007,19.25559423200008,0 73.13526673600006,19.25558752800004,0 73.13547606200007,19.25557186200007,0 73.13565500000004,19.25556550000005,0 73.13576128900007,19.25550378400004,0 73.13599816700008,19.25579283300004,0 73.13598400000006,19.25590000100004,0 73.13607767100007,19.25604817700003,0 73.13621814200008,19.25628200200003,0 73.13632445400003,19.25646275500003,0 73.13648000000006,19.25672200000003,0 73.13671600000004,19.25741500000004,0 73.13656164900004,19.25748714200006,0 73.13667090500007,19.25781526600002,0 73.13680517400007,19.25811491900004,0 73.13701071300005,19.25855182000004,0 73.13749748100008,19.25961156500006,0 73.13779796900008,19.26026684500005,0 73.13789841900007,19.26050397600005,0 73.13815400000004,19.26116800000006,0 73.13935500000008,19.26104600000002,0 73.13951600000007,19.26138100000003,0 73.14018105600007,19.26138385300004,0 73.14017103800006,19.26150521000005,0 
						</coordinates>
					</LinearRing>
				</outerBoundaryIs>
			</Polygon>
		</Placemark>
	</Document>
	<Document>
		<name>Ward no.4 kml</name>
		<StyleMap id="m_ylw-pushpin2">
			<Pair>
				<key>normal</key>
				<styleUrl>#s_ylw-pushpin2</styleUrl>
			</Pair>
			<Pair>
				<key>highlight</key>
				<styleUrl>#s_ylw-pushpin_hl2</styleUrl>
			</Pair>
		</StyleMap>
		<Style id="s_ylw-pushpin2">
			<IconStyle>
				<scale>1.1</scale>
				<Icon>
					<href>https://maps.google.com/mapfiles/kml/pushpin/ylw-pushpin.png</href>
				</Icon>
				<hotSpot x="20" y="2" xunits="pixels" yunits="pixels"/>
			</IconStyle>
			<LineStyle>
				<color>ffffff55</color>
				<width>3</width>
			</LineStyle>
			<PolyStyle>
				<fill>0</fill>
			</PolyStyle>
		</Style>
		<Style id="s_ylw-pushpin_hl2">
			<IconStyle>
				<scale>1.3</scale>
				<Icon>
					<href>https://maps.google.com/mapfiles/kml/pushpin/ylw-pushpin.png</href>
				</Icon>
				<hotSpot x="20" y="2" xunits="pixels" yunits="pixels"/>
			</IconStyle>
			<LineStyle>
				<color>ffffff55</color>
				<width>3</width>
			</LineStyle>
			<PolyStyle>
				<fill>0</fill>
			</PolyStyle>
		</Style>
		<Placemark>
			<name>Ward no.4 kml</name>
			<styleUrl>#m_ylw-pushpin2</styleUrl>
			<Polygon>
				<tessellate>1</tessellate>
				<outerBoundaryIs>
					<LinearRing>
						<coordinates>
							73.15050197800008,19.26852598100004,0 73.14898010100006,19.26722429000006,0 73.14505409900005,19.26664060300004,0 73.14374052600004,19.26658357700006,0 73.14244242200004,19.26653292100008,0 73.14150915900007,19.26655283200006,0 73.14006224000008,19.26710634600005,0 73.14000837200007,19.26321671200003,0 73.14000839600004,19.26274806800006,0 73.13999832900004,19.26267119300007,0 73.14003994100005,19.26242342100005,0 73.14009960000004,19.26198260900003,0 73.14017103800006,19.26150521000005,0 73.14018105600007,19.26138385300004,0 73.13951600000007,19.26138100000003,0 73.13935500000008,19.26104600000002,0 73.13815400000004,19.26116800000006,0 73.13789841900007,19.26050397600005,0 73.13779796900008,19.26026684500005,0 73.13749748100008,19.25961156500006,0 73.13701071300005,19.25855182000004,0 73.13680517400007,19.25811491900004,0 73.13667090500007,19.25781526600002,0 73.13656164900004,19.25748714200006,0 73.13671600000004,19.25741500000004,0 73.13703351400005,19.25736002800005,0 73.13752949400003,19.25725532000007,0 73.13776569700008,19.25720745700005,0 73.13787720200008,19.25718113200003,0 73.13824100000005,19.25710000000004,0 73.13860245100005,19.25703822000003,0 73.13869025200006,19.25702105400006,0 73.13930700000003,19.25688900000006,0 73.13945714900007,19.25671832800003,0 73.13951603200007,19.25666381000008,0 73.13968900000003,19.25658750100007,0 73.14007694200006,19.25658452800008,0 73.14034199100007,19.25657918100006,0 73.14073704000003,19.25657592000005,0 73.14152205000005,19.25667188400007,0 73.14243091500003,19.25662680700003,0 73.14294384900006,19.25698296500008,0 73.14316354700003,19.25712769000006,0 73.14345764600006,19.25731406700004,0 73.14355600000005,19.25740500000006,0 73.14352900000006,19.25788100000005,0 73.14369500000004,19.25813700000003,0 73.14392833300008,19.25837000000007,0 73.14416989900008,19.25820557100008,0 73.14444978200004,19.25855874600006,0 73.14446854300007,19.25879621600006,0 73.14460200300005,19.25889124200006,0 73.14486783500007,19.25911328500007,0 73.14507351700007,19.25942232700004,0 73.14518447100005,19.25948973500005,0 73.14546379800004,19.25953003400002,0 73.14572369600006,19.25944345500005,0 73.14607100000006,19.25930700000004,0 73.14582200000007,19.25882300000006,0 73.14583000000005,19.25853950000004,0 73.14604700000007,19.25829900000002,0 73.14609000000007,19.25836500000003,0 73.14620634200008,19.25843750300004,0 73.14633085900005,19.25851629600004,0 73.14652700000005,19.25863600000002,0 73.14687300000008,19.25865100000004,0 73.14702759200003,19.25871498400005,0 73.14728900000006,19.25882800000005,0 73.14761794400005,19.25874450800006,0 73.14769900200008,19.25872682500005,0 73.14794179000006,19.25868054200004,0 73.14798144800005,19.25897606600006,0 73.14823423300004,19.25950648300005,0 73.14838987500008,19.25984063400006,0 73.14850649500005,19.26009719900003,0 73.14864075200006,19.26037803100007,0 73.14897817500008,19.26101891800005,0 73.15022322900006,19.26162287000005,0 73.15030194100007,19.26164486900007,0 73.15087566100004,19.26171641200006,0 73.15158270900008,19.26218127200008,0 73.15231075300005,19.26265992800006,0 73.15273743800003,19.26284950000007,0 73.15440453000008,19.26410270100007,0 73.15500665000008,19.26468263200007,0 73.15478500800003,19.26492823600006,0 73.15050197800008,19.26852598100004,0 
						</coordinates>
					</LinearRing>
				</outerBoundaryIs>
			</Polygon>
		</Placemark>
	</Document>
	<Document>
		<name>Ward no.5 kml</name>
		<StyleMap id="m_ylw-pushpin3">
			<Pair>
				<key>normal</key>
				<styleUrl>#s_ylw-pushpin3</styleUrl>
			</Pair>
			<Pair>
				<key>highlight</key>
				<styleUrl>#s_ylw-pushpin_hl3</styleUrl>
			</Pair>
		</StyleMap>
		<Style id="s_ylw-pushpin3">
			<IconStyle>
				<scale>1.1</scale>
				<Icon>
					<href>https://maps.google.com/mapfiles/kml/pushpin/ylw-pushpin.png</href>
				</Icon>
				<hotSpot x="20" y="2" xunits="pixels" yunits="pixels"/>
			</IconStyle>
			<LineStyle>
				<color>ffffff55</color>
				<width>3</width>
			</LineStyle>
			<PolyStyle>
				<fill>0</fill>
			</PolyStyle>
		</Style>
		<Style id="s_ylw-pushpin_hl3">
			<IconStyle>
				<scale>1.3</scale>
				<Icon>
					<href>https://maps.google.com/mapfiles/kml/pushpin/ylw-pushpin.png</href>
				</Icon>
				<hotSpot x="20" y="2" xunits="pixels" yunits="pixels"/>
			</IconStyle>
			<LineStyle>
				<color>ffffff55</color>
				<width>3</width>
			</LineStyle>
			<PolyStyle>
				<fill>0</fill>
			</PolyStyle>
		</Style>
		<Placemark>
			<name>Ward no.5 kml</name>
			<styleUrl>#m_ylw-pushpin3</styleUrl>
			<Polygon>
				<tessellate>1</tessellate>
				<outerBoundaryIs>
					<LinearRing>
						<coordinates>
							73.15763892100006,19.25923536400006,0 73.15790308000004,19.25964680300007,0 73.15689796900006,19.26258684600003,0 73.15500665000008,19.26468263200007,0 73.15440453000008,19.26410270100007,0 73.15273743800003,19.26284950000007,0 73.15231075300005,19.26265992800006,0 73.15158270900008,19.26218127200008,0 73.15087566100004,19.26171641200006,0 73.15030194100007,19.26164486900007,0 73.15022322900006,19.26162287000005,0 73.14897817500008,19.26101891800005,0 73.14864075200006,19.26037803100007,0 73.14850649500005,19.26009719900003,0 73.14838987500008,19.25984063400006,0 73.14823423300004,19.25950648300005,0 73.14798144800005,19.25897606600006,0 73.14794179000006,19.25868054200004,0 73.14769900200008,19.25872682500005,0 73.14761794400005,19.25874450800006,0 73.14728900000006,19.25882800000005,0 73.14702759200003,19.25871498400005,0 73.14687300000008,19.25865100000004,0 73.14652700000005,19.25863600000002,0 73.14633085900005,19.25851629600004,0 73.14620634200008,19.25843750300004,0 73.14609000000007,19.25836500000003,0 73.14604700000007,19.25829900000002,0 73.14583000000005,19.25853950000004,0 73.14582200000007,19.25882300000006,0 73.14607100000006,19.25930700000004,0 73.14572369600006,19.25944345500005,0 73.14546379800004,19.25953003400002,0 73.14518447100005,19.25948973500005,0 73.14507351700007,19.25942232700004,0 73.14486783500007,19.25911328500007,0 73.14502394300007,19.25888157300005,0 73.14517203800006,19.25866440800007,0 73.14527138300008,19.25796553100003,0 73.14530172400003,19.25788278900006,0 73.14516594700007,19.25740578000006,0 73.14509562500007,19.25731656100004,0 73.14479700000004,19.25696000000005,0 73.14442500000007,19.25669600000003,0 73.14445700000005,19.25660500000004,0 73.14473933400006,19.25660666700003,0 73.14489100000003,19.25644800000003,0 73.14510600000006,19.25596200000007,0 73.14505200000008,19.25580000000002,0 73.14492300000006,19.25573400000008,0 73.14496100000008,19.25548600000008,0 73.14505655100004,19.25533058200006,0 73.14512155500006,19.25519926200008,0 73.14521105600005,19.25518615100003,0 73.14546710000008,19.25428811500007,0 73.14547785600007,19.25374773700003,0 73.14462515700006,19.25372371900005,0 73.14470829200008,19.25330761100003,0 73.14507069600006,19.25341179600002,0 73.14529785200006,19.25281892800007,0 73.14583910500005,19.25265035900003,0 73.14570249100007,19.25231073700007,0 73.14552632200008,19.25236334800007,0 73.14557180000008,19.25220326800007,0 73.14560913000008,19.25209055000005,0 73.14623263600004,19.25143732900006,0 73.14654533500004,19.25110651000006,0 73.14677515500006,19.25092895400007,0 73.14709717100004,19.25053662800008,0 73.14716605600006,19.25033949800007,0 73.14735997000008,19.25021180700003,0 73.14783894800007,19.24984759700004,0 73.14813481600004,19.24959425700007,0 73.14835485300006,19.24953964800005,0 73.14865552700007,19.24932176900006,0 73.14925608200008,19.24889851300003,0 73.14925766500005,19.24984859300002,0 73.14925712700006,19.25028401400004,0 73.14930396400007,19.25051964400007,0 73.14958622500006,19.25090391600003,0 73.14977537200008,19.25139324700007,0 73.15016129000003,19.25087303500004,0 73.15063175800003,19.25095838400006,0 73.15197425400004,19.25118449800004,0 73.15230041900008,19.25040033700003,0 73.15212357100006,19.24995226800007,0 73.15252323700008,19.24975966600005,0 73.15262677400005,19.25002816000006,0 73.15286189600005,19.24989341900005,0 73.15306055300005,19.24977957600004,0 73.15288661300008,19.24904762300002,0 73.15283727600007,19.24879392800006,0 73.15282072600007,19.24869938900002,0 73.15396083500008,19.24826169900007,0 73.15424336600006,19.24817822100005,0 73.15450078000003,19.24809737800007,0 73.15463028900007,19.24841452800007,0 73.15490096700006,19.24877933800008,0 73.15535831000005,19.24941962600008,0 73.15604687900003,19.25043427400004,0 73.15624220900008,19.25102738400005,0 73.15617300000008,19.25146000000007,0 73.15610800000007,19.25331300000005,0 73.15598136700004,19.25376653900003,0 73.15574378600007,19.25507607000003,0 73.15636620400005,19.25714021000005,0 73.15722496000006,19.25859059500004,0 73.15763892100006,19.25923536400006,0 
						</coordinates>
					</LinearRing>
				</outerBoundaryIs>
			</Polygon>
		</Placemark>
	</Document>
	<Document>
		<name>Ward no.6 kml</name>
		<StyleMap id="m_ylw-pushpin4">
			<Pair>
				<key>normal</key>
				<styleUrl>#s_ylw-pushpin4</styleUrl>
			</Pair>
			<Pair>
				<key>highlight</key>
				<styleUrl>#s_ylw-pushpin_hl4</styleUrl>
			</Pair>
		</StyleMap>
		<Style id="s_ylw-pushpin4">
			<IconStyle>
				<scale>1.1</scale>
				<Icon>
					<href>https://maps.google.com/mapfiles/kml/pushpin/ylw-pushpin.png</href>
				</Icon>
				<hotSpot x="20" y="2" xunits="pixels" yunits="pixels"/>
			</IconStyle>
			<LineStyle>
				<color>ffffff55</color>
				<width>3</width>
			</LineStyle>
			<PolyStyle>
				<fill>0</fill>
			</PolyStyle>
		</Style>
		<Style id="s_ylw-pushpin_hl4">
			<IconStyle>
				<scale>1.3</scale>
				<Icon>
					<href>https://maps.google.com/mapfiles/kml/pushpin/ylw-pushpin.png</href>
				</Icon>
				<hotSpot x="20" y="2" xunits="pixels" yunits="pixels"/>
			</IconStyle>
			<LineStyle>
				<color>ffffff55</color>
				<width>3</width>
			</LineStyle>
			<PolyStyle>
				<fill>0</fill>
			</PolyStyle>
		</Style>
		<Placemark>
			<name>Ward no.6 kml</name>
			<styleUrl>#m_ylw-pushpin4</styleUrl>
			<Polygon>
				<tessellate>1</tessellate>
				<outerBoundaryIs>
					<LinearRing>
						<coordinates>
							73.17008591300004,19.27318094300006,0 73.16965923300006,19.27309019900002,0 73.16857500000003,19.27291100000002,0 73.16681300000005,19.27276200000006,0 73.16619702700007,19.27267657000004,0 73.16526364300006,19.27255106500007,0 73.16127297700007,19.27210933700007,0 73.15936600400005,19.27203811400005,0 73.15562535200007,19.27125336100005,0 73.15339316300003,19.27048569400006,0 73.15087334400005,19.26896912600006,0 73.15050197800008,19.26852598100004,0 73.15478500800003,19.26492823600006,0 73.15500665000008,19.26468263200007,0 73.15689796900006,19.26258684600003,0 73.15790308000004,19.25964680300007,0 73.16044812500007,19.25840494400006,0 73.16207296400006,19.25735526900007,0 73.16380911400006,19.25623368600003,0 73.16417390000004,19.25657960000007,0 73.16450450100007,19.25699700000007,0 73.16476733400003,19.25736305200007,0 73.16552898900005,19.25845988600003,0 73.16568352900003,19.25867026000003,0 73.16585436800005,19.25892345800003,0 73.16610708100006,19.25928553400007,0 73.16632777200005,19.25960779300004,0 73.16714900000005,19.26077186700007,0 73.16860860700007,19.26268368000007,0 73.16911090000008,19.26333520000003,0 73.16983375000007,19.26436135200004,0 73.16997709000003,19.26456006400002,0 73.17009879700004,19.26472775200006,0 73.17035099800006,19.26508846000007,0 73.17085126700005,19.26579400000003,0 73.17097113000005,19.26596401000006,0 73.17088269900006,19.26601718700005,0 73.17117654700007,19.26671118500008,0 73.17142633200007,19.26728843100005,0 73.17060943200005,19.26768320000002,0 73.17003456200007,19.26843605100004,0 73.17014257700004,19.26976793100005,0 73.17022684100004,19.26976298800003,0 73.17026500000003,19.26995400000004,0 73.17032900000004,19.27001500000006,0 73.17031630900004,19.27013070500004,0 73.17024850000007,19.27036150000004,0 73.17018400000006,19.27056200000004,0 73.17012000000005,19.27071900000004,0 73.17001800000008,19.27070300000003,0 73.16988150000003,19.27093650000006,0 73.16983118800005,19.27116830800003,0 73.17033300000008,19.27125900000004,0 73.17033700000007,19.27136800000005,0 73.17044605200005,19.27135585100007,0 73.17068620000003,19.27137660000005,0 73.17064987100008,19.27160356100006,0 73.17059275300005,19.27176074200003,0 73.17035115100003,19.27175832300003,0 73.17008591300004,19.27318094300006,0 
						</coordinates>
					</LinearRing>
				</outerBoundaryIs>
			</Polygon>
		</Placemark>
	</Document>
	<Document>
		<name>Ward no.7 kml</name>
		<StyleMap id="m_ylw-pushpin5">
			<Pair>
				<key>normal</key>
				<styleUrl>#s_ylw-pushpin5</styleUrl>
			</Pair>
			<Pair>
				<key>highlight</key>
				<styleUrl>#s_ylw-pushpin_hl5</styleUrl>
			</Pair>
		</StyleMap>
		<Style id="s_ylw-pushpin5">
			<IconStyle>
				<scale>1.1</scale>
				<Icon>
					<href>https://maps.google.com/mapfiles/kml/pushpin/ylw-pushpin.png</href>
				</Icon>
				<hotSpot x="20" y="2" xunits="pixels" yunits="pixels"/>
			</IconStyle>
			<LineStyle>
				<color>ffffff55</color>
				<width>3</width>
			</LineStyle>
			<PolyStyle>
				<fill>0</fill>
			</PolyStyle>
		</Style>
		<Style id="s_ylw-pushpin_hl5">
			<IconStyle>
				<scale>1.3</scale>
				<Icon>
					<href>https://maps.google.com/mapfiles/kml/pushpin/ylw-pushpin.png</href>
				</Icon>
				<hotSpot x="20" y="2" xunits="pixels" yunits="pixels"/>
			</IconStyle>
			<LineStyle>
				<color>ffffff55</color>
				<width>3</width>
			</LineStyle>
			<PolyStyle>
				<fill>0</fill>
			</PolyStyle>
		</Style>
		<Placemark>
			<name>Ward no.7 kml</name>
			<styleUrl>#m_ylw-pushpin5</styleUrl>
			<Polygon>
				<tessellate>1</tessellate>
				<outerBoundaryIs>
					<LinearRing>
						<coordinates>
							73.19821940700007,19.28616367600006,0 73.19873302700006,19.28638029300004,0 73.19928760300007,19.28690621000004,0 73.19877369400007,19.28728402000007,0 73.19581073400008,19.28842328200005,0 73.19483897700007,19.28803377600008,0 73.19358273900008,19.28722118700006,0 73.19174433400008,19.28710805600002,0 73.18985570900003,19.28683398400005,0 73.18864230500003,19.28648869100005,0 73.18569705900006,19.28588605800007,0 73.18392992100007,19.28591449600003,0 73.18243610100006,19.28546345800004,0 73.18133080900003,19.28353252100004,0 73.18064598000007,19.28104666400003,0 73.17936231600004,19.27822011600006,0 73.17864482600004,19.27727084500003,0 73.17739477300006,19.27615534900008,0 73.17650492900003,19.27507972600006,0 73.17626157200004,19.27495495300008,0 73.17489200000006,19.27439200000003,0 73.17346400000008,19.27377100000007,0 73.17240500000008,19.27363500000007,0 73.17185540000008,19.27355930000005,0 73.17140500000005,19.27348370000004,0 73.17114435000008,19.27344220000003,0 73.17098600000008,19.27340200000003,0 73.17048000100004,19.27327815000007,0 73.17015530000003,19.27319570000003,0 73.17008591300004,19.27318094300006,0 73.17035115100003,19.27175832300003,0 73.17059275300005,19.27176074200003,0 73.17064987100008,19.27160356100006,0 73.17068620000003,19.27137660000005,0 73.17044605200005,19.27135585100007,0 73.17033700000007,19.27136800000005,0 73.17033300000008,19.27125900000004,0 73.16983118800005,19.27116830800003,0 73.16988150000003,19.27093650000006,0 73.17001800000008,19.27070300000003,0 73.17012000000005,19.27071900000004,0 73.17018400000006,19.27056200000004,0 73.17024850000007,19.27036150000004,0 73.17031630900004,19.27013070500004,0 73.17032900000004,19.27001500000006,0 73.17026500000003,19.26995400000004,0 73.17022684100004,19.26976298800003,0 73.17014257700004,19.26976793100005,0 73.17003456200007,19.26843605100004,0 73.17060943200005,19.26768320000002,0 73.17142633200007,19.26728843100005,0 73.17170928600007,19.26786832200003,0 73.17228296100006,19.26853238200005,0 73.17297649200003,19.26935310100004,0 73.17325273100005,19.26962690000005,0 73.17360426800008,19.26994627900007,0 73.17483784600006,19.27065464600003,0 73.17492639400007,19.27069850600003,0 73.17599724300004,19.27100507500006,0 73.17768309400003,19.27147746300005,0 73.17875018000007,19.27178839200008,0 73.17996900600008,19.27219366000003,0 73.18128267000003,19.27263265200003,0 73.18161725400006,19.27273819200008,0 73.18268245100006,19.27308055600003,0 73.18324680500007,19.27348516100005,0 73.18377803700008,19.27387123400007,0 73.18439026300007,19.27431616600006,0 73.18461249700005,19.27454188400003,0 73.18480470500003,19.27473710500004,0 73.18627507600007,19.27620789600007,0 73.18975961100006,19.27973480600002,0 73.19076302700006,19.28075620400006,0 73.19266519600006,19.28269768200005,0 73.19418218700008,19.28421426800003,0 73.19425328000005,19.28426722900002,0 73.19584610500004,19.28514279800004,0 73.19674351600008,19.28552882300005,0 73.19821940700007,19.28616367600006,0 
						</coordinates>
					</LinearRing>
				</outerBoundaryIs>
			</Polygon>
		</Placemark>
	</Document>
	<Document>
		<name>Ward no.8 kml</name>
		<StyleMap id="m_ylw-pushpin6">
			<Pair>
				<key>normal</key>
				<styleUrl>#s_ylw-pushpin6</styleUrl>
			</Pair>
			<Pair>
				<key>highlight</key>
				<styleUrl>#s_ylw-pushpin_hl6</styleUrl>
			</Pair>
		</StyleMap>
		<Style id="s_ylw-pushpin6">
			<IconStyle>
				<scale>1.1</scale>
				<Icon>
					<href>https://maps.google.com/mapfiles/kml/pushpin/ylw-pushpin.png</href>
				</Icon>
				<hotSpot x="20" y="2" xunits="pixels" yunits="pixels"/>
			</IconStyle>
			<LineStyle>
				<color>ffffff55</color>
				<width>3</width>
			</LineStyle>
			<PolyStyle>
				<fill>0</fill>
			</PolyStyle>
		</Style>
		<Style id="s_ylw-pushpin_hl6">
			<IconStyle>
				<scale>1.3</scale>
				<Icon>
					<href>https://maps.google.com/mapfiles/kml/pushpin/ylw-pushpin.png</href>
				</Icon>
				<hotSpot x="20" y="2" xunits="pixels" yunits="pixels"/>
			</IconStyle>
			<LineStyle>
				<color>ffffff55</color>
				<width>3</width>
			</LineStyle>
			<PolyStyle>
				<fill>0</fill>
			</PolyStyle>
		</Style>
		<Placemark>
			<name>Ward no.8 kml</name>
			<styleUrl>#m_ylw-pushpin6</styleUrl>
			<Polygon>
				<tessellate>1</tessellate>
				<outerBoundaryIs>
					<LinearRing>
						<coordinates>
							73.19499615800004,19.30682814600004,0 73.19392840500007,19.30727774900004,0 73.19319273700006,19.30722307900004,0 73.19255781300006,19.30679424800007,0 73.19226749500007,19.30628013700004,0 73.19182800700008,19.30591941900008,0 73.19125383200003,19.30483294800007,0 73.19052553800003,19.30203612400004,0 73.19043804300003,19.30009369600003,0 73.19040653400003,19.29967923600003,0 73.19083135200003,19.29795608000006,0 73.19103909600005,19.29698952800004,0 73.19136246000005,19.29655174800007,0 73.19160385500004,19.29628245800006,0 73.19226381200008,19.29578705000006,0 73.19312172100007,19.29560432700004,0 73.19419515400006,19.29528031800004,0 73.19556315700004,19.29449312300005,0 73.19660301100004,19.29378633200003,0 73.19734382200005,19.29280170800007,0 73.19778218700003,19.29184994800005,0 73.19791533200004,19.29071837400005,0 73.19767462700008,19.29011484500006,0 73.19581073400008,19.28842328200005,0 73.19877369400007,19.28728402000007,0 73.19928760300007,19.28690621000004,0 73.20029880900006,19.28793326700003,0 73.20056026700007,19.28831502000003,0 73.20076568100006,19.28866717700004,0 73.20110998800004,19.28926288200006,0 73.20116771200003,19.28938463400004,0 73.20134451500007,19.28996330700005,0 73.20154017100003,19.29059318000003,0 73.20167899300003,19.29107097100007,0 73.20186991600008,19.29190026500004,0 73.20192270200005,19.29212954200006,0 73.20243508000004,19.29387750800004,0 73.20260971000005,19.29447667000005,0 73.20295618900008,19.29591456600002,0 73.20303326300007,19.29622120200003,0 73.20306728200006,19.29633172100006,0 73.20309877400007,19.29643983500006,0 73.20314770400006,19.29658429700004,0 73.20326277900006,19.29692827400004,0 73.20342050500005,19.29740345100004,0 73.20347455700005,19.29755697400003,0 73.20354848200003,19.29782004500004,0 73.20369379000005,19.29809710600006,0 73.20403124900008,19.29892818200005,0 73.20408542600006,19.29905737300004,0 73.20420227600005,19.29923616900004,0 73.20447037500003,19.29952997500004,0 73.20521969500004,19.30034181600007,0 73.20542594500006,19.30053505000007,0 73.20584355100004,19.30082238800003,0 73.20663857500006,19.30128559300005,0 73.20746720700004,19.30176837500005,0 73.20590079500005,19.30356132400004,0 73.20432894700008,19.30434996300005,0 73.20307665400003,19.30474142700007,0 73.20192963400007,19.30512655400003,0 73.20004942800006,19.30564651300006,0 73.19814108800006,19.30652479600008,0 73.19726047000006,19.30648843100005,0 73.19681227900008,19.30645959500004,0 73.19499615800004,19.30682814600004,0 
						</coordinates>
					</LinearRing>
				</outerBoundaryIs>
			</Polygon>
		</Placemark>
	</Document>
	<Document>
		<name>Ward no.9 kml</name>
		<StyleMap id="m_ylw-pushpin7">
			<Pair>
				<key>normal</key>
				<styleUrl>#s_ylw-pushpin7</styleUrl>
			</Pair>
			<Pair>
				<key>highlight</key>
				<styleUrl>#s_ylw-pushpin_hl7</styleUrl>
			</Pair>
		</StyleMap>
		<Style id="s_ylw-pushpin7">
			<IconStyle>
				<scale>1.1</scale>
				<Icon>
					<href>https://maps.google.com/mapfiles/kml/pushpin/ylw-pushpin.png</href>
				</Icon>
				<hotSpot x="20" y="2" xunits="pixels" yunits="pixels"/>
			</IconStyle>
			<LineStyle>
				<color>ffffff55</color>
				<width>3</width>
			</LineStyle>
			<PolyStyle>
				<fill>0</fill>
			</PolyStyle>
		</Style>
		<Style id="s_ylw-pushpin_hl7">
			<IconStyle>
				<scale>1.3</scale>
				<Icon>
					<href>https://maps.google.com/mapfiles/kml/pushpin/ylw-pushpin.png</href>
				</Icon>
				<hotSpot x="20" y="2" xunits="pixels" yunits="pixels"/>
			</IconStyle>
			<LineStyle>
				<color>ffffff55</color>
				<width>3</width>
			</LineStyle>
			<PolyStyle>
				<fill>0</fill>
			</PolyStyle>
		</Style>
		<Placemark>
			<name>Ward no.9 kml</name>
			<styleUrl>#m_ylw-pushpin7</styleUrl>
			<Polygon>
				<tessellate>1</tessellate>
				<outerBoundaryIs>
					<LinearRing>
						<coordinates>
							73.20885900000007,19.29983300000004,0 73.20866400000006,19.30008600000002,0 73.20746720700004,19.30176837500005,0 73.20663857500006,19.30128559300005,0 73.20584355100004,19.30082238800003,0 73.20542594500006,19.30053505000007,0 73.20521969500004,19.30034181600007,0 73.20447037500003,19.29952997500004,0 73.20420227600005,19.29923616900004,0 73.20408542600006,19.29905737300004,0 73.20403124900008,19.29892818200005,0 73.20369379000005,19.29809710600006,0 73.20354848200003,19.29782004500004,0 73.20347455700005,19.29755697400003,0 73.20342050500005,19.29740345100004,0 73.20326277900006,19.29692827400004,0 73.20314770400006,19.29658429700004,0 73.20309877400007,19.29643983500006,0 73.20306728200006,19.29633172100006,0 73.20303326300007,19.29622120200003,0 73.20295618900008,19.29591456600002,0 73.20260971000005,19.29447667000005,0 73.20243508000004,19.29387750800004,0 73.20192270200005,19.29212954200006,0 73.20186991600008,19.29190026500004,0 73.20246021200006,19.29174032100008,0 73.20264745800006,19.29168898600005,0 73.20260200000007,19.29145900000003,0 73.20240900000005,19.29081100000008,0 73.20199166900005,19.29000022900004,0 73.20192348300003,19.28987020000005,0 73.20161500000006,19.28929200000005,0 73.20144106700008,19.28865163400008,0 73.20221268800003,19.28814385900006,0 73.20257579000008,19.28789521000005,0 73.20371800000004,19.28708400000005,0 73.20421123100004,19.28800588900003,0 73.20570054200005,19.29078727300004,0 73.20561773800006,19.29084453300004,0 73.20515318800005,19.29122845200004,0 73.20558406700007,19.29140240200007,0 73.20602700000006,19.29159300000003,0 73.20663600000006,19.29269400000004,0 73.20709397800005,19.29233222800008,0 73.20768448700005,19.29229804500005,0 73.20785328400007,19.29272061000006,0 73.20783585500004,19.29310802100002,0 73.20782600400008,19.29331658200005,0 73.20787797400004,19.29382262600007,0 73.20784617000004,19.29417983700006,0 73.20783466000006,19.29428914400006,0 73.20887875500006,19.29430083600005,0 73.20918415600005,19.29433771300006,0 73.21056234400004,19.29437611100008,0 73.21128089700005,19.29440008600005,0 73.21130800000003,19.29551400000003,0 73.21095695400004,19.29554919300006,0 73.21116008000007,19.29683330000006,0 73.21131678900008,19.29700693200005,0 73.21105785900005,19.29720517500005,0 73.21102728300008,19.29745090200004,0 73.21140957700004,19.29803761800002,0 73.21152800000004,19.29823300000004,0 73.21178415900005,19.29828061700005,0 73.21144522800006,19.29940837000004,0 73.21002800000008,19.29920000000004,0 73.20885900000007,19.29983300000004,0 
						</coordinates>
					</LinearRing>
				</outerBoundaryIs>
			</Polygon>
		</Placemark>
	</Document>
	<Document>
		<name>Ward no.10 kml</name>
		<StyleMap id="m_ylw-pushpin8">
			<Pair>
				<key>normal</key>
				<styleUrl>#s_ylw-pushpin8</styleUrl>
			</Pair>
			<Pair>
				<key>highlight</key>
				<styleUrl>#s_ylw-pushpin_hl8</styleUrl>
			</Pair>
		</StyleMap>
		<Style id="s_ylw-pushpin8">
			<IconStyle>
				<scale>1.1</scale>
				<Icon>
					<href>https://maps.google.com/mapfiles/kml/pushpin/ylw-pushpin.png</href>
				</Icon>
				<hotSpot x="20" y="2" xunits="pixels" yunits="pixels"/>
			</IconStyle>
			<LineStyle>
				<color>ffffff55</color>
				<width>3</width>
			</LineStyle>
			<PolyStyle>
				<fill>0</fill>
			</PolyStyle>
		</Style>
		<Style id="s_ylw-pushpin_hl8">
			<IconStyle>
				<scale>1.3</scale>
				<Icon>
					<href>https://maps.google.com/mapfiles/kml/pushpin/ylw-pushpin.png</href>
				</Icon>
				<hotSpot x="20" y="2" xunits="pixels" yunits="pixels"/>
			</IconStyle>
			<LineStyle>
				<color>ffffff55</color>
				<width>3</width>
			</LineStyle>
			<PolyStyle>
				<fill>0</fill>
			</PolyStyle>
		</Style>
		<Placemark>
			<name>Ward no.10 kml</name>
			<styleUrl>#m_ylw-pushpin8</styleUrl>
			<Polygon>
				<tessellate>1</tessellate>
				<outerBoundaryIs>
					<LinearRing>
						<coordinates>
							73.24759160000008,19.29342169300003,0 73.24780751500003,19.29699874000005,0 73.24427076500007,19.30036296800006,0 73.24277541600003,19.30223830900007,0 73.24063997300004,19.30387353200007,0 73.23715095400007,19.30537607000002,0 73.23590006300003,19.30593319900004,0 73.23479767100008,19.30653740600008,0 73.23376710500008,19.30715095800002,0 73.23294627100006,19.30761860300004,0 73.23257721000004,19.30786322400007,0 73.23213505300004,19.30840961200005,0 73.23169452700006,19.30872712800004,0 73.23089355800005,19.30899434300005,0 73.22980069800008,19.30956296700003,0 73.22828979300004,19.30996732000006,0 73.22680101900005,19.31019681100003,0 73.22504634000006,19.31013838700005,0 73.22414577400008,19.30983206100007,0 73.22302562000004,19.30923361700008,0 73.22269401600005,19.30676402300003,0 73.22175365000004,19.30483830900005,0 73.22055839200004,19.30411608900005,0 73.21998160900006,19.30383010900005,0 73.21868412500004,19.30287711600005,0 73.21624019700005,19.30131234700008,0 73.21593672200004,19.30111955400002,0 73.21324775500005,19.29970818400005,0 73.21144522800006,19.29940837000004,0 73.21178415900005,19.29828061700005,0 73.21152800000004,19.29823300000004,0 73.21140957700004,19.29803761800002,0 73.21102728300008,19.29745090200004,0 73.21105785900005,19.29720517500005,0 73.21131678900008,19.29700693200005,0 73.21116008000007,19.29683330000006,0 73.21095695400004,19.29554919300006,0 73.21130800000003,19.29551400000003,0 73.21128089700005,19.29440008600005,0 73.21056234400004,19.29437611100008,0 73.20918415600005,19.29433771300006,0 73.20887875500006,19.29430083600005,0 73.20783466000006,19.29428914400006,0 73.20784617000004,19.29417983700006,0 73.20787797400004,19.29382262600007,0 73.20782600400008,19.29331658200005,0 73.20783585500004,19.29310802100002,0 73.20785328400007,19.29272061000006,0 73.20768448700005,19.29229804500005,0 73.20709397800005,19.29233222800008,0 73.20663600000006,19.29269400000004,0 73.20602700000006,19.29159300000003,0 73.20558406700007,19.29140240200007,0 73.20515318800005,19.29122845200004,0 73.20561773800006,19.29084453300004,0 73.20570054200005,19.29078727300004,0 73.20593334000006,19.29067051300007,0 73.20616529000006,19.29054502700006,0 73.20627712300006,19.29047812400006,0 73.20657344400007,19.29032063600005,0 73.20728757800003,19.28996310500003,0 73.20788000000005,19.28966700000007,0 73.20806125900003,19.28924768300004,0 73.20850204000004,19.28826885600006,0 73.20882700000004,19.28750600000006,0 73.20906416700007,19.28720400700007,0 73.20925458800008,19.28696860000002,0 73.20933234100005,19.28685010000004,0 73.20950879200007,19.28649364000006,0 73.20975216500005,19.28601828100005,0 73.20986979300005,19.28574608700006,0 73.20994256800003,19.28561489700007,0 73.20991370400003,19.28522521600007,0 73.21016662900007,19.28497989400006,0 73.21049817900007,19.28467487000006,0 73.21056291100007,19.28440825600006,0 73.21052172100008,19.28414492600007,0 73.21047988300006,19.28394134700005,0 73.21041196500005,19.28382117000007,0 73.21036266500005,19.28372507800003,0 73.21036422300006,19.28358167800008,0 73.21033451500006,19.28342004700005,0 73.21026043600006,19.28328785800005,0 73.21019887600005,19.28316176800007,0 73.21016903800006,19.28301208600004,0 73.21011409600004,19.28285618200005,0 73.21015396800004,19.28271548700008,0 73.21186784500003,19.28373464100002,0 73.21498602700007,19.28520296000005,0 73.21716103800003,19.28515847900007,0 73.21833923300005,19.28755141100004,0 73.22061154300008,19.28583015000004,0 73.22848636800006,19.28372884900006,0 73.23428760900003,19.28336920900006,0 73.23633989900003,19.28380871100006,0 73.23858128900008,19.28439680900004,0 73.24123103800008,19.28622094000008,0 73.24311041600004,19.28758736100008,0 73.24453679300007,19.28848660800003,0 73.24582474500005,19.28945557400004,0 73.24759160000008,19.29342169300003,0 
						</coordinates>
					</LinearRing>
				</outerBoundaryIs>
			</Polygon>
		</Placemark>
	</Document>
	<Document>
		<name>Ward no.11 kml</name>
		<StyleMap id="m_ylw-pushpin9">
			<Pair>
				<key>normal</key>
				<styleUrl>#s_ylw-pushpin9</styleUrl>
			</Pair>
			<Pair>
				<key>highlight</key>
				<styleUrl>#s_ylw-pushpin_hl9</styleUrl>
			</Pair>
		</StyleMap>
		<Style id="s_ylw-pushpin9">
			<IconStyle>
				<scale>1.1</scale>
				<Icon>
					<href>https://maps.google.com/mapfiles/kml/pushpin/ylw-pushpin.png</href>
				</Icon>
				<hotSpot x="20" y="2" xunits="pixels" yunits="pixels"/>
			</IconStyle>
			<LineStyle>
				<color>ffffff55</color>
				<width>3</width>
			</LineStyle>
			<PolyStyle>
				<fill>0</fill>
			</PolyStyle>
		</Style>
		<Style id="s_ylw-pushpin_hl9">
			<IconStyle>
				<scale>1.3</scale>
				<Icon>
					<href>https://maps.google.com/mapfiles/kml/pushpin/ylw-pushpin.png</href>
				</Icon>
				<hotSpot x="20" y="2" xunits="pixels" yunits="pixels"/>
			</IconStyle>
			<LineStyle>
				<color>ffffff55</color>
				<width>3</width>
			</LineStyle>
			<PolyStyle>
				<fill>0</fill>
			</PolyStyle>
		</Style>
		<Placemark>
			<name>Ward no.11 kml</name>
			<styleUrl>#m_ylw-pushpin9</styleUrl>
			<Polygon>
				<tessellate>1</tessellate>
				<outerBoundaryIs>
					<LinearRing>
						<coordinates>
							73.20257579000008,19.28789521000005,0 73.20221268800003,19.28814385900006,0 73.20144106700008,19.28865163400008,0 73.20161500000006,19.28929200000005,0 73.20192348300003,19.28987020000005,0 73.20199166900005,19.29000022900004,0 73.20240900000005,19.29081100000008,0 73.20260200000007,19.29145900000003,0 73.20264745800006,19.29168898600005,0 73.20246021200006,19.29174032100008,0 73.20186991600008,19.29190026500004,0 73.20167899300003,19.29107097100007,0 73.20154017100003,19.29059318000003,0 73.20134451500007,19.28996330700005,0 73.20116771200003,19.28938463400004,0 73.20110998800004,19.28926288200006,0 73.20076568100006,19.28866717700004,0 73.20056026700007,19.28831502000003,0 73.20029880900006,19.28793326700003,0 73.19928760300007,19.28690621000004,0 73.19873302700006,19.28638029300004,0 73.19821940700007,19.28616367600006,0 73.19674351600008,19.28552882300005,0 73.19584610500004,19.28514279800004,0 73.19425328000005,19.28426722900002,0 73.19418218700008,19.28421426800003,0 73.19266519600006,19.28269768200005,0 73.19076302700006,19.28075620400006,0 73.18975961100006,19.27973480600002,0 73.18627507600007,19.27620789600007,0 73.18480470500003,19.27473710500004,0 73.18461249700005,19.27454188400003,0 73.18439026300007,19.27431616600006,0 73.18377803700008,19.27387123400007,0 73.18324680500007,19.27348516100005,0 73.18268245100006,19.27308055600003,0 73.18161725400006,19.27273819200008,0 73.18128267000003,19.27263265200003,0 73.17996900600008,19.27219366000003,0 73.17875018000007,19.27178839200008,0 73.17768309400003,19.27147746300005,0 73.17599724300004,19.27100507500006,0 73.17492639400007,19.27069850600003,0 73.17483784600006,19.27065464600003,0 73.17360426800008,19.26994627900007,0 73.17325273100005,19.26962690000005,0 73.17297649200003,19.26935310100004,0 73.17228296100006,19.26853238200005,0 73.17170928600007,19.26786832200003,0 73.17142633200007,19.26728843100005,0 73.17117654700007,19.26671118500008,0 73.17088269900006,19.26601718700005,0 73.17097113000005,19.26596401000006,0 73.17239959900007,19.26509456400004,0 73.17292719300008,19.26544528200003,0 73.17314949000007,19.26573877400006,0 73.17358446800006,19.26563314900005,0 73.17490532700003,19.26538499800006,0 73.17519816500004,19.26578561700006,0 73.17665149300007,19.26500818300008,0 73.17728554900003,19.26440771700004,0 73.17767467600004,19.26408423300006,0 73.17774355600005,19.26403606700006,0 73.17807546200004,19.26373791200007,0 73.17839754200008,19.26343489000004,0 73.17937589500008,19.26431606000006,0 73.18011900000005,19.26499600000005,0 73.18020200000007,19.26488000000006,0 73.18096665300004,19.26557635100005,0 73.18128400000006,19.26585700000004,0 73.18233500000008,19.26648500000005,0 73.18286400000005,19.26637100000005,0 73.18312619200003,19.26602579200005,0 73.18343239800004,19.26567388500007,0 73.18361800000008,19.26586650000007,0 73.18385050000006,19.26601550000004,0 73.18431188300008,19.26620132800002,0 73.18451115700003,19.26626654500007,0 73.18534797200005,19.26580174800006,0 73.18585577600004,19.26552246500006,0 73.18625588400005,19.26510133800002,0 73.18681123300007,19.26453184700006,0 73.18816848000006,19.26261146700006,0 73.18917823000004,19.26120395100003,0 73.18977578400006,19.26031883800005,0 73.19012797700003,19.26001068200003,0 73.19022523300004,19.26002967600005,0 73.19051020400008,19.26005198700005,0 73.19063523400007,19.25983013400003,0 73.19061387000005,19.25973436300006,0 73.19100480300006,19.25967349700005,0 73.19112727800007,19.25958234200004,0 73.19124126500003,19.25948848800005,0 73.19129717800007,19.25940574800006,0 73.19173766200004,19.25868088700003,0 73.19188972400008,19.25935545600004,0 73.19270032100007,19.26033657700003,0 73.19397456600007,19.26099759000005,0 73.19566705700004,19.26150609700005,0 73.19647843400008,19.26166935700007,0 73.19599217600006,19.26270710400007,0 73.19576269300006,19.26320481500005,0 73.19564442100005,19.26358853700003,0 73.19539596000004,19.26426054500007,0 73.19518462500008,19.26486054300005,0 73.19511726500008,19.26532207400004,0 73.19504295800004,19.26553967100006,0 73.19495999900005,19.26578908500005,0 73.19475187900008,19.26657348700007,0 73.19652520800008,19.26698163100008,0 73.19893176000005,19.26786902800006,0 73.20030228700006,19.26800854300006,0 73.20057693000007,19.26841347300007,0 73.20052662000006,19.26887190100007,0 73.20052255000007,19.26924473700007,0 73.20067057800003,19.26951867900004,0 73.20078730900008,19.26989270400003,0 73.20081265600004,19.27033753600006,0 73.20067362300006,19.27062299500005,0 73.20068637500003,19.27083824000005,0 73.20083565600004,19.27099746500005,0 73.20081711200004,19.27131279300005,0 73.20086069100006,19.27147097600005,0 73.20102522900004,19.27161601000006,0 73.20111442300004,19.27174596000003,0 73.20115722000008,19.27197584400005,0 73.20129046200003,19.27222095800005,0 73.20131800300004,19.27246503300006,0 73.20139178300008,19.27262351400003,0 73.20161625600008,19.27281216000006,0 73.20188806500005,19.27281483500008,0 73.20211347700007,19.27291744300004,0 73.20229155400006,19.27320602200007,0 73.20239553700003,19.27336480100007,0 73.20277461500007,19.27322511500006,0 73.20290989400007,19.27328381100006,0 73.20298430300005,19.27338493300005,0 73.20302538200008,19.27377255400006,0 73.20322182400008,19.27422384800008,0 73.20305096900006,19.27448389000006,0 73.20323647300006,19.27450638600004,0 73.20382113500006,19.27467858500006,0 73.20397029400004,19.27482854000004,0 73.20478040800003,19.27510640000003,0 73.20479832100006,19.27532504300007,0 73.20505813500006,19.27597625200008,0 73.20557426100004,19.27655209100004,0 73.20593944500007,19.27667339300007,0 73.20639705600007,19.27698516200007,0 73.20651971200004,19.27734023300008,0 73.20706204100003,19.27782514300003,0 73.20749769900004,19.27813914800004,0 73.20786690700004,19.27830351700004,0 73.20811539300007,19.27845920700003,0 73.20821565300008,19.27855975800003,0 73.20860733900008,19.27873149400006,0 73.20866685800007,19.27889026000003,0 73.20877000900003,19.27940762800006,0 73.20949177300008,19.27955902300005,0 73.20986558100003,19.28013485200006,0 73.20996424300006,19.28055122400008,0 73.21031385100008,19.28089943900005,0 73.21032045800007,19.28142194900005,0 73.21023404600004,19.28192273600007,0 73.21030926900005,19.28203704900005,0 73.21025830700006,19.28209391600007,0 73.21025726800008,19.28218951400004,0 73.21025539800007,19.28236159300008,0 73.21024460400008,19.28242841400004,0 73.21024325300004,19.28255269300007,0 73.21016644800005,19.28267145200005,0 73.21015396800004,19.28271548700008,0 73.21011409600004,19.28285618200005,0 73.21016903800006,19.28301208600004,0 73.21019887600005,19.28316176800007,0 73.21026043600006,19.28328785800005,0 73.21033451500006,19.28342004700005,0 73.21036422300006,19.28358167800008,0 73.21036266500005,19.28372507800003,0 73.21041196500005,19.28382117000007,0 73.21047988300006,19.28394134700005,0 73.21052172100008,19.28414492600007,0 73.21056291100007,19.28440825600006,0 73.21049817900007,19.28467487000006,0 73.21016662900007,19.28497989400006,0 73.20991370400003,19.28522521600007,0 73.20994256800003,19.28561489700007,0 73.20986979300005,19.28574608700006,0 73.20975216500005,19.28601828100005,0 73.20950879200007,19.28649364000006,0 73.20933234100005,19.28685010000004,0 73.20925458800008,19.28696860000002,0 73.20906416700007,19.28720400700007,0 73.20882700000004,19.28750600000006,0 73.20850204000004,19.28826885600006,0 73.20806125900003,19.28924768300004,0 73.20788000000005,19.28966700000007,0 73.20728757800003,19.28996310500003,0 73.20657344400007,19.29032063600005,0 73.20627712300006,19.29047812400006,0 73.20616529000006,19.29054502700006,0 73.20593334000006,19.29067051300007,0 73.20570054200005,19.29078727300004,0 73.20421123100004,19.28800588900003,0 73.20371800000004,19.28708400000005,0 73.20257579000008,19.28789521000005,0 
						</coordinates>
					</LinearRing>
				</outerBoundaryIs>
			</Polygon>
		</Placemark>
	</Document>
	<Document>
		<name>Ward no.12 kml</name>
		<StyleMap id="m_ylw-pushpin10">
			<Pair>
				<key>normal</key>
				<styleUrl>#s_ylw-pushpin10</styleUrl>
			</Pair>
			<Pair>
				<key>highlight</key>
				<styleUrl>#s_ylw-pushpin_hl10</styleUrl>
			</Pair>
		</StyleMap>
		<Style id="s_ylw-pushpin10">
			<IconStyle>
				<scale>1.1</scale>
				<Icon>
					<href>https://maps.google.com/mapfiles/kml/pushpin/ylw-pushpin.png</href>
				</Icon>
				<hotSpot x="20" y="2" xunits="pixels" yunits="pixels"/>
			</IconStyle>
			<LineStyle>
				<color>ffffff55</color>
				<width>3</width>
			</LineStyle>
			<PolyStyle>
				<fill>0</fill>
			</PolyStyle>
		</Style>
		<Style id="s_ylw-pushpin_hl10">
			<IconStyle>
				<scale>1.3</scale>
				<Icon>
					<href>https://maps.google.com/mapfiles/kml/pushpin/ylw-pushpin.png</href>
				</Icon>
				<hotSpot x="20" y="2" xunits="pixels" yunits="pixels"/>
			</IconStyle>
			<LineStyle>
				<color>ffffff55</color>
				<width>3</width>
			</LineStyle>
			<PolyStyle>
				<fill>0</fill>
			</PolyStyle>
		</Style>
		<Placemark>
			<name>Ward no.12 kml</name>
			<styleUrl>#m_ylw-pushpin10</styleUrl>
			<Polygon>
				<tessellate>1</tessellate>
				<outerBoundaryIs>
					<LinearRing>
						<coordinates>
							73.18312619200003,19.26602579200005,0 73.18286400000005,19.26637100000005,0 73.18233500000008,19.26648500000005,0 73.18128400000006,19.26585700000004,0 73.18096665300004,19.26557635100005,0 73.18020200000007,19.26488000000006,0 73.18084400000004,19.26423400000004,0 73.18097700000004,19.26399600000008,0 73.18112400000007,19.26384500000006,0 73.18125100000003,19.26363400000003,0 73.18130842600004,19.26354792200004,0 73.18136700000008,19.26345400000002,0 73.18136505500007,19.26330099100005,0 73.18136400000003,19.26313000000005,0 73.18148500000007,19.26286200000004,0 73.18159440800008,19.26266849000007,0 73.18147609700003,19.26260355200003,0 73.18156500000003,19.26196000000005,0 73.18140335700008,19.26079149900005,0 73.18137500000006,19.26055000000002,0 73.18089200000003,19.26017500000006,0 73.17990884700004,19.25981068900006,0 73.17989600800007,19.25924898600005,0 73.17995403200007,19.25860055400005,0 73.17959723500007,19.25701065600003,0 73.18036100000006,19.25730900000008,0 73.18282800000003,19.25717700000007,0 73.18367430000006,19.25696670000008,0 73.18390400000004,19.25690900000006,0 73.18455600000004,19.25660000000005,0 73.18500800000004,19.25638400000003,0 73.18631770000007,19.25532210000006,0 73.18763846200005,19.25423074200006,0 73.19223935100007,19.25109197000006,0 73.19295399000003,19.25123474100008,0 73.19357200200005,19.25180579000005,0 73.19372372600003,19.25422958400003,0 73.19173766200004,19.25868088700003,0 73.19129717800007,19.25940574800006,0 73.19124126500003,19.25948848800005,0 73.19112727800007,19.25958234200004,0 73.19100480300006,19.25967349700005,0 73.19061387000005,19.25973436300006,0 73.19063523400007,19.25983013400003,0 73.19051020400008,19.26005198700005,0 73.19022523300004,19.26002967600005,0 73.19012797700003,19.26001068200003,0 73.18977578400006,19.26031883800005,0 73.18917823000004,19.26120395100003,0 73.18816848000006,19.26261146700006,0 73.18681123300007,19.26453184700006,0 73.18625588400005,19.26510133800002,0 73.18585577600004,19.26552246500006,0 73.18534797200005,19.26580174800006,0 73.18451115700003,19.26626654500007,0 73.18431188300008,19.26620132800002,0 73.18385050000006,19.26601550000004,0 73.18361800000008,19.26586650000007,0 73.18343239800004,19.26567388500007,0 73.18312619200003,19.26602579200005,0 
						</coordinates>
					</LinearRing>
				</outerBoundaryIs>
			</Polygon>
		</Placemark>
	</Document>
	<Document>
		<name>Ward no.13 kml</name>
		<StyleMap id="m_ylw-pushpin11">
			<Pair>
				<key>normal</key>
				<styleUrl>#s_ylw-pushpin11</styleUrl>
			</Pair>
			<Pair>
				<key>highlight</key>
				<styleUrl>#s_ylw-pushpin_hl11</styleUrl>
			</Pair>
		</StyleMap>
		<Style id="s_ylw-pushpin11">
			<IconStyle>
				<scale>1.1</scale>
				<Icon>
					<href>https://maps.google.com/mapfiles/kml/pushpin/ylw-pushpin.png</href>
				</Icon>
				<hotSpot x="20" y="2" xunits="pixels" yunits="pixels"/>
			</IconStyle>
			<LineStyle>
				<color>ffffff55</color>
				<width>3</width>
			</LineStyle>
			<PolyStyle>
				<fill>0</fill>
			</PolyStyle>
		</Style>
		<Style id="s_ylw-pushpin_hl11">
			<IconStyle>
				<scale>1.3</scale>
				<Icon>
					<href>https://maps.google.com/mapfiles/kml/pushpin/ylw-pushpin.png</href>
				</Icon>
				<hotSpot x="20" y="2" xunits="pixels" yunits="pixels"/>
			</IconStyle>
			<LineStyle>
				<color>ffffff55</color>
				<width>3</width>
			</LineStyle>
			<PolyStyle>
				<fill>0</fill>
			</PolyStyle>
		</Style>
		<Placemark>
			<name>Ward no.13 kml</name>
			<styleUrl>#m_ylw-pushpin11</styleUrl>
			<Polygon>
				<tessellate>1</tessellate>
				<outerBoundaryIs>
					<LinearRing>
						<coordinates>
							73.17519816500004,19.26578561700006,0 73.17490532700003,19.26538499800006,0 73.17358446800006,19.26563314900005,0 73.17383258000007,19.26552363000008,0 73.17403387300004,19.26537191100005,0 73.17411835500008,19.26521059800007,0 73.17467690000007,19.26479964600003,0 73.17495900000006,19.26459600000004,0 73.17472390100005,19.26429935700003,0 73.17454300000003,19.26407000000006,0 73.17432300000007,19.26399400000003,0 73.17435100000006,19.26371000000006,0 73.17450800000006,19.26352500000007,0 73.17456700000008,19.26336300000003,0 73.17454000000004,19.26324800000003,0 73.17442800000003,19.26310500000005,0 73.17420550000008,19.26303650000006,0 73.17445617300007,19.26255408700007,0 73.17461000000003,19.26227700000004,0 73.17465300000003,19.26215300000007,0 73.17488900000006,19.26216800000003,0 73.17515200000008,19.26209300000005,0 73.17552200000006,19.26219100000003,0 73.17581200000006,19.26237300000003,0 73.17623000000003,19.26237300000003,0 73.17684345000004,19.26256344500007,0 73.17701103500008,19.26213325900005,0 73.17705337600006,19.26204836300008,0 73.17730819400003,19.26156041300004,0 73.17748710400008,19.26120731200007,0 73.17807655000007,19.26080171800004,0 73.17817200000007,19.26073700000006,0 73.17832200000004,19.26006100000006,0 73.17889200000008,19.25973100000005,0 73.17950000000008,19.25959800000004,0 73.17989600800007,19.25924898600005,0 73.17990884700004,19.25981068900006,0 73.18089200000003,19.26017500000006,0 73.18137500000006,19.26055000000002,0 73.18140335700008,19.26079149900005,0 73.18156500000003,19.26196000000005,0 73.18147609700003,19.26260355200003,0 73.18159440800008,19.26266849000007,0 73.18148500000007,19.26286200000004,0 73.18136400000003,19.26313000000005,0 73.18136505500007,19.26330099100005,0 73.18136700000008,19.26345400000002,0 73.18130842600004,19.26354792200004,0 73.18125100000003,19.26363400000003,0 73.18112400000007,19.26384500000006,0 73.18097700000004,19.26399600000008,0 73.18084400000004,19.26423400000004,0 73.18020200000007,19.26488000000006,0 73.18011900000005,19.26499600000005,0 73.17937589500008,19.26431606000006,0 73.17839754200008,19.26343489000004,0 73.17807546200004,19.26373791200007,0 73.17774355600005,19.26403606700006,0 73.17767467600004,19.26408423300006,0 73.17728554900003,19.26440771700004,0 73.17665149300007,19.26500818300008,0 73.17519816500004,19.26578561700006,0 
						</coordinates>
					</LinearRing>
				</outerBoundaryIs>
			</Polygon>
		</Placemark>
	</Document>
	<Document>
		<name>Ward no.14 kml</name>
		<StyleMap id="m_ylw-pushpin12">
			<Pair>
				<key>normal</key>
				<styleUrl>#s_ylw-pushpin12</styleUrl>
			</Pair>
			<Pair>
				<key>highlight</key>
				<styleUrl>#s_ylw-pushpin_hl12</styleUrl>
			</Pair>
		</StyleMap>
		<Style id="s_ylw-pushpin12">
			<IconStyle>
				<scale>1.1</scale>
				<Icon>
					<href>https://maps.google.com/mapfiles/kml/pushpin/ylw-pushpin.png</href>
				</Icon>
				<hotSpot x="20" y="2" xunits="pixels" yunits="pixels"/>
			</IconStyle>
			<LineStyle>
				<color>ffffff55</color>
				<width>3</width>
			</LineStyle>
			<PolyStyle>
				<fill>0</fill>
			</PolyStyle>
		</Style>
		<Style id="s_ylw-pushpin_hl12">
			<IconStyle>
				<scale>1.3</scale>
				<Icon>
					<href>https://maps.google.com/mapfiles/kml/pushpin/ylw-pushpin.png</href>
				</Icon>
				<hotSpot x="20" y="2" xunits="pixels" yunits="pixels"/>
			</IconStyle>
			<LineStyle>
				<color>ffffff55</color>
				<width>3</width>
			</LineStyle>
			<PolyStyle>
				<fill>0</fill>
			</PolyStyle>
		</Style>
		<Placemark>
			<name>Ward no.14 kml</name>
			<styleUrl>#m_ylw-pushpin12</styleUrl>
			<Polygon>
				<tessellate>1</tessellate>
				<outerBoundaryIs>
					<LinearRing>
						<coordinates>
							73.17097113000005,19.26596401000006,0 73.17085126700005,19.26579400000003,0 73.17035099800006,19.26508846000007,0 73.17009879700004,19.26472775200006,0 73.16997709000003,19.26456006400002,0 73.16983375000007,19.26436135200004,0 73.16911090000008,19.26333520000003,0 73.16860860700007,19.26268368000007,0 73.16714900000005,19.26077186700007,0 73.16632777200005,19.25960779300004,0 73.16610708100006,19.25928553400007,0 73.16585436800005,19.25892345800003,0 73.16568352900003,19.25867026000003,0 73.16552898900005,19.25845988600003,0 73.16476733400003,19.25736305200007,0 73.16450450100007,19.25699700000007,0 73.16480632200006,19.25696566500005,0 73.16518780300004,19.25668502600007,0 73.16517187600004,19.25638579600008,0 73.16577715600005,19.25611712000006,0 73.16611774700004,19.25578458100006,0 73.16728962300004,19.25392810500006,0 73.16831202300006,19.25250864200007,0 73.16916220100006,19.25178184900005,0 73.16986382600004,19.25163406200005,0 73.17081460100007,19.25180790300004,0 73.17363621300007,19.25308943700003,0 73.17509580200004,19.25393374900006,0 73.17700987800004,19.25510922600006,0 73.17723551700004,19.25527428900006,0 73.17876000000007,19.25628600000005,0 73.17936300000008,19.25677200000007,0 73.17959723500007,19.25701065600003,0 73.17995403200007,19.25860055400005,0 73.17989600800007,19.25924898600005,0 73.17950000000008,19.25959800000004,0 73.17889200000008,19.25973100000005,0 73.17832200000004,19.26006100000006,0 73.17817200000007,19.26073700000006,0 73.17807655000007,19.26080171800004,0 73.17748710400008,19.26120731200007,0 73.17730819400003,19.26156041300004,0 73.17705337600006,19.26204836300008,0 73.17701103500008,19.26213325900005,0 73.17684345000004,19.26256344500007,0 73.17623000000003,19.26237300000003,0 73.17581200000006,19.26237300000003,0 73.17552200000006,19.26219100000003,0 73.17515200000008,19.26209300000005,0 73.17488900000006,19.26216800000003,0 73.17465300000003,19.26215300000007,0 73.17461000000003,19.26227700000004,0 73.17445617300007,19.26255408700007,0 73.17420550000008,19.26303650000006,0 73.17442800000003,19.26310500000005,0 73.17454000000004,19.26324800000003,0 73.17456700000008,19.26336300000003,0 73.17450800000006,19.26352500000007,0 73.17435100000006,19.26371000000006,0 73.17432300000007,19.26399400000003,0 73.17454300000003,19.26407000000006,0 73.17472390100005,19.26429935700003,0 73.17495900000006,19.26459600000004,0 73.17467690000007,19.26479964600003,0 73.17411835500008,19.26521059800007,0 73.17403387300004,19.26537191100005,0 73.17383258000007,19.26552363000008,0 73.17358446800006,19.26563314900005,0 73.17314949000007,19.26573877400006,0 73.17292719300008,19.26544528200003,0 73.17239959900007,19.26509456400004,0 73.17097113000005,19.26596401000006,0 
						</coordinates>
					</LinearRing>
				</outerBoundaryIs>
			</Polygon>
		</Placemark>
	</Document>
	<Document>
		<name>Ward no.15 kml</name>
		<StyleMap id="m_ylw-pushpin13">
			<Pair>
				<key>normal</key>
				<styleUrl>#s_ylw-pushpin13</styleUrl>
			</Pair>
			<Pair>
				<key>highlight</key>
				<styleUrl>#s_ylw-pushpin_hl13</styleUrl>
			</Pair>
		</StyleMap>
		<Style id="s_ylw-pushpin13">
			<IconStyle>
				<scale>1.1</scale>
				<Icon>
					<href>https://maps.google.com/mapfiles/kml/pushpin/ylw-pushpin.png</href>
				</Icon>
				<hotSpot x="20" y="2" xunits="pixels" yunits="pixels"/>
			</IconStyle>
			<LineStyle>
				<color>ffffff55</color>
				<width>3</width>
			</LineStyle>
			<PolyStyle>
				<fill>0</fill>
			</PolyStyle>
		</Style>
		<Style id="s_ylw-pushpin_hl13">
			<IconStyle>
				<scale>1.3</scale>
				<Icon>
					<href>https://maps.google.com/mapfiles/kml/pushpin/ylw-pushpin.png</href>
				</Icon>
				<hotSpot x="20" y="2" xunits="pixels" yunits="pixels"/>
			</IconStyle>
			<LineStyle>
				<color>ffffff55</color>
				<width>3</width>
			</LineStyle>
			<PolyStyle>
				<fill>0</fill>
			</PolyStyle>
		</Style>
		<Placemark>
			<name>Ward no.15 kml</name>
			<styleUrl>#m_ylw-pushpin13</styleUrl>
			<Polygon>
				<tessellate>1</tessellate>
				<outerBoundaryIs>
					<LinearRing>
						<coordinates>
							73.15348000000006,19.24046900000008,0 73.15481070000004,19.24102230000005,0 73.15517800000003,19.24120200000004,0 73.15559000000007,19.24142700000004,0 73.15580500000004,19.24157800000006,0 73.15618500000005,19.24182400000007,0 73.15642400000007,19.24196900000004,0 73.15658800000006,19.24214100000006,0 73.15706500000005,19.24263000000008,0 73.15743859300005,19.24315021000007,0 73.15762120000005,19.24331050000006,0 73.15769630000005,19.24340915000005,0 73.15777060000005,19.24350080000005,0 73.15782240000004,19.24359330000004,0 73.15786740000004,19.24367630000006,0 73.15788836700006,19.24378458400003,0 73.15796520000004,19.24385520000004,0 73.15802420000006,19.24396170000006,0 73.15810720000007,19.24411520000007,0 73.15818420000005,19.24426900000003,0 73.15826380000004,19.24442150000004,0 73.15830730000005,19.24451090000002,0 73.15835290000007,19.24460230000005,0 73.15843600000005,19.24476340000007,0 73.15871260000006,19.24542623400004,0 73.15875580100004,19.24552605100007,0 73.15882350000004,19.24568750000003,0 73.15891180000006,19.24589810000003,0 73.15902620000003,19.24618020000003,0 73.15908970000004,19.24633950000003,0 73.15920900000003,19.24663170000002,0 73.15933150000006,19.24693620000005,0 73.15945400000004,19.24724070000008,0 73.15951955000008,19.24740520000006,0 73.15955530000008,19.24750240000003,0 73.15964220000006,19.24771150000004,0 73.15981130000006,19.24813450000005,0 73.15992800000004,19.24842885100003,0 73.15999010000007,19.24858110000002,0 73.16005690000003,19.24874880000004,0 73.16017940000006,19.24906490000006,0 73.16042190000007,19.24966610000007,0 73.16065900900003,19.25023630100003,0 73.16110300000008,19.25114900000006,0 73.16147900000004,19.25197700000007,0 73.16183900000004,19.25294300000007,0 73.16222600000003,19.25392300000004,0 73.16350300000005,19.25565000000006,0 73.16380911400006,19.25623368600003,0 73.16207296400006,19.25735526900007,0 73.16044812500007,19.25840494400006,0 73.15790308000004,19.25964680300007,0 73.15763892100006,19.25923536400006,0 73.15722496000006,19.25859059500004,0 73.15636620400005,19.25714021000005,0 73.15574378600007,19.25507607000003,0 73.15598136700004,19.25376653900003,0 73.15610800000007,19.25331300000005,0 73.15617300000008,19.25146000000007,0 73.15624220900008,19.25102738400005,0 73.15604687900003,19.25043427400004,0 73.15535831000005,19.24941962600008,0 73.15490096700006,19.24877933800008,0 73.15463028900007,19.24841452800007,0 73.15450078000003,19.24809737800007,0 73.15420838500006,19.24729721400007,0 73.15349029800007,19.24615364800008,0 73.15313900000007,19.24575400000003,0 73.15251400000005,19.24547200000006,0 73.15213900000003,19.24452400000007,0 73.15209835000007,19.24440635100007,0 73.15185133500006,19.24357509900005,0 73.15181140900006,19.24288034000006,0 73.15158340000005,19.24243960000007,0 73.15143600000005,19.24205400000005,0 73.15122400000007,19.24179400000003,0 73.15097400000008,19.24156800000003,0 73.15083060000006,19.24150760000003,0 73.15029300000003,19.24119900000005,0 73.15014694200005,19.24108663400006,0 73.15014136600007,19.24092787400002,0 73.15014901500007,19.24013105700004,0 73.15067600000003,19.24026900000007,0 73.15204600000004,19.24025500000005,0 73.15348000000006,19.24046900000008,0 
						</coordinates>
					</LinearRing>
				</outerBoundaryIs>
			</Polygon>
		</Placemark>
	</Document>
	<Document>
		<name>Ward no.16 kml</name>
		<StyleMap id="m_ylw-pushpin14">
			<Pair>
				<key>normal</key>
				<styleUrl>#s_ylw-pushpin14</styleUrl>
			</Pair>
			<Pair>
				<key>highlight</key>
				<styleUrl>#s_ylw-pushpin_hl14</styleUrl>
			</Pair>
		</StyleMap>
		<Style id="s_ylw-pushpin14">
			<IconStyle>
				<scale>1.1</scale>
				<Icon>
					<href>https://maps.google.com/mapfiles/kml/pushpin/ylw-pushpin.png</href>
				</Icon>
				<hotSpot x="20" y="2" xunits="pixels" yunits="pixels"/>
			</IconStyle>
			<LineStyle>
				<color>ffffff55</color>
				<width>3</width>
			</LineStyle>
			<PolyStyle>
				<fill>0</fill>
			</PolyStyle>
		</Style>
		<Style id="s_ylw-pushpin_hl14">
			<IconStyle>
				<scale>1.3</scale>
				<Icon>
					<href>https://maps.google.com/mapfiles/kml/pushpin/ylw-pushpin.png</href>
				</Icon>
				<hotSpot x="20" y="2" xunits="pixels" yunits="pixels"/>
			</IconStyle>
			<LineStyle>
				<color>ffffff55</color>
				<width>3</width>
			</LineStyle>
			<PolyStyle>
				<fill>0</fill>
			</PolyStyle>
		</Style>
		<Placemark>
			<name>Ward no.16 kml</name>
			<styleUrl>#m_ylw-pushpin14</styleUrl>
			<Polygon>
				<tessellate>1</tessellate>
				<outerBoundaryIs>
					<LinearRing>
						<coordinates>
							73.14977537200008,19.25139324700007,0 73.14958622500006,19.25090391600003,0 73.14930396400007,19.25051964400007,0 73.14925712700006,19.25028401400004,0 73.14925766500005,19.24984859300002,0 73.14925608200008,19.24889851300003,0 73.14935145800007,19.24873605100004,0 73.14943016700005,19.24861060300003,0 73.14945900000004,19.24852700000002,0 73.14946730000008,19.24832147500007,0 73.14945368400004,19.24803201400005,0 73.14943927800005,19.24766183700007,0 73.14943100000005,19.24735900000007,0 73.14934810000005,19.24723165000006,0 73.14919773400004,19.24701536600003,0 73.14916400000004,19.24673700000005,0 73.14919600000007,19.24656700000003,0 73.14936063200008,19.24637872300008,0 73.14940268000004,19.24623538700007,0 73.14937698500006,19.24600208500004,0 73.14922499300008,19.24597094700005,0 73.14921135000003,19.24573135100007,0 73.14915197500005,19.24559428300006,0 73.14861028500007,19.24543685100002,0 73.14824395800008,19.24584204700005,0 73.14788388600005,19.24546320400003,0 73.14803695700004,19.24531925400004,0 73.14834864600004,19.24502267700007,0 73.14861641000005,19.24474860500004,0 73.14908365000008,19.24427268400007,0 73.14936210400003,19.24399079700004,0 73.14950590500007,19.24385112800007,0 73.14975867400005,19.24360551400002,0 73.15010370200008,19.24326606300008,0 73.15032552500008,19.24304782500008,0 73.15078455400004,19.24300642100008,0 73.15105281500007,19.24296394000004,0 73.15181140900006,19.24288034000006,0 73.15185133500006,19.24357509900005,0 73.15209835000007,19.24440635100007,0 73.15213900000003,19.24452400000007,0 73.15224198900006,19.24478435600003,0 73.15251400000005,19.24547200000006,0 73.15313900000007,19.24575400000003,0 73.15349029800007,19.24615364800008,0 73.15420838500006,19.24729721400007,0 73.15450078000003,19.24809737800007,0 73.15424336600006,19.24817822100005,0 73.15396083500008,19.24826169900007,0 73.15282072600007,19.24869938900002,0 73.15283727600007,19.24879392800006,0 73.15288661300008,19.24904762300002,0 73.15306055300005,19.24977957600004,0 73.15286189600005,19.24989341900005,0 73.15262677400005,19.25002816000006,0 73.15252323700008,19.24975966600005,0 73.15212357100006,19.24995226800007,0 73.15230041900008,19.25040033700003,0 73.15197425400004,19.25118449800004,0 73.15063175800003,19.25095838400006,0 73.15016129000003,19.25087303500004,0 73.14977537200008,19.25139324700007,0 
						</coordinates>
					</LinearRing>
				</outerBoundaryIs>
			</Polygon>
		</Placemark>
	</Document>
	<Document>
		<name>Ward no.17.kml</name>
		<StyleMap id="m_ylw-pushpin15">
			<Pair>
				<key>normal</key>
				<styleUrl>#s_ylw-pushpin15</styleUrl>
			</Pair>
			<Pair>
				<key>highlight</key>
				<styleUrl>#s_ylw-pushpin_hl15</styleUrl>
			</Pair>
		</StyleMap>
		<Style id="s_ylw-pushpin15">
			<IconStyle>
				<scale>1.1</scale>
				<Icon>
					<href>https://maps.google.com/mapfiles/kml/pushpin/ylw-pushpin.png</href>
				</Icon>
				<hotSpot x="20" y="2" xunits="pixels" yunits="pixels"/>
			</IconStyle>
			<LineStyle>
				<color>ffffff55</color>
				<width>3</width>
			</LineStyle>
			<PolyStyle>
				<fill>0</fill>
			</PolyStyle>
		</Style>
		<Style id="s_ylw-pushpin_hl15">
			<IconStyle>
				<scale>1.3</scale>
				<Icon>
					<href>https://maps.google.com/mapfiles/kml/pushpin/ylw-pushpin.png</href>
				</Icon>
				<hotSpot x="20" y="2" xunits="pixels" yunits="pixels"/>
			</IconStyle>
			<LineStyle>
				<color>ffffff55</color>
				<width>3</width>
			</LineStyle>
			<PolyStyle>
				<fill>0</fill>
			</PolyStyle>
		</Style>
		<Placemark>
			<name>Ward no.17.kml</name>
			<styleUrl>#m_ylw-pushpin15</styleUrl>
			<Polygon>
				<tessellate>1</tessellate>
				<outerBoundaryIs>
					<LinearRing>
						<coordinates>
							73.14306191900005,19.25278322500003,0 73.14280137500003,19.25283533000004,0 73.14259059800008,19.25277394100004,0 73.14258500000005,19.25252800000004,0 73.14247700000004,19.25219400000003,0 73.14269700000006,19.25207800000004,0 73.14269200000007,19.25182900000004,0 73.14260601300003,19.25163511000005,0 73.14247200000005,19.25130300000006,0 73.14194600000008,19.25150000000008,0 73.14144200000004,19.25137400000006,0 73.14130500000005,19.25109200000003,0 73.14108574800008,19.25072883900003,0 73.14101356800006,19.25060869400005,0 73.14089185300008,19.25036454400004,0 73.14178164200007,19.24978231300003,0 73.14221947800007,19.24950511100008,0 73.14246326000006,19.24934088600003,0 73.14374635100006,19.24850764900003,0 73.14440069500006,19.24808066700007,0 73.14468691700006,19.24789362700005,0 73.14545941900008,19.24737854200004,0 73.14615163300004,19.24691758800003,0 73.14647727300007,19.24669676100007,0 73.14655463600008,19.24663759400005,0 73.14755533800007,19.24575483800004,0 73.14788388600005,19.24546320400003,0 73.14824395800008,19.24584204700005,0 73.14861028500007,19.24543685100002,0 73.14915197500005,19.24559428300006,0 73.14921135000003,19.24573135100007,0 73.14922499300008,19.24597094700005,0 73.14937698500006,19.24600208500004,0 73.14940268000004,19.24623538700007,0 73.14936063200008,19.24637872300008,0 73.14919600000007,19.24656700000003,0 73.14916400000004,19.24673700000005,0 73.14919773400004,19.24701536600003,0 73.14934810000005,19.24723165000006,0 73.14943100000005,19.24735900000007,0 73.14943927800005,19.24766183700007,0 73.14945368400004,19.24803201400005,0 73.14946730000008,19.24832147500007,0 73.14945900000004,19.24852700000002,0 73.14943016700005,19.24861060300003,0 73.14935145800007,19.24873605100004,0 73.14925608200008,19.24889851300003,0 73.14865552700007,19.24932176900006,0 73.14835485300006,19.24953964800005,0 73.14813481600004,19.24959425700007,0 73.14783894800007,19.24984759700004,0 73.14735997000008,19.25021180700003,0 73.14716605600006,19.25033949800007,0 73.14709717100004,19.25053662800008,0 73.14677515500006,19.25092895400007,0 73.14654533500004,19.25110651000006,0 73.14623263600004,19.25143732900006,0 73.14560913000008,19.25209055000005,0 73.14557180000008,19.25220326800007,0 73.14552632200008,19.25236334800007,0 73.14503413000006,19.25253443900004,0 73.14483795400008,19.25259240300005,0 73.14469493100006,19.25262070100007,0 73.14403576800004,19.25281005600004,0 73.14378905300003,19.25278463000007,0 73.14356482600004,19.25277995700003,0 73.14316390400006,19.25277285000004,0 73.14306191900005,19.25278322500003,0 
						</coordinates>
					</LinearRing>
				</outerBoundaryIs>
			</Polygon>
		</Placemark>
	</Document>
	<Document>
		<name>Ward no.18.kml</name>
		<StyleMap id="m_ylw-pushpin16">
			<Pair>
				<key>normal</key>
				<styleUrl>#s_ylw-pushpin16</styleUrl>
			</Pair>
			<Pair>
				<key>highlight</key>
				<styleUrl>#s_ylw-pushpin_hl16</styleUrl>
			</Pair>
		</StyleMap>
		<Style id="s_ylw-pushpin16">
			<IconStyle>
				<scale>1.1</scale>
				<Icon>
					<href>https://maps.google.com/mapfiles/kml/pushpin/ylw-pushpin.png</href>
				</Icon>
				<hotSpot x="20" y="2" xunits="pixels" yunits="pixels"/>
			</IconStyle>
			<LineStyle>
				<color>ffffff55</color>
				<width>3</width>
			</LineStyle>
			<PolyStyle>
				<fill>0</fill>
			</PolyStyle>
		</Style>
		<Style id="s_ylw-pushpin_hl16">
			<IconStyle>
				<scale>1.3</scale>
				<Icon>
					<href>https://maps.google.com/mapfiles/kml/pushpin/ylw-pushpin.png</href>
				</Icon>
				<hotSpot x="20" y="2" xunits="pixels" yunits="pixels"/>
			</IconStyle>
			<LineStyle>
				<color>ffffff55</color>
				<width>3</width>
			</LineStyle>
			<PolyStyle>
				<fill>0</fill>
			</PolyStyle>
		</Style>
		<Placemark>
			<name>Ward no.18.kml</name>
			<styleUrl>#m_ylw-pushpin16</styleUrl>
			<Polygon>
				<tessellate>1</tessellate>
				<outerBoundaryIs>
					<LinearRing>
						<coordinates>
							73.14517203800006,19.25866440800007,0 73.14502394300007,19.25888157300005,0 73.14486783500007,19.25911328500007,0 73.14460200300005,19.25889124200006,0 73.14446854300007,19.25879621600006,0 73.14444978200004,19.25855874600006,0 73.14416989900008,19.25820557100008,0 73.14392833300008,19.25837000000007,0 73.14369500000004,19.25813700000003,0 73.14352900000006,19.25788100000005,0 73.14355600000005,19.25740500000006,0 73.14345764600006,19.25731406700004,0 73.14316354700003,19.25712769000006,0 73.14294384900006,19.25698296500008,0 73.14243091500003,19.25662680700003,0 73.14235489100008,19.25656869600005,0 73.14227121100004,19.25651430900007,0 73.14210599700004,19.25640626600006,0 73.14176018100005,19.25618467200007,0 73.14116550400007,19.25579972900005,0 73.14105334600004,19.25572869800004,0 73.14045421500003,19.25534347200005,0 73.14033926800005,19.25527273000006,0 73.14025754600004,19.25521826300007,0 73.14018745200008,19.25517432800007,0 73.14008273000007,19.25510456700005,0 73.13978617800007,19.25491275900004,0 73.13961377900006,19.25480560700004,0 73.13949360000004,19.25472931300004,0 73.13932599300006,19.25462167600006,0 73.13908081100004,19.25446274900003,0 73.13878865900006,19.25428758900006,0 73.13859121600007,19.25415058600004,0 73.13835266500007,19.25399840700004,0 73.13800168300008,19.25376693200008,0 73.13782240300003,19.25365395600005,0 73.13764377200005,19.25354176600007,0 73.13711895800003,19.25319752700005,0 73.13692041600007,19.25306379300002,0 73.13728761100003,19.25286388900003,0 73.13783526300006,19.25256989700006,0 73.13823136600007,19.25230221000004,0 73.13874181300008,19.25200367700006,0 73.13899309100003,19.25184460400004,0 73.13918993200008,19.25170249400003,0 73.13962511700004,19.25137073500002,0 73.14089185300008,19.25036454400004,0 73.14101356800006,19.25060869400005,0 73.14108574800008,19.25072883900003,0 73.14130500000005,19.25109200000003,0 73.14144200000004,19.25137400000006,0 73.14194600000008,19.25150000000008,0 73.14247200000005,19.25130300000006,0 73.14260601300003,19.25163511000005,0 73.14269200000007,19.25182900000004,0 73.14269700000006,19.25207800000004,0 73.14247700000004,19.25219400000003,0 73.14258500000005,19.25252800000004,0 73.14259059800008,19.25277394100004,0 73.14280137500003,19.25283533000004,0 73.14306191900005,19.25278322500003,0 73.14316390400006,19.25277285000004,0 73.14356482600004,19.25277995700003,0 73.14378905300003,19.25278463000007,0 73.14403576800004,19.25281005600004,0 73.14469493100006,19.25262070100007,0 73.14483795400008,19.25259240300005,0 73.14503413000006,19.25253443900004,0 73.14552632200008,19.25236334800007,0 73.14570249100007,19.25231073700007,0 73.14583910500005,19.25265035900003,0 73.14529785200006,19.25281892800007,0 73.14507069600006,19.25341179600002,0 73.14470829200008,19.25330761100003,0 73.14462515700006,19.25372371900005,0 73.14547785600007,19.25374773700003,0 73.14546710000008,19.25428811500007,0 73.14521105600005,19.25518615100003,0 73.14512155500006,19.25519926200008,0 73.14505655100004,19.25533058200006,0 73.14496100000008,19.25548600000008,0 73.14492300000006,19.25573400000008,0 73.14505200000008,19.25580000000002,0 73.14510600000006,19.25596200000007,0 73.14489100000003,19.25644800000003,0 73.14473933400006,19.25660666700003,0 73.14445700000005,19.25660500000004,0 73.14442500000007,19.25669600000003,0 73.14479700000004,19.25696000000005,0 73.14509562500007,19.25731656100004,0 73.14516594700007,19.25740578000006,0 73.14530172400003,19.25788278900006,0 73.14527138300008,19.25796553100003,0 73.14517203800006,19.25866440800007,0 
						</coordinates>
					</LinearRing>
				</outerBoundaryIs>
			</Polygon>
		</Placemark>
	</Document>
	<Document>
		<name>Ward no.19.kml</name>
		<StyleMap id="m_ylw-pushpin17">
			<Pair>
				<key>normal</key>
				<styleUrl>#s_ylw-pushpin17</styleUrl>
			</Pair>
			<Pair>
				<key>highlight</key>
				<styleUrl>#s_ylw-pushpin_hl17</styleUrl>
			</Pair>
		</StyleMap>
		<Style id="s_ylw-pushpin17">
			<IconStyle>
				<scale>1.1</scale>
				<Icon>
					<href>https://maps.google.com/mapfiles/kml/pushpin/ylw-pushpin.png</href>
				</Icon>
				<hotSpot x="20" y="2" xunits="pixels" yunits="pixels"/>
			</IconStyle>
			<LineStyle>
				<color>ffffff55</color>
				<width>3</width>
			</LineStyle>
			<PolyStyle>
				<fill>0</fill>
			</PolyStyle>
		</Style>
		<Style id="s_ylw-pushpin_hl17">
			<IconStyle>
				<scale>1.3</scale>
				<Icon>
					<href>https://maps.google.com/mapfiles/kml/pushpin/ylw-pushpin.png</href>
				</Icon>
				<hotSpot x="20" y="2" xunits="pixels" yunits="pixels"/>
			</IconStyle>
			<LineStyle>
				<color>ffffff55</color>
				<width>3</width>
			</LineStyle>
			<PolyStyle>
				<fill>0</fill>
			</PolyStyle>
		</Style>
		<Placemark>
			<name>Ward no.19.kml</name>
			<styleUrl>#m_ylw-pushpin17</styleUrl>
			<Polygon>
				<tessellate>1</tessellate>
				<outerBoundaryIs>
					<LinearRing>
						<coordinates>
							73.14034199100007,19.25657918100006,0 73.14007694200006,19.25658452800008,0 73.13968900000003,19.25658750100007,0 73.13951603200007,19.25666381000008,0 73.13945714900007,19.25671832800003,0 73.13930700000003,19.25688900000006,0 73.13869025200006,19.25702105400006,0 73.13860245100005,19.25703822000003,0 73.13824100000005,19.25710000000004,0 73.13787720200008,19.25718113200003,0 73.13776569700008,19.25720745700005,0 73.13752949400003,19.25725532000007,0 73.13703351400005,19.25736002800005,0 73.13671600000004,19.25741500000004,0 73.13648000000006,19.25672200000003,0 73.13632445400003,19.25646275500003,0 73.13621814200008,19.25628200200003,0 73.13607767100007,19.25604817700003,0 73.13598400000006,19.25590000100004,0 73.13599816700008,19.25579283300004,0 73.13576128900007,19.25550378400004,0 73.13565500000004,19.25556550000005,0 73.13547606200007,19.25557186200007,0 73.13526673600006,19.25558752800004,0 73.13509225000007,19.25559423200008,0 73.13499399300008,19.25559641500007,0 73.13488133400006,19.25559700000002,0 73.13472600000006,19.25558700000005,0 73.13445731700006,19.25551624000008,0 73.13429701900003,19.25548291700005,0 73.13418400000006,19.25546000000003,0 73.13405103300005,19.25545690500007,0 73.13381900000007,19.25545000000005,0 73.13364721500005,19.25542377300008,0 73.13354221600008,19.25540732900004,0 73.13345385100007,19.25539469900008,0 73.13336091800005,19.25538122900002,0 73.13338682000006,19.25463004200003,0 73.13339500000006,19.25434100000007,0 73.13317150100005,19.25431100000003,0 73.13277800000003,19.25427300000007,0 73.13264825800007,19.25414452400003,0 73.13250000000005,19.25411100000002,0 73.13235790000004,19.25413556700005,0 73.13226835000006,19.25414135000005,0 73.13217935000006,19.25410635100008,0 73.13200667300003,19.25413278400004,0 73.13195864300008,19.25299948700007,0 73.13252139400004,19.25305884800002,0 73.13392495000005,19.25321240900007,0 73.13402006200005,19.25322398500003,0 73.13481603400004,19.25331032400004,0 73.13502042500005,19.25333114600005,0 73.13557153500005,19.25339643700005,0 73.13571085600006,19.25341225100004,0 73.13616131100008,19.25346064000007,0 73.13631341300004,19.25337629100005,0 73.13668856300006,19.25317445900004,0 73.13681983600003,19.25310772500006,0 73.13692041600007,19.25306379300002,0 73.13711895800003,19.25319752700005,0 73.13764377200005,19.25354176600007,0 73.13782240300003,19.25365395600005,0 73.13800168300008,19.25376693200008,0 73.13835266500007,19.25399840700004,0 73.13859121600007,19.25415058600004,0 73.13878865900006,19.25428758900006,0 73.13908081100004,19.25446274900003,0 73.13932599300006,19.25462167600006,0 73.13949360000004,19.25472931300004,0 73.13961377900006,19.25480560700004,0 73.13978617800007,19.25491275900004,0 73.14008273000007,19.25510456700005,0 73.14018745200008,19.25517432800007,0 73.14025754600004,19.25521826300007,0 73.14033926800005,19.25527273000006,0 73.14045421500003,19.25534347200005,0 73.14105334600004,19.25572869800004,0 73.14116550400007,19.25579972900005,0 73.14176018100005,19.25618467200007,0 73.14210599700004,19.25640626600006,0 73.14227121100004,19.25651430900007,0 73.14235489100008,19.25656869600005,0 73.14243091500003,19.25662680700003,0 73.14152205000005,19.25667188400007,0 73.14073704000003,19.25657592000005,0 73.14034199100007,19.25657918100006,0 
						</coordinates>
					</LinearRing>
				</outerBoundaryIs>
			</Polygon>
		</Placemark>
	</Document>
	<Document>
		<name>Ward no.20.kml</name>
		<StyleMap id="m_ylw-pushpin18">
			<Pair>
				<key>normal</key>
				<styleUrl>#s_ylw-pushpin18</styleUrl>
			</Pair>
			<Pair>
				<key>highlight</key>
				<styleUrl>#s_ylw-pushpin_hl18</styleUrl>
			</Pair>
		</StyleMap>
		<Style id="s_ylw-pushpin18">
			<IconStyle>
				<scale>1.1</scale>
				<Icon>
					<href>https://maps.google.com/mapfiles/kml/pushpin/ylw-pushpin.png</href>
				</Icon>
				<hotSpot x="20" y="2" xunits="pixels" yunits="pixels"/>
			</IconStyle>
			<LineStyle>
				<color>ffffff55</color>
				<width>3</width>
			</LineStyle>
			<PolyStyle>
				<fill>0</fill>
			</PolyStyle>
		</Style>
		<Style id="s_ylw-pushpin_hl18">
			<IconStyle>
				<scale>1.3</scale>
				<Icon>
					<href>https://maps.google.com/mapfiles/kml/pushpin/ylw-pushpin.png</href>
				</Icon>
				<hotSpot x="20" y="2" xunits="pixels" yunits="pixels"/>
			</IconStyle>
			<LineStyle>
				<color>ffffff55</color>
				<width>3</width>
			</LineStyle>
			<PolyStyle>
				<fill>0</fill>
			</PolyStyle>
		</Style>
		<Placemark>
			<name>Ward no.20.kml</name>
			<styleUrl>#m_ylw-pushpin18</styleUrl>
			<Polygon>
				<tessellate>1</tessellate>
				<outerBoundaryIs>
					<LinearRing>
						<coordinates>
							73.12808721300007,19.25957636400005,0 73.12765189000004,19.25977443800002,0 73.12694168000007,19.25986049200003,0 73.12675067200007,19.25953572400005,0 73.12629428100007,19.25945925700006,0 73.12596651400008,19.25935807700006,0 73.12517925200007,19.25956392400008,0 73.12513729500006,19.25934783400004,0 73.12481082000005,19.25803257800004,0 73.12452658500007,19.25682956000003,0 73.12314550000008,19.25678950000003,0 73.12291601700008,19.25601490900004,0 73.12204719800008,19.25594310100007,0 73.12183100100003,19.25599150000005,0 73.12181900000007,19.25587900000005,0 73.12171745500007,19.25584704200003,0 73.12136566400005,19.25527913100007,0 73.12117213900007,19.25515976300005,0 73.12108900000004,19.25503700000007,0 73.12078043200006,19.25491858700008,0 73.12056761300005,19.25518464500004,0 73.12049325800007,19.25528327100005,0 73.12027725200005,19.25556108500007,0 73.12002780400007,19.25628830700003,0 73.11968692700003,19.25655677600003,0 73.11896000100006,19.25641200000007,0 73.11886250000003,19.25593000000004,0 73.11732400000005,19.25542000000007,0 73.11748358300008,19.25460954100004,0 73.11737255600008,19.25465139700003,0 73.11621800000006,19.25452450000006,0 73.11607210500006,19.25510782100002,0 73.11577475600006,19.25542864400006,0 73.11533500000007,19.25564750000007,0 73.11512500000003,19.25594400000006,0 73.11512200400006,19.25628082200007,0 73.11379750100008,19.25585300100005,0 73.11482900000004,19.25439700000004,0 73.11586500000004,19.25294800000006,0 73.11632000000003,19.25179900000006,0 73.11746300000004,19.25029500000005,0 73.11757400900007,19.24950359400003,0 73.11778929600007,19.24763385400007,0 73.11754192600006,19.24521050700002,0 73.11867086900008,19.24505501200002,0 73.11901867300008,19.24522001100007,0 73.11986868900004,19.24628795300004,0 73.12022627700003,19.24673736100004,0 73.12043636400006,19.24696284800007,0 73.12106985600008,19.24782419700006,0 73.12153987500005,19.24856474900003,0 73.12205297700007,19.24941021000007,0 73.12220500000006,19.24962600000004,0 73.12264001100004,19.25032910800007,0 73.12280600000008,19.25059900000002,0 73.12327595700003,19.25124505300005,0 73.12352500000003,19.25158400000004,0 73.12368600000008,19.25169800000003,0 73.12400941400006,19.25177875300005,0 73.12422500000008,19.25182900000004,0 73.12504833400004,19.25197426300002,0 73.12518987000004,19.25199678800004,0 73.12549827400005,19.25204139100003,0 73.12568394700008,19.25206912400006,0 73.12586596900007,19.25209818700006,0 73.12601009500008,19.25212113400005,0 73.12678611200005,19.25223923400006,0 73.12689173600006,19.25225551400007,0 73.12732434800006,19.25232135600004,0 73.12860271400007,19.25252496700006,0 73.12880839300004,19.25255389600005,0 73.12925881100006,19.25262323300007,0 73.13130204700008,19.25292108800005,0 73.13195864300008,19.25299948700007,0 73.13200667300003,19.25413278400004,0 73.13201042700007,19.25423415800003,0 73.13201582200003,19.25434689000002,0 73.13202563600004,19.25458620000006,0 73.13205051700004,19.25506990300005,0 73.13188908800004,19.25616957200003,0 73.13183843700006,19.25687015000005,0 73.13190294500004,19.25703732100004,0 73.13198657200007,19.25728115400005,0 73.13206878100004,19.25749372000007,0 73.13219118300003,19.25778101000003,0 73.13230449000008,19.25805182000005,0 73.13222450700005,19.25809659300006,0 73.13188536700005,19.25761806400004,0 73.13177079700006,19.25747091100004,0 73.13082667100008,19.25729501200004,0 73.13020600400006,19.25718272800003,0 73.13011827700007,19.25782838200007,0 73.13003400100007,19.25867450000004,0 73.12976900000007,19.25864400100005,0 73.12955032300005,19.25893443100006,0 73.12931436200006,19.25898214000006,0 73.12912160900004,19.25901916800007,0 73.12893256700005,19.25905652800003,0 73.12849926600006,19.25913860600002,0 73.12836870400008,19.25916382500003,0 73.12798655900008,19.25923365300002,0 73.12802239700005,19.25937268500007,0 73.12808721300007,19.25957636400005,0 
						</coordinates>
					</LinearRing>
				</outerBoundaryIs>
			</Polygon>
		</Placemark>
	</Document>
	<Document>
		<name>Ward no.21.kml</name>
		<StyleMap id="m_ylw-pushpin19">
			<Pair>
				<key>normal</key>
				<styleUrl>#s_ylw-pushpin19</styleUrl>
			</Pair>
			<Pair>
				<key>highlight</key>
				<styleUrl>#s_ylw-pushpin_hl19</styleUrl>
			</Pair>
		</StyleMap>
		<Style id="s_ylw-pushpin19">
			<IconStyle>
				<scale>1.1</scale>
				<Icon>
					<href>https://maps.google.com/mapfiles/kml/pushpin/ylw-pushpin.png</href>
				</Icon>
				<hotSpot x="20" y="2" xunits="pixels" yunits="pixels"/>
			</IconStyle>
			<LineStyle>
				<color>ffffff55</color>
				<width>3</width>
			</LineStyle>
			<PolyStyle>
				<fill>0</fill>
			</PolyStyle>
		</Style>
		<Style id="s_ylw-pushpin_hl19">
			<IconStyle>
				<scale>1.3</scale>
				<Icon>
					<href>https://maps.google.com/mapfiles/kml/pushpin/ylw-pushpin.png</href>
				</Icon>
				<hotSpot x="20" y="2" xunits="pixels" yunits="pixels"/>
			</IconStyle>
			<LineStyle>
				<color>ffffff55</color>
				<width>3</width>
			</LineStyle>
			<PolyStyle>
				<fill>0</fill>
			</PolyStyle>
		</Style>
		<Placemark>
			<name>Ward no.21.kml</name>
			<styleUrl>#m_ylw-pushpin19</styleUrl>
			<Polygon>
				<tessellate>1</tessellate>
				<outerBoundaryIs>
					<LinearRing>
						<coordinates>
							73.12725800000004,19.25156600000003,0 73.12701200000004,19.25158600000003,0 73.12689173600006,19.25225551400007,0 73.12678611200005,19.25223923400006,0 73.12601009500008,19.25212113400005,0 73.12586596900007,19.25209818700006,0 73.12568394700008,19.25206912400006,0 73.12549827400005,19.25204139100003,0 73.12518987000004,19.25199678800004,0 73.12504833400004,19.25197426300002,0 73.12422500000008,19.25182900000004,0 73.12400941400006,19.25177875300005,0 73.12368600000008,19.25169800000003,0 73.12352500000003,19.25158400000004,0 73.12327595700003,19.25124505300005,0 73.12280600000008,19.25059900000002,0 73.12264001100004,19.25032910800007,0 73.12220500000006,19.24962600000004,0 73.12205297700007,19.24941021000007,0 73.12153987500005,19.24856474900003,0 73.12106985600008,19.24782419700006,0 73.12043636400006,19.24696284800007,0 73.12022627700003,19.24673736100004,0 73.12181394000004,19.24662303900004,0 73.12204992400007,19.24660369200007,0 73.12226949900008,19.24658117800004,0 73.12331613000003,19.24645775200003,0 73.12340313000004,19.24645221500003,0 73.12370200000004,19.24646100000007,0 73.12439900000004,19.24645300000003,0 73.12497124000004,19.24640529000004,0 73.12542001900005,19.24636953200007,0 73.12573666500003,19.24634363500007,0 73.12633214700008,19.24620932000005,0 73.12638914200005,19.24651287700004,0 73.12656944300005,19.24719522200007,0 73.12646373200005,19.24809469900004,0 73.12657700000005,19.24809200000004,0 73.12680200000005,19.24803600000007,0 73.12691279500007,19.24836696000006,0 73.12699727800003,19.24863061900004,0 73.12718802100005,19.24920629400003,0 73.12722960500008,19.24933282300003,0 73.12745200000006,19.25001600000007,0 73.12756700000006,19.25025200000005,0 73.12765500000006,19.25032500000003,0 73.12814400000008,19.25081100000006,0 73.12765300000007,19.25122400000004,0 73.12757000000005,19.25133600000004,0 73.12733900000006,19.25125400000007,0 73.12725800000004,19.25156600000003,0 
						</coordinates>
					</LinearRing>
				</outerBoundaryIs>
			</Polygon>
		</Placemark>
	</Document>
	<Document>
		<name>Ward no.22.kml</name>
		<StyleMap id="m_ylw-pushpin20">
			<Pair>
				<key>normal</key>
				<styleUrl>#s_ylw-pushpin20</styleUrl>
			</Pair>
			<Pair>
				<key>highlight</key>
				<styleUrl>#s_ylw-pushpin_hl20</styleUrl>
			</Pair>
		</StyleMap>
		<Style id="s_ylw-pushpin20">
			<IconStyle>
				<scale>1.1</scale>
				<Icon>
					<href>https://maps.google.com/mapfiles/kml/pushpin/ylw-pushpin.png</href>
				</Icon>
				<hotSpot x="20" y="2" xunits="pixels" yunits="pixels"/>
			</IconStyle>
			<LineStyle>
				<color>ffffff55</color>
				<width>3</width>
			</LineStyle>
			<PolyStyle>
				<fill>0</fill>
			</PolyStyle>
		</Style>
		<Style id="s_ylw-pushpin_hl20">
			<IconStyle>
				<scale>1.3</scale>
				<Icon>
					<href>https://maps.google.com/mapfiles/kml/pushpin/ylw-pushpin.png</href>
				</Icon>
				<hotSpot x="20" y="2" xunits="pixels" yunits="pixels"/>
			</IconStyle>
			<LineStyle>
				<color>ffffff55</color>
				<width>3</width>
			</LineStyle>
			<PolyStyle>
				<fill>0</fill>
			</PolyStyle>
		</Style>
		<Placemark>
			<name>Ward no.22.kml</name>
			<styleUrl>#m_ylw-pushpin20</styleUrl>
			<Polygon>
				<tessellate>1</tessellate>
				<outerBoundaryIs>
					<LinearRing>
						<coordinates>
							73.13363300000003,19.25175000000007,0 73.13377400000007,19.25223900000003,0 73.13391700000005,19.25263300000006,0 73.13392495000005,19.25321240900007,0 73.13252139400004,19.25305884800002,0 73.13195864300008,19.25299948700007,0 73.13130204700008,19.25292108800005,0 73.12925881100006,19.25262323300007,0 73.12880839300004,19.25255389600005,0 73.12860271400007,19.25252496700006,0 73.12732434800006,19.25232135600004,0 73.12689173600006,19.25225551400007,0 73.12701200000004,19.25158600000003,0 73.12725800000004,19.25156600000003,0 73.12733900000006,19.25125400000007,0 73.12757000000005,19.25133600000004,0 73.12765300000007,19.25122400000004,0 73.12814400000008,19.25081100000006,0 73.12765500000006,19.25032500000003,0 73.12756700000006,19.25025200000005,0 73.12745200000006,19.25001600000007,0 73.12863200000004,19.24988500000006,0 73.12886562100005,19.24988578900008,0 73.12897764900003,19.24989228500004,0 73.13042643300008,19.25003455600006,0 73.13033016700007,19.24942390000007,0 73.13029700100003,19.24910900000003,0 73.13047975000006,19.24876450000005,0 73.13060015600007,19.24881380000005,0 73.13075000000003,19.24887050000007,0 73.13113300000003,19.24915850000008,0 73.13162350000005,19.24928425000007,0 73.13231225400006,19.24957713200007,0 73.13272444800003,19.24975854600007,0 73.13282449200005,19.24982438700005,0 73.13295095000007,19.24989000000005,0 73.13357802100006,19.24989509000005,0 73.13352700000007,19.25016900000003,0 73.13356100000004,19.25041700000003,0 73.13364600000006,19.25059000000005,0 73.13351800000004,19.25080300000008,0 73.13357469600004,19.25126903400007,0 73.13363300000003,19.25175000000007,0 
						</coordinates>
					</LinearRing>
				</outerBoundaryIs>
			</Polygon>
		</Placemark>
	</Document>
	<Document>
		<name>Ward no.23.kml</name>
		<StyleMap id="m_ylw-pushpin21">
			<Pair>
				<key>normal</key>
				<styleUrl>#s_ylw-pushpin21</styleUrl>
			</Pair>
			<Pair>
				<key>highlight</key>
				<styleUrl>#s_ylw-pushpin_hl21</styleUrl>
			</Pair>
		</StyleMap>
		<Style id="s_ylw-pushpin21">
			<IconStyle>
				<scale>1.1</scale>
				<Icon>
					<href>https://maps.google.com/mapfiles/kml/pushpin/ylw-pushpin.png</href>
				</Icon>
				<hotSpot x="20" y="2" xunits="pixels" yunits="pixels"/>
			</IconStyle>
			<LineStyle>
				<color>ffffff55</color>
				<width>3</width>
			</LineStyle>
			<PolyStyle>
				<fill>0</fill>
			</PolyStyle>
		</Style>
		<Style id="s_ylw-pushpin_hl21">
			<IconStyle>
				<scale>1.3</scale>
				<Icon>
					<href>https://maps.google.com/mapfiles/kml/pushpin/ylw-pushpin.png</href>
				</Icon>
				<hotSpot x="20" y="2" xunits="pixels" yunits="pixels"/>
			</IconStyle>
			<LineStyle>
				<color>ffffff55</color>
				<width>3</width>
			</LineStyle>
			<PolyStyle>
				<fill>0</fill>
			</PolyStyle>
		</Style>
		<Placemark>
			<name>Ward no.23.kml</name>
			<styleUrl>#m_ylw-pushpin21</styleUrl>
			<Polygon>
				<tessellate>1</tessellate>
				<outerBoundaryIs>
					<LinearRing>
						<coordinates>
							73.14089185300008,19.25036454400004,0 73.13962511700004,19.25137073500002,0 73.13918993200008,19.25170249400003,0 73.13899309100003,19.25184460400004,0 73.13874181300008,19.25200367700006,0 73.13823136600007,19.25230221000004,0 73.13783526300006,19.25256989700006,0 73.13728761100003,19.25286388900003,0 73.13692041600007,19.25306379300002,0 73.13681983600003,19.25310772500006,0 73.13668856300006,19.25317445900004,0 73.13631341300004,19.25337629100005,0 73.13616131100008,19.25346064000007,0 73.13571085600006,19.25341225100004,0 73.13557153500005,19.25339643700005,0 73.13502042500005,19.25333114600005,0 73.13481603400004,19.25331032400004,0 73.13402006200005,19.25322398500003,0 73.13392495000005,19.25321240900007,0 73.13391700000005,19.25263300000006,0 73.13377400000007,19.25223900000003,0 73.13363300000003,19.25175000000007,0 73.13357469600004,19.25126903400007,0 73.13351800000004,19.25080300000008,0 73.13364600000006,19.25059000000005,0 73.13356100000004,19.25041700000003,0 73.13352700000007,19.25016900000003,0 73.13357802100006,19.24989509000005,0 73.13295095000007,19.24989000000005,0 73.13282449200005,19.24982438700005,0 73.13272444800003,19.24975854600007,0 73.13282450100007,19.24958550000002,0 73.13285041600005,19.24946271600004,0 73.13288250100004,19.24929300100007,0 73.13287102400005,19.24904997600004,0 73.13308000100005,19.24903000000006,0 73.13307637300005,19.24872810600004,0 73.13307300000008,19.24864566700006,0 73.13301450000006,19.24853650100005,0 73.13293884800004,19.24837473400004,0 73.13302029000005,19.24838479000005,0 73.13315566400007,19.24840748200006,0 73.13337600000006,19.24844950000005,0 73.13341863100004,19.24832719600005,0 73.13414725000007,19.24847575000007,0 73.13519450100006,19.24860850000005,0 73.13519633300007,19.24829800000003,0 73.13550100100008,19.24825300000003,0 73.13563450000004,19.24814850000007,0 73.13579266700003,19.24796023300007,0 73.13651000100003,19.24785235100006,0 73.13696957100007,19.24786740200005,0 73.13736880900007,19.24786103400004,0 73.13749866300003,19.24810994900003,0 73.13769788700006,19.24829207800008,0 73.13781800000004,19.24864400000007,0 73.13796000000008,19.24885100000006,0 73.13835722800007,19.24853916200004,0 73.13884914900007,19.24819606500006,0 73.13917776200003,19.24803256800004,0 73.13954518200006,19.24784842800005,0 73.13989499000007,19.24780073000005,0 73.13998579800005,19.24772804100007,0 73.14069536200003,19.24729468200007,0 73.14076965700008,19.24745655800007,0 73.14089538700006,19.24761682300004,0 73.14114700000005,19.24775200000005,0 73.14138486800005,19.24774071500008,0 73.14154844000007,19.24774786900002,0 73.14173569200005,19.24792582500004,0 73.14184085100004,19.24809835000008,0 73.14191343600004,19.24825659800007,0 73.14183612300008,19.24840454400004,0 73.14179100000007,19.24864900000006,0 73.14180693400004,19.24885760300003,0 73.14206274500003,19.24926187000006,0 73.14221947800007,19.24950511100008,0 73.14178164200007,19.24978231300003,0 73.14089185300008,19.25036454400004,0 
						</coordinates>
					</LinearRing>
				</outerBoundaryIs>
			</Polygon>
		</Placemark>
	</Document>
	<Document>
		<name>Ward no.24.kml</name>
		<StyleMap id="m_ylw-pushpin22">
			<Pair>
				<key>normal</key>
				<styleUrl>#s_ylw-pushpin22</styleUrl>
			</Pair>
			<Pair>
				<key>highlight</key>
				<styleUrl>#s_ylw-pushpin_hl22</styleUrl>
			</Pair>
		</StyleMap>
		<Style id="s_ylw-pushpin22">
			<IconStyle>
				<scale>1.1</scale>
				<Icon>
					<href>https://maps.google.com/mapfiles/kml/pushpin/ylw-pushpin.png</href>
				</Icon>
				<hotSpot x="20" y="2" xunits="pixels" yunits="pixels"/>
			</IconStyle>
			<LineStyle>
				<color>ffffff55</color>
				<width>3</width>
			</LineStyle>
			<PolyStyle>
				<fill>0</fill>
			</PolyStyle>
		</Style>
		<Style id="s_ylw-pushpin_hl22">
			<IconStyle>
				<scale>1.3</scale>
				<Icon>
					<href>https://maps.google.com/mapfiles/kml/pushpin/ylw-pushpin.png</href>
				</Icon>
				<hotSpot x="20" y="2" xunits="pixels" yunits="pixels"/>
			</IconStyle>
			<LineStyle>
				<color>ffffff55</color>
				<width>3</width>
			</LineStyle>
			<PolyStyle>
				<fill>0</fill>
			</PolyStyle>
		</Style>
		<Placemark>
			<name>Ward no.24.kml</name>
			<styleUrl>#m_ylw-pushpin22</styleUrl>
			<Polygon>
				<tessellate>1</tessellate>
				<outerBoundaryIs>
					<LinearRing>
						<coordinates>
							73.14468691700006,19.24789362700005,0 73.14440069500006,19.24808066700007,0 73.14374635100006,19.24850764900003,0 73.14246326000006,19.24934088600003,0 73.14221947800007,19.24950511100008,0 73.14206274500003,19.24926187000006,0 73.14180693400004,19.24885760300003,0 73.14179100000007,19.24864900000006,0 73.14183612300008,19.24840454400004,0 73.14191343600004,19.24825659800007,0 73.14184085100004,19.24809835000008,0 73.14173569200005,19.24792582500004,0 73.14154844000007,19.24774786900002,0 73.14138486800005,19.24774071500008,0 73.14114700000005,19.24775200000005,0 73.14089538700006,19.24761682300004,0 73.14076965700008,19.24745655800007,0 73.14103976700005,19.24704216200007,0 73.14095224700003,19.24659102500004,0 73.14108287300007,19.24646776000003,0 73.14110307300007,19.24622513500003,0 73.14103299400006,19.24613375800004,0 73.14102904400005,19.24578708200005,0 73.14101807200007,19.24555074800003,0 73.14099285200007,19.24530583100005,0 73.14098180500008,19.24518349100003,0 73.14091696300005,19.24489114900007,0 73.14082478200004,19.24430196000003,0 73.14103489700005,19.24423874100006,0 73.14143776400005,19.24426538600005,0 73.14171321900005,19.24434203900006,0 73.14239118000006,19.24425030600003,0 73.14276835600003,19.24410456300006,0 73.14328852600005,19.24394532000002,0 73.14367210900008,19.24393469800003,0 73.14380029900008,19.24392388100006,0 73.14387703700004,19.24389808700005,0 73.14417234400008,19.24378783700007,0 73.14436055700008,19.24371876700008,0 73.14454139000003,19.24365133200007,0 73.14477900000003,19.24356400000005,0 73.14507115500004,19.24350795200007,0 73.14535658200003,19.24344532400005,0 73.14560916300007,19.24414116600008,0 73.14611206400008,19.24402428100007,0 73.14602600000006,19.24350800000008,0 73.14645761300005,19.24338941700006,0 73.14664346900008,19.24397605600007,0 73.14685118900007,19.24397055100008,0 73.14690497200007,19.24427216600003,0 73.14691056200007,19.24440374200003,0 73.14695024400004,19.24450498500005,0 73.14708149200004,19.24474401000003,0 73.14702966100003,19.24491537200004,0 73.14681566500008,19.24486785300007,0 73.14675131300004,19.24497811400005,0 73.14689968100004,19.24506722200005,0 73.14685389800007,19.24528025700005,0 73.14719006900003,19.24561050600005,0 73.14731455500004,19.24552958900006,0 73.14755533800007,19.24575483800004,0 73.14655463600008,19.24663759400005,0 73.14647727300007,19.24669676100007,0 73.14615163300004,19.24691758800003,0 73.14545941900008,19.24737854200004,0 73.14468691700006,19.24789362700005,0 
						</coordinates>
					</LinearRing>
				</outerBoundaryIs>
			</Polygon>
		</Placemark>
	</Document>
	<Document>
		<name>Ward no.25.kml</name>
		<StyleMap id="m_ylw-pushpin23">
			<Pair>
				<key>normal</key>
				<styleUrl>#s_ylw-pushpin23</styleUrl>
			</Pair>
			<Pair>
				<key>highlight</key>
				<styleUrl>#s_ylw-pushpin_hl23</styleUrl>
			</Pair>
		</StyleMap>
		<Style id="s_ylw-pushpin23">
			<IconStyle>
				<scale>1.1</scale>
				<Icon>
					<href>https://maps.google.com/mapfiles/kml/pushpin/ylw-pushpin.png</href>
				</Icon>
				<hotSpot x="20" y="2" xunits="pixels" yunits="pixels"/>
			</IconStyle>
			<LineStyle>
				<color>ffffff55</color>
				<width>3</width>
			</LineStyle>
			<PolyStyle>
				<fill>0</fill>
			</PolyStyle>
		</Style>
		<Style id="s_ylw-pushpin_hl23">
			<IconStyle>
				<scale>1.3</scale>
				<Icon>
					<href>https://maps.google.com/mapfiles/kml/pushpin/ylw-pushpin.png</href>
				</Icon>
				<hotSpot x="20" y="2" xunits="pixels" yunits="pixels"/>
			</IconStyle>
			<LineStyle>
				<color>ffffff55</color>
				<width>3</width>
			</LineStyle>
			<PolyStyle>
				<fill>0</fill>
			</PolyStyle>
		</Style>
		<Placemark>
			<name>Ward no.25.kml</name>
			<styleUrl>#m_ylw-pushpin23</styleUrl>
			<Polygon>
				<tessellate>1</tessellate>
				<outerBoundaryIs>
					<LinearRing>
						<coordinates>
							73.14755533800007,19.24575483800004,0 73.14731455500004,19.24552958900006,0 73.14719006900003,19.24561050600005,0 73.14685389800007,19.24528025700005,0 73.14689968100004,19.24506722200005,0 73.14675131300004,19.24497811400005,0 73.14681566500008,19.24486785300007,0 73.14702966100003,19.24491537200004,0 73.14708149200004,19.24474401000003,0 73.14695024400004,19.24450498500005,0 73.14691056200007,19.24440374200003,0 73.14690497200007,19.24427216600003,0 73.14685118900007,19.24397055100008,0 73.14664346900008,19.24397605600007,0 73.14645761300005,19.24338941700006,0 73.14602600000006,19.24350800000008,0 73.14611206400008,19.24402428100007,0 73.14560916300007,19.24414116600008,0 73.14535658200003,19.24344532400005,0 73.14507115500004,19.24350795200007,0 73.14477900000003,19.24356400000005,0 73.14454139000003,19.24365133200007,0 73.14436055700008,19.24371876700008,0 73.14417234400008,19.24378783700007,0 73.14387703700004,19.24389808700005,0 73.14380029900008,19.24392388100006,0 73.14367210900008,19.24393469800003,0 73.14369000000005,19.24353900000006,0 73.14366600000005,19.24326300000007,0 73.14355300000005,19.24283000000003,0 73.14359520000005,19.24214179900002,0 73.14375400000006,19.24147200000004,0 73.14373800000004,19.24110800000005,0 73.14389255100008,19.24052852300002,0 73.14465334800008,19.24077802700003,0 73.14481325600008,19.24082611800003,0 73.14544608200003,19.24097066800005,0 73.14592901400005,19.24107707700006,0 73.14628296900008,19.24115510300004,0 73.14672000000007,19.24124900000004,0 73.14741500000008,19.24148200000008,0 73.14752793300005,19.24150346700003,0 73.14854400000007,19.24172000000004,0 73.14903300000003,19.24188000000004,0 73.14943000000005,19.24208500000003,0 73.14968700000003,19.24238600000007,0 73.15011008400006,19.24282452300002,0 73.15032552500008,19.24304782500008,0 73.15010370200008,19.24326606300008,0 73.14975867400005,19.24360551400002,0 73.14950590500007,19.24385112800007,0 73.14936210400003,19.24399079700004,0 73.14908365000008,19.24427268400007,0 73.14861641000005,19.24474860500004,0 73.14834864600004,19.24502267700007,0 73.14803695700004,19.24531925400004,0 73.14788388600005,19.24546320400003,0 73.14755533800007,19.24575483800004,0 
						</coordinates>
					</LinearRing>
				</outerBoundaryIs>
			</Polygon>
		</Placemark>
	</Document>
	<Document>
		<name>Ward no.26.kml</name>
		<StyleMap id="m_ylw-pushpin24">
			<Pair>
				<key>normal</key>
				<styleUrl>#s_ylw-pushpin24</styleUrl>
			</Pair>
			<Pair>
				<key>highlight</key>
				<styleUrl>#s_ylw-pushpin_hl24</styleUrl>
			</Pair>
		</StyleMap>
		<Style id="s_ylw-pushpin24">
			<IconStyle>
				<scale>1.1</scale>
				<Icon>
					<href>https://maps.google.com/mapfiles/kml/pushpin/ylw-pushpin.png</href>
				</Icon>
				<hotSpot x="20" y="2" xunits="pixels" yunits="pixels"/>
			</IconStyle>
			<LineStyle>
				<color>ffffff55</color>
				<width>3</width>
			</LineStyle>
			<PolyStyle>
				<fill>0</fill>
			</PolyStyle>
		</Style>
		<Style id="s_ylw-pushpin_hl24">
			<IconStyle>
				<scale>1.3</scale>
				<Icon>
					<href>https://maps.google.com/mapfiles/kml/pushpin/ylw-pushpin.png</href>
				</Icon>
				<hotSpot x="20" y="2" xunits="pixels" yunits="pixels"/>
			</IconStyle>
			<LineStyle>
				<color>ffffff55</color>
				<width>3</width>
			</LineStyle>
			<PolyStyle>
				<fill>0</fill>
			</PolyStyle>
		</Style>
		<Placemark>
			<name>Ward no.26.kml</name>
			<styleUrl>#m_ylw-pushpin24</styleUrl>
			<Polygon>
				<tessellate>1</tessellate>
				<outerBoundaryIs>
					<LinearRing>
						<coordinates>
							73.14082478200004,19.24430196000003,0 73.14057900000006,19.24434100000008,0 73.14031800000004,19.24441200000007,0 73.13987823200006,19.24451840000006,0 73.13974015700006,19.24456505900002,0 73.13948783200004,19.24466194500008,0 73.13920568700007,19.24477857700003,0 73.13877330100007,19.24504920100003,0 73.13820773800006,19.24518669500003,0 73.13805044700007,19.24522921900007,0 73.13781736800007,19.24528713500007,0 73.13752969600006,19.24535458600008,0 73.13732526500007,19.24540898100003,0 73.13714756800005,19.24544137300006,0 73.13693500400007,19.24545944500005,0 73.13586486300005,19.24555573400005,0 73.13567648700007,19.24554894200003,0 73.13562516400003,19.24492795500004,0 73.13559816200006,19.24475097600003,0 73.13556581100005,19.24457082600003,0 73.13550402400006,19.24427537300005,0 73.13537879900008,19.24398066100002,0 73.13508670200008,19.24347042000005,0 73.13503118300008,19.24303110600005,0 73.13465361900006,19.24300568300004,0 73.13454952200004,19.24279845700005,0 73.13487693300004,19.24265387700007,0 73.13542289200007,19.24241776400004,0 73.13594465000006,19.24233385000002,0 73.13641389100007,19.24228521500004,0 73.13761639000006,19.24217624600004,0 73.13785117500004,19.24215353200003,0 73.13798222600008,19.24214016600007,0 73.13832980900008,19.24214119600003,0 73.13865449200006,19.24214447700007,0 73.13884661200007,19.24216208600006,0 73.13965254900006,19.24223274400003,0 73.14039600000007,19.24224700000008,0 73.14105000000006,19.24221700000004,0 73.14189800000008,19.24216100000007,0 73.14240200000006,19.24217600000003,0 73.14319894200008,19.24215449900004,0 73.14359520000005,19.24214179900002,0 73.14355300000005,19.24283000000003,0 73.14366600000005,19.24326300000007,0 73.14369000000005,19.24353900000006,0 73.14367210900008,19.24393469800003,0 73.14328852600005,19.24394532000002,0 73.14276835600003,19.24410456300006,0 73.14239118000006,19.24425030600003,0 73.14171321900005,19.24434203900006,0 73.14143776400005,19.24426538600005,0 73.14103489700005,19.24423874100006,0 73.14082478200004,19.24430196000003,0 
						</coordinates>
					</LinearRing>
				</outerBoundaryIs>
			</Polygon>
		</Placemark>
	</Document>
	<Document>
		<name>Ward no.27.kml</name>
		<StyleMap id="m_ylw-pushpin25">
			<Pair>
				<key>normal</key>
				<styleUrl>#s_ylw-pushpin25</styleUrl>
			</Pair>
			<Pair>
				<key>highlight</key>
				<styleUrl>#s_ylw-pushpin_hl25</styleUrl>
			</Pair>
		</StyleMap>
		<Style id="s_ylw-pushpin25">
			<IconStyle>
				<scale>1.1</scale>
				<Icon>
					<href>https://maps.google.com/mapfiles/kml/pushpin/ylw-pushpin.png</href>
				</Icon>
				<hotSpot x="20" y="2" xunits="pixels" yunits="pixels"/>
			</IconStyle>
			<LineStyle>
				<color>ffffff55</color>
				<width>3</width>
			</LineStyle>
			<PolyStyle>
				<fill>0</fill>
			</PolyStyle>
		</Style>
		<Style id="s_ylw-pushpin_hl25">
			<IconStyle>
				<scale>1.3</scale>
				<Icon>
					<href>https://maps.google.com/mapfiles/kml/pushpin/ylw-pushpin.png</href>
				</Icon>
				<hotSpot x="20" y="2" xunits="pixels" yunits="pixels"/>
			</IconStyle>
			<LineStyle>
				<color>ffffff55</color>
				<width>3</width>
			</LineStyle>
			<PolyStyle>
				<fill>0</fill>
			</PolyStyle>
		</Style>
		<Placemark>
			<name>Ward no.27.kml</name>
			<styleUrl>#m_ylw-pushpin25</styleUrl>
			<Polygon>
				<tessellate>1</tessellate>
				<outerBoundaryIs>
					<LinearRing>
						<coordinates>
							73.13917776200003,19.24803256800004,0 73.13884914900007,19.24819606500006,0 73.13835722800007,19.24853916200004,0 73.13796000000008,19.24885100000006,0 73.13781800000004,19.24864400000007,0 73.13769788700006,19.24829207800008,0 73.13749866300003,19.24810994900003,0 73.13736880900007,19.24786103400004,0 73.13696957100007,19.24786740200005,0 73.13651000100003,19.24785235100006,0 73.13579266700003,19.24796023300007,0 73.13563450000004,19.24814850000007,0 73.13550100100008,19.24825300000003,0 73.13519633300007,19.24829800000003,0 73.13519450100006,19.24860850000005,0 73.13414725000007,19.24847575000007,0 73.13341863100004,19.24832719600005,0 73.13349650000004,19.24811300100004,0 73.13369967300008,19.24808660700006,0 73.13387950000003,19.24806050000007,0 73.13394392900005,19.24766083300005,0 73.13396036600005,19.24754953300004,0 73.13397748100004,19.24740991900006,0 73.13403933400008,19.24690066600005,0 73.13471335600008,19.24678391300006,0 73.13479611800005,19.24677584800003,0 73.13492199200005,19.24677153400006,0 73.13508192700004,19.24676764400005,0 73.13523521100007,19.24676392300006,0 73.13551400000006,19.24675730000007,0 73.13556034600003,19.24665843200006,0 73.13563315000005,19.24650225000005,0 73.13587723300003,19.24645130000005,0 73.13585628300007,19.24597587000005,0 73.13586486300005,19.24555573400005,0 73.13693500400007,19.24545944500005,0 73.13714756800005,19.24544137300006,0 73.13732526500007,19.24540898100003,0 73.13752969600006,19.24535458600008,0 73.13781736800007,19.24528713500007,0 73.13805044700007,19.24522921900007,0 73.13820773800006,19.24518669500003,0 73.13877330100007,19.24504920100003,0 73.13920568700007,19.24477857700003,0 73.13948783200004,19.24466194500008,0 73.13974015700006,19.24456505900002,0 73.13987823200006,19.24451840000006,0 73.14031800000004,19.24441200000007,0 73.14057900000006,19.24434100000008,0 73.14082478200004,19.24430196000003,0 73.14091696300005,19.24489114900007,0 73.14098180500008,19.24518349100003,0 73.14099285200007,19.24530583100005,0 73.14101807200007,19.24555074800003,0 73.14102904400005,19.24578708200005,0 73.14103299400006,19.24613375800004,0 73.14110307300007,19.24622513500003,0 73.14108287300007,19.24646776000003,0 73.14095224700003,19.24659102500004,0 73.14103976700005,19.24704216200007,0 73.14076965700008,19.24745655800007,0 73.14069536200003,19.24729468200007,0 73.13998579800005,19.24772804100007,0 73.13989499000007,19.24780073000005,0 73.13954518200006,19.24784842800005,0 73.13917776200003,19.24803256800004,0 
						</coordinates>
					</LinearRing>
				</outerBoundaryIs>
			</Polygon>
		</Placemark>
	</Document>
	<Document>
		<name>Ward no.28.kml</name>
		<StyleMap id="m_ylw-pushpin26">
			<Pair>
				<key>normal</key>
				<styleUrl>#s_ylw-pushpin26</styleUrl>
			</Pair>
			<Pair>
				<key>highlight</key>
				<styleUrl>#s_ylw-pushpin_hl26</styleUrl>
			</Pair>
		</StyleMap>
		<Style id="s_ylw-pushpin26">
			<IconStyle>
				<scale>1.1</scale>
				<Icon>
					<href>https://maps.google.com/mapfiles/kml/pushpin/ylw-pushpin.png</href>
				</Icon>
				<hotSpot x="20" y="2" xunits="pixels" yunits="pixels"/>
			</IconStyle>
			<LineStyle>
				<color>ffffff55</color>
				<width>3</width>
			</LineStyle>
			<PolyStyle>
				<fill>0</fill>
			</PolyStyle>
		</Style>
		<Style id="s_ylw-pushpin_hl26">
			<IconStyle>
				<scale>1.3</scale>
				<Icon>
					<href>https://maps.google.com/mapfiles/kml/pushpin/ylw-pushpin.png</href>
				</Icon>
				<hotSpot x="20" y="2" xunits="pixels" yunits="pixels"/>
			</IconStyle>
			<LineStyle>
				<color>ffffff55</color>
				<width>3</width>
			</LineStyle>
			<PolyStyle>
				<fill>0</fill>
			</PolyStyle>
		</Style>
		<Placemark>
			<name>Ward no.28.kml</name>
			<styleUrl>#m_ylw-pushpin26</styleUrl>
			<Polygon>
				<tessellate>1</tessellate>
				<outerBoundaryIs>
					<LinearRing>
						<coordinates>
							73.13301450000006,19.24853650100005,0 73.13307300000008,19.24864566700006,0 73.13307637300005,19.24872810600004,0 73.13308000100005,19.24903000000006,0 73.13287102400005,19.24904997600004,0 73.13288250100004,19.24929300100007,0 73.13285041600005,19.24946271600004,0 73.13282450100007,19.24958550000002,0 73.13272444800003,19.24975854600007,0 73.13231225400006,19.24957713200007,0 73.13162350000005,19.24928425000007,0 73.13113300000003,19.24915850000008,0 73.13075000000003,19.24887050000007,0 73.13060015600007,19.24881380000005,0 73.13047975000006,19.24876450000005,0 73.13044800000006,19.24806400000006,0 73.13056421500005,19.24805091900004,0 73.13078416000008,19.24802902700003,0 73.13105900800008,19.24799605100003,0 73.13113794000003,19.24797889800004,0 73.13127078400004,19.24793438100005,0 73.13167892400008,19.24780595000004,0 73.13217527100005,19.24774680200005,0 73.13264476300003,19.24776942700004,0 73.13264151900006,19.24754060400005,0 73.13255491800004,19.24591225000006,0 73.13266640400008,19.24456233200004,0 73.13186066100008,19.24446261300005,0 73.13189900000003,19.24416200000007,0 73.13184500000006,19.24392400000005,0 73.13295541200006,19.24379010700005,0 73.13311600000003,19.24377200000004,0 73.13320500000003,19.24339700000007,0 73.13294463300008,19.24342740100008,0 73.13290550000005,19.24295450000005,0 73.13454952200004,19.24279845700005,0 73.13465361900006,19.24300568300004,0 73.13503118300008,19.24303110600005,0 73.13508670200008,19.24347042000005,0 73.13537879900008,19.24398066100002,0 73.13550402400006,19.24427537300005,0 73.13556581100005,19.24457082600003,0 73.13559816200006,19.24475097600003,0 73.13562516400003,19.24492795500004,0 73.13567648700007,19.24554894200003,0 73.13586486300005,19.24555573400005,0 73.13585628300007,19.24597587000005,0 73.13587723300003,19.24645130000005,0 73.13563315000005,19.24650225000005,0 73.13556034600003,19.24665843200006,0 73.13551400000006,19.24675730000007,0 73.13523521100007,19.24676392300006,0 73.13508192700004,19.24676764400005,0 73.13492199200005,19.24677153400006,0 73.13479611800005,19.24677584800003,0 73.13471335600008,19.24678391300006,0 73.13403933400008,19.24690066600005,0 73.13397748100004,19.24740991900006,0 73.13396036600005,19.24754953300004,0 73.13394392900005,19.24766083300005,0 73.13387950000003,19.24806050000007,0 73.13369967300008,19.24808660700006,0 73.13349650000004,19.24811300100004,0 73.13341863100004,19.24832719600005,0 73.13337600000006,19.24844950000005,0 73.13315566400007,19.24840748200006,0 73.13302029000005,19.24838479000005,0 73.13293884800004,19.24837473400004,0 73.13301450000006,19.24853650100005,0 
						</coordinates>
					</LinearRing>
				</outerBoundaryIs>
			</Polygon>
		</Placemark>
	</Document>
	<Document>
		<name>Ward no.29.kml</name>
		<StyleMap id="m_ylw-pushpin27">
			<Pair>
				<key>normal</key>
				<styleUrl>#s_ylw-pushpin27</styleUrl>
			</Pair>
			<Pair>
				<key>highlight</key>
				<styleUrl>#s_ylw-pushpin_hl27</styleUrl>
			</Pair>
		</StyleMap>
		<Style id="s_ylw-pushpin27">
			<IconStyle>
				<scale>1.1</scale>
				<Icon>
					<href>https://maps.google.com/mapfiles/kml/pushpin/ylw-pushpin.png</href>
				</Icon>
				<hotSpot x="20" y="2" xunits="pixels" yunits="pixels"/>
			</IconStyle>
			<LineStyle>
				<color>ffffff55</color>
				<width>3</width>
			</LineStyle>
			<PolyStyle>
				<fill>0</fill>
			</PolyStyle>
		</Style>
		<Style id="s_ylw-pushpin_hl27">
			<IconStyle>
				<scale>1.3</scale>
				<Icon>
					<href>https://maps.google.com/mapfiles/kml/pushpin/ylw-pushpin.png</href>
				</Icon>
				<hotSpot x="20" y="2" xunits="pixels" yunits="pixels"/>
			</IconStyle>
			<LineStyle>
				<color>ffffff55</color>
				<width>3</width>
			</LineStyle>
			<PolyStyle>
				<fill>0</fill>
			</PolyStyle>
		</Style>
		<Placemark>
			<name>Ward no.29.kml</name>
			<styleUrl>#m_ylw-pushpin27</styleUrl>
			<Polygon>
				<tessellate>1</tessellate>
				<outerBoundaryIs>
					<LinearRing>
						<coordinates>
							73.12863200000004,19.24988500000006,0 73.12745200000006,19.25001600000007,0 73.12722960500008,19.24933282300003,0 73.12718802100005,19.24920629400003,0 73.12699727800003,19.24863061900004,0 73.12691279500007,19.24836696000006,0 73.12680200000005,19.24803600000007,0 73.12657700000005,19.24809200000004,0 73.12646373200005,19.24809469900004,0 73.12656944300005,19.24719522200007,0 73.12638914200005,19.24651287700004,0 73.12633214700008,19.24620932000005,0 73.12660254700006,19.24605689800006,0 73.12685437500005,19.24591050200007,0 73.12707720200007,19.24570735700007,0 73.12738190400006,19.24540566400003,0 73.12768959100003,19.24511916400007,0 73.12780553000005,19.24501725000005,0 73.12926839200003,19.24377012200006,0 73.12938443800005,19.24366094700002,0 73.12944974700008,19.24360813100003,0 73.12955564700007,19.24358921900006,0 73.12967161700004,19.24363160400003,0 73.12974600000007,19.24380600000006,0 73.12980621800006,19.24386302200003,0 73.12987600000008,19.24394100000006,0 73.13044573200006,19.24420556800004,0 73.13054031500008,19.24424933800003,0 73.13076382600008,19.24433937200007,0 73.13186066100008,19.24446261300005,0 73.13266640400008,19.24456233200004,0 73.13255491800004,19.24591225000006,0 73.13264151900006,19.24754060400005,0 73.13264476300003,19.24776942700004,0 73.13217527100005,19.24774680200005,0 73.13167892400008,19.24780595000004,0 73.13127078400004,19.24793438100005,0 73.13113794000003,19.24797889800004,0 73.13105900800008,19.24799605100003,0 73.13078416000008,19.24802902700003,0 73.13056421500005,19.24805091900004,0 73.13044800000006,19.24806400000006,0 73.13047975000006,19.24876450000005,0 73.13029700100003,19.24910900000003,0 73.13033016700007,19.24942390000007,0 73.13042643300008,19.25003455600006,0 73.12897764900003,19.24989228500004,0 73.12886562100005,19.24988578900008,0 73.12863200000004,19.24988500000006,0 
						</coordinates>
					</LinearRing>
				</outerBoundaryIs>
			</Polygon>
		</Placemark>
	</Document>
	<Document>
		<name>Ward no.30.kml</name>
		<StyleMap id="m_ylw-pushpin28">
			<Pair>
				<key>normal</key>
				<styleUrl>#s_ylw-pushpin28</styleUrl>
			</Pair>
			<Pair>
				<key>highlight</key>
				<styleUrl>#s_ylw-pushpin_hl28</styleUrl>
			</Pair>
		</StyleMap>
		<Style id="s_ylw-pushpin28">
			<IconStyle>
				<scale>1.1</scale>
				<Icon>
					<href>https://maps.google.com/mapfiles/kml/pushpin/ylw-pushpin.png</href>
				</Icon>
				<hotSpot x="20" y="2" xunits="pixels" yunits="pixels"/>
			</IconStyle>
			<LineStyle>
				<color>ffffff55</color>
				<width>3</width>
			</LineStyle>
			<PolyStyle>
				<fill>0</fill>
			</PolyStyle>
		</Style>
		<Style id="s_ylw-pushpin_hl28">
			<IconStyle>
				<scale>1.3</scale>
				<Icon>
					<href>https://maps.google.com/mapfiles/kml/pushpin/ylw-pushpin.png</href>
				</Icon>
				<hotSpot x="20" y="2" xunits="pixels" yunits="pixels"/>
			</IconStyle>
			<LineStyle>
				<color>ffffff55</color>
				<width>3</width>
			</LineStyle>
			<PolyStyle>
				<fill>0</fill>
			</PolyStyle>
		</Style>
		<Placemark>
			<name>Ward no.30.kml</name>
			<styleUrl>#m_ylw-pushpin28</styleUrl>
			<Polygon>
				<tessellate>1</tessellate>
				<outerBoundaryIs>
					<LinearRing>
						<coordinates>
							73.13311600000003,19.24377200000004,0 73.13295541200006,19.24379010700005,0 73.13184500000006,19.24392400000005,0 73.13189900000003,19.24416200000007,0 73.13186066100008,19.24446261300005,0 73.13076382600008,19.24433937200007,0 73.13054031500008,19.24424933800003,0 73.13044573200006,19.24420556800004,0 73.12987600000008,19.24394100000006,0 73.12980621800006,19.24386302200003,0 73.12974600000007,19.24380600000006,0 73.12967161700004,19.24363160400003,0 73.12968605900005,19.24311512800006,0 73.12969985600006,19.24271285200007,0 73.12956880000007,19.24194667400008,0 73.12945941800007,19.24131310000007,0 73.12935928300004,19.24068266000006,0 73.12925800000005,19.24010900000008,0 73.12910400000004,19.23988766700006,0 73.13010700000007,19.23918300000003,0 73.13033448800007,19.23909383300003,0 73.13140000000004,19.23867100000007,0 73.13156162200005,19.23862858400003,0 73.13167013200007,19.23908738700004,0 73.13175923200004,19.23949933000006,0 73.13184500000006,19.23988200000002,0 73.13198028400006,19.23986423200006,0 73.13201136100008,19.24031766100006,0 73.13207506500004,19.24042579100006,0 73.13229874300004,19.24086128600004,0 73.13253175000006,19.24119020000006,0 73.13275050000004,19.24131750000004,0 73.13327050000004,19.24127500000003,0 73.13350150700006,19.24160856700007,0 73.13356769400008,19.24171063000006,0 73.13367630000005,19.24186830800005,0 73.13388904300007,19.24214150000006,0 73.13429386500007,19.24255400600003,0 73.13454952200004,19.24279845700005,0 73.13290550000005,19.24295450000005,0 73.13294463300008,19.24342740100008,0 73.13320500000003,19.24339700000007,0 73.13311600000003,19.24377200000004,0 
						</coordinates>
					</LinearRing>
				</outerBoundaryIs>
			</Polygon>
		</Placemark>
	</Document>
	<Document>
		<name>Ward no. 31.kml</name>
		<StyleMap id="m_ylw-pushpin29">
			<Pair>
				<key>normal</key>
				<styleUrl>#s_ylw-pushpin29</styleUrl>
			</Pair>
			<Pair>
				<key>highlight</key>
				<styleUrl>#s_ylw-pushpin_hl29</styleUrl>
			</Pair>
		</StyleMap>
		<Style id="s_ylw-pushpin29">
			<IconStyle>
				<scale>1.1</scale>
				<Icon>
					<href>https://maps.google.com/mapfiles/kml/pushpin/ylw-pushpin.png</href>
				</Icon>
				<hotSpot x="20" y="2" xunits="pixels" yunits="pixels"/>
			</IconStyle>
			<LineStyle>
				<color>ffffff55</color>
				<width>3</width>
			</LineStyle>
			<PolyStyle>
				<fill>0</fill>
			</PolyStyle>
		</Style>
		<Style id="s_ylw-pushpin_hl29">
			<IconStyle>
				<scale>1.3</scale>
				<Icon>
					<href>https://maps.google.com/mapfiles/kml/pushpin/ylw-pushpin.png</href>
				</Icon>
				<hotSpot x="20" y="2" xunits="pixels" yunits="pixels"/>
			</IconStyle>
			<LineStyle>
				<color>ffffff55</color>
				<width>3</width>
			</LineStyle>
			<PolyStyle>
				<fill>0</fill>
			</PolyStyle>
		</Style>
		<Placemark>
			<name>Ward no. 31.kml</name>
			<styleUrl>#m_ylw-pushpin29</styleUrl>
			<Polygon>
				<tessellate>1</tessellate>
				<outerBoundaryIs>
					<LinearRing>
						<coordinates>
							73.12780553000005,19.24501725000005,0 73.12768959100003,19.24511916400007,0 73.12738190400006,19.24540566400003,0 73.12707720200007,19.24570735700007,0 73.12685437500005,19.24591050200007,0 73.12660254700006,19.24605689800006,0 73.12633214700008,19.24620932000005,0 73.12616650100006,19.24576400000007,0 73.12585550000006,19.24533500000007,0 73.12566266600004,19.24498533300005,0 73.12538366600006,19.24502133300007,0 73.12534180700004,19.24486593900002,0 73.12509466700004,19.24416133300002,0 73.12469414000003,19.24423314000006,0 73.12403400000005,19.24427800000007,0 73.12372900000008,19.24427300000008,0 73.12342300000006,19.24426300000005,0 73.12311183500003,19.24414513200003,0 73.12322655900005,19.24321932000004,0 73.12368231300007,19.24311376900005,0 73.12396617200005,19.24304901800002,0 73.12409324600003,19.24301774500003,0 73.12452033300008,19.24288266700006,0 73.12483028500003,19.24275432600007,0 73.12470900000005,19.24246200100004,0 73.12467645000004,19.24211451500003,0 73.12466000000006,19.24202866600007,0 73.12456638600008,19.24178154400005,0 73.12437405000003,19.24171106300003,0 73.12439567700005,19.24149241100002,0 73.12434875400004,19.24130734900007,0 73.12523887900005,19.24103569100004,0 73.12559526400008,19.24073092800006,0 73.12573066200008,19.24062006600008,0 73.12618800000007,19.24025200000006,0 73.12659000000008,19.24010500000003,0 73.12764500000003,19.23994800000003,0 73.12897179900006,19.23979758600007,0 73.12910400000004,19.23988766700006,0 73.12925800000005,19.24010900000008,0 73.12935928300004,19.24068266000006,0 73.12945941800007,19.24131310000007,0 73.12956880000007,19.24194667400008,0 73.12969985600006,19.24271285200007,0 73.12968605900005,19.24311512800006,0 73.12967161700004,19.24363160400003,0 73.12955564700007,19.24358921900006,0 73.12944974700008,19.24360813100003,0 73.12938443800005,19.24366094700002,0 73.12926839200003,19.24377012200006,0 73.12780553000005,19.24501725000005,0 
						</coordinates>
					</LinearRing>
				</outerBoundaryIs>
			</Polygon>
		</Placemark>
	</Document>
	<Document>
		<name>Ward no.32.kml</name>
		<StyleMap id="m_ylw-pushpin30">
			<Pair>
				<key>normal</key>
				<styleUrl>#s_ylw-pushpin30</styleUrl>
			</Pair>
			<Pair>
				<key>highlight</key>
				<styleUrl>#s_ylw-pushpin_hl30</styleUrl>
			</Pair>
		</StyleMap>
		<Style id="s_ylw-pushpin30">
			<IconStyle>
				<scale>1.1</scale>
				<Icon>
					<href>https://maps.google.com/mapfiles/kml/pushpin/ylw-pushpin.png</href>
				</Icon>
				<hotSpot x="20" y="2" xunits="pixels" yunits="pixels"/>
			</IconStyle>
			<LineStyle>
				<color>ffffff55</color>
				<width>3</width>
			</LineStyle>
			<PolyStyle>
				<fill>0</fill>
			</PolyStyle>
		</Style>
		<Style id="s_ylw-pushpin_hl30">
			<IconStyle>
				<scale>1.3</scale>
				<Icon>
					<href>https://maps.google.com/mapfiles/kml/pushpin/ylw-pushpin.png</href>
				</Icon>
				<hotSpot x="20" y="2" xunits="pixels" yunits="pixels"/>
			</IconStyle>
			<LineStyle>
				<color>ffffff55</color>
				<width>3</width>
			</LineStyle>
			<PolyStyle>
				<fill>0</fill>
			</PolyStyle>
		</Style>
		<Placemark>
			<name>Ward no.32.kml</name>
			<styleUrl>#m_ylw-pushpin30</styleUrl>
			<Polygon>
				<tessellate>1</tessellate>
				<outerBoundaryIs>
					<LinearRing>
						<coordinates>
							73.12331613000003,19.24645775200003,0 73.12226949900008,19.24658117800004,0 73.12204992400007,19.24660369200007,0 73.12181394000004,19.24662303900004,0 73.12022627700003,19.24673736100004,0 73.11986868900004,19.24628795300004,0 73.11901867300008,19.24522001100007,0 73.11867086900008,19.24505501200002,0 73.11868600000008,19.24488600000007,0 73.11873400000007,19.24467300000003,0 73.11868600000008,19.24445000000003,0 73.11852000000005,19.24409100000003,0 73.11839600000008,19.24384200000003,0 73.11827800000003,19.24351300000006,0 73.11820322400007,19.24319395300006,0 73.11814787000003,19.24296651200007,0 73.11829669400004,19.24281325500004,0 73.11939993000004,19.24310933700008,0 73.11956636000008,19.24315272300004,0 73.11981300000008,19.24321400000002,0 73.12046275600005,19.24330503500005,0 73.12065000000007,19.24333100000007,0 73.12184833300006,19.24348466600003,0 73.12190340000006,19.24312225000006,0 73.12259700000004,19.24317900000006,0 73.12294300000008,19.24323500000003,0 73.12322655900005,19.24321932000004,0 73.12311183500003,19.24414513200003,0 73.12342300000006,19.24426300000005,0 73.12372900000008,19.24427300000008,0 73.12403400000005,19.24427800000007,0 73.12469414000003,19.24423314000006,0 73.12509466700004,19.24416133300002,0 73.12534180700004,19.24486593900002,0 73.12538366600006,19.24502133300007,0 73.12566266600004,19.24498533300005,0 73.12585550000006,19.24533500000007,0 73.12616650100006,19.24576400000007,0 73.12633214700008,19.24620932000005,0 73.12573666500003,19.24634363500007,0 73.12542001900005,19.24636953200007,0 73.12497124000004,19.24640529000004,0 73.12439900000004,19.24645300000003,0 73.12370200000004,19.24646100000007,0 73.12340313000004,19.24645221500003,0 73.12331613000003,19.24645775200003,0 
						</coordinates>
					</LinearRing>
				</outerBoundaryIs>
			</Polygon>
		</Placemark>
	</Document>
	<Document>
		<name>Ward no.33.kml</name>
		<StyleMap id="m_ylw-pushpin31">
			<Pair>
				<key>normal</key>
				<styleUrl>#s_ylw-pushpin31</styleUrl>
			</Pair>
			<Pair>
				<key>highlight</key>
				<styleUrl>#s_ylw-pushpin_hl31</styleUrl>
			</Pair>
		</StyleMap>
		<Style id="s_ylw-pushpin31">
			<IconStyle>
				<scale>1.1</scale>
				<Icon>
					<href>https://maps.google.com/mapfiles/kml/pushpin/ylw-pushpin.png</href>
				</Icon>
				<hotSpot x="20" y="2" xunits="pixels" yunits="pixels"/>
			</IconStyle>
			<LineStyle>
				<color>ffffff55</color>
				<width>3</width>
			</LineStyle>
			<PolyStyle>
				<fill>0</fill>
			</PolyStyle>
		</Style>
		<Style id="s_ylw-pushpin_hl31">
			<IconStyle>
				<scale>1.3</scale>
				<Icon>
					<href>https://maps.google.com/mapfiles/kml/pushpin/ylw-pushpin.png</href>
				</Icon>
				<hotSpot x="20" y="2" xunits="pixels" yunits="pixels"/>
			</IconStyle>
			<LineStyle>
				<color>ffffff55</color>
				<width>3</width>
			</LineStyle>
			<PolyStyle>
				<fill>0</fill>
			</PolyStyle>
		</Style>
		<Placemark>
			<name>Ward no.33.kml</name>
			<styleUrl>#m_ylw-pushpin31</styleUrl>
			<Polygon>
				<tessellate>1</tessellate>
				<outerBoundaryIs>
					<LinearRing>
						<coordinates>
							73.11814787000003,19.24296651200007,0 73.11820322400007,19.24319395300006,0 73.11827800000003,19.24351300000006,0 73.11839600000008,19.24384200000003,0 73.11852000000005,19.24409100000003,0 73.11868600000008,19.24445000000003,0 73.11873400000007,19.24467300000003,0 73.11868600000008,19.24488600000007,0 73.11867086900008,19.24505501200002,0 73.11754192600006,19.24521050700002,0 73.11701400100003,19.24313050000006,0 73.11668750100006,19.24189400100005,0 73.11627250000004,19.24034000000006,0 73.11732953000006,19.24020467400004,0 73.11744916700007,19.24018990000008,0 73.11786499000004,19.24021126700006,0 73.11809900000003,19.24021290200005,0 73.11853650100005,19.24019400100008,0 73.11883475600007,19.24024213400003,0 73.11906467600005,19.24028208800007,0 73.11919666600005,19.24030733300003,0 73.11947666600008,19.24030566700003,0 73.12067600000006,19.24009000000007,0 73.12086900000008,19.24014800000003,0 73.12122536200008,19.24022924000008,0 73.12142700000004,19.24026700000007,0 73.12164700000005,19.24036000000007,0 73.12201346800003,19.24042794300004,0 73.12174463600007,19.24079902800003,0 73.12141792900007,19.24088877000003,0 73.12129881000004,19.24092278500007,0 73.12106633300004,19.24104300000005,0 73.12088882100005,19.24123206400003,0 73.12081333300006,19.24143700000008,0 73.12047580000007,19.24195804900006,0 73.12060333200003,19.24192848100006,0 73.12180646600007,19.24171003300006,0 73.12208200000003,19.24169000000006,0 73.12249000000008,19.24169000000006,0 73.12295900000004,19.24169500000005,0 73.12327799400003,19.24169750600004,0 73.12359149900004,19.24169932000007,0 73.12367493900007,19.24170136500004,0 73.12419867200003,19.24172424300008,0 73.12437405000003,19.24171106300003,0 73.12456638600008,19.24178154400005,0 73.12466000000006,19.24202866600007,0 73.12467645000004,19.24211451500003,0 73.12470900000005,19.24246200100004,0 73.12483028500003,19.24275432600007,0 73.12452033300008,19.24288266700006,0 73.12409324600003,19.24301774500003,0 73.12396617200005,19.24304901800002,0 73.12368231300007,19.24311376900005,0 73.12322655900005,19.24321932000004,0 73.12294300000008,19.24323500000003,0 73.12259700000004,19.24317900000006,0 73.12190340000006,19.24312225000006,0 73.12184833300006,19.24348466600003,0 73.12065000000007,19.24333100000007,0 73.12046275600005,19.24330503500005,0 73.11981300000008,19.24321400000002,0 73.11956636000008,19.24315272300004,0 73.11939993000004,19.24310933700008,0 73.11829669400004,19.24281325500004,0 73.11814787000003,19.24296651200007,0 
						</coordinates>
					</LinearRing>
				</outerBoundaryIs>
			</Polygon>
		</Placemark>
	</Document>
	<Document>
		<name>Ward no.34.kml</name>
		<StyleMap id="m_ylw-pushpin32">
			<Pair>
				<key>normal</key>
				<styleUrl>#s_ylw-pushpin32</styleUrl>
			</Pair>
			<Pair>
				<key>highlight</key>
				<styleUrl>#s_ylw-pushpin_hl32</styleUrl>
			</Pair>
		</StyleMap>
		<Style id="s_ylw-pushpin32">
			<IconStyle>
				<scale>1.1</scale>
				<Icon>
					<href>https://maps.google.com/mapfiles/kml/pushpin/ylw-pushpin.png</href>
				</Icon>
				<hotSpot x="20" y="2" xunits="pixels" yunits="pixels"/>
			</IconStyle>
			<LineStyle>
				<color>ffffff55</color>
				<width>3</width>
			</LineStyle>
			<PolyStyle>
				<fill>0</fill>
			</PolyStyle>
		</Style>
		<Style id="s_ylw-pushpin_hl32">
			<IconStyle>
				<scale>1.3</scale>
				<Icon>
					<href>https://maps.google.com/mapfiles/kml/pushpin/ylw-pushpin.png</href>
				</Icon>
				<hotSpot x="20" y="2" xunits="pixels" yunits="pixels"/>
			</IconStyle>
			<LineStyle>
				<color>ffffff55</color>
				<width>3</width>
			</LineStyle>
			<PolyStyle>
				<fill>0</fill>
			</PolyStyle>
		</Style>
		<Placemark>
			<name>Ward no.34.kml</name>
			<styleUrl>#m_ylw-pushpin32</styleUrl>
			<Polygon>
				<tessellate>1</tessellate>
				<outerBoundaryIs>
					<LinearRing>
						<coordinates>
							73.12208484900003,19.24027450700004,0 73.12201346800003,19.24042794300004,0 73.12164700000005,19.24036000000007,0 73.12142700000004,19.24026700000007,0 73.12122536200008,19.24022924000008,0 73.12086900000008,19.24014800000003,0 73.12067600000006,19.24009000000007,0 73.11947666600008,19.24030566700003,0 73.11919666600005,19.24030733300003,0 73.11906467600005,19.24028208800007,0 73.11883475600007,19.24024213400003,0 73.11853650100005,19.24019400100008,0 73.11809900000003,19.24021290200005,0 73.11786499000004,19.24021126700006,0 73.11744916700007,19.24018990000008,0 73.11732953000006,19.24020467400004,0 73.11627250000004,19.24034000000006,0 73.11626300000006,19.23990600000008,0 73.11595000000005,19.23965600000003,0 73.11583800000005,19.23862000000003,0 73.11570700000004,19.23795900000005,0 73.11616750100006,19.23787200000004,0 73.11602500000004,19.23668700000007,0 73.11583900000005,19.23605900000007,0 73.11574400000006,19.23500100000007,0 73.11598900000007,19.23471200000006,0 73.11586400000004,19.23427100000004,0 73.11603900000006,19.23375200000004,0 73.11648500000007,19.23348000000004,0 73.11659600000007,19.23297200000008,0 73.11688026600007,19.23275960200004,0 73.11701750000003,19.23217800000003,0 73.11757707900006,19.23224910200003,0 73.11810164400003,19.23230728200002,0 73.11938254600005,19.23246235300007,0 73.11940200100008,19.23267050000004,0 73.11954100000008,19.23298000000006,0 73.11967809600003,19.23309684300006,0 73.11986157300004,19.23326330700007,0 73.11998004200007,19.23336806600003,0 73.12065173100007,19.23394868600008,0 73.12122400000004,19.23448300000007,0 73.12179850100006,19.23492050000004,0 73.12418550000007,19.23596050000003,0 73.12470830900008,19.23646406900008,0 73.12477941800006,19.23654053000007,0 73.12547977000008,19.23735016000006,0 73.12485941300008,19.23787038500007,0 73.12429122000003,19.23835617100008,0 73.12413259500005,19.23848851900004,0 73.12317550800003,19.23925875900005,0 73.12293425400003,19.23945353800008,0 73.12284970800005,19.23951591400004,0 73.12269293900005,19.23962815600004,0 73.12225852200004,19.23992723300006,0 73.12221671500004,19.24001435000002,0 73.12208484900003,19.24027450700004,0 
						</coordinates>
					</LinearRing>
				</outerBoundaryIs>
			</Polygon>
		</Placemark>
	</Document>
	<Document>
		<name>Ward no.35.kml</name>
		<StyleMap id="m_ylw-pushpin33">
			<Pair>
				<key>normal</key>
				<styleUrl>#s_ylw-pushpin33</styleUrl>
			</Pair>
			<Pair>
				<key>highlight</key>
				<styleUrl>#s_ylw-pushpin_hl33</styleUrl>
			</Pair>
		</StyleMap>
		<Style id="s_ylw-pushpin33">
			<IconStyle>
				<scale>1.1</scale>
				<Icon>
					<href>https://maps.google.com/mapfiles/kml/pushpin/ylw-pushpin.png</href>
				</Icon>
				<hotSpot x="20" y="2" xunits="pixels" yunits="pixels"/>
			</IconStyle>
			<LineStyle>
				<color>ffffff55</color>
				<width>3</width>
			</LineStyle>
			<PolyStyle>
				<fill>0</fill>
			</PolyStyle>
		</Style>
		<Style id="s_ylw-pushpin_hl33">
			<IconStyle>
				<scale>1.3</scale>
				<Icon>
					<href>https://maps.google.com/mapfiles/kml/pushpin/ylw-pushpin.png</href>
				</Icon>
				<hotSpot x="20" y="2" xunits="pixels" yunits="pixels"/>
			</IconStyle>
			<LineStyle>
				<color>ffffff55</color>
				<width>3</width>
			</LineStyle>
			<PolyStyle>
				<fill>0</fill>
			</PolyStyle>
		</Style>
		<Placemark>
			<name>Ward no.35.kml</name>
			<styleUrl>#m_ylw-pushpin33</styleUrl>
			<Polygon>
				<tessellate>1</tessellate>
				<outerBoundaryIs>
					<LinearRing>
						<coordinates>
							73.12208200000003,19.24169000000006,0 73.12180646600007,19.24171003300006,0 73.12060333200003,19.24192848100006,0 73.12047580000007,19.24195804900006,0 73.12081333300006,19.24143700000008,0 73.12088882100005,19.24123206400003,0 73.12106633300004,19.24104300000005,0 73.12129881000004,19.24092278500007,0 73.12141792900007,19.24088877000003,0 73.12174463600007,19.24079902800003,0 73.12201346800003,19.24042794300004,0 73.12208484900003,19.24027450700004,0 73.12221671500004,19.24001435000002,0 73.12225852200004,19.23992723300006,0 73.12269293900005,19.23962815600004,0 73.12284970800005,19.23951591400004,0 73.12293425400003,19.23945353800008,0 73.12317550800003,19.23925875900005,0 73.12413259500005,19.23848851900004,0 73.12429122000003,19.23835617100008,0 73.12485941300008,19.23787038500007,0 73.12547977000008,19.23735016000006,0 73.12654961000004,19.23810061500006,0 73.12679373200007,19.23826543400003,0 73.12800638700008,19.23910716600005,0 73.12897179900006,19.23979758600007,0 73.12764500000003,19.23994800000003,0 73.12659000000008,19.24010500000003,0 73.12618800000007,19.24025200000006,0 73.12573066200008,19.24062006600008,0 73.12559526400008,19.24073092800006,0 73.12523887900005,19.24103569100004,0 73.12434875400004,19.24130734900007,0 73.12439567700005,19.24149241100002,0 73.12437405000003,19.24171106300003,0 73.12419867200003,19.24172424300008,0 73.12367493900007,19.24170136500004,0 73.12359149900004,19.24169932000007,0 73.12327799400003,19.24169750600004,0 73.12295900000004,19.24169500000005,0 73.12249000000008,19.24169000000006,0 73.12208200000003,19.24169000000006,0 
						</coordinates>
					</LinearRing>
				</outerBoundaryIs>
			</Polygon>
		</Placemark>
	</Document>
	<Document>
		<name>Ward no.36.kml</name>
		<StyleMap id="m_ylw-pushpin34">
			<Pair>
				<key>normal</key>
				<styleUrl>#s_ylw-pushpin34</styleUrl>
			</Pair>
			<Pair>
				<key>highlight</key>
				<styleUrl>#s_ylw-pushpin_hl34</styleUrl>
			</Pair>
		</StyleMap>
		<Style id="s_ylw-pushpin34">
			<IconStyle>
				<scale>1.1</scale>
				<Icon>
					<href>https://maps.google.com/mapfiles/kml/pushpin/ylw-pushpin.png</href>
				</Icon>
				<hotSpot x="20" y="2" xunits="pixels" yunits="pixels"/>
			</IconStyle>
			<LineStyle>
				<color>ffffff55</color>
				<width>3</width>
			</LineStyle>
			<PolyStyle>
				<fill>0</fill>
			</PolyStyle>
		</Style>
		<Style id="s_ylw-pushpin_hl34">
			<IconStyle>
				<scale>1.3</scale>
				<Icon>
					<href>https://maps.google.com/mapfiles/kml/pushpin/ylw-pushpin.png</href>
				</Icon>
				<hotSpot x="20" y="2" xunits="pixels" yunits="pixels"/>
			</IconStyle>
			<LineStyle>
				<color>ffffff55</color>
				<width>3</width>
			</LineStyle>
			<PolyStyle>
				<fill>0</fill>
			</PolyStyle>
		</Style>
		<Placemark>
			<name>Ward no.36.kml</name>
			<styleUrl>#m_ylw-pushpin34</styleUrl>
			<Polygon>
				<tessellate>1</tessellate>
				<outerBoundaryIs>
					<LinearRing>
						<coordinates>
							73.11972481800007,19.23251204300004,0 73.12049779600005,19.23260887600003,0 73.12097898800005,19.23268629000006,0 73.12252193700004,19.23288925500003,0 73.12327803400007,19.23299925000003,0 73.12368805900007,19.23309180700005,0 73.12432956400005,19.23325016900003,0 73.12458455100005,19.23331962700007,0 73.12494837100007,19.23342128000007,0 73.12556840400003,19.23363411600008,0 73.12593437000004,19.23377303600006,0 73.12670220700005,19.23406792700007,0 73.12701727500007,19.23418982100003,0 73.12783470200003,19.23453531600006,0 73.12842341800007,19.23478491900005,0 73.12873794400008,19.23491596000002,0 73.12963183900007,19.23529579200005,0 73.12947300000008,19.23570150100005,0 73.12933116400006,19.23573532300003,0 73.12852050000004,19.23590300000006,0 73.12814900000006,19.23609600000003,0 73.12843689000005,19.23667983000007,0 73.12922533300008,19.23826500000007,0 73.12839550000007,19.23848450000003,0 73.12800638700008,19.23910716600005,0 73.12679373200007,19.23826543400003,0 73.12654961000004,19.23810061500006,0 73.12547977000008,19.23735016000006,0 73.12477941800006,19.23654053000007,0 73.12470830900008,19.23646406900008,0 73.12418550000007,19.23596050000003,0 73.12179850100006,19.23492050000004,0 73.12122400000004,19.23448300000007,0 73.12065173100007,19.23394868600008,0 73.11998004200007,19.23336806600003,0 73.11986157300004,19.23326330700007,0 73.11967809600003,19.23309684300006,0 73.11954100000008,19.23298000000006,0 73.11940200100008,19.23267050000004,0 73.11938254600005,19.23246235300007,0 73.11972481800007,19.23251204300004,0 
						</coordinates>
					</LinearRing>
				</outerBoundaryIs>
			</Polygon>
		</Placemark>
	</Document>
	<Document>
		<name>Ward no.37.kml</name>
		<StyleMap id="m_ylw-pushpin35">
			<Pair>
				<key>normal</key>
				<styleUrl>#s_ylw-pushpin35</styleUrl>
			</Pair>
			<Pair>
				<key>highlight</key>
				<styleUrl>#s_ylw-pushpin_hl35</styleUrl>
			</Pair>
		</StyleMap>
		<Style id="s_ylw-pushpin35">
			<IconStyle>
				<scale>1.1</scale>
				<Icon>
					<href>https://maps.google.com/mapfiles/kml/pushpin/ylw-pushpin.png</href>
				</Icon>
				<hotSpot x="20" y="2" xunits="pixels" yunits="pixels"/>
			</IconStyle>
			<LineStyle>
				<color>ffffff55</color>
				<width>3</width>
			</LineStyle>
			<PolyStyle>
				<fill>0</fill>
			</PolyStyle>
		</Style>
		<Style id="s_ylw-pushpin_hl35">
			<IconStyle>
				<scale>1.3</scale>
				<Icon>
					<href>https://maps.google.com/mapfiles/kml/pushpin/ylw-pushpin.png</href>
				</Icon>
				<hotSpot x="20" y="2" xunits="pixels" yunits="pixels"/>
			</IconStyle>
			<LineStyle>
				<color>ffffff55</color>
				<width>3</width>
			</LineStyle>
			<PolyStyle>
				<fill>0</fill>
			</PolyStyle>
		</Style>
		<Placemark>
			<name>Ward no.37.kml</name>
			<styleUrl>#m_ylw-pushpin35</styleUrl>
			<Polygon>
				<tessellate>1</tessellate>
				<outerBoundaryIs>
					<LinearRing>
						<coordinates>
							73.13532708000008,19.24202174900006,0 73.13542289200007,19.24241776400004,0 73.13487693300004,19.24265387700007,0 73.13454952200004,19.24279845700005,0 73.13429386500007,19.24255400600003,0 73.13388904300007,19.24214150000006,0 73.13367630000005,19.24186830800005,0 73.13356769400008,19.24171063000006,0 73.13350150700006,19.24160856700007,0 73.13327050000004,19.24127500000003,0 73.13275050000004,19.24131750000004,0 73.13253175000006,19.24119020000006,0 73.13229874300004,19.24086128600004,0 73.13207506500004,19.24042579100006,0 73.13201136100008,19.24031766100006,0 73.13198028400006,19.23986423200006,0 73.13184500000006,19.23988200000002,0 73.13175923200004,19.23949933000006,0 73.13167013200007,19.23908738700004,0 73.13156162200005,19.23862858400003,0 73.13140000000004,19.23867100000007,0 73.13033448800007,19.23909383300003,0 73.13010700000007,19.23918300000003,0 73.12910400000004,19.23988766700006,0 73.12897179900006,19.23979758600007,0 73.12800638700008,19.23910716600005,0 73.12839550000007,19.23848450000003,0 73.12922533300008,19.23826500000007,0 73.12843689000005,19.23667983000007,0 73.12814900000006,19.23609600000003,0 73.12852050000004,19.23590300000006,0 73.12933116400006,19.23573532300003,0 73.12947300000008,19.23570150100005,0 73.12963183900007,19.23529579200005,0 73.13097705600006,19.23568275700006,0 73.13141862200007,19.23581702400003,0 73.13287783800007,19.23628219200003,0 73.13371717200005,19.23652782600004,0 73.13419411400008,19.23665076300006,0 73.13519337300005,19.23705639300005,0 73.13324033500004,19.23811607300007,0 73.13309000000004,19.23819500000008,0 73.13381408400005,19.23830249100007,0 73.13413800000006,19.23835000000003,0 73.13422836300003,19.23881827700006,0 73.13425678900006,19.23901766400007,0 73.13427517400004,19.23919798900005,0 73.13431950000006,19.23982600000005,0 73.13436746600007,19.24071092700007,0 73.13440839100008,19.24080357500003,0 73.13455675400007,19.24076112200004,0 73.13486429100004,19.24068304300005,0 73.13497701800003,19.24065545500002,0 73.13532708000008,19.24202174900006,0 
						</coordinates>
					</LinearRing>
				</outerBoundaryIs>
			</Polygon>
		</Placemark>
	</Document>
	<Document>
		<name>Ward no.38.kml</name>
		<StyleMap id="m_ylw-pushpin36">
			<Pair>
				<key>normal</key>
				<styleUrl>#s_ylw-pushpin36</styleUrl>
			</Pair>
			<Pair>
				<key>highlight</key>
				<styleUrl>#s_ylw-pushpin_hl36</styleUrl>
			</Pair>
		</StyleMap>
		<Style id="s_ylw-pushpin36">
			<IconStyle>
				<scale>1.1</scale>
				<Icon>
					<href>https://maps.google.com/mapfiles/kml/pushpin/ylw-pushpin.png</href>
				</Icon>
				<hotSpot x="20" y="2" xunits="pixels" yunits="pixels"/>
			</IconStyle>
			<LineStyle>
				<color>ffffff55</color>
				<width>3</width>
			</LineStyle>
			<PolyStyle>
				<fill>0</fill>
			</PolyStyle>
		</Style>
		<Style id="s_ylw-pushpin_hl36">
			<IconStyle>
				<scale>1.3</scale>
				<Icon>
					<href>https://maps.google.com/mapfiles/kml/pushpin/ylw-pushpin.png</href>
				</Icon>
				<hotSpot x="20" y="2" xunits="pixels" yunits="pixels"/>
			</IconStyle>
			<LineStyle>
				<color>ffffff55</color>
				<width>3</width>
			</LineStyle>
			<PolyStyle>
				<fill>0</fill>
			</PolyStyle>
		</Style>
		<Placemark>
			<name>Ward no.38.kml</name>
			<styleUrl>#m_ylw-pushpin36</styleUrl>
			<Polygon>
				<tessellate>1</tessellate>
				<outerBoundaryIs>
					<LinearRing>
						<coordinates>
							73.13832980900008,19.24214119600003,0 73.13798222600008,19.24214016600007,0 73.13785117500004,19.24215353200003,0 73.13761639000006,19.24217624600004,0 73.13641389100007,19.24228521500004,0 73.13594465000006,19.24233385000002,0 73.13542289200007,19.24241776400004,0 73.13532708000008,19.24202174900006,0 73.13497701800003,19.24065545500002,0 73.13486429100004,19.24068304300005,0 73.13455675400007,19.24076112200004,0 73.13440839100008,19.24080357500003,0 73.13436746600007,19.24071092700007,0 73.13431950000006,19.23982600000005,0 73.13427517400004,19.23919798900005,0 73.13425678900006,19.23901766400007,0 73.13422836300003,19.23881827700006,0 73.13413800000006,19.23835000000003,0 73.13381408400005,19.23830249100007,0 73.13309000000004,19.23819500000008,0 73.13324033500004,19.23811607300007,0 73.13519337300005,19.23705639300005,0 73.13571548400006,19.23725183200003,0 73.13714212200006,19.23778628900004,0 73.13764913600005,19.23796918900007,0 73.13952250600005,19.23864096900007,0 73.14127148700004,19.23905519700003,0 73.14115200000003,19.23957300000006,0 73.14147400000007,19.23961400000007,0 73.14166668500008,19.23968971900007,0 73.14189220300005,19.23977438000003,0 73.14213641500004,19.23987333800005,0 73.14230764800004,19.23993908200004,0 73.14315602700003,19.24025893400005,0 73.14389255100008,19.24052852300002,0 73.14373800000004,19.24110800000005,0 73.14375400000006,19.24147200000004,0 73.14359520000005,19.24214179900002,0 73.14319894200008,19.24215449900004,0 73.14240200000006,19.24217600000003,0 73.14189800000008,19.24216100000007,0 73.14105000000006,19.24221700000004,0 73.14039600000007,19.24224700000008,0 73.13965254900006,19.24223274400003,0 73.13884661200007,19.24216208600006,0 73.13865449200006,19.24214447700007,0 73.13832980900008,19.24214119600003,0 
						</coordinates>
					</LinearRing>
				</outerBoundaryIs>
			</Polygon>
		</Placemark>
	</Document>
	<Document>
		<name>Ward no.39.kml</name>
		<StyleMap id="m_ylw-pushpin37">
			<Pair>
				<key>normal</key>
				<styleUrl>#s_ylw-pushpin37</styleUrl>
			</Pair>
			<Pair>
				<key>highlight</key>
				<styleUrl>#s_ylw-pushpin_hl37</styleUrl>
			</Pair>
		</StyleMap>
		<Style id="s_ylw-pushpin37">
			<IconStyle>
				<scale>1.1</scale>
				<Icon>
					<href>https://maps.google.com/mapfiles/kml/pushpin/ylw-pushpin.png</href>
				</Icon>
				<hotSpot x="20" y="2" xunits="pixels" yunits="pixels"/>
			</IconStyle>
			<LineStyle>
				<color>ffffff55</color>
				<width>3</width>
			</LineStyle>
			<PolyStyle>
				<fill>0</fill>
			</PolyStyle>
		</Style>
		<Style id="s_ylw-pushpin_hl37">
			<IconStyle>
				<scale>1.3</scale>
				<Icon>
					<href>https://maps.google.com/mapfiles/kml/pushpin/ylw-pushpin.png</href>
				</Icon>
				<hotSpot x="20" y="2" xunits="pixels" yunits="pixels"/>
			</IconStyle>
			<LineStyle>
				<color>ffffff55</color>
				<width>3</width>
			</LineStyle>
			<PolyStyle>
				<fill>0</fill>
			</PolyStyle>
		</Style>
		<Placemark>
			<name>Ward no.39.kml</name>
			<styleUrl>#m_ylw-pushpin37</styleUrl>
			<Polygon>
				<tessellate>1</tessellate>
				<outerBoundaryIs>
					<LinearRing>
						<coordinates>
							73.15100253400004,19.23677016100004,0 73.15126119200005,19.23722815000008,0 73.15097192900004,19.23811494600005,0 73.15084662800007,19.23915204100007,0 73.15062975700005,19.24013529000007,0 73.15014901500007,19.24013105700004,0 73.15014136600007,19.24092787400002,0 73.15014694200005,19.24108663400006,0 73.15029300000003,19.24119900000005,0 73.15083060000006,19.24150760000003,0 73.15097400000008,19.24156800000003,0 73.15122400000007,19.24179400000003,0 73.15143600000005,19.24205400000005,0 73.15158340000005,19.24243960000007,0 73.15181140900006,19.24288034000006,0 73.15105281500007,19.24296394000004,0 73.15078455400004,19.24300642100008,0 73.15032552500008,19.24304782500008,0 73.15011008400006,19.24282452300002,0 73.14968700000003,19.24238600000007,0 73.14943000000005,19.24208500000003,0 73.14903300000003,19.24188000000004,0 73.14854400000007,19.24172000000004,0 73.14752793300005,19.24150346700003,0 73.14741500000008,19.24148200000008,0 73.14672000000007,19.24124900000004,0 73.14628296900008,19.24115510300004,0 73.14592901400005,19.24107707700006,0 73.14544608200003,19.24097066800005,0 73.14481325600008,19.24082611800003,0 73.14465334800008,19.24077802700003,0 73.14389255100008,19.24052852300002,0 73.14315602700003,19.24025893400005,0 73.14230764800004,19.23993908200004,0 73.14213641500004,19.23987333800005,0 73.14189220300005,19.23977438000003,0 73.14166668500008,19.23968971900007,0 73.14147400000007,19.23961400000007,0 73.14115200000003,19.23957300000006,0 73.14127148700004,19.23905519700003,0 73.13952250600005,19.23864096900007,0 73.13764913600005,19.23796918900007,0 73.13714212200006,19.23778628900004,0 73.13722944900007,19.23759933200006,0 73.13736404000008,19.23722776700004,0 73.13787071000007,19.23687258600006,0 73.13798829100006,19.23684911900006,0 73.13881253100004,19.23663689500006,0 73.13906519900007,19.23657223400005,0 73.13985504000004,19.23636135400005,0 73.14042301100005,19.23636714100007,0 73.14074198100008,19.23636245500006,0 73.14111234100005,19.23635340400006,0 73.14137502500006,19.23634243600003,0 73.14178565800006,19.23632122400005,0 73.14271512400006,19.23627977600006,0 73.14314140700003,19.23620597200005,0 73.14365051900006,19.23610773300004,0 73.14380868700005,19.23607681500005,0 73.14439119300005,19.23590785800008,0 73.14493633300003,19.23576233300003,0 73.14606748000006,19.23541102900003,0 73.14730040900008,19.23499018200005,0 73.14715600000005,19.23554600000006,0 73.14716300000003,19.23571100000004,0 73.14718200000004,19.23606000000007,0 73.14721700000007,19.23622500000005,0 73.14735520900007,19.23643814500002,0 73.14754528800006,19.23657819500005,0 73.14798291500006,19.23671408200005,0 73.14863047200004,19.23659663900003,0 73.14918955100006,19.23656775500007,0 73.14983816800003,19.23655995600007,0 73.15045562900008,19.23664189600004,0 73.15100253400004,19.23677016100004,0 
						</coordinates>
					</LinearRing>
				</outerBoundaryIs>
			</Polygon>
		</Placemark>
	</Document>
	<Document>
		<name>Ward no.40.kml</name>
		<StyleMap id="m_ylw-pushpin38">
			<Pair>
				<key>normal</key>
				<styleUrl>#s_ylw-pushpin38</styleUrl>
			</Pair>
			<Pair>
				<key>highlight</key>
				<styleUrl>#s_ylw-pushpin_hl38</styleUrl>
			</Pair>
		</StyleMap>
		<Style id="s_ylw-pushpin38">
			<IconStyle>
				<scale>1.1</scale>
				<Icon>
					<href>https://maps.google.com/mapfiles/kml/pushpin/ylw-pushpin.png</href>
				</Icon>
				<hotSpot x="20" y="2" xunits="pixels" yunits="pixels"/>
			</IconStyle>
			<LineStyle>
				<color>ffffff55</color>
				<width>3</width>
			</LineStyle>
			<PolyStyle>
				<fill>0</fill>
			</PolyStyle>
		</Style>
		<Style id="s_ylw-pushpin_hl38">
			<IconStyle>
				<scale>1.3</scale>
				<Icon>
					<href>https://maps.google.com/mapfiles/kml/pushpin/ylw-pushpin.png</href>
				</Icon>
				<hotSpot x="20" y="2" xunits="pixels" yunits="pixels"/>
			</IconStyle>
			<LineStyle>
				<color>ffffff55</color>
				<width>3</width>
			</LineStyle>
			<PolyStyle>
				<fill>0</fill>
			</PolyStyle>
		</Style>
		<Placemark>
			<name>Ward no.40.kml</name>
			<styleUrl>#m_ylw-pushpin38</styleUrl>
			<Polygon>
				<tessellate>1</tessellate>
				<outerBoundaryIs>
					<LinearRing>
						<coordinates>
							73.13906519900007,19.23657223400005,0 73.13881253100004,19.23663689500006,0 73.13798829100006,19.23684911900006,0 73.13787071000007,19.23687258600006,0 73.13736404000008,19.23722776700004,0 73.13722944900007,19.23759933200006,0 73.13714212200006,19.23778628900004,0 73.13571548400006,19.23725183200003,0 73.13519337300005,19.23705639300005,0 73.13419411400008,19.23665076300006,0 73.13460944400003,19.23452039800003,0 73.13477438800004,19.23361873700003,0 73.13521972500007,19.23359655900003,0 73.13567965200008,19.23358936500006,0 73.13717337500003,19.23358620800008,0 73.13758096000004,19.23358325400005,0 73.13793528200006,19.23357945100003,0 73.13995557500004,19.23357903100003,0 73.14076041400006,19.23349976900005,0 73.14088155300004,19.23268242500006,0 73.14148000000006,19.23265400000003,0 73.14180700000003,19.23267400000003,0 73.14189300000004,19.23257100000006,0 73.14195200000006,19.23245200000002,0 73.14245216900008,19.23232461200007,0 73.14333800000003,19.23209700000007,0 73.14381000000003,19.23195800000008,0 73.14452426500003,19.23182896000003,0 73.14453859100007,19.23196952600006,0 73.14521692600005,19.23143471500003,0 73.14538817800008,19.23129581600006,0 73.14566400000007,19.23201600000004,0 73.14597500000008,19.23274000000004,0 73.14641900000004,19.23375400000003,0 73.14665400000007,19.23380000000003,0 73.14676200000008,19.23362700000007,0 73.14730040900008,19.23499018200005,0 73.14606748000006,19.23541102900003,0 73.14493633300003,19.23576233300003,0 73.14439119300005,19.23590785800008,0 73.14380868700005,19.23607681500005,0 73.14365051900006,19.23610773300004,0 73.14314140700003,19.23620597200005,0 73.14271512400006,19.23627977600006,0 73.14178565800006,19.23632122400005,0 73.14137502500006,19.23634243600003,0 73.14111234100005,19.23635340400006,0 73.14074198100008,19.23636245500006,0 73.14042301100005,19.23636714100007,0 73.13985504000004,19.23636135400005,0 73.13906519900007,19.23657223400005,0 
						</coordinates>
					</LinearRing>
				</outerBoundaryIs>
			</Polygon>
		</Placemark>
	</Document>
	<Document>
		<name>Ward no.41.kml</name>
		<StyleMap id="m_ylw-pushpin39">
			<Pair>
				<key>normal</key>
				<styleUrl>#s_ylw-pushpin39</styleUrl>
			</Pair>
			<Pair>
				<key>highlight</key>
				<styleUrl>#s_ylw-pushpin_hl39</styleUrl>
			</Pair>
		</StyleMap>
		<Style id="s_ylw-pushpin39">
			<IconStyle>
				<scale>1.1</scale>
				<Icon>
					<href>https://maps.google.com/mapfiles/kml/pushpin/ylw-pushpin.png</href>
				</Icon>
				<hotSpot x="20" y="2" xunits="pixels" yunits="pixels"/>
			</IconStyle>
			<LineStyle>
				<color>ffffff55</color>
				<width>3</width>
			</LineStyle>
			<PolyStyle>
				<fill>0</fill>
			</PolyStyle>
		</Style>
		<Style id="s_ylw-pushpin_hl39">
			<IconStyle>
				<scale>1.3</scale>
				<Icon>
					<href>https://maps.google.com/mapfiles/kml/pushpin/ylw-pushpin.png</href>
				</Icon>
				<hotSpot x="20" y="2" xunits="pixels" yunits="pixels"/>
			</IconStyle>
			<LineStyle>
				<color>ffffff55</color>
				<width>3</width>
			</LineStyle>
			<PolyStyle>
				<fill>0</fill>
			</PolyStyle>
		</Style>
		<Placemark>
			<name>Ward no.41.kml</name>
			<styleUrl>#m_ylw-pushpin39</styleUrl>
			<Polygon>
				<tessellate>1</tessellate>
				<outerBoundaryIs>
					<LinearRing>
						<coordinates>
							73.13722226200008,19.23023610300004,0 73.13705915100007,19.23054706900007,0 73.13699812900006,19.23066015700005,0 73.13680816700008,19.23100104300005,0 73.13664825100005,19.23127860100004,0 73.13657039300006,19.23140207800003,0 73.13655351500006,19.23148957600006,0 73.13651298500008,19.23173361900007,0 73.13587982800004,19.23244165100005,0 73.13566401100007,19.23269653000006,0 73.13521972500007,19.23359655900003,0 73.13477438800004,19.23361873700003,0 73.13460944400003,19.23452039800003,0 73.13419411400008,19.23665076300006,0 73.13371717200005,19.23652782600004,0 73.13287783800007,19.23628219200003,0 73.13141862200007,19.23581702400003,0 73.13097705600006,19.23568275700006,0 73.12963183900007,19.23529579200005,0 73.12873794400008,19.23491596000002,0 73.12842341800007,19.23478491900005,0 73.12972091100005,19.23182099400003,0 73.13022850000004,19.23064550000004,0 73.13022537500007,19.23046164700003,0 73.13024448500005,19.23000822200004,0 73.13045500000004,19.23002700000006,0 73.13070800000008,19.23000300000007,0 73.13100541700004,19.22998096800006,0 73.13130900000004,19.22999500000003,0 73.13184900000005,19.23001650000003,0 73.13224700000006,19.23002000000003,0 73.13233000000008,19.22999500000003,0 73.13244300000008,19.22997700000008,0 73.13266008600004,19.22996674400002,0 73.13300400000003,19.22995200000003,0 73.13316196300008,19.22993182200003,0 73.13366298300008,19.22986776700003,0 73.13367515000004,19.22999355000007,0 73.13377584800008,19.22993324200007,0 73.13407564900007,19.22975526000005,0 73.13424896600003,19.22966978200003,0 73.13475132700006,19.22943176000007,0 73.13495267200005,19.22933620700007,0 73.13523378200006,19.22920766100003,0 73.13559534600006,19.22903193600007,0 73.13580853700006,19.22900285000003,0 73.13623961600007,19.22895427500004,0 73.13678782300008,19.22907748400007,0 73.13704179300004,19.22927790400007,0 73.13722850900007,19.22952215700008,0 73.13751110200008,19.22988438200002,0 73.13734961500006,19.23006899800004,0 73.13722226200008,19.23023610300004,0 
						</coordinates>
					</LinearRing>
				</outerBoundaryIs>
			</Polygon>
		</Placemark>
	</Document>
	<Document>
		<name>Ward no.42.kml</name>
		<StyleMap id="m_ylw-pushpin40">
			<Pair>
				<key>normal</key>
				<styleUrl>#s_ylw-pushpin40</styleUrl>
			</Pair>
			<Pair>
				<key>highlight</key>
				<styleUrl>#s_ylw-pushpin_hl40</styleUrl>
			</Pair>
		</StyleMap>
		<Style id="s_ylw-pushpin40">
			<IconStyle>
				<scale>1.1</scale>
				<Icon>
					<href>https://maps.google.com/mapfiles/kml/pushpin/ylw-pushpin.png</href>
				</Icon>
				<hotSpot x="20" y="2" xunits="pixels" yunits="pixels"/>
			</IconStyle>
			<LineStyle>
				<color>ffffff55</color>
				<width>3</width>
			</LineStyle>
			<PolyStyle>
				<fill>0</fill>
			</PolyStyle>
		</Style>
		<Style id="s_ylw-pushpin_hl40">
			<IconStyle>
				<scale>1.3</scale>
				<Icon>
					<href>https://maps.google.com/mapfiles/kml/pushpin/ylw-pushpin.png</href>
				</Icon>
				<hotSpot x="20" y="2" xunits="pixels" yunits="pixels"/>
			</IconStyle>
			<LineStyle>
				<color>ffffff55</color>
				<width>3</width>
			</LineStyle>
			<PolyStyle>
				<fill>0</fill>
			</PolyStyle>
		</Style>
		<Placemark>
			<name>Ward no.42.kml</name>
			<styleUrl>#m_ylw-pushpin40</styleUrl>
			<Polygon>
				<tessellate>1</tessellate>
				<outerBoundaryIs>
					<LinearRing>
						<coordinates>
							73.13022537500007,19.23046164700003,0 73.13022850000004,19.23064550000004,0 73.12972091100005,19.23182099400003,0 73.12842341800007,19.23478491900005,0 73.12783470200003,19.23453531600006,0 73.12701727500007,19.23418982100003,0 73.12670220700005,19.23406792700007,0 73.12593437000004,19.23377303600006,0 73.12556840400003,19.23363411600008,0 73.12494837100007,19.23342128000007,0 73.12458455100005,19.23331962700007,0 73.12634235600007,19.22981585900004,0 73.12670700400008,19.22910074000004,0 73.12673218800006,19.22898005000008,0 73.12669775300003,19.22889517900006,0 73.12652529900004,19.22872080500002,0 73.12641050100007,19.22861250000005,0 73.12638478500008,19.22842161900007,0 73.12636724400005,19.22802601200004,0 73.12637279200004,19.22790140600006,0 73.12635393600004,19.22778212300005,0 73.12630717800005,19.22754273000004,0 73.12615700000003,19.22717350000005,0 73.12598326100004,19.22692766900008,0 73.12617000000006,19.22640900000005,0 73.12668400000007,19.22650500000003,0 73.12677000000008,19.22622700000005,0 73.12724528100006,19.22634887600003,0 73.12767200000008,19.22636800000004,0 73.12792900000005,19.22580100000005,0 73.12837400000006,19.22575800000004,0 73.12864800000006,19.22574000000003,0 73.12905984200006,19.22572997700007,0 73.12905066700006,19.22620833300005,0 73.12975591900005,19.22642423800005,0 73.12986240500004,19.22645653000006,0 73.12983053600004,19.22664663400008,0 73.12976430000003,19.22705515000007,0 73.13022699600003,19.22736238900006,0 73.13070310600006,19.22766149400007,0 73.13112941700007,19.22769008800003,0 73.13129221000008,19.22770600700005,0 73.13117982500006,19.22823390000008,0 73.13123900000005,19.22832900000003,0 73.13122800000008,19.22848600000003,0 73.13108300000005,19.22852600000005,0 73.13114785100004,19.22886088300004,0 73.13120860700008,19.22917563900006,0 73.13126085800008,19.22944293600006,0 73.13133000000005,19.22972200000004,0 73.13130900000004,19.22999500000003,0 73.13100541700004,19.22998096800006,0 73.13070800000008,19.23000300000007,0 73.13045500000004,19.23002700000006,0 73.13024448500005,19.23000822200004,0 73.13022537500007,19.23046164700003,0 
						</coordinates>
					</LinearRing>
				</outerBoundaryIs>
			</Polygon>
		</Placemark>
	</Document>
	<Document>
		<name>Ward no.43.kml</name>
		<StyleMap id="m_ylw-pushpin41">
			<Pair>
				<key>normal</key>
				<styleUrl>#s_ylw-pushpin41</styleUrl>
			</Pair>
			<Pair>
				<key>highlight</key>
				<styleUrl>#s_ylw-pushpin_hl41</styleUrl>
			</Pair>
		</StyleMap>
		<Style id="s_ylw-pushpin41">
			<IconStyle>
				<scale>1.1</scale>
				<Icon>
					<href>https://maps.google.com/mapfiles/kml/pushpin/ylw-pushpin.png</href>
				</Icon>
				<hotSpot x="20" y="2" xunits="pixels" yunits="pixels"/>
			</IconStyle>
			<LineStyle>
				<color>ffffff55</color>
				<width>3</width>
			</LineStyle>
			<PolyStyle>
				<fill>0</fill>
			</PolyStyle>
		</Style>
		<Style id="s_ylw-pushpin_hl41">
			<IconStyle>
				<scale>1.3</scale>
				<Icon>
					<href>https://maps.google.com/mapfiles/kml/pushpin/ylw-pushpin.png</href>
				</Icon>
				<hotSpot x="20" y="2" xunits="pixels" yunits="pixels"/>
			</IconStyle>
			<LineStyle>
				<color>ffffff55</color>
				<width>3</width>
			</LineStyle>
			<PolyStyle>
				<fill>0</fill>
			</PolyStyle>
		</Style>
		<Placemark>
			<name>Ward no.43.kml</name>
			<styleUrl>#m_ylw-pushpin41</styleUrl>
			<Polygon>
				<tessellate>1</tessellate>
				<outerBoundaryIs>
					<LinearRing>
						<coordinates>
							73.12598326100004,19.22692766900008,0 73.12615700000003,19.22717350000005,0 73.12630717800005,19.22754273000004,0 73.12635393600004,19.22778212300005,0 73.12637279200004,19.22790140600006,0 73.12636724400005,19.22802601200004,0 73.12638478500008,19.22842161900007,0 73.12641050100007,19.22861250000005,0 73.12652529900004,19.22872080500002,0 73.12669775300003,19.22889517900006,0 73.12673218800006,19.22898005000008,0 73.12670700400008,19.22910074000004,0 73.12634235600007,19.22981585900004,0 73.12458455100005,19.23331962700007,0 73.12432956400005,19.23325016900003,0 73.12368805900007,19.23309180700005,0 73.12327803400007,19.23299925000003,0 73.12252193700004,19.23288925500003,0 73.12097898800005,19.23268629000006,0 73.12049779600005,19.23260887600003,0 73.12059650000003,19.23098100000004,0 73.12131721200006,19.23025389500003,0 73.12137577800007,19.23018963700002,0 73.12161685600006,19.22991145900005,0 73.12219163100008,19.22924789900003,0 73.12225435200008,19.22917529300003,0 73.12264771100007,19.22875375800004,0 73.12281910000007,19.22857060100006,0 73.12310940900005,19.22818435900007,0 73.12347054500003,19.22769810800003,0 73.12353218800007,19.22762149500005,0 73.12369853500007,19.22738211700005,0 73.12382504200008,19.22687937900003,0 73.12375933200008,19.22657601300006,0 73.12369476600003,19.22626651700006,0 73.12360610600007,19.22582187300003,0 73.12351718100007,19.22537746500007,0 73.12344527600004,19.22505393100005,0 73.12339244000003,19.22487387400003,0 73.12335054300007,19.22480726600003,0 73.12311314400006,19.22443602500005,0 73.12287052600004,19.22413961100006,0 73.12278273000004,19.22402794000004,0 73.12268915700008,19.22393370600003,0 73.12245255300007,19.22372113000006,0 73.12438550000007,19.22368100000006,0 73.12474914200004,19.22359852700004,0 73.12483613900008,19.22357858200007,0 73.12506585100004,19.22352865000005,0 73.12565900000004,19.22352000100005,0 73.12604158600004,19.22364169800005,0 73.12612240800007,19.22367580500003,0 73.12657471700004,19.22400074400002,0 73.12672667500004,19.22410927500005,0 73.12709100000006,19.22440050000006,0 73.12718259700006,19.22441965500008,0 73.12768250100004,19.22449298400005,0 73.12796131000005,19.22453661100008,0 73.12828037800006,19.22458692400005,0 73.12908360800003,19.22471249100005,0 73.12949110000005,19.22476835100002,0 73.13000478200007,19.22481505900004,0 73.13020505900005,19.22483379900007,0 73.13011180200004,19.22530936700002,0 73.13005802000004,19.22556223100003,0 73.12991597500007,19.22616846400007,0 73.12986240500004,19.22645653000006,0 73.12975591900005,19.22642423800005,0 73.12905066700006,19.22620833300005,0 73.12905984200006,19.22572997700007,0 73.12864800000006,19.22574000000003,0 73.12837400000006,19.22575800000004,0 73.12792900000005,19.22580100000005,0 73.12767200000008,19.22636800000004,0 73.12724528100006,19.22634887600003,0 73.12677000000008,19.22622700000005,0 73.12668400000007,19.22650500000003,0 73.12617000000006,19.22640900000005,0 73.12598326100004,19.22692766900008,0 
						</coordinates>
					</LinearRing>
				</outerBoundaryIs>
			</Polygon>
		</Placemark>
	</Document>
	<Document>
		<name>Ward no.44.kml</name>
		<StyleMap id="m_ylw-pushpin42">
			<Pair>
				<key>normal</key>
				<styleUrl>#s_ylw-pushpin42</styleUrl>
			</Pair>
			<Pair>
				<key>highlight</key>
				<styleUrl>#s_ylw-pushpin_hl42</styleUrl>
			</Pair>
		</StyleMap>
		<Style id="s_ylw-pushpin42">
			<IconStyle>
				<scale>1.1</scale>
				<Icon>
					<href>https://maps.google.com/mapfiles/kml/pushpin/ylw-pushpin.png</href>
				</Icon>
				<hotSpot x="20" y="2" xunits="pixels" yunits="pixels"/>
			</IconStyle>
			<LineStyle>
				<color>ffffff55</color>
				<width>3</width>
			</LineStyle>
			<PolyStyle>
				<fill>0</fill>
			</PolyStyle>
		</Style>
		<Style id="s_ylw-pushpin_hl42">
			<IconStyle>
				<scale>1.3</scale>
				<Icon>
					<href>https://maps.google.com/mapfiles/kml/pushpin/ylw-pushpin.png</href>
				</Icon>
				<hotSpot x="20" y="2" xunits="pixels" yunits="pixels"/>
			</IconStyle>
			<LineStyle>
				<color>ffffff55</color>
				<width>3</width>
			</LineStyle>
			<PolyStyle>
				<fill>0</fill>
			</PolyStyle>
		</Style>
		<Placemark>
			<name>Ward no.44.kml</name>
			<styleUrl>#m_ylw-pushpin42</styleUrl>
			<Polygon>
				<tessellate>1</tessellate>
				<outerBoundaryIs>
					<LinearRing>
						<coordinates>
							73.12161042000008,19.22263382100005,0 73.12165596400007,19.22277874900004,0 73.12176833300003,19.22308900000007,0 73.12198328400007,19.22329229100006,0 73.12214837600004,19.22344589200003,0 73.12233074200003,19.22361680000006,0 73.12245255300007,19.22372113000006,0 73.12268915700008,19.22393370600003,0 73.12278273000004,19.22402794000004,0 73.12287052600004,19.22413961100006,0 73.12311314400006,19.22443602500005,0 73.12335054300007,19.22480726600003,0 73.12339244000003,19.22487387400003,0 73.12344527600004,19.22505393100005,0 73.12351718100007,19.22537746500007,0 73.12360610600007,19.22582187300003,0 73.12369476600003,19.22626651700006,0 73.12375933200008,19.22657601300006,0 73.12382504200008,19.22687937900003,0 73.12369853500007,19.22738211700005,0 73.12353218800007,19.22762149500005,0 73.12347054500003,19.22769810800003,0 73.12310940900005,19.22818435900007,0 73.12281910000007,19.22857060100006,0 73.12264771100007,19.22875375800004,0 73.12225435200008,19.22917529300003,0 73.12219163100008,19.22924789900003,0 73.12161685600006,19.22991145900005,0 73.12137577800007,19.23018963700002,0 73.12131721200006,19.23025389500003,0 73.12059650000003,19.23098100000004,0 73.12050034100008,19.22979649400003,0 73.12048665600008,19.22971196900005,0 73.12058158300005,19.22949307300007,0 73.12061700300006,19.22934009800002,0 73.12070336200003,19.22915720400005,0 73.12080814100005,19.22890623000006,0 73.12094935700003,19.22857872600002,0 73.12150954000003,19.22802414800003,0 73.12189471500005,19.22758779200007,0 73.12194669800004,19.22724843500004,0 73.12179737600007,19.22711126400003,0 73.12172600400004,19.22707416800006,0 73.12146939400003,19.22694873100005,0 73.12132250800005,19.22686835200005,0 73.12115328100003,19.22675857800005,0 73.12097692800006,19.22637072800006,0 73.12095981200008,19.22623281600005,0 73.12092903100006,19.22603228500003,0 73.12091431800008,19.22584655500003,0 73.12089480600008,19.22549168200004,0 73.12089130900006,19.22523261500004,0 73.12106659500006,19.22447987000004,0 73.12143800000007,19.22437800000006,0 73.12152900000007,19.22377000000006,0 73.12129930800006,19.22361770700007,0 73.12130400000007,19.22333900000007,0 73.12104100000005,19.22302000000008,0 73.12096286900004,19.22291933400004,0 73.12081600000005,19.22273200000007,0 73.12060944700005,19.22231718300003,0 73.12081282500003,19.22229258200002,0 73.12112972900007,19.22224299000004,0 73.12148724900004,19.22211903700003,0 73.12161042000008,19.22263382100005,0 
						</coordinates>
					</LinearRing>
				</outerBoundaryIs>
			</Polygon>
		</Placemark>
	</Document>
	<Document>
		<name>Ward no.45.kml</name>
		<StyleMap id="m_ylw-pushpin43">
			<Pair>
				<key>normal</key>
				<styleUrl>#s_ylw-pushpin43</styleUrl>
			</Pair>
			<Pair>
				<key>highlight</key>
				<styleUrl>#s_ylw-pushpin_hl43</styleUrl>
			</Pair>
		</StyleMap>
		<Style id="s_ylw-pushpin43">
			<IconStyle>
				<scale>1.1</scale>
				<Icon>
					<href>https://maps.google.com/mapfiles/kml/pushpin/ylw-pushpin.png</href>
				</Icon>
				<hotSpot x="20" y="2" xunits="pixels" yunits="pixels"/>
			</IconStyle>
			<LineStyle>
				<color>ffffff55</color>
				<width>3</width>
			</LineStyle>
			<PolyStyle>
				<fill>0</fill>
			</PolyStyle>
		</Style>
		<Style id="s_ylw-pushpin_hl43">
			<IconStyle>
				<scale>1.3</scale>
				<Icon>
					<href>https://maps.google.com/mapfiles/kml/pushpin/ylw-pushpin.png</href>
				</Icon>
				<hotSpot x="20" y="2" xunits="pixels" yunits="pixels"/>
			</IconStyle>
			<LineStyle>
				<color>ffffff55</color>
				<width>3</width>
			</LineStyle>
			<PolyStyle>
				<fill>0</fill>
			</PolyStyle>
		</Style>
		<Placemark>
			<name>Ward no.45.kml</name>
			<styleUrl>#m_ylw-pushpin43</styleUrl>
			<Polygon>
				<tessellate>1</tessellate>
				<outerBoundaryIs>
					<LinearRing>
						<coordinates>
							73.11688026600007,19.23275960200004,0 73.11659600000007,19.23297200000008,0 73.11648500000007,19.23348000000004,0 73.11603900000006,19.23375200000004,0 73.11586400000004,19.23427100000004,0 73.11598900000007,19.23471200000006,0 73.11574400000006,19.23500100000007,0 73.11529400000006,19.23478200000005,0 73.11455200000006,19.23378700000006,0 73.11421656400006,19.23300862000008,0 73.11328600000007,19.23271700000004,0 73.11235400000004,19.23204900000008,0 73.11116300000003,19.23179700000003,0 73.11105300000008,19.23158000000007,0 73.11126410600008,19.23058249200005,0 73.11133915000005,19.23023982100006,0 73.11148348900008,19.22975278800004,0 73.11178877000003,19.22873753600004,0 73.11188353100005,19.22825858100003,0 73.11201283900004,19.22755146100008,0 73.11377743800006,19.22581672400003,0 73.11400516300006,19.22593939900003,0 73.11433560700004,19.22536030000003,0 73.11452991200008,19.22501123700005,0 73.11466051200006,19.22437334100005,0 73.11505528700008,19.22426953000007,0 73.11520067700008,19.22397402400003,0 73.11593226700006,19.22247370000002,0 73.11550130000006,19.22208520000004,0 73.11539575100005,19.22182350000003,0 73.11543240000003,19.22158437700006,0 73.11596978300008,19.22135226200004,0 73.11630701300004,19.22138778000004,0 73.11734213300008,19.22085782500005,0 73.11764090800006,19.22057344700005,0 73.11779038700007,19.22038514300004,0 73.11820389500008,19.22010968400002,0 73.11867143200004,19.21979384500003,0 73.11983142300005,19.21903479400004,0 73.12061235800007,19.22015654500007,0 73.12137330000007,19.22110951800005,0 73.12145134300005,19.22172309500007,0 73.12145735300004,19.22193841100005,0 73.12148724900004,19.22211903700003,0 73.12112972900007,19.22224299000004,0 73.12081282500003,19.22229258200002,0 73.12060944700005,19.22231718300003,0 73.12081600000005,19.22273200000007,0 73.12096286900004,19.22291933400004,0 73.12104100000005,19.22302000000008,0 73.12130400000007,19.22333900000007,0 73.12129930800006,19.22361770700007,0 73.12152900000007,19.22377000000006,0 73.12143800000007,19.22437800000006,0 73.12106659500006,19.22447987000004,0 73.12089130900006,19.22523261500004,0 73.12089480600008,19.22549168200004,0 73.12091431800008,19.22584655500003,0 73.12092903100006,19.22603228500003,0 73.12095981200008,19.22623281600005,0 73.12097692800006,19.22637072800006,0 73.12115328100003,19.22675857800005,0 73.12132250800005,19.22686835200005,0 73.12146939400003,19.22694873100005,0 73.12172600400004,19.22707416800006,0 73.12179737600007,19.22711126400003,0 73.12194669800004,19.22724843500004,0 73.12189471500005,19.22758779200007,0 73.12150954000003,19.22802414800003,0 73.12094935700003,19.22857872600002,0 73.12080814100005,19.22890623000006,0 73.12070336200003,19.22915720400005,0 73.12061700300006,19.22934009800002,0 73.12058158300005,19.22949307300007,0 73.12048665600008,19.22971196900005,0 73.12050034100008,19.22979649400003,0 73.12059650000003,19.23098100000004,0 73.12049779600005,19.23260887600003,0 73.11972481800007,19.23251204300004,0 73.11938254600005,19.23246235300007,0 73.11810164400003,19.23230728200002,0 73.11757707900006,19.23224910200003,0 73.11701750000003,19.23217800000003,0 73.11688026600007,19.23275960200004,0 
						</coordinates>
					</LinearRing>
				</outerBoundaryIs>
			</Polygon>
		</Placemark>
	</Document>
	<Document>
		<name>Ward no.46.kml</name>
		<StyleMap id="m_ylw-pushpin44">
			<Pair>
				<key>normal</key>
				<styleUrl>#s_ylw-pushpin44</styleUrl>
			</Pair>
			<Pair>
				<key>highlight</key>
				<styleUrl>#s_ylw-pushpin_hl44</styleUrl>
			</Pair>
		</StyleMap>
		<Style id="s_ylw-pushpin44">
			<IconStyle>
				<scale>1.1</scale>
				<Icon>
					<href>https://maps.google.com/mapfiles/kml/pushpin/ylw-pushpin.png</href>
				</Icon>
				<hotSpot x="20" y="2" xunits="pixels" yunits="pixels"/>
			</IconStyle>
			<LineStyle>
				<color>ffffff55</color>
				<width>3</width>
			</LineStyle>
			<PolyStyle>
				<fill>0</fill>
			</PolyStyle>
		</Style>
		<Style id="s_ylw-pushpin_hl44">
			<IconStyle>
				<scale>1.3</scale>
				<Icon>
					<href>https://maps.google.com/mapfiles/kml/pushpin/ylw-pushpin.png</href>
				</Icon>
				<hotSpot x="20" y="2" xunits="pixels" yunits="pixels"/>
			</IconStyle>
			<LineStyle>
				<color>ffffff55</color>
				<width>3</width>
			</LineStyle>
			<PolyStyle>
				<fill>0</fill>
			</PolyStyle>
		</Style>
		<Placemark>
			<name>Ward no.46.kml</name>
			<styleUrl>#m_ylw-pushpin44</styleUrl>
			<Polygon>
				<tessellate>1</tessellate>
				<outerBoundaryIs>
					<LinearRing>
						<coordinates>
							73.11201283900004,19.22755146100008,0 73.11188353100005,19.22825858100003,0 73.11178877000003,19.22873753600004,0 73.11148348900008,19.22975278800004,0 73.11133915000005,19.23023982100006,0 73.11126410600008,19.23058249200005,0 73.10195974600003,19.22736054900003,0 73.10201586400007,19.22686975100004,0 73.10204883800003,19.22648482800003,0 73.10208411300005,19.22603100000004,0 73.10229700600007,19.22589562800005,0 73.10226561700006,19.22538128100007,0 73.10232136600007,19.22530372100005,0 73.10246044100006,19.22522661700003,0 73.10251414300006,19.22514544900002,0 73.10254266400005,19.22502196000005,0 73.10253020800008,19.22468725700003,0 73.10255886600004,19.22458906000003,0 73.10275856800007,19.22441042100007,0 73.10279727100004,19.22425838900006,0 73.10274686100007,19.22374402900005,0 73.10219564100004,19.22376558200006,0 73.10163439600007,19.22351004200004,0 73.10099274000004,19.22352957400005,0 73.10015960000004,19.22329646600002,0 73.10027365400003,19.22255189700007,0 73.10041550000005,19.22241473300005,0 73.10049950300004,19.22232478200004,0 73.10061392400007,19.22193798400008,0 73.10075550200008,19.22208158400002,0 73.10140061700008,19.22220834800004,0 73.10149850000005,19.22189580000003,0 73.10110302200007,19.22148326100006,0 73.10121950000007,19.22121200000004,0 73.10128390000006,19.22128800000007,0 73.10140730000006,19.22122720000004,0 73.10166480000004,19.22142470000006,0 73.10180960000008,19.22097900000006,0 73.10188470000008,19.22069530000005,0 73.10180960000008,19.22040150000004,0 73.10205100000007,19.22029010000006,0 73.10207200900004,19.21972469400004,0 73.10197710000006,19.21970430000005,0 73.10153425000004,19.21949681800004,0 73.10196924800005,19.21907277400004,0 73.10252580000008,19.21855520000003,0 73.10266800000005,19.21841100000006,0 73.10276180000005,19.21837790000006,0 73.10294389500007,19.21830630600005,0 73.10331695300005,19.21818605300007,0 73.10467521400005,19.21858477500007,0 73.10608484700003,19.21897373800005,0 73.10778942800005,19.21944491800002,0 73.10944439100007,19.21989274400005,0 73.11015861600004,19.22009427900002,0 73.11075666700003,19.22026389400003,0 73.11128266000003,19.22040964800004,0 73.11220674000003,19.22067079900006,0 73.11382920000005,19.22112662000006,0 73.11543240000003,19.22158437700006,0 73.11539575100005,19.22182350000003,0 73.11550130000006,19.22208520000004,0 73.11593226700006,19.22247370000002,0 73.11520067700008,19.22397402400003,0 73.11505528700008,19.22426953000007,0 73.11466051200006,19.22437334100005,0 73.11452991200008,19.22501123700005,0 73.11433560700004,19.22536030000003,0 73.11400516300006,19.22593939900003,0 73.11377743800006,19.22581672400003,0 73.11201283900004,19.22755146100008,0 
						</coordinates>
					</LinearRing>
				</outerBoundaryIs>
			</Polygon>
		</Placemark>
	</Document>
	<Document>
		<name>Ward no.47.kml</name>
		<StyleMap id="m_ylw-pushpin45">
			<Pair>
				<key>normal</key>
				<styleUrl>#s_ylw-pushpin45</styleUrl>
			</Pair>
			<Pair>
				<key>highlight</key>
				<styleUrl>#s_ylw-pushpin_hl45</styleUrl>
			</Pair>
		</StyleMap>
		<Style id="s_ylw-pushpin45">
			<IconStyle>
				<scale>1.1</scale>
				<Icon>
					<href>https://maps.google.com/mapfiles/kml/pushpin/ylw-pushpin.png</href>
				</Icon>
				<hotSpot x="20" y="2" xunits="pixels" yunits="pixels"/>
			</IconStyle>
			<LineStyle>
				<color>ffffff55</color>
				<width>3</width>
			</LineStyle>
			<PolyStyle>
				<fill>0</fill>
			</PolyStyle>
		</Style>
		<Style id="s_ylw-pushpin_hl45">
			<IconStyle>
				<scale>1.3</scale>
				<Icon>
					<href>https://maps.google.com/mapfiles/kml/pushpin/ylw-pushpin.png</href>
				</Icon>
				<hotSpot x="20" y="2" xunits="pixels" yunits="pixels"/>
			</IconStyle>
			<LineStyle>
				<color>ffffff55</color>
				<width>3</width>
			</LineStyle>
			<PolyStyle>
				<fill>0</fill>
			</PolyStyle>
		</Style>
		<Placemark>
			<name>Ward no.47.kml</name>
			<styleUrl>#m_ylw-pushpin45</styleUrl>
			<Polygon>
				<tessellate>1</tessellate>
				<outerBoundaryIs>
					<LinearRing>
						<coordinates>
							73.10279727100004,19.22425838900006,0 73.10275856800007,19.22441042100007,0 73.10255886600004,19.22458906000003,0 73.10253020800008,19.22468725700003,0 73.10254266400005,19.22502196000005,0 73.10251414300006,19.22514544900002,0 73.10246044100006,19.22522661700003,0 73.10232136600007,19.22530372100005,0 73.10226561700006,19.22538128100007,0 73.10229700600007,19.22589562800005,0 73.10208411300005,19.22603100000004,0 73.10204883800003,19.22648482800003,0 73.10201586400007,19.22686975100004,0 73.10195974600003,19.22736054900003,0 73.10151212200003,19.22721152100007,0 73.10070379200005,19.22693781600003,0 73.10004734400007,19.22671587900004,0 73.09988363300005,19.22665851700003,0 73.09911909900006,19.22639285100007,0 73.09858887100006,19.22620865400006,0 73.09753984400004,19.22572211100004,0 73.09693258500005,19.22544904500006,0 73.09698263700005,19.22519910900007,0 73.09708555200007,19.22503121800003,0 73.09756628100007,19.22454482700005,0 73.09770223800007,19.22434919900007,0 73.09770191500007,19.22396242500003,0 73.09769038300004,19.22363013800003,0 73.09768546600003,19.22345415000007,0 73.09775191700004,19.22336027800003,0 73.09779835000006,19.22329656700003,0 73.09787660500007,19.22320906900006,0 73.09799118200004,19.22312613900004,0 73.09821303500007,19.22297012800004,0 73.09830628700007,19.22289008100006,0 73.09838938600006,19.22277545400004,0 73.09843033600004,19.22265730500004,0 73.09849283300008,19.22246171500007,0 73.09901024300007,19.22227704900007,0 73.09917587800004,19.22230391500006,0 73.09946092900003,19.22236240500007,0 73.09965626300004,19.22188987500005,0 73.09989558600006,19.22130095200004,0 73.10000698100004,19.22120158800004,0 73.10012001900003,19.22109387100005,0 73.10019381200004,19.22096833200004,0 73.10043517800005,19.22054308700007,0 73.10058523000004,19.22028565800002,0 73.10094279700007,19.21998349600005,0 73.10119335700006,19.21977921600006,0 73.10153425000004,19.21949681800004,0 73.10197710000006,19.21970430000005,0 73.10207200900004,19.21972469400004,0 73.10205100000007,19.22029010000006,0 73.10180960000008,19.22040150000004,0 73.10188470000008,19.22069530000005,0 73.10180960000008,19.22097900000006,0 73.10166480000004,19.22142470000006,0 73.10140730000006,19.22122720000004,0 73.10128390000006,19.22128800000007,0 73.10121950000007,19.22121200000004,0 73.10110302200007,19.22148326100006,0 73.10149850000005,19.22189580000003,0 73.10140061700008,19.22220834800004,0 73.10075550200008,19.22208158400002,0 73.10061392400007,19.22193798400008,0 73.10049950300004,19.22232478200004,0 73.10041550000005,19.22241473300005,0 73.10027365400003,19.22255189700007,0 73.10015960000004,19.22329646600002,0 73.10099274000004,19.22352957400005,0 73.10163439600007,19.22351004200004,0 73.10219564100004,19.22376558200006,0 73.10274686100007,19.22374402900005,0 73.10279727100004,19.22425838900006,0 
						</coordinates>
					</LinearRing>
				</outerBoundaryIs>
			</Polygon>
		</Placemark>
	</Document>
	<Document>
		<name>Ward no.48.kml</name>
		<StyleMap id="m_ylw-pushpin46">
			<Pair>
				<key>normal</key>
				<styleUrl>#s_ylw-pushpin46</styleUrl>
			</Pair>
			<Pair>
				<key>highlight</key>
				<styleUrl>#s_ylw-pushpin_hl46</styleUrl>
			</Pair>
		</StyleMap>
		<Style id="s_ylw-pushpin46">
			<IconStyle>
				<scale>1.1</scale>
				<Icon>
					<href>https://maps.google.com/mapfiles/kml/pushpin/ylw-pushpin.png</href>
				</Icon>
				<hotSpot x="20" y="2" xunits="pixels" yunits="pixels"/>
			</IconStyle>
			<LineStyle>
				<color>ffffff55</color>
				<width>3</width>
			</LineStyle>
			<PolyStyle>
				<fill>0</fill>
			</PolyStyle>
		</Style>
		<Style id="s_ylw-pushpin_hl46">
			<IconStyle>
				<scale>1.3</scale>
				<Icon>
					<href>https://maps.google.com/mapfiles/kml/pushpin/ylw-pushpin.png</href>
				</Icon>
				<hotSpot x="20" y="2" xunits="pixels" yunits="pixels"/>
			</IconStyle>
			<LineStyle>
				<color>ffffff55</color>
				<width>3</width>
			</LineStyle>
			<PolyStyle>
				<fill>0</fill>
			</PolyStyle>
		</Style>
		<Placemark>
			<name>Ward no.48.kml</name>
			<styleUrl>#m_ylw-pushpin46</styleUrl>
			<Polygon>
				<tessellate>1</tessellate>
				<outerBoundaryIs>
					<LinearRing>
						<coordinates>
							73.10170038900003,19.22995345400005,0 73.09948625900006,19.23054060200008,0 73.09811638000008,19.23127527800006,0 73.09741069300003,19.23234360500004,0 73.09529676700004,19.23389147400008,0 73.09418781900007,19.23450761300006,0 73.09328603400007,19.23541294700004,0 73.09164426600006,19.23351424800006,0 73.09160561700008,19.23341485000003,0 73.09179891200006,19.23306305200003,0 73.09188589300004,19.23303620900003,0 73.09188318200006,19.23223153900005,0 73.09153466100008,19.23166143300006,0 73.09161446600007,19.23064783100006,0 73.09163986100003,19.23022093500003,0 73.09196658000008,19.23010857200006,0 73.09199542200008,19.22985063400006,0 73.09203974700006,19.22936768600005,0 73.09128889400006,19.22905744500002,0 73.09153456700005,19.22836583100008,0 73.09121200000004,19.22822700000006,0 73.09129500000006,19.22769800000003,0 73.09115800000006,19.22769050000005,0 73.09100200000006,19.22770350000008,0 73.09083700000008,19.22765600000003,0 73.09078800000003,19.22753750000004,0 73.09029350000003,19.22740150000004,0 73.09023450000007,19.22754900000007,0 73.09018270900003,19.22796267600006,0 73.09003217600008,19.22791894600005,0 73.09005307200005,19.22783595200008,0 73.08986879600008,19.22778807800006,0 73.08978799900007,19.22801933300008,0 73.08929800000004,19.22815150000002,0 73.08894300000003,19.22820500000006,0 73.08874200000008,19.22838400000006,0 73.08853490800004,19.22827659100005,0 73.08836900000006,19.22844500000002,0 73.08827100000008,19.22833200000002,0 73.08796650000005,19.22848100000005,0 73.08798600000006,19.22862000000004,0 73.08802800000007,19.22868800000003,0 73.08768203300008,19.22875699200006,0 73.08764715900008,19.22863328200003,0 73.08763530500005,19.22846632600005,0 73.08761153600005,19.22821689400007,0 73.08759931400004,19.22804198400007,0 73.08758761600006,19.22780753000006,0 73.08750926800008,19.22712621800002,0 73.08750775300007,19.22686076300005,0 73.08750436600008,19.22678104700003,0 73.08749818000007,19.22649273600007,0 73.08796729000005,19.22649422400008,0 73.08791300000007,19.22618400000005,0 73.08800096400006,19.22608773300004,0 73.08825466700006,19.22605100000004,0 73.08820800000007,19.22582100000005,0 73.08822693400003,19.22563873600006,0 73.08823500000005,19.22553800000003,0 73.08836100000008,19.22545700000006,0 73.08859200000006,19.22550200000006,0 73.08885050000004,19.22549950000007,0 73.08917600000007,19.22549000000004,0 73.08916000000005,19.22529700000007,0 73.08940200000006,19.22532500000006,0 73.08951000000008,19.22503900000004,0 73.08966540000006,19.22480033100004,0 73.08935683900006,19.22460928600003,0 73.08985800000005,19.22385600000007,0 73.09025525200008,19.22327242900008,0 73.09037000100005,19.22334800000004,0 73.09059441600004,19.22302592700004,0 73.09155746300007,19.22169740200008,0 73.09247018600007,19.22239529800004,0 73.09311133400007,19.22289300000006,0 73.09353578100007,19.22314658200003,0 73.09415475600008,19.22353450400004,0 73.09427191300006,19.22360867000003,0 73.09482418200008,19.22396302400006,0 73.09558036400006,19.22439995400004,0 73.09642695000008,19.22487586900007,0 73.09698263700005,19.22519910900007,0 73.09693258500005,19.22544904500006,0 73.09753984400004,19.22572211100004,0 73.09858887100006,19.22620865400006,0 73.09911909900006,19.22639285100007,0 73.09988363300005,19.22665851700003,0 73.10004734400007,19.22671587900004,0 73.10070379200005,19.22693781600003,0 73.10151212200003,19.22721152100007,0 73.10195974600003,19.22736054900003,0 73.11126410600008,19.23058249200005,0 73.11100530400006,19.23150077900004,0 73.11003624800003,19.23096921400003,0 73.10775996700005,19.23055719400003,0 73.10545085000007,19.22993203100003,0 73.10170038900003,19.22995345400005,0 
						</coordinates>
					</LinearRing>
				</outerBoundaryIs>
			</Polygon>
		</Placemark>
	</Document>
	<Document>
		<name>Ward no.49.kml</name>
		<StyleMap id="m_ylw-pushpin47">
			<Pair>
				<key>normal</key>
				<styleUrl>#s_ylw-pushpin47</styleUrl>
			</Pair>
			<Pair>
				<key>highlight</key>
				<styleUrl>#s_ylw-pushpin_hl47</styleUrl>
			</Pair>
		</StyleMap>
		<Style id="s_ylw-pushpin47">
			<IconStyle>
				<scale>1.1</scale>
				<Icon>
					<href>https://maps.google.com/mapfiles/kml/pushpin/ylw-pushpin.png</href>
				</Icon>
				<hotSpot x="20" y="2" xunits="pixels" yunits="pixels"/>
			</IconStyle>
			<LineStyle>
				<color>ffffff55</color>
				<width>3</width>
			</LineStyle>
			<PolyStyle>
				<fill>0</fill>
			</PolyStyle>
		</Style>
		<Style id="s_ylw-pushpin_hl47">
			<IconStyle>
				<scale>1.3</scale>
				<Icon>
					<href>https://maps.google.com/mapfiles/kml/pushpin/ylw-pushpin.png</href>
				</Icon>
				<hotSpot x="20" y="2" xunits="pixels" yunits="pixels"/>
			</IconStyle>
			<LineStyle>
				<color>ffffff55</color>
				<width>3</width>
			</LineStyle>
			<PolyStyle>
				<fill>0</fill>
			</PolyStyle>
		</Style>
		<Placemark>
			<name>Ward no.49.kml</name>
			<styleUrl>#m_ylw-pushpin47</styleUrl>
			<Polygon>
				<tessellate>1</tessellate>
				<outerBoundaryIs>
					<LinearRing>
						<coordinates>
							73.09128889400006,19.22905744500002,0 73.09203974700006,19.22936768600005,0 73.09199542200008,19.22985063400006,0 73.09196658000008,19.23010857200006,0 73.09163986100003,19.23022093500003,0 73.09161446600007,19.23064783100006,0 73.09153466100008,19.23166143300006,0 73.09188318200006,19.23223153900005,0 73.09188589300004,19.23303620900003,0 73.09179891200006,19.23306305200003,0 73.09160561700008,19.23341485000003,0 73.09164426600006,19.23351424800006,0 73.09328603400007,19.23541294700004,0 73.09313723700006,19.23556005800003,0 73.08984248500008,19.23812782200002,0 73.08848358200004,19.23918709500003,0 73.08798882900004,19.23746992600007,0 73.08736189000007,19.23524489700003,0 73.08728482200007,19.23449416000005,0 73.08724421600004,19.23357848600006,0 73.08729681100004,19.23328060700004,0 73.08736809800007,19.23291949200007,0 73.08741499500007,19.23263952400004,0 73.08747906100007,19.23233957800005,0 73.08757059100003,19.23229996300006,0 73.08761649400003,19.23167650800008,0 73.08768555100005,19.23152022500005,0 73.08787799800007,19.23109699900004,0 73.08796972100004,19.23089629700007,0 73.08804900000007,19.23056650000007,0 73.08805831000006,19.23044036500005,0 73.08807107600006,19.23033121900005,0 73.08808258600004,19.23018968500003,0 73.08807278500007,19.23003016300004,0 73.08795730100007,19.22965846800003,0 73.08780861800005,19.22916489900007,0 73.08768203300008,19.22875699200006,0 73.08802800000007,19.22868800000003,0 73.08798600000006,19.22862000000004,0 73.08796650000005,19.22848100000005,0 73.08827100000008,19.22833200000002,0 73.08836900000006,19.22844500000002,0 73.08853490800004,19.22827659100005,0 73.08874200000008,19.22838400000006,0 73.08894300000003,19.22820500000006,0 73.08929800000004,19.22815150000002,0 73.08978799900007,19.22801933300008,0 73.08986879600008,19.22778807800006,0 73.09005307200005,19.22783595200008,0 73.09003217600008,19.22791894600005,0 73.09018270900003,19.22796267600006,0 73.09023450000007,19.22754900000007,0 73.09029350000003,19.22740150000004,0 73.09078800000003,19.22753750000004,0 73.09083700000008,19.22765600000003,0 73.09100200000006,19.22770350000008,0 73.09115800000006,19.22769050000005,0 73.09129500000006,19.22769800000003,0 73.09121200000004,19.22822700000006,0 73.09153456700005,19.22836583100008,0 73.09128889400006,19.22905744500002,0 
						</coordinates>
					</LinearRing>
				</outerBoundaryIs>
			</Polygon>
		</Placemark>
	</Document>
	<Document>
		<name>Ward no.50.kml</name>
		<StyleMap id="m_ylw-pushpin48">
			<Pair>
				<key>normal</key>
				<styleUrl>#s_ylw-pushpin48</styleUrl>
			</Pair>
			<Pair>
				<key>highlight</key>
				<styleUrl>#s_ylw-pushpin_hl48</styleUrl>
			</Pair>
		</StyleMap>
		<Style id="s_ylw-pushpin48">
			<IconStyle>
				<scale>1.1</scale>
				<Icon>
					<href>https://maps.google.com/mapfiles/kml/pushpin/ylw-pushpin.png</href>
				</Icon>
				<hotSpot x="20" y="2" xunits="pixels" yunits="pixels"/>
			</IconStyle>
			<LineStyle>
				<color>ffffff55</color>
				<width>3</width>
			</LineStyle>
			<PolyStyle>
				<fill>0</fill>
			</PolyStyle>
		</Style>
		<Style id="s_ylw-pushpin_hl48">
			<IconStyle>
				<scale>1.3</scale>
				<Icon>
					<href>https://maps.google.com/mapfiles/kml/pushpin/ylw-pushpin.png</href>
				</Icon>
				<hotSpot x="20" y="2" xunits="pixels" yunits="pixels"/>
			</IconStyle>
			<LineStyle>
				<color>ffffff55</color>
				<width>3</width>
			</LineStyle>
			<PolyStyle>
				<fill>0</fill>
			</PolyStyle>
		</Style>
		<Placemark>
			<name>Ward no.50.kml</name>
			<styleUrl>#m_ylw-pushpin48</styleUrl>
			<Polygon>
				<tessellate>1</tessellate>
				<outerBoundaryIs>
					<LinearRing>
						<coordinates>
							73.08750926800008,19.22712621800002,0 73.08758761600006,19.22780753000006,0 73.08759931400004,19.22804198400007,0 73.08761153600005,19.22821689400007,0 73.08763530500005,19.22846632600005,0 73.08764715900008,19.22863328200003,0 73.08768203300008,19.22875699200006,0 73.08780861800005,19.22916489900007,0 73.08795730100007,19.22965846800003,0 73.08807278500007,19.23003016300004,0 73.08808258600004,19.23018968500003,0 73.08807107600006,19.23033121900005,0 73.08805831000006,19.23044036500005,0 73.08804900000007,19.23056650000007,0 73.08796972100004,19.23089629700007,0 73.08787799800007,19.23109699900004,0 73.08768555100005,19.23152022500005,0 73.08761649400003,19.23167650800008,0 73.08757059100003,19.23229996300006,0 73.08747906100007,19.23233957800005,0 73.08741499500007,19.23263952400004,0 73.08736809800007,19.23291949200007,0 73.08729681100004,19.23328060700004,0 73.08724421600004,19.23357848600006,0 73.08728482200007,19.23449416000005,0 73.08736189000007,19.23524489700003,0 73.08798882900004,19.23746992600007,0 73.08848358200004,19.23918709500003,0 73.08429725300005,19.24020867500008,0 73.08435149000007,19.23737488600006,0 73.08436408200004,19.23702430400005,0 73.08435965900003,19.23635746700006,0 73.08433158400004,19.23580348400003,0 73.08446780800006,19.23559929500004,0 73.08447833900004,19.23549963300007,0 73.08452788500006,19.23475286100006,0 73.08454456700008,19.23444228800003,0 73.08457077400004,19.23410725100007,0 73.08458261000004,19.23378875200007,0 73.08459428500004,19.23366717000005,0 73.08462531900005,19.23341231100005,0 73.08467015500008,19.23300469600002,0 73.08470400000004,19.23270500000007,0 73.08483919700006,19.23201919600007,0 73.08484506900004,19.23193450300005,0 73.08487173500004,19.23150423300007,0 73.08488324100006,19.23134785300005,0 73.08495253100006,19.23060779400004,0 73.08496800000006,19.23041400000005,0 73.08501600000005,19.23032000000006,0 73.08524600000004,19.23016000000007,0 73.08534122800006,19.22996209900003,0 73.08537669500004,19.22988319700005,0 73.08545457300005,19.22962736300008,0 73.08539583800007,19.22949402200004,0 73.08526244600006,19.22933327000004,0 73.08523324000004,19.22918256000003,0 73.08533875200004,19.22878394200006,0 73.08546600000005,19.22829800000005,0 73.08547947800008,19.22785497800004,0 73.08547645600004,19.22743530400004,0 73.08551906500003,19.22666114200007,0 73.08589278900007,19.22669366300005,0 73.08605204600008,19.22672758700003,0 73.08616194900003,19.22674847500002,0 73.08662586500003,19.22690010500003,0 73.08671811100004,19.22669849400006,0 73.08682400000004,19.22644300000007,0 73.08749818000007,19.22649273600007,0 73.08750436600008,19.22678104700003,0 73.08750775300007,19.22686076300005,0 73.08750926800008,19.22712621800002,0 
						</coordinates>
					</LinearRing>
				</outerBoundaryIs>
			</Polygon>
		</Placemark>
	</Document>
	<Document>
		<name>Ward no.51.kml</name>
		<StyleMap id="m_ylw-pushpin49">
			<Pair>
				<key>normal</key>
				<styleUrl>#s_ylw-pushpin49</styleUrl>
			</Pair>
			<Pair>
				<key>highlight</key>
				<styleUrl>#s_ylw-pushpin_hl49</styleUrl>
			</Pair>
		</StyleMap>
		<Style id="s_ylw-pushpin49">
			<IconStyle>
				<scale>1.1</scale>
				<Icon>
					<href>https://maps.google.com/mapfiles/kml/pushpin/ylw-pushpin.png</href>
				</Icon>
				<hotSpot x="20" y="2" xunits="pixels" yunits="pixels"/>
			</IconStyle>
			<LineStyle>
				<color>ffffff55</color>
				<width>3</width>
			</LineStyle>
			<PolyStyle>
				<fill>0</fill>
			</PolyStyle>
		</Style>
		<Style id="s_ylw-pushpin_hl49">
			<IconStyle>
				<scale>1.3</scale>
				<Icon>
					<href>https://maps.google.com/mapfiles/kml/pushpin/ylw-pushpin.png</href>
				</Icon>
				<hotSpot x="20" y="2" xunits="pixels" yunits="pixels"/>
			</IconStyle>
			<LineStyle>
				<color>ffffff55</color>
				<width>3</width>
			</LineStyle>
			<PolyStyle>
				<fill>0</fill>
			</PolyStyle>
		</Style>
		<Placemark>
			<name>Ward no.51.kml</name>
			<styleUrl>#m_ylw-pushpin49</styleUrl>
			<Polygon>
				<tessellate>1</tessellate>
				<outerBoundaryIs>
					<LinearRing>
						<coordinates>
							73.08447833900004,19.23549963300007,0 73.08446780800006,19.23559929500004,0 73.08433158400004,19.23580348400003,0 73.08435965900003,19.23635746700006,0 73.08436408200004,19.23702430400005,0 73.08435149000007,19.23737488600006,0 73.08429725300005,19.24020867500008,0 73.07913118900007,19.23945756300003,0 73.08029997300008,19.23701469200006,0 73.08041542100005,19.23645519700006,0 73.08063358500004,19.23518298300007,0 73.08131194700007,19.23530827100007,0 73.08201300000007,19.23543800000005,0 73.08227392600008,19.23372919500002,0 73.08231933300004,19.23340400000006,0 73.08242066600008,19.23226666700003,0 73.08266400000008,19.23229000000004,0 73.08269600000006,19.23173000000003,0 73.08260800000005,19.23143400000004,0 73.08263603500006,19.23120693600004,0 73.08238544900007,19.23116368800004,0 73.08239100000003,19.23087700000008,0 73.08265600000004,19.23089700000003,0 73.08283900000004,19.23087900000007,0 73.08287900000005,19.23061300000006,0 73.08292940000007,19.23037260000007,0 73.08305244200005,19.22990074700005,0 73.08305095100008,19.22966735000006,0 73.08308313300006,19.22951649500004,0 73.08280000000008,19.22943700000008,0 73.08273600000007,19.22958300000005,0 73.08257060000005,19.22952680000003,0 73.08258606400005,19.22943751400004,0 73.08265600000004,19.22918700000002,0 73.08269300000006,19.22889800000007,0 73.08245666700003,19.22887166700008,0 73.08176900000007,19.22877900000003,0 73.08183265800005,19.22854969000002,0 73.08188196700007,19.22835960400005,0 73.08192330700007,19.22822537500002,0 73.08201800000006,19.22790600000008,0 73.08219851300004,19.22768444100007,0 73.08241362200005,19.22722119200006,0 73.08265212300006,19.22725600800004,0 73.08282775000004,19.22728010100008,0 73.08381016300007,19.22714578100005,0 73.08416263300006,19.22708651200003,0 73.08485300000007,19.22708300000005,0 73.08485768100007,19.22693122100003,0 73.08488324600006,19.22645515400006,0 73.08490241200008,19.22611291300007,0 73.08550700000006,19.22606500000006,0 73.08551906500003,19.22666114200007,0 73.08547645600004,19.22743530400004,0 73.08547947800008,19.22785497800004,0 73.08546600000005,19.22829800000005,0 73.08533875200004,19.22878394200006,0 73.08523324000004,19.22918256000003,0 73.08526244600006,19.22933327000004,0 73.08539583800007,19.22949402200004,0 73.08545457300005,19.22962736300008,0 73.08537669500004,19.22988319700005,0 73.08534122800006,19.22996209900003,0 73.08524600000004,19.23016000000007,0 73.08501600000005,19.23032000000006,0 73.08496800000006,19.23041400000005,0 73.08495253100006,19.23060779400004,0 73.08488324100006,19.23134785300005,0 73.08487173500004,19.23150423300007,0 73.08484506900004,19.23193450300005,0 73.08483919700006,19.23201919600007,0 73.08470400000004,19.23270500000007,0 73.08467015500008,19.23300469600002,0 73.08462531900005,19.23341231100005,0 73.08459428500004,19.23366717000005,0 73.08458261000004,19.23378875200007,0 73.08457077400004,19.23410725100007,0 73.08454456700008,19.23444228800003,0 73.08452788500006,19.23475286100006,0 73.08447833900004,19.23549963300007,0 
						</coordinates>
					</LinearRing>
				</outerBoundaryIs>
			</Polygon>
		</Placemark>
	</Document>
	<Document>
		<name>Ward no.52.kml</name>
		<StyleMap id="m_ylw-pushpin50">
			<Pair>
				<key>normal</key>
				<styleUrl>#s_ylw-pushpin50</styleUrl>
			</Pair>
			<Pair>
				<key>highlight</key>
				<styleUrl>#s_ylw-pushpin_hl50</styleUrl>
			</Pair>
		</StyleMap>
		<Style id="s_ylw-pushpin50">
			<IconStyle>
				<scale>1.1</scale>
				<Icon>
					<href>https://maps.google.com/mapfiles/kml/pushpin/ylw-pushpin.png</href>
				</Icon>
				<hotSpot x="20" y="2" xunits="pixels" yunits="pixels"/>
			</IconStyle>
			<LineStyle>
				<color>ffffff55</color>
				<width>3</width>
			</LineStyle>
			<PolyStyle>
				<fill>0</fill>
			</PolyStyle>
		</Style>
		<Style id="s_ylw-pushpin_hl50">
			<IconStyle>
				<scale>1.3</scale>
				<Icon>
					<href>https://maps.google.com/mapfiles/kml/pushpin/ylw-pushpin.png</href>
				</Icon>
				<hotSpot x="20" y="2" xunits="pixels" yunits="pixels"/>
			</IconStyle>
			<LineStyle>
				<color>ffffff55</color>
				<width>3</width>
			</LineStyle>
			<PolyStyle>
				<fill>0</fill>
			</PolyStyle>
		</Style>
		<Placemark>
			<name>Ward no.52.kml</name>
			<styleUrl>#m_ylw-pushpin50</styleUrl>
			<Polygon>
				<tessellate>1</tessellate>
				<outerBoundaryIs>
					<LinearRing>
						<coordinates>
							73.08041542100005,19.23645519700006,0 73.08029997300008,19.23701469200006,0 73.07913118900007,19.23945756300003,0 73.07552665000003,19.23706305200005,0 73.07720732800004,19.23464383000004,0 73.07776208200005,19.23352480400007,0 73.07804500700007,19.23294785800005,0 73.07824254500008,19.23180244500003,0 73.07849151200008,19.23055438300003,0 73.07941458200008,19.23060282500006,0 73.07953700000007,19.23085900000007,0 73.07989600000008,19.23079800000005,0 73.07993100000004,19.23054500000006,0 73.08020463500003,19.23057098600003,0 73.08024908600004,19.23048383900004,0 73.08048100000008,19.23004200000003,0 73.08083890000006,19.22983010000007,0 73.08090369100006,19.22966789800006,0 73.08095400000008,19.22953000000007,0 73.08125800000005,19.22942400000005,0 73.08138017400006,19.22925773400004,0 73.08144468000006,19.22918233000007,0 73.08158094500004,19.22901523700006,0 73.08176900000007,19.22877900000003,0 73.08245666700003,19.22887166700008,0 73.08269300000006,19.22889800000007,0 73.08265600000004,19.22918700000002,0 73.08258606400005,19.22943751400004,0 73.08257060000005,19.22952680000003,0 73.08273600000007,19.22958300000005,0 73.08280000000008,19.22943700000008,0 73.08308313300006,19.22951649500004,0 73.08305095100008,19.22966735000006,0 73.08305244200005,19.22990074700005,0 73.08292940000007,19.23037260000007,0 73.08287900000005,19.23061300000006,0 73.08283900000004,19.23087900000007,0 73.08265600000004,19.23089700000003,0 73.08239100000003,19.23087700000008,0 73.08238544900007,19.23116368800004,0 73.08263603500006,19.23120693600004,0 73.08260800000005,19.23143400000004,0 73.08269600000006,19.23173000000003,0 73.08266400000008,19.23229000000004,0 73.08242066600008,19.23226666700003,0 73.08231933300004,19.23340400000006,0 73.08227392600008,19.23372919500002,0 73.08201300000007,19.23543800000005,0 73.08131194700007,19.23530827100007,0 73.08063358500004,19.23518298300007,0 73.08041542100005,19.23645519700006,0 
						</coordinates>
					</LinearRing>
				</outerBoundaryIs>
			</Polygon>
		</Placemark>
	</Document>
	<Document>
		<name>Ward no.53.kml</name>
		<StyleMap id="m_ylw-pushpin51">
			<Pair>
				<key>normal</key>
				<styleUrl>#s_ylw-pushpin51</styleUrl>
			</Pair>
			<Pair>
				<key>highlight</key>
				<styleUrl>#s_ylw-pushpin_hl51</styleUrl>
			</Pair>
		</StyleMap>
		<Style id="s_ylw-pushpin51">
			<IconStyle>
				<scale>1.1</scale>
				<Icon>
					<href>https://maps.google.com/mapfiles/kml/pushpin/ylw-pushpin.png</href>
				</Icon>
				<hotSpot x="20" y="2" xunits="pixels" yunits="pixels"/>
			</IconStyle>
			<LineStyle>
				<color>ffffff55</color>
				<width>3</width>
			</LineStyle>
			<PolyStyle>
				<fill>0</fill>
			</PolyStyle>
		</Style>
		<Style id="s_ylw-pushpin_hl51">
			<IconStyle>
				<scale>1.3</scale>
				<Icon>
					<href>https://maps.google.com/mapfiles/kml/pushpin/ylw-pushpin.png</href>
				</Icon>
				<hotSpot x="20" y="2" xunits="pixels" yunits="pixels"/>
			</IconStyle>
			<LineStyle>
				<color>ffffff55</color>
				<width>3</width>
			</LineStyle>
			<PolyStyle>
				<fill>0</fill>
			</PolyStyle>
		</Style>
		<Placemark>
			<name>Ward no.53.kml</name>
			<styleUrl>#m_ylw-pushpin51</styleUrl>
			<Polygon>
				<tessellate>1</tessellate>
				<outerBoundaryIs>
					<LinearRing>
						<coordinates>
							73.07851500000004,19.22494300000005,0 73.07857611200006,19.22523859800003,0 73.07861610200007,19.22542117100005,0 73.07867593700007,19.22570779700004,0 73.07842268900004,19.22585647600005,0 73.07815745900007,19.22600894700003,0 73.07789500000007,19.22636800000004,0 73.07795400000003,19.22689500000007,0 73.07764196200003,19.22694098400007,0 73.07776302500008,19.22715767600005,0 73.07790050000006,19.22739150100006,0 73.07824464700008,19.22840141900002,0 73.07848000000007,19.22908850000005,0 73.07848098900007,19.22975333700003,0 73.07849151200008,19.23055438300003,0 73.07824254500008,19.23180244500003,0 73.07804500700007,19.23294785800005,0 73.07776208200005,19.23352480400007,0 73.07720732800004,19.23464383000004,0 73.07552665000003,19.23706305200005,0 73.07002836900006,19.23294953500005,0 73.06875062800003,19.23116149700007,0 73.06765824400003,19.22866983700004,0 73.06768603400008,19.22803229200002,0 73.06772380500007,19.22671270100005,0 73.06895187400005,19.22184251000005,0 73.06896103600008,19.22184307100002,0 73.07278729700005,19.22207711400006,0 73.07419947900007,19.22232929400008,0 73.07463300000006,19.22232900000006,0 73.07484100000005,19.22234200000003,0 73.07495900000004,19.22241000000003,0 73.07500970000007,19.22249320000003,0 73.07518950000008,19.22265730000004,0 73.07539500000007,19.22280250000006,0 73.07567400000005,19.22341900000004,0 73.07597700000008,19.22363400000006,0 73.07653374200004,19.22350988000005,0 73.07676310200003,19.22378992500006,0 73.07690800000006,19.22396500000008,0 73.07703100000003,19.22420900000003,0 73.07715331100007,19.22408518800006,0 73.07728400000008,19.22395700000004,0 73.07741159500006,19.22392073900005,0 73.07775071900005,19.22378876200003,0 73.07782400000008,19.22396500000008,0 73.07772900000003,19.22409900000002,0 73.07780131100003,19.22419269200003,0 73.07792700000005,19.22436800000003,0 73.07802900100006,19.22449150100005,0 73.07817247500003,19.22460527800007,0 73.07804000000004,19.22484100000003,0 73.07830503900004,19.22483724800003,0 73.07851200000005,19.22483600000004,0 73.07851500000004,19.22494300000005,0 
						</coordinates>
					</LinearRing>
				</outerBoundaryIs>
			</Polygon>
		</Placemark>
	</Document>
	<Document>
		<name>Ward no.54.kml</name>
		<StyleMap id="m_ylw-pushpin52">
			<Pair>
				<key>normal</key>
				<styleUrl>#s_ylw-pushpin52</styleUrl>
			</Pair>
			<Pair>
				<key>highlight</key>
				<styleUrl>#s_ylw-pushpin_hl52</styleUrl>
			</Pair>
		</StyleMap>
		<Style id="s_ylw-pushpin52">
			<IconStyle>
				<scale>1.1</scale>
				<Icon>
					<href>https://maps.google.com/mapfiles/kml/pushpin/ylw-pushpin.png</href>
				</Icon>
				<hotSpot x="20" y="2" xunits="pixels" yunits="pixels"/>
			</IconStyle>
			<LineStyle>
				<color>ffffff55</color>
				<width>3</width>
			</LineStyle>
			<PolyStyle>
				<fill>0</fill>
			</PolyStyle>
		</Style>
		<Style id="s_ylw-pushpin_hl52">
			<IconStyle>
				<scale>1.3</scale>
				<Icon>
					<href>https://maps.google.com/mapfiles/kml/pushpin/ylw-pushpin.png</href>
				</Icon>
				<hotSpot x="20" y="2" xunits="pixels" yunits="pixels"/>
			</IconStyle>
			<LineStyle>
				<color>ffffff55</color>
				<width>3</width>
			</LineStyle>
			<PolyStyle>
				<fill>0</fill>
			</PolyStyle>
		</Style>
		<Placemark>
			<name>Ward no.54.kml</name>
			<styleUrl>#m_ylw-pushpin52</styleUrl>
			<Polygon>
				<tessellate>1</tessellate>
				<outerBoundaryIs>
					<LinearRing>
						<coordinates>
							73.07786725200003,19.22266803600007,0 73.07737312600005,19.22300011700003,0 73.07705872800005,19.22329006300004,0 73.07691300000005,19.22342200000003,0 73.07653374200004,19.22350988000005,0 73.07597700000008,19.22363400000006,0 73.07567400000005,19.22341900000004,0 73.07539500000007,19.22280250000006,0 73.07518950000008,19.22265730000004,0 73.07500970000007,19.22249320000003,0 73.07495900000004,19.22241000000003,0 73.07484100000005,19.22234200000003,0 73.07463300000006,19.22232900000006,0 73.07419947900007,19.22232929400008,0 73.07278729700005,19.22207711400006,0 73.06896103600008,19.22184307100002,0 73.06895084100006,19.22182398800004,0 73.06900973500007,19.21760541400005,0 73.07114739800005,19.21768768900006,0 73.07481300000006,19.21933500000006,0 73.07520450000004,19.21936900000003,0 73.07539350000008,19.21946300000008,0 73.07564483400006,19.21948082500006,0 73.07600500000007,19.21945300000004,0 73.07615800000008,19.21954300000004,0 73.07625300000007,19.21966800000007,0 73.07660200000004,19.21957100000003,0 73.07691300000005,19.21951500000006,0 73.07703415800006,19.21965955700006,0 73.07713487000007,19.21977652700002,0 73.07720800000004,19.21985800000005,0 73.07735900000006,19.21989800000006,0 73.07767145300005,19.22010192600004,0 73.07783176800007,19.21986425100005,0 73.07796628100004,19.21966478600007,0 73.07803875100007,19.21957210200003,0 73.07831333400003,19.21927783400003,0 73.07837705300005,19.21922283100003,0 73.07846241100003,19.21914914900003,0 73.07853099900007,19.21908756500005,0 73.07861133300008,19.21902100000006,0 73.07885552000005,19.21897408600006,0 73.07900850000004,19.21894400000002,0 73.07909191900006,19.21893338400002,0 73.07923179200003,19.21891842700006,0 73.07949866200005,19.21888547300006,0 73.07982403300008,19.21884028800002,0 73.08003300000007,19.21884800000004,0 73.08013674200004,19.21888268800007,0 73.08024300000005,19.21891900000003,0 73.08041650000007,19.21901450000007,0 73.08049372000005,19.21899025900007,0 73.08063235000003,19.21891495300002,0 73.08073175000004,19.21887500000003,0 73.08067398400004,19.21933750100004,0 73.08060977500008,19.21980567500003,0 73.08027400000003,19.21981120000004,0 73.08026575500008,19.22000106600007,0 73.08026310400004,19.22047500000002,0 73.08026100000006,19.22062900000003,0 73.08017175400005,19.22084178700004,0 73.07987200000008,19.22074533400007,0 73.07969582900006,19.22085896800007,0 73.07961077700008,19.22092120700006,0 73.07948000000005,19.22096900000003,0 73.07941900000003,19.22133100000008,0 73.07941882000006,19.22143598100007,0 73.07940700000006,19.22164733300008,0 73.07950200000005,19.22166800000002,0 73.07949100000008,19.22181400000005,0 73.07945319300006,19.22192106200004,0 73.07940500000007,19.22205800000006,0 73.07928800000008,19.22205400000007,0 73.07924050000008,19.22225450000008,0 73.07923301100004,19.22239493300003,0 73.07921242000003,19.22255773100005,0 73.07903190200005,19.22254459500005,0 73.07889833200005,19.22252401500003,0 73.07878800000003,19.22261000000003,0 73.07856313300005,19.22262207200004,0 73.07843950000006,19.22266300000007,0 73.07829900000007,19.22271000000006,0 73.07818492000007,19.22272087500005,0 73.07808000000006,19.22271000000006,0 73.07801000000006,19.22258500000004,0 73.07786725200003,19.22266803600007,0 
						</coordinates>
					</LinearRing>
				</outerBoundaryIs>
			</Polygon>
		</Placemark>
	</Document>
	<Document>
		<name>Ward no.55.kml</name>
		<StyleMap id="m_ylw-pushpin53">
			<Pair>
				<key>normal</key>
				<styleUrl>#s_ylw-pushpin53</styleUrl>
			</Pair>
			<Pair>
				<key>highlight</key>
				<styleUrl>#s_ylw-pushpin_hl53</styleUrl>
			</Pair>
		</StyleMap>
		<Style id="s_ylw-pushpin53">
			<IconStyle>
				<scale>1.1</scale>
				<Icon>
					<href>https://maps.google.com/mapfiles/kml/pushpin/ylw-pushpin.png</href>
				</Icon>
				<hotSpot x="20" y="2" xunits="pixels" yunits="pixels"/>
			</IconStyle>
			<LineStyle>
				<color>ffffff55</color>
				<width>3</width>
			</LineStyle>
			<PolyStyle>
				<fill>0</fill>
			</PolyStyle>
		</Style>
		<Style id="s_ylw-pushpin_hl53">
			<IconStyle>
				<scale>1.3</scale>
				<Icon>
					<href>https://maps.google.com/mapfiles/kml/pushpin/ylw-pushpin.png</href>
				</Icon>
				<hotSpot x="20" y="2" xunits="pixels" yunits="pixels"/>
			</IconStyle>
			<LineStyle>
				<color>ffffff55</color>
				<width>3</width>
			</LineStyle>
			<PolyStyle>
				<fill>0</fill>
			</PolyStyle>
		</Style>
		<Placemark>
			<name>Ward no.55.kml</name>
			<styleUrl>#m_ylw-pushpin53</styleUrl>
			<Polygon>
				<tessellate>1</tessellate>
				<outerBoundaryIs>
					<LinearRing>
						<coordinates>
							73.07990745400008,19.22493513800004,0 73.07969273300006,19.22507792900007,0 73.07944125200004,19.22523101000007,0 73.07924458500008,19.22534390900006,0 73.07908761900006,19.22545337300005,0 73.07867593700007,19.22570779700004,0 73.07861610200007,19.22542117100005,0 73.07857611200006,19.22523859800003,0 73.07851500000004,19.22494300000005,0 73.07851200000005,19.22483600000004,0 73.07830503900004,19.22483724800003,0 73.07804000000004,19.22484100000003,0 73.07817247500003,19.22460527800007,0 73.07802900100006,19.22449150100005,0 73.07792700000005,19.22436800000003,0 73.07780131100003,19.22419269200003,0 73.07772900000003,19.22409900000002,0 73.07782400000008,19.22396500000008,0 73.07775071900005,19.22378876200003,0 73.07741159500006,19.22392073900005,0 73.07728400000008,19.22395700000004,0 73.07715331100007,19.22408518800006,0 73.07703100000003,19.22420900000003,0 73.07690800000006,19.22396500000008,0 73.07676310200003,19.22378992500006,0 73.07653374200004,19.22350988000005,0 73.07691300000005,19.22342200000003,0 73.07705872800005,19.22329006300004,0 73.07737312600005,19.22300011700003,0 73.07786725200003,19.22266803600007,0 73.07801000000006,19.22258500000004,0 73.07808000000006,19.22271000000006,0 73.07818492000007,19.22272087500005,0 73.07829900000007,19.22271000000006,0 73.07843950000006,19.22266300000007,0 73.07856313300005,19.22262207200004,0 73.07878800000003,19.22261000000003,0 73.07889833200005,19.22252401500003,0 73.07903190200005,19.22254459500005,0 73.07921242000003,19.22255773100005,0 73.07923301100004,19.22239493300003,0 73.07924050000008,19.22225450000008,0 73.07928800000008,19.22205400000007,0 73.07940500000007,19.22205800000006,0 73.07945319300006,19.22192106200004,0 73.07949100000008,19.22181400000005,0 73.07950200000005,19.22166800000002,0 73.07940700000006,19.22164733300008,0 73.07941882000006,19.22143598100007,0 73.07941900000003,19.22133100000008,0 73.07948000000005,19.22096900000003,0 73.07961077700008,19.22092120700006,0 73.07969582900006,19.22085896800007,0 73.07987200000008,19.22074533400007,0 73.08017175400005,19.22084178700004,0 73.08026100000006,19.22062900000003,0 73.08068053200003,19.22071275700006,0 73.08065158200003,19.22090619000005,0 73.08056825500006,19.22159629900006,0 73.08055948800006,19.22169070800004,0 73.08055738800005,19.22206020600004,0 73.08101140100007,19.22209065100003,0 73.08129530000008,19.22209013300005,0 73.08139005100003,19.22209116200003,0 73.08152373200005,19.22208479300002,0 73.08186716100005,19.22204412000008,0 73.08199900000005,19.22202725000005,0 73.08175407700008,19.22241616500003,0 73.08148205400005,19.22280656700008,0 73.08129216300006,19.22305670200007,0 73.08108324300008,19.22328242600003,0 73.08100864600004,19.22336516400003,0 73.08033712400004,19.22407632400007,0 73.08015820200006,19.22434687000003,0 73.08008948000008,19.22441407700006,0 73.07999922400006,19.22468636200006,0 73.07990745400008,19.22493513800004,0 
						</coordinates>
					</LinearRing>
				</outerBoundaryIs>
			</Polygon>
		</Placemark>
	</Document>
	<Document>
		<name>Ward no.56.kml</name>
		<StyleMap id="m_ylw-pushpin54">
			<Pair>
				<key>normal</key>
				<styleUrl>#s_ylw-pushpin54</styleUrl>
			</Pair>
			<Pair>
				<key>highlight</key>
				<styleUrl>#s_ylw-pushpin_hl54</styleUrl>
			</Pair>
		</StyleMap>
		<Style id="s_ylw-pushpin54">
			<IconStyle>
				<scale>1.1</scale>
				<Icon>
					<href>https://maps.google.com/mapfiles/kml/pushpin/ylw-pushpin.png</href>
				</Icon>
				<hotSpot x="20" y="2" xunits="pixels" yunits="pixels"/>
			</IconStyle>
			<LineStyle>
				<color>ffffff55</color>
				<width>3</width>
			</LineStyle>
			<PolyStyle>
				<fill>0</fill>
			</PolyStyle>
		</Style>
		<Style id="s_ylw-pushpin_hl54">
			<IconStyle>
				<scale>1.3</scale>
				<Icon>
					<href>https://maps.google.com/mapfiles/kml/pushpin/ylw-pushpin.png</href>
				</Icon>
				<hotSpot x="20" y="2" xunits="pixels" yunits="pixels"/>
			</IconStyle>
			<LineStyle>
				<color>ffffff55</color>
				<width>3</width>
			</LineStyle>
			<PolyStyle>
				<fill>0</fill>
			</PolyStyle>
		</Style>
		<Placemark>
			<name>Ward no.56.kml</name>
			<styleUrl>#m_ylw-pushpin54</styleUrl>
			<Polygon>
				<tessellate>1</tessellate>
				<outerBoundaryIs>
					<LinearRing>
						<coordinates>
							73.07989600000008,19.23079800000005,0 73.07953700000007,19.23085900000007,0 73.07941458200008,19.23060282500006,0 73.07849151200008,19.23055438300003,0 73.07848098900007,19.22975333700003,0 73.07848000000007,19.22908850000005,0 73.07824464700008,19.22840141900002,0 73.07790050000006,19.22739150100006,0 73.07776302500008,19.22715767600005,0 73.07764196200003,19.22694098400007,0 73.07795400000003,19.22689500000007,0 73.07789500000007,19.22636800000004,0 73.07815745900007,19.22600894700003,0 73.07842268900004,19.22585647600005,0 73.07867593700007,19.22570779700004,0 73.07908761900006,19.22545337300005,0 73.07924458500008,19.22534390900006,0 73.07944125200004,19.22523101000007,0 73.07969273300006,19.22507792900007,0 73.07990745400008,19.22493513800004,0 73.07999922400006,19.22468636200006,0 73.08008948000008,19.22441407700006,0 73.08015820200006,19.22434687000003,0 73.08026450200003,19.22433119800007,0 73.08057284500006,19.22438709600004,0 73.08076693900006,19.22436890100005,0 73.08085378800007,19.22438828400004,0 73.08122662200003,19.22446105900008,0 73.08134230900004,19.22448242800004,0 73.08134206000005,19.22459971400008,0 73.08133400500003,19.22467930100004,0 73.08123700000004,19.22503100000006,0 73.08155015500006,19.22512569200006,0 73.08212755100004,19.22529641700004,0 73.08186500000005,19.22612500000003,0 73.08174100000008,19.22628700000007,0 73.08161000000007,19.22633800000006,0 73.08140900000006,19.22633300000007,0 73.08137899200005,19.22644924100007,0 73.08124633300008,19.22691671900003,0 73.08141995300008,19.22696415700005,0 73.08232625900007,19.22720266800008,0 73.08241362200005,19.22722119200006,0 73.08219851300004,19.22768444100007,0 73.08201800000006,19.22790600000008,0 73.08192330700007,19.22822537500002,0 73.08188196700007,19.22835960400005,0 73.08183265800005,19.22854969000002,0 73.08176900000007,19.22877900000003,0 73.08158094500004,19.22901523700006,0 73.08144468000006,19.22918233000007,0 73.08138017400006,19.22925773400004,0 73.08125800000005,19.22942400000005,0 73.08095400000008,19.22953000000007,0 73.08090369100006,19.22966789800006,0 73.08083890000006,19.22983010000007,0 73.08048100000008,19.23004200000003,0 73.08024908600004,19.23048383900004,0 73.08020463500003,19.23057098600003,0 73.07993100000004,19.23054500000006,0 73.07989600000008,19.23079800000005,0 
						</coordinates>
					</LinearRing>
				</outerBoundaryIs>
			</Polygon>
		</Placemark>
	</Document>
	<Document>
		<name>Ward no.57.kml</name>
		<StyleMap id="m_ylw-pushpin55">
			<Pair>
				<key>normal</key>
				<styleUrl>#s_ylw-pushpin55</styleUrl>
			</Pair>
			<Pair>
				<key>highlight</key>
				<styleUrl>#s_ylw-pushpin_hl55</styleUrl>
			</Pair>
		</StyleMap>
		<Style id="s_ylw-pushpin55">
			<IconStyle>
				<scale>1.1</scale>
				<Icon>
					<href>https://maps.google.com/mapfiles/kml/pushpin/ylw-pushpin.png</href>
				</Icon>
				<hotSpot x="20" y="2" xunits="pixels" yunits="pixels"/>
			</IconStyle>
			<LineStyle>
				<color>ffffff55</color>
				<width>3</width>
			</LineStyle>
			<PolyStyle>
				<fill>0</fill>
			</PolyStyle>
		</Style>
		<Style id="s_ylw-pushpin_hl55">
			<IconStyle>
				<scale>1.3</scale>
				<Icon>
					<href>https://maps.google.com/mapfiles/kml/pushpin/ylw-pushpin.png</href>
				</Icon>
				<hotSpot x="20" y="2" xunits="pixels" yunits="pixels"/>
			</IconStyle>
			<LineStyle>
				<color>ffffff55</color>
				<width>3</width>
			</LineStyle>
			<PolyStyle>
				<fill>0</fill>
			</PolyStyle>
		</Style>
		<Placemark>
			<name>Ward no.57.kml</name>
			<styleUrl>#m_ylw-pushpin55</styleUrl>
			<Polygon>
				<tessellate>1</tessellate>
				<outerBoundaryIs>
					<LinearRing>
						<coordinates>
							73.08381451900004,19.22669777500005,0 73.08380100000005,19.22680900000006,0 73.08236400000004,19.22694600000006,0 73.08232625900007,19.22720266800008,0 73.08141995300008,19.22696415700005,0 73.08124633300008,19.22691671900003,0 73.08137899200005,19.22644924100007,0 73.08140900000006,19.22633300000007,0 73.08161000000007,19.22633800000006,0 73.08174100000008,19.22628700000007,0 73.08186500000005,19.22612500000003,0 73.08212755100004,19.22529641700004,0 73.08155015500006,19.22512569200006,0 73.08123700000004,19.22503100000006,0 73.08133400500003,19.22467930100004,0 73.08134206000005,19.22459971400008,0 73.08134230900004,19.22448242800004,0 73.08122662200003,19.22446105900008,0 73.08085378800007,19.22438828400004,0 73.08076693900006,19.22436890100005,0 73.08057284500006,19.22438709600004,0 73.08026450200003,19.22433119800007,0 73.08015820200006,19.22434687000003,0 73.08033712400004,19.22407632400007,0 73.08100864600004,19.22336516400003,0 73.08108324300008,19.22328242600003,0 73.08129216300006,19.22305670200007,0 73.08148205400005,19.22280656700008,0 73.08175407700008,19.22241616500003,0 73.08199900000005,19.22202725000005,0 73.08225378600008,19.22211727000007,0 73.08261905900008,19.22225571400003,0 73.08312253600008,19.22222975000005,0 73.08336081100003,19.22222675500007,0 73.08348576800006,19.22223547200002,0 73.08373423400008,19.22227152600004,0 73.08407634500003,19.22232120200005,0 73.08426049400003,19.22237248400006,0 73.08446489700003,19.22243224500005,0 73.08473915700006,19.22248603300005,0 73.08457870400008,19.22286898000004,0 73.08453863000005,19.22296097500004,0 73.08440703800005,19.22328881000004,0 73.08434381100005,19.22336359800005,0 73.08405123500006,19.22369928600006,0 73.08399465800005,19.22391412400003,0 73.08393200000006,19.22421700000007,0 73.08387629500004,19.22433757500005,0 73.08323205100004,19.22505277400006,0 73.08308200000005,19.22560400000003,0 73.08322200000003,19.22591800000004,0 73.08389652500006,19.22549008200002,0 73.08389200000005,19.22590200000008,0 73.08381451900004,19.22669777500005,0 
						</coordinates>
					</LinearRing>
				</outerBoundaryIs>
			</Polygon>
		</Placemark>
	</Document>
	<Document>
		<name>Ward no.58.kml</name>
		<StyleMap id="m_ylw-pushpin56">
			<Pair>
				<key>normal</key>
				<styleUrl>#s_ylw-pushpin56</styleUrl>
			</Pair>
			<Pair>
				<key>highlight</key>
				<styleUrl>#s_ylw-pushpin_hl56</styleUrl>
			</Pair>
		</StyleMap>
		<Style id="s_ylw-pushpin56">
			<IconStyle>
				<scale>1.1</scale>
				<Icon>
					<href>https://maps.google.com/mapfiles/kml/pushpin/ylw-pushpin.png</href>
				</Icon>
				<hotSpot x="20" y="2" xunits="pixels" yunits="pixels"/>
			</IconStyle>
			<LineStyle>
				<color>ffffff55</color>
				<width>3</width>
			</LineStyle>
			<PolyStyle>
				<fill>0</fill>
			</PolyStyle>
		</Style>
		<Style id="s_ylw-pushpin_hl56">
			<IconStyle>
				<scale>1.3</scale>
				<Icon>
					<href>https://maps.google.com/mapfiles/kml/pushpin/ylw-pushpin.png</href>
				</Icon>
				<hotSpot x="20" y="2" xunits="pixels" yunits="pixels"/>
			</IconStyle>
			<LineStyle>
				<color>ffffff55</color>
				<width>3</width>
			</LineStyle>
			<PolyStyle>
				<fill>0</fill>
			</PolyStyle>
		</Style>
		<Placemark>
			<name>Ward no.58.kml</name>
			<styleUrl>#m_ylw-pushpin56</styleUrl>
			<Polygon>
				<tessellate>1</tessellate>
				<outerBoundaryIs>
					<LinearRing>
						<coordinates>
							73.08490241200008,19.22611291300007,0 73.08488324600006,19.22645515400006,0 73.08485768100007,19.22693122100003,0 73.08485300000007,19.22708300000005,0 73.08416263300006,19.22708651200003,0 73.08381016300007,19.22714578100005,0 73.08282775000004,19.22728010100008,0 73.08265212300006,19.22725600800004,0 73.08241362200005,19.22722119200006,0 73.08232625900007,19.22720266800008,0 73.08236400000004,19.22694600000006,0 73.08380100000005,19.22680900000006,0 73.08381451900004,19.22669777500005,0 73.08389200000005,19.22590200000008,0 73.08389652500006,19.22549008200002,0 73.08322200000003,19.22591800000004,0 73.08308200000005,19.22560400000003,0 73.08323205100004,19.22505277400006,0 73.08387629500004,19.22433757500005,0 73.08393200000006,19.22421700000007,0 73.08399465800005,19.22391412400003,0 73.08405123500006,19.22369928600006,0 73.08434381100005,19.22336359800005,0 73.08440703800005,19.22328881000004,0 73.08453863000005,19.22296097500004,0 73.08457870400008,19.22286898000004,0 73.08473915700006,19.22248603300005,0 73.08492166700006,19.22252233300003,0 73.08546886100004,19.22263772300005,0 73.08571583500003,19.22269459000006,0 73.08582083500005,19.22272253800003,0 73.08609521900007,19.22279928600005,0 73.08635500000008,19.22287100000006,0 73.08685688900005,19.22297035300005,0 73.08672500000006,19.22322900100005,0 73.08672211100003,19.22339029700004,0 73.08672593500006,19.22362607900004,0 73.08688353600007,19.22399767200005,0 73.08702500000004,19.22428950000005,0 73.08703950400007,19.22440293300002,0 73.08705446900007,19.22450231000005,0 73.08708941300006,19.22474895100004,0 73.08712443300004,19.22498141000006,0 73.08714742700005,19.22507795000007,0 73.08736931200008,19.22541510300005,0 73.08737963300007,19.22552676700008,0 73.08747746300008,19.22578852800007,0 73.08749337200004,19.22607182900003,0 73.08750150200007,19.22630814900003,0 73.08749818000007,19.22649273600007,0 73.08682400000004,19.22644300000007,0 73.08671811100004,19.22669849400006,0 73.08662586500003,19.22690010500003,0 73.08616194900003,19.22674847500002,0 73.08605204600008,19.22672758700003,0 73.08589278900007,19.22669366300005,0 73.08551906500003,19.22666114200007,0 73.08550700000006,19.22606500000006,0 73.08490241200008,19.22611291300007,0 
						</coordinates>
					</LinearRing>
				</outerBoundaryIs>
			</Polygon>
		</Placemark>
	</Document>
	<Document>
		<name>Ward no.59.kml</name>
		<StyleMap id="m_ylw-pushpin57">
			<Pair>
				<key>normal</key>
				<styleUrl>#s_ylw-pushpin57</styleUrl>
			</Pair>
			<Pair>
				<key>highlight</key>
				<styleUrl>#s_ylw-pushpin_hl57</styleUrl>
			</Pair>
		</StyleMap>
		<Style id="s_ylw-pushpin57">
			<IconStyle>
				<scale>1.1</scale>
				<Icon>
					<href>https://maps.google.com/mapfiles/kml/pushpin/ylw-pushpin.png</href>
				</Icon>
				<hotSpot x="20" y="2" xunits="pixels" yunits="pixels"/>
			</IconStyle>
			<LineStyle>
				<color>ffffff55</color>
				<width>3</width>
			</LineStyle>
			<PolyStyle>
				<fill>0</fill>
			</PolyStyle>
		</Style>
		<Style id="s_ylw-pushpin_hl57">
			<IconStyle>
				<scale>1.3</scale>
				<Icon>
					<href>https://maps.google.com/mapfiles/kml/pushpin/ylw-pushpin.png</href>
				</Icon>
				<hotSpot x="20" y="2" xunits="pixels" yunits="pixels"/>
			</IconStyle>
			<LineStyle>
				<color>ffffff55</color>
				<width>3</width>
			</LineStyle>
			<PolyStyle>
				<fill>0</fill>
			</PolyStyle>
		</Style>
		<Placemark>
			<name>Ward no. 59.kml</name>
			<styleUrl>#m_ylw-pushpin57</styleUrl>
			<Polygon>
				<tessellate>1</tessellate>
				<outerBoundaryIs>
					<LinearRing>
						<coordinates>
							73.08823500000005,19.22553800000003,0 73.08822693400003,19.22563873600006,0 73.08820800000007,19.22582100000005,0 73.08825466700006,19.22605100000004,0 73.08800096400006,19.22608773300004,0 73.08791300000007,19.22618400000005,0 73.08796729000005,19.22649422400008,0 73.08749818000007,19.22649273600007,0 73.08750150200007,19.22630814900003,0 73.08749337200004,19.22607182900003,0 73.08747746300008,19.22578852800007,0 73.08737963300007,19.22552676700008,0 73.08736931200008,19.22541510300005,0 73.08714742700005,19.22507795000007,0 73.08712443300004,19.22498141000006,0 73.08708941300006,19.22474895100004,0 73.08705446900007,19.22450231000005,0 73.08703950400007,19.22440293300002,0 73.08702500000004,19.22428950000005,0 73.08688353600007,19.22399767200005,0 73.08672593500006,19.22362607900004,0 73.08672211100003,19.22339029700004,0 73.08672500000006,19.22322900100005,0 73.08685688900005,19.22297035300005,0 73.08635500000008,19.22287100000006,0 73.08609521900007,19.22279928600005,0 73.08582083500005,19.22272253800003,0 73.08571583500003,19.22269459000006,0 73.08546886100004,19.22263772300005,0 73.08492166700006,19.22252233300003,0 73.08473915700006,19.22248603300005,0 73.08495156400005,19.22209238500005,0 73.08517660400008,19.22177302900008,0 73.08540863700006,19.22145041000005,0 73.08562400000005,19.22114833300003,0 73.08591380000007,19.22073872200008,0 73.08606700000007,19.22052400000007,0 73.08665989400004,19.22092038300008,0 73.08694117800007,19.22110535900004,0 73.08745837100008,19.22143203000007,0 73.08785368000008,19.22169325500005,0 73.08794184800007,19.22174857600004,0 73.08862204300004,19.22219355400006,0 73.08932833100005,19.22265831800007,0 73.09008840500007,19.22315698700004,0 73.09025525200008,19.22327242900008,0 73.08985800000005,19.22385600000007,0 73.08935683900006,19.22460928600003,0 73.08966540000006,19.22480033100004,0 73.08951000000008,19.22503900000004,0 73.08940200000006,19.22532500000006,0 73.08916000000005,19.22529700000007,0 73.08917600000007,19.22549000000004,0 73.08885050000004,19.22549950000007,0 73.08859200000006,19.22550200000006,0 73.08836100000008,19.22545700000006,0 73.08823500000005,19.22553800000003,0 
						</coordinates>
					</LinearRing>
				</outerBoundaryIs>
			</Polygon>
		</Placemark>
	</Document>
	<Document>
		<name>Ward no.60.kml</name>
		<StyleMap id="m_ylw-pushpin58">
			<Pair>
				<key>normal</key>
				<styleUrl>#s_ylw-pushpin58</styleUrl>
			</Pair>
			<Pair>
				<key>highlight</key>
				<styleUrl>#s_ylw-pushpin_hl58</styleUrl>
			</Pair>
		</StyleMap>
		<Style id="s_ylw-pushpin58">
			<IconStyle>
				<scale>1.1</scale>
				<Icon>
					<href>https://maps.google.com/mapfiles/kml/pushpin/ylw-pushpin.png</href>
				</Icon>
				<hotSpot x="20" y="2" xunits="pixels" yunits="pixels"/>
			</IconStyle>
			<LineStyle>
				<color>ffffff55</color>
				<width>3</width>
			</LineStyle>
			<PolyStyle>
				<fill>0</fill>
			</PolyStyle>
		</Style>
		<Style id="s_ylw-pushpin_hl58">
			<IconStyle>
				<scale>1.3</scale>
				<Icon>
					<href>https://maps.google.com/mapfiles/kml/pushpin/ylw-pushpin.png</href>
				</Icon>
				<hotSpot x="20" y="2" xunits="pixels" yunits="pixels"/>
			</IconStyle>
			<LineStyle>
				<color>ffffff55</color>
				<width>3</width>
			</LineStyle>
			<PolyStyle>
				<fill>0</fill>
			</PolyStyle>
		</Style>
		<Placemark>
			<name>Ward no. 60.kml</name>
			<styleUrl>#m_ylw-pushpin58</styleUrl>
			<Polygon>
				<tessellate>1</tessellate>
				<outerBoundaryIs>
					<LinearRing>
						<coordinates>
							73.08473915700006,19.22248603300005,0 73.08446489700003,19.22243224500005,0 73.08426049400003,19.22237248400006,0 73.08407634500003,19.22232120200005,0 73.08373423400008,19.22227152600004,0 73.08348576800006,19.22223547200002,0 73.08336081100003,19.22222675500007,0 73.08312253600008,19.22222975000005,0 73.08261905900008,19.22225571400003,0 73.08225378600008,19.22211727000007,0 73.08199900000005,19.22202725000005,0 73.08186716100005,19.22204412000008,0 73.08152373200005,19.22208479300002,0 73.08139005100003,19.22209116200003,0 73.08129530000008,19.22209013300005,0 73.08101140100007,19.22209065100003,0 73.08055738800005,19.22206020600004,0 73.08055948800006,19.22169070800004,0 73.08056825500006,19.22159629900006,0 73.08065158200003,19.22090619000005,0 73.08068053200003,19.22071275700006,0 73.08026100000006,19.22062900000003,0 73.08026310400004,19.22047500000002,0 73.08026575500008,19.22000106600007,0 73.08027400000003,19.21981120000004,0 73.08060977500008,19.21980567500003,0 73.08072200000004,19.21980900000006,0 73.08120758000007,19.21968551900005,0 73.08150433400004,19.21961200000004,0 73.08168200000006,19.21950800000008,0 73.08182700000003,19.21944900000005,0 73.08240600000005,19.21919100000002,0 73.08275657100006,19.21943089900003,0 73.08305048200003,19.21963132500002,0 73.08340333900003,19.21985575000002,0 73.08369067100006,19.22002819600004,0 73.08386406700004,19.22013380000004,0 73.08419477700005,19.21977950300004,0 73.08471871500007,19.21922986400006,0 73.08510891900005,19.21954111800005,0 73.08549100000005,19.21987500000006,0 73.08564332900005,19.22003955500003,0 73.08580100000006,19.22021300000006,0 73.08611098600005,19.22044943500004,0 73.08606700000007,19.22052400000007,0 73.08591380000007,19.22073872200008,0 73.08562400000005,19.22114833300003,0 73.08540863700006,19.22145041000005,0 73.08517660400008,19.22177302900008,0 73.08495156400005,19.22209238500005,0 73.08473915700006,19.22248603300005,0 
						</coordinates>
					</LinearRing>
				</outerBoundaryIs>
			</Polygon>
		</Placemark>
	</Document>
	<Document>
		<name>Ward no.61.kml</name>
		<StyleMap id="m_ylw-pushpin59">
			<Pair>
				<key>normal</key>
				<styleUrl>#s_ylw-pushpin59</styleUrl>
			</Pair>
			<Pair>
				<key>highlight</key>
				<styleUrl>#s_ylw-pushpin_hl59</styleUrl>
			</Pair>
		</StyleMap>
		<Style id="s_ylw-pushpin59">
			<IconStyle>
				<scale>1.1</scale>
				<Icon>
					<href>https://maps.google.com/mapfiles/kml/pushpin/ylw-pushpin.png</href>
				</Icon>
				<hotSpot x="20" y="2" xunits="pixels" yunits="pixels"/>
			</IconStyle>
			<LineStyle>
				<color>ffffff55</color>
				<width>3</width>
			</LineStyle>
			<PolyStyle>
				<fill>0</fill>
			</PolyStyle>
		</Style>
		<Style id="s_ylw-pushpin_hl59">
			<IconStyle>
				<scale>1.3</scale>
				<Icon>
					<href>https://maps.google.com/mapfiles/kml/pushpin/ylw-pushpin.png</href>
				</Icon>
				<hotSpot x="20" y="2" xunits="pixels" yunits="pixels"/>
			</IconStyle>
			<LineStyle>
				<color>ffffff55</color>
				<width>3</width>
			</LineStyle>
			<PolyStyle>
				<fill>0</fill>
			</PolyStyle>
		</Style>
		<Placemark>
			<name>Ward no.61.kml</name>
			<styleUrl>#m_ylw-pushpin59</styleUrl>
			<Polygon>
				<tessellate>1</tessellate>
				<outerBoundaryIs>
					<LinearRing>
						<coordinates>
							73.08902593800008,19.21986507700007,0 73.08970155400004,19.22036091200005,0 73.09072306100006,19.22110343300005,0 73.09083724800007,19.22118602100005,0 73.09101368700004,19.22131313400007,0 73.09128609200008,19.22149834300006,0 73.09155746300007,19.22169740200008,0 73.09059441600004,19.22302592700004,0 73.09037000100005,19.22334800000004,0 73.09025525200008,19.22327242900008,0 73.09008840500007,19.22315698700004,0 73.08932833100005,19.22265831800007,0 73.08862204300004,19.22219355400006,0 73.08794184800007,19.22174857600004,0 73.08785368000008,19.22169325500005,0 73.08745837100008,19.22143203000007,0 73.08694117800007,19.22110535900004,0 73.08665989400004,19.22092038300008,0 73.08606700000007,19.22052400000007,0 73.08611098600005,19.22044943500004,0 73.08580100000006,19.22021300000006,0 73.08564332900005,19.22003955500003,0 73.08549100000005,19.21987500000006,0 73.08510891900005,19.21954111800005,0 73.08471871500007,19.21922986400006,0 73.08419477700005,19.21977950300004,0 73.08386406700004,19.22013380000004,0 73.08369067100006,19.22002819600004,0 73.08340333900003,19.21985575000002,0 73.08305048200003,19.21963132500002,0 73.08275657100006,19.21943089900003,0 73.08240600000005,19.21919100000002,0 73.08293107000003,19.21906198700003,0 73.08329300000008,19.21897250000006,0 73.08337204300005,19.21885504000005,0 73.08355400000005,19.21859300000006,0 73.08371000100004,19.21838700000006,0 73.08390000000003,19.21824400000003,0 73.08424100000008,19.21810700000003,0 73.08493300000004,19.21763600000003,0 73.08530560400004,19.21710225700002,0 73.08574467600005,19.21745338400007,0 73.08601659700008,19.21765403400008,0 73.08667711800007,19.21813147600005,0 73.08693208800008,19.21832988800003,0 73.08724882700005,19.21855371400005,0 73.08750861300007,19.21874281700008,0 73.08902593800008,19.21986507700007,0 
						</coordinates>
					</LinearRing>
				</outerBoundaryIs>
			</Polygon>
		</Placemark>
	</Document>
	<Document>
		<name>Ward no.62.kml</name>
		<StyleMap id="m_ylw-pushpin60">
			<Pair>
				<key>normal</key>
				<styleUrl>#s_ylw-pushpin60</styleUrl>
			</Pair>
			<Pair>
				<key>highlight</key>
				<styleUrl>#s_ylw-pushpin_hl60</styleUrl>
			</Pair>
		</StyleMap>
		<Style id="s_ylw-pushpin60">
			<IconStyle>
				<scale>1.1</scale>
				<Icon>
					<href>https://maps.google.com/mapfiles/kml/pushpin/ylw-pushpin.png</href>
				</Icon>
				<hotSpot x="20" y="2" xunits="pixels" yunits="pixels"/>
			</IconStyle>
			<LineStyle>
				<color>ffffff55</color>
				<width>3</width>
			</LineStyle>
			<PolyStyle>
				<fill>0</fill>
			</PolyStyle>
		</Style>
		<Style id="s_ylw-pushpin_hl60">
			<IconStyle>
				<scale>1.3</scale>
				<Icon>
					<href>https://maps.google.com/mapfiles/kml/pushpin/ylw-pushpin.png</href>
				</Icon>
				<hotSpot x="20" y="2" xunits="pixels" yunits="pixels"/>
			</IconStyle>
			<LineStyle>
				<color>ffffff55</color>
				<width>3</width>
			</LineStyle>
			<PolyStyle>
				<fill>0</fill>
			</PolyStyle>
		</Style>
		<Placemark>
			<name>Ward no.62.kml</name>
			<styleUrl>#m_ylw-pushpin60</styleUrl>
			<Polygon>
				<tessellate>1</tessellate>
				<outerBoundaryIs>
					<LinearRing>
						<coordinates>
							73.08493300000004,19.21763600000003,0 73.08424100000008,19.21810700000003,0 73.08390000000003,19.21824400000003,0 73.08371000100004,19.21838700000006,0 73.08355400000005,19.21859300000006,0 73.08337204300005,19.21885504000005,0 73.08329300000008,19.21897250000006,0 73.08293107000003,19.21906198700003,0 73.08240600000005,19.21919100000002,0 73.08182700000003,19.21944900000005,0 73.08168200000006,19.21950800000008,0 73.08150433400004,19.21961200000004,0 73.08120758000007,19.21968551900005,0 73.08072200000004,19.21980900000006,0 73.08060977500008,19.21980567500003,0 73.08067398400004,19.21933750100004,0 73.08073175000004,19.21887500000003,0 73.08072041100007,19.21841700700003,0 73.08070700000007,19.21811050000002,0 73.08064185700005,19.21786372500003,0 73.08061500000008,19.21777000000003,0 73.08040033300006,19.21713300000005,0 73.08024600000005,19.21723200000002,0 73.08009500000003,19.21730900100005,0 73.07997100000006,19.21733800000004,0 73.07988800000004,19.21727500000003,0 73.07984100000004,19.21715000000006,0 73.07984200000004,19.21701500000006,0 73.07989733400007,19.21681666700005,0 73.07999250100005,19.21665450000006,0 73.08010800000005,19.21652300000005,0 73.08017650000005,19.21639900100007,0 73.08047072000005,19.21590976900006,0 73.08055805700008,19.21576356700007,0 73.08061345100003,19.21566966300003,0 73.08066834800007,19.21557216700006,0 73.08073800600005,19.21544200300008,0 73.08098633300006,19.21553133400005,0 73.08104700000007,19.21545000000003,0 73.08131800000007,19.21550800000006,0 73.08136050100006,19.21520575000005,0 73.08166400000005,19.21533900000003,0 73.08203642800004,19.21556335800005,0 73.08216000000004,19.21563700000007,0 73.08240641400005,19.21581007100008,0 73.08268929500008,19.21596827000008,0 73.08300243600007,19.21618479300003,0 73.08326642800006,19.21641344500006,0 73.08359151000008,19.21672982700005,0 73.08409941900004,19.21611900900007,0 73.08422208100006,19.21621823100003,0 73.08464089100005,19.21656284100004,0 73.08530560400004,19.21710225700002,0 73.08493300000004,19.21763600000003,0 
						</coordinates>
					</LinearRing>
				</outerBoundaryIs>
			</Polygon>
		</Placemark>
	</Document>
	<Document>
		<name>Ward no.63.kml</name>
		<StyleMap id="m_ylw-pushpin61">
			<Pair>
				<key>normal</key>
				<styleUrl>#s_ylw-pushpin61</styleUrl>
			</Pair>
			<Pair>
				<key>highlight</key>
				<styleUrl>#s_ylw-pushpin_hl61</styleUrl>
			</Pair>
		</StyleMap>
		<Style id="s_ylw-pushpin61">
			<IconStyle>
				<scale>1.1</scale>
				<Icon>
					<href>https://maps.google.com/mapfiles/kml/pushpin/ylw-pushpin.png</href>
				</Icon>
				<hotSpot x="20" y="2" xunits="pixels" yunits="pixels"/>
			</IconStyle>
			<LineStyle>
				<color>ffffff55</color>
				<width>3</width>
			</LineStyle>
			<PolyStyle>
				<fill>0</fill>
			</PolyStyle>
		</Style>
		<Style id="s_ylw-pushpin_hl61">
			<IconStyle>
				<scale>1.3</scale>
				<Icon>
					<href>https://maps.google.com/mapfiles/kml/pushpin/ylw-pushpin.png</href>
				</Icon>
				<hotSpot x="20" y="2" xunits="pixels" yunits="pixels"/>
			</IconStyle>
			<LineStyle>
				<color>ffffff55</color>
				<width>3</width>
			</LineStyle>
			<PolyStyle>
				<fill>0</fill>
			</PolyStyle>
		</Style>
		<Placemark>
			<name>Ward no.63.kml</name>
			<styleUrl>#m_ylw-pushpin61</styleUrl>
			<Polygon>
				<tessellate>1</tessellate>
				<outerBoundaryIs>
					<LinearRing>
						<coordinates>
							73.07818200000008,19.21718800000008,0 73.07812300000006,19.21726600000005,0 73.07817700000004,19.21739800000006,0 73.07812088600008,19.21763018900003,0 73.07782400000008,19.21762100000007,0 73.07781050000006,19.21749200000005,0 73.07778820800007,19.21731248300006,0 73.07773200000008,19.21702800000003,0 73.07732703100004,19.21706416600006,0 73.07734600000003,19.21668500000004,0 73.07756200000006,19.21624600000007,0 73.07759500000003,19.21591900000004,0 73.07781700000004,19.21577400000007,0 73.07791232800008,19.21548317700007,0 73.07787270300008,19.21532100000007,0 73.07780667400004,19.21504745900006,0 73.07772000000006,19.21468600000003,0 73.07750100000004,19.21449300000006,0 73.07809600000007,19.21382200000005,0 73.07849300000004,19.21411000000006,0 73.07873188100007,19.21422921500005,0 73.07893300000006,19.21433000000008,0 73.07924700000007,19.21434100000005,0 73.07963894000005,19.21444354400006,0 73.07989218200004,19.21462972700005,0 73.08004748000008,19.21473921500007,0 73.08018900000008,19.21441100000004,0 73.08010350100005,19.21416500000004,0 73.08022100000005,19.21394750000007,0 73.08049450000004,19.21383300100007,0 73.08075414900003,19.21348725500008,0 73.08107391200008,19.21375103300005,0 73.08134790100007,19.21396187000005,0 73.08148944800007,19.21407134300006,0 73.08167692900008,19.21421253900007,0 73.08185680900004,19.21434905700005,0 73.08250521400004,19.21484459600003,0 73.08283252800004,19.21510356200002,0 73.08307023700007,19.21529520800004,0 73.08333389800003,19.21550796700007,0 73.08364324300004,19.21579934500005,0 73.08409941900004,19.21611900900007,0 73.08359151000008,19.21672982700005,0 73.08326642800006,19.21641344500006,0 73.08300243600007,19.21618479300003,0 73.08268929500008,19.21596827000008,0 73.08240641400005,19.21581007100008,0 73.08216000000004,19.21563700000007,0 73.08203642800004,19.21556335800005,0 73.08166400000005,19.21533900000003,0 73.08136050100006,19.21520575000005,0 73.08131800000007,19.21550800000006,0 73.08104700000007,19.21545000000003,0 73.08098633300006,19.21553133400005,0 73.08073800600005,19.21544200300008,0 73.08066834800007,19.21557216700006,0 73.08061345100003,19.21566966300003,0 73.08055805700008,19.21576356700007,0 73.08047072000005,19.21590976900006,0 73.08017650000005,19.21639900100007,0 73.08010800000005,19.21652300000005,0 73.07999250100005,19.21665450000006,0 73.07989733400007,19.21681666700005,0 73.07984200000004,19.21701500000006,0 73.07964900000007,19.21703000000002,0 73.07942100000008,19.21716700000007,0 73.07925000000006,19.21740300000005,0 73.07892403400007,19.21757865300003,0 73.07876193100003,19.21757712300007,0 73.07856300000003,19.21752700000008,0 73.07847700000008,19.21740500000004,0 73.07846790700006,19.21718793900004,0 73.07818200000008,19.21718800000008,0 
						</coordinates>
					</LinearRing>
				</outerBoundaryIs>
			</Polygon>
		</Placemark>
	</Document>
	<Document>
		<name>Ward no.64.kml</name>
		<StyleMap id="m_ylw-pushpin62">
			<Pair>
				<key>normal</key>
				<styleUrl>#s_ylw-pushpin62</styleUrl>
			</Pair>
			<Pair>
				<key>highlight</key>
				<styleUrl>#s_ylw-pushpin_hl62</styleUrl>
			</Pair>
		</StyleMap>
		<Style id="s_ylw-pushpin62">
			<IconStyle>
				<scale>1.1</scale>
				<Icon>
					<href>https://maps.google.com/mapfiles/kml/pushpin/ylw-pushpin.png</href>
				</Icon>
				<hotSpot x="20" y="2" xunits="pixels" yunits="pixels"/>
			</IconStyle>
			<LineStyle>
				<color>ffffff55</color>
				<width>3</width>
			</LineStyle>
			<PolyStyle>
				<fill>0</fill>
			</PolyStyle>
		</Style>
		<Style id="s_ylw-pushpin_hl62">
			<IconStyle>
				<scale>1.3</scale>
				<Icon>
					<href>https://maps.google.com/mapfiles/kml/pushpin/ylw-pushpin.png</href>
				</Icon>
				<hotSpot x="20" y="2" xunits="pixels" yunits="pixels"/>
			</IconStyle>
			<LineStyle>
				<color>ffffff55</color>
				<width>3</width>
			</LineStyle>
			<PolyStyle>
				<fill>0</fill>
			</PolyStyle>
		</Style>
		<Placemark>
			<name>Ward no.64.kml</name>
			<styleUrl>#m_ylw-pushpin62</styleUrl>
			<Polygon>
				<tessellate>1</tessellate>
				<outerBoundaryIs>
					<LinearRing>
						<coordinates>
							73.07803875100007,19.21957210200003,0 73.07796628100004,19.21966478600007,0 73.07783176800007,19.21986425100005,0 73.07767145300005,19.22010192600004,0 73.07735900000006,19.21989800000006,0 73.07720800000004,19.21985800000005,0 73.07713487000007,19.21977652700002,0 73.07703415800006,19.21965955700006,0 73.07691300000005,19.21951500000006,0 73.07660200000004,19.21957100000003,0 73.07625300000007,19.21966800000007,0 73.07615800000008,19.21954300000004,0 73.07600500000007,19.21945300000004,0 73.07564483400006,19.21948082500006,0 73.07539350000008,19.21946300000008,0 73.07520450000004,19.21936900000003,0 73.07481300000006,19.21933500000006,0 73.07481199900008,19.21902366700004,0 73.07493100000005,19.21862900000008,0 73.07500600000003,19.21837500000004,0 73.07513200000005,19.21795200000003,0 73.07533600000005,19.21726600000005,0 73.07541900000007,19.21715200000006,0 73.07602398300008,19.21627780800003,0 73.07623673900008,19.21597704000004,0 73.07658264300005,19.21549813700005,0 73.07701003300008,19.21502782400006,0 73.07750100000004,19.21449300000006,0 73.07772000000006,19.21468600000003,0 73.07780667400004,19.21504745900006,0 73.07787270300008,19.21532100000007,0 73.07791232800008,19.21548317700007,0 73.07781700000004,19.21577400000007,0 73.07759500000003,19.21591900000004,0 73.07756200000006,19.21624600000007,0 73.07734600000003,19.21668500000004,0 73.07732703100004,19.21706416600006,0 73.07773200000008,19.21702800000003,0 73.07778820800007,19.21731248300006,0 73.07781050000006,19.21749200000005,0 73.07782400000008,19.21762100000007,0 73.07812088600008,19.21763018900003,0 73.07817700000004,19.21739800000006,0 73.07812300000006,19.21726600000005,0 73.07818200000008,19.21718800000008,0 73.07846790700006,19.21718793900004,0 73.07847700000008,19.21740500000004,0 73.07856300000003,19.21752700000008,0 73.07876193100003,19.21757712300007,0 73.07892403400007,19.21757865300003,0 73.07925000000006,19.21740300000005,0 73.07942100000008,19.21716700000007,0 73.07964900000007,19.21703000000002,0 73.07984200000004,19.21701500000006,0 73.07984100000004,19.21715000000006,0 73.07988800000004,19.21727500000003,0 73.07997100000006,19.21733800000004,0 73.08009500000003,19.21730900100005,0 73.08024600000005,19.21723200000002,0 73.08040033300006,19.21713300000005,0 73.08061500000008,19.21777000000003,0 73.08064185700005,19.21786372500003,0 73.08070700000007,19.21811050000002,0 73.08072041100007,19.21841700700003,0 73.08073175000004,19.21887500000003,0 73.08063235000003,19.21891495300002,0 73.08049372000005,19.21899025900007,0 73.08041650000007,19.21901450000007,0 73.08024300000005,19.21891900000003,0 73.08013674200004,19.21888268800007,0 73.08003300000007,19.21884800000004,0 73.07982403300008,19.21884028800002,0 73.07949866200005,19.21888547300006,0 73.07923179200003,19.21891842700006,0 73.07909191900006,19.21893338400002,0 73.07900850000004,19.21894400000002,0 73.07885552000005,19.21897408600006,0 73.07861133300008,19.21902100000006,0 73.07853099900007,19.21908756500005,0 73.07846241100003,19.21914914900003,0 73.07837705300005,19.21922283100003,0 73.07831333400003,19.21927783400003,0 73.07803875100007,19.21957210200003,0 
						</coordinates>
					</LinearRing>
				</outerBoundaryIs>
			</Polygon>
		</Placemark>
	</Document>
	<Document>
		<name>Ward no.65.kml</name>
		<StyleMap id="m_ylw-pushpin63">
			<Pair>
				<key>normal</key>
				<styleUrl>#s_ylw-pushpin63</styleUrl>
			</Pair>
			<Pair>
				<key>highlight</key>
				<styleUrl>#s_ylw-pushpin_hl63</styleUrl>
			</Pair>
		</StyleMap>
		<Style id="s_ylw-pushpin63">
			<IconStyle>
				<scale>1.1</scale>
				<Icon>
					<href>https://maps.google.com/mapfiles/kml/pushpin/ylw-pushpin.png</href>
				</Icon>
				<hotSpot x="20" y="2" xunits="pixels" yunits="pixels"/>
			</IconStyle>
			<LineStyle>
				<color>ffffff55</color>
				<width>3</width>
			</LineStyle>
			<PolyStyle>
				<fill>0</fill>
			</PolyStyle>
		</Style>
		<Style id="s_ylw-pushpin_hl63">
			<IconStyle>
				<scale>1.3</scale>
				<Icon>
					<href>https://maps.google.com/mapfiles/kml/pushpin/ylw-pushpin.png</href>
				</Icon>
				<hotSpot x="20" y="2" xunits="pixels" yunits="pixels"/>
			</IconStyle>
			<LineStyle>
				<color>ffffff55</color>
				<width>3</width>
			</LineStyle>
			<PolyStyle>
				<fill>0</fill>
			</PolyStyle>
		</Style>
		<Placemark>
			<name>Ward no.65.kml</name>
			<styleUrl>#m_ylw-pushpin63</styleUrl>
			<Polygon>
				<tessellate>1</tessellate>
				<outerBoundaryIs>
					<LinearRing>
						<coordinates>
							73.07750100000004,19.21449300000006,0 73.07701003300008,19.21502782400006,0 73.07658264300005,19.21549813700005,0 73.07623673900008,19.21597704000004,0 73.07602398300008,19.21627780800003,0 73.07541900000007,19.21715200000006,0 73.07533600000005,19.21726600000005,0 73.07513200000005,19.21795200000003,0 73.07500600000003,19.21837500000004,0 73.07493100000005,19.21862900000008,0 73.07481199900008,19.21902366700004,0 73.07481300000006,19.21933500000006,0 73.07114739800005,19.21768768900006,0 73.06900973500007,19.21760541400005,0 73.06884583500005,19.21548247400006,0 73.06859702100007,19.21255197900007,0 73.06833983300004,19.21172389900005,0 73.06834710600003,19.21171418700004,0 73.06957386400006,19.21162777000006,0 73.07060921700008,19.21183834800007,0 73.07125425600003,19.21241648900008,0 73.07209832800004,19.21269675000008,0 73.07349623400006,19.21239430700007,0 73.07351283100007,19.21239509900005,0 73.07350054900007,19.21239178700006,0 73.07375133400006,19.21222670900005,0 73.07409210000003,19.21197342500005,0 73.07442705400007,19.21169261400007,0 73.07455713800005,19.21186921600003,0 73.07503002000004,19.21144306200006,0 73.07597946200008,19.20992652100006,0 73.07630891000008,19.21015732400002,0 73.07658754300007,19.21036376800004,0 73.07712253500006,19.21076256300006,0 73.07750319400003,19.21103640700005,0 73.07770181800004,19.21118144400003,0 73.07803158400003,19.21142300200006,0 73.07848727100003,19.21175857600002,0 73.07936328900007,19.21241019500008,0 73.08033392800007,19.21316452600007,0 73.08075414900003,19.21348725500008,0 73.08049450000004,19.21383300100007,0 73.08022100000005,19.21394750000007,0 73.08010350100005,19.21416500000004,0 73.08018900000008,19.21441100000004,0 73.08004748000008,19.21473921500007,0 73.07989218200004,19.21462972700005,0 73.07963894000005,19.21444354400006,0 73.07924700000007,19.21434100000005,0 73.07893300000006,19.21433000000008,0 73.07873188100007,19.21422921500005,0 73.07849300000004,19.21411000000006,0 73.07809600000007,19.21382200000005,0 73.07750100000004,19.21449300000006,0 
						</coordinates>
					</LinearRing>
				</outerBoundaryIs>
			</Polygon>
		</Placemark>
	</Document>
	<Document>
		<name>Ward no.66.kml</name>
		<StyleMap id="m_ylw-pushpin64">
			<Pair>
				<key>normal</key>
				<styleUrl>#s_ylw-pushpin64</styleUrl>
			</Pair>
			<Pair>
				<key>highlight</key>
				<styleUrl>#s_ylw-pushpin_hl64</styleUrl>
			</Pair>
		</StyleMap>
		<Style id="s_ylw-pushpin64">
			<IconStyle>
				<scale>1.1</scale>
				<Icon>
					<href>https://maps.google.com/mapfiles/kml/pushpin/ylw-pushpin.png</href>
				</Icon>
				<hotSpot x="20" y="2" xunits="pixels" yunits="pixels"/>
			</IconStyle>
			<LineStyle>
				<color>ffffff55</color>
				<width>3</width>
			</LineStyle>
			<PolyStyle>
				<fill>0</fill>
			</PolyStyle>
		</Style>
		<Style id="s_ylw-pushpin_hl64">
			<IconStyle>
				<scale>1.3</scale>
				<Icon>
					<href>https://maps.google.com/mapfiles/kml/pushpin/ylw-pushpin.png</href>
				</Icon>
				<hotSpot x="20" y="2" xunits="pixels" yunits="pixels"/>
			</IconStyle>
			<LineStyle>
				<color>ffffff55</color>
				<width>3</width>
			</LineStyle>
			<PolyStyle>
				<fill>0</fill>
			</PolyStyle>
		</Style>
		<Placemark>
			<name>Ward no.66.kml</name>
			<styleUrl>#m_ylw-pushpin64</styleUrl>
			<Polygon>
				<tessellate>1</tessellate>
				<outerBoundaryIs>
					<LinearRing>
						<coordinates>
							73.08322909400005,19.20771503400005,0 73.08316600000006,19.20787600000006,0 73.08263400000004,19.20871320000003,0 73.08233796800005,19.20905619800004,0 73.08194392700005,19.20950451900006,0 73.08143187200005,19.21007778200004,0 73.08133780700007,19.21017765300007,0 73.08051326100008,19.21109802100006,0 73.08045037300008,19.21116951100004,0 73.07956045000003,19.21218865100008,0 73.07936328900007,19.21241019500008,0 73.07848727100003,19.21175857600002,0 73.07803158400003,19.21142300200006,0 73.07770181800004,19.21118144400003,0 73.07750319400003,19.21103640700005,0 73.07712253500006,19.21076256300006,0 73.07658754300007,19.21036376800004,0 73.07630891000008,19.21015732400002,0 73.07597946200008,19.20992652100006,0 73.07498362500007,19.20916459800003,0 73.07576359800004,19.20813268600006,0 73.07610063100003,19.20773299200005,0 73.07680303100005,19.20742827900006,0 73.07702359400008,19.20703276700004,0 73.07715024800007,19.20645617900004,0 73.07770754600006,19.20606478200006,0 73.07827739600003,19.20526073700006,0 73.07856049700007,19.20434088600007,0 73.07883380500004,19.20338947900007,0 73.07931596400005,19.20313785900004,0 73.07969817800006,19.20251851800003,0 73.08006481000007,19.20237931000003,0 73.08062338300005,19.20249784400005,0 73.08091073800006,19.20265973500005,0 73.08102082500005,19.20271086800005,0 73.08191919600006,19.20258389400004,0 73.08223390400008,19.20272099500005,0 73.08244673800004,19.20306559400007,0 73.08250361200004,19.20347143800007,0 73.08254519500008,19.20381792000006,0 73.08258640400004,19.20389080600006,0 73.08319508500006,19.20455691300003,0 73.08346381500007,19.20473674700003,0 73.08369025700006,19.20488828100002,0 73.08378180300008,19.20494851900003,0 73.08395829600005,19.20509914700006,0 73.08404812700007,19.20520878400004,0 73.08426334200004,19.20555766000007,0 73.08447748100008,19.20585779500004,0 73.08480713700004,19.20604484800003,0 73.08539793300008,19.20597698300003,0 73.08575973500007,19.20601838000005,0 73.08576911400007,19.20643589800005,0 73.08577747900006,19.20675192000005,0 73.08579431600003,19.20719608600007,0 73.08580487100005,19.20744910000008,0 73.08580533400004,19.20763866700003,0 73.08542000000006,19.20760999900006,0 73.08494300000007,19.20738600000004,0 73.08481211700007,19.20733985500004,0 73.08439100000004,19.20719200000008,0 73.08436400000005,19.20711800000004,0 73.08426500000007,19.20712600000007,0 73.08422000000007,19.20720400000005,0 73.08391200000005,19.20721300000002,0 73.08347733300008,19.20709166700004,0 73.08322909400005,19.20771503400005,0 
						</coordinates>
					</LinearRing>
				</outerBoundaryIs>
			</Polygon>
		</Placemark>
	</Document>
	<Document>
		<name>Ward no.67.kml</name>
		<StyleMap id="m_ylw-pushpin65">
			<Pair>
				<key>normal</key>
				<styleUrl>#s_ylw-pushpin65</styleUrl>
			</Pair>
			<Pair>
				<key>highlight</key>
				<styleUrl>#s_ylw-pushpin_hl65</styleUrl>
			</Pair>
		</StyleMap>
		<Style id="s_ylw-pushpin65">
			<IconStyle>
				<scale>1.1</scale>
				<Icon>
					<href>https://maps.google.com/mapfiles/kml/pushpin/ylw-pushpin.png</href>
				</Icon>
				<hotSpot x="20" y="2" xunits="pixels" yunits="pixels"/>
			</IconStyle>
			<LineStyle>
				<color>ffffff55</color>
				<width>3</width>
			</LineStyle>
			<PolyStyle>
				<fill>0</fill>
			</PolyStyle>
		</Style>
		<Style id="s_ylw-pushpin_hl65">
			<IconStyle>
				<scale>1.3</scale>
				<Icon>
					<href>https://maps.google.com/mapfiles/kml/pushpin/ylw-pushpin.png</href>
				</Icon>
				<hotSpot x="20" y="2" xunits="pixels" yunits="pixels"/>
			</IconStyle>
			<LineStyle>
				<color>ffffff55</color>
				<width>3</width>
			</LineStyle>
			<PolyStyle>
				<fill>0</fill>
			</PolyStyle>
		</Style>
		<Placemark>
			<name>Ward no.67.kml</name>
			<styleUrl>#m_ylw-pushpin65</styleUrl>
			<Polygon>
				<tessellate>1</tessellate>
				<outerBoundaryIs>
					<LinearRing>
						<coordinates>
							73.08320400000008,19.21145900000005,0 73.08323150100006,19.21160154900002,0 73.08325400000007,19.21170900000004,0 73.08336900000006,19.21177000000006,0 73.08349138400007,19.21225643100007,0 73.08412421900005,19.21286487700007,0 73.08453600000007,19.21333000000004,0 73.08409152400003,19.21383631600003,0 73.08377040100004,19.21421940000005,0 73.08364000000006,19.21434800000003,0 73.08315000000005,19.21481700000004,0 73.08298600000006,19.21490600000004,0 73.08283252800004,19.21510356200002,0 73.08250521400004,19.21484459600003,0 73.08185680900004,19.21434905700005,0 73.08167692900008,19.21421253900007,0 73.08148944800007,19.21407134300006,0 73.08134790100007,19.21396187000005,0 73.08107391200008,19.21375103300005,0 73.08075414900003,19.21348725500008,0 73.08033392800007,19.21316452600007,0 73.07936328900007,19.21241019500008,0 73.07956045000003,19.21218865100008,0 73.08045037300008,19.21116951100004,0 73.08051326100008,19.21109802100006,0 73.08133780700007,19.21017765300007,0 73.08143187200005,19.21007778200004,0 73.08159009900004,19.21026296900004,0 73.08160374800008,19.21036213600007,0 73.08162700000008,19.21076600000004,0 73.08212000000003,19.21119500000003,0 73.08220849900005,19.21121674200003,0 73.08240100000006,19.21126800000008,0 73.08255400000007,19.21121100000005,0 73.08276300000006,19.21120600000006,0 73.08309400000007,19.21125300000006,0 73.08320400000008,19.21145900000005,0 
						</coordinates>
					</LinearRing>
				</outerBoundaryIs>
			</Polygon>
		</Placemark>
	</Document>
	<Document>
		<name>Ward no.68.kml</name>
		<StyleMap id="m_ylw-pushpin66">
			<Pair>
				<key>normal</key>
				<styleUrl>#s_ylw-pushpin66</styleUrl>
			</Pair>
			<Pair>
				<key>highlight</key>
				<styleUrl>#s_ylw-pushpin_hl66</styleUrl>
			</Pair>
		</StyleMap>
		<Style id="s_ylw-pushpin66">
			<IconStyle>
				<scale>1.1</scale>
				<Icon>
					<href>https://maps.google.com/mapfiles/kml/pushpin/ylw-pushpin.png</href>
				</Icon>
				<hotSpot x="20" y="2" xunits="pixels" yunits="pixels"/>
			</IconStyle>
			<LineStyle>
				<color>ffffff55</color>
				<width>3</width>
			</LineStyle>
			<PolyStyle>
				<fill>0</fill>
			</PolyStyle>
		</Style>
		<Style id="s_ylw-pushpin_hl66">
			<IconStyle>
				<scale>1.3</scale>
				<Icon>
					<href>https://maps.google.com/mapfiles/kml/pushpin/ylw-pushpin.png</href>
				</Icon>
				<hotSpot x="20" y="2" xunits="pixels" yunits="pixels"/>
			</IconStyle>
			<LineStyle>
				<color>ffffff55</color>
				<width>3</width>
			</LineStyle>
			<PolyStyle>
				<fill>0</fill>
			</PolyStyle>
		</Style>
		<Placemark>
			<name>Ward no.68.kml</name>
			<styleUrl>#m_ylw-pushpin66</styleUrl>
			<Polygon>
				<tessellate>1</tessellate>
				<outerBoundaryIs>
					<LinearRing>
						<coordinates>
							73.08872982400004,19.21375779200002,0 73.08843046800007,19.21413695200005,0 73.08948094600004,19.21444683400006,0 73.08959266900007,19.21447942300006,0 73.09027425100004,19.21467900000005,0 73.09052315700006,19.21475948700004,0 73.09082007500007,19.21486590000006,0 73.09057633500004,19.21534480300005,0 73.09053516900008,19.21543327900002,0 73.09041100000007,19.21565850000008,0 73.09007308800005,19.21590932200007,0 73.08998654900006,19.21597309200007,0 73.08985950200008,19.21606739400005,0 73.08955805400007,19.21629244100006,0 73.08946128900004,19.21639989400006,0 73.08937793800004,19.21699392100004,0 73.08936150000005,19.21713450000004,0 73.08892151600008,19.21751632500008,0 73.08854616400004,19.21784617000003,0 73.08845278200005,19.21792729100002,0 73.08788329800007,19.21842327000007,0 73.08750861300007,19.21874281700008,0 73.08724882700005,19.21855371400005,0 73.08693208800008,19.21832988800003,0 73.08667711800007,19.21813147600005,0 73.08601659700008,19.21765403400008,0 73.08574467600005,19.21745338400007,0 73.08530560400004,19.21710225700002,0 73.08464089100005,19.21656284100004,0 73.08422208100006,19.21621823100003,0 73.08409941900004,19.21611900900007,0 73.08364324300004,19.21579934500005,0 73.08333389800003,19.21550796700007,0 73.08307023700007,19.21529520800004,0 73.08283252800004,19.21510356200002,0 73.08298600000006,19.21490600000004,0 73.08315000000005,19.21481700000004,0 73.08364000000006,19.21434800000003,0 73.08377040100004,19.21421940000005,0 73.08409152400003,19.21383631600003,0 73.08453600000007,19.21333000000004,0 73.08474500000005,19.21318800000006,0 73.08482471700006,19.21302543900004,0 73.08486300000004,19.21294500000005,0 73.08478300000007,19.21274200000005,0 73.08494900000005,19.21265600000004,0 73.08496000000008,19.21245900000002,0 73.08524678100008,19.21252916000003,0 73.08533424800004,19.21244265200005,0 73.08650680000005,19.21345700000006,0 73.08657700000003,19.21339600000005,0 73.08682496900008,19.21355323300003,0 73.08691726600006,19.21333017300003,0 73.08790778900004,19.21356380600003,0 73.08872982400004,19.21375779200002,0 
						</coordinates>
					</LinearRing>
				</outerBoundaryIs>
			</Polygon>
		</Placemark>
	</Document>
	<Document>
		<name>Ward no.69.kml</name>
		<StyleMap id="m_ylw-pushpin67">
			<Pair>
				<key>normal</key>
				<styleUrl>#s_ylw-pushpin67</styleUrl>
			</Pair>
			<Pair>
				<key>highlight</key>
				<styleUrl>#s_ylw-pushpin_hl67</styleUrl>
			</Pair>
		</StyleMap>
		<Style id="s_ylw-pushpin67">
			<IconStyle>
				<scale>1.1</scale>
				<Icon>
					<href>https://maps.google.com/mapfiles/kml/pushpin/ylw-pushpin.png</href>
				</Icon>
				<hotSpot x="20" y="2" xunits="pixels" yunits="pixels"/>
			</IconStyle>
			<LineStyle>
				<color>ffffff55</color>
				<width>3</width>
			</LineStyle>
			<PolyStyle>
				<fill>0</fill>
			</PolyStyle>
		</Style>
		<Style id="s_ylw-pushpin_hl67">
			<IconStyle>
				<scale>1.3</scale>
				<Icon>
					<href>https://maps.google.com/mapfiles/kml/pushpin/ylw-pushpin.png</href>
				</Icon>
				<hotSpot x="20" y="2" xunits="pixels" yunits="pixels"/>
			</IconStyle>
			<LineStyle>
				<color>ffffff55</color>
				<width>3</width>
			</LineStyle>
			<PolyStyle>
				<fill>0</fill>
			</PolyStyle>
		</Style>
		<Placemark>
			<name>Ward no.69.kml</name>
			<styleUrl>#m_ylw-pushpin67</styleUrl>
			<Polygon>
				<tessellate>1</tessellate>
				<outerBoundaryIs>
					<LinearRing>
						<coordinates>
							73.09000116000004,19.21999804000006,0 73.08970155400004,19.22036091200005,0 73.08902593800008,19.21986507700007,0 73.08750861300007,19.21874281700008,0 73.08788329800007,19.21842327000007,0 73.08845278200005,19.21792729100002,0 73.08854616400004,19.21784617000003,0 73.08892151600008,19.21751632500008,0 73.08936150000005,19.21713450000004,0 73.08937793800004,19.21699392100004,0 73.08946128900004,19.21639989400006,0 73.08955805400007,19.21629244100006,0 73.08985950200008,19.21606739400005,0 73.08998654900006,19.21597309200007,0 73.09007308800005,19.21590932200007,0 73.09041100000007,19.21565850000008,0 73.09053516900008,19.21543327900002,0 73.09057633500004,19.21534480300005,0 73.09082007500007,19.21486590000006,0 73.09106615000007,19.21430180000004,0 73.09129746700006,19.21384831500006,0 73.09156900000005,19.21398900000003,0 73.09168200000005,19.21384700000004,0 73.09217000000007,19.21388700000006,0 73.09225600000008,19.21380600000003,0 73.09246500000006,19.21394300000003,0 73.09240600000004,19.21405400000003,0 73.09296400000005,19.21423200000004,0 73.09346300000004,19.21441900000008,0 73.09367200000008,19.21448500000003,0 73.09404700000005,19.21458600000005,0 73.09477233400008,19.21479033300005,0 73.09478200000007,19.21516900000006,0 73.09494600000005,19.21516600000007,0 73.09496500000006,19.21542700000003,0 73.09494700000005,19.21551100000005,0 73.09525940000003,19.21553747500008,0 73.09539648600008,19.21556277900004,0 73.09545845000008,19.21568620000005,0 73.09536205300003,19.21580474000007,0 73.09517680100004,19.21601945100002,0 73.09510248100008,19.21614910900007,0 73.09480100000007,19.21640100000008,0 73.09415700000005,19.21622200000007,0 73.09388450000006,19.21697800100003,0 73.09344533300003,19.21695633300004,0 73.09342900000007,19.21730700000006,0 73.09310200000004,19.21736200000004,0 73.09292500000004,19.21728400000006,0 73.09288600000008,19.21717800000005,0 73.09287500000005,19.21697700000004,0 73.09285771700007,19.21605467900002,0 73.09212650000006,19.21639000000005,0 73.09193650000003,19.21652100000006,0 73.09186387700004,19.21673359400006,0 73.09165833100008,19.21743897000005,0 73.09151100000008,19.21791450000006,0 73.09133300000008,19.21850200000006,0 73.09117332800008,19.21868566500007,0 73.09111056700004,19.21875805800005,0 73.09072261100005,19.21919489600003,0 73.09054710000004,19.21939225100005,0 73.09081429000008,19.21958986300007,0 73.09065249400004,19.21976739600007,0 73.09038100000004,19.21956600000004,0 73.09000116000004,19.21999804000006,0 
						</coordinates>
					</LinearRing>
				</outerBoundaryIs>
			</Polygon>
		</Placemark>
	</Document>
	<Document>
		<name>Ward no.70.kml</name>
		<StyleMap id="m_ylw-pushpin68">
			<Pair>
				<key>normal</key>
				<styleUrl>#s_ylw-pushpin68</styleUrl>
			</Pair>
			<Pair>
				<key>highlight</key>
				<styleUrl>#s_ylw-pushpin_hl68</styleUrl>
			</Pair>
		</StyleMap>
		<Style id="s_ylw-pushpin68">
			<IconStyle>
				<scale>1.1</scale>
				<Icon>
					<href>https://maps.google.com/mapfiles/kml/pushpin/ylw-pushpin.png</href>
				</Icon>
				<hotSpot x="20" y="2" xunits="pixels" yunits="pixels"/>
			</IconStyle>
			<LineStyle>
				<color>ffffff55</color>
				<width>3</width>
			</LineStyle>
			<PolyStyle>
				<fill>0</fill>
			</PolyStyle>
		</Style>
		<Style id="s_ylw-pushpin_hl68">
			<IconStyle>
				<scale>1.3</scale>
				<Icon>
					<href>https://maps.google.com/mapfiles/kml/pushpin/ylw-pushpin.png</href>
				</Icon>
				<hotSpot x="20" y="2" xunits="pixels" yunits="pixels"/>
			</IconStyle>
			<LineStyle>
				<color>ffffff55</color>
				<width>3</width>
			</LineStyle>
			<PolyStyle>
				<fill>0</fill>
			</PolyStyle>
		</Style>
		<Placemark>
			<name>Ward no.70.kml</name>
			<styleUrl>#m_ylw-pushpin68</styleUrl>
			<Polygon>
				<tessellate>1</tessellate>
				<outerBoundaryIs>
					<LinearRing>
						<coordinates>
							73.09247600000003,19.22004200000004,0 73.09224800000004,19.22029500000008,0 73.09207600000008,19.22050300000007,0 73.09156018200008,19.22116931500005,0 73.09128609200008,19.22149834300006,0 73.09101368700004,19.22131313400007,0 73.09083724800007,19.22118602100005,0 73.09072306100006,19.22110343300005,0 73.08970155400004,19.22036091200005,0 73.09000116000004,19.21999804000006,0 73.09038100000004,19.21956600000004,0 73.09065249400004,19.21976739600007,0 73.09081429000008,19.21958986300007,0 73.09054710000004,19.21939225100005,0 73.09072261100005,19.21919489600003,0 73.09111056700004,19.21875805800005,0 73.09117332800008,19.21868566500007,0 73.09133300000008,19.21850200000006,0 73.09151100000008,19.21791450000006,0 73.09165833100008,19.21743897000005,0 73.09186387700004,19.21673359400006,0 73.09193650000003,19.21652100000006,0 73.09212650000006,19.21639000000005,0 73.09285771700007,19.21605467900002,0 73.09287500000005,19.21697700000004,0 73.09288600000008,19.21717800000005,0 73.09292500000004,19.21728400000006,0 73.09310200000004,19.21736200000004,0 73.09342900000007,19.21730700000006,0 73.09344533300003,19.21695633300004,0 73.09388450000006,19.21697800100003,0 73.09415700000005,19.21622200000007,0 73.09480100000007,19.21640100000008,0 73.09510248100008,19.21614910900007,0 73.09517680100004,19.21601945100002,0 73.09536205300003,19.21580474000007,0 73.09545845000008,19.21568620000005,0 73.09539648600008,19.21556277900004,0 73.09553100000005,19.21555400000005,0 73.09578000000005,19.21555100000006,0 73.09606765100006,19.21548555000004,0 73.09656324100007,19.21536105500007,0 73.09634451300008,19.21555509200005,0 73.09626537600008,19.21585958400004,0 73.09616375000007,19.21626450000002,0 73.09612809400005,19.21643258200004,0 73.09596950000008,19.21704300000005,0 73.09569719800004,19.21775141000006,0 73.09565100000003,19.21801000000005,0 73.09549085300006,19.21814492300007,0 73.09524500000003,19.21834900000005,0 73.09518360500005,19.21846789700004,0 73.09495575100004,19.21899500000006,0 73.09470529800006,19.21900669200005,0 73.09447100000006,19.21901900000006,0 73.09420184000004,19.21875492000004,0 73.09377400000005,19.21906200000007,0 73.09322100000003,19.21949500000005,0 73.09299300000004,19.21965900000004,0 73.09284300000007,19.21978100000007,0 73.09247600000003,19.22004200000004,0 
						</coordinates>
					</LinearRing>
				</outerBoundaryIs>
			</Polygon>
		</Placemark>
	</Document>
	<Document>
		<name>Ward no.71.kml</name>
		<StyleMap id="m_ylw-pushpin69">
			<Pair>
				<key>normal</key>
				<styleUrl>#s_ylw-pushpin69</styleUrl>
			</Pair>
			<Pair>
				<key>highlight</key>
				<styleUrl>#s_ylw-pushpin_hl69</styleUrl>
			</Pair>
		</StyleMap>
		<Style id="s_ylw-pushpin69">
			<IconStyle>
				<scale>1.1</scale>
				<Icon>
					<href>https://maps.google.com/mapfiles/kml/pushpin/ylw-pushpin.png</href>
				</Icon>
				<hotSpot x="20" y="2" xunits="pixels" yunits="pixels"/>
			</IconStyle>
			<LineStyle>
				<color>ffffff55</color>
				<width>3</width>
			</LineStyle>
			<PolyStyle>
				<fill>0</fill>
			</PolyStyle>
		</Style>
		<Style id="s_ylw-pushpin_hl69">
			<IconStyle>
				<scale>1.3</scale>
				<Icon>
					<href>https://maps.google.com/mapfiles/kml/pushpin/ylw-pushpin.png</href>
				</Icon>
				<hotSpot x="20" y="2" xunits="pixels" yunits="pixels"/>
			</IconStyle>
			<LineStyle>
				<color>ffffff55</color>
				<width>3</width>
			</LineStyle>
			<PolyStyle>
				<fill>0</fill>
			</PolyStyle>
		</Style>
		<Placemark>
			<name>Ward no.71.kml</name>
			<styleUrl>#m_ylw-pushpin69</styleUrl>
			<Polygon>
				<tessellate>1</tessellate>
				<outerBoundaryIs>
					<LinearRing>
						<coordinates>
							73.09787660500007,19.22320906900006,0 73.09779835000006,19.22329656700003,0 73.09775191700004,19.22336027800003,0 73.09768546600003,19.22345415000007,0 73.09769038300004,19.22363013800003,0 73.09770191500007,19.22396242500003,0 73.09770223800007,19.22434919900007,0 73.09756628100007,19.22454482700005,0 73.09708555200007,19.22503121800003,0 73.09698263700005,19.22519910900007,0 73.09642695000008,19.22487586900007,0 73.09558036400006,19.22439995400004,0 73.09482418200008,19.22396302400006,0 73.09427191300006,19.22360867000003,0 73.09415475600008,19.22353450400004,0 73.09353578100007,19.22314658200003,0 73.09311133400007,19.22289300000006,0 73.09247018600007,19.22239529800004,0 73.09155746300007,19.22169740200008,0 73.09128609200008,19.22149834300006,0 73.09156018200008,19.22116931500005,0 73.09207600000008,19.22050300000007,0 73.09224800000004,19.22029500000008,0 73.09247600000003,19.22004200000004,0 73.09284300000007,19.21978100000007,0 73.09299300000004,19.21965900000004,0 73.09322100000003,19.21949500000005,0 73.09377400000005,19.21906200000007,0 73.09420184000004,19.21875492000004,0 73.09447100000006,19.21901900000006,0 73.09470529800006,19.21900669200005,0 73.09495575100004,19.21899500000006,0 73.09451562900006,19.22007384600005,0 73.09446450200005,19.22019556500004,0 73.09439624500004,19.22035110500008,0 73.09432424600004,19.22050925200006,0 73.09428637600007,19.22059097400006,0 73.09409112700007,19.22102605200007,0 73.09401496800007,19.22119116500005,0 73.09446767100007,19.22130497600006,0 73.09493366000004,19.22142890400005,0 73.09477190700005,19.22184406500003,0 73.09552050000008,19.22207400000008,0 73.09575400000006,19.22230650000006,0 73.09608900000006,19.22260000000006,0 73.09616666700003,19.22206233300005,0 73.09635300000008,19.22214300000007,0 73.09662977500005,19.22216508400004,0 73.09658918800005,19.22306664600006,0 73.09694106400008,19.22300704100007,0 73.09713950800005,19.22297276400008,0 73.09787660500007,19.22320906900006,0 
						</coordinates>
					</LinearRing>
				</outerBoundaryIs>
			</Polygon>
		</Placemark>
	</Document>
	<Document>
		<name>Ward no.72.kml</name>
		<StyleMap id="m_ylw-pushpin70">
			<Pair>
				<key>normal</key>
				<styleUrl>#s_ylw-pushpin70</styleUrl>
			</Pair>
			<Pair>
				<key>highlight</key>
				<styleUrl>#s_ylw-pushpin_hl70</styleUrl>
			</Pair>
		</StyleMap>
		<Style id="s_ylw-pushpin70">
			<IconStyle>
				<scale>1.1</scale>
				<Icon>
					<href>https://maps.google.com/mapfiles/kml/pushpin/ylw-pushpin.png</href>
				</Icon>
				<hotSpot x="20" y="2" xunits="pixels" yunits="pixels"/>
			</IconStyle>
			<LineStyle>
				<color>ffffff55</color>
				<width>3</width>
			</LineStyle>
			<PolyStyle>
				<fill>0</fill>
			</PolyStyle>
		</Style>
		<Style id="s_ylw-pushpin_hl70">
			<IconStyle>
				<scale>1.3</scale>
				<Icon>
					<href>https://maps.google.com/mapfiles/kml/pushpin/ylw-pushpin.png</href>
				</Icon>
				<hotSpot x="20" y="2" xunits="pixels" yunits="pixels"/>
			</IconStyle>
			<LineStyle>
				<color>ffffff55</color>
				<width>3</width>
			</LineStyle>
			<PolyStyle>
				<fill>0</fill>
			</PolyStyle>
		</Style>
		<Placemark>
			<name>Ward no.72.kml</name>
			<styleUrl>#m_ylw-pushpin70</styleUrl>
			<Polygon>
				<tessellate>1</tessellate>
				<outerBoundaryIs>
					<LinearRing>
						<coordinates>
							73.09608900000006,19.22260000000006,0 73.09575400000006,19.22230650000006,0 73.09552050000008,19.22207400000008,0 73.09477190700005,19.22184406500003,0 73.09493366000004,19.22142890400005,0 73.09446767100007,19.22130497600006,0 73.09401496800007,19.22119116500005,0 73.09409112700007,19.22102605200007,0 73.09428637600007,19.22059097400006,0 73.09432424600004,19.22050925200006,0 73.09439624500004,19.22035110500008,0 73.09446450200005,19.22019556500004,0 73.09451562900006,19.22007384600005,0 73.09495575100004,19.21899500000006,0 73.09518360500005,19.21846789700004,0 73.09524500000003,19.21834900000005,0 73.09549085300006,19.21814492300007,0 73.09565100000003,19.21801000000005,0 73.09569719800004,19.21775141000006,0 73.09596950000008,19.21704300000005,0 73.09612809400005,19.21643258200004,0 73.09616375000007,19.21626450000002,0 73.09626537600008,19.21585958400004,0 73.09634451300008,19.21555509200005,0 73.09656324100007,19.21536105500007,0 73.09697940900008,19.21532109700007,0 73.09700888800006,19.21614399800006,0 73.09702255400003,19.21625006700003,0 73.09709083700005,19.21662090900003,0 73.09710571700003,19.21700446300002,0 73.09713333500008,19.21720795900006,0 73.09713926200004,19.21734255500007,0 73.09699116500008,19.21815151300007,0 73.09682919100004,19.21904168000003,0 73.09679408400007,19.21925027500004,0 73.09677616300007,19.21936440100006,0 73.09672302900003,19.22026190500003,0 73.09665722900007,19.22147557900007,0 73.09664886400003,19.22181413600004,0 73.09662977500005,19.22216508400004,0 73.09635300000008,19.22214300000007,0 73.09616666700003,19.22206233300005,0 73.09608900000006,19.22260000000006,0 
						</coordinates>
					</LinearRing>
				</outerBoundaryIs>
			</Polygon>
		</Placemark>
	</Document>
	<Document>
		<name>Ward no.73.kml</name>
		<StyleMap id="m_ylw-pushpin71">
			<Pair>
				<key>normal</key>
				<styleUrl>#s_ylw-pushpin71</styleUrl>
			</Pair>
			<Pair>
				<key>highlight</key>
				<styleUrl>#s_ylw-pushpin_hl71</styleUrl>
			</Pair>
		</StyleMap>
		<Style id="s_ylw-pushpin71">
			<IconStyle>
				<scale>1.1</scale>
				<Icon>
					<href>https://maps.google.com/mapfiles/kml/pushpin/ylw-pushpin.png</href>
				</Icon>
				<hotSpot x="20" y="2" xunits="pixels" yunits="pixels"/>
			</IconStyle>
			<LineStyle>
				<color>ffffff55</color>
				<width>3</width>
			</LineStyle>
			<PolyStyle>
				<fill>0</fill>
			</PolyStyle>
		</Style>
		<Style id="s_ylw-pushpin_hl71">
			<IconStyle>
				<scale>1.3</scale>
				<Icon>
					<href>https://maps.google.com/mapfiles/kml/pushpin/ylw-pushpin.png</href>
				</Icon>
				<hotSpot x="20" y="2" xunits="pixels" yunits="pixels"/>
			</IconStyle>
			<LineStyle>
				<color>ffffff55</color>
				<width>3</width>
			</LineStyle>
			<PolyStyle>
				<fill>0</fill>
			</PolyStyle>
		</Style>
		<Placemark>
			<name>Ward no.73.kml</name>
			<styleUrl>#m_ylw-pushpin71</styleUrl>
			<Polygon>
				<tessellate>1</tessellate>
				<outerBoundaryIs>
					<LinearRing>
						<coordinates>
							73.09799118200004,19.22312613900004,0 73.09787660500007,19.22320906900006,0 73.09713950800005,19.22297276400008,0 73.09694106400008,19.22300704100007,0 73.09658918800005,19.22306664600006,0 73.09662977500005,19.22216508400004,0 73.09664886400003,19.22181413600004,0 73.09665722900007,19.22147557900007,0 73.09672302900003,19.22026190500003,0 73.09677616300007,19.21936440100006,0 73.09679408400007,19.21925027500004,0 73.09682919100004,19.21904168000003,0 73.09699116500008,19.21815151300007,0 73.09713926200004,19.21734255500007,0 73.09713333500008,19.21720795900006,0 73.09710571700003,19.21700446300002,0 73.09709083700005,19.21662090900003,0 73.09702255400003,19.21625006700003,0 73.09700888800006,19.21614399800006,0 73.09697940900008,19.21532109700007,0 73.09716008300006,19.21543499200004,0 73.09736505700005,19.21554789100003,0 73.09763708000008,19.21576408600004,0 73.09784341000005,19.21593655000004,0 73.09797735600006,19.21596520600008,0 73.09829929200004,19.21602052800006,0 73.09856739900005,19.21606898600004,0 73.09884574400007,19.21611529000006,0 73.09893145500007,19.21612837800006,0 73.09907718200003,19.21611672300003,0 73.09919388000003,19.21611094500003,0 73.09958770000003,19.21644772700006,0 73.09974788000005,19.21656520000005,0 73.09987356200008,19.21670988400007,0 73.10003235900007,19.21679203500003,0 73.10019453300004,19.21685656600005,0 73.10027300200005,19.21692551900003,0 73.10042528300005,19.21695507700002,0 73.10061852100006,19.21713082100007,0 73.10075598000003,19.21721725300006,0 73.10088275500004,19.21729561500007,0 73.10075762300005,19.21785432500008,0 73.10073779900006,19.21795989500004,0 73.10082502900008,19.21798231900004,0 73.10091379100004,19.21801379100003,0 73.10108087000003,19.21808027300006,0 73.10119987200005,19.21813503300007,0 73.10133845700005,19.21816194300004,0 73.10159825500006,19.21822116100003,0 73.10194910000007,19.21826187900007,0 73.10207032100004,19.21826969000006,0 73.10215830000004,19.21829175000005,0 73.10229240000007,19.21831710000004,0 73.10238900000007,19.21834750000005,0 73.10252580000008,19.21855520000003,0 73.10196924800005,19.21907277400004,0 73.10153425000004,19.21949681800004,0 73.10119335700006,19.21977921600006,0 73.10094279700007,19.21998349600005,0 73.10058523000004,19.22028565800002,0 73.10043517800005,19.22054308700007,0 73.10019381200004,19.22096833200004,0 73.10012001900003,19.22109387100005,0 73.10000698100004,19.22120158800004,0 73.09989558600006,19.22130095200004,0 73.09965626300004,19.22188987500005,0 73.09946092900003,19.22236240500007,0 73.09917587800004,19.22230391500006,0 73.09901024300007,19.22227704900007,0 73.09849283300008,19.22246171500007,0 73.09843033600004,19.22265730500004,0 73.09838938600006,19.22277545400004,0 73.09830628700007,19.22289008100006,0 73.09821303500007,19.22297012800004,0 73.09799118200004,19.22312613900004,0 
						</coordinates>
					</LinearRing>
				</outerBoundaryIs>
			</Polygon>
		</Placemark>
	</Document>
	<Document>
		<name>Ward no.74.kml</name>
		<StyleMap id="m_ylw-pushpin72">
			<Pair>
				<key>normal</key>
				<styleUrl>#s_ylw-pushpin72</styleUrl>
			</Pair>
			<Pair>
				<key>highlight</key>
				<styleUrl>#s_ylw-pushpin_hl72</styleUrl>
			</Pair>
		</StyleMap>
		<Style id="s_ylw-pushpin72">
			<IconStyle>
				<scale>1.1</scale>
				<Icon>
					<href>https://maps.google.com/mapfiles/kml/pushpin/ylw-pushpin.png</href>
				</Icon>
				<hotSpot x="20" y="2" xunits="pixels" yunits="pixels"/>
			</IconStyle>
			<LineStyle>
				<color>ffffff55</color>
				<width>3</width>
			</LineStyle>
			<PolyStyle>
				<fill>0</fill>
			</PolyStyle>
		</Style>
		<Style id="s_ylw-pushpin_hl72">
			<IconStyle>
				<scale>1.3</scale>
				<Icon>
					<href>https://maps.google.com/mapfiles/kml/pushpin/ylw-pushpin.png</href>
				</Icon>
				<hotSpot x="20" y="2" xunits="pixels" yunits="pixels"/>
			</IconStyle>
			<LineStyle>
				<color>ffffff55</color>
				<width>3</width>
			</LineStyle>
			<PolyStyle>
				<fill>0</fill>
			</PolyStyle>
		</Style>
		<Placemark>
			<name>Ward no.74.kml</name>
			<styleUrl>#m_ylw-pushpin72</styleUrl>
			<Polygon>
				<tessellate>1</tessellate>
				<outerBoundaryIs>
					<LinearRing>
						<coordinates>
							73.10376463700004,19.21721260900006,0 73.10331695300005,19.21818605300007,0 73.10294389500007,19.21830630600005,0 73.10276180000005,19.21837790000006,0 73.10266800000005,19.21841100000006,0 73.10252580000008,19.21855520000003,0 73.10238900000007,19.21834750000005,0 73.10229240000007,19.21831710000004,0 73.10215830000004,19.21829175000005,0 73.10207032100004,19.21826969000006,0 73.10194910000007,19.21826187900007,0 73.10159825500006,19.21822116100003,0 73.10133845700005,19.21816194300004,0 73.10119987200005,19.21813503300007,0 73.10108087000003,19.21808027300006,0 73.10091379100004,19.21801379100003,0 73.10082502900008,19.21798231900004,0 73.10073779900006,19.21795989500004,0 73.10075762300005,19.21785432500008,0 73.10088275500004,19.21729561500007,0 73.10075598000003,19.21721725300006,0 73.10061852100006,19.21713082100007,0 73.10042528300005,19.21695507700002,0 73.10027300200005,19.21692551900003,0 73.10019453300004,19.21685656600005,0 73.10003235900007,19.21679203500003,0 73.09987356200008,19.21670988400007,0 73.09974788000005,19.21656520000005,0 73.09958770000003,19.21644772700006,0 73.09919388000003,19.21611094500003,0 73.09907718200003,19.21611672300003,0 73.09893145500007,19.21612837800006,0 73.09884574400007,19.21611529000006,0 73.09856739900005,19.21606898600004,0 73.09829929200004,19.21602052800006,0 73.09797735600006,19.21596520600008,0 73.09784341000005,19.21593655000004,0 73.09763708000008,19.21576408600004,0 73.09736505700005,19.21554789100003,0 73.09716008300006,19.21543499200004,0 73.09697940900008,19.21532109700007,0 73.09656324100007,19.21536105500007,0 73.09606765100006,19.21548555000004,0 73.09578000000005,19.21555100000006,0 73.09553100000005,19.21555400000005,0 73.09552500000007,19.21521200000007,0 73.09561800000006,19.21518500000008,0 73.09564600000004,19.21504200000004,0 73.09565700000007,19.21478900000005,0 73.09563500000007,19.21465200000006,0 73.09573200000005,19.21460900000005,0 73.09573400000005,19.21438600000005,0 73.09578500000003,19.21384700000004,0 73.09577500000006,19.21346700000004,0 73.09600040000004,19.21345459900005,0 73.09713608600003,19.21348794400007,0 73.09731700000003,19.21347950000006,0 73.09729000000004,19.21329000000003,0 73.09741580800005,19.21328231700005,0 73.09802160000004,19.21323740000003,0 73.09818100000007,19.21319600000004,0 73.09842575000005,19.21316450000006,0 73.09865000000008,19.21311700000007,0 73.09881621000005,19.21308293400006,0 73.09889700000008,19.21306700000002,0 73.09908919000003,19.21305928300006,0 73.09906343600005,19.21329023400006,0 73.09911053900004,19.21359260600008,0 73.09916837100008,19.21396273800008,0 73.09920048600003,19.21415163200004,0 73.09931596600006,19.21488849800005,0 73.09939424500004,19.21499996600005,0 73.09952136300006,19.21515108900007,0 73.09963163200007,19.21505826500004,0 73.09986320600007,19.21500041800005,0 73.10018189400006,19.21487824500002,0 73.10072970200008,19.21467614900007,0 73.10122433200007,19.21517516300003,0 73.10169441800008,19.21581419100005,0 73.10231820500007,19.21665185500007,0 73.10237828900006,19.21508170300007,0 73.10318732000007,19.21500197900008,0 73.10320892400006,19.21419782900006,0 73.10418028300006,19.21388223200006,0 73.10455590200007,19.21473767500004,0 73.10433476600008,19.21553544100004,0 73.10441392700005,19.21603499200006,0 73.10473761500003,19.21629259600007,0 73.10376463700004,19.21721260900006,0 
						</coordinates>
					</LinearRing>
				</outerBoundaryIs>
			</Polygon>
		</Placemark>
	</Document>
	<Document>
		<name>Ward no.75.kml</name>
		<StyleMap id="m_ylw-pushpin73">
			<Pair>
				<key>normal</key>
				<styleUrl>#s_ylw-pushpin73</styleUrl>
			</Pair>
			<Pair>
				<key>highlight</key>
				<styleUrl>#s_ylw-pushpin_hl73</styleUrl>
			</Pair>
		</StyleMap>
		<Style id="s_ylw-pushpin73">
			<IconStyle>
				<scale>1.1</scale>
				<Icon>
					<href>https://maps.google.com/mapfiles/kml/pushpin/ylw-pushpin.png</href>
				</Icon>
				<hotSpot x="20" y="2" xunits="pixels" yunits="pixels"/>
			</IconStyle>
			<LineStyle>
				<color>ffffff55</color>
				<width>3</width>
			</LineStyle>
			<PolyStyle>
				<fill>0</fill>
			</PolyStyle>
		</Style>
		<Style id="s_ylw-pushpin_hl73">
			<IconStyle>
				<scale>1.3</scale>
				<Icon>
					<href>https://maps.google.com/mapfiles/kml/pushpin/ylw-pushpin.png</href>
				</Icon>
				<hotSpot x="20" y="2" xunits="pixels" yunits="pixels"/>
			</IconStyle>
			<LineStyle>
				<color>ffffff55</color>
				<width>3</width>
			</LineStyle>
			<PolyStyle>
				<fill>0</fill>
			</PolyStyle>
		</Style>
		<Placemark>
			<name>Ward no.75.kml</name>
			<styleUrl>#m_ylw-pushpin73</styleUrl>
			<Polygon>
				<tessellate>1</tessellate>
				<outerBoundaryIs>
					<LinearRing>
						<coordinates>
							73.09561800000006,19.21518500000008,0 73.09552500000007,19.21521200000007,0 73.09553100000005,19.21555400000005,0 73.09539648600008,19.21556277900004,0 73.09525940000003,19.21553747500008,0 73.09494700000005,19.21551100000005,0 73.09496500000006,19.21542700000003,0 73.09494600000005,19.21516600000007,0 73.09478200000007,19.21516900000006,0 73.09477233400008,19.21479033300005,0 73.09404700000005,19.21458600000005,0 73.09367200000008,19.21448500000003,0 73.09346300000004,19.21441900000008,0 73.09296400000005,19.21423200000004,0 73.09240600000004,19.21405400000003,0 73.09246500000006,19.21394300000003,0 73.09225600000008,19.21380600000003,0 73.09217000000007,19.21388700000006,0 73.09168200000005,19.21384700000004,0 73.09156900000005,19.21398900000003,0 73.09129746700006,19.21384831500006,0 73.09139666000004,19.21364774600005,0 73.09158266600008,19.21328333300005,0 73.09209497900008,19.21261305500008,0 73.09216605300003,19.21253649900007,0 73.09244113800008,19.21229892700006,0 73.09258515800008,19.21210387400004,0 73.09270579000008,19.21167212400007,0 73.09279339500006,19.21138812900006,0 73.09290536200007,19.21102072400004,0 73.09295160800008,19.21091723400008,0 73.09309354700008,19.21065967200008,0 73.09315268600005,19.21055516200005,0 73.09322336100007,19.21043344300006,0 73.09336958600005,19.21018327300004,0 73.09415200000007,19.21060000000006,0 73.09442733300006,19.21073833300005,0 73.09472185400006,19.21083680800007,0 73.09512702600006,19.21085791800005,0 73.09539715000005,19.21086870000005,0 73.09551500000003,19.21087100000005,0 73.09570574600008,19.21092743700007,0 73.09590091400008,19.21098804900004,0 73.09576900000008,19.21158800000006,0 73.09567300000003,19.21221000000003,0 73.09575300000006,19.21232200000003,0 73.09585029200008,19.21257359300006,0 73.09600000000006,19.21296500000005,0 73.09605229400006,19.21314596100007,0 73.09597216600008,19.21316525700007,0 73.09600040000004,19.21345459900005,0 73.09577500000006,19.21346700000004,0 73.09578500000003,19.21384700000004,0 73.09573400000005,19.21438600000005,0 73.09573200000005,19.21460900000005,0 73.09563500000007,19.21465200000006,0 73.09565700000007,19.21478900000005,0 73.09564600000004,19.21504200000004,0 73.09561800000006,19.21518500000008,0 
						</coordinates>
					</LinearRing>
				</outerBoundaryIs>
			</Polygon>
		</Placemark>
	</Document>
	<Document>
		<name>Ward no.76.kml</name>
		<StyleMap id="m_ylw-pushpin74">
			<Pair>
				<key>normal</key>
				<styleUrl>#s_ylw-pushpin74</styleUrl>
			</Pair>
			<Pair>
				<key>highlight</key>
				<styleUrl>#s_ylw-pushpin_hl74</styleUrl>
			</Pair>
		</StyleMap>
		<Style id="s_ylw-pushpin74">
			<IconStyle>
				<scale>1.1</scale>
				<Icon>
					<href>https://maps.google.com/mapfiles/kml/pushpin/ylw-pushpin.png</href>
				</Icon>
				<hotSpot x="20" y="2" xunits="pixels" yunits="pixels"/>
			</IconStyle>
			<LineStyle>
				<color>ffffff55</color>
				<width>3</width>
			</LineStyle>
			<PolyStyle>
				<fill>0</fill>
			</PolyStyle>
		</Style>
		<Style id="s_ylw-pushpin_hl74">
			<IconStyle>
				<scale>1.3</scale>
				<Icon>
					<href>https://maps.google.com/mapfiles/kml/pushpin/ylw-pushpin.png</href>
				</Icon>
				<hotSpot x="20" y="2" xunits="pixels" yunits="pixels"/>
			</IconStyle>
			<LineStyle>
				<color>ffffff55</color>
				<width>3</width>
			</LineStyle>
			<PolyStyle>
				<fill>0</fill>
			</PolyStyle>
		</Style>
		<Placemark>
			<name>Ward no.76.kml</name>
			<styleUrl>#m_ylw-pushpin74</styleUrl>
			<Polygon>
				<tessellate>1</tessellate>
				<outerBoundaryIs>
					<LinearRing>
						<coordinates>
							73.09129746700006,19.21384831500006,0 73.09106615000007,19.21430180000004,0 73.09082007500007,19.21486590000006,0 73.09052315700006,19.21475948700004,0 73.09027425100004,19.21467900000005,0 73.08959266900007,19.21447942300006,0 73.08948094600004,19.21444683400006,0 73.08843046800007,19.21413695200005,0 73.08872982400004,19.21375779200002,0 73.08885964200005,19.21378737900005,0 73.08921900000007,19.21330200000006,0 73.08933700000006,19.21302900000006,0 73.08933374000003,19.21292735600002,0 73.08935900000006,19.21262600000006,0 73.08938600000005,19.21253000000007,0 73.08938300000005,19.21238800000003,0 73.08941529900005,19.21200383800004,0 73.08883003200003,19.21186814000004,0 73.08842750500008,19.21178611400006,0 73.08842521800005,19.21157543600003,0 73.08845509200006,19.21145707900007,0 73.08847866600007,19.21107033300007,0 73.08859550100004,19.21059000000003,0 73.08889800000003,19.21067600000004,0 73.08905464600008,19.21071080500008,0 73.08913900000005,19.21068100000002,0 73.08917079900004,19.21047100000004,0 73.08930750000007,19.21036950000007,0 73.08945516400007,19.21035666600005,0 73.08961100000005,19.21032800000006,0 73.08968600000003,19.21027600000002,0 73.08989400000007,19.21024100000005,0 73.09007150000008,19.21034300000002,0 73.09030797600008,19.21035448600003,0 73.09057599600004,19.21036677400002,0 73.09068900100004,19.21037300000006,0 73.09074553300007,19.21053105800007,0 73.09082266800004,19.21066949000004,0 73.09095300000007,19.21070533300008,0 73.09123273800003,19.21071887500006,0 73.09142699600005,19.21072906400008,0 73.09174728700003,19.21074634800004,0 73.09206006400007,19.21076312000002,0 73.09241692700004,19.21074715900005,0 73.09251827800006,19.21073700900007,0 73.09295160800008,19.21091723400008,0 73.09290536200007,19.21102072400004,0 73.09279339500006,19.21138812900006,0 73.09270579000008,19.21167212400007,0 73.09258515800008,19.21210387400004,0 73.09244113800008,19.21229892700006,0 73.09216605300003,19.21253649900007,0 73.09209497900008,19.21261305500008,0 73.09158266600008,19.21328333300005,0 73.09139666000004,19.21364774600005,0 73.09129746700006,19.21384831500006,0 
						</coordinates>
					</LinearRing>
				</outerBoundaryIs>
			</Polygon>
		</Placemark>
	</Document>
	<Document>
		<name>Ward no.77.kml</name>
		<StyleMap id="m_ylw-pushpin75">
			<Pair>
				<key>normal</key>
				<styleUrl>#s_ylw-pushpin75</styleUrl>
			</Pair>
			<Pair>
				<key>highlight</key>
				<styleUrl>#s_ylw-pushpin_hl75</styleUrl>
			</Pair>
		</StyleMap>
		<Style id="s_ylw-pushpin75">
			<IconStyle>
				<scale>1.1</scale>
				<Icon>
					<href>https://maps.google.com/mapfiles/kml/pushpin/ylw-pushpin.png</href>
				</Icon>
				<hotSpot x="20" y="2" xunits="pixels" yunits="pixels"/>
			</IconStyle>
			<LineStyle>
				<color>ffffff55</color>
				<width>3</width>
			</LineStyle>
			<PolyStyle>
				<fill>0</fill>
			</PolyStyle>
		</Style>
		<Style id="s_ylw-pushpin_hl75">
			<IconStyle>
				<scale>1.3</scale>
				<Icon>
					<href>https://maps.google.com/mapfiles/kml/pushpin/ylw-pushpin.png</href>
				</Icon>
				<hotSpot x="20" y="2" xunits="pixels" yunits="pixels"/>
			</IconStyle>
			<LineStyle>
				<color>ffffff55</color>
				<width>3</width>
			</LineStyle>
			<PolyStyle>
				<fill>0</fill>
			</PolyStyle>
		</Style>
		<Placemark>
			<name>Ward no.77.kml</name>
			<styleUrl>#m_ylw-pushpin75</styleUrl>
			<Polygon>
				<tessellate>1</tessellate>
				<outerBoundaryIs>
					<LinearRing>
						<coordinates>
							73.08885964200005,19.21378737900005,0 73.08872982400004,19.21375779200002,0 73.08790778900004,19.21356380600003,0 73.08691726600006,19.21333017300003,0 73.08682496900008,19.21355323300003,0 73.08657700000003,19.21339600000005,0 73.08650680000005,19.21345700000006,0 73.08533424800004,19.21244265200005,0 73.08524678100008,19.21252916000003,0 73.08496000000008,19.21245900000002,0 73.08494900000005,19.21265600000004,0 73.08478300000007,19.21274200000005,0 73.08486300000004,19.21294500000005,0 73.08482471700006,19.21302543900004,0 73.08474500000005,19.21318800000006,0 73.08453600000007,19.21333000000004,0 73.08412421900005,19.21286487700007,0 73.08349138400007,19.21225643100007,0 73.08336900000006,19.21177000000006,0 73.08325400000007,19.21170900000004,0 73.08323150100006,19.21160154900002,0 73.08320400000008,19.21145900000005,0 73.08309400000007,19.21125300000006,0 73.08276300000006,19.21120600000006,0 73.08255400000007,19.21121100000005,0 73.08240100000006,19.21126800000008,0 73.08220849900005,19.21121674200003,0 73.08212000000003,19.21119500000003,0 73.08162700000008,19.21076600000004,0 73.08160374800008,19.21036213600007,0 73.08159009900004,19.21026296900004,0 73.08143187200005,19.21007778200004,0 73.08194392700005,19.20950451900006,0 73.08233796800005,19.20905619800004,0 73.08263400000004,19.20871320000003,0 73.08273708200005,19.20880485000004,0 73.08281694800007,19.20886389000003,0 73.08343295100008,19.20928655500006,0 73.08397300100006,19.20964299900004,0 73.08421702700008,19.20986795700003,0 73.08427503800004,19.20992435400007,0 73.08459507900005,19.21027887300005,0 73.08468296000007,19.21043940600004,0 73.08495655100006,19.21095575500004,0 73.08503476900006,19.21101938300006,0 73.08514700000006,19.21109800000005,0 73.08539002200007,19.21119995500004,0 73.08577954300006,19.21136325500004,0 73.08614792800006,19.21139768100005,0 73.08635959200006,19.21145546100007,0 73.08659670900005,19.21145688400003,0 73.08673776800003,19.21146044400007,0 73.08696269000006,19.21148127900005,0 73.08707248600007,19.21149757800004,0 73.08759457500008,19.21161650400006,0 73.08796476500004,19.21170300400007,0 73.08819373800003,19.21175050300008,0 73.08842750500008,19.21178611400006,0 73.08883003200003,19.21186814000004,0 73.08941529900005,19.21200383800004,0 73.08938300000005,19.21238800000003,0 73.08938600000005,19.21253000000007,0 73.08935900000006,19.21262600000006,0 73.08933374000003,19.21292735600002,0 73.08933700000006,19.21302900000006,0 73.08921900000007,19.21330200000006,0 73.08885964200005,19.21378737900005,0 
						</coordinates>
					</LinearRing>
				</outerBoundaryIs>
			</Polygon>
		</Placemark>
	</Document>
	<Document>
		<name>Ward no.78.kml</name>
		<StyleMap id="m_ylw-pushpin76">
			<Pair>
				<key>normal</key>
				<styleUrl>#s_ylw-pushpin76</styleUrl>
			</Pair>
			<Pair>
				<key>highlight</key>
				<styleUrl>#s_ylw-pushpin_hl76</styleUrl>
			</Pair>
		</StyleMap>
		<Style id="s_ylw-pushpin76">
			<IconStyle>
				<scale>1.1</scale>
				<Icon>
					<href>https://maps.google.com/mapfiles/kml/pushpin/ylw-pushpin.png</href>
				</Icon>
				<hotSpot x="20" y="2" xunits="pixels" yunits="pixels"/>
			</IconStyle>
			<LineStyle>
				<color>ffffff55</color>
				<width>3</width>
			</LineStyle>
			<PolyStyle>
				<fill>0</fill>
			</PolyStyle>
		</Style>
		<Style id="s_ylw-pushpin_hl76">
			<IconStyle>
				<scale>1.3</scale>
				<Icon>
					<href>https://maps.google.com/mapfiles/kml/pushpin/ylw-pushpin.png</href>
				</Icon>
				<hotSpot x="20" y="2" xunits="pixels" yunits="pixels"/>
			</IconStyle>
			<LineStyle>
				<color>ffffff55</color>
				<width>3</width>
			</LineStyle>
			<PolyStyle>
				<fill>0</fill>
			</PolyStyle>
		</Style>
		<Placemark>
			<name>Ward no.78.kml</name>
			<styleUrl>#m_ylw-pushpin76</styleUrl>
			<Polygon>
				<tessellate>1</tessellate>
				<outerBoundaryIs>
					<LinearRing>
						<coordinates>
							73.08842521800005,19.21157543600003,0 73.08842750500008,19.21178611400006,0 73.08819373800003,19.21175050300008,0 73.08796476500004,19.21170300400007,0 73.08759457500008,19.21161650400006,0 73.08707248600007,19.21149757800004,0 73.08696269000006,19.21148127900005,0 73.08673776800003,19.21146044400007,0 73.08659670900005,19.21145688400003,0 73.08635959200006,19.21145546100007,0 73.08614792800006,19.21139768100005,0 73.08577954300006,19.21136325500004,0 73.08539002200007,19.21119995500004,0 73.08514700000006,19.21109800000005,0 73.08503476900006,19.21101938300006,0 73.08495655100006,19.21095575500004,0 73.08468296000007,19.21043940600004,0 73.08459507900005,19.21027887300005,0 73.08427503800004,19.20992435400007,0 73.08421702700008,19.20986795700003,0 73.08397300100006,19.20964299900004,0 73.08343295100008,19.20928655500006,0 73.08281694800007,19.20886389000003,0 73.08273708200005,19.20880485000004,0 73.08263400000004,19.20871320000003,0 73.08316600000006,19.20787600000006,0 73.08322909400005,19.20771503400005,0 73.08347733300008,19.20709166700004,0 73.08391200000005,19.20721300000002,0 73.08422000000007,19.20720400000005,0 73.08426500000007,19.20712600000007,0 73.08436400000005,19.20711800000004,0 73.08439100000004,19.20719200000008,0 73.08481211700007,19.20733985500004,0 73.08494300000007,19.20738600000004,0 73.08542000000006,19.20760999900006,0 73.08533600000004,19.20778950000005,0 73.08524733400003,19.20835833400003,0 73.08542100000005,19.20851300000004,0 73.08546800000005,19.20861800000006,0 73.08557108000008,19.20890099700006,0 73.08581967500004,19.20955572500003,0 73.08593306500006,19.20983036000007,0 73.08653150000004,19.20988600000004,0 73.08684800000003,19.20987300000007,0 73.08691000000005,19.21004000000005,0 73.08736211500008,19.20996214700006,0 73.08733100000006,19.20961900000003,0 73.08755700000006,19.20945900000004,0 73.08785461200006,19.20951812200008,0 73.08830200000006,19.20960200000008,0 73.08872743500007,19.20963337100005,0 73.08871972600008,19.20992082600003,0 73.08870850000005,19.21018750000008,0 73.08859550100004,19.21059000000003,0 73.08847866600007,19.21107033300007,0 73.08845509200006,19.21145707900007,0 73.08842521800005,19.21157543600003,0 
						</coordinates>
					</LinearRing>
				</outerBoundaryIs>
			</Polygon>
		</Placemark>
	</Document>
	<Document>
		<name>Ward no.79.kml</name>
		<StyleMap id="m_ylw-pushpin77">
			<Pair>
				<key>normal</key>
				<styleUrl>#s_ylw-pushpin77</styleUrl>
			</Pair>
			<Pair>
				<key>highlight</key>
				<styleUrl>#s_ylw-pushpin_hl77</styleUrl>
			</Pair>
		</StyleMap>
		<Style id="s_ylw-pushpin77">
			<IconStyle>
				<scale>1.1</scale>
				<Icon>
					<href>https://maps.google.com/mapfiles/kml/pushpin/ylw-pushpin.png</href>
				</Icon>
				<hotSpot x="20" y="2" xunits="pixels" yunits="pixels"/>
			</IconStyle>
			<LineStyle>
				<color>ffffff55</color>
				<width>3</width>
			</LineStyle>
			<PolyStyle>
				<fill>0</fill>
			</PolyStyle>
		</Style>
		<Style id="s_ylw-pushpin_hl77">
			<IconStyle>
				<scale>1.3</scale>
				<Icon>
					<href>https://maps.google.com/mapfiles/kml/pushpin/ylw-pushpin.png</href>
				</Icon>
				<hotSpot x="20" y="2" xunits="pixels" yunits="pixels"/>
			</IconStyle>
			<LineStyle>
				<color>ffffff55</color>
				<width>3</width>
			</LineStyle>
			<PolyStyle>
				<fill>0</fill>
			</PolyStyle>
		</Style>
		<Placemark>
			<name>Ward no.79.kml</name>
			<styleUrl>#m_ylw-pushpin77</styleUrl>
			<Polygon>
				<tessellate>1</tessellate>
				<outerBoundaryIs>
					<LinearRing>
						<coordinates>
							73.08736211500008,19.20996214700006,0 73.08691000000005,19.21004000000005,0 73.08684800000003,19.20987300000007,0 73.08653150000004,19.20988600000004,0 73.08593306500006,19.20983036000007,0 73.08581967500004,19.20955572500003,0 73.08557108000008,19.20890099700006,0 73.08546800000005,19.20861800000006,0 73.08542100000005,19.20851300000004,0 73.08524733400003,19.20835833400003,0 73.08533600000004,19.20778950000005,0 73.08542000000006,19.20760999900006,0 73.08580533400004,19.20763866700003,0 73.08580487100005,19.20744910000008,0 73.08579431600003,19.20719608600007,0 73.08577747900006,19.20675192000005,0 73.08576911400007,19.20643589800005,0 73.08575973500007,19.20601838000005,0 73.08579697700003,19.20530477000006,0 73.08538987600008,19.20463619300006,0 73.08555751200004,19.20364272100005,0 73.08572389400007,19.20335040200007,0 73.08664437500005,19.20280761400005,0 73.08698741900008,19.20287591000005,0 73.08772936300005,19.20326331800004,0 73.08821265900008,19.20343241400008,0 73.08848252800004,19.20351354300004,0 73.08846600000004,19.20385500000003,0 73.08850095800005,19.20410287400006,0 73.08890460100008,19.20517181300005,0 73.08898826500007,19.20544297600003,0 73.08908800000006,19.20576700000004,0 73.08921500000008,19.20640500000008,0 73.08922433100008,19.20655199100003,0 73.08926066700008,19.20700800000003,0 73.08924246300006,19.20726738400003,0 73.08899347400006,19.20724832900004,0 73.08875800000004,19.20723600000002,0 73.08872850000006,19.20748650000007,0 73.08875800000004,19.20774800000004,0 73.08875033300006,19.20884266700006,0 73.08873815900006,19.20930787400005,0 73.08872743500007,19.20963337100005,0 73.08830200000006,19.20960200000008,0 73.08785461200006,19.20951812200008,0 73.08755700000006,19.20945900000004,0 73.08733100000006,19.20961900000003,0 73.08736211500008,19.20996214700006,0 
						</coordinates>
					</LinearRing>
				</outerBoundaryIs>
			</Polygon>
		</Placemark>
	</Document>
	<Document>
		<name>Ward no.80.kml</name>
		<StyleMap id="m_ylw-pushpin78">
			<Pair>
				<key>normal</key>
				<styleUrl>#s_ylw-pushpin78</styleUrl>
			</Pair>
			<Pair>
				<key>highlight</key>
				<styleUrl>#s_ylw-pushpin_hl78</styleUrl>
			</Pair>
		</StyleMap>
		<Style id="s_ylw-pushpin78">
			<IconStyle>
				<scale>1.1</scale>
				<Icon>
					<href>https://maps.google.com/mapfiles/kml/pushpin/ylw-pushpin.png</href>
				</Icon>
				<hotSpot x="20" y="2" xunits="pixels" yunits="pixels"/>
			</IconStyle>
			<LineStyle>
				<color>ffffff55</color>
				<width>3</width>
			</LineStyle>
			<PolyStyle>
				<fill>0</fill>
			</PolyStyle>
		</Style>
		<Style id="s_ylw-pushpin_hl78">
			<IconStyle>
				<scale>1.3</scale>
				<Icon>
					<href>https://maps.google.com/mapfiles/kml/pushpin/ylw-pushpin.png</href>
				</Icon>
				<hotSpot x="20" y="2" xunits="pixels" yunits="pixels"/>
			</IconStyle>
			<LineStyle>
				<color>ffffff55</color>
				<width>3</width>
			</LineStyle>
			<PolyStyle>
				<fill>0</fill>
			</PolyStyle>
		</Style>
		<Placemark>
			<name>Ward no.80.kml</name>
			<styleUrl>#m_ylw-pushpin78</styleUrl>
			<Polygon>
				<tessellate>1</tessellate>
				<outerBoundaryIs>
					<LinearRing>
						<coordinates>
							73.09206006400007,19.21076312000002,0 73.09174728700003,19.21074634800004,0 73.09142699600005,19.21072906400008,0 73.09123273800003,19.21071887500006,0 73.09095300000007,19.21070533300008,0 73.09082266800004,19.21066949000004,0 73.09074553300007,19.21053105800007,0 73.09068900100004,19.21037300000006,0 73.09057599600004,19.21036677400002,0 73.09030797600008,19.21035448600003,0 73.09007150000008,19.21034300000002,0 73.08989400000007,19.21024100000005,0 73.08968600000003,19.21027600000002,0 73.08961100000005,19.21032800000006,0 73.08945516400007,19.21035666600005,0 73.08930750000007,19.21036950000007,0 73.08917079900004,19.21047100000004,0 73.08913900000005,19.21068100000002,0 73.08905464600008,19.21071080500008,0 73.08889800000003,19.21067600000004,0 73.08859550100004,19.21059000000003,0 73.08870850000005,19.21018750000008,0 73.08871972600008,19.20992082600003,0 73.08872743500007,19.20963337100005,0 73.08873815900006,19.20930787400005,0 73.08875033300006,19.20884266700006,0 73.08875800000004,19.20774800000004,0 73.08872850000006,19.20748650000007,0 73.08875800000004,19.20723600000002,0 73.08899347400006,19.20724832900004,0 73.08924246300006,19.20726738400003,0 73.08926066700008,19.20700800000003,0 73.08922433100008,19.20655199100003,0 73.08921500000008,19.20640500000008,0 73.08908800000006,19.20576700000004,0 73.08898826500007,19.20544297600003,0 73.08890460100008,19.20517181300005,0 73.08850095800005,19.20410287400006,0 73.08846600000004,19.20385500000003,0 73.08848252800004,19.20351354300004,0 73.08892208100008,19.20366025200008,0 73.08904246200007,19.20369811400008,0 73.09011486100007,19.20421794200007,0 73.09039962000008,19.20434144900003,0 73.09068980100005,19.20466400900006,0 73.09102320300008,19.20437812100005,0 73.09111800000005,19.20447500000006,0 73.09134900000004,19.20474400000006,0 73.09185489000004,19.20530390200003,0 73.09214300000008,19.20562500000006,0 73.09229132100006,19.20575762800007,0 73.09197294500007,19.20604402700008,0 73.09185444100007,19.20634934500004,0 73.09185718600008,19.20666196500002,0 73.09192459800005,19.20719375500005,0 73.09193027200007,19.20792793100003,0 73.09193373600004,19.20816603700007,0 73.09194337100007,19.20856761500005,0 73.09199433900005,19.20912813100006,0 73.09203904300006,19.20945487000006,0 73.09207585100006,19.20972547800005,0 73.09206898400004,19.21006001300003,0 73.09206006400007,19.21076312000002,0 
						</coordinates>
					</LinearRing>
				</outerBoundaryIs>
			</Polygon>
		</Placemark>
	</Document>
	<Document>
		<name>Ward no.81.kml</name>
		<StyleMap id="m_ylw-pushpin79">
			<Pair>
				<key>normal</key>
				<styleUrl>#s_ylw-pushpin79</styleUrl>
			</Pair>
			<Pair>
				<key>highlight</key>
				<styleUrl>#s_ylw-pushpin_hl79</styleUrl>
			</Pair>
		</StyleMap>
		<Style id="s_ylw-pushpin79">
			<IconStyle>
				<scale>1.1</scale>
				<Icon>
					<href>https://maps.google.com/mapfiles/kml/pushpin/ylw-pushpin.png</href>
				</Icon>
				<hotSpot x="20" y="2" xunits="pixels" yunits="pixels"/>
			</IconStyle>
			<LineStyle>
				<color>ffffff55</color>
				<width>3</width>
			</LineStyle>
			<PolyStyle>
				<fill>0</fill>
			</PolyStyle>
		</Style>
		<Style id="s_ylw-pushpin_hl79">
			<IconStyle>
				<scale>1.3</scale>
				<Icon>
					<href>https://maps.google.com/mapfiles/kml/pushpin/ylw-pushpin.png</href>
				</Icon>
				<hotSpot x="20" y="2" xunits="pixels" yunits="pixels"/>
			</IconStyle>
			<LineStyle>
				<color>ffffff55</color>
				<width>3</width>
			</LineStyle>
			<PolyStyle>
				<fill>0</fill>
			</PolyStyle>
		</Style>
		<Placemark>
			<name>Ward no.81.kml</name>
			<styleUrl>#m_ylw-pushpin79</styleUrl>
			<Polygon>
				<tessellate>1</tessellate>
				<outerBoundaryIs>
					<LinearRing>
						<coordinates>
							73.09295160800008,19.21091723400008,0 73.09251827800006,19.21073700900007,0 73.09241692700004,19.21074715900005,0 73.09206006400007,19.21076312000002,0 73.09206898400004,19.21006001300003,0 73.09207585100006,19.20972547800005,0 73.09203904300006,19.20945487000006,0 73.09199433900005,19.20912813100006,0 73.09194337100007,19.20856761500005,0 73.09193373600004,19.20816603700007,0 73.09193027200007,19.20792793100003,0 73.09192459800005,19.20719375500005,0 73.09185718600008,19.20666196500002,0 73.09185444100007,19.20634934500004,0 73.09197294500007,19.20604402700008,0 73.09229132100006,19.20575762800007,0 73.09214300000008,19.20562500000006,0 73.09185489000004,19.20530390200003,0 73.09134900000004,19.20474400000006,0 73.09111800000005,19.20447500000006,0 73.09102320300008,19.20437812100005,0 73.09134857400005,19.20410132200004,0 73.09142719000005,19.20390270700005,0 73.09151097000006,19.20381622400004,0 73.09159628700007,19.20370732200007,0 73.09189120200006,19.20382918100006,0 73.09211203200005,19.20378316200004,0 73.09212644100006,19.20426719200003,0 73.09221875500003,19.20445754100007,0 73.09224096100007,19.20461100300003,0 73.09212300000007,19.20469020000007,0 73.09210677500005,19.20479265000006,0 73.09254550500003,19.20479905500002,0 73.09254170900005,19.20455717600004,0 73.09251964500004,19.20437020300005,0 73.09278629000005,19.20433184500007,0 73.09283960800008,19.20422183000005,0 73.09299747700004,19.20392799600006,0 73.09377605000003,19.20413418000004,0 73.09392715200005,19.20417414800005,0 73.09389472000004,19.20429637500007,0 73.09405097300004,19.20433311800002,0 73.09452697900008,19.20426610400006,0 73.09457113200006,19.20444714200005,0 73.09480939000008,19.20448113800006,0 73.09500681300005,19.20468489300004,0 73.09503581000007,19.20483306500006,0 73.09516934900006,19.20486943200007,0 73.09529290900008,19.20487910700007,0 73.09563537900004,19.20535080400003,0 73.09549635700006,19.20594766500005,0 73.09544535500004,19.20621487200003,0 73.09536684800008,19.20654155500006,0 73.09527965200004,19.20698224800003,0 73.09515233300004,19.20756799900005,0 73.09464168200003,19.20783310800005,0 73.09442133300007,19.20794133300007,0 73.09413500000005,19.20866733400004,0 73.09410133400007,19.20885700000002,0 73.09401995600007,19.20919040300004,0 73.09376065400005,19.20957738600004,0 73.09367949400007,19.20970614300006,0 73.09343242100005,19.21008404500003,0 73.09336958600005,19.21018327300004,0 73.09322336100007,19.21043344300006,0 73.09315268600005,19.21055516200005,0 73.09309354700008,19.21065967200008,0 73.09295160800008,19.21091723400008,0 
						</coordinates>
					</LinearRing>
				</outerBoundaryIs>
			</Polygon>
		</Placemark>
	</Document>
	<Document>
		<name>Ward no.82.kml</name>
		<StyleMap id="m_ylw-pushpin80">
			<Pair>
				<key>normal</key>
				<styleUrl>#s_ylw-pushpin80</styleUrl>
			</Pair>
			<Pair>
				<key>highlight</key>
				<styleUrl>#s_ylw-pushpin_hl80</styleUrl>
			</Pair>
		</StyleMap>
		<Style id="s_ylw-pushpin80">
			<IconStyle>
				<scale>1.1</scale>
				<Icon>
					<href>https://maps.google.com/mapfiles/kml/pushpin/ylw-pushpin.png</href>
				</Icon>
				<hotSpot x="20" y="2" xunits="pixels" yunits="pixels"/>
			</IconStyle>
			<LineStyle>
				<color>ffffff55</color>
				<width>3</width>
			</LineStyle>
			<PolyStyle>
				<fill>0</fill>
			</PolyStyle>
		</Style>
		<Style id="s_ylw-pushpin_hl80">
			<IconStyle>
				<scale>1.3</scale>
				<Icon>
					<href>https://maps.google.com/mapfiles/kml/pushpin/ylw-pushpin.png</href>
				</Icon>
				<hotSpot x="20" y="2" xunits="pixels" yunits="pixels"/>
			</IconStyle>
			<LineStyle>
				<color>ffffff55</color>
				<width>3</width>
			</LineStyle>
			<PolyStyle>
				<fill>0</fill>
			</PolyStyle>
		</Style>
		<Placemark>
			<name>Ward no.82.kml</name>
			<styleUrl>#m_ylw-pushpin80</styleUrl>
			<Polygon>
				<tessellate>1</tessellate>
				<outerBoundaryIs>
					<LinearRing>
						<coordinates>
							73.09731800100008,19.21126050000004,0 73.09711666600003,19.21130533300004,0 73.09703650000006,19.21099400000003,0 73.09651396300006,19.21102170200004,0 73.09636027000005,19.21102887900003,0 73.09605700000003,19.21104450000007,0 73.09590091400008,19.21098804900004,0 73.09570574600008,19.21092743700007,0 73.09551500000003,19.21087100000005,0 73.09539715000005,19.21086870000005,0 73.09512702600006,19.21085791800005,0 73.09472185400006,19.21083680800007,0 73.09442733300006,19.21073833300005,0 73.09415200000007,19.21060000000006,0 73.09336958600005,19.21018327300004,0 73.09343242100005,19.21008404500003,0 73.09367949400007,19.20970614300006,0 73.09376065400005,19.20957738600004,0 73.09401995600007,19.20919040300004,0 73.09410133400007,19.20885700000002,0 73.09413500000005,19.20866733400004,0 73.09442133300007,19.20794133300007,0 73.09464168200003,19.20783310800005,0 73.09515233300004,19.20756799900005,0 73.09527965200004,19.20698224800003,0 73.09536684800008,19.20654155500006,0 73.09544535500004,19.20621487200003,0 73.09549635700006,19.20594766500005,0 73.09563537900004,19.20535080400003,0 73.09598244700004,19.20559101900005,0 73.09621891800003,19.20575468700002,0 73.09639176400003,19.20653782500006,0 73.09655511500006,19.20728935000005,0 73.09674825500008,19.20802286500003,0 73.09677402600005,19.20811488700002,0 73.09701871200008,19.20824846000005,0 73.09680900100005,19.20835100000005,0 73.09689864500007,19.20867854900007,0 73.09704888900006,19.20913884100003,0 73.09710847400004,19.20940381300005,0 73.09719677300006,19.20971613300003,0 73.09723556100005,19.20988848900004,0 73.09729061000007,19.20995942800005,0 73.09734450000008,19.21022800000003,0 73.09735215200004,19.21033198000004,0 73.09736022600003,19.21052838000003,0 73.09738009700004,19.21061882100003,0 73.09739750900007,19.21069493200002,0 73.09744222000006,19.21086308100007,0 73.09725200000008,19.21091800000005,0 73.09731800100008,19.21126050000004,0 
						</coordinates>
					</LinearRing>
				</outerBoundaryIs>
			</Polygon>
		</Placemark>
	</Document>
	<Document>
		<name>Ward no.83.kml</name>
		<StyleMap id="m_ylw-pushpin81">
			<Pair>
				<key>normal</key>
				<styleUrl>#s_ylw-pushpin81</styleUrl>
			</Pair>
			<Pair>
				<key>highlight</key>
				<styleUrl>#s_ylw-pushpin_hl81</styleUrl>
			</Pair>
		</StyleMap>
		<Style id="s_ylw-pushpin81">
			<IconStyle>
				<scale>1.1</scale>
				<Icon>
					<href>https://maps.google.com/mapfiles/kml/pushpin/ylw-pushpin.png</href>
				</Icon>
				<hotSpot x="20" y="2" xunits="pixels" yunits="pixels"/>
			</IconStyle>
			<LineStyle>
				<color>ffffff55</color>
				<width>3</width>
			</LineStyle>
			<PolyStyle>
				<fill>0</fill>
			</PolyStyle>
		</Style>
		<Style id="s_ylw-pushpin_hl81">
			<IconStyle>
				<scale>1.3</scale>
				<Icon>
					<href>https://maps.google.com/mapfiles/kml/pushpin/ylw-pushpin.png</href>
				</Icon>
				<hotSpot x="20" y="2" xunits="pixels" yunits="pixels"/>
			</IconStyle>
			<LineStyle>
				<color>ffffff55</color>
				<width>3</width>
			</LineStyle>
			<PolyStyle>
				<fill>0</fill>
			</PolyStyle>
		</Style>
		<Placemark>
			<name>Ward no.83.kml</name>
			<styleUrl>#m_ylw-pushpin81</styleUrl>
			<Polygon>
				<tessellate>1</tessellate>
				<outerBoundaryIs>
					<LinearRing>
						<coordinates>
							73.09917398600004,19.21232940500005,0 73.09908919000003,19.21305928300006,0 73.09889700000008,19.21306700000002,0 73.09881621000005,19.21308293400006,0 73.09865000000008,19.21311700000007,0 73.09842575000005,19.21316450000006,0 73.09818100000007,19.21319600000004,0 73.09802160000004,19.21323740000003,0 73.09741580800005,19.21328231700005,0 73.09729000000004,19.21329000000003,0 73.09731700000003,19.21347950000006,0 73.09713608600003,19.21348794400007,0 73.09600040000004,19.21345459900005,0 73.09597216600008,19.21316525700007,0 73.09605229400006,19.21314596100007,0 73.09600000000006,19.21296500000005,0 73.09585029200008,19.21257359300006,0 73.09575300000006,19.21232200000003,0 73.09567300000003,19.21221000000003,0 73.09576900000008,19.21158800000006,0 73.09590091400008,19.21098804900004,0 73.09605700000003,19.21104450000007,0 73.09636027000005,19.21102887900003,0 73.09651396300006,19.21102170200004,0 73.09703650000006,19.21099400000003,0 73.09711666600003,19.21130533300004,0 73.09731800100008,19.21126050000004,0 73.09725200000008,19.21091800000005,0 73.09744222000006,19.21086308100007,0 73.09739750900007,19.21069493200002,0 73.09738009700004,19.21061882100003,0 73.09736022600003,19.21052838000003,0 73.09735215200004,19.21033198000004,0 73.09734450000008,19.21022800000003,0 73.09729061000007,19.20995942800005,0 73.09723556100005,19.20988848900004,0 73.09719677300006,19.20971613300003,0 73.09710847400004,19.20940381300005,0 73.09704888900006,19.20913884100003,0 73.09689864500007,19.20867854900007,0 73.09680900100005,19.20835100000005,0 73.09701871200008,19.20824846000005,0 73.09720052800003,19.20811102700003,0 73.09743207300005,19.20811084300004,0 73.09761447300008,19.20811492200005,0 73.09780685300007,19.20815066400007,0 73.09807761000008,19.20819789200004,0 73.09844813600006,19.20825135600006,0 73.09867196000005,19.20829161500006,0 73.09869451500003,19.20872476800003,0 73.09870947600007,19.20902171900008,0 73.09872541700008,19.20929189100008,0 73.09875703000006,19.20963855000002,0 73.09896686100006,19.20963701700003,0 73.09896039500006,19.21003135900003,0 73.09895400500005,19.21030595700006,0 73.09894495800006,19.21053119300007,0 73.09912887400003,19.21063005900004,0 73.09914090500007,19.21080237000007,0 73.09922108000006,19.21085573400006,0 73.09922006700003,19.21111229400003,0 73.09920977100006,19.21164660800002,0 73.09920764400005,19.21187413600006,0 73.09960463300007,19.21198255500008,0 73.09957327400008,19.21213986000004,0 73.09920153800005,19.21209945600003,0 73.09917398600004,19.21232940500005,0 
						</coordinates>
					</LinearRing>
				</outerBoundaryIs>
			</Polygon>
		</Placemark>
	</Document>
	<Document>
		<name>Ward no.84.kml</name>
		<StyleMap id="m_ylw-pushpin82">
			<Pair>
				<key>normal</key>
				<styleUrl>#s_ylw-pushpin82</styleUrl>
			</Pair>
			<Pair>
				<key>highlight</key>
				<styleUrl>#s_ylw-pushpin_hl82</styleUrl>
			</Pair>
		</StyleMap>
		<Style id="s_ylw-pushpin82">
			<IconStyle>
				<scale>1.1</scale>
				<Icon>
					<href>https://maps.google.com/mapfiles/kml/pushpin/ylw-pushpin.png</href>
				</Icon>
				<hotSpot x="20" y="2" xunits="pixels" yunits="pixels"/>
			</IconStyle>
			<LineStyle>
				<color>ffffff55</color>
				<width>3</width>
			</LineStyle>
			<PolyStyle>
				<fill>0</fill>
			</PolyStyle>
		</Style>
		<Style id="s_ylw-pushpin_hl82">
			<IconStyle>
				<scale>1.3</scale>
				<Icon>
					<href>https://maps.google.com/mapfiles/kml/pushpin/ylw-pushpin.png</href>
				</Icon>
				<hotSpot x="20" y="2" xunits="pixels" yunits="pixels"/>
			</IconStyle>
			<LineStyle>
				<color>ffffff55</color>
				<width>3</width>
			</LineStyle>
			<PolyStyle>
				<fill>0</fill>
			</PolyStyle>
		</Style>
		<Placemark>
			<name>Ward no.84.kml</name>
			<styleUrl>#m_ylw-pushpin82</styleUrl>
			<Polygon>
				<tessellate>1</tessellate>
				<outerBoundaryIs>
					<LinearRing>
						<coordinates>
							73.11066343700008,19.21410390100004,0 73.11153258900003,19.21428030200008,0 73.11300934300004,19.21750755600004,0 73.11246606400005,19.21840237300006,0 73.11184114400004,19.21942949200007,0 73.11128266000003,19.22040964800004,0 73.11075666700003,19.22026389400003,0 73.11015861600004,19.22009427900002,0 73.10944439100007,19.21989274400005,0 73.10778942800005,19.21944491800002,0 73.10608484700003,19.21897373800005,0 73.10467521400005,19.21858477500007,0 73.10331695300005,19.21818605300007,0 73.10376463700004,19.21721260900006,0 73.10473761500003,19.21629259600007,0 73.10441392700005,19.21603499200006,0 73.10433476600008,19.21553544100004,0 73.10455590200007,19.21473767500004,0 73.10418028300006,19.21388223200006,0 73.10320892400006,19.21419782900006,0 73.10318732000007,19.21500197900008,0 73.10237828900006,19.21508170300007,0 73.10231820500007,19.21665185500007,0 73.10169441800008,19.21581419100005,0 73.10122433200007,19.21517516300003,0 73.10072970200008,19.21467614900007,0 73.10018189400006,19.21487824500002,0 73.09986320600007,19.21500041800005,0 73.09963163200007,19.21505826500004,0 73.09952136300006,19.21515108900007,0 73.09939424500004,19.21499996600005,0 73.09931596600006,19.21488849800005,0 73.09920048600003,19.21415163200004,0 73.09916837100008,19.21396273800008,0 73.09911053900004,19.21359260600008,0 73.09906343600005,19.21329023400006,0 73.09908919000003,19.21305928300006,0 73.09917398600004,19.21232940500005,0 73.09920153800005,19.21209945600003,0 73.09957327400008,19.21213986000004,0 73.09960463300007,19.21198255500008,0 73.09920764400005,19.21187413600006,0 73.09920977100006,19.21164660800002,0 73.09922006700003,19.21111229400003,0 73.09922108000006,19.21085573400006,0 73.09914090500007,19.21080237000007,0 73.09912887400003,19.21063005900004,0 73.09894495800006,19.21053119300007,0 73.09895400500005,19.21030595700006,0 73.09896039500006,19.21003135900003,0 73.09896686100006,19.20963701700003,0 73.09875703000006,19.20963855000002,0 73.09872541700008,19.20929189100008,0 73.09870947600007,19.20902171900008,0 73.09869451500003,19.20872476800003,0 73.09867196000005,19.20829161500006,0 73.10040724200007,19.20833205300005,0 73.10213512700005,19.20903429400005,0 73.10248887500006,19.20870705200002,0 73.10257718000008,19.20785467500008,0 73.10320089900006,19.20695788200004,0 73.10326086900005,19.20688174900005,0 73.10446859200005,19.20509662100005,0 73.10577686000005,19.20621497500002,0 73.10799899700004,19.20876682600004,0 73.10806850700004,19.20886966100005,0 73.11051677800003,19.21378991400007,0 73.11066343700008,19.21410390100004,0 
						</coordinates>
					</LinearRing>
				</outerBoundaryIs>
			</Polygon>
		</Placemark>
	</Document>
	<Document>
		<name>Ward no.85.kml</name>
		<StyleMap id="m_ylw-pushpin83">
			<Pair>
				<key>normal</key>
				<styleUrl>#s_ylw-pushpin83</styleUrl>
			</Pair>
			<Pair>
				<key>highlight</key>
				<styleUrl>#s_ylw-pushpin_hl83</styleUrl>
			</Pair>
		</StyleMap>
		<Style id="s_ylw-pushpin83">
			<IconStyle>
				<scale>1.1</scale>
				<Icon>
					<href>https://maps.google.com/mapfiles/kml/pushpin/ylw-pushpin.png</href>
				</Icon>
				<hotSpot x="20" y="2" xunits="pixels" yunits="pixels"/>
			</IconStyle>
			<LineStyle>
				<color>ffffff55</color>
				<width>3</width>
			</LineStyle>
			<PolyStyle>
				<fill>0</fill>
			</PolyStyle>
		</Style>
		<Style id="s_ylw-pushpin_hl83">
			<IconStyle>
				<scale>1.3</scale>
				<Icon>
					<href>https://maps.google.com/mapfiles/kml/pushpin/ylw-pushpin.png</href>
				</Icon>
				<hotSpot x="20" y="2" xunits="pixels" yunits="pixels"/>
			</IconStyle>
			<LineStyle>
				<color>ffffff55</color>
				<width>3</width>
			</LineStyle>
			<PolyStyle>
				<fill>0</fill>
			</PolyStyle>
		</Style>
		<Placemark>
			<name>Ward no.85.kml</name>
			<styleUrl>#m_ylw-pushpin83</styleUrl>
			<Polygon>
				<tessellate>1</tessellate>
				<outerBoundaryIs>
					<LinearRing>
						<coordinates>
							73.11543240000003,19.22158437700006,0 73.11382920000005,19.22112662000006,0 73.11220674000003,19.22067079900006,0 73.11128266000003,19.22040964800004,0 73.11184114400004,19.21942949200007,0 73.11246606400005,19.21840237300006,0 73.11300934300004,19.21750755600004,0 73.11153258900003,19.21428030200008,0 73.11066343700008,19.21410390100004,0 73.11051677800003,19.21378991400007,0 73.10806850700004,19.20886966100005,0 73.10799899700004,19.20876682600004,0 73.10577686000005,19.20621497500002,0 73.10446859200005,19.20509662100005,0 73.10326086900005,19.20688174900005,0 73.10320089900006,19.20695788200004,0 73.09975142900004,19.20405748800005,0 73.10162282700003,19.20170862700007,0 73.10189412300008,19.20301676700007,0 73.10268498800008,19.20336095200003,0 73.10361929400005,19.20336593400003,0 73.10432701900004,19.20323397900006,0 73.10524137200008,19.20395435200004,0 73.10571233000007,19.20367418400002,0 73.10678290300007,19.20474827800007,0 73.10723688300004,19.20522154300005,0 73.10833880300004,19.20633912000005,0 73.10958890300003,19.20760695800004,0 73.11102979800006,19.20909140400005,0 73.11172043200008,19.20982501200007,0 73.11413914800005,19.21251248800007,0 73.11504018900007,19.21352595800005,0 73.11651403600007,19.21519439700006,0 73.11983142300005,19.21903479400004,0 73.11867143200004,19.21979384500003,0 73.11820389500008,19.22010968400002,0 73.11779038700007,19.22038514300004,0 73.11764090800006,19.22057344700005,0 73.11734213300008,19.22085782500005,0 73.11630701300004,19.22138778000004,0 73.11596978300008,19.22135226200004,0 73.11543240000003,19.22158437700006,0 
						</coordinates>
					</LinearRing>
				</outerBoundaryIs>
			</Polygon>
		</Placemark>
	</Document>
	<Document>
		<name>Ward no.86.kml</name>
		<StyleMap id="m_ylw-pushpin84">
			<Pair>
				<key>normal</key>
				<styleUrl>#s_ylw-pushpin84</styleUrl>
			</Pair>
			<Pair>
				<key>highlight</key>
				<styleUrl>#s_ylw-pushpin_hl84</styleUrl>
			</Pair>
		</StyleMap>
		<Style id="s_ylw-pushpin84">
			<IconStyle>
				<scale>1.1</scale>
				<Icon>
					<href>https://maps.google.com/mapfiles/kml/pushpin/ylw-pushpin.png</href>
				</Icon>
				<hotSpot x="20" y="2" xunits="pixels" yunits="pixels"/>
			</IconStyle>
			<LineStyle>
				<color>ffffff55</color>
				<width>3</width>
			</LineStyle>
			<PolyStyle>
				<fill>0</fill>
			</PolyStyle>
		</Style>
		<Style id="s_ylw-pushpin_hl84">
			<IconStyle>
				<scale>1.3</scale>
				<Icon>
					<href>https://maps.google.com/mapfiles/kml/pushpin/ylw-pushpin.png</href>
				</Icon>
				<hotSpot x="20" y="2" xunits="pixels" yunits="pixels"/>
			</IconStyle>
			<LineStyle>
				<color>ffffff55</color>
				<width>3</width>
			</LineStyle>
			<PolyStyle>
				<fill>0</fill>
			</PolyStyle>
		</Style>
		<Placemark>
			<name>Ward no.86.kml</name>
			<styleUrl>#m_ylw-pushpin84</styleUrl>
			<Polygon>
				<tessellate>1</tessellate>
				<outerBoundaryIs>
					<LinearRing>
						<coordinates>
							73.12423837500006,19.21358399600007,0 73.12447133400008,19.21562979900006,0 73.12605461700008,19.21636265800004,0 73.12546334300004,19.21708315500007,0 73.12612895500007,19.21867450000008,0 73.12233145300007,19.22116823200003,0 73.12145134300005,19.22172309500007,0 73.12137330000007,19.22110951800005,0 73.12061235800007,19.22015654500007,0 73.11983142300005,19.21903479400004,0 73.11651403600007,19.21519439700006,0 73.12158930100003,19.21030554600003,0 73.12155582600008,19.21210425900006,0 73.12253996700008,19.21204470700008,0 73.12379316000005,19.21166808100003,0 73.12423837500006,19.21358399600007,0 
						</coordinates>
					</LinearRing>
				</outerBoundaryIs>
			</Polygon>
		</Placemark>
	</Document>
	<Document>
		<name>Ward no.87.kml</name>
		<StyleMap id="m_ylw-pushpin85">
			<Pair>
				<key>normal</key>
				<styleUrl>#s_ylw-pushpin85</styleUrl>
			</Pair>
			<Pair>
				<key>highlight</key>
				<styleUrl>#s_ylw-pushpin_hl85</styleUrl>
			</Pair>
		</StyleMap>
		<Style id="s_ylw-pushpin85">
			<IconStyle>
				<scale>1.1</scale>
				<Icon>
					<href>https://maps.google.com/mapfiles/kml/pushpin/ylw-pushpin.png</href>
				</Icon>
				<hotSpot x="20" y="2" xunits="pixels" yunits="pixels"/>
			</IconStyle>
			<LineStyle>
				<color>ffffff55</color>
				<width>3</width>
			</LineStyle>
			<PolyStyle>
				<fill>0</fill>
			</PolyStyle>
		</Style>
		<Style id="s_ylw-pushpin_hl85">
			<IconStyle>
				<scale>1.3</scale>
				<Icon>
					<href>https://maps.google.com/mapfiles/kml/pushpin/ylw-pushpin.png</href>
				</Icon>
				<hotSpot x="20" y="2" xunits="pixels" yunits="pixels"/>
			</IconStyle>
			<LineStyle>
				<color>ffffff55</color>
				<width>3</width>
			</LineStyle>
			<PolyStyle>
				<fill>0</fill>
			</PolyStyle>
		</Style>
		<Placemark>
			<name>Ward no.87.kml</name>
			<styleUrl>#m_ylw-pushpin85</styleUrl>
			<Polygon>
				<tessellate>1</tessellate>
				<outerBoundaryIs>
					<LinearRing>
						<coordinates>
							73.12970922100004,19.22386774600005,0 73.12961215000007,19.22410665000007,0 73.12939965100003,19.22428765000007,0 73.12942217800008,19.22442302100006,0 73.12949110000005,19.22476835100002,0 73.12908360800003,19.22471249100005,0 73.12828037800006,19.22458692400005,0 73.12796131000005,19.22453661100008,0 73.12768250100004,19.22449298400005,0 73.12718259700006,19.22441965500008,0 73.12709100000006,19.22440050000006,0 73.12672667500004,19.22410927500005,0 73.12657471700004,19.22400074400002,0 73.12612240800007,19.22367580500003,0 73.12604158600004,19.22364169800005,0 73.12565900000004,19.22352000100005,0 73.12506585100004,19.22352865000005,0 73.12483613900008,19.22357858200007,0 73.12474914200004,19.22359852700004,0 73.12438550000007,19.22368100000006,0 73.12245255300007,19.22372113000006,0 73.12233074200003,19.22361680000006,0 73.12214837600004,19.22344589200003,0 73.12198328400007,19.22329229100006,0 73.12176833300003,19.22308900000007,0 73.12165596400007,19.22277874900004,0 73.12161042000008,19.22263382100005,0 73.12148724900004,19.22211903700003,0 73.12145735300004,19.22193841100005,0 73.12145134300005,19.22172309500007,0 73.12233145300007,19.22116823200003,0 73.12349773900007,19.22115762800007,0 73.12412203500008,19.22130630300006,0 73.12434828600004,19.22130667400006,0 73.12462786300006,19.22130304500007,0 73.12477301200005,19.22129412700008,0 73.12498692200006,19.22148578400004,0 73.12545197200006,19.22117182600005,0 73.12584663000007,19.22090360600004,0 73.12603487600006,19.22099456500007,0 73.12661182000005,19.22073196500003,0 73.12683570700005,19.22067164100002,0 73.12709782400003,19.22059317300005,0 73.12723972200007,19.22041069000005,0 73.12721021900006,19.22031441400003,0 73.12723681300008,19.22018623600008,0 73.12730778200006,19.22002176300003,0 73.12769880100007,19.21983666800003,0 73.12799054100003,19.21970626900003,0 73.12834950000007,19.21950747700004,0 73.12860721700008,19.21926687300004,0 73.12875410900006,19.21926165200006,0 73.12907369500005,19.21884124800005,0 73.12927348500006,19.21856191700005,0 73.12968913600008,19.21835739600004,0 73.13057975600003,19.21733430000006,0 73.13064714600006,19.21688700300007,0 73.13175349300008,19.21630880000004,0 73.13329063000003,19.21551358100004,0 73.13301659900003,19.21733094700005,0 73.13299367700006,19.21746274300006,0 73.13290171800008,19.21798130500002,0 73.13285491000005,19.21819050900007,0 73.13269366800006,19.21872589100008,0 73.13263749500004,19.21891522700003,0 73.13243541100007,19.21958277700003,0 73.13237973200006,19.21966072400005,0 73.13235559100008,19.21978116100007,0 73.13232765000004,19.22005587100006,0 73.13224645600008,19.22020465600008,0 73.13218610000007,19.22012550000005,0 73.13185000000004,19.22011300000003,0 73.13135200000005,19.22016400000007,0 73.13083957600003,19.22014182000004,0 73.13070780600003,19.22031132700005,0 73.12914525000008,19.22060175100006,0 73.12925800000005,19.22069400100003,0 73.12927500000006,19.22082350000005,0 73.12913100100008,19.22132750000003,0 73.12904633400007,19.22143566600005,0 73.12898466700005,19.22151400000007,0 73.12863638800007,19.22210420600004,0 73.12857800000006,19.22220400000003,0 73.12827466700008,19.22283233300004,0 73.12821233400007,19.22316400000005,0 73.12854566600004,19.22330100000005,0 73.12845300000004,19.22351600000008,0 73.12866825000003,19.22363250000007,0 73.12908900000008,19.22385350000008,0 73.12920200000008,19.22367600000007,0 73.12978335700006,19.22363264400008,0 73.12970922100004,19.22386774600005,0 
						</coordinates>
					</LinearRing>
				</outerBoundaryIs>
			</Polygon>
		</Placemark>
	</Document>
	<Document>
		<name>Ward no.88.kml</name>
		<StyleMap id="m_ylw-pushpin86">
			<Pair>
				<key>normal</key>
				<styleUrl>#s_ylw-pushpin86</styleUrl>
			</Pair>
			<Pair>
				<key>highlight</key>
				<styleUrl>#s_ylw-pushpin_hl86</styleUrl>
			</Pair>
		</StyleMap>
		<Style id="s_ylw-pushpin86">
			<IconStyle>
				<scale>1.1</scale>
				<Icon>
					<href>https://maps.google.com/mapfiles/kml/pushpin/ylw-pushpin.png</href>
				</Icon>
				<hotSpot x="20" y="2" xunits="pixels" yunits="pixels"/>
			</IconStyle>
			<LineStyle>
				<color>ffffff55</color>
				<width>3</width>
			</LineStyle>
			<PolyStyle>
				<fill>0</fill>
			</PolyStyle>
		</Style>
		<Style id="s_ylw-pushpin_hl86">
			<IconStyle>
				<scale>1.3</scale>
				<Icon>
					<href>https://maps.google.com/mapfiles/kml/pushpin/ylw-pushpin.png</href>
				</Icon>
				<hotSpot x="20" y="2" xunits="pixels" yunits="pixels"/>
			</IconStyle>
			<LineStyle>
				<color>ffffff55</color>
				<width>3</width>
			</LineStyle>
			<PolyStyle>
				<fill>0</fill>
			</PolyStyle>
		</Style>
		<Placemark>
			<name>Ward no.88.kml</name>
			<styleUrl>#m_ylw-pushpin86</styleUrl>
			<Polygon>
				<tessellate>1</tessellate>
				<outerBoundaryIs>
					<LinearRing>
						<coordinates>
							73.13248003500007,19.22366910100004,0 73.13248379600003,19.22395722300007,0 73.13242636200005,19.22409759100003,0 73.13221780000003,19.22462350000006,0 73.13222896500008,19.22492128200003,0 73.13204003100003,19.22492652600005,0 73.13157121300003,19.22490549300005,0 73.13140588700003,19.22489876700007,0 73.13089817500008,19.22487462100003,0 73.13020505900005,19.22483379900007,0 73.13000478200007,19.22481505900004,0 73.12949110000005,19.22476835100002,0 73.12942217800008,19.22442302100006,0 73.12939965100003,19.22428765000007,0 73.12961215000007,19.22410665000007,0 73.12970922100004,19.22386774600005,0 73.12978335700006,19.22363264400008,0 73.12920200000008,19.22367600000007,0 73.12908900000008,19.22385350000008,0 73.12866825000003,19.22363250000007,0 73.12845300000004,19.22351600000008,0 73.12854566600004,19.22330100000005,0 73.12821233400007,19.22316400000005,0 73.12827466700008,19.22283233300004,0 73.12857800000006,19.22220400000003,0 73.12863638800007,19.22210420600004,0 73.12898466700005,19.22151400000007,0 73.12904633400007,19.22143566600005,0 73.12913100100008,19.22132750000003,0 73.12927500000006,19.22082350000005,0 73.12925800000005,19.22069400100003,0 73.12914525000008,19.22060175100006,0 73.13070780600003,19.22031132700005,0 73.13083957600003,19.22014182000004,0 73.13135200000005,19.22016400000007,0 73.13185000000004,19.22011300000003,0 73.13218610000007,19.22012550000005,0 73.13224645600008,19.22020465600008,0 73.13250666700003,19.22173056700007,0 73.13227943300006,19.22204033300005,0 73.13220665000006,19.22227550000002,0 73.13218126700008,19.22246844200004,0 73.13217320600006,19.22258475500007,0 73.13217345500004,19.22287768500007,0 73.13242446800007,19.22350204800006,0 73.13248003500007,19.22366910100004,0 
						</coordinates>
					</LinearRing>
				</outerBoundaryIs>
			</Polygon>
		</Placemark>
	</Document>
	<Document>
		<name>Ward no.89.kml</name>
		<StyleMap id="m_ylw-pushpin87">
			<Pair>
				<key>normal</key>
				<styleUrl>#s_ylw-pushpin87</styleUrl>
			</Pair>
			<Pair>
				<key>highlight</key>
				<styleUrl>#s_ylw-pushpin_hl87</styleUrl>
			</Pair>
		</StyleMap>
		<Style id="s_ylw-pushpin87">
			<IconStyle>
				<scale>1.1</scale>
				<Icon>
					<href>https://maps.google.com/mapfiles/kml/pushpin/ylw-pushpin.png</href>
				</Icon>
				<hotSpot x="20" y="2" xunits="pixels" yunits="pixels"/>
			</IconStyle>
			<LineStyle>
				<color>ffffff55</color>
				<width>3</width>
			</LineStyle>
			<PolyStyle>
				<fill>0</fill>
			</PolyStyle>
		</Style>
		<Style id="s_ylw-pushpin_hl87">
			<IconStyle>
				<scale>1.3</scale>
				<Icon>
					<href>https://maps.google.com/mapfiles/kml/pushpin/ylw-pushpin.png</href>
				</Icon>
				<hotSpot x="20" y="2" xunits="pixels" yunits="pixels"/>
			</IconStyle>
			<LineStyle>
				<color>ffffff55</color>
				<width>3</width>
			</LineStyle>
			<PolyStyle>
				<fill>0</fill>
			</PolyStyle>
		</Style>
		<Placemark>
			<name>Ward no.89.kml</name>
			<styleUrl>#m_ylw-pushpin87</styleUrl>
			<Polygon>
				<tessellate>1</tessellate>
				<outerBoundaryIs>
					<LinearRing>
						<coordinates>
							73.13320213400004,19.22693073300007,0 73.13321440300007,19.22713703200003,0 73.13322915100008,19.22733609200003,0 73.13344072400008,19.22781985800003,0 73.13347350000004,19.22789800000004,0 73.13351550000004,19.22832750000003,0 73.13354772500003,19.22859576200005,0 73.13359246200008,19.22909574900007,0 73.13361555500006,19.22932193200006,0 73.13366298300008,19.22986776700003,0 73.13316196300008,19.22993182200003,0 73.13300400000003,19.22995200000003,0 73.13266008600004,19.22996674400002,0 73.13244300000008,19.22997700000008,0 73.13233000000008,19.22999500000003,0 73.13224700000006,19.23002000000003,0 73.13184900000005,19.23001650000003,0 73.13130900000004,19.22999500000003,0 73.13133000000005,19.22972200000004,0 73.13126085800008,19.22944293600006,0 73.13120860700008,19.22917563900006,0 73.13114785100004,19.22886088300004,0 73.13108300000005,19.22852600000005,0 73.13122800000008,19.22848600000003,0 73.13123900000005,19.22832900000003,0 73.13117982500006,19.22823390000008,0 73.13129221000008,19.22770600700005,0 73.13112941700007,19.22769008800003,0 73.13070310600006,19.22766149400007,0 73.13022699600003,19.22736238900006,0 73.12976430000003,19.22705515000007,0 73.12983053600004,19.22664663400008,0 73.12986240500004,19.22645653000006,0 73.12991597500007,19.22616846400007,0 73.13005802000004,19.22556223100003,0 73.13011180200004,19.22530936700002,0 73.13020505900005,19.22483379900007,0 73.13089817500008,19.22487462100003,0 73.13140588700003,19.22489876700007,0 73.13157121300003,19.22490549300005,0 73.13204003100003,19.22492652600005,0 73.13222896500008,19.22492128200003,0 73.13281664100003,19.22487370200003,0 73.13298996300006,19.22486576100005,0 73.13304700000003,19.22541250000006,0 73.13280500000008,19.22544200000004,0 73.13272500000005,19.22560900000008,0 73.13236300000005,19.22559900000005,0 73.13238100000007,19.22604900000005,0 73.13250500000004,19.22619100000003,0 73.13261200000005,19.22641900000008,0 73.13265000000007,19.22662200000008,0 73.13316434500007,19.22649482600008,0 73.13320213400004,19.22693073300007,0 
						</coordinates>
					</LinearRing>
				</outerBoundaryIs>
			</Polygon>
		</Placemark>
	</Document>
	<Document>
		<name>Ward no.90.kml</name>
		<StyleMap id="m_ylw-pushpin88">
			<Pair>
				<key>normal</key>
				<styleUrl>#s_ylw-pushpin88</styleUrl>
			</Pair>
			<Pair>
				<key>highlight</key>
				<styleUrl>#s_ylw-pushpin_hl88</styleUrl>
			</Pair>
		</StyleMap>
		<Style id="s_ylw-pushpin88">
			<IconStyle>
				<scale>1.1</scale>
				<Icon>
					<href>https://maps.google.com/mapfiles/kml/pushpin/ylw-pushpin.png</href>
				</Icon>
				<hotSpot x="20" y="2" xunits="pixels" yunits="pixels"/>
			</IconStyle>
			<LineStyle>
				<color>ffffff55</color>
				<width>3</width>
			</LineStyle>
			<PolyStyle>
				<fill>0</fill>
			</PolyStyle>
		</Style>
		<Style id="s_ylw-pushpin_hl88">
			<IconStyle>
				<scale>1.3</scale>
				<Icon>
					<href>https://maps.google.com/mapfiles/kml/pushpin/ylw-pushpin.png</href>
				</Icon>
				<hotSpot x="20" y="2" xunits="pixels" yunits="pixels"/>
			</IconStyle>
			<LineStyle>
				<color>ffffff55</color>
				<width>3</width>
			</LineStyle>
			<PolyStyle>
				<fill>0</fill>
			</PolyStyle>
		</Style>
		<Placemark>
			<name>Ward no.90.kml</name>
			<styleUrl>#m_ylw-pushpin88</styleUrl>
			<Polygon>
				<tessellate>1</tessellate>
				<outerBoundaryIs>
					<LinearRing>
						<coordinates>
							73.13584900000006,19.22655550000008,0 73.13596258100006,19.22707237600002,0 73.13629336600007,19.22776035100003,0 73.13633000000004,19.22811600000006,0 73.13631621400003,19.22825160400004,0 73.13626300000004,19.22841600000004,0 73.13623961600007,19.22895427500004,0 73.13580853700006,19.22900285000003,0 73.13559534600006,19.22903193600007,0 73.13523378200006,19.22920766100003,0 73.13495267200005,19.22933620700007,0 73.13475132700006,19.22943176000007,0 73.13424896600003,19.22966978200003,0 73.13407564900007,19.22975526000005,0 73.13377584800008,19.22993324200007,0 73.13367515000004,19.22999355000007,0 73.13366298300008,19.22986776700003,0 73.13361555500006,19.22932193200006,0 73.13359246200008,19.22909574900007,0 73.13354772500003,19.22859576200005,0 73.13351550000004,19.22832750000003,0 73.13347350000004,19.22789800000004,0 73.13344072400008,19.22781985800003,0 73.13322915100008,19.22733609200003,0 73.13321440300007,19.22713703200003,0 73.13320213400004,19.22693073300007,0 73.13316434500007,19.22649482600008,0 73.13265000000007,19.22662200000008,0 73.13261200000005,19.22641900000008,0 73.13250500000004,19.22619100000003,0 73.13238100000007,19.22604900000005,0 73.13236300000005,19.22559900000005,0 73.13272500000005,19.22560900000008,0 73.13280500000008,19.22544200000004,0 73.13304700000003,19.22541250000006,0 73.13298996300006,19.22486576100005,0 73.13359087500004,19.22484387800006,0 73.13367168700006,19.22484522700006,0 73.13409259200006,19.22483364600004,0 73.13420651200005,19.22481344400006,0 73.13506081900005,19.22480937100005,0 73.13528098300003,19.22480591000004,0 73.13528900000006,19.22498600000006,0 73.13539100100007,19.22503900000004,0 73.13526800000005,19.22510200000005,0 73.13502600000004,19.22516300000007,0 73.13504500000005,19.22537100000005,0 73.13512000000003,19.22551500000003,0 73.13515652300003,19.22564706600002,0 73.13517097500005,19.22611215000006,0 73.13557900000006,19.22606000000008,0 73.13593525000005,19.22601600100006,0 73.13584900000006,19.22655550000008,0 
						</coordinates>
					</LinearRing>
				</outerBoundaryIs>
			</Polygon>
		</Placemark>
	</Document>
	<Document>
		<name>Ward no.91.kml</name>
		<StyleMap id="m_ylw-pushpin89">
			<Pair>
				<key>normal</key>
				<styleUrl>#s_ylw-pushpin89</styleUrl>
			</Pair>
			<Pair>
				<key>highlight</key>
				<styleUrl>#s_ylw-pushpin_hl89</styleUrl>
			</Pair>
		</StyleMap>
		<Style id="s_ylw-pushpin89">
			<IconStyle>
				<scale>1.1</scale>
				<Icon>
					<href>https://maps.google.com/mapfiles/kml/pushpin/ylw-pushpin.png</href>
				</Icon>
				<hotSpot x="20" y="2" xunits="pixels" yunits="pixels"/>
			</IconStyle>
			<LineStyle>
				<color>ffffff55</color>
				<width>3</width>
			</LineStyle>
			<PolyStyle>
				<fill>0</fill>
			</PolyStyle>
		</Style>
		<Style id="s_ylw-pushpin_hl89">
			<IconStyle>
				<scale>1.3</scale>
				<Icon>
					<href>https://maps.google.com/mapfiles/kml/pushpin/ylw-pushpin.png</href>
				</Icon>
				<hotSpot x="20" y="2" xunits="pixels" yunits="pixels"/>
			</IconStyle>
			<LineStyle>
				<color>ffffff55</color>
				<width>3</width>
			</LineStyle>
			<PolyStyle>
				<fill>0</fill>
			</PolyStyle>
		</Style>
		<Placemark>
			<name>Ward no.91.kml</name>
			<styleUrl>#m_ylw-pushpin89</styleUrl>
			<Polygon>
				<tessellate>1</tessellate>
				<outerBoundaryIs>
					<LinearRing>
						<coordinates>
							73.13987116500005,19.22642656600004,0 73.14007734300003,19.22676134900007,0 73.14029894500004,19.22712598100003,0 73.13981555800007,19.22767514000003,0 73.13971952200006,19.22778145000007,0 73.13903060000007,19.22855480000004,0 73.13806200000005,19.22931100000005,0 73.13773756300003,19.22965062300006,0 73.13751110200008,19.22988438200002,0 73.13722850900007,19.22952215700008,0 73.13704179300004,19.22927790400007,0 73.13678782300008,19.22907748400007,0 73.13623961600007,19.22895427500004,0 73.13626300000004,19.22841600000004,0 73.13631621400003,19.22825160400004,0 73.13633000000004,19.22811600000006,0 73.13629336600007,19.22776035100003,0 73.13596258100006,19.22707237600002,0 73.13584900000006,19.22655550000008,0 73.13593525000005,19.22601600100006,0 73.13557900000006,19.22606000000008,0 73.13517097500005,19.22611215000006,0 73.13515652300003,19.22564706600002,0 73.13512000000003,19.22551500000003,0 73.13504500000005,19.22537100000005,0 73.13502600000004,19.22516300000007,0 73.13526800000005,19.22510200000005,0 73.13539100100007,19.22503900000004,0 73.13528900000006,19.22498600000006,0 73.13528098300003,19.22480591000004,0 73.13590816600004,19.22480603400004,0 73.13599210900003,19.22481188500007,0 73.13640620400008,19.22484357400003,0 73.13730090300004,19.22496675200006,0 73.13759850500003,19.22500487600007,0 73.13785708800003,19.22505867400002,0 73.13818282800008,19.22512813800006,0 73.13862219200007,19.22523378300008,0 73.13919011400003,19.22557671100003,0 73.13926553100004,19.22562238100005,0 73.13957951300006,19.22604425800006,0 73.13987116500005,19.22642656600004,0 
						</coordinates>
					</LinearRing>
				</outerBoundaryIs>
			</Polygon>
		</Placemark>
	</Document>
	<Document>
		<name>Ward no.92.kml</name>
		<StyleMap id="m_ylw-pushpin90">
			<Pair>
				<key>normal</key>
				<styleUrl>#s_ylw-pushpin90</styleUrl>
			</Pair>
			<Pair>
				<key>highlight</key>
				<styleUrl>#s_ylw-pushpin_hl90</styleUrl>
			</Pair>
		</StyleMap>
		<Style id="s_ylw-pushpin90">
			<IconStyle>
				<scale>1.1</scale>
				<Icon>
					<href>https://maps.google.com/mapfiles/kml/pushpin/ylw-pushpin.png</href>
				</Icon>
				<hotSpot x="20" y="2" xunits="pixels" yunits="pixels"/>
			</IconStyle>
			<LineStyle>
				<color>ffffff55</color>
				<width>3</width>
			</LineStyle>
			<PolyStyle>
				<fill>0</fill>
			</PolyStyle>
		</Style>
		<Style id="s_ylw-pushpin_hl90">
			<IconStyle>
				<scale>1.3</scale>
				<Icon>
					<href>https://maps.google.com/mapfiles/kml/pushpin/ylw-pushpin.png</href>
				</Icon>
				<hotSpot x="20" y="2" xunits="pixels" yunits="pixels"/>
			</IconStyle>
			<LineStyle>
				<color>ffffff55</color>
				<width>3</width>
			</LineStyle>
			<PolyStyle>
				<fill>0</fill>
			</PolyStyle>
		</Style>
		<Placemark>
			<name>Ward no.92.kml</name>
			<styleUrl>#m_ylw-pushpin90</styleUrl>
			<Polygon>
				<tessellate>1</tessellate>
				<outerBoundaryIs>
					<LinearRing>
						<coordinates>
							73.14102062800004,19.23114932900006,0 73.14111407400003,19.23189435700004,0 73.14114057200004,19.23218304800002,0 73.14115200000003,19.23228850100003,0 73.14088155300004,19.23268242500006,0 73.14076041400006,19.23349976900005,0 73.13995557500004,19.23357903100003,0 73.13793528200006,19.23357945100003,0 73.13758096000004,19.23358325400005,0 73.13717337500003,19.23358620800008,0 73.13567965200008,19.23358936500006,0 73.13521972500007,19.23359655900003,0 73.13566401100007,19.23269653000006,0 73.13587982800004,19.23244165100005,0 73.13651298500008,19.23173361900007,0 73.13655351500006,19.23148957600006,0 73.13657039300006,19.23140207800003,0 73.13664825100005,19.23127860100004,0 73.13680816700008,19.23100104300005,0 73.13699812900006,19.23066015700005,0 73.13705915100007,19.23054706900007,0 73.13722226200008,19.23023610300004,0 73.13734961500006,19.23006899800004,0 73.13751110200008,19.22988438200002,0 73.13773756300003,19.22965062300006,0 73.13832000000008,19.22995700000007,0 73.13863433300008,19.23010335000004,0 73.13893645100006,19.23024337400005,0 73.13918458300003,19.23036892800008,0 73.13942993800003,19.23048611200005,0 73.13981814500005,19.23067257400004,0 73.14020800000003,19.22991400000007,0 73.14050900000007,19.23003800000004,0 73.14056000000005,19.22981300000004,0 73.14085376500003,19.22988011800004,0 73.14083836000003,19.22999329400005,0 73.14070342500008,19.23014391700008,0 73.14088400000003,19.23030900000003,0 73.14087100000006,19.23053000000004,0 73.14102062800004,19.23114932900006,0 
						</coordinates>
					</LinearRing>
				</outerBoundaryIs>
			</Polygon>
		</Placemark>
	</Document>
	<Document>
		<name>Ward no.93.kml</name>
		<StyleMap id="m_ylw-pushpin91">
			<Pair>
				<key>normal</key>
				<styleUrl>#s_ylw-pushpin91</styleUrl>
			</Pair>
			<Pair>
				<key>highlight</key>
				<styleUrl>#s_ylw-pushpin_hl91</styleUrl>
			</Pair>
		</StyleMap>
		<Style id="s_ylw-pushpin91">
			<IconStyle>
				<scale>1.1</scale>
				<Icon>
					<href>https://maps.google.com/mapfiles/kml/pushpin/ylw-pushpin.png</href>
				</Icon>
				<hotSpot x="20" y="2" xunits="pixels" yunits="pixels"/>
			</IconStyle>
			<LineStyle>
				<color>ffffff55</color>
				<width>3</width>
			</LineStyle>
			<PolyStyle>
				<fill>0</fill>
			</PolyStyle>
		</Style>
		<Style id="s_ylw-pushpin_hl91">
			<IconStyle>
				<scale>1.3</scale>
				<Icon>
					<href>https://maps.google.com/mapfiles/kml/pushpin/ylw-pushpin.png</href>
				</Icon>
				<hotSpot x="20" y="2" xunits="pixels" yunits="pixels"/>
			</IconStyle>
			<LineStyle>
				<color>ffffff55</color>
				<width>3</width>
			</LineStyle>
			<PolyStyle>
				<fill>0</fill>
			</PolyStyle>
		</Style>
		<Placemark>
			<name>Ward no.93.kml</name>
			<styleUrl>#m_ylw-pushpin91</styleUrl>
			<Polygon>
				<tessellate>1</tessellate>
				<outerBoundaryIs>
					<LinearRing>
						<coordinates>
							73.14326083400005,19.22989590000003,0 73.14329000000004,19.23011200000008,0 73.14331262000007,19.23036569900006,0 73.14275137800007,19.23046154000002,0 73.14250331500006,19.23050281100007,0 73.14226827200008,19.23053652500005,0 73.14196146600005,19.23058820100005,0 73.14166120200008,19.23065910100007,0 73.14140756700004,19.23090542500006,0 73.14122950100005,19.23107500000003,0 73.14102062800004,19.23114932900006,0 73.14087100000006,19.23053000000004,0 73.14088400000003,19.23030900000003,0 73.14070342500008,19.23014391700008,0 73.14083836000003,19.22999329400005,0 73.14085376500003,19.22988011800004,0 73.14056000000005,19.22981300000004,0 73.14050900000007,19.23003800000004,0 73.14020800000003,19.22991400000007,0 73.13981814500005,19.23067257400004,0 73.13942993800003,19.23048611200005,0 73.13918458300003,19.23036892800008,0 73.13893645100006,19.23024337400005,0 73.13863433300008,19.23010335000004,0 73.13832000000008,19.22995700000007,0 73.13773756300003,19.22965062300006,0 73.13806200000005,19.22931100000005,0 73.13903060000007,19.22855480000004,0 73.13971952200006,19.22778145000007,0 73.13981555800007,19.22767514000003,0 73.14029894500004,19.22712598100003,0 73.14067500000004,19.22744200000005,0 73.14093416300005,19.22757117600003,0 73.14105983400003,19.22765667500005,0 73.14146944200007,19.22793712300006,0 73.14165929900008,19.22806651600007,0 73.14230338600004,19.22851770900007,0 73.14266800000007,19.22877500000004,0 73.14296540800007,19.22883301900004,0 73.14292300000005,19.22907600000008,0 73.14284433300008,19.22954733300003,0 73.14308800000003,19.22959100000003,0 73.14307600000006,19.22968600000007,0 73.14323600000006,19.22970600000008,0 73.14326083400005,19.22989590000003,0 
						</coordinates>
					</LinearRing>
				</outerBoundaryIs>
			</Polygon>
		</Placemark>
	</Document>
	<Document>
		<name>Ward no.94.kml</name>
		<StyleMap id="m_ylw-pushpin92">
			<Pair>
				<key>normal</key>
				<styleUrl>#s_ylw-pushpin92</styleUrl>
			</Pair>
			<Pair>
				<key>highlight</key>
				<styleUrl>#s_ylw-pushpin_hl92</styleUrl>
			</Pair>
		</StyleMap>
		<Style id="s_ylw-pushpin92">
			<IconStyle>
				<scale>1.1</scale>
				<Icon>
					<href>https://maps.google.com/mapfiles/kml/pushpin/ylw-pushpin.png</href>
				</Icon>
				<hotSpot x="20" y="2" xunits="pixels" yunits="pixels"/>
			</IconStyle>
			<LineStyle>
				<color>ffffff55</color>
				<width>3</width>
			</LineStyle>
			<PolyStyle>
				<fill>0</fill>
			</PolyStyle>
		</Style>
		<Style id="s_ylw-pushpin_hl92">
			<IconStyle>
				<scale>1.3</scale>
				<Icon>
					<href>https://maps.google.com/mapfiles/kml/pushpin/ylw-pushpin.png</href>
				</Icon>
				<hotSpot x="20" y="2" xunits="pixels" yunits="pixels"/>
			</IconStyle>
			<LineStyle>
				<color>ffffff55</color>
				<width>3</width>
			</LineStyle>
			<PolyStyle>
				<fill>0</fill>
			</PolyStyle>
		</Style>
		<Placemark>
			<name>Ward no.94.kml</name>
			<styleUrl>#m_ylw-pushpin92</styleUrl>
			<Polygon>
				<tessellate>1</tessellate>
				<outerBoundaryIs>
					<LinearRing>
						<coordinates>
							73.14088155300004,19.23268242500006,0 73.14115200000003,19.23228850100003,0 73.14114057200004,19.23218304800002,0 73.14111407400003,19.23189435700004,0 73.14102062800004,19.23114932900006,0 73.14122950100005,19.23107500000003,0 73.14140756700004,19.23090542500006,0 73.14166120200008,19.23065910100007,0 73.14196146600005,19.23058820100005,0 73.14226827200008,19.23053652500005,0 73.14250331500006,19.23050281100007,0 73.14275137800007,19.23046154000002,0 73.14331262000007,19.23036569900006,0 73.14329000000004,19.23011200000008,0 73.14326083400005,19.22989590000003,0 73.14323600000006,19.22970600000008,0 73.14307600000006,19.22968600000007,0 73.14308800000003,19.22959100000003,0 73.14284433300008,19.22954733300003,0 73.14292300000005,19.22907600000008,0 73.14296540800007,19.22883301900004,0 73.14332240000005,19.22890032200007,0 73.14377603400004,19.22898683600005,0 73.14406392800004,19.22904034600003,0 73.14433237700007,19.22909275500007,0 73.14517461900004,19.22936134400004,0 73.14581958100007,19.22946896200006,0 73.14601598700006,19.22962502000007,0 73.14639019600008,19.22967526200006,0 73.14680735500008,19.22964938800004,0 73.14715214700004,19.22986160900007,0 73.14654400000006,19.23033400000003,0 73.14621400000004,19.23060000000004,0 73.14538817800008,19.23129581600006,0 73.14521692600005,19.23143471500003,0 73.14453859100007,19.23196952600006,0 73.14452426500003,19.23182896000003,0 73.14381000000003,19.23195800000008,0 73.14333800000003,19.23209700000007,0 73.14245216900008,19.23232461200007,0 73.14195200000006,19.23245200000002,0 73.14189300000004,19.23257100000006,0 73.14180700000003,19.23267400000003,0 73.14148000000006,19.23265400000003,0 73.14088155300004,19.23268242500006,0 
						</coordinates>
					</LinearRing>
				</outerBoundaryIs>
			</Polygon>
		</Placemark>
	</Document>
	<Document>
		<name>Ward no.95.kml</name>
		<StyleMap id="m_ylw-pushpin93">
			<Pair>
				<key>normal</key>
				<styleUrl>#s_ylw-pushpin93</styleUrl>
			</Pair>
			<Pair>
				<key>highlight</key>
				<styleUrl>#s_ylw-pushpin_hl93</styleUrl>
			</Pair>
		</StyleMap>
		<Style id="s_ylw-pushpin93">
			<IconStyle>
				<scale>1.1</scale>
				<Icon>
					<href>https://maps.google.com/mapfiles/kml/pushpin/ylw-pushpin.png</href>
				</Icon>
				<hotSpot x="20" y="2" xunits="pixels" yunits="pixels"/>
			</IconStyle>
			<LineStyle>
				<color>ffffff55</color>
				<width>3</width>
			</LineStyle>
			<PolyStyle>
				<fill>0</fill>
			</PolyStyle>
		</Style>
		<Style id="s_ylw-pushpin_hl93">
			<IconStyle>
				<scale>1.3</scale>
				<Icon>
					<href>https://maps.google.com/mapfiles/kml/pushpin/ylw-pushpin.png</href>
				</Icon>
				<hotSpot x="20" y="2" xunits="pixels" yunits="pixels"/>
			</IconStyle>
			<LineStyle>
				<color>ffffff55</color>
				<width>3</width>
			</LineStyle>
			<PolyStyle>
				<fill>0</fill>
			</PolyStyle>
		</Style>
		<Placemark>
			<name>Ward no.95.kml</name>
			<styleUrl>#m_ylw-pushpin93</styleUrl>
			<Polygon>
				<tessellate>1</tessellate>
				<outerBoundaryIs>
					<LinearRing>
						<coordinates>
							73.14715214700004,19.22986160900007,0 73.14680735500008,19.22964938800004,0 73.14639019600008,19.22967526200006,0 73.14601598700006,19.22962502000007,0 73.14581958100007,19.22946896200006,0 73.14581930500003,19.22936914300004,0 73.14582950000005,19.22928700000006,0 73.14590230500005,19.22921079300005,0 73.14595900000006,19.22915400000005,0 73.14625355500004,19.22906665600004,0 73.14664168000007,19.22894706800003,0 73.14699900000005,19.22884300000004,0 73.14719806000005,19.22859745100004,0 73.14729400000004,19.22837900000008,0 73.14724065100006,19.22789586800008,0 73.14708637300004,19.22768136300005,0 73.14691765000003,19.22742445000006,0 73.14689460000005,19.22715930000004,0 73.14694092900004,19.22705990400004,0 73.14700019300005,19.22696170000006,0 73.14754320300005,19.22678178400003,0 73.14799596000006,19.22662919900006,0 73.14809102600003,19.22658676700007,0 73.14864240900005,19.22626848200002,0 73.14872089000005,19.22620965200002,0 73.14879618700007,19.22613022300004,0 73.14887993400004,19.22604178500006,0 73.14915135200005,19.22577403200006,0 73.14922733500003,19.22570695400003,0 73.15015551300007,19.22545628300003,0 73.15038200000004,19.22525400000006,0 73.15045294100008,19.22487540500003,0 73.15045467300007,19.22473578100005,0 73.15045949400007,19.22463704200004,0 73.15050785700004,19.22413163100003,0 73.15098814700008,19.22408636700004,0 73.15092652100003,19.22349787800005,0 73.15110214700007,19.22349700200005,0 73.15146529100008,19.22351492200005,0 73.15192540700008,19.22354358600006,0 73.15196800000007,19.22342450000008,0 73.15200950000008,19.22310500000003,0 73.15199436400007,19.22294060400003,0 73.15194397200008,19.22283937100008,0 73.15180764000007,19.22195090200006,0 73.15177660400008,19.22178453600003,0 73.15180476400008,19.22133338500004,0 73.15180743500008,19.22070998100003,0 73.15222165000006,19.22069440000007,0 73.15257200000008,19.22067700000002,0 73.15290606600007,19.22066137400003,0 73.15305800800007,19.22065577900003,0 73.15326000000005,19.22065000000004,0 73.15318500000006,19.22100400000005,0 73.15366170000004,19.22090425000005,0 73.15358500000008,19.22133700000006,0 73.15374200000008,19.22172900000004,0 73.15331900000007,19.22185500000006,0 73.15331900000007,19.22204200000004,0 73.15319000000005,19.22217200000006,0 73.15318100000007,19.22262200000006,0 73.15323000000006,19.22272900000007,0 73.15332700000005,19.22321700000003,0 73.15329200000008,19.22345200000007,0 73.15320100000008,19.22368600000004,0 73.15338200000008,19.22389600000003,0 73.15358550000008,19.22404050000006,0 73.15357100000006,19.22411900000003,0 73.15294735000003,19.22427305000002,0 73.15291900000005,19.22440300000005,0 73.15292500000004,19.22454500000004,0 73.15314200000006,19.22457100000003,0 73.15340200000003,19.22463600000003,0 73.15345300000007,19.22483400000004,0 73.15357100000006,19.22496500000005,0 73.15296200000006,19.22542900000008,0 73.15204700000004,19.22613500000006,0 73.15138200000007,19.22663700000004,0 73.15073300000006,19.22711800000008,0 73.14845300000007,19.22886000000005,0 73.14715214700004,19.22986160900007,0 
						</coordinates>
					</LinearRing>
				</outerBoundaryIs>
			</Polygon>
		</Placemark>
	</Document>
	<Document>
		<name>Ward no.96.kml</name>
		<StyleMap id="m_ylw-pushpin94">
			<Pair>
				<key>normal</key>
				<styleUrl>#s_ylw-pushpin94</styleUrl>
			</Pair>
			<Pair>
				<key>highlight</key>
				<styleUrl>#s_ylw-pushpin_hl94</styleUrl>
			</Pair>
		</StyleMap>
		<Style id="s_ylw-pushpin94">
			<IconStyle>
				<scale>1.1</scale>
				<Icon>
					<href>https://maps.google.com/mapfiles/kml/pushpin/ylw-pushpin.png</href>
				</Icon>
				<hotSpot x="20" y="2" xunits="pixels" yunits="pixels"/>
			</IconStyle>
			<LineStyle>
				<color>ffffff55</color>
				<width>3</width>
			</LineStyle>
			<PolyStyle>
				<fill>0</fill>
			</PolyStyle>
		</Style>
		<Style id="s_ylw-pushpin_hl94">
			<IconStyle>
				<scale>1.3</scale>
				<Icon>
					<href>https://maps.google.com/mapfiles/kml/pushpin/ylw-pushpin.png</href>
				</Icon>
				<hotSpot x="20" y="2" xunits="pixels" yunits="pixels"/>
			</IconStyle>
			<LineStyle>
				<color>ffffff55</color>
				<width>3</width>
			</LineStyle>
			<PolyStyle>
				<fill>0</fill>
			</PolyStyle>
		</Style>
		<Placemark>
			<name>Ward no.96.kml</name>
			<styleUrl>#m_ylw-pushpin94</styleUrl>
			<Polygon>
				<tessellate>1</tessellate>
				<outerBoundaryIs>
					<LinearRing>
						<coordinates>
							73.14694092900004,19.22705990400004,0 73.14689460000005,19.22715930000004,0 73.14691765000003,19.22742445000006,0 73.14708637300004,19.22768136300005,0 73.14724065100006,19.22789586800008,0 73.14729400000004,19.22837900000008,0 73.14719806000005,19.22859745100004,0 73.14699900000005,19.22884300000004,0 73.14664168000007,19.22894706800003,0 73.14625355500004,19.22906665600004,0 73.14595900000006,19.22915400000005,0 73.14590230500005,19.22921079300005,0 73.14582950000005,19.22928700000006,0 73.14581930500003,19.22936914300004,0 73.14581958100007,19.22946896200006,0 73.14517461900004,19.22936134400004,0 73.14433237700007,19.22909275500007,0 73.14406392800004,19.22904034600003,0 73.14377603400004,19.22898683600005,0 73.14332240000005,19.22890032200007,0 73.14345400000008,19.22848600000003,0 73.14348200000006,19.22816700000004,0 73.14353591300005,19.22778224900003,0 73.14358800000008,19.22743200000002,0 73.14373000000006,19.22705000000008,0 73.14381700000007,19.22700200000003,0 73.14396800000003,19.22701900000004,0 73.14400840500008,19.22680279900004,0 73.14418763400005,19.22691833000005,0 73.14432800000003,19.22669300000007,0 73.14459600000004,19.22660600000006,0 73.14465500000006,19.22631300000006,0 73.14462800000007,19.22608000000002,0 73.14473800000007,19.22598850000003,0 73.14481100000006,19.22582100000005,0 73.14507400000008,19.22575600000005,0 73.14521843100005,19.22572697900006,0 73.14549200000005,19.22567400000003,0 73.14598195100007,19.22572284900002,0 73.14612500000004,19.22510000000005,0 73.14618951100005,19.22495156200006,0 73.14629200000007,19.22472100000005,0 73.14630100000005,19.22463100000005,0 73.14626800000008,19.22454000000005,0 73.14605400000005,19.22440400000005,0 73.14601495000005,19.22433175100002,0 73.14593936100005,19.22412849800003,0 73.14619424600005,19.22397173700006,0 73.14643898200006,19.22384163400005,0 73.14696700000007,19.22385600000007,0 73.14726200000007,19.22416500000003,0 73.14741200000003,19.22427200000004,0 73.14786800000007,19.22443400000003,0 73.14818000000008,19.22472700000003,0 73.14808300000004,19.22476300000005,0 73.14829200000008,19.22511200000002,0 73.14857714500005,19.22525770700003,0 73.14883950000007,19.22535300000004,0 73.14915135200005,19.22577403200006,0 73.14887993400004,19.22604178500006,0 73.14879618700007,19.22613022300004,0 73.14872089000005,19.22620965200002,0 73.14864240900005,19.22626848200002,0 73.14809102600003,19.22658676700007,0 73.14799596000006,19.22662919900006,0 73.14754320300005,19.22678178400003,0 73.14700019300005,19.22696170000006,0 73.14694092900004,19.22705990400004,0 
						</coordinates>
					</LinearRing>
				</outerBoundaryIs>
			</Polygon>
		</Placemark>
	</Document>
	<Document>
		<name>Ward no.97.kml</name>
		<StyleMap id="m_ylw-pushpin95">
			<Pair>
				<key>normal</key>
				<styleUrl>#s_ylw-pushpin95</styleUrl>
			</Pair>
			<Pair>
				<key>highlight</key>
				<styleUrl>#s_ylw-pushpin_hl95</styleUrl>
			</Pair>
		</StyleMap>
		<Style id="s_ylw-pushpin95">
			<IconStyle>
				<scale>1.1</scale>
				<Icon>
					<href>https://maps.google.com/mapfiles/kml/pushpin/ylw-pushpin.png</href>
				</Icon>
				<hotSpot x="20" y="2" xunits="pixels" yunits="pixels"/>
			</IconStyle>
			<LineStyle>
				<color>ffffff55</color>
				<width>3</width>
			</LineStyle>
			<PolyStyle>
				<fill>0</fill>
			</PolyStyle>
		</Style>
		<Style id="s_ylw-pushpin_hl95">
			<IconStyle>
				<scale>1.3</scale>
				<Icon>
					<href>https://maps.google.com/mapfiles/kml/pushpin/ylw-pushpin.png</href>
				</Icon>
				<hotSpot x="20" y="2" xunits="pixels" yunits="pixels"/>
			</IconStyle>
			<LineStyle>
				<color>ffffff55</color>
				<width>3</width>
			</LineStyle>
			<PolyStyle>
				<fill>0</fill>
			</PolyStyle>
		</Style>
		<Placemark>
			<name>Ward no.97.kml</name>
			<styleUrl>#m_ylw-pushpin95</styleUrl>
			<Polygon>
				<tessellate>1</tessellate>
				<outerBoundaryIs>
					<LinearRing>
						<coordinates>
							73.14373000000006,19.22705000000008,0 73.14358800000008,19.22743200000002,0 73.14353591300005,19.22778224900003,0 73.14348200000006,19.22816700000004,0 73.14345400000008,19.22848600000003,0 73.14332240000005,19.22890032200007,0 73.14296540800007,19.22883301900004,0 73.14266800000007,19.22877500000004,0 73.14230338600004,19.22851770900007,0 73.14165929900008,19.22806651600007,0 73.14146944200007,19.22793712300006,0 73.14105983400003,19.22765667500005,0 73.14093416300005,19.22757117600003,0 73.14067500000004,19.22744200000005,0 73.14029894500004,19.22712598100003,0 73.14057364600006,19.22668237800008,0 73.14073923300003,19.22642400000007,0 73.14076499500004,19.22634722800007,0 73.14083535000003,19.22613600000005,0 73.14084201000003,19.22581976800007,0 73.14085883400008,19.22548560000007,0 73.14095492000007,19.22515440000007,0 73.14100836500006,19.22500581500003,0 73.14106953200007,19.22485136900008,0 73.14115790600005,19.22466889900005,0 73.14126316700003,19.22446885600004,0 73.14163469100004,19.22451804300005,0 73.14185976400006,19.22454676100006,0 73.14203222900005,19.22456825200004,0 73.14223176900003,19.22459327600006,0 73.14262800000006,19.22464400000007,0 73.14292200000006,19.22473800000006,0 73.14309400000008,19.22454000000005,0 73.14312600000005,19.22442800000005,0 73.14345400000008,19.22414500000008,0 73.14357700000005,19.22409900000002,0 73.14377000000007,19.22403800000006,0 73.14402800000005,19.22404900000004,0 73.14426900000007,19.22419000000008,0 73.14424800000006,19.22436300000004,0 73.14477300000004,19.22451000000007,0 73.14494000000008,19.22467200000006,0 73.14505666700006,19.22444233400006,0 73.14559900000006,19.22525900000005,0 73.14565300000004,19.22552300000007,0 73.14553500000005,19.22555300000005,0 73.14549200000005,19.22567400000003,0 73.14521843100005,19.22572697900006,0 73.14507400000008,19.22575600000005,0 73.14481100000006,19.22582100000005,0 73.14473800000007,19.22598850000003,0 73.14462800000007,19.22608000000002,0 73.14465500000006,19.22631300000006,0 73.14459600000004,19.22660600000006,0 73.14432800000003,19.22669300000007,0 73.14418763400005,19.22691833000005,0 73.14400840500008,19.22680279900004,0 73.14396800000003,19.22701900000004,0 73.14381700000007,19.22700200000003,0 73.14373000000006,19.22705000000008,0 
						</coordinates>
					</LinearRing>
				</outerBoundaryIs>
			</Polygon>
		</Placemark>
	</Document>
	<Document>
		<name>Ward no.98.kml</name>
		<StyleMap id="m_ylw-pushpin96">
			<Pair>
				<key>normal</key>
				<styleUrl>#s_ylw-pushpin96</styleUrl>
			</Pair>
			<Pair>
				<key>highlight</key>
				<styleUrl>#s_ylw-pushpin_hl96</styleUrl>
			</Pair>
		</StyleMap>
		<Style id="s_ylw-pushpin96">
			<IconStyle>
				<scale>1.1</scale>
				<Icon>
					<href>https://maps.google.com/mapfiles/kml/pushpin/ylw-pushpin.png</href>
				</Icon>
				<hotSpot x="20" y="2" xunits="pixels" yunits="pixels"/>
			</IconStyle>
			<LineStyle>
				<color>ffffff55</color>
				<width>3</width>
			</LineStyle>
			<PolyStyle>
				<fill>0</fill>
			</PolyStyle>
		</Style>
		<Style id="s_ylw-pushpin_hl96">
			<IconStyle>
				<scale>1.3</scale>
				<Icon>
					<href>https://maps.google.com/mapfiles/kml/pushpin/ylw-pushpin.png</href>
				</Icon>
				<hotSpot x="20" y="2" xunits="pixels" yunits="pixels"/>
			</IconStyle>
			<LineStyle>
				<color>ffffff55</color>
				<width>3</width>
			</LineStyle>
			<PolyStyle>
				<fill>0</fill>
			</PolyStyle>
		</Style>
		<Placemark>
			<name>Ward no.98.kml</name>
			<styleUrl>#m_ylw-pushpin96</styleUrl>
			<Polygon>
				<tessellate>1</tessellate>
				<outerBoundaryIs>
					<LinearRing>
						<coordinates>
							73.14003061700004,19.22095074500004,0 73.14007600000008,19.22153333300003,0 73.14010561900005,19.22172273800004,0 73.14014052700003,19.22193062300005,0 73.14019985000004,19.22227920000006,0 73.14022798000008,19.22252616000003,0 73.14025698700004,19.22277728700004,0 73.14031505800006,19.22326565000003,0 73.14035774600006,19.22364959300006,0 73.14037661200007,19.22404979300006,0 73.14038400000004,19.22426050000007,0 73.14040309200004,19.22475996100008,0 73.14041500800005,19.22504093600003,0 73.14042404000008,19.22525199900002,0 73.14043770000006,19.22562265100004,0 73.14043332600005,19.22593800200008,0 73.14042985500004,19.22624401300004,0 73.14043070000008,19.22638040000004,0 73.14050988700006,19.22654846600005,0 73.14057364600006,19.22668237800008,0 73.14029894500004,19.22712598100003,0 73.14007734300003,19.22676134900007,0 73.13987116500005,19.22642656600004,0 73.13957951300006,19.22604425800006,0 73.13926553100004,19.22562238100005,0 73.13919011400003,19.22557671100003,0 73.13862219200007,19.22523378300008,0 73.13818282800008,19.22512813800006,0 73.13785708800003,19.22505867400002,0 73.13759850500003,19.22500487600007,0 73.13767900000005,19.22453000000007,0 73.13772934800005,19.22427419100006,0 73.13779400000004,19.22392700000006,0 73.13790100000006,19.22370400000006,0 73.13792300000006,19.22358800000006,0 73.13737217400006,19.22333994700006,0 73.13741181000006,19.22326769300003,0 73.13757544300006,19.22297128000002,0 73.13762912300007,19.22284379000007,0 73.13767665400007,19.22273004100003,0 73.13770765000004,19.22265100100003,0 73.13772785000003,19.22232130000003,0 73.13774780100005,19.22197220400005,0 73.13776625000008,19.22169595000003,0 73.13784332200004,19.22139176900004,0 73.13788036300008,19.22129182100002,0 73.13792574300004,19.22120254600003,0 73.13806825000006,19.22090425000005,0 73.13812950000005,19.22078050100004,0 73.13815155300006,19.22065965900003,0 73.13819256700003,19.22041946600007,0 73.13827550000008,19.22030850000004,0 73.13842353600006,19.21980973500007,0 73.13857236100006,19.21999464400005,0 73.13880084900006,19.22026870100007,0 73.13881848800008,19.22036322600008,0 73.13884436400008,19.22048789800004,0 73.13890700000007,19.22078100000005,0 73.13910323300007,19.22084434700003,0 73.13929600000006,19.22090600000007,0 73.13935601100007,19.22066022500007,0 73.13943000000006,19.22036100000003,0 73.13998912700004,19.22037189000002,0 73.14003061700004,19.22095074500004,0 
						</coordinates>
					</LinearRing>
				</outerBoundaryIs>
			</Polygon>
		</Placemark>
	</Document>
	<Document>
		<name>Ward no.99.kml</name>
		<StyleMap id="m_ylw-pushpin97">
			<Pair>
				<key>normal</key>
				<styleUrl>#s_ylw-pushpin97</styleUrl>
			</Pair>
			<Pair>
				<key>highlight</key>
				<styleUrl>#s_ylw-pushpin_hl97</styleUrl>
			</Pair>
		</StyleMap>
		<Style id="s_ylw-pushpin97">
			<IconStyle>
				<scale>1.1</scale>
				<Icon>
					<href>https://maps.google.com/mapfiles/kml/pushpin/ylw-pushpin.png</href>
				</Icon>
				<hotSpot x="20" y="2" xunits="pixels" yunits="pixels"/>
			</IconStyle>
			<LineStyle>
				<color>ffffff55</color>
				<width>3</width>
			</LineStyle>
			<PolyStyle>
				<fill>0</fill>
			</PolyStyle>
		</Style>
		<Style id="s_ylw-pushpin_hl97">
			<IconStyle>
				<scale>1.3</scale>
				<Icon>
					<href>https://maps.google.com/mapfiles/kml/pushpin/ylw-pushpin.png</href>
				</Icon>
				<hotSpot x="20" y="2" xunits="pixels" yunits="pixels"/>
			</IconStyle>
			<LineStyle>
				<color>ffffff55</color>
				<width>3</width>
			</LineStyle>
			<PolyStyle>
				<fill>0</fill>
			</PolyStyle>
		</Style>
		<Placemark>
			<name>Ward no.99.kml</name>
			<styleUrl>#m_ylw-pushpin97</styleUrl>
			<Polygon>
				<tessellate>1</tessellate>
				<outerBoundaryIs>
					<LinearRing>
						<coordinates>
							73.13819256700003,19.22041946600007,0 73.13815155300006,19.22065965900003,0 73.13812950000005,19.22078050100004,0 73.13806825000006,19.22090425000005,0 73.13792574300004,19.22120254600003,0 73.13788036300008,19.22129182100002,0 73.13784332200004,19.22139176900004,0 73.13776625000008,19.22169595000003,0 73.13774780100005,19.22197220400005,0 73.13772785000003,19.22232130000003,0 73.13770765000004,19.22265100100003,0 73.13767665400007,19.22273004100003,0 73.13762912300007,19.22284379000007,0 73.13757544300006,19.22297128000002,0 73.13741181000006,19.22326769300003,0 73.13737217400006,19.22333994700006,0 73.13792300000006,19.22358800000006,0 73.13790100000006,19.22370400000006,0 73.13779400000004,19.22392700000006,0 73.13772934800005,19.22427419100006,0 73.13767900000005,19.22453000000007,0 73.13759850500003,19.22500487600007,0 73.13730090300004,19.22496675200006,0 73.13640620400008,19.22484357400003,0 73.13599210900003,19.22481188500007,0 73.13590816600004,19.22480603400004,0 73.13594415100005,19.22442915000005,0 73.13591815000007,19.22418165000005,0 73.13586038300008,19.22406835000004,0 73.13581450000004,19.22393950000003,0 73.13571611200007,19.22384186000005,0 73.13557650000007,19.22371050000004,0 73.13528434000006,19.22352385000005,0 73.13478016300007,19.22350090800006,0 73.13479062300007,19.22280428400006,0 73.13480142200007,19.22249916600003,0 73.13480766900005,19.22228597500003,0 73.13481229600006,19.22186611600006,0 73.13481333400006,19.22175000000004,0 73.13457900000003,19.22156800000005,0 73.13454200000007,19.22116000000005,0 73.13442000000003,19.22105100000005,0 73.13460475000005,19.22055625000007,0 73.13442200000003,19.22049500000003,0 73.13439741700006,19.22007125100004,0 73.13459704700006,19.22012667900003,0 73.13596708700004,19.22030438800005,0 73.13636645300005,19.22035583900004,0 73.13646600000004,19.22036800000007,0 73.13645838300005,19.22003108600006,0 73.13696050100003,19.22004150000004,0 73.13739233400008,19.22012300000006,0 73.13819256700003,19.22041946600007,0 
						</coordinates>
					</LinearRing>
				</outerBoundaryIs>
			</Polygon>
		</Placemark>
	</Document>
	<Document>
		<name>Ward no.100.kml</name>
		<StyleMap id="m_ylw-pushpin98">
			<Pair>
				<key>normal</key>
				<styleUrl>#s_ylw-pushpin98</styleUrl>
			</Pair>
			<Pair>
				<key>highlight</key>
				<styleUrl>#s_ylw-pushpin_hl98</styleUrl>
			</Pair>
		</StyleMap>
		<Style id="s_ylw-pushpin98">
			<IconStyle>
				<scale>1.1</scale>
				<Icon>
					<href>https://maps.google.com/mapfiles/kml/pushpin/ylw-pushpin.png</href>
				</Icon>
				<hotSpot x="20" y="2" xunits="pixels" yunits="pixels"/>
			</IconStyle>
			<LineStyle>
				<color>ffffff55</color>
				<width>3</width>
			</LineStyle>
			<PolyStyle>
				<fill>0</fill>
			</PolyStyle>
		</Style>
		<Style id="s_ylw-pushpin_hl98">
			<IconStyle>
				<scale>1.3</scale>
				<Icon>
					<href>https://maps.google.com/mapfiles/kml/pushpin/ylw-pushpin.png</href>
				</Icon>
				<hotSpot x="20" y="2" xunits="pixels" yunits="pixels"/>
			</IconStyle>
			<LineStyle>
				<color>ffffff55</color>
				<width>3</width>
			</LineStyle>
			<PolyStyle>
				<fill>0</fill>
			</PolyStyle>
		</Style>
		<Placemark>
			<name>Ward no. 100</name>
			<styleUrl>#m_ylw-pushpin98</styleUrl>
			<Polygon>
				<tessellate>1</tessellate>
				<outerBoundaryIs>
					<LinearRing>
						<coordinates>
							73.13298996300006,19.22486576100005,0 73.13281664100003,19.22487370200003,0 73.13222896500008,19.22492128200003,0 73.13221780000003,19.22462350000006,0 73.13242636200005,19.22409759100003,0 73.13248379600003,19.22395722300007,0 73.13248003500007,19.22366910100004,0 73.13242446800007,19.22350204800006,0 73.13217345500004,19.22287768500007,0 73.13217320600006,19.22258475500007,0 73.13218126700008,19.22246844200004,0 73.13220665000006,19.22227550000002,0 73.13227943300006,19.22204033300005,0 73.13250666700003,19.22173056700007,0 73.13224645600008,19.22020465600008,0 73.13232765000004,19.22005587100006,0 73.13235559100008,19.21978116100007,0 73.13237973200006,19.21966072400005,0 73.13243541100007,19.21958277700003,0 73.13263749500004,19.21891522700003,0 73.13269366800006,19.21872589100008,0 73.13285491000005,19.21819050900007,0 73.13290171800008,19.21798130500002,0 73.13299367700006,19.21746274300006,0 73.13363750900004,19.21744895500007,0 73.13478491900008,19.21742858300007,0 73.13576316600006,19.21741565500003,0 73.13579337900006,19.21760014200004,0 73.13616880100005,19.21761517500005,0 73.13629918900006,19.21761295800008,0 73.13743216800003,19.21762565500006,0 73.13799919600007,19.21764874000007,0 73.13761220800006,19.21816252500003,0 73.13782184200005,19.21866439300004,0 73.13796829000006,19.21899876600003,0 73.13820319900003,19.21936256400005,0 73.13834491400007,19.21957007400005,0 73.13842353600006,19.21980973500007,0 73.13827550000008,19.22030850000004,0 73.13819256700003,19.22041946600007,0 73.13739233400008,19.22012300000006,0 73.13696050100003,19.22004150000004,0 73.13645838300005,19.22003108600006,0 73.13646600000004,19.22036800000007,0 73.13636645300005,19.22035583900004,0 73.13596708700004,19.22030438800005,0 73.13459704700006,19.22012667900003,0 73.13439741700006,19.22007125100004,0 73.13442200000003,19.22049500000003,0 73.13460475000005,19.22055625000007,0 73.13442000000003,19.22105100000005,0 73.13454200000007,19.22116000000005,0 73.13457900000003,19.22156800000005,0 73.13481333400006,19.22175000000004,0 73.13481229600006,19.22186611600006,0 73.13480766900005,19.22228597500003,0 73.13480142200007,19.22249916600003,0 73.13479062300007,19.22280428400006,0 73.13478016300007,19.22350090800006,0 73.13528434000006,19.22352385000005,0 73.13557650000007,19.22371050000004,0 73.13571611200007,19.22384186000005,0 73.13581450000004,19.22393950000003,0 73.13586038300008,19.22406835000004,0 73.13591815000007,19.22418165000005,0 73.13594415100005,19.22442915000005,0 73.13590816600004,19.22480603400004,0 73.13528098300003,19.22480591000004,0 73.13506081900005,19.22480937100005,0 73.13420651200005,19.22481344400006,0 73.13409259200006,19.22483364600004,0 73.13367168700006,19.22484522700006,0 73.13359087500004,19.22484387800006,0 73.13298996300006,19.22486576100005,0 
						</coordinates>
					</LinearRing>
				</outerBoundaryIs>
			</Polygon>
		</Placemark>
	</Document>
	<Document>
		<name>Ward no.101.kml</name>
		<StyleMap id="m_ylw-pushpin99">
			<Pair>
				<key>normal</key>
				<styleUrl>#s_ylw-pushpin99</styleUrl>
			</Pair>
			<Pair>
				<key>highlight</key>
				<styleUrl>#s_ylw-pushpin_hl99</styleUrl>
			</Pair>
		</StyleMap>
		<Style id="s_ylw-pushpin99">
			<IconStyle>
				<scale>1.1</scale>
				<Icon>
					<href>https://maps.google.com/mapfiles/kml/pushpin/ylw-pushpin.png</href>
				</Icon>
				<hotSpot x="20" y="2" xunits="pixels" yunits="pixels"/>
			</IconStyle>
			<LineStyle>
				<color>ffffff55</color>
				<width>3</width>
			</LineStyle>
			<PolyStyle>
				<fill>0</fill>
			</PolyStyle>
		</Style>
		<Style id="s_ylw-pushpin_hl99">
			<IconStyle>
				<scale>1.3</scale>
				<Icon>
					<href>https://maps.google.com/mapfiles/kml/pushpin/ylw-pushpin.png</href>
				</Icon>
				<hotSpot x="20" y="2" xunits="pixels" yunits="pixels"/>
			</IconStyle>
			<LineStyle>
				<color>ffffff55</color>
				<width>3</width>
			</LineStyle>
			<PolyStyle>
				<fill>0</fill>
			</PolyStyle>
		</Style>
		<Placemark>
			<name>Ward no.101.kml</name>
			<styleUrl>#m_ylw-pushpin99</styleUrl>
			<Polygon>
				<tessellate>1</tessellate>
				<outerBoundaryIs>
					<LinearRing>
						<coordinates>
							73.14422200000007,19.22049600000003,0 73.14330390000003,19.22064310000008,0 73.14340700000008,19.22102866700004,0 73.14291442000007,19.22109469500003,0 73.14226361600004,19.22118413100003,0 73.14200266700004,19.22122033300008,0 73.14171000000005,19.22148300000004,0 73.14170900000005,19.22172600000005,0 73.14148300000005,19.22214800000006,0 73.14130500000005,19.22216200000003,0 73.14115405200005,19.22225524400005,0 73.14111100000008,19.22233750100003,0 73.14105650100004,19.22251300000005,0 73.14108700000008,19.22272800000008,0 73.14113090200004,19.22291923300003,0 73.14128000000005,19.22297600000007,0 73.14145400000007,19.22298050100005,0 73.14154000000008,19.22300400000006,0 73.14161600000006,19.22308500000003,0 73.14165104000006,19.22326488000005,0 73.14164050000005,19.22344000100003,0 73.14158050000003,19.22366400100003,0 73.14149996200007,19.22387357900004,0 73.14130603300003,19.22436536600003,0 73.14126316700003,19.22446885600004,0 73.14115790600005,19.22466889900005,0 73.14106953200007,19.22485136900008,0 73.14100836500006,19.22500581500003,0 73.14095492000007,19.22515440000007,0 73.14085883400008,19.22548560000007,0 73.14084201000003,19.22581976800007,0 73.14083535000003,19.22613600000005,0 73.14076499500004,19.22634722800007,0 73.14073923300003,19.22642400000007,0 73.14057364600006,19.22668237800008,0 73.14050988700006,19.22654846600005,0 73.14043070000008,19.22638040000004,0 73.14042985500004,19.22624401300004,0 73.14043332600005,19.22593800200008,0 73.14043770000006,19.22562265100004,0 73.14042404000008,19.22525199900002,0 73.14041500800005,19.22504093600003,0 73.14040309200004,19.22475996100008,0 73.14038400000004,19.22426050000007,0 73.14037661200007,19.22404979300006,0 73.14035774600006,19.22364959300006,0 73.14031505800006,19.22326565000003,0 73.14025698700004,19.22277728700004,0 73.14022798000008,19.22252616000003,0 73.14019985000004,19.22227920000006,0 73.14014052700003,19.22193062300005,0 73.14010561900005,19.22172273800004,0 73.14007600000008,19.22153333300003,0 73.14003061700004,19.22095074500004,0 73.13998912700004,19.22037189000002,0 73.13943000000006,19.22036100000003,0 73.13935601100007,19.22066022500007,0 73.13929600000006,19.22090600000007,0 73.13910323300007,19.22084434700003,0 73.13890700000007,19.22078100000005,0 73.13884436400008,19.22048789800004,0 73.13881848800008,19.22036322600008,0 73.13880084900006,19.22026870100007,0 73.13910520200005,19.21966009500005,0 73.13957956500008,19.21878724700002,0 73.13976296200008,19.21844608800006,0 73.14003716700006,19.21791676400005,0 73.14037680400008,19.21764290900006,0 73.14043737900005,19.21722636100003,0 73.14151305400003,19.21725297300003,0 73.14198435800006,19.21725933600004,0 73.14219621700005,19.21727794700007,0 73.14241873500004,19.21730388100008,0 73.14258970000003,19.21732795100007,0 73.14420069300007,19.21714031600004,0 73.14412672900005,19.21776190000003,0 73.14400001800004,19.21864803700004,0 73.14397419900007,19.21877966600005,0 73.14491122500004,19.21951893900007,0 73.14535189500003,19.21987025900006,0 73.14541459600008,19.21993004500007,0 73.14620114700006,19.22082479700003,0 73.14537300000006,19.22084000000007,0 73.14526533300005,19.22057700000005,0 73.14515030000007,19.22031480000004,0 73.14422200000007,19.22049600000003,0 
						</coordinates>
					</LinearRing>
				</outerBoundaryIs>
			</Polygon>
		</Placemark>
	</Document>
	<Document>
		<name>Ward no.102.kml</name>
		<StyleMap id="m_ylw-pushpin100">
			<Pair>
				<key>normal</key>
				<styleUrl>#s_ylw-pushpin100</styleUrl>
			</Pair>
			<Pair>
				<key>highlight</key>
				<styleUrl>#s_ylw-pushpin_hl100</styleUrl>
			</Pair>
		</StyleMap>
		<Style id="s_ylw-pushpin100">
			<IconStyle>
				<scale>1.1</scale>
				<Icon>
					<href>https://maps.google.com/mapfiles/kml/pushpin/ylw-pushpin.png</href>
				</Icon>
				<hotSpot x="20" y="2" xunits="pixels" yunits="pixels"/>
			</IconStyle>
			<LineStyle>
				<color>ffffff55</color>
				<width>3</width>
			</LineStyle>
			<PolyStyle>
				<fill>0</fill>
			</PolyStyle>
		</Style>
		<Style id="s_ylw-pushpin_hl100">
			<IconStyle>
				<scale>1.3</scale>
				<Icon>
					<href>https://maps.google.com/mapfiles/kml/pushpin/ylw-pushpin.png</href>
				</Icon>
				<hotSpot x="20" y="2" xunits="pixels" yunits="pixels"/>
			</IconStyle>
			<LineStyle>
				<color>ffffff55</color>
				<width>3</width>
			</LineStyle>
			<PolyStyle>
				<fill>0</fill>
			</PolyStyle>
		</Style>
		<Placemark>
			<name>Ward no.102.kml</name>
			<styleUrl>#m_ylw-pushpin100</styleUrl>
			<Polygon>
				<tessellate>1</tessellate>
				<outerBoundaryIs>
					<LinearRing>
						<coordinates>
							73.14626800000008,19.22454000000005,0 73.14630100000005,19.22463100000005,0 73.14629200000007,19.22472100000005,0 73.14618951100005,19.22495156200006,0 73.14612500000004,19.22510000000005,0 73.14598195100007,19.22572284900002,0 73.14549200000005,19.22567400000003,0 73.14553500000005,19.22555300000005,0 73.14565300000004,19.22552300000007,0 73.14559900000006,19.22525900000005,0 73.14505666700006,19.22444233400006,0 73.14494000000008,19.22467200000006,0 73.14477300000004,19.22451000000007,0 73.14424800000006,19.22436300000004,0 73.14426900000007,19.22419000000008,0 73.14402800000005,19.22404900000004,0 73.14377000000007,19.22403800000006,0 73.14357700000005,19.22409900000002,0 73.14345400000008,19.22414500000008,0 73.14312600000005,19.22442800000005,0 73.14309400000008,19.22454000000005,0 73.14292200000006,19.22473800000006,0 73.14262800000006,19.22464400000007,0 73.14223176900003,19.22459327600006,0 73.14203222900005,19.22456825200004,0 73.14185976400006,19.22454676100006,0 73.14163469100004,19.22451804300005,0 73.14126316700003,19.22446885600004,0 73.14130603300003,19.22436536600003,0 73.14149996200007,19.22387357900004,0 73.14158050000003,19.22366400100003,0 73.14164050000005,19.22344000100003,0 73.14165104000006,19.22326488000005,0 73.14161600000006,19.22308500000003,0 73.14154000000008,19.22300400000006,0 73.14145400000007,19.22298050100005,0 73.14128000000005,19.22297600000007,0 73.14113090200004,19.22291923300003,0 73.14108700000008,19.22272800000008,0 73.14105650100004,19.22251300000005,0 73.14111100000008,19.22233750100003,0 73.14115405200005,19.22225524400005,0 73.14130500000005,19.22216200000003,0 73.14148300000005,19.22214800000006,0 73.14170900000005,19.22172600000005,0 73.14171000000005,19.22148300000004,0 73.14200266700004,19.22122033300008,0 73.14226361600004,19.22118413100003,0 73.14291442000007,19.22109469500003,0 73.14340700000008,19.22102866700004,0 73.14330390000003,19.22064310000008,0 73.14422200000007,19.22049600000003,0 73.14515030000007,19.22031480000004,0 73.14526533300005,19.22057700000005,0 73.14537300000006,19.22084000000007,0 73.14620114700006,19.22082479700003,0 73.14541459600008,19.21993004500007,0 73.14535189500003,19.21987025900006,0 73.14491122500004,19.21951893900007,0 73.14397419900007,19.21877966600005,0 73.14400001800004,19.21864803700004,0 73.14412672900005,19.21776190000003,0 73.14420069300007,19.21714031600004,0 73.14620125500005,19.21728097300007,0 73.14678053200004,19.21754762200004,0 73.14692330800005,19.21760896000006,0 73.14897506600005,19.21767377300006,0 73.14909702700004,19.21856056900003,0 73.14919907100006,19.21933922500006,0 73.14930160900008,19.21997640300003,0 73.14875120600004,19.22016924200005,0 73.14802776800008,19.22045280300006,0 73.14773152600003,19.22081991000005,0 73.14758392300007,19.22082217200006,0 73.14726204400006,19.22100112100003,0 73.14706997300004,19.22125826200005,0 73.14681483000004,19.22158999500005,0 73.14673777300004,19.22169558200005,0 73.14644935300004,19.22210358800004,0 73.14621584500003,19.22243290100005,0 73.14610779500003,19.22258347600007,0 73.14590300000003,19.22287250000005,0 73.14583930300006,19.22303152400008,0 73.14576600000004,19.22320300000007,0 73.14567000000005,19.22325200000006,0 73.14564000000007,19.22335300000003,0 73.14564300000006,19.22344800000008,0 73.14578240000003,19.22372685000005,0 73.14593936100005,19.22412849800003,0 73.14601495000005,19.22433175100002,0 73.14605400000005,19.22440400000005,0 73.14626800000008,19.22454000000005,0 
						</coordinates>
					</LinearRing>
				</outerBoundaryIs>
			</Polygon>
		</Placemark>
	</Document>
	<Document>
		<name>Ward no.103.kml</name>
		<StyleMap id="m_ylw-pushpin101">
			<Pair>
				<key>normal</key>
				<styleUrl>#s_ylw-pushpin101</styleUrl>
			</Pair>
			<Pair>
				<key>highlight</key>
				<styleUrl>#s_ylw-pushpin_hl101</styleUrl>
			</Pair>
		</StyleMap>
		<Style id="s_ylw-pushpin101">
			<IconStyle>
				<scale>1.1</scale>
				<Icon>
					<href>https://maps.google.com/mapfiles/kml/pushpin/ylw-pushpin.png</href>
				</Icon>
				<hotSpot x="20" y="2" xunits="pixels" yunits="pixels"/>
			</IconStyle>
			<LineStyle>
				<color>ffffff55</color>
				<width>3</width>
			</LineStyle>
			<PolyStyle>
				<fill>0</fill>
			</PolyStyle>
		</Style>
		<Style id="s_ylw-pushpin_hl101">
			<IconStyle>
				<scale>1.3</scale>
				<Icon>
					<href>https://maps.google.com/mapfiles/kml/pushpin/ylw-pushpin.png</href>
				</Icon>
				<hotSpot x="20" y="2" xunits="pixels" yunits="pixels"/>
			</IconStyle>
			<LineStyle>
				<color>ffffff55</color>
				<width>3</width>
			</LineStyle>
			<PolyStyle>
				<fill>0</fill>
			</PolyStyle>
		</Style>
		<Placemark>
			<name>Ward no.103.kml</name>
			<styleUrl>#m_ylw-pushpin101</styleUrl>
			<Polygon>
				<tessellate>1</tessellate>
				<outerBoundaryIs>
					<LinearRing>
						<coordinates>
							73.15098814700008,19.22408636700004,0 73.15050785700004,19.22413163100003,0 73.15045949400007,19.22463704200004,0 73.15045467300007,19.22473578100005,0 73.15045294100008,19.22487540500003,0 73.15038200000004,19.22525400000006,0 73.15015551300007,19.22545628300003,0 73.14922733500003,19.22570695400003,0 73.14915135200005,19.22577403200006,0 73.14883950000007,19.22535300000004,0 73.14857714500005,19.22525770700003,0 73.14829200000008,19.22511200000002,0 73.14808300000004,19.22476300000005,0 73.14818000000008,19.22472700000003,0 73.14786800000007,19.22443400000003,0 73.14741200000003,19.22427200000004,0 73.14726200000007,19.22416500000003,0 73.14696700000007,19.22385600000007,0 73.14643898200006,19.22384163400005,0 73.14619424600005,19.22397173700006,0 73.14593936100005,19.22412849800003,0 73.14578240000003,19.22372685000005,0 73.14564300000006,19.22344800000008,0 73.14564000000007,19.22335300000003,0 73.14567000000005,19.22325200000006,0 73.14576600000004,19.22320300000007,0 73.14583930300006,19.22303152400008,0 73.14590300000003,19.22287250000005,0 73.14610779500003,19.22258347600007,0 73.14621584500003,19.22243290100005,0 73.14644935300004,19.22210358800004,0 73.14673777300004,19.22169558200005,0 73.14681483000004,19.22158999500005,0 73.14706997300004,19.22125826200005,0 73.14726204400006,19.22100112100003,0 73.14758392300007,19.22082217200006,0 73.14773152600003,19.22081991000005,0 73.14787944600005,19.22091234800007,0 73.14799700000003,19.22098400000004,0 73.14827919100003,19.22111990500002,0 73.14854156800004,19.22124583000004,0 73.14869755600006,19.22131994700004,0 73.14883380700007,19.22138437500007,0 73.14956000000006,19.22172300000005,0 73.14997700000004,19.22179500000004,0 73.15015400000004,19.22248800000006,0 73.15033218600007,19.22267169400004,0 73.15054000000003,19.22288900000007,0 73.15091600000005,19.22337000000005,0 73.15092652100003,19.22349787800005,0 73.15098814700008,19.22408636700004,0 
						</coordinates>
					</LinearRing>
				</outerBoundaryIs>
			</Polygon>
		</Placemark>
	</Document>
	<Document>
		<name>Ward no.104.kml</name>
		<StyleMap id="m_ylw-pushpin102">
			<Pair>
				<key>normal</key>
				<styleUrl>#s_ylw-pushpin102</styleUrl>
			</Pair>
			<Pair>
				<key>highlight</key>
				<styleUrl>#s_ylw-pushpin_hl102</styleUrl>
			</Pair>
		</StyleMap>
		<Style id="s_ylw-pushpin102">
			<IconStyle>
				<scale>1.1</scale>
				<Icon>
					<href>https://maps.google.com/mapfiles/kml/pushpin/ylw-pushpin.png</href>
				</Icon>
				<hotSpot x="20" y="2" xunits="pixels" yunits="pixels"/>
			</IconStyle>
			<LineStyle>
				<color>ffffff55</color>
				<width>3</width>
			</LineStyle>
			<PolyStyle>
				<fill>0</fill>
			</PolyStyle>
		</Style>
		<Style id="s_ylw-pushpin_hl102">
			<IconStyle>
				<scale>1.3</scale>
				<Icon>
					<href>https://maps.google.com/mapfiles/kml/pushpin/ylw-pushpin.png</href>
				</Icon>
				<hotSpot x="20" y="2" xunits="pixels" yunits="pixels"/>
			</IconStyle>
			<LineStyle>
				<color>ffffff55</color>
				<width>3</width>
			</LineStyle>
			<PolyStyle>
				<fill>0</fill>
			</PolyStyle>
		</Style>
		<Placemark>
			<name>Ward no.104.kml</name>
			<styleUrl>#m_ylw-pushpin102</styleUrl>
			<Polygon>
				<tessellate>1</tessellate>
				<outerBoundaryIs>
					<LinearRing>
						<coordinates>
							73.15192540700008,19.22354358600006,0 73.15146529100008,19.22351492200005,0 73.15110214700007,19.22349700200005,0 73.15092652100003,19.22349787800005,0 73.15091600000005,19.22337000000005,0 73.15054000000003,19.22288900000007,0 73.15033218600007,19.22267169400004,0 73.15015400000004,19.22248800000006,0 73.14997700000004,19.22179500000004,0 73.14956000000006,19.22172300000005,0 73.14883380700007,19.22138437500007,0 73.14869755600006,19.22131994700004,0 73.14854156800004,19.22124583000004,0 73.14827919100003,19.22111990500002,0 73.14799700000003,19.22098400000004,0 73.14787944600005,19.22091234800007,0 73.14773152600003,19.22081991000005,0 73.14802776800008,19.22045280300006,0 73.14875120600004,19.22016924200005,0 73.14930160900008,19.21997640300003,0 73.14919907100006,19.21933922500006,0 73.14909702700004,19.21856056900003,0 73.14897506600005,19.21767377300006,0 73.15085413700007,19.21800922100005,0 73.15131825400005,19.21800483900006,0 73.15185122600008,19.21799691100006,0 73.15221100000008,19.21809000000008,0 73.15276300000005,19.21811500000007,0 73.15309600000006,19.21810000000005,0 73.15369900000007,19.21811000000002,0 73.15372100000008,19.21840800000007,0 73.15378000000004,19.21895800000004,0 73.15388400000006,19.22008110000007,0 73.15391200000005,19.22029500000008,0 73.15393100000006,19.22047900000007,0 73.15370200000007,19.22073300000005,0 73.15366170000004,19.22090425000005,0 73.15318500000006,19.22100400000005,0 73.15326000000005,19.22065000000004,0 73.15305800800007,19.22065577900003,0 73.15290606600007,19.22066137400003,0 73.15257200000008,19.22067700000002,0 73.15222165000006,19.22069440000007,0 73.15180743500008,19.22070998100003,0 73.15180476400008,19.22133338500004,0 73.15177660400008,19.22178453600003,0 73.15180764000007,19.22195090200006,0 73.15194397200008,19.22283937100008,0 73.15199436400007,19.22294060400003,0 73.15200950000008,19.22310500000003,0 73.15196800000007,19.22342450000008,0 73.15192540700008,19.22354358600006,0 
						</coordinates>
					</LinearRing>
				</outerBoundaryIs>
			</Polygon>
		</Placemark>
	</Document>
	<Document>
		<name>Ward no.105.kml</name>
		<StyleMap id="m_ylw-pushpin103">
			<Pair>
				<key>normal</key>
				<styleUrl>#s_ylw-pushpin103</styleUrl>
			</Pair>
			<Pair>
				<key>highlight</key>
				<styleUrl>#s_ylw-pushpin_hl103</styleUrl>
			</Pair>
		</StyleMap>
		<Style id="s_ylw-pushpin103">
			<IconStyle>
				<scale>1.1</scale>
				<Icon>
					<href>https://maps.google.com/mapfiles/kml/pushpin/ylw-pushpin.png</href>
				</Icon>
				<hotSpot x="20" y="2" xunits="pixels" yunits="pixels"/>
			</IconStyle>
			<LineStyle>
				<color>ffffff55</color>
				<width>3</width>
			</LineStyle>
			<PolyStyle>
				<fill>0</fill>
			</PolyStyle>
		</Style>
		<Style id="s_ylw-pushpin_hl103">
			<IconStyle>
				<scale>1.3</scale>
				<Icon>
					<href>https://maps.google.com/mapfiles/kml/pushpin/ylw-pushpin.png</href>
				</Icon>
				<hotSpot x="20" y="2" xunits="pixels" yunits="pixels"/>
			</IconStyle>
			<LineStyle>
				<color>ffffff55</color>
				<width>3</width>
			</LineStyle>
			<PolyStyle>
				<fill>0</fill>
			</PolyStyle>
		</Style>
		<Placemark>
			<name>Ward no.105.kml</name>
			<styleUrl>#m_ylw-pushpin103</styleUrl>
			<Polygon>
				<tessellate>1</tessellate>
				<outerBoundaryIs>
					<LinearRing>
						<coordinates>
							73.15185122600008,19.21799691100006,0 73.15131825400005,19.21800483900006,0 73.15085413700007,19.21800922100005,0 73.14897506600005,19.21767377300006,0 73.14692330800005,19.21760896000006,0 73.14678053200004,19.21754762200004,0 73.14620125500005,19.21728097300007,0 73.14420069300007,19.21714031600004,0 73.14258970000003,19.21732795100007,0 73.14241873500004,19.21730388100008,0 73.14219621700005,19.21727794700007,0 73.14198435800006,19.21725933600004,0 73.14192810800006,19.21633752000003,0 73.14190652800005,19.21592472500004,0 73.14177593100004,19.21306431100004,0 73.14654578100004,19.21300834900006,0 73.14665922900008,19.21492653300004,0 73.14959435700007,19.21396194900007,0 73.14798137000008,19.21201992600004,0 73.14813518400007,19.21108162000007,0 73.14947219100003,19.21099355300004,0 73.14956053000003,19.21098246700007,0 73.15223800000007,19.21050395700007,0 73.15236377700006,19.21308418000007,0 73.15219675700007,19.21510090300006,0 73.15185122600008,19.21799691100006,0 
						</coordinates>
					</LinearRing>
				</outerBoundaryIs>
			</Polygon>
		</Placemark>
	</Document>
	<Document>
		<name>Ward no.106.kml</name>
		<StyleMap id="m_ylw-pushpin104">
			<Pair>
				<key>normal</key>
				<styleUrl>#s_ylw-pushpin104</styleUrl>
			</Pair>
			<Pair>
				<key>highlight</key>
				<styleUrl>#s_ylw-pushpin_hl104</styleUrl>
			</Pair>
		</StyleMap>
		<Style id="s_ylw-pushpin104">
			<IconStyle>
				<scale>1.1</scale>
				<Icon>
					<href>https://maps.google.com/mapfiles/kml/pushpin/ylw-pushpin.png</href>
				</Icon>
				<hotSpot x="20" y="2" xunits="pixels" yunits="pixels"/>
			</IconStyle>
			<LineStyle>
				<color>ffffff55</color>
				<width>3</width>
			</LineStyle>
			<PolyStyle>
				<fill>0</fill>
			</PolyStyle>
		</Style>
		<Style id="s_ylw-pushpin_hl104">
			<IconStyle>
				<scale>1.3</scale>
				<Icon>
					<href>https://maps.google.com/mapfiles/kml/pushpin/ylw-pushpin.png</href>
				</Icon>
				<hotSpot x="20" y="2" xunits="pixels" yunits="pixels"/>
			</IconStyle>
			<LineStyle>
				<color>ffffff55</color>
				<width>3</width>
			</LineStyle>
			<PolyStyle>
				<fill>0</fill>
			</PolyStyle>
		</Style>
		<Placemark>
			<name>Ward no.106.kml</name>
			<styleUrl>#m_ylw-pushpin104</styleUrl>
			<Polygon>
				<tessellate>1</tessellate>
				<outerBoundaryIs>
					<LinearRing>
						<coordinates>
							73.14003716700006,19.21791676400005,0 73.13976296200008,19.21844608800006,0 73.13957956500008,19.21878724700002,0 73.13910520200005,19.21966009500005,0 73.13880084900006,19.22026870100007,0 73.13857236100006,19.21999464400005,0 73.13842353600006,19.21980973500007,0 73.13834491400007,19.21957007400005,0 73.13820319900003,19.21936256400005,0 73.13796829000006,19.21899876600003,0 73.13782184200005,19.21866439300004,0 73.13761220800006,19.21816252500003,0 73.13799919600007,19.21764874000007,0 73.13743216800003,19.21762565500006,0 73.13629918900006,19.21761295800008,0 73.13616880100005,19.21761517500005,0 73.13579337900006,19.21760014200004,0 73.13576316600006,19.21741565500003,0 73.13478491900008,19.21742858300007,0 73.13363750900004,19.21744895500007,0 73.13299367700006,19.21746274300006,0 73.13301659900003,19.21733094700005,0 73.13329063000003,19.21551358100004,0 73.13343601600008,19.21543878600005,0 73.13339540700008,19.21519750100003,0 73.13266726000006,19.21152054200007,0 73.13260620300008,19.21131281700008,0 73.13214776400008,19.20983859900002,0 73.13218899100008,19.20973707400003,0 73.13245482500008,19.20887512700006,0 73.13297625400008,19.20785417100007,0 73.13365226700006,19.20731219300006,0 73.13536355900004,19.20670349500006,0 73.13578112600004,19.20657388800004,0 73.13734544200008,19.20608033000008,0 73.13780199100006,19.20594100100004,0 73.13929077400007,19.20624057100002,0 73.14129141500007,19.20663419800007,0 73.14149209800007,19.20996298300003,0 73.14177593100004,19.21306431100004,0 73.14190652800005,19.21592472500004,0 73.14192810800006,19.21633752000003,0 73.14198435800006,19.21725933600004,0 73.14151305400003,19.21725297300003,0 73.14043737900005,19.21722636100003,0 73.14037680400008,19.21764290900006,0 73.14003716700006,19.21791676400005,0 
						</coordinates>
					</LinearRing>
				</outerBoundaryIs>
			</Polygon>
		</Placemark>
	</Document>
	<Document>
		<name>Ward no.107.kml</name>
		<StyleMap id="m_ylw-pushpin105">
			<Pair>
				<key>normal</key>
				<styleUrl>#s_ylw-pushpin105</styleUrl>
			</Pair>
			<Pair>
				<key>highlight</key>
				<styleUrl>#s_ylw-pushpin_hl105</styleUrl>
			</Pair>
		</StyleMap>
		<Style id="s_ylw-pushpin105">
			<IconStyle>
				<scale>1.1</scale>
				<Icon>
					<href>https://maps.google.com/mapfiles/kml/pushpin/ylw-pushpin.png</href>
				</Icon>
				<hotSpot x="20" y="2" xunits="pixels" yunits="pixels"/>
			</IconStyle>
			<LineStyle>
				<color>ffffff55</color>
				<width>3</width>
			</LineStyle>
			<PolyStyle>
				<fill>0</fill>
			</PolyStyle>
		</Style>
		<Style id="s_ylw-pushpin_hl105">
			<IconStyle>
				<scale>1.3</scale>
				<Icon>
					<href>https://maps.google.com/mapfiles/kml/pushpin/ylw-pushpin.png</href>
				</Icon>
				<hotSpot x="20" y="2" xunits="pixels" yunits="pixels"/>
			</IconStyle>
			<LineStyle>
				<color>ffffff55</color>
				<width>3</width>
			</LineStyle>
			<PolyStyle>
				<fill>0</fill>
			</PolyStyle>
		</Style>
		<Placemark>
			<name>Ward no.107.kml</name>
			<styleUrl>#m_ylw-pushpin105</styleUrl>
			<Polygon>
				<tessellate>1</tessellate>
				<outerBoundaryIs>
					<LinearRing>
						<coordinates>
							73.12498692200006,19.22148578400004,0 73.12477301200005,19.22129412700008,0 73.12462786300006,19.22130304500007,0 73.12434828600004,19.22130667400006,0 73.12412203500008,19.22130630300006,0 73.12349773900007,19.22115762800007,0 73.12233145300007,19.22116823200003,0 73.12612895500007,19.21867450000008,0 73.12546334300004,19.21708315500007,0 73.12605461700008,19.21636265800004,0 73.12745006900008,19.21512296200007,0 73.12830652400004,19.21368940400004,0 73.12932547300005,19.21369706800005,0 73.13018555700006,19.21316671800003,0 73.13027543100003,19.21309533200002,0 73.13109813600005,19.21227749600007,0 73.13170239000004,19.21083394700003,0 73.13214776400008,19.20983859900002,0 73.13260620300008,19.21131281700008,0 73.13266726000006,19.21152054200007,0 73.13339540700008,19.21519750100003,0 73.13343601600008,19.21543878600005,0 73.13329063000003,19.21551358100004,0 73.13175349300008,19.21630880000004,0 73.13064714600006,19.21688700300007,0 73.13057975600003,19.21733430000006,0 73.12968913600008,19.21835739600004,0 73.12927348500006,19.21856191700005,0 73.12907369500005,19.21884124800005,0 73.12875410900006,19.21926165200006,0 73.12860721700008,19.21926687300004,0 73.12834950000007,19.21950747700004,0 73.12799054100003,19.21970626900003,0 73.12769880100007,19.21983666800003,0 73.12730778200006,19.22002176300003,0 73.12723681300008,19.22018623600008,0 73.12721021900006,19.22031441400003,0 73.12723972200007,19.22041069000005,0 73.12709782400003,19.22059317300005,0 73.12683570700005,19.22067164100002,0 73.12661182000005,19.22073196500003,0 73.12603487600006,19.22099456500007,0 73.12584663000007,19.22090360600004,0 73.12545197200006,19.22117182600005,0 73.12498692200006,19.22148578400004,0 
						</coordinates>
					</LinearRing>
				</outerBoundaryIs>
			</Polygon>
		</Placemark>
	</Document>
	<Document>
		<name>Ward no.108.kml</name>
		<StyleMap id="m_ylw-pushpin106">
			<Pair>
				<key>normal</key>
				<styleUrl>#s_ylw-pushpin106</styleUrl>
			</Pair>
			<Pair>
				<key>highlight</key>
				<styleUrl>#s_ylw-pushpin_hl106</styleUrl>
			</Pair>
		</StyleMap>
		<Style id="s_ylw-pushpin106">
			<IconStyle>
				<scale>1.1</scale>
				<Icon>
					<href>https://maps.google.com/mapfiles/kml/pushpin/ylw-pushpin.png</href>
				</Icon>
				<hotSpot x="20" y="2" xunits="pixels" yunits="pixels"/>
			</IconStyle>
			<LineStyle>
				<color>ffffff55</color>
				<width>3</width>
			</LineStyle>
			<PolyStyle>
				<fill>0</fill>
			</PolyStyle>
		</Style>
		<Style id="s_ylw-pushpin_hl106">
			<IconStyle>
				<scale>1.3</scale>
				<Icon>
					<href>https://maps.google.com/mapfiles/kml/pushpin/ylw-pushpin.png</href>
				</Icon>
				<hotSpot x="20" y="2" xunits="pixels" yunits="pixels"/>
			</IconStyle>
			<LineStyle>
				<color>ffffff55</color>
				<width>3</width>
			</LineStyle>
			<PolyStyle>
				<fill>0</fill>
			</PolyStyle>
		</Style>
		<Placemark>
			<name>Ward no.108.kml</name>
			<styleUrl>#m_ylw-pushpin106</styleUrl>
			<Polygon>
				<tessellate>1</tessellate>
				<outerBoundaryIs>
					<LinearRing>
						<coordinates>
							73.13109813600005,19.21227749600007,0 73.13027543100003,19.21309533200002,0 73.13018555700006,19.21316671800003,0 73.12932547300005,19.21369706800005,0 73.12830652400004,19.21368940400004,0 73.12745006900008,19.21512296200007,0 73.12605461700008,19.21636265800004,0 73.12447133400008,19.21562979900006,0 73.12423837500006,19.21358399600007,0 73.12379316000005,19.21166808100003,0 73.12253996700008,19.21204470700008,0 73.12155582600008,19.21210425900006,0 73.12158930100003,19.21030554600003,0 73.12162927600008,19.21022653500006,0 73.12168620100005,19.20780186800005,0 73.12170948000005,19.20722726300005,0 73.12184684500005,19.20521057700006,0 73.12376700100003,19.20169971700005,0 73.12419658300007,19.20090392900005,0 73.12622428100008,19.19561511900002,0 73.12817916100005,19.19819041700004,0 73.12961387500008,19.20035627200002,0 73.13332327900008,19.19889988200004,0 73.13553520300007,19.19874611300003,0 73.13635946800008,19.20206247000004,0 73.13734544200008,19.20608033000008,0 73.13578112600004,19.20657388800004,0 73.13536355900004,19.20670349500006,0 73.13365226700006,19.20731219300006,0 73.13297625400008,19.20785417100007,0 73.13245482500008,19.20887512700006,0 73.13218899100008,19.20973707400003,0 73.13214776400008,19.20983859900002,0 73.13170239000004,19.21083394700003,0 73.13109813600005,19.21227749600007,0 
						</coordinates>
					</LinearRing>
				</outerBoundaryIs>
			</Polygon>
		</Placemark>
	</Document>
	<Document>
		<name>Ward no.109.kml</name>
		<StyleMap id="m_ylw-pushpin107">
			<Pair>
				<key>normal</key>
				<styleUrl>#s_ylw-pushpin107</styleUrl>
			</Pair>
			<Pair>
				<key>highlight</key>
				<styleUrl>#s_ylw-pushpin_hl107</styleUrl>
			</Pair>
		</StyleMap>
		<Style id="s_ylw-pushpin107">
			<IconStyle>
				<scale>1.1</scale>
				<Icon>
					<href>https://maps.google.com/mapfiles/kml/pushpin/ylw-pushpin.png</href>
				</Icon>
				<hotSpot x="20" y="2" xunits="pixels" yunits="pixels"/>
			</IconStyle>
			<LineStyle>
				<color>ffffff55</color>
				<width>3</width>
			</LineStyle>
			<PolyStyle>
				<fill>0</fill>
			</PolyStyle>
		</Style>
		<Style id="s_ylw-pushpin_hl107">
			<IconStyle>
				<scale>1.3</scale>
				<Icon>
					<href>https://maps.google.com/mapfiles/kml/pushpin/ylw-pushpin.png</href>
				</Icon>
				<hotSpot x="20" y="2" xunits="pixels" yunits="pixels"/>
			</IconStyle>
			<LineStyle>
				<color>ffffff55</color>
				<width>3</width>
			</LineStyle>
			<PolyStyle>
				<fill>0</fill>
			</PolyStyle>
		</Style>
		<Placemark>
			<name>Ward no.109.kml</name>
			<styleUrl>#m_ylw-pushpin107</styleUrl>
			<Polygon>
				<tessellate>1</tessellate>
				<outerBoundaryIs>
					<LinearRing>
						<coordinates>
							73.12170948000005,19.20722726300005,0 73.12168620100005,19.20780186800005,0 73.12162927600008,19.21022653500006,0 73.12158930100003,19.21030554600003,0 73.11651403600007,19.21519439700006,0 73.11504018900007,19.21352595800005,0 73.11413914800005,19.21251248800007,0 73.11172043200008,19.20982501200007,0 73.11102979800006,19.20909140400005,0 73.10958890300003,19.20760695800004,0 73.10833880300004,19.20633912000005,0 73.10723688300004,19.20522154300005,0 73.11231844200006,19.20073582900005,0 73.11236800900008,19.20082105300003,0 73.11326827000005,19.20239213200006,0 73.11364129900005,19.20304310900008,0 73.11411860500004,19.20385475800003,0 73.11463176000007,19.20465349900007,0 73.11686636100006,19.20469617100002,0 73.11769907800004,19.20509114900005,0 73.11809481300008,19.20520465100003,0 73.12009783000008,19.20572567200003,0 73.12184684500005,19.20521057700006,0 73.12170948000005,19.20722726300005,0 
						</coordinates>
					</LinearRing>
				</outerBoundaryIs>
			</Polygon>
		</Placemark>
	</Document>
	<Document>
		<name>Ward no.110.kml</name>
		<StyleMap id="m_ylw-pushpin108">
			<Pair>
				<key>normal</key>
				<styleUrl>#s_ylw-pushpin108</styleUrl>
			</Pair>
			<Pair>
				<key>highlight</key>
				<styleUrl>#s_ylw-pushpin_hl108</styleUrl>
			</Pair>
		</StyleMap>
		<Style id="s_ylw-pushpin108">
			<IconStyle>
				<scale>1.1</scale>
				<Icon>
					<href>https://maps.google.com/mapfiles/kml/pushpin/ylw-pushpin.png</href>
				</Icon>
				<hotSpot x="20" y="2" xunits="pixels" yunits="pixels"/>
			</IconStyle>
			<LineStyle>
				<color>ffffff55</color>
				<width>3</width>
			</LineStyle>
			<PolyStyle>
				<fill>0</fill>
			</PolyStyle>
		</Style>
		<Style id="s_ylw-pushpin_hl108">
			<IconStyle>
				<scale>1.3</scale>
				<Icon>
					<href>https://maps.google.com/mapfiles/kml/pushpin/ylw-pushpin.png</href>
				</Icon>
				<hotSpot x="20" y="2" xunits="pixels" yunits="pixels"/>
			</IconStyle>
			<LineStyle>
				<color>ffffff55</color>
				<width>3</width>
			</LineStyle>
			<PolyStyle>
				<fill>0</fill>
			</PolyStyle>
		</Style>
		<Placemark>
			<name>Ward no.110.kml</name>
			<styleUrl>#m_ylw-pushpin108</styleUrl>
			<Polygon>
				<tessellate>1</tessellate>
				<outerBoundaryIs>
					<LinearRing>
						<coordinates>
							73.11038119500006,19.19659575000003,0 73.11070981400007,19.19759136400006,0 73.11092194400004,19.19821545100007,0 73.11111958100008,19.19879689800007,0 73.11231844200006,19.20073582900005,0 73.10723688300004,19.20522154300005,0 73.10678290300007,19.20474827800007,0 73.10571233000007,19.20367418400002,0 73.10415532200005,19.20211423100005,0 73.10318639400003,19.20114345100006,0 73.10013980500008,19.19809093600003,0 73.10007776100008,19.19779404500002,0 73.09959599700005,19.19735931100007,0 73.09933239500003,19.19727111900005,0 73.09946451200005,19.19716508400006,0 73.09992009200005,19.19692601200006,0 73.10027789800006,19.19665724400005,0 73.10058361800003,19.19632340200008,0 73.10097136000007,19.19607645400004,0 73.10122293900008,19.19585677700007,0 73.10142202100008,19.19560787400008,0 73.10181648400004,19.19543269700006,0 73.10195519400008,19.19518316900007,0 73.10233472800007,19.19499349600005,0 73.10272172400005,19.19481107000007,0 73.10286592500006,19.19474085800005,0 73.10297395300006,19.19464397900003,0 73.10316571400006,19.19459457600004,0 73.10340493900003,19.19457434300006,0 73.10355570000007,19.19459024400004,0 73.10385963100003,19.19441173700005,0 73.10402050700003,19.19442296100004,0 73.10418729200006,19.19435776100005,0 73.10440045800004,19.19424045800002,0 73.10443352200008,19.19420838500002,0 73.10451748100007,19.19412694000005,0 73.10463095500006,19.19344453200006,0 73.10848172900006,19.19309093900006,0 73.11038119500006,19.19659575000003,0 
						</coordinates>
					</LinearRing>
				</outerBoundaryIs>
			</Polygon>
		</Placemark>
	</Document>
	<Document>
		<name>Ward no.111.kml</name>
		<StyleMap id="m_ylw-pushpin109">
			<Pair>
				<key>normal</key>
				<styleUrl>#s_ylw-pushpin109</styleUrl>
			</Pair>
			<Pair>
				<key>highlight</key>
				<styleUrl>#s_ylw-pushpin_hl109</styleUrl>
			</Pair>
		</StyleMap>
		<Style id="s_ylw-pushpin109">
			<IconStyle>
				<scale>1.1</scale>
				<Icon>
					<href>https://maps.google.com/mapfiles/kml/pushpin/ylw-pushpin.png</href>
				</Icon>
				<hotSpot x="20" y="2" xunits="pixels" yunits="pixels"/>
			</IconStyle>
			<LineStyle>
				<color>ffffff55</color>
				<width>3</width>
			</LineStyle>
			<PolyStyle>
				<fill>0</fill>
			</PolyStyle>
		</Style>
		<Style id="s_ylw-pushpin_hl109">
			<IconStyle>
				<scale>1.3</scale>
				<Icon>
					<href>https://maps.google.com/mapfiles/kml/pushpin/ylw-pushpin.png</href>
				</Icon>
				<hotSpot x="20" y="2" xunits="pixels" yunits="pixels"/>
			</IconStyle>
			<LineStyle>
				<color>ffffff55</color>
				<width>3</width>
			</LineStyle>
			<PolyStyle>
				<fill>0</fill>
			</PolyStyle>
		</Style>
		<Placemark>
			<name>Ward no.111.kml</name>
			<styleUrl>#m_ylw-pushpin109</styleUrl>
			<Polygon>
				<tessellate>1</tessellate>
				<outerBoundaryIs>
					<LinearRing>
						<coordinates>
							73.10248887500006,19.20870705200002,0 73.10213512700005,19.20903429400005,0 73.10040724200007,19.20833205300005,0 73.09867196000005,19.20829161500006,0 73.09844813600006,19.20825135600006,0 73.09807761000008,19.20819789200004,0 73.09780685300007,19.20815066400007,0 73.09761447300008,19.20811492200005,0 73.09743207300005,19.20811084300004,0 73.09720052800003,19.20811102700003,0 73.09701871200008,19.20824846000005,0 73.09677402600005,19.20811488700002,0 73.09674825500008,19.20802286500003,0 73.09655511500006,19.20728935000005,0 73.09639176400003,19.20653782500006,0 73.09621891800003,19.20575468700002,0 73.09592408300006,19.20474977400005,0 73.09590293200006,19.20464844600008,0 73.09538065300006,19.20148560300004,0 73.09510363300006,19.19980749600006,0 73.09475682500005,19.19796893400007,0 73.09419296500005,19.19524789500002,0 73.09352794200004,19.19202250400002,0 73.09349915700005,19.18866347200003,0 73.09349061800003,19.18766711900003,0 73.09518674600008,19.19039499100006,0 73.09585818200003,19.19147484200005,0 73.09779427900008,19.19463241800003,0 73.09881885700008,19.19709930700003,0 73.09933239500003,19.19727111900005,0 73.09959599700005,19.19735931100007,0 73.10007776100008,19.19779404500002,0 73.10013980500008,19.19809093600003,0 73.10318639400003,19.20114345100006,0 73.10415532200005,19.20211423100005,0 73.10571233000007,19.20367418400002,0 73.10524137200008,19.20395435200004,0 73.10432701900004,19.20323397900006,0 73.10361929400005,19.20336593400003,0 73.10268498800008,19.20336095200003,0 73.10189412300008,19.20301676700007,0 73.10162282700003,19.20170862700007,0 73.09975142900004,19.20405748800005,0 73.10320089900006,19.20695788200004,0 73.10257718000008,19.20785467500008,0 73.10248887500006,19.20870705200002,0 
						</coordinates>
					</LinearRing>
				</outerBoundaryIs>
			</Polygon>
		</Placemark>
	</Document>
	<Document>
		<name>Ward no.112.kml</name>
		<StyleMap id="m_ylw-pushpin110">
			<Pair>
				<key>normal</key>
				<styleUrl>#s_ylw-pushpin110</styleUrl>
			</Pair>
			<Pair>
				<key>highlight</key>
				<styleUrl>#s_ylw-pushpin_hl110</styleUrl>
			</Pair>
		</StyleMap>
		<Style id="s_ylw-pushpin110">
			<IconStyle>
				<scale>1.1</scale>
				<Icon>
					<href>https://maps.google.com/mapfiles/kml/pushpin/ylw-pushpin.png</href>
				</Icon>
				<hotSpot x="20" y="2" xunits="pixels" yunits="pixels"/>
			</IconStyle>
			<LineStyle>
				<color>ffffff55</color>
				<width>3</width>
			</LineStyle>
			<PolyStyle>
				<fill>0</fill>
			</PolyStyle>
		</Style>
		<Style id="s_ylw-pushpin_hl110">
			<IconStyle>
				<scale>1.3</scale>
				<Icon>
					<href>https://maps.google.com/mapfiles/kml/pushpin/ylw-pushpin.png</href>
				</Icon>
				<hotSpot x="20" y="2" xunits="pixels" yunits="pixels"/>
			</IconStyle>
			<LineStyle>
				<color>ffffff55</color>
				<width>3</width>
			</LineStyle>
			<PolyStyle>
				<fill>0</fill>
			</PolyStyle>
		</Style>
		<Placemark>
			<name>Ward no.112.kml</name>
			<styleUrl>#m_ylw-pushpin110</styleUrl>
			<Polygon>
				<tessellate>1</tessellate>
				<outerBoundaryIs>
					<LinearRing>
						<coordinates>
							73.08480713700004,19.20604484800003,0 73.08447748100008,19.20585779500004,0 73.08426334200004,19.20555766000007,0 73.08404812700007,19.20520878400004,0 73.08395829600005,19.20509914700006,0 73.08378180300008,19.20494851900003,0 73.08369025700006,19.20488828100002,0 73.08346381500007,19.20473674700003,0 73.08319508500006,19.20455691300003,0 73.08258640400004,19.20389080600006,0 73.08254519500008,19.20381792000006,0 73.08445090200007,19.20268425800003,0 73.08453884200003,19.20224585000005,0 73.08556757300005,19.20162745200003,0 73.08658157500008,19.20132608000006,0 73.08666449200007,19.20130836500005,0 73.08831111700005,19.20107770200008,0 73.09032148900008,19.20081518900003,0 73.09242830100004,19.20092218000008,0 73.09538065300006,19.20148560300004,0 73.09590293200006,19.20464844600008,0 73.09592408300006,19.20474977400005,0 73.09621891800003,19.20575468700002,0 73.09598244700004,19.20559101900005,0 73.09563537900004,19.20535080400003,0 73.09529290900008,19.20487910700007,0 73.09516934900006,19.20486943200007,0 73.09503581000007,19.20483306500006,0 73.09500681300005,19.20468489300004,0 73.09480939000008,19.20448113800006,0 73.09457113200006,19.20444714200005,0 73.09452697900008,19.20426610400006,0 73.09405097300004,19.20433311800002,0 73.09389472000004,19.20429637500007,0 73.09392715200005,19.20417414800005,0 73.09377605000003,19.20413418000004,0 73.09299747700004,19.20392799600006,0 73.09283960800008,19.20422183000005,0 73.09278629000005,19.20433184500007,0 73.09251964500004,19.20437020300005,0 73.09254170900005,19.20455717600004,0 73.09254550500003,19.20479905500002,0 73.09210677500005,19.20479265000006,0 73.09212300000007,19.20469020000007,0 73.09224096100007,19.20461100300003,0 73.09221875500003,19.20445754100007,0 73.09212644100006,19.20426719200003,0 73.09211203200005,19.20378316200004,0 73.09189120200006,19.20382918100006,0 73.09159628700007,19.20370732200007,0 73.09151097000006,19.20381622400004,0 73.09142719000005,19.20390270700005,0 73.09134857400005,19.20410132200004,0 73.09102320300008,19.20437812100005,0 73.09068980100005,19.20466400900006,0 73.09039962000008,19.20434144900003,0 73.09011486100007,19.20421794200007,0 73.08904246200007,19.20369811400008,0 73.08892208100008,19.20366025200008,0 73.08848252800004,19.20351354300004,0 73.08821265900008,19.20343241400008,0 73.08772936300005,19.20326331800004,0 73.08698741900008,19.20287591000005,0 73.08664437500005,19.20280761400005,0 73.08572389400007,19.20335040200007,0 73.08555751200004,19.20364272100005,0 73.08538987600008,19.20463619300006,0 73.08579697700003,19.20530477000006,0 73.08575973500007,19.20601838000005,0 73.08539793300008,19.20597698300003,0 73.08480713700004,19.20604484800003,0 
						</coordinates>
					</LinearRing>
				</outerBoundaryIs>
			</Polygon>
		</Placemark>
	</Document>
	<Document>
		<name>Ward no.113.kml</name>
		<StyleMap id="m_ylw-pushpin111">
			<Pair>
				<key>normal</key>
				<styleUrl>#s_ylw-pushpin111</styleUrl>
			</Pair>
			<Pair>
				<key>highlight</key>
				<styleUrl>#s_ylw-pushpin_hl111</styleUrl>
			</Pair>
		</StyleMap>
		<Style id="s_ylw-pushpin111">
			<IconStyle>
				<scale>1.1</scale>
				<Icon>
					<href>https://maps.google.com/mapfiles/kml/pushpin/ylw-pushpin.png</href>
				</Icon>
				<hotSpot x="20" y="2" xunits="pixels" yunits="pixels"/>
			</IconStyle>
			<LineStyle>
				<color>ffffff55</color>
				<width>3</width>
			</LineStyle>
			<PolyStyle>
				<fill>0</fill>
			</PolyStyle>
		</Style>
		<Style id="s_ylw-pushpin_hl111">
			<IconStyle>
				<scale>1.3</scale>
				<Icon>
					<href>https://maps.google.com/mapfiles/kml/pushpin/ylw-pushpin.png</href>
				</Icon>
				<hotSpot x="20" y="2" xunits="pixels" yunits="pixels"/>
			</IconStyle>
			<LineStyle>
				<color>ffffff55</color>
				<width>3</width>
			</LineStyle>
			<PolyStyle>
				<fill>0</fill>
			</PolyStyle>
		</Style>
		<Placemark>
			<name>Ward no.113.kml</name>
			<styleUrl>#m_ylw-pushpin111</styleUrl>
			<Polygon>
				<tessellate>1</tessellate>
				<outerBoundaryIs>
					<LinearRing>
						<coordinates>
							73.08445090200007,19.20268425800003,0 73.08254519500008,19.20381792000006,0 73.08250361200004,19.20347143800007,0 73.08244673800004,19.20306559400007,0 73.08223390400008,19.20272099500005,0 73.08191919600006,19.20258389400004,0 73.08102082500005,19.20271086800005,0 73.08091073800006,19.20265973500005,0 73.08062338300005,19.20249784400005,0 73.08006481000007,19.20237931000003,0 73.07969817800006,19.20251851800003,0 73.07968551900007,19.20173526300005,0 73.07961916100004,19.19992975400004,0 73.08013324600006,19.19934853800004,0 73.08142627900008,19.19871553300004,0 73.08509136600003,19.19910360500006,0 73.08684470500003,19.19894752700003,0 73.08877603400003,19.19827031900007,0 73.08999050200003,19.19738531200005,0 73.09018013200006,19.19722631800005,0 73.09227434900004,19.19774101000007,0 73.09475682500005,19.19796893400007,0 73.09510363300006,19.19980749600006,0 73.09538065300006,19.20148560300004,0 73.09242830100004,19.20092218000008,0 73.09032148900008,19.20081518900003,0 73.08831111700005,19.20107770200008,0 73.08666449200007,19.20130836500005,0 73.08658157500008,19.20132608000006,0 73.08556757300005,19.20162745200003,0 73.08453884200003,19.20224585000005,0 73.08445090200007,19.20268425800003,0 
						</coordinates>
					</LinearRing>
				</outerBoundaryIs>
			</Polygon>
		</Placemark>
	</Document>
	<Document>
		<name>Ward no.114.kml</name>
		<StyleMap id="m_ylw-pushpin112">
			<Pair>
				<key>normal</key>
				<styleUrl>#s_ylw-pushpin112</styleUrl>
			</Pair>
			<Pair>
				<key>highlight</key>
				<styleUrl>#s_ylw-pushpin_hl112</styleUrl>
			</Pair>
		</StyleMap>
		<Style id="s_ylw-pushpin112">
			<IconStyle>
				<scale>1.1</scale>
				<Icon>
					<href>https://maps.google.com/mapfiles/kml/pushpin/ylw-pushpin.png</href>
				</Icon>
				<hotSpot x="20" y="2" xunits="pixels" yunits="pixels"/>
			</IconStyle>
			<LineStyle>
				<color>ffffff55</color>
				<width>3</width>
			</LineStyle>
			<PolyStyle>
				<fill>0</fill>
			</PolyStyle>
		</Style>
		<Style id="s_ylw-pushpin_hl112">
			<IconStyle>
				<scale>1.3</scale>
				<Icon>
					<href>https://maps.google.com/mapfiles/kml/pushpin/ylw-pushpin.png</href>
				</Icon>
				<hotSpot x="20" y="2" xunits="pixels" yunits="pixels"/>
			</IconStyle>
			<LineStyle>
				<color>ffffff55</color>
				<width>3</width>
			</LineStyle>
			<PolyStyle>
				<fill>0</fill>
			</PolyStyle>
		</Style>
		<Placemark>
			<name>Ward no 114.kml</name>
			<styleUrl>#m_ylw-pushpin112</styleUrl>
			<Polygon>
				<tessellate>1</tessellate>
				<outerBoundaryIs>
					<LinearRing>
						<coordinates>
							73.07209832800004,19.21269675000008,0 73.07125425600003,19.21241648900008,0 73.07060921700008,19.21183834800007,0 73.06957386400006,19.21162777000006,0 73.06834710600003,19.21171418700004,0 73.06777176300005,19.20933048000006,0 73.06701145300008,19.20737653000003,0 73.06584867900006,19.20575394000002,0 73.06083286800003,19.20186713500004,0 73.05996670600007,19.20106100300006,0 73.05987944000003,19.19972125700008,0 73.06107727700004,19.19872646000005,0 73.06361831100008,19.19808997400003,0 73.06548454700004,19.19725772500004,0 73.06697855900006,19.19580446400005,0 73.06818917000004,19.19402115200006,0 73.06877050800006,19.19190339800002,0 73.06948263700008,19.19069797500004,0 73.07073871900008,19.18966453900003,0 73.07347875200003,19.18806452700005,0 73.07489034800005,19.18711478800003,0 73.07578896700005,19.18611318600006,0 73.07577996600008,19.18599406600004,0 73.07508858400007,19.18486688000007,0 73.07788500400005,19.18443650700004,0 73.08052828800004,19.18454685900002,0 73.08284997400006,19.18537557500002,0 73.08378861100005,19.18571357300004,0 73.08542319600008,19.18629894700007,0 73.08577498500006,19.18636355000007,0 73.08770292400004,19.18671758900007,0 73.08819640700005,19.18680820700007,0 73.09119122000004,19.18671678200008,0 73.09263410200003,19.18609034300005,0 73.09349061800003,19.18766711900003,0 73.09349915700005,19.18866347200003,0 73.09352794200004,19.19202250400002,0 73.08902865800007,19.19440752100007,0 73.08725574800008,19.19452510400004,0 73.08689123900007,19.19454124800006,0 73.08499425800005,19.19517126700004,0 73.08421528300005,19.19593757100006,0 73.08142627900008,19.19871553300004,0 73.08013324600006,19.19934853800004,0 73.07961916100004,19.19992975400004,0 73.07968551900007,19.20173526300005,0 73.07969817800006,19.20251851800003,0 73.07931596400005,19.20313785900004,0 73.07883380500004,19.20338947900007,0 73.07856049700007,19.20434088600007,0 73.07827739600003,19.20526073700006,0 73.07770754600006,19.20606478200006,0 73.07715024800007,19.20645617900004,0 73.07702359400008,19.20703276700004,0 73.07680303100005,19.20742827900006,0 73.07610063100003,19.20773299200005,0 73.07576359800004,19.20813268600006,0 73.07498362500007,19.20916459800003,0 73.07597946200008,19.20992652100006,0 73.07503002000004,19.21144306200006,0 73.07455713800005,19.21186921600003,0 73.07442705400007,19.21169261400007,0 73.07409210000003,19.21197342500005,0 73.07375133400006,19.21222670900005,0 73.07350054900007,19.21239178700006,0 73.07351283100007,19.21239509900005,0 73.07349623400006,19.21239430700007,0 73.07209832800004,19.21269675000008,0 
						</coordinates>
					</LinearRing>
				</outerBoundaryIs>
			</Polygon>
		</Placemark>
	</Document>
	<Document>
		<name>Ward no.115.kml</name>
		<StyleMap id="m_ylw-pushpin113">
			<Pair>
				<key>normal</key>
				<styleUrl>#s_ylw-pushpin113</styleUrl>
			</Pair>
			<Pair>
				<key>highlight</key>
				<styleUrl>#s_ylw-pushpin_hl113</styleUrl>
			</Pair>
		</StyleMap>
		<Style id="s_ylw-pushpin113">
			<IconStyle>
				<scale>1.1</scale>
				<Icon>
					<href>https://maps.google.com/mapfiles/kml/pushpin/ylw-pushpin.png</href>
				</Icon>
				<hotSpot x="20" y="2" xunits="pixels" yunits="pixels"/>
			</IconStyle>
			<LineStyle>
				<color>ffffff55</color>
				<width>3</width>
			</LineStyle>
			<PolyStyle>
				<fill>0</fill>
			</PolyStyle>
		</Style>
		<Style id="s_ylw-pushpin_hl113">
			<IconStyle>
				<scale>1.3</scale>
				<Icon>
					<href>https://maps.google.com/mapfiles/kml/pushpin/ylw-pushpin.png</href>
				</Icon>
				<hotSpot x="20" y="2" xunits="pixels" yunits="pixels"/>
			</IconStyle>
			<LineStyle>
				<color>ffffff55</color>
				<width>3</width>
			</LineStyle>
			<PolyStyle>
				<fill>0</fill>
			</PolyStyle>
		</Style>
		<Placemark>
			<name>Ward no 115.kml</name>
			<styleUrl>#m_ylw-pushpin113</styleUrl>
			<Polygon>
				<tessellate>1</tessellate>
				<outerBoundaryIs>
					<LinearRing>
						<coordinates>
							73.08999050200003,19.19738531200005,0 73.08877603400003,19.19827031900007,0 73.08684470500003,19.19894752700003,0 73.08509136600003,19.19910360500006,0 73.08142627900008,19.19871553300004,0 73.08421528300005,19.19593757100006,0 73.08499425800005,19.19517126700004,0 73.08689123900007,19.19454124800006,0 73.08725574800008,19.19452510400004,0 73.08902865800007,19.19440752100007,0 73.09352794200004,19.19202250400002,0 73.09419296500005,19.19524789500002,0 73.09475682500005,19.19796893400007,0 73.09227434900004,19.19774101000007,0 73.09018013200006,19.19722631800005,0 73.08999050200003,19.19738531200005,0 
						</coordinates>
					</LinearRing>
				</outerBoundaryIs>
			</Polygon>
		</Placemark>
	</Document>
	<Document>
		<name>Ward no.116.kml</name>
		<StyleMap id="m_ylw-pushpin114">
			<Pair>
				<key>normal</key>
				<styleUrl>#s_ylw-pushpin114</styleUrl>
			</Pair>
			<Pair>
				<key>highlight</key>
				<styleUrl>#s_ylw-pushpin_hl114</styleUrl>
			</Pair>
		</StyleMap>
		<Style id="s_ylw-pushpin114">
			<IconStyle>
				<scale>1.1</scale>
				<Icon>
					<href>https://maps.google.com/mapfiles/kml/pushpin/ylw-pushpin.png</href>
				</Icon>
				<hotSpot x="20" y="2" xunits="pixels" yunits="pixels"/>
			</IconStyle>
			<LineStyle>
				<color>ffffff55</color>
				<width>3</width>
			</LineStyle>
			<PolyStyle>
				<fill>0</fill>
			</PolyStyle>
		</Style>
		<Style id="s_ylw-pushpin_hl114">
			<IconStyle>
				<scale>1.3</scale>
				<Icon>
					<href>https://maps.google.com/mapfiles/kml/pushpin/ylw-pushpin.png</href>
				</Icon>
				<hotSpot x="20" y="2" xunits="pixels" yunits="pixels"/>
			</IconStyle>
			<LineStyle>
				<color>ffffff55</color>
				<width>3</width>
			</LineStyle>
			<PolyStyle>
				<fill>0</fill>
			</PolyStyle>
		</Style>
		<Placemark>
			<name>Ward no 116.kml</name>
			<styleUrl>#m_ylw-pushpin114</styleUrl>
			<Polygon>
				<tessellate>1</tessellate>
				<outerBoundaryIs>
					<LinearRing>
						<coordinates>
							73.10316571400006,19.19459457600004,0 73.10297395300006,19.19464397900003,0 73.10286592500006,19.19474085800005,0 73.10272172400005,19.19481107000007,0 73.10233472800007,19.19499349600005,0 73.10195519400008,19.19518316900007,0 73.10181648400004,19.19543269700006,0 73.10142202100008,19.19560787400008,0 73.10122293900008,19.19585677700007,0 73.10097136000007,19.19607645400004,0 73.10058361800003,19.19632340200008,0 73.10027789800006,19.19665724400005,0 73.09992009200005,19.19692601200006,0 73.09946451200005,19.19716508400006,0 73.09933239500003,19.19727111900005,0 73.09881885700008,19.19709930700003,0 73.09779427900008,19.19463241800003,0 73.09585818200003,19.19147484200005,0 73.09518674600008,19.19039499100006,0 73.09349061800003,19.18766711900003,0 73.09263410200003,19.18609034300005,0 73.09215710700005,19.18249455000006,0 73.09302616100007,19.18173761100007,0 73.09397443000006,19.18132997300006,0 73.09632484300005,19.18199177100007,0 73.09742239900004,19.18180959400007,0 73.09800444900003,19.18153802300003,0 73.09979182700005,19.18024489400006,0 73.10387618900006,19.18070658700003,0 73.10443414200006,19.18185766100004,0 73.10477661600004,19.18306027200003,0 73.10572850600005,19.18434084400008,0 73.10698019100005,19.18579171700003,0 73.10892126100003,19.18843585100007,0 73.10900124200003,19.18856011200006,0 73.10960805100007,19.18969825100004,0 73.10871979500007,19.19233857600005,0 73.10848172900006,19.19309093900006,0 73.10463095500006,19.19344453200006,0 73.10451748100007,19.19412694000005,0 73.10443352200008,19.19420838500002,0 73.10440045800004,19.19424045800002,0 73.10418729200006,19.19435776100005,0 73.10417890900004,19.19436103800007,0 73.10402050700003,19.19442296100004,0 73.10385963100003,19.19441173700005,0 73.10355570000007,19.19459024400004,0 73.10340493900003,19.19457434300006,0 73.10316571400006,19.19459457600004,0 
						</coordinates>
					</LinearRing>
				</outerBoundaryIs>
			</Polygon>
		</Placemark>
	</Document>
	<Document>
		<name>Ward no.117.kml</name>
		<StyleMap id="m_ylw-pushpin115">
			<Pair>
				<key>normal</key>
				<styleUrl>#s_ylw-pushpin115</styleUrl>
			</Pair>
			<Pair>
				<key>highlight</key>
				<styleUrl>#s_ylw-pushpin_hl115</styleUrl>
			</Pair>
		</StyleMap>
		<Style id="s_ylw-pushpin115">
			<IconStyle>
				<scale>1.1</scale>
				<Icon>
					<href>https://maps.google.com/mapfiles/kml/pushpin/ylw-pushpin.png</href>
				</Icon>
				<hotSpot x="20" y="2" xunits="pixels" yunits="pixels"/>
			</IconStyle>
			<LineStyle>
				<color>ffffff55</color>
				<width>3</width>
			</LineStyle>
			<PolyStyle>
				<fill>0</fill>
			</PolyStyle>
		</Style>
		<Style id="s_ylw-pushpin_hl115">
			<IconStyle>
				<scale>1.3</scale>
				<Icon>
					<href>https://maps.google.com/mapfiles/kml/pushpin/ylw-pushpin.png</href>
				</Icon>
				<hotSpot x="20" y="2" xunits="pixels" yunits="pixels"/>
			</IconStyle>
			<LineStyle>
				<color>ffffff55</color>
				<width>3</width>
			</LineStyle>
			<PolyStyle>
				<fill>0</fill>
			</PolyStyle>
		</Style>
		<Placemark>
			<name>Ward no 117.kml</name>
			<styleUrl>#m_ylw-pushpin115</styleUrl>
			<Polygon>
				<tessellate>1</tessellate>
				<outerBoundaryIs>
					<LinearRing>
						<coordinates>
							73.12419658300007,19.20090392900005,0 73.12376700100003,19.20169971700005,0 73.12184684500005,19.20521057700006,0 73.12009783000008,19.20572567200003,0 73.11809481300008,19.20520465100003,0 73.11769907800004,19.20509114900005,0 73.11686636100006,19.20469617100002,0 73.11463176000007,19.20465349900007,0 73.11411860500004,19.20385475800003,0 73.11364129900005,19.20304310900008,0 73.11326827000005,19.20239213200006,0 73.11236800900008,19.20082105300003,0 73.11231844200006,19.20073582900005,0 73.11111958100008,19.19879689800007,0 73.11092194400004,19.19821545100007,0 73.11070981400007,19.19759136400006,0 73.11038119500006,19.19659575000003,0 73.10848172900006,19.19309093900006,0 73.10871979500007,19.19233857600005,0 73.10960805100007,19.18969825100004,0 73.10900124200003,19.18856011200006,0 73.10892126100003,19.18843585100007,0 73.10698019100005,19.18579171700003,0 73.10572850600005,19.18434084400008,0 73.10477661600004,19.18306027200003,0 73.10443414200006,19.18185766100004,0 73.10387618900006,19.18070658700003,0 73.10793770200007,19.17983113900004,0 73.10806319600005,19.17979935900007,0 73.11127093900006,19.17888908500004,0 73.11564351200008,19.17639267000004,0 73.11960596000006,19.18224624100003,0 73.12213746100008,19.18432760500008,0 73.12347573200003,19.18498321600004,0 73.12522510400004,19.18600780000003,0 73.12684846100007,19.18656711300002,0 73.13370412500007,19.18559918800003,0 73.13701445900006,19.18869757300007,0 73.13748848000006,19.19078208500002,0 73.13751010500005,19.19085931000006,0 73.13847075400008,19.19373891300006,0 73.13815710000006,19.19479376300006,0 73.13727454500008,19.19598516700006,0 73.13722401900003,19.19608082200006,0 73.13634162400007,19.19866728500006,0 73.13553520300007,19.19874611300003,0 73.13332327900008,19.19889988200004,0 73.12961387500008,19.20035627200002,0 73.12817916100005,19.19819041700004,0 73.12622428100008,19.19561511900002,0 73.12419658300007,19.20090392900005,0 
						</coordinates>
					</LinearRing>
				</outerBoundaryIs>
			</Polygon>
		</Placemark>
	</Document>
	<Document>
		<name>Ward no.118.kml</name>
		<StyleMap id="m_ylw-pushpin116">
			<Pair>
				<key>normal</key>
				<styleUrl>#s_ylw-pushpin116</styleUrl>
			</Pair>
			<Pair>
				<key>highlight</key>
				<styleUrl>#s_ylw-pushpin_hl116</styleUrl>
			</Pair>
		</StyleMap>
		<Style id="s_ylw-pushpin116">
			<IconStyle>
				<scale>1.1</scale>
				<Icon>
					<href>https://maps.google.com/mapfiles/kml/pushpin/ylw-pushpin.png</href>
				</Icon>
				<hotSpot x="20" y="2" xunits="pixels" yunits="pixels"/>
			</IconStyle>
			<LineStyle>
				<color>ffffff55</color>
				<width>3</width>
			</LineStyle>
			<PolyStyle>
				<fill>0</fill>
			</PolyStyle>
		</Style>
		<Style id="s_ylw-pushpin_hl116">
			<IconStyle>
				<scale>1.3</scale>
				<Icon>
					<href>https://maps.google.com/mapfiles/kml/pushpin/ylw-pushpin.png</href>
				</Icon>
				<hotSpot x="20" y="2" xunits="pixels" yunits="pixels"/>
			</IconStyle>
			<LineStyle>
				<color>ffffff55</color>
				<width>3</width>
			</LineStyle>
			<PolyStyle>
				<fill>0</fill>
			</PolyStyle>
		</Style>
		<Placemark>
			<name>Ward no 118.kml</name>
			<styleUrl>#m_ylw-pushpin116</styleUrl>
			<Polygon>
				<tessellate>1</tessellate>
				<outerBoundaryIs>
					<LinearRing>
						<coordinates>
							73.14959435700007,19.21396194900007,0 73.14665922900008,19.21492653300004,0 73.14654578100004,19.21300834900006,0 73.14177593100004,19.21306431100004,0 73.14149209800007,19.20996298300003,0 73.14561611100004,19.20977657700007,0 73.14637875000005,19.21047924200008,0 73.14645174900005,19.21055914400006,0 73.14826872200007,19.20865946900005,0 73.15075973000006,19.20738857500004,0 73.15239814100005,19.20716949500007,0 73.15375075600008,19.20678935200004,0 73.15509385600006,19.20665173500004,0 73.15491041600006,19.20774169300006,0 73.15418575600006,19.20901250800006,0 73.15277367600004,19.21140043800006,0 73.15236377700006,19.21308418000007,0 73.15223800000007,19.21050395700007,0 73.14956053000003,19.21098246700007,0 73.14947219100003,19.21099355300004,0 73.14813518400007,19.21108162000007,0 73.14798137000008,19.21201992600004,0 73.14959435700007,19.21396194900007,0 
						</coordinates>
					</LinearRing>
				</outerBoundaryIs>
			</Polygon>
		</Placemark>
	</Document>
	<Document>
		<name>Ward no.119.kml</name>
		<StyleMap id="m_ylw-pushpin117">
			<Pair>
				<key>normal</key>
				<styleUrl>#s_ylw-pushpin117</styleUrl>
			</Pair>
			<Pair>
				<key>highlight</key>
				<styleUrl>#s_ylw-pushpin_hl117</styleUrl>
			</Pair>
		</StyleMap>
		<Style id="s_ylw-pushpin117">
			<IconStyle>
				<scale>1.1</scale>
				<Icon>
					<href>https://maps.google.com/mapfiles/kml/pushpin/ylw-pushpin.png</href>
				</Icon>
				<hotSpot x="20" y="2" xunits="pixels" yunits="pixels"/>
			</IconStyle>
			<LineStyle>
				<color>ffffff55</color>
				<width>3</width>
			</LineStyle>
			<PolyStyle>
				<fill>0</fill>
			</PolyStyle>
		</Style>
		<Style id="s_ylw-pushpin_hl117">
			<IconStyle>
				<scale>1.3</scale>
				<Icon>
					<href>https://maps.google.com/mapfiles/kml/pushpin/ylw-pushpin.png</href>
				</Icon>
				<hotSpot x="20" y="2" xunits="pixels" yunits="pixels"/>
			</IconStyle>
			<LineStyle>
				<color>ffffff55</color>
				<width>3</width>
			</LineStyle>
			<PolyStyle>
				<fill>0</fill>
			</PolyStyle>
		</Style>
		<Placemark>
			<name>Ward no 119.kml</name>
			<styleUrl>#m_ylw-pushpin117</styleUrl>
			<Polygon>
				<tessellate>1</tessellate>
				<outerBoundaryIs>
					<LinearRing>
						<coordinates>
							73.14645174900005,19.21055914400006,0 73.14637875000005,19.21047924200008,0 73.14561611100004,19.20977657700007,0 73.14149209800007,19.20996298300003,0 73.14129141500007,19.20663419800007,0 73.13929077400007,19.20624057100002,0 73.13780199100006,19.20594100100004,0 73.13734544200008,19.20608033000008,0 73.13635946800008,19.20206247000004,0 73.13553520300007,19.19874611300003,0 73.13634162400007,19.19866728500006,0 73.13722401900003,19.19608082200006,0 73.13727454500008,19.19598516700006,0 73.13815710000006,19.19479376300006,0 73.13847075400008,19.19373891300006,0 73.13751010500005,19.19085931000006,0 73.13748848000006,19.19078208500002,0 73.13701445900006,19.18869757300007,0 73.13370412500007,19.18559918800003,0 73.13879143000008,19.18440660700003,0 73.14363718200008,19.18414339200007,0 73.14651350200006,19.18304564100004,0 73.14885549700006,19.18123516700007,0 73.15112031600006,19.18043086100005,0 73.16178488600008,19.17919944700003,0 73.16420083900005,19.17853943600005,0 73.16136001900003,19.18438741300002,0 73.16101238000005,19.18780557500003,0 73.16034962200007,19.18994770600006,0 73.15938245000007,19.19141043900004,0 73.15837433000007,19.19402435300003,0 73.15797959900004,19.19532118500007,0 73.15735877800006,19.19922887700005,0 73.15566761600007,19.20167172600003,0 73.15587221000004,19.20308921000003,0 73.15576792600007,19.20310406500005,0 73.15581508600008,19.20412962800003,0 73.15566189500004,19.20509854200003,0 73.15509385600006,19.20665173500004,0 73.15375075600008,19.20678935200004,0 73.15239814100005,19.20716949500007,0 73.15075973000006,19.20738857500004,0 73.14826872200007,19.20865946900005,0 73.14645174900005,19.21055914400006,0 
						</coordinates>
					</LinearRing>
				</outerBoundaryIs>
			</Polygon>
		</Placemark>
	</Document>
	<Document>
		<name>Ward no.120.kml</name>
		<StyleMap id="m_ylw-pushpin118">
			<Pair>
				<key>normal</key>
				<styleUrl>#s_ylw-pushpin118</styleUrl>
			</Pair>
			<Pair>
				<key>highlight</key>
				<styleUrl>#s_ylw-pushpin_hl118</styleUrl>
			</Pair>
		</StyleMap>
		<Style id="s_ylw-pushpin118">
			<IconStyle>
				<scale>1.1</scale>
				<Icon>
					<href>https://maps.google.com/mapfiles/kml/pushpin/ylw-pushpin.png</href>
				</Icon>
				<hotSpot x="20" y="2" xunits="pixels" yunits="pixels"/>
			</IconStyle>
			<LineStyle>
				<color>ffffff55</color>
				<width>3</width>
			</LineStyle>
			<PolyStyle>
				<fill>0</fill>
			</PolyStyle>
		</Style>
		<Style id="s_ylw-pushpin_hl118">
			<IconStyle>
				<scale>1.3</scale>
				<Icon>
					<href>https://maps.google.com/mapfiles/kml/pushpin/ylw-pushpin.png</href>
				</Icon>
				<hotSpot x="20" y="2" xunits="pixels" yunits="pixels"/>
			</IconStyle>
			<LineStyle>
				<color>ffffff55</color>
				<width>3</width>
			</LineStyle>
			<PolyStyle>
				<fill>0</fill>
			</PolyStyle>
		</Style>
		<Placemark>
			<name>Ward no 120.kml</name>
			<styleUrl>#m_ylw-pushpin118</styleUrl>
			<Polygon>
				<tessellate>1</tessellate>
				<outerBoundaryIs>
					<LinearRing>
						<coordinates>
							73.09302616100007,19.18173761100007,0 73.09215710700005,19.18249455000006,0 73.09152652600005,19.17995991500004,0 73.09074235600008,19.17878398100004,0 73.08940791800006,19.17672614600008,0 73.08937924600008,19.17585993600005,0 73.08906385000006,19.17504132900007,0 73.08714864100006,19.17330434500008,0 73.08565041900005,19.17199187800003,0 73.08436116700005,19.16968745800006,0 73.08478191100005,19.16825246300004,0 73.08554303500006,19.16748690100008,0 73.08603567300008,19.16755312800007,0 73.08640806900007,19.16664165800006,0 73.08850593900007,19.16466466900005,0 73.08969772300003,19.16375448200006,0 73.09055500600005,19.16308373000004,0 73.09251250000005,19.16233109500007,0 73.09407404700005,19.16044177100002,0 73.09495392100007,19.15882391300005,0 73.09611244800004,19.15989148700004,0 73.09681404600008,19.15999518300004,0 73.09775905200007,19.16001290300005,0 73.09818129800004,19.15949119400005,0 73.09986867100008,19.15673046800004,0 73.10091316400008,19.15706462300005,0 73.10190368900004,19.15809793700004,0 73.10444689400003,19.15867450700006,0 73.10601529600007,19.16002461700003,0 73.10773011000003,19.16498650100004,0 73.11028794500004,19.16855287800007,0 73.11564351200008,19.17639267000004,0 73.11127093900006,19.17888908500004,0 73.10806319600005,19.17979935900007,0 73.10793770200007,19.17983113900004,0 73.10387618900006,19.18070658700003,0 73.09979182700005,19.18024489400006,0 73.09800444900003,19.18153802300003,0 73.09742239900004,19.18180959400007,0 73.09632484300005,19.18199177100007,0 73.09397443000006,19.18132997300006,0 73.09302616100007,19.18173761100007,0 
						</coordinates>
					</LinearRing>
				</outerBoundaryIs>
			</Polygon>
		</Placemark>
	</Document>
	<Document>
		<name>Ward no.121.kml</name>
		<StyleMap id="m_ylw-pushpin119">
			<Pair>
				<key>normal</key>
				<styleUrl>#s_ylw-pushpin119</styleUrl>
			</Pair>
			<Pair>
				<key>highlight</key>
				<styleUrl>#s_ylw-pushpin_hl119</styleUrl>
			</Pair>
		</StyleMap>
		<Style id="s_ylw-pushpin119">
			<IconStyle>
				<scale>1.1</scale>
				<Icon>
					<href>https://maps.google.com/mapfiles/kml/pushpin/ylw-pushpin.png</href>
				</Icon>
				<hotSpot x="20" y="2" xunits="pixels" yunits="pixels"/>
			</IconStyle>
			<LineStyle>
				<color>ffffff55</color>
				<width>3</width>
			</LineStyle>
			<PolyStyle>
				<fill>0</fill>
			</PolyStyle>
		</Style>
		<Style id="s_ylw-pushpin_hl119">
			<IconStyle>
				<scale>1.3</scale>
				<Icon>
					<href>https://maps.google.com/mapfiles/kml/pushpin/ylw-pushpin.png</href>
				</Icon>
				<hotSpot x="20" y="2" xunits="pixels" yunits="pixels"/>
			</IconStyle>
			<LineStyle>
				<color>ffffff55</color>
				<width>3</width>
			</LineStyle>
			<PolyStyle>
				<fill>0</fill>
			</PolyStyle>
		</Style>
		<Placemark>
			<name>Ward no 121.kml</name>
			<styleUrl>#m_ylw-pushpin119</styleUrl>
			<Polygon>
				<tessellate>1</tessellate>
				<outerBoundaryIs>
					<LinearRing>
						<coordinates>
							73.09263410200003,19.18609034300005,0 73.09119122000004,19.18671678200008,0 73.08819640700005,19.18680820700007,0 73.08770292400004,19.18671758900007,0 73.08577498500006,19.18636355000007,0 73.08542319600008,19.18629894700007,0 73.08378861100005,19.18571357300004,0 73.08284997400006,19.18537557500002,0 73.08052828800004,19.18454685900002,0 73.07788500400005,19.18443650700004,0 73.07508858400007,19.18486688000007,0 73.07341875800006,19.18439292400007,0 73.07218519500003,19.18458796200002,0 73.06898282600008,19.18521756600006,0 73.06801178700005,19.18416537400003,0 73.06652570700004,19.18313249500005,0 73.06606852000004,19.18136156400004,0 73.06726848500006,19.17767208400005,0 73.06845963100005,19.17555510300002,0 73.07118259200007,19.17247698700004,0 73.07120287700008,19.17189191300002,0 73.07077659800007,19.16933993000004,0 73.07103854600007,19.16873225300003,0 73.07146089700007,19.16810287600003,0 73.07227179200004,19.16748185700004,0 73.07247511000008,19.16646483600005,0 73.07337849500004,19.16512025900005,0 73.07488522500006,19.15928336300004,0 73.07827286500003,19.15950820500007,0 73.07797890600006,19.16417991900005,0 73.08172680700005,19.16435617400003,0 73.08142452000004,19.16911973500004,0 73.08436116700005,19.16968745800006,0 73.08565041900005,19.17199187800003,0 73.08714864100006,19.17330434500008,0 73.08906385000006,19.17504132900007,0 73.08937924600008,19.17585993600005,0 73.08940791800006,19.17672614600008,0 73.09074235600008,19.17878398100004,0 73.09152652600005,19.17995991500004,0 73.09215710700005,19.18249455000006,0 73.09263410200003,19.18609034300005,0 
						</coordinates>
					</LinearRing>
				</outerBoundaryIs>
			</Polygon>
		</Placemark>
	</Document>
	<Document>
		<name>Ward no.122.kml</name>
		<StyleMap id="m_ylw-pushpin120">
			<Pair>
				<key>normal</key>
				<styleUrl>#s_ylw-pushpin120</styleUrl>
			</Pair>
			<Pair>
				<key>highlight</key>
				<styleUrl>#s_ylw-pushpin_hl120</styleUrl>
			</Pair>
		</StyleMap>
		<Style id="s_ylw-pushpin120">
			<IconStyle>
				<scale>1.1</scale>
				<Icon>
					<href>https://maps.google.com/mapfiles/kml/pushpin/ylw-pushpin.png</href>
				</Icon>
				<hotSpot x="20" y="2" xunits="pixels" yunits="pixels"/>
			</IconStyle>
			<LineStyle>
				<color>ffffff55</color>
				<width>3</width>
			</LineStyle>
			<PolyStyle>
				<fill>0</fill>
			</PolyStyle>
		</Style>
		<Style id="s_ylw-pushpin_hl120">
			<IconStyle>
				<scale>1.3</scale>
				<Icon>
					<href>https://maps.google.com/mapfiles/kml/pushpin/ylw-pushpin.png</href>
				</Icon>
				<hotSpot x="20" y="2" xunits="pixels" yunits="pixels"/>
			</IconStyle>
			<LineStyle>
				<color>ffffff55</color>
				<width>3</width>
			</LineStyle>
			<PolyStyle>
				<fill>0</fill>
			</PolyStyle>
		</Style>
		<Placemark>
			<name>Ward no 122.kml</name>
			<styleUrl>#m_ylw-pushpin120</styleUrl>
			<Polygon>
				<tessellate>1</tessellate>
				<outerBoundaryIs>
					<LinearRing>
						<coordinates>
							73.08478191100005,19.16825246300004,0 73.08436116700005,19.16968745800006,0 73.08142452000004,19.16911973500004,0 73.08172680700005,19.16435617400003,0 73.07797890600006,19.16417991900005,0 73.07827286500003,19.15950820500007,0 73.07488522500006,19.15928336300004,0 73.07432486700003,19.15610509000004,0 73.07459724500006,19.15329576700003,0 73.07482902900006,19.15158409100008,0 73.07573903200006,19.14937125300003,0 73.07585079700004,19.14696769900007,0 73.07662699900004,19.14482871700005,0 73.07741939300007,19.14314583300006,0 73.08411940000008,19.14395505900006,0 73.08538694300006,19.14402924400002,0 73.08599660500005,19.14491449800005,0 73.08819609900007,19.14664641200005,0 73.08980746900005,19.14874819800008,0 73.09163844500006,19.15019925000007,0 73.09367422900004,19.15653113400003,0 73.09495392100007,19.15882391300005,0 73.09407404700005,19.16044177100002,0 73.09251250000005,19.16233109500007,0 73.09055500600005,19.16308373000004,0 73.08969772300003,19.16375448200006,0 73.08850593900007,19.16466466900005,0 73.08640806900007,19.16664165800006,0 73.08603567300008,19.16755312800007,0 73.08554303500006,19.16748690100008,0 73.08478191100005,19.16825246300004,0 
						</coordinates>
					</LinearRing>
				</outerBoundaryIs>
			</Polygon>
		</Placemark>
	</Document>
</Folder>
</kml>
