<?xml version="1.0" encoding="UTF-8"?>
<kml xmlns="http://www.opengis.net/kml/2.2" xmlns:gx="http://www.google.com/kml/ext/2.2" xmlns:kml="http://www.opengis.net/kml/2.2" xmlns:atom="http://www.w3.org/2005/Atom">
<Folder>
	<name>Temporary Places</name>
	<open>1</open>
	<Document>
		<name>Ward No.1.kml</name>
		<StyleMap id="m_ylw-pushpin">
			<Pair>
				<key>normal</key>
				<styleUrl>#s_ylw-pushpin</styleUrl>
			</Pair>
			<Pair>
				<key>highlight</key>
				<styleUrl>#s_ylw-pushpin_hl</styleUrl>
			</Pair>
		</StyleMap>
		<Style id="s_ylw-pushpin">
			<IconStyle>
				<scale>1.1</scale>
				<Icon>
					<href>http://maps.google.com/mapfiles/kml/pushpin/ylw-pushpin.png</href>
				</Icon>
				<hotSpot x="20" y="2" xunits="pixels" yunits="pixels"/>
			</IconStyle>
			<LineStyle>
				<color>ffffff55</color>
				<width>3</width>
			</LineStyle>
			<PolyStyle>
				<fill>0</fill>
			</PolyStyle>
		</Style>
		<Style id="s_ylw-pushpin_hl">
			<IconStyle>
				<scale>1.3</scale>
				<Icon>
					<href>http://maps.google.com/mapfiles/kml/pushpin/ylw-pushpin.png</href>
				</Icon>
				<hotSpot x="20" y="2" xunits="pixels" yunits="pixels"/>
			</IconStyle>
			<LineStyle>
				<color>ffffff55</color>
				<width>3</width>
			</LineStyle>
			<PolyStyle>
				<fill>0</fill>
			</PolyStyle>
		</Style>
		<Placemark>
			<name>Ward No.1.kml</name>
			<styleUrl>#m_ylw-pushpin</styleUrl>
			<Polygon>
				<tessellate>1</tessellate>
				<outerBoundaryIs>
					<LinearRing>
						<coordinates>
							75.84638178850753,30.95393069281758,0 75.84597789311215,30.95492333100528,0 75.84422677768333,30.95490594630908,0 75.83946879643003,30.95489023649154,0 75.83933063209123,30.95488977773756,0 75.83782181048993,30.95479642207914,0 75.83722164624243,30.95475928277159,0 75.83694947311308,30.95424201987256,0 75.83690999265787,30.95416798960207,0 75.8364846225741,30.95337037373185,0 75.83593148764741,30.95260502389651,0 75.83524872293809,30.95232108970309,0 75.83438987384764,30.9523074139703,0 75.83435391970183,30.95234614090391,0 75.82937201432927,30.95238776871115,0 75.82559099530675,30.95234469415798,0 75.8254206439377,30.95219375009756,0 75.83498399746345,30.93979264145786,0 75.83500490673858,30.93976552342799,0 75.83697140378931,30.93721502366138,0 75.83733821823741,30.93679090408271,0 75.84050962646225,30.9367703250239,0 75.84547296705325,30.93679936966053,0 75.84604565009917,30.93769969988807,0 75.84633904372819,30.93827504398302,0 75.84631149026409,30.94193525258256,0 75.84631761292123,30.94580116213066,0 75.84638178850753,30.95393069281758,0 
						</coordinates>
					</LinearRing>
				</outerBoundaryIs>
			</Polygon>
		</Placemark>
	</Document>
	<Document>
		<name>Ward No.2.kml</name>
		<StyleMap id="m_ylw-pushpin0">
			<Pair>
				<key>normal</key>
				<styleUrl>#s_ylw-pushpin0</styleUrl>
			</Pair>
			<Pair>
				<key>highlight</key>
				<styleUrl>#s_ylw-pushpin_hl0</styleUrl>
			</Pair>
		</StyleMap>
		<Style id="s_ylw-pushpin0">
			<IconStyle>
				<scale>1.1</scale>
				<Icon>
					<href>http://maps.google.com/mapfiles/kml/pushpin/ylw-pushpin.png</href>
				</Icon>
				<hotSpot x="20" y="2" xunits="pixels" yunits="pixels"/>
			</IconStyle>
			<LineStyle>
				<color>ffffff55</color>
				<width>3</width>
			</LineStyle>
			<PolyStyle>
				<fill>0</fill>
			</PolyStyle>
		</Style>
		<Style id="s_ylw-pushpin_hl0">
			<IconStyle>
				<scale>1.3</scale>
				<Icon>
					<href>http://maps.google.com/mapfiles/kml/pushpin/ylw-pushpin.png</href>
				</Icon>
				<hotSpot x="20" y="2" xunits="pixels" yunits="pixels"/>
			</IconStyle>
			<LineStyle>
				<color>ffffff55</color>
				<width>3</width>
			</LineStyle>
			<PolyStyle>
				<fill>0</fill>
			</PolyStyle>
		</Style>
		<Placemark>
			<name>Ward No.2.kml</name>
			<styleUrl>#m_ylw-pushpin0</styleUrl>
			<Polygon>
				<tessellate>1</tessellate>
				<outerBoundaryIs>
					<LinearRing>
						<coordinates>
							75.85428378940067,30.94689071395948,0 75.85429935899286,30.94690329973161,0 75.85450973814069,30.94720032036541,0 75.85548079545563,30.94893661730524,0 75.85615606145076,30.95011385345298,0 75.85617565785429,30.95075829110182,0 75.8590144450295,30.95071558278085,0 75.85945578943517,30.95050972931108,0 75.86042803999304,30.95236534338886,0 75.86017918561895,30.95241474549491,0 75.85995462760914,30.95270271408886,0 75.85969197509922,30.95306732859345,0 75.8593183560982,30.95341358224814,0 75.85885011980568,30.95309202369835,0 75.85800758121167,30.95304032494155,0 75.85590234497194,30.95303518537947,0 75.85470527061888,30.95298581213434,0 75.85377545884491,30.95308744931893,0 75.85257940206461,30.95315263951838,0 75.85145083586393,30.95333196394389,0 75.85067545078486,30.9533561679262,0 75.84932442140033,30.9537517937757,0 75.84638178850753,30.95393069281758,0 75.84631761292123,30.94580116213066,0 75.84631149026409,30.94193525258256,0 75.84633904372819,30.93827504398302,0 75.84604565009917,30.93769969988807,0 75.84547296705325,30.93679936966053,0 75.84635011422112,30.93680448318883,0 75.8490637526357,30.9367737297687,0 75.85075925472789,30.93683681107518,0 75.85135212572682,30.93813751344211,0 75.85148920415185,30.93860452005701,0 75.85151415298982,30.93891947824596,0 75.85148786086621,30.93970268322295,0 75.85147637119613,30.94090595402487,0 75.85270559489388,30.94085010604869,0 75.85278582657632,30.94364748163207,0 75.85142320468239,30.94365646367988,0 75.85143699185841,30.94396194604439,0 75.85291040058627,30.94395223287509,0 75.8529129447243,30.94423869099527,0 75.85244782611532,30.94426085724092,0 75.8524621252535,30.94462363119754,0 75.85380251876657,30.94460523575816,0 75.85423695167088,30.9448697419648,0 75.85401767738877,30.94512901809093,0 75.85422867635216,30.94518491875999,0 75.8548408780013,30.94550554310082,0 75.85488282610382,30.94555062402412,0 75.85400642293639,30.94666650671883,0 75.85428378940067,30.94689071395948,0 
						</coordinates>
					</LinearRing>
				</outerBoundaryIs>
			</Polygon>
		</Placemark>
	</Document>
	<Document>
		<name>Ward No.3.kml</name>
		<StyleMap id="m_ylw-pushpin1">
			<Pair>
				<key>normal</key>
				<styleUrl>#s_ylw-pushpin1</styleUrl>
			</Pair>
			<Pair>
				<key>highlight</key>
				<styleUrl>#s_ylw-pushpin_hl1</styleUrl>
			</Pair>
		</StyleMap>
		<Style id="s_ylw-pushpin1">
			<IconStyle>
				<scale>1.1</scale>
				<Icon>
					<href>http://maps.google.com/mapfiles/kml/pushpin/ylw-pushpin.png</href>
				</Icon>
				<hotSpot x="20" y="2" xunits="pixels" yunits="pixels"/>
			</IconStyle>
			<LineStyle>
				<color>ffffff55</color>
				<width>3</width>
			</LineStyle>
			<PolyStyle>
				<fill>0</fill>
			</PolyStyle>
		</Style>
		<Style id="s_ylw-pushpin_hl1">
			<IconStyle>
				<scale>1.3</scale>
				<Icon>
					<href>http://maps.google.com/mapfiles/kml/pushpin/ylw-pushpin.png</href>
				</Icon>
				<hotSpot x="20" y="2" xunits="pixels" yunits="pixels"/>
			</IconStyle>
			<LineStyle>
				<color>ffffff55</color>
				<width>3</width>
			</LineStyle>
			<PolyStyle>
				<fill>0</fill>
			</PolyStyle>
		</Style>
		<Placemark>
			<name>Ward No.3.kml</name>
			<styleUrl>#m_ylw-pushpin1</styleUrl>
			<Polygon>
				<tessellate>1</tessellate>
				<outerBoundaryIs>
					<LinearRing>
						<coordinates>
							75.85726776369854,30.93543917523925,0 75.85754207055771,30.93673942787651,0 75.85805621333864,30.93693893625948,0 75.86023149007458,30.9386194569582,0 75.86003955530182,30.93883559004494,0 75.86080745446071,30.93953472973748,0 75.86038150700004,30.9399075950757,0 75.85830774969898,30.94184314809191,0 75.85897085858358,30.9432114346681,0 75.86135212564113,30.94313590743877,0 75.86137946248637,30.9446397165307,0 75.86169807075846,30.94464952955091,0 75.86173015797647,30.94513870956233,0 75.86173508492395,30.94568775279657,0 75.86147218623459,30.94571337786124,0 75.86147561271375,30.94609532096572,0 75.85898295374739,30.94611190936897,0 75.85898455528663,30.94629094538557,0 75.8561400829505,30.94630265448818,0 75.85611131665105,30.94680417564526,0 75.85428378940067,30.94689071395948,0 75.85400642293639,30.94666650671883,0 75.85488282610382,30.94555062402412,0 75.8548408780013,30.94550554310082,0 75.85422867635216,30.94518491875999,0 75.85401767738877,30.94512901809093,0 75.85423695167088,30.9448697419648,0 75.85380251876657,30.94460523575816,0 75.8524621252535,30.94462363119754,0 75.85244782611532,30.94426085724092,0 75.8529129447243,30.94423869099527,0 75.85291040058627,30.94395223287509,0 75.85143699185841,30.94396194604439,0 75.85142320468239,30.94365646367988,0 75.85278582657632,30.94364748163207,0 75.85270559489388,30.94085010604869,0 75.85147637119613,30.94090595402487,0 75.85148786086621,30.93970268322295,0 75.85151415298982,30.93891947824596,0 75.85148920415185,30.93860452005701,0 75.85135212572682,30.93813751344211,0 75.85075925472789,30.93683681107518,0 75.85112189806819,30.93685029977681,0 75.85279569987863,30.93653416881747,0 75.85726776369854,30.93543917523925,0 
						</coordinates>
					</LinearRing>
				</outerBoundaryIs>
			</Polygon>
		</Placemark>
	</Document>
	<Document>
		<name>Ward No.4.kml</name>
		<StyleMap id="m_ylw-pushpin2">
			<Pair>
				<key>normal</key>
				<styleUrl>#s_ylw-pushpin2</styleUrl>
			</Pair>
			<Pair>
				<key>highlight</key>
				<styleUrl>#s_ylw-pushpin_hl2</styleUrl>
			</Pair>
		</StyleMap>
		<Style id="s_ylw-pushpin2">
			<IconStyle>
				<scale>1.1</scale>
				<Icon>
					<href>http://maps.google.com/mapfiles/kml/pushpin/ylw-pushpin.png</href>
				</Icon>
				<hotSpot x="20" y="2" xunits="pixels" yunits="pixels"/>
			</IconStyle>
			<LineStyle>
				<color>ffffff55</color>
				<width>3</width>
			</LineStyle>
			<PolyStyle>
				<fill>0</fill>
			</PolyStyle>
		</Style>
		<Style id="s_ylw-pushpin_hl2">
			<IconStyle>
				<scale>1.3</scale>
				<Icon>
					<href>http://maps.google.com/mapfiles/kml/pushpin/ylw-pushpin.png</href>
				</Icon>
				<hotSpot x="20" y="2" xunits="pixels" yunits="pixels"/>
			</IconStyle>
			<LineStyle>
				<color>ffffff55</color>
				<width>3</width>
			</LineStyle>
			<PolyStyle>
				<fill>0</fill>
			</PolyStyle>
		</Style>
		<Placemark>
			<name>Ward No.4.kml</name>
			<styleUrl>#m_ylw-pushpin2</styleUrl>
			<Polygon>
				<tessellate>1</tessellate>
				<outerBoundaryIs>
					<LinearRing>
						<coordinates>
							75.86052986366155,30.93457968486468,0 75.86072461650524,30.93513234208941,0 75.86113579467595,30.936203884897,0 75.86181317749943,30.9376198087306,0 75.86224853788798,30.93829728355045,0 75.86271234855619,30.93905812190328,0 75.86332762763682,30.93972245522602,0 75.86641576136512,30.93972566851832,0 75.86646064056524,30.94009539728072,0 75.86704211595557,30.94007956221152,0 75.86706102739262,30.94064044800468,0 75.86819628914799,30.94060895573414,0 75.86818535512944,30.94093131288122,0 75.86645465341829,30.94096679736757,0 75.86645650420223,30.9418882776484,0 75.86732058639932,30.94188248319654,0 75.86742645878402,30.94379160172112,0 75.86773699331046,30.94382771417122,0 75.86769630398869,30.9442290514908,0 75.86610138057537,30.94427794409532,0 75.86668813586718,30.94545810502012,0 75.86835865034472,30.94886548518749,0 75.86916409172156,30.95094225985411,0 75.86759698046082,30.95224192145737,0 75.86497984779614,30.95229527235274,0 75.86042803999304,30.95236534338886,0 75.85945578943517,30.95050972931108,0 75.8590144450295,30.95071558278085,0 75.85617565785429,30.95075829110182,0 75.85615606145076,30.95011385345298,0 75.85548079545563,30.94893661730524,0 75.85450973814069,30.94720032036541,0 75.85429935899286,30.94690329973161,0 75.85428378940067,30.94689071395948,0 75.85611131665105,30.94680417564526,0 75.8561400829505,30.94630265448818,0 75.85898455528663,30.94629094538557,0 75.85898295374739,30.94611190936897,0 75.86147561271375,30.94609532096572,0 75.86147218623459,30.94571337786124,0 75.86173508492395,30.94568775279657,0 75.86173015797647,30.94513870956233,0 75.86169807075846,30.94464952955091,0 75.86137946248637,30.9446397165307,0 75.86135212564113,30.94313590743877,0 75.85897085858358,30.9432114346681,0 75.85830774969898,30.94184314809191,0 75.86038150700004,30.9399075950757,0 75.86080745446071,30.93953472973748,0 75.86003955530182,30.93883559004494,0 75.86023149007458,30.9386194569582,0 75.85805621333864,30.93693893625948,0 75.85754207055771,30.93673942787651,0 75.85726776369854,30.93543917523925,0 75.85733985972959,30.93542152077235,0 75.86054695347885,30.93463614519959,0 75.86052986366155,30.93457968486468,0 
						</coordinates>
					</LinearRing>
				</outerBoundaryIs>
			</Polygon>
		</Placemark>
	</Document>
	<Document>
		<name>Ward No.5.kml</name>
		<StyleMap id="m_ylw-pushpin3">
			<Pair>
				<key>normal</key>
				<styleUrl>#s_ylw-pushpin3</styleUrl>
			</Pair>
			<Pair>
				<key>highlight</key>
				<styleUrl>#s_ylw-pushpin_hl3</styleUrl>
			</Pair>
		</StyleMap>
		<Style id="s_ylw-pushpin3">
			<IconStyle>
				<scale>1.1</scale>
				<Icon>
					<href>http://maps.google.com/mapfiles/kml/pushpin/ylw-pushpin.png</href>
				</Icon>
				<hotSpot x="20" y="2" xunits="pixels" yunits="pixels"/>
			</IconStyle>
			<LineStyle>
				<color>ffffff55</color>
				<width>3</width>
			</LineStyle>
			<PolyStyle>
				<fill>0</fill>
			</PolyStyle>
		</Style>
		<Style id="s_ylw-pushpin_hl3">
			<IconStyle>
				<scale>1.3</scale>
				<Icon>
					<href>http://maps.google.com/mapfiles/kml/pushpin/ylw-pushpin.png</href>
				</Icon>
				<hotSpot x="20" y="2" xunits="pixels" yunits="pixels"/>
			</IconStyle>
			<LineStyle>
				<color>ffffff55</color>
				<width>3</width>
			</LineStyle>
			<PolyStyle>
				<fill>0</fill>
			</PolyStyle>
		</Style>
		<Placemark>
			<name>Ward No.5.kml</name>
			<styleUrl>#m_ylw-pushpin3</styleUrl>
			<Polygon>
				<tessellate>1</tessellate>
				<outerBoundaryIs>
					<LinearRing>
						<coordinates>
							75.87866765402083,30.94997795118862,0 75.87777005321216,30.95040398345359,0 75.87707952850838,30.95061755823411,0 75.8763243868265,30.95133886459076,0 75.8747775436337,30.95257282426978,0 75.87416113200575,30.95332302013783,0 75.87344569411405,30.95293276211836,0 75.87273297702899,30.9525365135759,0 75.87153261017683,30.95212445179999,0 75.87070963577403,30.95178622998346,0 75.87033190714183,30.95167418444064,0 75.87021644251932,30.95115930891724,0 75.86999226609127,30.95087434433795,0 75.86967876687071,30.9505135870016,0 75.86916409172156,30.95094225985411,0 75.86835865034472,30.94886548518749,0 75.86668813586718,30.94545810502012,0 75.86610138057537,30.94427794409532,0 75.86769630398869,30.9442290514908,0 75.86773699331046,30.94382771417122,0 75.86742645878402,30.94379160172112,0 75.86732058639932,30.94188248319654,0 75.86645650420223,30.9418882776484,0 75.86645465341829,30.94096679736757,0 75.86818535512944,30.94093131288122,0 75.86819628914799,30.94060895573414,0 75.86706102739262,30.94064044800468,0 75.86704211595557,30.94007956221152,0 75.86646064056524,30.94009539728072,0 75.86641576136512,30.93972566851832,0 75.86332762763682,30.93972245522602,0 75.86271234855619,30.93905812190328,0 75.86224853788798,30.93829728355045,0 75.86181317749943,30.9376198087306,0 75.86113579467595,30.936203884897,0 75.86072461650524,30.93513234208941,0 75.86052986366155,30.93457968486468,0 75.86131180993594,30.934413743304,0 75.86461270629435,30.93355845466216,0 75.86537523659004,30.9353282561812,0 75.86569378783538,30.93579356015765,0 75.86604481509464,30.93637381048512,0 75.8664422045961,30.93686568161407,0 75.86707804690296,30.93765402751971,0 75.86801473642646,30.93868423040966,0 75.86894217809248,30.93955867578483,0 75.8694490675543,30.93998883121693,0 75.86996357473991,30.94039183577329,0 75.87016843251959,30.94071715906235,0 75.87033116094841,30.94106002999752,0 75.87051517121101,30.94141783510345,0 75.8708726335599,30.94183544214814,0 75.87153985941417,30.94261000461869,0 75.87261884931576,30.94372050527918,0 75.87292105649068,30.94402559162429,0 75.87451649663588,30.94582807462098,0 75.8768150624407,30.94793289514418,0 75.87866765402083,30.94997795118862,0 
						</coordinates>
					</LinearRing>
				</outerBoundaryIs>
			</Polygon>
		</Placemark>
	</Document>
	<Document>
		<name>Ward No.6.kml</name>
		<StyleMap id="m_ylw-pushpin4">
			<Pair>
				<key>normal</key>
				<styleUrl>#s_ylw-pushpin4</styleUrl>
			</Pair>
			<Pair>
				<key>highlight</key>
				<styleUrl>#s_ylw-pushpin_hl4</styleUrl>
			</Pair>
		</StyleMap>
		<Style id="s_ylw-pushpin4">
			<IconStyle>
				<scale>1.1</scale>
				<Icon>
					<href>http://maps.google.com/mapfiles/kml/pushpin/ylw-pushpin.png</href>
				</Icon>
				<hotSpot x="20" y="2" xunits="pixels" yunits="pixels"/>
			</IconStyle>
			<LineStyle>
				<color>ffffff55</color>
				<width>3</width>
			</LineStyle>
			<PolyStyle>
				<fill>0</fill>
			</PolyStyle>
		</Style>
		<Style id="s_ylw-pushpin_hl4">
			<IconStyle>
				<scale>1.3</scale>
				<Icon>
					<href>http://maps.google.com/mapfiles/kml/pushpin/ylw-pushpin.png</href>
				</Icon>
				<hotSpot x="20" y="2" xunits="pixels" yunits="pixels"/>
			</IconStyle>
			<LineStyle>
				<color>ffffff55</color>
				<width>3</width>
			</LineStyle>
			<PolyStyle>
				<fill>0</fill>
			</PolyStyle>
		</Style>
		<Placemark>
			<name>Ward No.6.kml</name>
			<styleUrl>#m_ylw-pushpin4</styleUrl>
			<Polygon>
				<tessellate>1</tessellate>
				<outerBoundaryIs>
					<LinearRing>
						<coordinates>
							75.89134685140768,30.94724045923688,0 75.89053761036267,30.94762772981417,0 75.88572128246142,30.94884035883605,0 75.88453493369795,30.9490299500743,0 75.88388960057416,30.9491769462607,0 75.88337961130391,30.94932301349234,0 75.88227106365648,30.94979721575122,0 75.88146303568256,30.9502434341387,0 75.88122724267392,30.9503406628882,0 75.88045427019959,30.95012069008525,0 75.8796108107381,30.94998385209629,0 75.87866765402083,30.94997795118862,0 75.8768150624407,30.94793289514418,0 75.87580788518696,30.9469506586994,0 75.87451649663588,30.94582807462098,0 75.87341209670102,30.94452130426854,0 75.87292105649068,30.94402559162429,0 75.87261884931576,30.94372050527918,0 75.87153985941417,30.94261000461869,0 75.8708726335599,30.94183544214814,0 75.87051517121101,30.94141783510345,0 75.87033116094841,30.94106002999752,0 75.87016843251959,30.94071715906235,0 75.87013886449701,30.94065485864147,0 75.86996357473991,30.94039183577329,0 75.8694490675543,30.93998883121693,0 75.86894217809248,30.93955867578483,0 75.86801473642646,30.93868423040966,0 75.86707804690296,30.93765402751971,0 75.8664422045961,30.93686568161407,0 75.86604481509464,30.93637381048512,0 75.86569378783538,30.93579356015765,0 75.86537523659004,30.9353282561812,0 75.86525406413227,30.93496324752208,0 75.86516463213751,30.93463189892139,0 75.86489244423899,30.93407821612396,0 75.86461270629435,30.93355845466216,0 75.86577662091572,30.93325860526201,0 75.86757219970734,30.93280623069384,0 75.86832384017929,30.93249633519776,0 75.86918463208578,30.9320908591693,0 75.86995775022601,30.93155047979041,0 75.87044656844962,30.93116619107566,0 75.87058038512382,30.93124940810847,0 75.87155509383805,30.93210695934052,0 75.87276475871508,30.93343703491017,0 75.87364088848364,30.93418052963738,0 75.87578336251819,30.93564956339963,0 75.87695478507932,30.93666632757658,0 75.87865626357791,30.93840594867648,0 75.87954086520622,30.9390958146732,0 75.88411156746541,30.94218462985526,0 75.88829775746873,30.9449165102404,0 75.89017617115859,30.94656299307952,0 75.89091663971598,30.94700141885492,0 75.89134685140768,30.94724045923688,0 
						</coordinates>
					</LinearRing>
				</outerBoundaryIs>
			</Polygon>
		</Placemark>
	</Document>
	<Document>
		<name>Ward No.7.kml</name>
		<StyleMap id="m_ylw-pushpin5">
			<Pair>
				<key>normal</key>
				<styleUrl>#s_ylw-pushpin5</styleUrl>
			</Pair>
			<Pair>
				<key>highlight</key>
				<styleUrl>#s_ylw-pushpin_hl5</styleUrl>
			</Pair>
		</StyleMap>
		<Style id="s_ylw-pushpin5">
			<IconStyle>
				<scale>1.1</scale>
				<Icon>
					<href>http://maps.google.com/mapfiles/kml/pushpin/ylw-pushpin.png</href>
				</Icon>
				<hotSpot x="20" y="2" xunits="pixels" yunits="pixels"/>
			</IconStyle>
			<LineStyle>
				<color>ffffff55</color>
				<width>3</width>
			</LineStyle>
			<PolyStyle>
				<fill>0</fill>
			</PolyStyle>
		</Style>
		<Style id="s_ylw-pushpin_hl5">
			<IconStyle>
				<scale>1.3</scale>
				<Icon>
					<href>http://maps.google.com/mapfiles/kml/pushpin/ylw-pushpin.png</href>
				</Icon>
				<hotSpot x="20" y="2" xunits="pixels" yunits="pixels"/>
			</IconStyle>
			<LineStyle>
				<color>ffffff55</color>
				<width>3</width>
			</LineStyle>
			<PolyStyle>
				<fill>0</fill>
			</PolyStyle>
		</Style>
		<Placemark>
			<name>Ward No.7.kml</name>
			<styleUrl>#m_ylw-pushpin5</styleUrl>
			<Polygon>
				<tessellate>1</tessellate>
				<outerBoundaryIs>
					<LinearRing>
						<coordinates>
							75.88959292037057,30.93889375874512,0 75.88956075876357,30.94103526284225,0 75.88983748755362,30.94159606745996,0 75.89060798196311,30.94306973910718,0 75.89111510995062,30.94417672286197,0 75.8927257670989,30.94680880082562,0 75.89253661467886,30.94703056321733,0 75.89203873499304,30.94729742397403,0 75.89175755057124,30.94746865502317,0 75.89134685140768,30.94724045923688,0 75.89091663971598,30.94700141885492,0 75.89017617115859,30.94656299307952,0 75.88829775746873,30.9449165102404,0 75.88411156746541,30.94218462985526,0 75.87954086520622,30.9390958146732,0 75.87865626357791,30.93840594867648,0 75.87695478507932,30.93666632757658,0 75.87578336251819,30.93564956339963,0 75.87364088848364,30.93418052963738,0 75.87276475871508,30.93343703491017,0 75.87155509383805,30.93210695934052,0 75.87058038512382,30.93124940810847,0 75.87044656844962,30.93116619107566,0 75.87048185278123,30.93113312572741,0 75.8709479509004,30.93069634375845,0 75.87156235222918,30.92997338021563,0 75.87176825214631,30.92961133813683,0 75.87212247902474,30.92976104550355,0 75.87345270631964,30.93028257695309,0 75.87425092406495,30.9306036495775,0 75.87486822792484,30.9308116784913,0 75.87528657325204,30.93100472814771,0 75.87583321401509,30.93132412277119,0 75.87617170350202,30.93149708973467,0 75.87685440830211,30.93179978597745,0 75.87737821707202,30.93200850878661,0 75.87808104009585,30.9320987860153,0 75.8787952947883,30.93223333839479,0 75.8797155061185,30.9323823270837,0 75.88062122357682,30.93255358541403,0 75.8809232849018,30.93262756727006,0 75.88093218998979,30.93263040938341,0 75.88067781951729,30.9323737513133,0 75.88038193793709,30.93211096311608,0 75.88038583066461,30.93210834074008,0 75.88025682661765,30.9320051364806,0 75.88056026685821,30.93182881448585,0 75.88108276113924,30.9314925837911,0 75.88154329928598,30.93121380310189,0 75.88186516798777,30.93104368906646,0 75.88224896084141,30.93081295333653,0 75.88256000605793,30.93066508978263,0 75.88290782992487,30.9305201411563,0 75.8845660093432,30.93003004136722,0 75.88487755984896,30.93018069602266,0 75.88538091284749,30.92803591526691,0 75.88582923318403,30.928172861658,0 75.88615931681606,30.92827965588727,0 75.88660704958617,30.92846882210628,0 75.88706365519091,30.92868996433252,0 75.88743983096215,30.92886975919821,0 75.88766086360391,30.92896682452418,0 75.88787062082359,30.9290812172203,0 75.88786287943176,30.92909996398778,0 75.88779364532439,30.92922416542283,0 75.88760251791608,30.92964365142707,0 75.88743740400982,30.93008796436276,0 75.88729311013716,30.93051824291181,0 75.88717531222801,30.93085108861962,0 75.88709521567861,30.93107809090227,0 75.88706268157317,30.93122002090627,0 75.88663087116953,30.93123131783682,0 75.88630066365675,30.93125025316562,0 75.885944914837,30.93129575889884,0 75.88569662559013,30.93128495719463,0 75.88551930683185,30.93128061448642,0 75.88545804362339,30.93127825501626,0 75.88519590310752,30.93133839965563,0 75.8847925242047,30.93146202819228,0 75.88423501428099,30.93162020622778,0 75.88376721164407,30.93177785537039,0 75.88381308084519,30.93184183380542,0 75.88418373171929,30.93235515180074,0 75.88424565525818,30.93373729903098,0 75.88466622889705,30.93369622539706,0 75.88456172654013,30.93638750832938,0 75.88501099753768,30.93677268667544,0 75.88539547896312,30.93689795950151,0 75.88635290433471,30.93709689437558,0 75.88754503242009,30.93739224176248,0 75.88818923096319,30.93766773630354,0 75.88898641917589,30.93798601851764,0 75.88967162745135,30.93815110761575,0 75.88959860488399,30.93888376024403,0 75.88959625364542,30.93888781144007,0 75.88959426503801,30.93888771429313,0 75.88959292037057,30.93889375874512,0 
						</coordinates>
					</LinearRing>
				</outerBoundaryIs>
			</Polygon>
		</Placemark>
	</Document>
	<Document>
		<name>Ward No.8.kml</name>
		<StyleMap id="m_ylw-pushpin6">
			<Pair>
				<key>normal</key>
				<styleUrl>#s_ylw-pushpin6</styleUrl>
			</Pair>
			<Pair>
				<key>highlight</key>
				<styleUrl>#s_ylw-pushpin_hl6</styleUrl>
			</Pair>
		</StyleMap>
		<Style id="s_ylw-pushpin6">
			<IconStyle>
				<scale>1.1</scale>
				<Icon>
					<href>http://maps.google.com/mapfiles/kml/pushpin/ylw-pushpin.png</href>
				</Icon>
				<hotSpot x="20" y="2" xunits="pixels" yunits="pixels"/>
			</IconStyle>
			<LineStyle>
				<color>ffffff55</color>
				<width>3</width>
			</LineStyle>
			<PolyStyle>
				<fill>0</fill>
			</PolyStyle>
		</Style>
		<Style id="s_ylw-pushpin_hl6">
			<IconStyle>
				<scale>1.3</scale>
				<Icon>
					<href>http://maps.google.com/mapfiles/kml/pushpin/ylw-pushpin.png</href>
				</Icon>
				<hotSpot x="20" y="2" xunits="pixels" yunits="pixels"/>
			</IconStyle>
			<LineStyle>
				<color>ffffff55</color>
				<width>3</width>
			</LineStyle>
			<PolyStyle>
				<fill>0</fill>
			</PolyStyle>
		</Style>
		<Placemark>
			<name>Ward No.8.kml</name>
			<styleUrl>#m_ylw-pushpin6</styleUrl>
			<Polygon>
				<tessellate>1</tessellate>
				<outerBoundaryIs>
					<LinearRing>
						<coordinates>
							75.87345821188957,30.92573881970347,0 75.87337894450883,30.9259287126154,0 75.87315385469449,30.92646793493455,0 75.87221721014576,30.92882190528371,0 75.87176825214631,30.92961133813683,0 75.87156235222918,30.92997338021563,0 75.8709479509004,30.93069634375845,0 75.87048185278123,30.93113312572741,0 75.86894801439736,30.929942001922,0 75.86872318848154,30.92979335726849,0 75.86630149273739,30.92838454499701,0 75.86481819404315,30.92753037137471,0 75.86381376630466,30.92687680110902,0 75.86370427293973,30.92681820354243,0 75.86350154578277,30.92619709765445,0 75.86428288686697,30.92455061338228,0 75.86465369143214,30.92344401109878,0 75.86640187357239,30.92510313793082,0 75.86740000949369,30.92447313730924,0 75.86913652709568,30.92336571692565,0 75.86969359647074,30.92305297566339,0 75.87631542759135,30.91878149753625,0 75.87475118924343,30.92264125222692,0 75.87345821188957,30.92573881970347,0 
						</coordinates>
					</LinearRing>
				</outerBoundaryIs>
			</Polygon>
		</Placemark>
	</Document>
	<Document>
		<name>Ward No.9.kml</name>
		<StyleMap id="m_ylw-pushpin7">
			<Pair>
				<key>normal</key>
				<styleUrl>#s_ylw-pushpin7</styleUrl>
			</Pair>
			<Pair>
				<key>highlight</key>
				<styleUrl>#s_ylw-pushpin_hl7</styleUrl>
			</Pair>
		</StyleMap>
		<Style id="s_ylw-pushpin7">
			<IconStyle>
				<scale>1.1</scale>
				<Icon>
					<href>http://maps.google.com/mapfiles/kml/pushpin/ylw-pushpin.png</href>
				</Icon>
				<hotSpot x="20" y="2" xunits="pixels" yunits="pixels"/>
			</IconStyle>
			<LineStyle>
				<color>ffffff55</color>
				<width>3</width>
			</LineStyle>
			<PolyStyle>
				<fill>0</fill>
			</PolyStyle>
		</Style>
		<Style id="s_ylw-pushpin_hl7">
			<IconStyle>
				<scale>1.3</scale>
				<Icon>
					<href>http://maps.google.com/mapfiles/kml/pushpin/ylw-pushpin.png</href>
				</Icon>
				<hotSpot x="20" y="2" xunits="pixels" yunits="pixels"/>
			</IconStyle>
			<LineStyle>
				<color>ffffff55</color>
				<width>3</width>
			</LineStyle>
			<PolyStyle>
				<fill>0</fill>
			</PolyStyle>
		</Style>
		<Placemark>
			<name>Ward No.9.kml</name>
			<styleUrl>#m_ylw-pushpin7</styleUrl>
			<Polygon>
				<tessellate>1</tessellate>
				<outerBoundaryIs>
					<LinearRing>
						<coordinates>
							75.87468270414129,30.92830089561988,0 75.87277177413607,30.92742819215503,0 75.87315385469449,30.92646793493455,0 75.87337894450883,30.9259287126154,0 75.87345821188957,30.92573881970347,0 75.87475118924343,30.92264125222692,0 75.87678978070437,30.91761096876474,0 75.8768445740929,30.91747676839795,0 75.88035082453266,30.9196732612842,0 75.88057375365889,30.91982691769302,0 75.88053473571638,30.9201017215307,0 75.88053659442075,30.9203046287799,0 75.88101484924185,30.92112498648778,0 75.88144960862388,30.92173078290852,0 75.88172967428207,30.92207503077521,0 75.88202391491257,30.92245499028413,0 75.88202501021605,30.92257434733425,0 75.88151217148388,30.92277336329824,0 75.88177344123864,30.92363505735963,0 75.882016461555,30.92486046868217,0 75.88278930480436,30.92476260272146,0 75.88275831362996,30.92500631776608,0 75.88281118160651,30.92533540240934,0 75.88301752483925,30.92609315113138,0 75.88339859711158,30.92597595845407,0 75.88324551566325,30.92559026356032,0 75.88379259470254,30.92545761211203,0 75.88410905244758,30.92554139121097,0 75.88447561627578,30.9256534743556,0 75.88407977698826,30.9259713030968,0 75.88251271528929,30.92734763964657,0 75.88216509201416,30.92560745131569,0 75.88096424548684,30.92663091717907,0 75.88027047334111,30.92722649557645,0 75.87965921911814,30.92776182700901,0 75.87936606312404,30.92750121932837,0 75.87915641718892,30.92728778893428,0 75.87930620367075,30.92701223226245,0 75.87916687752384,30.92691768814191,0 75.87919353050843,30.92680411055413,0 75.87918736096518,30.9261297434489,0 75.87903495524141,30.92611884334598,0 75.87867661787652,30.92630032526935,0 75.87805672161721,30.92659737689749,0 75.87617070310689,30.92748869255791,0 75.87529976393937,30.92794340130436,0 75.87514391249333,30.92785851378822,0 75.87468270414129,30.92830089561988,0 
						</coordinates>
					</LinearRing>
				</outerBoundaryIs>
			</Polygon>
		</Placemark>
	</Document>
	<Document>
		<name>Ward No.10.kml</name>
		<StyleMap id="m_ylw-pushpin8">
			<Pair>
				<key>normal</key>
				<styleUrl>#s_ylw-pushpin8</styleUrl>
			</Pair>
			<Pair>
				<key>highlight</key>
				<styleUrl>#s_ylw-pushpin_hl8</styleUrl>
			</Pair>
		</StyleMap>
		<Style id="s_ylw-pushpin8">
			<IconStyle>
				<scale>1.1</scale>
				<Icon>
					<href>http://maps.google.com/mapfiles/kml/pushpin/ylw-pushpin.png</href>
				</Icon>
				<hotSpot x="20" y="2" xunits="pixels" yunits="pixels"/>
			</IconStyle>
			<LineStyle>
				<color>ffffff55</color>
				<width>3</width>
			</LineStyle>
			<PolyStyle>
				<fill>0</fill>
			</PolyStyle>
		</Style>
		<Style id="s_ylw-pushpin_hl8">
			<IconStyle>
				<scale>1.3</scale>
				<Icon>
					<href>http://maps.google.com/mapfiles/kml/pushpin/ylw-pushpin.png</href>
				</Icon>
				<hotSpot x="20" y="2" xunits="pixels" yunits="pixels"/>
			</IconStyle>
			<LineStyle>
				<color>ffffff55</color>
				<width>3</width>
			</LineStyle>
			<PolyStyle>
				<fill>0</fill>
			</PolyStyle>
		</Style>
		<Placemark>
			<name>Ward No.10.kml</name>
			<styleUrl>#m_ylw-pushpin8</styleUrl>
			<Polygon>
				<tessellate>1</tessellate>
				<outerBoundaryIs>
					<LinearRing>
						<coordinates>
							75.88216509201416,30.92560745131569,0 75.88254130521385,30.9274907561922,0 75.88255880655703,30.9275705889687,0 75.88269516482981,30.92819256191709,0 75.88307082539785,30.92812102719088,0 75.8834609245512,30.92804766068298,0 75.88381082326158,30.92797456860826,0 75.88415753046327,30.9279042692953,0 75.88442883915097,30.92785389263005,0 75.8846312827125,30.92783448575806,0 75.8848051779388,30.92785824947764,0 75.88516963732546,30.92796943239545,0 75.88538091284749,30.92803591526691,0 75.88487755984896,30.93018069602266,0 75.8845660093432,30.93003004136722,0 75.88290782992487,30.9305201411563,0 75.88256000605793,30.93066508978263,0 75.88224896084141,30.93081295333653,0 75.88186516798777,30.93104368906646,0 75.88154329928598,30.93121380310189,0 75.88108276113924,30.9314925837911,0 75.88056026685821,30.93182881448585,0 75.88025682661765,30.9320051364806,0 75.88038583066461,30.93210834074008,0 75.88038193793709,30.93211096311608,0 75.88067781951729,30.9323737513133,0 75.88093218998979,30.93263040938341,0 75.8809232849018,30.93262756727006,0 75.88062122357682,30.93255358541403,0 75.8797155061185,30.9323823270837,0 75.8787952947883,30.93223333839479,0 75.87808104009585,30.9320987860153,0 75.87737821707202,30.93200850878661,0 75.87685440830211,30.93179978597745,0 75.87617170350202,30.93149708973467,0 75.87583321401509,30.93132412277119,0 75.87528657325204,30.93100472814771,0 75.87486822792484,30.9308116784913,0 75.87425092406495,30.9306036495775,0 75.87345270631964,30.93028257695309,0 75.87212247902474,30.92976104550355,0 75.87176825214631,30.92961133813683,0 75.87221721014576,30.92882190528371,0 75.87277177413607,30.92742819215503,0 75.87468270414129,30.92830089561988,0 75.87514391249333,30.92785851378822,0 75.87529976393937,30.92794340130436,0 75.87617070310689,30.92748869255791,0 75.87805672161721,30.92659737689749,0 75.87867661787652,30.92630032526935,0 75.87903495524141,30.92611884334598,0 75.87918736096518,30.9261297434489,0 75.87919353050843,30.92680411055413,0 75.87916687752384,30.92691768814191,0 75.87930620367075,30.92701223226245,0 75.87915641718892,30.92728778893428,0 75.87936606312404,30.92750121932837,0 75.87965921911814,30.92776182700901,0 75.88027047334111,30.92722649557645,0 75.88096424548684,30.92663091717907,0 75.88216509201416,30.92560745131569,0 
						</coordinates>
					</LinearRing>
				</outerBoundaryIs>
			</Polygon>
		</Placemark>
	</Document>
	<Document>
		<name>Ward No.11.kml</name>
		<StyleMap id="m_ylw-pushpin9">
			<Pair>
				<key>normal</key>
				<styleUrl>#s_ylw-pushpin9</styleUrl>
			</Pair>
			<Pair>
				<key>highlight</key>
				<styleUrl>#s_ylw-pushpin_hl9</styleUrl>
			</Pair>
		</StyleMap>
		<Style id="s_ylw-pushpin9">
			<IconStyle>
				<scale>1.1</scale>
				<Icon>
					<href>http://maps.google.com/mapfiles/kml/pushpin/ylw-pushpin.png</href>
				</Icon>
				<hotSpot x="20" y="2" xunits="pixels" yunits="pixels"/>
			</IconStyle>
			<LineStyle>
				<color>ffffff55</color>
				<width>3</width>
			</LineStyle>
			<PolyStyle>
				<fill>0</fill>
			</PolyStyle>
		</Style>
		<Style id="s_ylw-pushpin_hl9">
			<IconStyle>
				<scale>1.3</scale>
				<Icon>
					<href>http://maps.google.com/mapfiles/kml/pushpin/ylw-pushpin.png</href>
				</Icon>
				<hotSpot x="20" y="2" xunits="pixels" yunits="pixels"/>
			</IconStyle>
			<LineStyle>
				<color>ffffff55</color>
				<width>3</width>
			</LineStyle>
			<PolyStyle>
				<fill>0</fill>
			</PolyStyle>
		</Style>
		<Placemark>
			<name>Ward No.11.kml</name>
			<styleUrl>#m_ylw-pushpin9</styleUrl>
			<Polygon>
				<tessellate>1</tessellate>
				<outerBoundaryIs>
					<LinearRing>
						<coordinates>
							75.882016461555,30.92486046868217,0 75.88177344123864,30.92363505735963,0 75.88151217148388,30.92277336329824,0 75.88202501021605,30.92257434733425,0 75.88202391491257,30.92245499028413,0 75.88172967428207,30.92207503077521,0 75.88144960862388,30.92173078290852,0 75.88101484924185,30.92112498648778,0 75.88053659442075,30.9203046287799,0 75.88053473571638,30.9201017215307,0 75.88057375365889,30.91982691769302,0 75.88124464486597,30.92013940977862,0 75.88259391456776,30.92007052623778,0 75.88387752753437,30.9203900118522,0 75.88544133403822,30.92106565998386,0 75.88829101757615,30.92229944345156,0 75.89170240420583,30.92442392263456,0 75.89178205844051,30.92445857859969,0 75.89457615694438,30.92567419417711,0 75.89499091423323,30.92587357225066,0 75.89348464120427,30.92838377776514,0 75.89244111433469,30.9299211733438,0 75.89021938727514,30.92991490282832,0 75.88786287943176,30.92909996398778,0 75.88787062082359,30.9290812172203,0 75.88766086360391,30.92896682452418,0 75.88743983096215,30.92886975919821,0 75.88706365519091,30.92868996433252,0 75.88660704958617,30.92846882210628,0 75.88615931681606,30.92827965588727,0 75.88582923318403,30.928172861658,0 75.88538091284749,30.92803591526691,0 75.88516963732546,30.92796943239545,0 75.8848051779388,30.92785824947764,0 75.8846312827125,30.92783448575806,0 75.88442883915097,30.92785389263005,0 75.88415753046327,30.9279042692953,0 75.88381082326158,30.92797456860826,0 75.8834609245512,30.92804766068298,0 75.88307082539785,30.92812102719088,0 75.88269516482981,30.92819256191709,0 75.88255880655703,30.9275705889687,0 75.88254130521385,30.9274907561922,0 75.88251271528929,30.92734763964657,0 75.88407977698826,30.9259713030968,0 75.88447561627578,30.9256534743556,0 75.88410905244758,30.92554139121097,0 75.88379259470254,30.92545761211203,0 75.88324551566325,30.92559026356032,0 75.88339859711158,30.92597595845407,0 75.88301752483925,30.92609315113138,0 75.88281118160651,30.92533540240934,0 75.88275831362996,30.92500631776608,0 75.88278930480436,30.92476260272146,0 75.882016461555,30.92486046868217,0 
						</coordinates>
					</LinearRing>
				</outerBoundaryIs>
			</Polygon>
		</Placemark>
	</Document>
	<Document>
		<name>Ward No.12.kml</name>
		<StyleMap id="m_ylw-pushpin10">
			<Pair>
				<key>normal</key>
				<styleUrl>#s_ylw-pushpin10</styleUrl>
			</Pair>
			<Pair>
				<key>highlight</key>
				<styleUrl>#s_ylw-pushpin_hl10</styleUrl>
			</Pair>
		</StyleMap>
		<Style id="s_ylw-pushpin10">
			<IconStyle>
				<scale>1.1</scale>
				<Icon>
					<href>http://maps.google.com/mapfiles/kml/pushpin/ylw-pushpin.png</href>
				</Icon>
				<hotSpot x="20" y="2" xunits="pixels" yunits="pixels"/>
			</IconStyle>
			<LineStyle>
				<color>ffffff55</color>
				<width>3</width>
			</LineStyle>
			<PolyStyle>
				<fill>0</fill>
			</PolyStyle>
		</Style>
		<Style id="s_ylw-pushpin_hl10">
			<IconStyle>
				<scale>1.3</scale>
				<Icon>
					<href>http://maps.google.com/mapfiles/kml/pushpin/ylw-pushpin.png</href>
				</Icon>
				<hotSpot x="20" y="2" xunits="pixels" yunits="pixels"/>
			</IconStyle>
			<LineStyle>
				<color>ffffff55</color>
				<width>3</width>
			</LineStyle>
			<PolyStyle>
				<fill>0</fill>
			</PolyStyle>
		</Style>
		<Placemark>
			<name>Ward No.12.kml</name>
			<styleUrl>#m_ylw-pushpin10</styleUrl>
			<Polygon>
				<tessellate>1</tessellate>
				<outerBoundaryIs>
					<LinearRing>
						<coordinates>
							75.89243008409235,30.93646899708181,0 75.88967260804439,30.93814127156379,0 75.88967162745135,30.93815110761575,0 75.88898641917589,30.93798601851764,0 75.88818923096319,30.93766773630354,0 75.88754503242009,30.93739224176248,0 75.88635290433471,30.93709689437558,0 75.88539547896312,30.93689795950151,0 75.88501099753768,30.93677268667544,0 75.88456172654013,30.93638750832938,0 75.88466622889705,30.93369622539706,0 75.88424565525818,30.93373729903098,0 75.88418373171929,30.93235515180074,0 75.88381308084519,30.93184183380542,0 75.88376721164407,30.93177785537039,0 75.88423501428099,30.93162020622778,0 75.8847925242047,30.93146202819228,0 75.88519590310752,30.93133839965563,0 75.88545804362339,30.93127825501626,0 75.88551930683185,30.93128061448642,0 75.88569662559013,30.93128495719463,0 75.885944914837,30.93129575889884,0 75.88630066365675,30.93125025316562,0 75.88663087116953,30.93123131783682,0 75.88706268157317,30.93122002090627,0 75.88709521567861,30.93107809090227,0 75.88717531222801,30.93085108861962,0 75.88729311013716,30.93051824291181,0 75.88743740400982,30.93008796436276,0 75.88760251791608,30.92964365142707,0 75.88779364532439,30.92922416542283,0 75.88786287943176,30.92909996398778,0 75.89021938727514,30.92991490282832,0 75.89244111433469,30.9299211733438,0 75.89348464120427,30.92838377776514,0 75.89499091423323,30.92587357225066,0 75.89741185617999,30.92686317582052,0 75.89736623579245,30.93087412639707,0 75.89816906727536,30.93084467936436,0 75.89811658495945,30.9311553904141,0 75.89545707603409,30.93105447218942,0 75.89551229648086,30.93252226808537,0 75.8924114523856,30.93261532612375,0 75.89243008409235,30.93646899708181,0 
						</coordinates>
					</LinearRing>
				</outerBoundaryIs>
			</Polygon>
		</Placemark>
	</Document>
	<Document>
		<name>Ward No.13.kml</name>
		<StyleMap id="m_ylw-pushpin11">
			<Pair>
				<key>normal</key>
				<styleUrl>#s_ylw-pushpin11</styleUrl>
			</Pair>
			<Pair>
				<key>highlight</key>
				<styleUrl>#s_ylw-pushpin_hl11</styleUrl>
			</Pair>
		</StyleMap>
		<Style id="s_ylw-pushpin11">
			<IconStyle>
				<scale>1.1</scale>
				<Icon>
					<href>http://maps.google.com/mapfiles/kml/pushpin/ylw-pushpin.png</href>
				</Icon>
				<hotSpot x="20" y="2" xunits="pixels" yunits="pixels"/>
			</IconStyle>
			<LineStyle>
				<color>ffffff55</color>
				<width>3</width>
			</LineStyle>
			<PolyStyle>
				<fill>0</fill>
			</PolyStyle>
		</Style>
		<Style id="s_ylw-pushpin_hl11">
			<IconStyle>
				<scale>1.3</scale>
				<Icon>
					<href>http://maps.google.com/mapfiles/kml/pushpin/ylw-pushpin.png</href>
				</Icon>
				<hotSpot x="20" y="2" xunits="pixels" yunits="pixels"/>
			</IconStyle>
			<LineStyle>
				<color>ffffff55</color>
				<width>3</width>
			</LineStyle>
			<PolyStyle>
				<fill>0</fill>
			</PolyStyle>
		</Style>
		<Placemark>
			<name>Ward No.13.kml</name>
			<styleUrl>#m_ylw-pushpin11</styleUrl>
			<Polygon>
				<tessellate>1</tessellate>
				<outerBoundaryIs>
					<LinearRing>
						<coordinates>
							75.90441670061736,30.9296481355202,0 75.90268397746785,30.92967518280118,0 75.90158766501709,30.92980732546549,0 75.90095061264716,30.93024998155909,0 75.90040071216505,30.93074680484096,0 75.89983962653555,30.93128354201779,0 75.89963606172175,30.93175305285899,0 75.89909168924531,30.93222493373153,0 75.8983842224323,30.93255353326473,0 75.89757603938544,30.93261392373698,0 75.89711346300385,30.93256733642871,0 75.89646645998907,30.9325668443796,0 75.89616882725899,30.9328627114876,0 75.89593659169198,30.9333573138424,0 75.89243008409235,30.93646899708181,0 75.8924114523856,30.93261532612375,0 75.89551229648086,30.93252226808537,0 75.89545707603409,30.93105447218942,0 75.89811658495945,30.9311553904141,0 75.89816906727536,30.93084467936436,0 75.89736623579245,30.93087412639707,0 75.89741185617999,30.92686317582052,0 75.89499091423323,30.92587357225066,0 75.89534385094123,30.92573877715349,0 75.89818002765107,30.92579550152916,0 75.90112678721532,30.92583229465483,0 75.9025334857014,30.9270065758361,0 75.90428297867497,30.92693705804572,0 75.90441670061736,30.9296481355202,0 
						</coordinates>
					</LinearRing>
				</outerBoundaryIs>
			</Polygon>
		</Placemark>
	</Document>
	<Document>
		<name>Ward No.14.kml</name>
		<StyleMap id="m_ylw-pushpin12">
			<Pair>
				<key>normal</key>
				<styleUrl>#s_ylw-pushpin12</styleUrl>
			</Pair>
			<Pair>
				<key>highlight</key>
				<styleUrl>#s_ylw-pushpin_hl12</styleUrl>
			</Pair>
		</StyleMap>
		<Style id="s_ylw-pushpin12">
			<IconStyle>
				<scale>1.1</scale>
				<Icon>
					<href>http://maps.google.com/mapfiles/kml/pushpin/ylw-pushpin.png</href>
				</Icon>
				<hotSpot x="20" y="2" xunits="pixels" yunits="pixels"/>
			</IconStyle>
			<LineStyle>
				<color>ffffff55</color>
				<width>3</width>
			</LineStyle>
			<PolyStyle>
				<fill>0</fill>
			</PolyStyle>
		</Style>
		<Style id="s_ylw-pushpin_hl12">
			<IconStyle>
				<scale>1.3</scale>
				<Icon>
					<href>http://maps.google.com/mapfiles/kml/pushpin/ylw-pushpin.png</href>
				</Icon>
				<hotSpot x="20" y="2" xunits="pixels" yunits="pixels"/>
			</IconStyle>
			<LineStyle>
				<color>ffffff55</color>
				<width>3</width>
			</LineStyle>
			<PolyStyle>
				<fill>0</fill>
			</PolyStyle>
		</Style>
		<Placemark>
			<name>Ward No.14.kml</name>
			<styleUrl>#m_ylw-pushpin12</styleUrl>
			<Polygon>
				<tessellate>1</tessellate>
				<outerBoundaryIs>
					<LinearRing>
						<coordinates>
							75.89726493937891,30.92210156427986,0 75.89499091423323,30.92587357225066,0 75.89457615694438,30.92567419417711,0 75.89178205844051,30.92445857859969,0 75.89170240420583,30.92442392263456,0 75.88829101757615,30.92229944345156,0 75.88544133403822,30.92106565998386,0 75.88387752753437,30.9203900118522,0 75.88259391456776,30.92007052623778,0 75.88124464486597,30.92013940977862,0 75.88057375365889,30.91982691769302,0 75.88035082453266,30.9196732612842,0 75.8768445740929,30.91747676839795,0 75.87690752707665,30.91732258199014,0 75.87717532870931,30.91666666595428,0 75.87726136418431,30.91645593955651,0 75.87784632167906,30.91650765328186,0 75.87881478138105,30.9166256643094,0 75.87964250701722,30.91671694000291,0 75.88068302844076,30.91681368175584,0 75.88098487920924,30.91687182091258,0 75.88153987180388,30.9168806550306,0 75.88293736963851,30.91681449292687,0 75.8849264938047,30.91680089809428,0 75.88718061810104,30.91665676423584,0 75.88879953182744,30.91674632469217,0 75.89052936591418,30.91685637771911,0 75.89063555857703,30.91686313267534,0 75.89156991968046,30.9168854587703,0 75.89457330244579,30.9169653953501,0 75.89465830995675,30.91713739220778,0 75.89696454260725,30.91725984546257,0 75.8996410591548,30.91783807640508,0 75.89894278839627,30.91896973050781,0 75.89885829348593,30.91940957849173,0 75.89726493937891,30.92210156427986,0 
						</coordinates>
					</LinearRing>
				</outerBoundaryIs>
			</Polygon>
		</Placemark>
	</Document>
	<Document>
		<name>Ward No.15.kml</name>
		<StyleMap id="m_ylw-pushpin13">
			<Pair>
				<key>normal</key>
				<styleUrl>#s_ylw-pushpin13</styleUrl>
			</Pair>
			<Pair>
				<key>highlight</key>
				<styleUrl>#s_ylw-pushpin_hl13</styleUrl>
			</Pair>
		</StyleMap>
		<Style id="s_ylw-pushpin13">
			<IconStyle>
				<scale>1.1</scale>
				<Icon>
					<href>http://maps.google.com/mapfiles/kml/pushpin/ylw-pushpin.png</href>
				</Icon>
				<hotSpot x="20" y="2" xunits="pixels" yunits="pixels"/>
			</IconStyle>
			<LineStyle>
				<color>ffffff55</color>
				<width>3</width>
			</LineStyle>
			<PolyStyle>
				<fill>0</fill>
			</PolyStyle>
		</Style>
		<Style id="s_ylw-pushpin_hl13">
			<IconStyle>
				<scale>1.3</scale>
				<Icon>
					<href>http://maps.google.com/mapfiles/kml/pushpin/ylw-pushpin.png</href>
				</Icon>
				<hotSpot x="20" y="2" xunits="pixels" yunits="pixels"/>
			</IconStyle>
			<LineStyle>
				<color>ffffff55</color>
				<width>3</width>
			</LineStyle>
			<PolyStyle>
				<fill>0</fill>
			</PolyStyle>
		</Style>
		<Placemark>
			<name>Ward No.15.kml</name>
			<styleUrl>#m_ylw-pushpin13</styleUrl>
			<Polygon>
				<tessellate>1</tessellate>
				<outerBoundaryIs>
					<LinearRing>
						<coordinates>
							75.91573332086462,30.92010025375224,0 75.91581906253066,30.92069864102513,0 75.91594503129588,30.92117257309077,0 75.91602722972907,30.92133213542323,0 75.91640410947635,30.92163358020457,0 75.91674669738468,30.92201183427878,0 75.91702483751409,30.92246570862291,0 75.91726455147419,30.92307439070739,0 75.91734658682425,30.92380712839067,0 75.9173639998909,30.9251886632879,0 75.91752961734709,30.92605496260291,0 75.91762130306432,30.92660570463555,0 75.9177364251855,30.92671445578857,0 75.91802285160581,30.9270123333478,0 75.91970333637595,30.92780804395199,0 75.92235195522042,30.92931079047274,0 75.92214670850552,30.92964107845317,0 75.92267627519165,30.92992508702496,0 75.92229363494963,30.93136225551897,0 75.92174985088349,30.93340312532844,0 75.92128605137565,30.9334513977237,0 75.92103097922586,30.93350717494804,0 75.9198865396816,30.93383908262223,0 75.91868643308801,30.93435124315922,0 75.91742893615093,30.93486379883184,0 75.91709130149954,30.9350145846214,0 75.9160376906531,30.93557514506347,0 75.91583268589764,30.93595881457261,0 75.91527651983463,30.93616959994723,0 75.91375495986603,30.93689533358272,0 75.91299598952578,30.93717499323659,0 75.91294853454788,30.93718262970235,0 75.91137994916232,30.93714580933679,0 75.90998004209821,30.93709055862323,0 75.91130114171173,30.93499781275819,0 75.9100261090576,30.93456359839492,0 75.9093496463752,30.93450362243923,0 75.90779308775103,30.93423071714312,0 75.90776937034597,30.93416614695084,0 75.90790648836112,30.933393327843,0 75.90589309977405,30.93245632351352,0 75.90499772221746,30.93184510790683,0 75.90470665416048,30.93160811849459,0 75.90442117759532,30.93135116998452,0 75.90441670061736,30.9296481355202,0 75.90428297867497,30.92693705804572,0 75.9025334857014,30.9270065758361,0 75.90112678721532,30.92583229465483,0 75.89818002765107,30.92579550152916,0 75.89534385094123,30.92573877715349,0 75.89499091423323,30.92587357225066,0 75.89726493937891,30.92210156427986,0 75.89885829348593,30.91940957849173,0 75.89894278839627,30.91896973050781,0 75.8996410591548,30.91783807640508,0 75.90370599003958,30.91853626633212,0 75.90436937757256,30.91841226481212,0 75.90520113846972,30.9185258100022,0 75.90615197870302,30.91952181006792,0 75.90831436462904,30.91979311458984,0 75.91573332086462,30.92010025375224,0 
						</coordinates>
					</LinearRing>
				</outerBoundaryIs>
			</Polygon>
		</Placemark>
	</Document>
	<Document>
		<name>Ward No.16.kml</name>
		<StyleMap id="m_ylw-pushpin14">
			<Pair>
				<key>normal</key>
				<styleUrl>#s_ylw-pushpin14</styleUrl>
			</Pair>
			<Pair>
				<key>highlight</key>
				<styleUrl>#s_ylw-pushpin_hl14</styleUrl>
			</Pair>
		</StyleMap>
		<Style id="s_ylw-pushpin14">
			<IconStyle>
				<scale>1.1</scale>
				<Icon>
					<href>http://maps.google.com/mapfiles/kml/pushpin/ylw-pushpin.png</href>
				</Icon>
				<hotSpot x="20" y="2" xunits="pixels" yunits="pixels"/>
			</IconStyle>
			<LineStyle>
				<color>ffffff55</color>
				<width>3</width>
			</LineStyle>
			<PolyStyle>
				<fill>0</fill>
			</PolyStyle>
		</Style>
		<Style id="s_ylw-pushpin_hl14">
			<IconStyle>
				<scale>1.3</scale>
				<Icon>
					<href>http://maps.google.com/mapfiles/kml/pushpin/ylw-pushpin.png</href>
				</Icon>
				<hotSpot x="20" y="2" xunits="pixels" yunits="pixels"/>
			</IconStyle>
			<LineStyle>
				<color>ffffff55</color>
				<width>3</width>
			</LineStyle>
			<PolyStyle>
				<fill>0</fill>
			</PolyStyle>
		</Style>
		<Placemark>
			<name>Ward No.16.kml</name>
			<styleUrl>#m_ylw-pushpin14</styleUrl>
			<Polygon>
				<tessellate>1</tessellate>
				<outerBoundaryIs>
					<LinearRing>
						<coordinates>
							75.91525944473202,30.91870654438211,0 75.91542886135279,30.9193600190748,0 75.91560706684821,30.91988709143628,0 75.91571087298945,30.91994359084513,0 75.91573332086462,30.92010025375224,0 75.90831436462904,30.91979311458984,0 75.90615197870302,30.91952181006792,0 75.90520113846972,30.9185258100022,0 75.90436937757256,30.91841226481212,0 75.90370599003958,30.91853626633212,0 75.8996410591548,30.91783807640508,0 75.89696454260725,30.91725984546257,0 75.89465830995675,30.91713739220778,0 75.89457330244579,30.9169653953501,0 75.89543661680807,30.91271683409071,0 75.89552866558564,30.91217527318551,0 75.89554031680908,30.91172413353165,0 75.89521577607272,30.91091994167172,0 75.90328500805111,30.90631495862536,0 75.90134933038955,30.90284208745058,0 75.90243899099627,30.90341229529628,0 75.90402093836838,30.9042586810627,0 75.90541331333964,30.9049787596173,0 75.90665410387165,30.90565891987172,0 75.90796390313265,30.90628946883494,0 75.90938478772738,30.90703608592047,0 75.91110230120248,30.90794574721312,0 75.9127723921553,30.90878561266034,0 75.91425722822314,30.90954343987878,0 75.91592127928958,30.91039644253391,0 75.91717228243007,30.91106621255492,0 75.91770782917277,30.91133665358454,0 75.9177096083061,30.91133755236084,0 75.91669317828556,30.91233572593497,0 75.91606463796302,30.91293703541491,0 75.91552052401951,30.91345247978969,0 75.91515290760384,30.91388140785463,0 75.91502548594676,30.91410870301179,0 75.91520433928952,30.91426914685243,0 75.91532589701701,30.91450056144282,0 75.91533329828047,30.91454842187629,0 75.91534356539279,30.91455060296099,0 75.91530420265437,30.91505760903289,0 75.91523929536844,30.91663541273845,0 75.91519547540689,30.91669697962034,0 75.91508494772711,30.91770699709068,0 75.91517748173671,30.91830529082054,0 75.91525944473202,30.91870654438211,0 
						</coordinates>
					</LinearRing>
				</outerBoundaryIs>
			</Polygon>
		</Placemark>
	</Document>
	<Document>
		<name>Ward No.17.kml</name>
		<StyleMap id="m_ylw-pushpin15">
			<Pair>
				<key>normal</key>
				<styleUrl>#s_ylw-pushpin15</styleUrl>
			</Pair>
			<Pair>
				<key>highlight</key>
				<styleUrl>#s_ylw-pushpin_hl15</styleUrl>
			</Pair>
		</StyleMap>
		<Style id="s_ylw-pushpin15">
			<IconStyle>
				<scale>1.1</scale>
				<Icon>
					<href>http://maps.google.com/mapfiles/kml/pushpin/ylw-pushpin.png</href>
				</Icon>
				<hotSpot x="20" y="2" xunits="pixels" yunits="pixels"/>
			</IconStyle>
			<LineStyle>
				<color>ffffff55</color>
				<width>3</width>
			</LineStyle>
			<PolyStyle>
				<fill>0</fill>
			</PolyStyle>
		</Style>
		<Style id="s_ylw-pushpin_hl15">
			<IconStyle>
				<scale>1.3</scale>
				<Icon>
					<href>http://maps.google.com/mapfiles/kml/pushpin/ylw-pushpin.png</href>
				</Icon>
				<hotSpot x="20" y="2" xunits="pixels" yunits="pixels"/>
			</IconStyle>
			<LineStyle>
				<color>ffffff55</color>
				<width>3</width>
			</LineStyle>
			<PolyStyle>
				<fill>0</fill>
			</PolyStyle>
		</Style>
		<Placemark>
			<name>Ward No.17.kml</name>
			<styleUrl>#m_ylw-pushpin15</styleUrl>
			<Polygon>
				<tessellate>1</tessellate>
				<outerBoundaryIs>
					<LinearRing>
						<coordinates>
							75.89457330244579,30.9169653953501,0 75.89156991968046,30.9168854587703,0 75.89063555857703,30.91686313267534,0 75.89052936591418,30.91685637771911,0 75.88879953182744,30.91674632469217,0 75.88718061810104,30.91665676423584,0 75.8849264938047,30.91680089809428,0 75.88354560653518,30.91681033912906,0 75.88443107497913,30.91524121921754,0 75.88488931972213,30.91478927422682,0 75.88539524322171,30.91440384525218,0 75.88581696350212,30.91449644921601,0 75.88632252990939,30.91407282242145,0 75.88648180171441,30.91453009080177,0 75.88687978867632,30.91445096902211,0 75.88871184309323,30.91375085393326,0 75.8896355157994,30.91542515586805,0 75.89067230658769,30.91495966079371,0 75.89084433429612,30.9146772542875,0 75.89029966246081,30.91338955703407,0 75.8899535907877,30.91274678211233,0 75.88992021404376,30.91270118752122,0 75.88987717163184,30.91261833179517,0 75.88978941901203,30.91246146280178,0 75.88961301087836,30.91226713364209,0 75.88941874968587,30.91209542329292,0 75.88918449531374,30.91193956118177,0 75.88888769662906,30.91166886709671,0 75.88975801465196,30.91129247796002,0 75.8914159727604,30.91058397111665,0 75.89426623596124,30.90938880981985,0 75.89521577607272,30.91091994167172,0 75.89554031680908,30.91172413353165,0 75.89552866558564,30.91217527318551,0 75.89543661680807,30.91271683409071,0 75.89457330244579,30.9169653953501,0 
						</coordinates>
					</LinearRing>
				</outerBoundaryIs>
			</Polygon>
		</Placemark>
	</Document>
	<Document>
		<name>Ward No.18.kml</name>
		<StyleMap id="m_ylw-pushpin16">
			<Pair>
				<key>normal</key>
				<styleUrl>#s_ylw-pushpin16</styleUrl>
			</Pair>
			<Pair>
				<key>highlight</key>
				<styleUrl>#s_ylw-pushpin_hl16</styleUrl>
			</Pair>
		</StyleMap>
		<Style id="s_ylw-pushpin16">
			<IconStyle>
				<scale>1.1</scale>
				<Icon>
					<href>http://maps.google.com/mapfiles/kml/pushpin/ylw-pushpin.png</href>
				</Icon>
				<hotSpot x="20" y="2" xunits="pixels" yunits="pixels"/>
			</IconStyle>
			<LineStyle>
				<color>ffffff55</color>
				<width>3</width>
			</LineStyle>
			<PolyStyle>
				<fill>0</fill>
			</PolyStyle>
		</Style>
		<Style id="s_ylw-pushpin_hl16">
			<IconStyle>
				<scale>1.3</scale>
				<Icon>
					<href>http://maps.google.com/mapfiles/kml/pushpin/ylw-pushpin.png</href>
				</Icon>
				<hotSpot x="20" y="2" xunits="pixels" yunits="pixels"/>
			</IconStyle>
			<LineStyle>
				<color>ffffff55</color>
				<width>3</width>
			</LineStyle>
			<PolyStyle>
				<fill>0</fill>
			</PolyStyle>
		</Style>
		<Placemark>
			<name>Ward No.18.kml</name>
			<styleUrl>#m_ylw-pushpin16</styleUrl>
			<Polygon>
				<tessellate>1</tessellate>
				<outerBoundaryIs>
					<LinearRing>
						<coordinates>
							75.8914159727604,30.91058397111665,0 75.88975801465196,30.91129247796002,0 75.88888769662906,30.91166886709671,0 75.88888015648806,30.91167212835006,0 75.88865955961218,30.91142595846831,0 75.88768926008333,30.91062983964561,0 75.88701321550616,30.90993066932898,0 75.88667813105698,30.90955356996259,0 75.88606849535991,30.90844704947997,0 75.88606884072576,30.90843399209722,0 75.88607131449989,30.90834052191063,0 75.89051176028896,30.9065973921555,0 75.89234437165641,30.90592867670526,0 75.8903274301897,30.90259220347244,0 75.89077479926175,30.90232055312271,0 75.89000411972681,30.90131125744384,0 75.89131270716304,30.90061590118881,0 75.89223980865516,30.89983364009445,0 75.89379612513373,30.8997333737982,0 75.89427613255732,30.89925259797948,0 75.89206459716318,30.89586597029728,0 75.89247400731246,30.8952364816846,0 75.89292327514131,30.89517369976486,0 75.89292022916105,30.89484546745063,0 75.89525241403135,30.8937904350705,0 75.89674553955481,30.89597090652449,0 75.90064499480945,30.89429795549137,0 75.90137767063661,30.89567748328616,0 75.90138482691124,30.89644136717261,0 75.90249518165355,30.89848977629264,0 75.90237837504579,30.8984848377203,0 75.90205502583437,30.89855999084636,0 75.89926369309075,30.89989159500049,0 75.89926502954512,30.89989365933179,0 75.89946666237276,30.90020510981475,0 75.90082199207403,30.90229855297504,0 75.90107704014028,30.90293398162492,0 75.90108796780601,30.90294106499683,0 75.90134933038955,30.90284208745058,0 75.90328500805111,30.90631495862536,0 75.89521577607272,30.91091994167172,0 75.89426623596124,30.90938880981985,0 75.8914159727604,30.91058397111665,0 
						</coordinates>
					</LinearRing>
				</outerBoundaryIs>
			</Polygon>
		</Placemark>
	</Document>
	<Document>
		<name>Ward No.19.kml</name>
		<StyleMap id="m_ylw-pushpin17">
			<Pair>
				<key>normal</key>
				<styleUrl>#s_ylw-pushpin17</styleUrl>
			</Pair>
			<Pair>
				<key>highlight</key>
				<styleUrl>#s_ylw-pushpin_hl17</styleUrl>
			</Pair>
		</StyleMap>
		<Style id="s_ylw-pushpin17">
			<IconStyle>
				<scale>1.1</scale>
				<Icon>
					<href>http://maps.google.com/mapfiles/kml/pushpin/ylw-pushpin.png</href>
				</Icon>
				<hotSpot x="20" y="2" xunits="pixels" yunits="pixels"/>
			</IconStyle>
			<LineStyle>
				<color>ffffff55</color>
				<width>3</width>
			</LineStyle>
			<PolyStyle>
				<fill>0</fill>
			</PolyStyle>
		</Style>
		<Style id="s_ylw-pushpin_hl17">
			<IconStyle>
				<scale>1.3</scale>
				<Icon>
					<href>http://maps.google.com/mapfiles/kml/pushpin/ylw-pushpin.png</href>
				</Icon>
				<hotSpot x="20" y="2" xunits="pixels" yunits="pixels"/>
			</IconStyle>
			<LineStyle>
				<color>ffffff55</color>
				<width>3</width>
			</LineStyle>
			<PolyStyle>
				<fill>0</fill>
			</PolyStyle>
		</Style>
		<Placemark>
			<name>Ward No.19.kml</name>
			<styleUrl>#m_ylw-pushpin17</styleUrl>
			<Polygon>
				<tessellate>1</tessellate>
				<outerBoundaryIs>
					<LinearRing>
						<coordinates>
							75.88606884072576,30.90843399209722,0 75.88606849535991,30.90844704947997,0 75.88667813105698,30.90955356996259,0 75.88701321550616,30.90993066932898,0 75.88768926008333,30.91062983964561,0 75.88865955961218,30.91142595846831,0 75.88888015648806,30.91167212835006,0 75.88888769662906,30.91166886709671,0 75.88918449531374,30.91193956118177,0 75.88941874968587,30.91209542329292,0 75.88961301087836,30.91226713364209,0 75.88978941901203,30.91246146280178,0 75.88987717163184,30.91261833179517,0 75.88992021404376,30.91270118752122,0 75.8899535907877,30.91274678211233,0 75.89029966246081,30.91338955703407,0 75.89084433429612,30.9146772542875,0 75.89067230658769,30.91495966079371,0 75.8896355157994,30.91542515586805,0 75.88871184309323,30.91375085393326,0 75.88687978867632,30.91445096902211,0 75.88648180171441,30.91453009080177,0 75.88632252990939,30.91407282242145,0 75.88581696350212,30.91449644921601,0 75.88539524322171,30.91440384525218,0 75.88488931972213,30.91478927422682,0 75.88443107497913,30.91524121921754,0 75.88354560653518,30.91681033912906,0 75.88293736963851,30.91681449292687,0 75.88153987180388,30.9168806550306,0 75.88098487920924,30.91687182091258,0 75.88068302844076,30.91681368175584,0 75.87964250701722,30.91671694000291,0 75.87881478138105,30.9166256643094,0 75.87784632167906,30.91650765328186,0 75.87726136418431,30.91645593955651,0 75.87864632476787,30.91306365449046,0 75.87958986963066,30.91076980886926,0 75.88606884072576,30.90843399209722,0 
						</coordinates>
					</LinearRing>
				</outerBoundaryIs>
			</Polygon>
		</Placemark>
	</Document>
	<Document>
		<name>Ward No.20.kml</name>
		<StyleMap id="m_ylw-pushpin18">
			<Pair>
				<key>normal</key>
				<styleUrl>#s_ylw-pushpin18</styleUrl>
			</Pair>
			<Pair>
				<key>highlight</key>
				<styleUrl>#s_ylw-pushpin_hl18</styleUrl>
			</Pair>
		</StyleMap>
		<Style id="s_ylw-pushpin18">
			<IconStyle>
				<scale>1.1</scale>
				<Icon>
					<href>http://maps.google.com/mapfiles/kml/pushpin/ylw-pushpin.png</href>
				</Icon>
				<hotSpot x="20" y="2" xunits="pixels" yunits="pixels"/>
			</IconStyle>
			<LineStyle>
				<color>ffffff55</color>
				<width>3</width>
			</LineStyle>
			<PolyStyle>
				<fill>0</fill>
			</PolyStyle>
		</Style>
		<Style id="s_ylw-pushpin_hl18">
			<IconStyle>
				<scale>1.3</scale>
				<Icon>
					<href>http://maps.google.com/mapfiles/kml/pushpin/ylw-pushpin.png</href>
				</Icon>
				<hotSpot x="20" y="2" xunits="pixels" yunits="pixels"/>
			</IconStyle>
			<LineStyle>
				<color>ffffff55</color>
				<width>3</width>
			</LineStyle>
			<PolyStyle>
				<fill>0</fill>
			</PolyStyle>
		</Style>
		<Placemark>
			<name>Ward No.20.kml</name>
			<styleUrl>#m_ylw-pushpin18</styleUrl>
			<Polygon>
				<tessellate>1</tessellate>
				<outerBoundaryIs>
					<LinearRing>
						<coordinates>
							75.88266469817019,30.90343765830902,0 75.87958986963068,30.91076980886928,0 75.87666827206171,30.90534350730366,0 75.87608570738288,30.90426142175163,0 75.87529671361055,30.9027057687438,0 75.87400257824419,30.9028641033742,0 75.87328705584585,30.90328899399955,0 75.87293335904391,30.90350317932872,0 75.87248887888393,30.90377233694468,0 75.87189407377696,30.90415648133426,0 75.87173020966937,30.90397112034465,0 75.87149120812306,30.90371848330652,0 75.8711725305465,30.90338043960646,0 75.87054001521344,30.90277951709282,0 75.87028411806324,30.90249476284834,0 75.8696549573497,30.9018042894556,0 75.86923158402368,30.90136610166336,0 75.86917063673424,30.90139929235122,0 75.86802435535691,30.90248583043483,0 75.86689408994744,30.90183791049737,0 75.86638147303316,30.90146494176532,0 75.86588978945858,30.90110719960948,0 75.86536180335254,30.90050985777351,0 75.86463950040522,30.89943584455682,0 75.86457787894439,30.89935008520707,0 75.86331256321405,30.8999310810789,0 75.86261411802096,30.89900367268072,0 75.86391397025521,30.89832370605574,0 75.8641862602432,30.89818126513893,0 75.86420464062643,30.89817165014083,0 75.87015871735446,30.89513217103987,0 75.87035339938681,30.89502827602271,0 75.87654248678798,30.89172507791511,0 75.88420030486566,30.88787912911208,0 75.88417412190789,30.89077005727264,0 75.8840620455438,30.89482825953785,0 75.88373382870392,30.90052462572754,0 75.88295574250323,30.90254792029569,0 75.88266469817019,30.90343765830902,0 
						</coordinates>
					</LinearRing>
				</outerBoundaryIs>
			</Polygon>
		</Placemark>
	</Document>
	<Document>
		<name>Ward No. 21</name>
		<open>1</open>
		<description>Generated with user-provided polygons for Ward No. 21</description>
		<StyleMap id="m_ylw-pushpin19">
			<Pair>
				<key>normal</key>
				<styleUrl>#s_ylw-pushpin19</styleUrl>
			</Pair>
			<Pair>
				<key>highlight</key>
				<styleUrl>#s_ylw-pushpin_hl19</styleUrl>
			</Pair>
		</StyleMap>
		<Style id="s_ylw-pushpin19">
			<IconStyle>
				<scale>1.1</scale>
				<Icon>
					<href>http://maps.google.com/mapfiles/kml/pushpin/ylw-pushpin.png</href>
				</Icon>
				<hotSpot x="20" y="2" xunits="pixels" yunits="pixels"/>
			</IconStyle>
			<LineStyle>
				<color>ffffff00</color>
				<width>3</width>
			</LineStyle>
			<PolyStyle>
				<color>00ffffff</color>
			</PolyStyle>
		</Style>
		<Style id="s_ylw-pushpin_hl19">
			<IconStyle>
				<scale>1.3</scale>
				<Icon>
					<href>http://maps.google.com/mapfiles/kml/pushpin/ylw-pushpin.png</href>
				</Icon>
				<hotSpot x="20" y="2" xunits="pixels" yunits="pixels"/>
			</IconStyle>
			<LineStyle>
				<color>ffffff00</color>
				<width>3</width>
			</LineStyle>
			<PolyStyle>
				<color>00ffffff</color>
			</PolyStyle>
		</Style>
		<Placemark>
			<name>Ward No. 21 - Area 1</name>
			<styleUrl>#m_ylw-pushpin19</styleUrl>
			<Polygon>
				<tessellate>1</tessellate>
				<outerBoundaryIs>
					<LinearRing>
						<coordinates>
							75.89456458219067,30.89278592651674,0 75.89299581247172,30.8904948030648,0 75.89344664930367,30.89012553430544,0 75.89344421190698,30.89006492948824,0 75.8935749829146,30.88994870601694,0 75.89372807371477,30.88989035359049,0 75.89403857302494,30.88979152309721,0 75.89435720921763,30.88967473089632,0 75.8947543654905,30.88951800459055,0 75.89499381326057,30.8893695298712,0 75.89526999484116,30.88915276260078,0 75.89548761514453,30.8888898477326,0 75.89548584939065,30.8887000698242,0 75.8955057427207,30.88860682756176,0 75.8955834961223,30.88848453728901,0 75.89567765698457,30.88834064772662,0 75.89579699552733,30.88822523137011,0 75.89601009377731,30.88792295652855,0 75.89589489336781,30.88759072616022,0 75.89581185608114,30.88759130102809,0 75.89562937396111,30.88761404984457,0 75.89543463602382,30.88765836889147,0 75.89536289810589,30.886641876403,0 75.89533351066761,30.88522292203568,0 75.89854370730313,30.88411881072212,0 75.90153158104748,30.88846678255793,0 75.89817074406966,30.89020900714161,0 75.89856405643809,30.89082697320277,0 75.89456458219067,30.89278592651674,0 
						</coordinates>
					</LinearRing>
				</outerBoundaryIs>
			</Polygon>
		</Placemark>
		<Placemark>
			<name>Ward No. 21 - Area 2</name>
			<styleUrl>#m_ylw-pushpin19</styleUrl>
			<Polygon>
				<tessellate>1</tessellate>
				<outerBoundaryIs>
					<LinearRing>
						<coordinates>
							75.89456458219067,30.89278592651674,0 75.89525241403135,30.89379043507053,0 75.89292022916106,30.89484546745062,0 75.89292327514131,30.89517369976486,0 75.89247400731247,30.89523648168459,0 75.89206459716318,30.8958659702973,0 75.89427613255732,30.89925259797949,0 75.89379612513375,30.89973337379822,0 75.89223980865518,30.89983364009445,0 75.89131270716305,30.9006159011888,0 75.89000411972681,30.90131125744385,0 75.89077479926175,30.90232055312272,0 75.8903274301897,30.90259220347244,0 75.89234437165642,30.90592867670524,0 75.89051176028896,30.90659739215553,0 75.8860713144999,30.90834052191063,0 75.88606884072576,30.90843399209722,0 75.87958986963068,30.91076980886926,0 75.88266469817019,30.90343765830904,0 75.88295574250323,30.90254792029569,0 75.88373382870392,30.90052462572756,0 75.88386091691467,30.89831900767059,0 75.88937381922857,30.89826582248568,0 75.8909561265211,30.89873239483047,0 75.89109166393025,30.89842111279994,0 75.89139550506381,30.89834740104147,0 75.89147147367187,30.89758294309267,0 75.89180078097381,30.89727032528707,0 75.8912927764717,30.89622341569426,0 75.8934043115419,30.89406028636677,0 75.89456458219067,30.89278592651674,0 
						</coordinates>
					</LinearRing>
				</outerBoundaryIs>
			</Polygon>
		</Placemark>
	</Document>
	<Document>
		<name>Ward No.22.kml</name>
		<StyleMap id="m_ylw-pushpin20">
			<Pair>
				<key>normal</key>
				<styleUrl>#s_ylw-pushpin20</styleUrl>
			</Pair>
			<Pair>
				<key>highlight</key>
				<styleUrl>#s_ylw-pushpin_hl20</styleUrl>
			</Pair>
		</StyleMap>
		<Style id="s_ylw-pushpin20">
			<IconStyle>
				<scale>1.1</scale>
				<Icon>
					<href>http://maps.google.com/mapfiles/kml/pushpin/ylw-pushpin.png</href>
				</Icon>
				<hotSpot x="20" y="2" xunits="pixels" yunits="pixels"/>
			</IconStyle>
			<LineStyle>
				<color>ffffff55</color>
				<width>3</width>
			</LineStyle>
			<PolyStyle>
				<fill>0</fill>
			</PolyStyle>
		</Style>
		<Style id="s_ylw-pushpin_hl20">
			<IconStyle>
				<scale>1.3</scale>
				<Icon>
					<href>http://maps.google.com/mapfiles/kml/pushpin/ylw-pushpin.png</href>
				</Icon>
				<hotSpot x="20" y="2" xunits="pixels" yunits="pixels"/>
			</IconStyle>
			<LineStyle>
				<color>ffffff55</color>
				<width>3</width>
			</LineStyle>
			<PolyStyle>
				<fill>0</fill>
			</PolyStyle>
		</Style>
		<Placemark>
			<name>Ward No.22.kml</name>
			<styleUrl>#m_ylw-pushpin20</styleUrl>
			<Polygon>
				<tessellate>1</tessellate>
				<outerBoundaryIs>
					<LinearRing>
						<coordinates>
							75.89139550506381,30.89834740104143,0 75.89109166393025,30.89842111279992,0 75.8909561265211,30.89873239483047,0 75.88937381922857,30.89826582248572,0 75.88386091691468,30.89831900767058,0 75.8840620455438,30.89482825953785,0 75.88417412190789,30.89077005727264,0 75.88420030486566,30.88787912911208,0 75.88425164369568,30.8875704110015,0 75.88424829584181,30.88720600019909,0 75.88429971974398,30.88690662626957,0 75.88447066233944,30.88664381359303,0 75.88485751456798,30.88629542427587,0 75.88495720903083,30.88618202787508,0 75.89098900706279,30.8831397167813,0 75.89485556614535,30.88118335233536,0 75.89913098520188,30.87904335495735,0 75.90238125631457,30.87741632268806,0 75.90656584337358,30.87531426611496,0 75.91068984929208,30.87324242008516,0 75.91302371200504,30.87203569748088,0 75.91378279000763,30.87164320108431,0 75.91399304190219,30.87153448433767,0 75.91832638665427,30.86929368363001,0 75.91961189877611,30.86855771804153,0 75.91837426198981,30.87347650355529,0 75.90903708312976,30.87869294040253,0 75.90289875611681,30.88199135715236,0 75.89858748944819,30.88410375152265,0 75.89533351066224,30.88522292202404,0 75.89536289810589,30.886641876403,0 75.89543463602382,30.88765836889147,0 75.89562937396111,30.88761404984459,0 75.89581185608114,30.88759130102812,0 75.89589489336781,30.88759072616024,0 75.89601009377731,30.88792295652857,0 75.89579699552733,30.88822523137013,0 75.89567765698457,30.88834064772664,0 75.8955834961223,30.88848453728901,0 75.8955057427207,30.88860682756178,0 75.89548584939068,30.88870006982422,0 75.89548761514456,30.8888898477326,0 75.89526999484114,30.8891527626008,0 75.89499381326057,30.8893695298712,0 75.89475436549051,30.8895180045906,0 75.89435720921763,30.88967473089632,0 75.89403857302494,30.88979152309721,0 75.89372807371478,30.88989035359049,0 75.89357498291461,30.88994870601694,0 75.893444211907,30.89006492948827,0 75.89344664930368,30.89012553430548,0 75.89299581247171,30.89049480306482,0 75.89449230689081,30.89268037432077,0 75.89456458219068,30.89278592651676,0 75.8934043115419,30.89406028636677,0 75.89129277647167,30.89622341569426,0 75.89180078097381,30.89727032528705,0 75.89147147367187,30.89758294309267,0 75.89139550506381,30.89834740104143,0 
						</coordinates>
					</LinearRing>
				</outerBoundaryIs>
			</Polygon>
		</Placemark>
	</Document>
	<Document>
		<name>Ward No.23.kml</name>
		<StyleMap id="m_ylw-pushpin21">
			<Pair>
				<key>normal</key>
				<styleUrl>#s_ylw-pushpin21</styleUrl>
			</Pair>
			<Pair>
				<key>highlight</key>
				<styleUrl>#s_ylw-pushpin_hl21</styleUrl>
			</Pair>
		</StyleMap>
		<Style id="s_ylw-pushpin21">
			<IconStyle>
				<scale>1.1</scale>
				<Icon>
					<href>http://maps.google.com/mapfiles/kml/pushpin/ylw-pushpin.png</href>
				</Icon>
				<hotSpot x="20" y="2" xunits="pixels" yunits="pixels"/>
			</IconStyle>
			<LineStyle>
				<color>ffffff55</color>
				<width>3</width>
			</LineStyle>
			<PolyStyle>
				<fill>0</fill>
			</PolyStyle>
		</Style>
		<Style id="s_ylw-pushpin_hl21">
			<IconStyle>
				<scale>1.3</scale>
				<Icon>
					<href>http://maps.google.com/mapfiles/kml/pushpin/ylw-pushpin.png</href>
				</Icon>
				<hotSpot x="20" y="2" xunits="pixels" yunits="pixels"/>
			</IconStyle>
			<LineStyle>
				<color>ffffff55</color>
				<width>3</width>
			</LineStyle>
			<PolyStyle>
				<fill>0</fill>
			</PolyStyle>
		</Style>
		<Placemark>
			<name>Ward No.23.kml</name>
			<styleUrl>#m_ylw-pushpin21</styleUrl>
			<Polygon>
				<tessellate>1</tessellate>
				<outerBoundaryIs>
					<LinearRing>
						<coordinates>
							75.90668905000381,30.89619029497403,0 75.90725490428422,30.89716286103734,0 75.90624478772533,30.89761948029947,0 75.90436609654758,30.89860460538694,0 75.90404286151126,30.89869191287204,0 75.9028716979214,30.89850569523459,0 75.90249518165355,30.89848977629264,0 75.90138482691124,30.89644136717261,0 75.90137767063661,30.89567748328616,0 75.90064499480945,30.89429795549137,0 75.89674553955481,30.89597090652449,0 75.89456458219067,30.89278592651674,0 75.89856405643808,30.89082697320275,0 75.89817074406965,30.8902090071416,0 75.90153158104746,30.88846678255792,0 75.89854370730312,30.88411881072211,0 75.8985874894482,30.88410375152263,0 75.9028987561168,30.88199135715236,0 75.90903708312976,30.87869294040252,0 75.91553425310759,30.88816917783335,0 75.91779135772637,30.89184245195293,0 75.91552642579319,30.89304761239484,0 75.91249424426084,30.89440591435196,0 75.91050121673065,30.89441995487527,0 75.90668905000381,30.89619029497403,0 
						</coordinates>
					</LinearRing>
				</outerBoundaryIs>
			</Polygon>
		</Placemark>
	</Document>
	<Document>
		<name>Ward No.24.kml</name>
		<StyleMap id="m_ylw-pushpin22">
			<Pair>
				<key>normal</key>
				<styleUrl>#s_ylw-pushpin22</styleUrl>
			</Pair>
			<Pair>
				<key>highlight</key>
				<styleUrl>#s_ylw-pushpin_hl22</styleUrl>
			</Pair>
		</StyleMap>
		<Style id="s_ylw-pushpin22">
			<IconStyle>
				<scale>1.1</scale>
				<Icon>
					<href>http://maps.google.com/mapfiles/kml/pushpin/ylw-pushpin.png</href>
				</Icon>
				<hotSpot x="20" y="2" xunits="pixels" yunits="pixels"/>
			</IconStyle>
			<LineStyle>
				<color>ffffff55</color>
				<width>3</width>
			</LineStyle>
			<PolyStyle>
				<fill>0</fill>
			</PolyStyle>
		</Style>
		<Style id="s_ylw-pushpin_hl22">
			<IconStyle>
				<scale>1.3</scale>
				<Icon>
					<href>http://maps.google.com/mapfiles/kml/pushpin/ylw-pushpin.png</href>
				</Icon>
				<hotSpot x="20" y="2" xunits="pixels" yunits="pixels"/>
			</IconStyle>
			<LineStyle>
				<color>ffffff55</color>
				<width>3</width>
			</LineStyle>
			<PolyStyle>
				<fill>0</fill>
			</PolyStyle>
		</Style>
		<Placemark>
			<name>Ward No.24.kml</name>
			<styleUrl>#m_ylw-pushpin22</styleUrl>
			<Polygon>
				<tessellate>1</tessellate>
				<outerBoundaryIs>
					<LinearRing>
						<coordinates>
							75.91013166984284,30.90295711326557,0 75.90995630279778,30.90314933007721,0 75.90918369266883,30.90342213851021,0 75.9088099030859,30.90371123934878,0 75.90766925636024,30.90488424435926,0 75.90687093066268,30.90576330351346,0 75.90665410387165,30.90565891987172,0 75.90541331333964,30.9049787596173,0 75.90402093836838,30.9042586810627,0 75.90243899099627,30.90341229529628,0 75.90134933038955,30.90284208745058,0 75.90108796780601,30.90294106499683,0 75.90107704014028,30.90293398162492,0 75.90082199207403,30.90229855297504,0 75.89946666237276,30.90020510981475,0 75.89926502954512,30.89989365933179,0 75.89926369309075,30.89989159500049,0 75.90205502583437,30.89855999084636,0 75.90237837504579,30.8984848377203,0 75.9028716979214,30.89850569523459,0 75.90404286151126,30.89869191287204,0 75.90436609654758,30.89860460538694,0 75.90624478772533,30.89761948029947,0 75.90725490428422,30.89716286103734,0 75.90668905000381,30.89619029497403,0 75.91050121673065,30.89441995487527,0 75.91249424426084,30.89440591435196,0 75.91552642579319,30.89304761239484,0 75.91779135772637,30.89184245195293,0 75.92048312977994,30.89622268503067,0 75.91919125319387,30.89684902607801,0 75.91746972311999,30.89769965051007,0 75.91987296230285,30.90081127506342,0 75.91798705154969,30.90085823791174,0 75.91755530405874,30.90024914632859,0 75.91739215200968,30.90003136142785,0 75.91708220858651,30.90021516834131,0 75.91587108459979,30.90094948318151,0 75.91490100930544,30.90141470631249,0 75.91425985432325,30.90153382886051,0 75.91388354757382,30.90155558588696,0 75.91295321813143,30.90154305640333,0 75.91206772475944,30.90158749893695,0 75.91173752000405,30.90179990756833,0 75.91110142275342,30.90245373144138,0 75.91054323840298,30.90198020364752,0 75.9104114437567,30.90209572111302,0 75.91014948006155,30.90249862865099,0 75.91013166984284,30.90295711326557,0 
						</coordinates>
					</LinearRing>
				</outerBoundaryIs>
			</Polygon>
		</Placemark>
	</Document>
	<Document>
		<name>Ward No.25.kml</name>
		<StyleMap id="m_ylw-pushpin23">
			<Pair>
				<key>normal</key>
				<styleUrl>#s_ylw-pushpin23</styleUrl>
			</Pair>
			<Pair>
				<key>highlight</key>
				<styleUrl>#s_ylw-pushpin_hl23</styleUrl>
			</Pair>
		</StyleMap>
		<Style id="s_ylw-pushpin23">
			<IconStyle>
				<scale>1.1</scale>
				<Icon>
					<href>http://maps.google.com/mapfiles/kml/pushpin/ylw-pushpin.png</href>
				</Icon>
				<hotSpot x="20" y="2" xunits="pixels" yunits="pixels"/>
			</IconStyle>
			<LineStyle>
				<color>ffffff55</color>
				<width>3</width>
			</LineStyle>
			<PolyStyle>
				<fill>0</fill>
			</PolyStyle>
		</Style>
		<Style id="s_ylw-pushpin_hl23">
			<IconStyle>
				<scale>1.3</scale>
				<Icon>
					<href>http://maps.google.com/mapfiles/kml/pushpin/ylw-pushpin.png</href>
				</Icon>
				<hotSpot x="20" y="2" xunits="pixels" yunits="pixels"/>
			</IconStyle>
			<LineStyle>
				<color>ffffff55</color>
				<width>3</width>
			</LineStyle>
			<PolyStyle>
				<fill>0</fill>
			</PolyStyle>
		</Style>
		<Placemark>
			<name>Ward No.25.kml</name>
			<styleUrl>#m_ylw-pushpin23</styleUrl>
			<Polygon>
				<tessellate>1</tessellate>
				<outerBoundaryIs>
					<LinearRing>
						<coordinates>
							75.91876355635931,30.91015301641679,0 75.91799411874824,30.91100327170335,0 75.91770782917277,30.91133665358454,0 75.91717228243007,30.91106621255492,0 75.91592127928958,30.91039644253391,0 75.91425722822314,30.90954343987878,0 75.9127723921553,30.90878561266034,0 75.91110230120248,30.90794574721312,0 75.90938478772738,30.90703608592047,0 75.90796390313265,30.90628946883494,0 75.90687093066268,30.90576330351346,0 75.90766925636024,30.90488424435926,0 75.9088099030859,30.90371123934878,0 75.90918369266883,30.90342213851021,0 75.90995630279778,30.90314933007721,0 75.91013166984284,30.90295711326557,0 75.91014948006155,30.90249862865099,0 75.9104114437567,30.90209572111302,0 75.91054323840298,30.90198020364752,0 75.91110142275342,30.90245373144138,0 75.91173752000405,30.90179990756833,0 75.91206772475944,30.90158749893695,0 75.91295321813143,30.90154305640333,0 75.91388354757382,30.90155558588696,0 75.91425985432325,30.90153382886051,0 75.91490100930544,30.90141470631249,0 75.91587108459979,30.90094948318151,0 75.91708220858651,30.90021516834131,0 75.91739215200968,30.90003136142785,0 75.91755530405874,30.90024914632859,0 75.91798705154969,30.90085823791174,0 75.91987296230285,30.90081127506342,0 75.91967903506779,30.90224502473906,0 75.92023783615988,30.90277818996818,0 75.9202090404124,30.90431686327217,0 75.92021354094878,30.90530291569708,0 75.92275251664954,30.90517740170297,0 75.92260002578318,30.90622972385351,0 75.92261229722563,30.90622899829576,0 75.92194791227629,30.90986513342309,0 75.91961269947788,30.90929973519044,0 75.91876355635931,30.91015301641679,0 
						</coordinates>
					</LinearRing>
				</outerBoundaryIs>
			</Polygon>
		</Placemark>
	</Document>
	<Document>
		<name>Ward No.26.kml</name>
		<StyleMap id="m_ylw-pushpin24">
			<Pair>
				<key>normal</key>
				<styleUrl>#s_ylw-pushpin24</styleUrl>
			</Pair>
			<Pair>
				<key>highlight</key>
				<styleUrl>#s_ylw-pushpin_hl24</styleUrl>
			</Pair>
		</StyleMap>
		<Style id="s_ylw-pushpin24">
			<IconStyle>
				<scale>1.1</scale>
				<Icon>
					<href>http://maps.google.com/mapfiles/kml/pushpin/ylw-pushpin.png</href>
				</Icon>
				<hotSpot x="20" y="2" xunits="pixels" yunits="pixels"/>
			</IconStyle>
			<LineStyle>
				<color>ffffff55</color>
				<width>3</width>
			</LineStyle>
			<PolyStyle>
				<fill>0</fill>
			</PolyStyle>
		</Style>
		<Style id="s_ylw-pushpin_hl24">
			<IconStyle>
				<scale>1.3</scale>
				<Icon>
					<href>http://maps.google.com/mapfiles/kml/pushpin/ylw-pushpin.png</href>
				</Icon>
				<hotSpot x="20" y="2" xunits="pixels" yunits="pixels"/>
			</IconStyle>
			<LineStyle>
				<color>ffffff55</color>
				<width>3</width>
			</LineStyle>
			<PolyStyle>
				<fill>0</fill>
			</PolyStyle>
		</Style>
		<Placemark>
			<name>Ward No.26.kml</name>
			<styleUrl>#m_ylw-pushpin24</styleUrl>
			<Polygon>
				<tessellate>1</tessellate>
				<outerBoundaryIs>
					<LinearRing>
						<coordinates>
							75.92833219030032,30.90502171020076,0 75.92724192130945,30.90507619016977,0 75.92621587337872,30.90499758789491,0 75.92571413520817,30.9049471526992,0 75.92461910459095,30.90480272442819,0 75.9237505573162,30.90464649941483,0 75.92365803087814,30.90608352374911,0 75.92266026795811,30.9060513518172,0 75.92262694281872,30.9062281323217,0 75.92261229722563,30.90622899829576,0 75.92260002578318,30.90622972385351,0 75.92275251664954,30.90517740170297,0 75.92021354094878,30.90530291569708,0 75.9202090404124,30.90431686327217,0 75.92023783615988,30.90277818996818,0 75.91967903506779,30.90224502473906,0 75.91987296230285,30.90081127506342,0 75.91746972311999,30.89769965051007,0 75.91919125319387,30.89684902607801,0 75.92457170715383,30.89424028070792,0 75.92777649493132,30.89717987943521,0 75.92994442719019,30.89807148252711,0 75.92833219030032,30.90502171020076,0 
						</coordinates>
					</LinearRing>
				</outerBoundaryIs>
			</Polygon>
		</Placemark>
	</Document>
	<Document>
		<name>Ward No.27.kml</name>
		<StyleMap id="m_ylw-pushpin25">
			<Pair>
				<key>normal</key>
				<styleUrl>#s_ylw-pushpin25</styleUrl>
			</Pair>
			<Pair>
				<key>highlight</key>
				<styleUrl>#s_ylw-pushpin_hl25</styleUrl>
			</Pair>
		</StyleMap>
		<Style id="s_ylw-pushpin25">
			<IconStyle>
				<scale>1.1</scale>
				<Icon>
					<href>http://maps.google.com/mapfiles/kml/pushpin/ylw-pushpin.png</href>
				</Icon>
				<hotSpot x="20" y="2" xunits="pixels" yunits="pixels"/>
			</IconStyle>
			<LineStyle>
				<color>ffffff55</color>
				<width>3</width>
			</LineStyle>
			<PolyStyle>
				<fill>0</fill>
			</PolyStyle>
		</Style>
		<Style id="s_ylw-pushpin_hl25">
			<IconStyle>
				<scale>1.3</scale>
				<Icon>
					<href>http://maps.google.com/mapfiles/kml/pushpin/ylw-pushpin.png</href>
				</Icon>
				<hotSpot x="20" y="2" xunits="pixels" yunits="pixels"/>
			</IconStyle>
			<LineStyle>
				<color>ffffff55</color>
				<width>3</width>
			</LineStyle>
			<PolyStyle>
				<fill>0</fill>
			</PolyStyle>
		</Style>
		<Placemark>
			<name>Ward No.27.kml</name>
			<styleUrl>#m_ylw-pushpin25</styleUrl>
			<Polygon>
				<tessellate>1</tessellate>
				<outerBoundaryIs>
					<LinearRing>
						<coordinates>
							75.93312054555534,30.90423131572045,0 75.93171895465152,30.90449754817121,0 75.92992148149307,30.90478213490778,0 75.92833219030032,30.90502171020081,0 75.92994442719019,30.89807148252711,0 75.92777649493134,30.89717987943524,0 75.92457170714607,30.89424028069603,0 75.92048312977994,30.8962226850307,0 75.91553425310759,30.88816917783335,0 75.91544044856002,30.88803237828165,0 75.91737318351289,30.88707641916263,0 75.91937285787448,30.8860356925608,0 75.92238605771712,30.88446728600264,0 75.92560840557783,30.88278272451196,0 75.92663830436956,30.88223105218027,0 75.92807052865179,30.88149505321121,0 75.92967884846725,30.88065273299135,0 75.93022403593916,30.88035756619357,0 75.93331935036716,30.87873102308859,0 75.93460271474849,30.87806764481105,0 75.93672866928624,30.87695889736347,0 75.93740605254054,30.87660067436853,0 75.93806105773864,30.87621873718357,0 75.93833013754316,30.87599715618279,0 75.93896150494025,30.87546259942981,0 75.93990733644353,30.87482071577716,0 75.94094641020217,30.87409220513413,0 75.94241457627655,30.87309318654206,0 75.94358044646457,30.87231598605288,0 75.94389270521674,30.87198426365345,0 75.94487767362595,30.87195320445094,0 75.94578534096686,30.87194180090417,0 75.94674854404327,30.87194908309813,0 75.94825416127465,30.87195238559054,0 75.94903462040996,30.87195144025203,0 75.9496097119244,30.87194852219884,0 75.94960646765588,30.87195080002568,0 75.94959616294354,30.87195107693538,0 75.94959203030484,30.87195185612021,0 75.95000834857922,30.8722777982223,0 75.95131366024218,30.8732340670572,0 75.95529057729074,30.87957783197214,0 75.95351386514393,30.88040095861126,0 75.95296074389012,30.88060613727382,0 75.94798188916488,30.88282964870039,0 75.93938466242315,30.8867316471496,0 75.93523295917959,30.88851016109781,0 75.9370704679268,30.88980933196836,0 75.93479623421257,30.8924674081203,0 75.93275735084113,30.89523088525967,0 75.93555003986992,30.89647023942058,0 75.93566202926574,30.8964330968114,0 75.93625029638217,30.89627140152384,0 75.93693792025118,30.89621798128061,0 75.9375427039962,30.89631048597619,0 75.9379515975406,30.89647707222512,0 75.93817994275294,30.89685084969929,0 75.93838197669736,30.89740647881025,0 75.93827577453763,30.89803700742352,0 75.93794299107726,30.89847540728763,0 75.93798430132466,30.8998315100414,0 75.9380946675778,30.9033883552069,0 75.93809359035575,30.90418923234716,0 75.93769381724866,30.90420745870792,0 75.93728930021359,30.90419506234403,0 75.93528509203239,30.90419424067766,0 75.93312054555534,30.90423131572045,0 
						</coordinates>
					</LinearRing>
				</outerBoundaryIs>
			</Polygon>
		</Placemark>
	</Document>
	<Document>
		<name>Ward No.28 B.kml</name>
		<StyleMap id="m_ylw-pushpin26">
			<Pair>
				<key>normal</key>
				<styleUrl>#s_ylw-pushpin26</styleUrl>
			</Pair>
			<Pair>
				<key>highlight</key>
				<styleUrl>#s_ylw-pushpin_hl26</styleUrl>
			</Pair>
		</StyleMap>
		<Style id="s_ylw-pushpin26">
			<IconStyle>
				<scale>1.1</scale>
				<Icon>
					<href>http://maps.google.com/mapfiles/kml/pushpin/ylw-pushpin.png</href>
				</Icon>
				<hotSpot x="20" y="2" xunits="pixels" yunits="pixels"/>
			</IconStyle>
			<LineStyle>
				<color>ffffff55</color>
				<width>3</width>
			</LineStyle>
			<PolyStyle>
				<fill>0</fill>
			</PolyStyle>
		</Style>
		<Style id="s_ylw-pushpin_hl26">
			<IconStyle>
				<scale>1.3</scale>
				<Icon>
					<href>http://maps.google.com/mapfiles/kml/pushpin/ylw-pushpin.png</href>
				</Icon>
				<hotSpot x="20" y="2" xunits="pixels" yunits="pixels"/>
			</IconStyle>
			<LineStyle>
				<color>ffffff55</color>
				<width>3</width>
			</LineStyle>
			<PolyStyle>
				<fill>0</fill>
			</PolyStyle>
		</Style>
		<Placemark>
			<name>Ward No.28 B.kml</name>
			<styleUrl>#m_ylw-pushpin26</styleUrl>
			<Polygon>
				<tessellate>1</tessellate>
				<outerBoundaryIs>
					<LinearRing>
						<coordinates>
							75.9455756638033,30.85316380386107,0 75.94663705739887,30.85252695988541,0 75.9487101998124,30.85125390447957,0 75.95028449526437,30.85028713348815,0 75.95160021340963,30.84951997742706,0 75.95401740551951,30.84811051824864,0 75.95626315910741,30.85034115148457,0 75.95572600647212,30.85061224457062,0 75.94264194257376,30.85744497138358,0 75.94341350682826,30.85812056890609,0 75.9453961649062,30.85991891908956,0 75.94409921084096,30.86121884634298,0 75.94427387492425,30.86133131417955,0 75.94427368742261,30.8613315042081,0 75.94460509405849,30.8615709020963,0 75.94660771654173,30.86320693133072,0 75.94749808525884,30.86451463516305,0 75.94788229337604,30.86516367357836,0 75.94882227551413,30.86655511299861,0 75.94978738575473,30.86801995691994,0 75.95061628418014,30.86926500516833,0 75.95153112593437,30.87059959144745,0 75.9496097119244,30.87194852219884,0 75.94903462040996,30.87195144025203,0 75.94825416127465,30.87195238559054,0 75.94674854404327,30.87194908309813,0 75.94578534096686,30.87194180090417,0 75.94487767362595,30.87195320445094,0 75.94389270521674,30.87198426365345,0 75.94358044646457,30.87231598605288,0 75.94241457627655,30.87309318654206,0 75.94094641020217,30.87409220513413,0 75.93990733644353,30.87482071577716,0 75.93896150494025,30.87546259942981,0 75.93833013754316,30.87599715618279,0 75.93806105773864,30.87621873718357,0 75.93740605254054,30.87660067436853,0 75.93672866928624,30.87695889736347,0 75.93460271474849,30.87806764481105,0 75.93331935036716,30.87873102308859,0 75.93022403593916,30.88035756619357,0 75.92967884846725,30.88065273299135,0 75.92807052865179,30.88149505321121,0 75.92663830436956,30.88223105218027,0 75.92560840557783,30.88278272451196,0 75.92238605771712,30.88446728600264,0 75.91937285787448,30.8860356925608,0 75.91737318351289,30.88707641916263,0 75.91544044856002,30.88803237828165,0 75.90903708312979,30.87869294040257,0 75.91837426198981,30.87347650355529,0 75.91961189877611,30.86855771804153,0 75.91988805939744,30.86839961079592,0 75.92622796950793,30.86476959139044,0 75.93129581477332,30.86173017017132,0 75.9455756638033,30.85316380386107,0 
						</coordinates>
					</LinearRing>
				</outerBoundaryIs>
			</Polygon>
		</Placemark>
	</Document>
	<Document>
		<name>Ward No.28 C.kml</name>
		<StyleMap id="m_ylw-pushpin27">
			<Pair>
				<key>normal</key>
				<styleUrl>#s_ylw-pushpin27</styleUrl>
			</Pair>
			<Pair>
				<key>highlight</key>
				<styleUrl>#s_ylw-pushpin_hl27</styleUrl>
			</Pair>
		</StyleMap>
		<Style id="s_ylw-pushpin27">
			<IconStyle>
				<scale>1.1</scale>
				<Icon>
					<href>http://maps.google.com/mapfiles/kml/pushpin/ylw-pushpin.png</href>
				</Icon>
				<hotSpot x="20" y="2" xunits="pixels" yunits="pixels"/>
			</IconStyle>
			<LineStyle>
				<color>ffffff55</color>
				<width>3</width>
			</LineStyle>
			<PolyStyle>
				<fill>0</fill>
			</PolyStyle>
		</Style>
		<Style id="s_ylw-pushpin_hl27">
			<IconStyle>
				<scale>1.3</scale>
				<Icon>
					<href>http://maps.google.com/mapfiles/kml/pushpin/ylw-pushpin.png</href>
				</Icon>
				<hotSpot x="20" y="2" xunits="pixels" yunits="pixels"/>
			</IconStyle>
			<LineStyle>
				<color>ffffff55</color>
				<width>3</width>
			</LineStyle>
			<PolyStyle>
				<fill>0</fill>
			</PolyStyle>
		</Style>
		<Placemark>
			<name>Ward No.28 C.kml</name>
			<styleUrl>#m_ylw-pushpin27</styleUrl>
			<Polygon>
				<tessellate>1</tessellate>
				<outerBoundaryIs>
					<LinearRing>
						<coordinates>
							75.9455756638033,30.85316380386107,0 75.93129581477332,30.86173017017132,0 75.92651991311669,30.85923250871906,0 75.92523834985036,30.85833450011973,0 75.9256741977985,30.85761519527057,0 75.92066887745216,30.85497845158987,0 75.92776116668564,30.85153615908303,0 75.92868008629996,30.85106913328246,0 75.92869671771828,30.85106219000685,0 75.92989529780405,30.85051744326771,0 75.93107953742634,30.84993191675616,0 75.93209191175902,30.84944138266546,0 75.93304601718488,30.84897770623975,0 75.93389464963495,30.84855806022006,0 75.93470171210394,30.84816275101607,0 75.93609112538059,30.84747712438672,0 75.93693982445096,30.84706707468999,0 75.93794078301059,30.84655493915255,0 75.93898104164819,30.84607376641426,0 75.93992776045441,30.84562646191556,0 75.94199406548395,30.8480179939713,0 75.94309431244477,30.8494797091708,0 75.94328710846837,30.850114063014,0 75.9455759808699,30.85316317560862,0 75.9455756638033,30.85316380386107,0 
						</coordinates>
					</LinearRing>
				</outerBoundaryIs>
			</Polygon>
		</Placemark>
	</Document>
	<Document>
		<name>Ward No.29.kml</name>
		<StyleMap id="m_ylw-pushpin28">
			<Pair>
				<key>normal</key>
				<styleUrl>#s_ylw-pushpin28</styleUrl>
			</Pair>
			<Pair>
				<key>highlight</key>
				<styleUrl>#s_ylw-pushpin_hl28</styleUrl>
			</Pair>
		</StyleMap>
		<Style id="s_ylw-pushpin28">
			<IconStyle>
				<scale>1.1</scale>
				<Icon>
					<href>http://maps.google.com/mapfiles/kml/pushpin/ylw-pushpin.png</href>
				</Icon>
				<hotSpot x="20" y="2" xunits="pixels" yunits="pixels"/>
			</IconStyle>
			<LineStyle>
				<color>ffffff55</color>
				<width>3</width>
			</LineStyle>
			<PolyStyle>
				<fill>0</fill>
			</PolyStyle>
		</Style>
		<Style id="s_ylw-pushpin_hl28">
			<IconStyle>
				<scale>1.3</scale>
				<Icon>
					<href>http://maps.google.com/mapfiles/kml/pushpin/ylw-pushpin.png</href>
				</Icon>
				<hotSpot x="20" y="2" xunits="pixels" yunits="pixels"/>
			</IconStyle>
			<LineStyle>
				<color>ffffff55</color>
				<width>3</width>
			</LineStyle>
			<PolyStyle>
				<fill>0</fill>
			</PolyStyle>
		</Style>
		<Placemark>
			<name>Ward No.29.kml</name>
			<styleUrl>#m_ylw-pushpin28</styleUrl>
			<Polygon>
				<tessellate>1</tessellate>
				<outerBoundaryIs>
					<LinearRing>
						<coordinates>
							75.88725217196671,30.85093369181241,0 75.88927136522375,30.84974266700477,0 75.8892760283187,30.84846618196011,0 75.88827342112579,30.84848015504212,0 75.88591957678078,30.84724110017246,0 75.88514832243821,30.84828172024297,0 75.88056032860547,30.84823844447352,0 75.87953430603604,30.84817594217222,0 75.87938224465208,30.84808563393916,0 75.87970462573979,30.84771049259717,0 75.89389790220764,30.83532869075915,0 75.89527893949816,30.83411331032091,0 75.89733239911783,30.83590462854568,0 75.89767575451285,30.83620414188966,0 75.90018297616155,30.83839113853334,0 75.90022950965498,30.83863883977083,0 75.90195303211965,30.83996617074456,0 75.90430518610199,30.84177753003763,0 75.90726737096396,30.84169957634044,0 75.91016812268666,30.84448380533952,0 75.9118044521373,30.84614161365199,0 75.91180996738059,30.84614781304903,0 75.91180974073626,30.84613800420925,0 75.91192237702076,30.84625211574247,0 75.91199657827181,30.84625086964097,0 75.91557746544065,30.84619068549031,0 75.91800144565157,30.84608220651201,0 75.92151162580086,30.84708746746447,0 75.92292261517214,30.84860743146851,0 75.92457716907801,30.84762355746303,0 75.92776116668564,30.85153615908303,0 75.91288210980645,30.8587570890678,0 75.91287469692564,30.85876067750644,0 75.91220308297514,30.85908577108521,0 75.9120062989298,30.85918025184998,0 75.91123831150588,30.85954897701152,0 75.9102456310127,30.86003256739897,0 75.90968239517838,30.86037984476505,0 75.90968183618602,30.86038053816106,0 75.90968090030945,30.86038169678435,0 75.90968036871277,30.86038144255328,0 75.90967710573004,30.86038345413012,0 75.90967561086092,30.86038530614934,0 75.9096789160422,30.86038688627711,0 75.909274079951,30.86080444057345,0 75.90904125033036,30.86104458268811,0 75.90853221560479,30.86173572249397,0 75.90798805712122,30.86254490784058,0 75.90741894529118,30.86336868937853,0 75.90699027001875,30.86401358365128,0 75.90647891636785,30.86475762192088,0 75.90602818298103,30.86542911149124,0 75.90555811829981,30.86611996723555,0 75.90509898966107,30.86678910867077,0 75.90449987490469,30.8676876144336,0 75.90410372273222,30.86823851255625,0 75.90395214421875,30.86844625066861,0 75.90347807238368,30.86846199767477,0 75.90240544570344,30.86850073280925,0 75.90162806139422,30.86852057385717,0 75.90065854487024,30.86855857658384,0 75.89963603236106,30.8685921319751,0 75.89866325212706,30.86861703650184,0 75.89858898295351,30.86822731617645,0 75.89586944035244,30.86916621901478,0 75.89491189344183,30.85732794835053,0 75.89512873157372,30.85679339639465,0 75.8951140205552,30.85636465237245,0 75.89556304048526,30.85635378762144,0 75.89556668286936,30.85585242754685,0 75.89555229258373,30.85519721071197,0 75.89556257233588,30.85451675643041,0 75.89557533881586,30.85365723664533,0 75.89559423461922,30.85211729093236,0 75.89559122312626,30.85089978335276,0 75.89430865235975,30.85089432370744,0 75.89359061982317,30.85089569972504,0 75.89269824196383,30.85089469282928,0 75.89154027867011,30.85089908956639,0 75.8905110070552,30.85090617196588,0 75.88916216265396,30.85091544095354,0 75.88809958887988,30.85091198994361,0 75.88725217196671,30.85093369181241,0 
						</coordinates>
					</LinearRing>
				</outerBoundaryIs>
			</Polygon>
		</Placemark>
	</Document>
	<Document>
		<name>Ward No.30.kml</name>
		<StyleMap id="m_ylw-pushpin29">
			<Pair>
				<key>normal</key>
				<styleUrl>#s_ylw-pushpin29</styleUrl>
			</Pair>
			<Pair>
				<key>highlight</key>
				<styleUrl>#s_ylw-pushpin_hl29</styleUrl>
			</Pair>
		</StyleMap>
		<Style id="s_ylw-pushpin29">
			<IconStyle>
				<scale>1.1</scale>
				<Icon>
					<href>http://maps.google.com/mapfiles/kml/pushpin/ylw-pushpin.png</href>
				</Icon>
				<hotSpot x="20" y="2" xunits="pixels" yunits="pixels"/>
			</IconStyle>
			<LineStyle>
				<color>ffffff55</color>
				<width>3</width>
			</LineStyle>
			<PolyStyle>
				<fill>0</fill>
			</PolyStyle>
		</Style>
		<Style id="s_ylw-pushpin_hl29">
			<IconStyle>
				<scale>1.3</scale>
				<Icon>
					<href>http://maps.google.com/mapfiles/kml/pushpin/ylw-pushpin.png</href>
				</Icon>
				<hotSpot x="20" y="2" xunits="pixels" yunits="pixels"/>
			</IconStyle>
			<LineStyle>
				<color>ffffff55</color>
				<width>3</width>
			</LineStyle>
			<PolyStyle>
				<fill>0</fill>
			</PolyStyle>
		</Style>
		<Placemark>
			<name>Ward No.30.kml</name>
			<styleUrl>#m_ylw-pushpin29</styleUrl>
			<Polygon>
				<tessellate>1</tessellate>
				<outerBoundaryIs>
					<LinearRing>
						<coordinates>
							75.91399304190222,30.87153448433767,0 75.91378279000763,30.87164320108427,0 75.91302371200504,30.87203569748088,0 75.9106898492921,30.87324242008516,0 75.90656584337358,30.87531426611496,0 75.90238125631457,30.87741632268806,0 75.89913098520188,30.87904335495735,0 75.89485556614538,30.88118335233536,0 75.89098900706279,30.8831397167813,0 75.89006708371498,30.88117571915638,0 75.88913516937517,30.87934445335176,0 75.88819975427762,30.87712988497121,0 75.88758611131952,30.87567813447939,0 75.8870973778486,30.87452186030183,0 75.88532661748357,30.87028929303479,0 75.88529528448136,30.87007337113804,0 75.88529341480812,30.87007388308229,0 75.88526984819269,30.86999344809525,0 75.88526964183329,30.86999274573601,0 75.88712676959189,30.86948893188241,0 75.88763031410272,30.86968823675658,0 75.88847144593396,30.8699653620321,0 75.88954580603614,30.87032324127354,0 75.88953598106399,30.87105740525424,0 75.8900671307737,30.87103226832299,0 75.89140732448202,30.87095500780501,0 75.89320690623111,30.87095463263719,0 75.89513568195687,30.87013034445796,0 75.89469235325748,30.86973155391253,0 75.89468537589649,30.8695878303929,0 75.89586944035244,30.86916621901478,0 75.89858898295354,30.86822731617645,0 75.89866325212706,30.86861703650184,0 75.89963603236109,30.8685921319751,0 75.90065854487027,30.86855857658388,0 75.90162806139425,30.86852057385717,0 75.90240544570341,30.86850073280925,0 75.90347807238369,30.86846199767477,0 75.90395214421878,30.86844625066861,0 75.90410372273222,30.8682385125563,0 75.90449987490469,30.8676876144336,0 75.90509898966107,30.86678910867081,0 75.90555811829978,30.86611996723559,0 75.90602818298103,30.86542911149124,0 75.90647891636785,30.86475762192088,0 75.90699027001875,30.86401358365128,0 75.90741894529118,30.86336868937853,0 75.90798805712122,30.86254490784058,0 75.90853221560479,30.86173572249393,0 75.90904125033036,30.86104458268811,0 75.909274079951,30.86080444057349,0 75.9096789160422,30.86038688627707,0 75.90967561086094,30.86038530614934,0 75.90967710573004,30.86038345413012,0 75.90968036871277,30.86038144255331,0 75.90968090030948,30.86038169678435,0 75.90968183618602,30.8603805381611,0 75.90968239517838,30.86037984476509,0 75.91024563101267,30.86003256739902,0 75.91123831150591,30.85954897701152,0 75.9120062989298,30.85918025184998,0 75.91220308297514,30.85908577108521,0 75.91287469692564,30.85876067750644,0 75.91288210980645,30.8587570890678,0 75.92066887745216,30.85497845158987,0 75.9256741977985,30.85761519527057,0 75.92523834985036,30.85833450011973,0 75.92651991311669,30.85923250871906,0 75.93129581477332,30.86173017017132,0 75.92622796950793,30.86476959139044,0 75.91988805939744,30.86839961079592,0 75.91832638665427,30.86929368363001,0 75.91399304190222,30.87153448433767,0 
						</coordinates>
					</LinearRing>
				</outerBoundaryIs>
			</Polygon>
		</Placemark>
	</Document>
	<Document>
		<name>Ward No.31.kml</name>
		<StyleMap id="m_ylw-pushpin30">
			<Pair>
				<key>normal</key>
				<styleUrl>#s_ylw-pushpin30</styleUrl>
			</Pair>
			<Pair>
				<key>highlight</key>
				<styleUrl>#s_ylw-pushpin_hl30</styleUrl>
			</Pair>
		</StyleMap>
		<Style id="s_ylw-pushpin30">
			<IconStyle>
				<scale>1.1</scale>
				<Icon>
					<href>http://maps.google.com/mapfiles/kml/pushpin/ylw-pushpin.png</href>
				</Icon>
				<hotSpot x="20" y="2" xunits="pixels" yunits="pixels"/>
			</IconStyle>
			<LineStyle>
				<color>ffffff55</color>
				<width>3</width>
			</LineStyle>
			<PolyStyle>
				<fill>0</fill>
			</PolyStyle>
		</Style>
		<Style id="s_ylw-pushpin_hl30">
			<IconStyle>
				<scale>1.3</scale>
				<Icon>
					<href>http://maps.google.com/mapfiles/kml/pushpin/ylw-pushpin.png</href>
				</Icon>
				<hotSpot x="20" y="2" xunits="pixels" yunits="pixels"/>
			</IconStyle>
			<LineStyle>
				<color>ffffff55</color>
				<width>3</width>
			</LineStyle>
			<PolyStyle>
				<fill>0</fill>
			</PolyStyle>
		</Style>
		<Placemark>
			<name>Ward No.31.kml</name>
			<styleUrl>#m_ylw-pushpin30</styleUrl>
			<Polygon>
				<tessellate>1</tessellate>
				<outerBoundaryIs>
					<LinearRing>
						<coordinates>
							75.8900671307737,30.87103226832299,0 75.88953598106399,30.87105740525424,0 75.88954580603614,30.87032324127354,0 75.88847144593396,30.8699653620321,0 75.88763031410272,30.86968823675658,0 75.88712676959189,30.86948893188241,0 75.8863678127602,30.86821837954921,0 75.88599268026918,30.86765363669082,0 75.88580493183217,30.86511620397044,0 75.88547251250199,30.86114729681184,0 75.88532938958849,30.85879459700599,0 75.88533047907357,30.85879444352143,0 75.88532849777377,30.85873236757517,0 75.88555891813661,30.85869826617832,0 75.88613578942049,30.8586201624968,0 75.88669113579634,30.85854378997465,0 75.88672447861526,30.85700754598726,0 75.88671064835243,30.85550446657387,0 75.88670059927979,30.8544122576402,0 75.88673451617218,30.85095141982767,0 75.88725217196671,30.85093369181241,0 75.88809958887988,30.85091198994361,0 75.88916216265396,30.85091544095354,0 75.8905110070552,30.85090617196588,0 75.89154027867011,30.85089908956639,0 75.89269824196383,30.85089469282928,0 75.89359061982317,30.85089569972504,0 75.89430865235975,30.85089432370744,0 75.89559122312626,30.85089978335276,0 75.89559423461922,30.85211729093236,0 75.89557533881586,30.85365723664533,0 75.89556257233588,30.85451675643041,0 75.89555229258373,30.85519721071197,0 75.89556668286936,30.85585242754685,0 75.89556304048526,30.85635378762144,0 75.8951140205552,30.8563646523725,0 75.89512873157373,30.8567933963947,0 75.89491189344184,30.85732794835053,0 75.89570702073169,30.86715844612126,0 75.89586944035244,30.86916621901482,0 75.89468537589649,30.8695878303929,0 75.89469235325748,30.86973155391257,0 75.89513568195687,30.87013034445796,0 75.89320690623111,30.87095463263719,0 75.89140732448202,30.87095500780501,0 75.8900671307737,30.87103226832299,0 
						</coordinates>
					</LinearRing>
				</outerBoundaryIs>
			</Polygon>
		</Placemark>
	</Document>
	<Document>
		<name>Ward No.32.kml</name>
		<StyleMap id="m_ylw-pushpin31">
			<Pair>
				<key>normal</key>
				<styleUrl>#s_ylw-pushpin31</styleUrl>
			</Pair>
			<Pair>
				<key>highlight</key>
				<styleUrl>#s_ylw-pushpin_hl31</styleUrl>
			</Pair>
		</StyleMap>
		<Style id="s_ylw-pushpin31">
			<IconStyle>
				<scale>1.1</scale>
				<Icon>
					<href>http://maps.google.com/mapfiles/kml/pushpin/ylw-pushpin.png</href>
				</Icon>
				<hotSpot x="20" y="2" xunits="pixels" yunits="pixels"/>
			</IconStyle>
			<LineStyle>
				<color>ffffff55</color>
				<width>3</width>
			</LineStyle>
			<PolyStyle>
				<fill>0</fill>
			</PolyStyle>
		</Style>
		<Style id="s_ylw-pushpin_hl31">
			<IconStyle>
				<scale>1.3</scale>
				<Icon>
					<href>http://maps.google.com/mapfiles/kml/pushpin/ylw-pushpin.png</href>
				</Icon>
				<hotSpot x="20" y="2" xunits="pixels" yunits="pixels"/>
			</IconStyle>
			<LineStyle>
				<color>ffffff55</color>
				<width>3</width>
			</LineStyle>
			<PolyStyle>
				<fill>0</fill>
			</PolyStyle>
		</Style>
		<Placemark>
			<name>Ward No.32.kml</name>
			<styleUrl>#m_ylw-pushpin31</styleUrl>
			<Polygon>
				<tessellate>1</tessellate>
				<outerBoundaryIs>
					<LinearRing>
						<coordinates>
							75.8856924937775,30.86377379692717,0 75.88046830091051,30.86452335909265,0 75.88049868266747,30.8633056240468,0 75.8770709594738,30.86320819856569,0 75.87737695835709,30.86280760016997,0 75.87882032289576,30.86101422369072,0 75.87886569723675,30.86092286974639,0 75.87887702970251,30.86090748116881,0 75.88019382044409,30.85911928931329,0 75.87996429043713,30.85894783407231,0 75.87945754100711,30.85838886944278,0 75.87935132462169,30.85812101828763,0 75.88121937263412,30.85813815896001,0 75.88102215078233,30.85548361522597,0 75.88671064835241,30.85550446657383,0 75.88672447861524,30.85700754598729,0 75.88669113579634,30.85854378997464,0 75.88613578942049,30.85862016249676,0 75.8855589181366,30.85869826617831,0 75.88532849777374,30.85873236757512,0 75.88533047907357,30.85879444352136,0 75.88532938958849,30.85879459700594,0 75.88547251250198,30.86114729681184,0 75.8856924937775,30.86377379692717,0 
						</coordinates>
					</LinearRing>
				</outerBoundaryIs>
			</Polygon>
		</Placemark>
	</Document>
	<Document>
		<name>Ward No.33.kml</name>
		<StyleMap id="m_ylw-pushpin32">
			<Pair>
				<key>normal</key>
				<styleUrl>#s_ylw-pushpin32</styleUrl>
			</Pair>
			<Pair>
				<key>highlight</key>
				<styleUrl>#s_ylw-pushpin_hl32</styleUrl>
			</Pair>
		</StyleMap>
		<Style id="s_ylw-pushpin32">
			<IconStyle>
				<scale>1.1</scale>
				<Icon>
					<href>http://maps.google.com/mapfiles/kml/pushpin/ylw-pushpin.png</href>
				</Icon>
				<hotSpot x="20" y="2" xunits="pixels" yunits="pixels"/>
			</IconStyle>
			<LineStyle>
				<color>ffffff55</color>
				<width>3</width>
			</LineStyle>
			<PolyStyle>
				<fill>0</fill>
			</PolyStyle>
		</Style>
		<Style id="s_ylw-pushpin_hl32">
			<IconStyle>
				<scale>1.3</scale>
				<Icon>
					<href>http://maps.google.com/mapfiles/kml/pushpin/ylw-pushpin.png</href>
				</Icon>
				<hotSpot x="20" y="2" xunits="pixels" yunits="pixels"/>
			</IconStyle>
			<LineStyle>
				<color>ffffff55</color>
				<width>3</width>
			</LineStyle>
			<PolyStyle>
				<fill>0</fill>
			</PolyStyle>
		</Style>
		<Placemark>
			<name>Ward No.33.kml</name>
			<styleUrl>#m_ylw-pushpin32</styleUrl>
			<Polygon>
				<tessellate>1</tessellate>
				<outerBoundaryIs>
					<LinearRing>
						<coordinates>
							75.87996429043713,30.85894783407231,0 75.87835041955351,30.8589639188664,0 75.8783511646332,30.85904565700517,0 75.87803607657732,30.8590536419349,0 75.87722332579736,30.85909000140699,0 75.87659490933012,30.8591137416261,0 75.87593300923803,30.85913705216503,0 75.87590188170562,30.85801459068179,0 75.87586215074489,30.85645146675289,0 75.87697627616167,30.85640722552438,0 75.87698567627984,30.8555704167712,0 75.87864110747063,30.85556612777965,0 75.87864134775323,30.85547765926057,0 75.87861579054685,30.85101518930192,0 75.8786148934517,30.85096576598386,0 75.87861036128862,30.85096580223548,0 75.87860806445778,30.85091770217914,0 75.87758853842094,30.85091622159922,0 75.87675588841471,30.85092521938695,0 75.87615989663654,30.85088404408161,0 75.87798008884424,30.84930142633349,0 75.87938224465208,30.84808563393914,0 75.87953430603604,30.84817594217219,0 75.88056032860547,30.8482384444735,0 75.88514832243821,30.84828172024294,0 75.88591957678078,30.84724110017246,0 75.8882734211258,30.8484801550421,0 75.88927602831869,30.84846618196012,0 75.88927136522373,30.84974266700477,0 75.88725217196671,30.85093369181241,0 75.88673451617218,30.85095141982769,0 75.88670059927979,30.8544122576402,0 75.88671064835241,30.85550446657383,0 75.88102215078233,30.85548361522597,0 75.88121937263412,30.85813815896001,0 75.87935132462169,30.85812101828763,0 75.87945754100711,30.85838886944278,0 75.87996429043713,30.85894783407231,0 
						</coordinates>
					</LinearRing>
				</outerBoundaryIs>
			</Polygon>
		</Placemark>
	</Document>
	<Document>
		<name>Ward No.34.kml</name>
		<StyleMap id="m_ylw-pushpin33">
			<Pair>
				<key>normal</key>
				<styleUrl>#s_ylw-pushpin33</styleUrl>
			</Pair>
			<Pair>
				<key>highlight</key>
				<styleUrl>#s_ylw-pushpin_hl33</styleUrl>
			</Pair>
		</StyleMap>
		<Style id="s_ylw-pushpin33">
			<IconStyle>
				<scale>1.1</scale>
				<Icon>
					<href>http://maps.google.com/mapfiles/kml/pushpin/ylw-pushpin.png</href>
				</Icon>
				<hotSpot x="20" y="2" xunits="pixels" yunits="pixels"/>
			</IconStyle>
			<LineStyle>
				<color>ffffff55</color>
				<width>3</width>
			</LineStyle>
			<PolyStyle>
				<fill>0</fill>
			</PolyStyle>
		</Style>
		<Style id="s_ylw-pushpin_hl33">
			<IconStyle>
				<scale>1.3</scale>
				<Icon>
					<href>http://maps.google.com/mapfiles/kml/pushpin/ylw-pushpin.png</href>
				</Icon>
				<hotSpot x="20" y="2" xunits="pixels" yunits="pixels"/>
			</IconStyle>
			<LineStyle>
				<color>ffffff55</color>
				<width>3</width>
			</LineStyle>
			<PolyStyle>
				<fill>0</fill>
			</PolyStyle>
		</Style>
		<Placemark>
			<name>Ward No.34.kml</name>
			<styleUrl>#m_ylw-pushpin33</styleUrl>
			<Polygon>
				<tessellate>1</tessellate>
				<outerBoundaryIs>
					<LinearRing>
						<coordinates>
							75.87234094854672,30.84377499524301,0 75.8728593546533,30.84424125565354,0 75.87399967143048,30.84491209667088,0 75.87718983964834,30.84648246776571,0 75.87880151205898,30.84742409447443,0 75.87922625646165,30.84756474653899,0 75.87921268153362,30.84773447147624,0 75.87921422854981,30.84790409401571,0 75.87938224465208,30.84808563393914,0 75.87798008884424,30.84930142633349,0 75.87615989663654,30.85088404408161,0 75.86651173914821,30.8594187296215,0 75.86660444629257,30.8610363485913,0 75.86661349900757,30.86119430472476,0 75.86661938589533,30.86129701756797,0 75.8667115586194,30.86328772112815,0 75.86675069123659,30.86560552542902,0 75.85919648442365,30.86585377107224,0 75.85252297354803,30.8717013788001,0 75.85209222487008,30.86385245871734,0 75.85477789155389,30.86147526039384,0 75.85571969878941,30.86060085720084,0 75.85680322849579,30.85969400296364,0 75.86186366128763,30.85534342188408,0 75.86231649519239,30.85491447915832,0 75.86233417927508,30.85489772739884,0 75.86389749432456,30.85354959446401,0 75.86766160798513,30.85018861734991,0 75.86839155419774,30.84954270131049,0 75.86887111578697,30.84912873146274,0 75.86946237375362,30.84830325746968,0 75.87143733469169,30.84471696805292,0 75.87206579963843,30.84345063107286,0 75.87234094854672,30.84377499524301,0 
						</coordinates>
					</LinearRing>
				</outerBoundaryIs>
			</Polygon>
		</Placemark>
	</Document>
	<Document>
		<name>Ward No.35.kml</name>
		<StyleMap id="m_ylw-pushpin34">
			<Pair>
				<key>normal</key>
				<styleUrl>#s_ylw-pushpin34</styleUrl>
			</Pair>
			<Pair>
				<key>highlight</key>
				<styleUrl>#s_ylw-pushpin_hl34</styleUrl>
			</Pair>
		</StyleMap>
		<Style id="s_ylw-pushpin34">
			<IconStyle>
				<scale>1.1</scale>
				<Icon>
					<href>http://maps.google.com/mapfiles/kml/pushpin/ylw-pushpin.png</href>
				</Icon>
				<hotSpot x="20" y="2" xunits="pixels" yunits="pixels"/>
			</IconStyle>
			<LineStyle>
				<color>ffffff55</color>
				<width>3</width>
			</LineStyle>
			<PolyStyle>
				<fill>0</fill>
			</PolyStyle>
		</Style>
		<Style id="s_ylw-pushpin_hl34">
			<IconStyle>
				<scale>1.3</scale>
				<Icon>
					<href>http://maps.google.com/mapfiles/kml/pushpin/ylw-pushpin.png</href>
				</Icon>
				<hotSpot x="20" y="2" xunits="pixels" yunits="pixels"/>
			</IconStyle>
			<LineStyle>
				<color>ffffff55</color>
				<width>3</width>
			</LineStyle>
			<PolyStyle>
				<fill>0</fill>
			</PolyStyle>
		</Style>
		<Placemark>
			<name>Ward No.35.kml</name>
			<styleUrl>#m_ylw-pushpin34</styleUrl>
			<Polygon>
				<tessellate>1</tessellate>
				<outerBoundaryIs>
					<LinearRing>
						<coordinates>
							75.87615989663654,30.85088404408161,0 75.87675588841471,30.85092521938695,0 75.87758853842094,30.85091622159922,0 75.87860806445778,30.85091770217914,0 75.87861036128862,30.85096580223548,0 75.8786148934517,30.85096576598386,0 75.87861579054685,30.85101518930192,0 75.87864134775323,30.85547765926057,0 75.87864110747063,30.85556612777965,0 75.87698567627984,30.8555704167712,0 75.87697627616167,30.85640722552438,0 75.87586215074489,30.85645146675289,0 75.87590188170562,30.85801459068179,0 75.87593300923803,30.85913705216503,0 75.87659490933012,30.8591137416261,0 75.87722332579736,30.85909000140699,0 75.87803607657732,30.8590536419349,0 75.8783511646332,30.85904565700517,0 75.87835041955351,30.8589639188664,0 75.87996429043713,30.85894783407231,0 75.88019382044409,30.85911928931329,0 75.87887702970251,30.86090748116881,0 75.87787906016939,30.86092783401597,0 75.87594241561897,30.86092376352667,0 75.87494251310754,30.8609545880505,0 75.87346848017769,30.8609920411478,0 75.87244494847178,30.86105394457901,0 75.87120186111319,30.86107262783647,0 75.86949665589607,30.86110471758472,0 75.86797078649555,30.86113901851297,0 75.86661349900757,30.86119430472476,0 75.86660444629257,30.8610363485913,0 75.86651173914821,30.8594187296215,0 75.87615989663654,30.85088404408161,0 
						</coordinates>
					</LinearRing>
				</outerBoundaryIs>
			</Polygon>
		</Placemark>
	</Document>
	<Document>
		<name>Ward No.36.kml</name>
		<StyleMap id="m_ylw-pushpin35">
			<Pair>
				<key>normal</key>
				<styleUrl>#s_ylw-pushpin35</styleUrl>
			</Pair>
			<Pair>
				<key>highlight</key>
				<styleUrl>#s_ylw-pushpin_hl35</styleUrl>
			</Pair>
		</StyleMap>
		<Style id="s_ylw-pushpin35">
			<IconStyle>
				<scale>1.1</scale>
				<Icon>
					<href>http://maps.google.com/mapfiles/kml/pushpin/ylw-pushpin.png</href>
				</Icon>
				<hotSpot x="20" y="2" xunits="pixels" yunits="pixels"/>
			</IconStyle>
			<LineStyle>
				<color>ffffff55</color>
				<width>3</width>
			</LineStyle>
			<PolyStyle>
				<fill>0</fill>
			</PolyStyle>
		</Style>
		<Style id="s_ylw-pushpin_hl35">
			<IconStyle>
				<scale>1.3</scale>
				<Icon>
					<href>http://maps.google.com/mapfiles/kml/pushpin/ylw-pushpin.png</href>
				</Icon>
				<hotSpot x="20" y="2" xunits="pixels" yunits="pixels"/>
			</IconStyle>
			<LineStyle>
				<color>ffffff55</color>
				<width>3</width>
			</LineStyle>
			<PolyStyle>
				<fill>0</fill>
			</PolyStyle>
		</Style>
		<Placemark>
			<name>Ward No.36.kml</name>
			<styleUrl>#m_ylw-pushpin35</styleUrl>
			<Polygon>
				<tessellate>1</tessellate>
				<outerBoundaryIs>
					<LinearRing>
						<coordinates>
							75.87886569723675,30.86092286974639,0 75.87882032289576,30.86101422369072,0 75.87737695835709,30.86280760016997,0 75.87620400198081,30.86434315393782,0 75.87577910100053,30.86498597280079,0 75.87573255616331,30.86513079137065,0 75.87573413239947,30.86530418470654,0 75.87572191449149,30.86553960189763,0 75.87205171298642,30.8656221791426,0 75.87206748902972,30.86630743278122,0 75.87210221831613,30.86802885612159,0 75.87215841377711,30.87010778073756,0 75.87060342209618,30.87015293180326,0 75.86918909417025,30.87019969832937,0 75.86799929778033,30.87023562940364,0 75.86696294885502,30.8702552699474,0 75.86689942753857,30.86927304570043,0 75.8668171470587,30.86704411161667,0 75.86675254151541,30.86571510988221,0 75.8667115586194,30.86328772112815,0 75.86661938589533,30.86129701756797,0 75.86661349900757,30.86119430472476,0 75.86797078649555,30.86113901851297,0 75.86949665589607,30.86110471758472,0 75.87120186111319,30.86107262783647,0 75.87244494847178,30.86105394457901,0 75.87346848017769,30.8609920411478,0 75.87494251310754,30.8609545880505,0 75.87594241561897,30.86092376352667,0 75.87787906016939,30.86092783401597,0 75.87887702970251,30.86090748116881,0 75.87886569723675,30.86092286974639,0 
						</coordinates>
					</LinearRing>
				</outerBoundaryIs>
			</Polygon>
		</Placemark>
	</Document>
	<Document>
		<name>Ward No.37.kml</name>
		<StyleMap id="m_ylw-pushpin36">
			<Pair>
				<key>normal</key>
				<styleUrl>#s_ylw-pushpin36</styleUrl>
			</Pair>
			<Pair>
				<key>highlight</key>
				<styleUrl>#s_ylw-pushpin_hl36</styleUrl>
			</Pair>
		</StyleMap>
		<Style id="s_ylw-pushpin36">
			<IconStyle>
				<scale>1.1</scale>
				<Icon>
					<href>http://maps.google.com/mapfiles/kml/pushpin/ylw-pushpin.png</href>
				</Icon>
				<hotSpot x="20" y="2" xunits="pixels" yunits="pixels"/>
			</IconStyle>
			<LineStyle>
				<color>ffffff55</color>
				<width>3</width>
			</LineStyle>
			<PolyStyle>
				<fill>0</fill>
			</PolyStyle>
		</Style>
		<Style id="s_ylw-pushpin_hl36">
			<IconStyle>
				<scale>1.3</scale>
				<Icon>
					<href>http://maps.google.com/mapfiles/kml/pushpin/ylw-pushpin.png</href>
				</Icon>
				<hotSpot x="20" y="2" xunits="pixels" yunits="pixels"/>
			</IconStyle>
			<LineStyle>
				<color>ffffff55</color>
				<width>3</width>
			</LineStyle>
			<PolyStyle>
				<fill>0</fill>
			</PolyStyle>
		</Style>
		<Placemark>
			<name>Ward No.37.kml</name>
			<styleUrl>#m_ylw-pushpin36</styleUrl>
			<Polygon>
				<tessellate>1</tessellate>
				<outerBoundaryIs>
					<LinearRing>
						<coordinates>
							75.88580493183214,30.8651162039704,0 75.88585014057428,30.86572721717603,0 75.88599268026918,30.86765363669082,0 75.8863678127602,30.86821837954921,0 75.88712676959186,30.86948893188241,0 75.88526964183328,30.86999274573597,0 75.88451499209125,30.87018965907103,0 75.88429143873772,30.87028135489106,0 75.88317562905689,30.87067327131716,0 75.88270734502599,30.87084439415437,0 75.8820730755034,30.87108284935729,0 75.88128005175086,30.87136113491875,0 75.88049458472968,30.8716474379625,0 75.88050039217208,30.87166838919832,0 75.88052149325208,30.8716929232896,0 75.88051772127987,30.87169429708597,0 75.88021134536277,30.87335344646851,0 75.87992478187155,30.87514255290153,0 75.8796821772935,30.87511284857676,0 75.87651545187839,30.87464312477016,0 75.87612387005206,30.87461877027581,0 75.8761262506235,30.87454676327283,0 75.87668826120047,30.86881036274011,0 75.88029621540441,30.86832408270468,0 75.88030987808722,30.86740874981437,0 75.88038675555167,30.86592612589811,0 75.87648102838938,30.8658249833986,0 75.87647844772313,30.86554134510153,0 75.87572191449149,30.86553960189765,0 75.87573413239947,30.86530418470654,0 75.87573255616331,30.86513079137064,0 75.87577910100053,30.86498597280081,0 75.87620400198082,30.86434315393785,0 75.8770709594738,30.86320819856568,0 75.88049868266747,30.86330562404682,0 75.88046830091051,30.86452335909269,0 75.8856924937775,30.8637737969272,0 75.88580493183214,30.8651162039704,0 
						</coordinates>
					</LinearRing>
				</outerBoundaryIs>
			</Polygon>
		</Placemark>
	</Document>
	<Document>
		<name>Ward No.38.kml</name>
		<StyleMap id="m_ylw-pushpin37">
			<Pair>
				<key>normal</key>
				<styleUrl>#s_ylw-pushpin37</styleUrl>
			</Pair>
			<Pair>
				<key>highlight</key>
				<styleUrl>#s_ylw-pushpin_hl37</styleUrl>
			</Pair>
		</StyleMap>
		<Style id="s_ylw-pushpin37">
			<IconStyle>
				<scale>1.1</scale>
				<Icon>
					<href>http://maps.google.com/mapfiles/kml/pushpin/ylw-pushpin.png</href>
				</Icon>
				<hotSpot x="20" y="2" xunits="pixels" yunits="pixels"/>
			</IconStyle>
			<LineStyle>
				<color>ffffff55</color>
				<width>3</width>
			</LineStyle>
			<PolyStyle>
				<fill>0</fill>
			</PolyStyle>
		</Style>
		<Style id="s_ylw-pushpin_hl37">
			<IconStyle>
				<scale>1.3</scale>
				<Icon>
					<href>http://maps.google.com/mapfiles/kml/pushpin/ylw-pushpin.png</href>
				</Icon>
				<hotSpot x="20" y="2" xunits="pixels" yunits="pixels"/>
			</IconStyle>
			<LineStyle>
				<color>ffffff55</color>
				<width>3</width>
			</LineStyle>
			<PolyStyle>
				<fill>0</fill>
			</PolyStyle>
		</Style>
		<Placemark>
			<name>Ward No.38.kml</name>
			<styleUrl>#m_ylw-pushpin37</styleUrl>
			<Polygon>
				<tessellate>1</tessellate>
				<outerBoundaryIs>
					<LinearRing>
						<coordinates>
							75.86806739243472,30.87473864855746,0 75.8670671909023,30.8748405353927,0 75.86696614970985,30.87030476804957,0 75.86696294885502,30.8702552699474,0 75.86799929778033,30.87023562940364,0 75.86918909417025,30.87019969832937,0 75.87060342209618,30.87015293180326,0 75.87215841377711,30.87010778073756,0 75.87210221831613,30.86802885612159,0 75.87206748902972,30.86630743278122,0 75.87205171298642,30.8656221791426,0 75.87572191449149,30.86553960189763,0 75.87647844772313,30.86554134510153,0 75.87648102838938,30.86582498339858,0 75.88038675555167,30.86592612589811,0 75.8803098780872,30.86740874981433,0 75.88029621540441,30.86832408270469,0 75.87668826120046,30.8688103627401,0 75.87612625062349,30.87454676327281,0 75.87550141479137,30.87453723316245,0 75.87475984198605,30.87455371258046,0 75.87416194424203,30.87458297636569,0 75.87378724312239,30.87459926449859,0 75.87334068256136,30.87460686457988,0 75.87248747871955,30.87462637780505,0 75.87152540754286,30.87466037655058,0 75.87037710480331,30.87467956861456,0 75.86916001648451,30.87473590258438,0 75.86806739243472,30.87473864855746,0 
						</coordinates>
					</LinearRing>
				</outerBoundaryIs>
			</Polygon>
		</Placemark>
	</Document>
	<Document>
		<name>Ward No.39.kml</name>
		<StyleMap id="m_ylw-pushpin38">
			<Pair>
				<key>normal</key>
				<styleUrl>#s_ylw-pushpin38</styleUrl>
			</Pair>
			<Pair>
				<key>highlight</key>
				<styleUrl>#s_ylw-pushpin_hl38</styleUrl>
			</Pair>
		</StyleMap>
		<Style id="s_ylw-pushpin38">
			<IconStyle>
				<scale>1.1</scale>
				<Icon>
					<href>http://maps.google.com/mapfiles/kml/pushpin/ylw-pushpin.png</href>
				</Icon>
				<hotSpot x="20" y="2" xunits="pixels" yunits="pixels"/>
			</IconStyle>
			<LineStyle>
				<color>ffffff55</color>
				<width>3</width>
			</LineStyle>
			<PolyStyle>
				<fill>0</fill>
			</PolyStyle>
		</Style>
		<Style id="s_ylw-pushpin_hl38">
			<IconStyle>
				<scale>1.3</scale>
				<Icon>
					<href>http://maps.google.com/mapfiles/kml/pushpin/ylw-pushpin.png</href>
				</Icon>
				<hotSpot x="20" y="2" xunits="pixels" yunits="pixels"/>
			</IconStyle>
			<LineStyle>
				<color>ffffff55</color>
				<width>3</width>
			</LineStyle>
			<PolyStyle>
				<fill>0</fill>
			</PolyStyle>
		</Style>
		<Placemark>
			<name>Ward No.39.kml</name>
			<styleUrl>#m_ylw-pushpin38</styleUrl>
			<Polygon>
				<tessellate>1</tessellate>
				<outerBoundaryIs>
					<LinearRing>
						<coordinates>
							75.86675069123659,30.86560552542902,0 75.86675254151541,30.86571510988221,0 75.8668171470587,30.86704411161667,0 75.86689942753857,30.86927304570043,0 75.86696294885502,30.8702552699474,0 75.86696614970985,30.87030476804957,0 75.8670671909023,30.8748405353927,0 75.86706183823345,30.87484461456758,0 75.86707504049063,30.87519287244238,0 75.86719721991274,30.8784155903796,0 75.8629590533656,30.87854161027043,0 75.86295892205042,30.87854296808583,0 75.86086687035417,30.87858692397325,0 75.86082936120083,30.87768211959756,0 75.85889271613595,30.87769950113758,0 75.85892531504041,30.87677179597754,0 75.85898992625607,30.87435609148239,0 75.85904283073421,30.87331118504379,0 75.85910040718221,30.87118040597326,0 75.85916516211554,30.86931794184956,0 75.8592020446026,30.86647716532472,0 75.85919648442365,30.86585377107224,0 75.86675069123659,30.86560552542902,0 
						</coordinates>
					</LinearRing>
				</outerBoundaryIs>
			</Polygon>
		</Placemark>
	</Document>
	<Document>
		<name>Ward No.40.kml</name>
		<StyleMap id="m_ylw-pushpin39">
			<Pair>
				<key>normal</key>
				<styleUrl>#s_ylw-pushpin39</styleUrl>
			</Pair>
			<Pair>
				<key>highlight</key>
				<styleUrl>#s_ylw-pushpin_hl39</styleUrl>
			</Pair>
		</StyleMap>
		<Style id="s_ylw-pushpin39">
			<IconStyle>
				<scale>1.1</scale>
				<Icon>
					<href>http://maps.google.com/mapfiles/kml/pushpin/ylw-pushpin.png</href>
				</Icon>
				<hotSpot x="20" y="2" xunits="pixels" yunits="pixels"/>
			</IconStyle>
			<LineStyle>
				<color>ffffff55</color>
				<width>3</width>
			</LineStyle>
			<PolyStyle>
				<fill>0</fill>
			</PolyStyle>
		</Style>
		<Style id="s_ylw-pushpin_hl39">
			<IconStyle>
				<scale>1.3</scale>
				<Icon>
					<href>http://maps.google.com/mapfiles/kml/pushpin/ylw-pushpin.png</href>
				</Icon>
				<hotSpot x="20" y="2" xunits="pixels" yunits="pixels"/>
			</IconStyle>
			<LineStyle>
				<color>ffffff55</color>
				<width>3</width>
			</LineStyle>
			<PolyStyle>
				<fill>0</fill>
			</PolyStyle>
		</Style>
		<Placemark>
			<name>Ward No.40.kml</name>
			<styleUrl>#m_ylw-pushpin39</styleUrl>
			<Polygon>
				<tessellate>1</tessellate>
				<outerBoundaryIs>
					<LinearRing>
						<coordinates>
							75.88526964183326,30.86999274573597,0 75.88526984819266,30.86999344809519,0 75.88529341480807,30.87007388308229,0 75.88529528448136,30.87007337113804,0 75.88532661748356,30.87028929303479,0 75.88709737784859,30.87452186030187,0 75.88758611131952,30.87567813447934,0 75.88819975427762,30.87712988497119,0 75.88913516937517,30.87934445335174,0 75.89006708371498,30.88117571915638,0 75.89098900706279,30.8831397167813,0 75.88495720903082,30.88618202787508,0 75.8831408308769,30.88709807841013,0 75.88179710252813,30.88775276531403,0 75.87954715082442,30.88890959232865,0 75.87746757925829,30.89000109523482,0 75.87716772030025,30.88960017852693,0 75.87655563528935,30.88880056214602,0 75.87564497505393,30.88787470493353,0 75.87444059570088,30.88844719343278,0 75.87403724451542,30.88781476878232,0 75.8734370275338,30.8867994216448,0 75.87343008929071,30.88678768370045,0 75.8718041965483,30.88427493339047,0 75.86996534835176,30.88135335292711,0 75.87100160619082,30.88083334101433,0 75.87612776907832,30.87832171299605,0 75.87323699979335,30.87828513615404,0 75.86951712952458,30.87839156823745,0 75.86719931909374,30.87847094185082,0 75.86719721991274,30.8784155903796,0 75.86707504049065,30.87519287244237,0 75.86706183823345,30.87484461456758,0 75.86706719090232,30.87484053539271,0 75.86806739243472,30.87473864855748,0 75.86916001648451,30.87473590258438,0 75.87037710480332,30.87467956861457,0 75.87152540754286,30.87466037655059,0 75.87248747871955,30.87462637780507,0 75.87334068256138,30.87460686457991,0 75.87378724312239,30.8745992644986,0 75.87416194424206,30.87458297636572,0 75.87475984198606,30.87455371258048,0 75.87550141479137,30.87453723316247,0 75.8761262506235,30.87454676327281,0 75.87612387005206,30.87461877027577,0 75.8765154518784,30.87464312477012,0 75.87968217729352,30.87511284857676,0 75.87992478187155,30.87514255290153,0 75.88021134536275,30.8733534464685,0 75.88051772127989,30.87169429708595,0 75.88052149325209,30.87169292328956,0 75.88050039217208,30.87166838919835,0 75.88049458472968,30.87164743796249,0 75.88128005175086,30.87136113491875,0 75.8820730755034,30.87108284935727,0 75.88270734502599,30.8708443941544,0 75.88317562905689,30.87067327131716,0 75.88429143873772,30.87028135489104,0 75.88451499209125,30.87018965907098,0 75.88526964183326,30.86999274573597,0 
						</coordinates>
					</LinearRing>
				</outerBoundaryIs>
			</Polygon>
		</Placemark>
	</Document>
	<Document>
		<name>Ward No.41.kml</name>
		<StyleMap id="m_ylw-pushpin40">
			<Pair>
				<key>normal</key>
				<styleUrl>#s_ylw-pushpin40</styleUrl>
			</Pair>
			<Pair>
				<key>highlight</key>
				<styleUrl>#s_ylw-pushpin_hl40</styleUrl>
			</Pair>
		</StyleMap>
		<Style id="s_ylw-pushpin40">
			<IconStyle>
				<scale>1.1</scale>
				<Icon>
					<href>http://maps.google.com/mapfiles/kml/pushpin/ylw-pushpin.png</href>
				</Icon>
				<hotSpot x="20" y="2" xunits="pixels" yunits="pixels"/>
			</IconStyle>
			<LineStyle>
				<color>ffffff55</color>
				<width>3</width>
			</LineStyle>
			<PolyStyle>
				<fill>0</fill>
			</PolyStyle>
		</Style>
		<Style id="s_ylw-pushpin_hl40">
			<IconStyle>
				<scale>1.3</scale>
				<Icon>
					<href>http://maps.google.com/mapfiles/kml/pushpin/ylw-pushpin.png</href>
				</Icon>
				<hotSpot x="20" y="2" xunits="pixels" yunits="pixels"/>
			</IconStyle>
			<LineStyle>
				<color>ffffff55</color>
				<width>3</width>
			</LineStyle>
			<PolyStyle>
				<fill>0</fill>
			</PolyStyle>
		</Style>
		<Placemark>
			<name>Ward No.41.kml</name>
			<styleUrl>#m_ylw-pushpin40</styleUrl>
			<Polygon>
				<tessellate>1</tessellate>
				<outerBoundaryIs>
					<LinearRing>
						<coordinates>
							75.86596841536074,30.88737869825663,0 75.86408349992735,30.88580709116049,0 75.86370013063119,30.88599877473195,0 75.86336420772535,30.88589827138328,0 75.86274567191165,30.88544880800472,0 75.86237327989832,30.88528417855428,0 75.86178533771385,30.88515918056504,0 75.86136955981766,30.88509510407624,0 75.86074368108244,30.88506107157365,0 75.85952015753537,30.88505487999275,0 75.85863507470883,30.88506750341748,0 75.85877646322403,30.88154965894056,0 75.85879235576682,30.88092374728208,0 75.85882605595532,30.87959646723469,0 75.85887358768656,30.87824385587763,0 75.85889271613595,30.87769950113759,0 75.86082936120083,30.87768211959761,0 75.86086687035416,30.87858692397327,0 75.86295892205042,30.87854296808584,0 75.86295905336561,30.87854161027044,0 75.86719721991275,30.8784155903796,0 75.86719931909373,30.87847094185082,0 75.86951712952458,30.87839156823745,0 75.87323699979335,30.87828513615403,0 75.87612776907832,30.87832171299605,0 75.87100160619082,30.88083334101434,0 75.86996534835178,30.88135335292713,0 75.87180419654828,30.88427493339049,0 75.87343008929071,30.88678768370043,0 75.870394017932,30.88678286649771,0 75.87002470170205,30.88677523984222,0 75.86930452006722,30.88685590273175,0 75.86825123325377,30.88704494782441,0 75.86821611486936,30.88705023799979,0 75.86819675430695,30.88685322944956,0 75.86596841536074,30.88737869825663,0 
						</coordinates>
					</LinearRing>
				</outerBoundaryIs>
			</Polygon>
		</Placemark>
	</Document>
	<Document>
		<name>Ward No.42.kml</name>
		<StyleMap id="m_ylw-pushpin41">
			<Pair>
				<key>normal</key>
				<styleUrl>#s_ylw-pushpin41</styleUrl>
			</Pair>
			<Pair>
				<key>highlight</key>
				<styleUrl>#s_ylw-pushpin_hl41</styleUrl>
			</Pair>
		</StyleMap>
		<Style id="s_ylw-pushpin41">
			<IconStyle>
				<scale>1.1</scale>
				<Icon>
					<href>http://maps.google.com/mapfiles/kml/pushpin/ylw-pushpin.png</href>
				</Icon>
				<hotSpot x="20" y="2" xunits="pixels" yunits="pixels"/>
			</IconStyle>
			<LineStyle>
				<color>ffffff55</color>
				<width>3</width>
			</LineStyle>
			<PolyStyle>
				<fill>0</fill>
			</PolyStyle>
		</Style>
		<Style id="s_ylw-pushpin_hl41">
			<IconStyle>
				<scale>1.3</scale>
				<Icon>
					<href>http://maps.google.com/mapfiles/kml/pushpin/ylw-pushpin.png</href>
				</Icon>
				<hotSpot x="20" y="2" xunits="pixels" yunits="pixels"/>
			</IconStyle>
			<LineStyle>
				<color>ffffff55</color>
				<width>3</width>
			</LineStyle>
			<PolyStyle>
				<fill>0</fill>
			</PolyStyle>
		</Style>
		<Placemark>
			<name>Ward No.42.kml</name>
			<styleUrl>#m_ylw-pushpin41</styleUrl>
			<Polygon>
				<tessellate>1</tessellate>
				<outerBoundaryIs>
					<LinearRing>
						<coordinates>
							75.85860362007648,30.88634742063599,0 75.85534567501334,30.88627660853235,0 75.85536126099831,30.88584000989803,0 75.85434556845385,30.88598520927791,0 75.85358115878765,30.88607458441084,0 75.85356416509579,30.886076571576,0 75.85355979877573,30.88601516433171,0 75.85340728316271,30.88385822783578,0 75.85311998997547,30.8798300086699,0 75.85252297354803,30.8717013788001,0 75.85919648442365,30.86585377107224,0 75.8592020446026,30.86647716532472,0 75.85916516211554,30.86931794184956,0 75.85910040718221,30.87118040597326,0 75.85904283073421,30.87331118504379,0 75.85898992625607,30.87435609148239,0 75.85892531504041,30.87677179597754,0 75.85889271613595,30.87769950113758,0 75.85887358768655,30.87824385587761,0 75.8588260559553,30.87959646723468,0 75.85877646322402,30.88154965894056,0 75.85862922817297,30.88521296543754,0 75.85860362007648,30.88634742063599,0 
						</coordinates>
					</LinearRing>
				</outerBoundaryIs>
			</Polygon>
		</Placemark>
	</Document>
	<Document>
		<name>Ward No.43 C.kml</name>
		<StyleMap id="m_ylw-pushpin42">
			<Pair>
				<key>normal</key>
				<styleUrl>#s_ylw-pushpin42</styleUrl>
			</Pair>
			<Pair>
				<key>highlight</key>
				<styleUrl>#s_ylw-pushpin_hl42</styleUrl>
			</Pair>
		</StyleMap>
		<Style id="s_ylw-pushpin42">
			<IconStyle>
				<scale>1.1</scale>
				<Icon>
					<href>http://maps.google.com/mapfiles/kml/pushpin/ylw-pushpin.png</href>
				</Icon>
				<hotSpot x="20" y="2" xunits="pixels" yunits="pixels"/>
			</IconStyle>
			<LineStyle>
				<color>ffffff55</color>
				<width>3</width>
			</LineStyle>
			<PolyStyle>
				<fill>0</fill>
			</PolyStyle>
		</Style>
		<Style id="s_ylw-pushpin_hl42">
			<IconStyle>
				<scale>1.3</scale>
				<Icon>
					<href>http://maps.google.com/mapfiles/kml/pushpin/ylw-pushpin.png</href>
				</Icon>
				<hotSpot x="20" y="2" xunits="pixels" yunits="pixels"/>
			</IconStyle>
			<LineStyle>
				<color>ffffff55</color>
				<width>3</width>
			</LineStyle>
			<PolyStyle>
				<fill>0</fill>
			</PolyStyle>
		</Style>
		<Placemark>
			<name>Ward No.43 C.kml</name>
			<styleUrl>#m_ylw-pushpin42</styleUrl>
			<Polygon>
				<tessellate>1</tessellate>
				<outerBoundaryIs>
					<LinearRing>
						<coordinates>
							75.84413611161764,30.8737556843612,0 75.84388030930369,30.8731837489306,0 75.84360963876291,30.87253804902849,0 75.84348405612138,30.87223845964665,0 75.84338791010833,30.87199364227776,0 75.84335791884152,30.87191727537992,0 75.84325270521694,30.87164936860625,0 75.84324636079124,30.87162304412466,0 75.84324615304045,30.87159931599931,0 75.8432499506179,30.87152615321248,0 75.84331185000781,30.8715127839013,0 75.84355642041297,30.87143706686387,0 75.8442242128891,30.87084600938325,0 75.8499536762328,30.86570090040889,0 75.85209222487009,30.86385245871735,0 75.85252297354803,30.87170137880012,0 75.85101441025265,30.8730321407026,0 75.84944026413361,30.87437274990838,0 75.84716111779419,30.87639724317059,0 75.84594997234998,30.87725744522967,0 75.84595108204478,30.87725981468945,0 75.84573322516408,30.87705986083372,0 75.84560742335947,30.87691744381409,0 75.8454874405823,30.87664965452821,0 75.84413611161764,30.8737556843612,0 
						</coordinates>
					</LinearRing>
				</outerBoundaryIs>
			</Polygon>
		</Placemark>
	</Document>
	<Document>
		<name>Ward No.43 D.kml</name>
		<StyleMap id="m_ylw-pushpin43">
			<Pair>
				<key>normal</key>
				<styleUrl>#s_ylw-pushpin43</styleUrl>
			</Pair>
			<Pair>
				<key>highlight</key>
				<styleUrl>#s_ylw-pushpin_hl43</styleUrl>
			</Pair>
		</StyleMap>
		<Style id="s_ylw-pushpin43">
			<IconStyle>
				<scale>1.1</scale>
				<Icon>
					<href>http://maps.google.com/mapfiles/kml/pushpin/ylw-pushpin.png</href>
				</Icon>
				<hotSpot x="20" y="2" xunits="pixels" yunits="pixels"/>
			</IconStyle>
			<LineStyle>
				<color>ffffff55</color>
				<width>3</width>
			</LineStyle>
			<PolyStyle>
				<fill>0</fill>
			</PolyStyle>
		</Style>
		<Style id="s_ylw-pushpin_hl43">
			<IconStyle>
				<scale>1.3</scale>
				<Icon>
					<href>http://maps.google.com/mapfiles/kml/pushpin/ylw-pushpin.png</href>
				</Icon>
				<hotSpot x="20" y="2" xunits="pixels" yunits="pixels"/>
			</IconStyle>
			<LineStyle>
				<color>ffffff55</color>
				<width>3</width>
			</LineStyle>
			<PolyStyle>
				<fill>0</fill>
			</PolyStyle>
		</Style>
		<Placemark>
			<name>Ward No.43 D.kml</name>
			<styleUrl>#m_ylw-pushpin43</styleUrl>
			<Polygon>
				<tessellate>1</tessellate>
				<outerBoundaryIs>
					<LinearRing>
						<coordinates>
							75.84595108204478,30.87725981468945,0 75.84605551764409,30.87737937688523,0 75.84606113914624,30.87740813323454,0 75.84604746555189,30.87741717530504,0 75.8459509885583,30.87748097527228,0 75.84587263001703,30.87753360842542,0 75.84585437026898,30.87754587369209,0 75.84551731700893,30.87777226669317,0 75.84536273947249,30.87787609358675,0 75.84469053211068,30.87827191344671,0 75.84451463200622,30.8783754885215,0 75.84437589915572,30.87844676633877,0 75.84372778264776,30.87877975058943,0 75.84275624132917,30.87920373294343,0 75.84226168463927,30.87941071356795,0 75.84132789196161,30.87977360243573,0 75.84063731624228,30.88004631351498,0 75.84019751226971,30.88020971173125,0 75.83929098974947,30.88054627972373,0 75.83869349928788,30.88077605554701,0 75.83728392387164,30.87870227719196,0 75.83602011660643,30.87659766971477,0 75.83606038744794,30.87645417023817,0 75.83796195227963,30.87551081878443,0 75.83933222843618,30.87553774990574,0 75.84413611161764,30.8737556843612,0 75.8454874405823,30.87664965452821,0 75.84560742335947,30.87691744381409,0 75.84573322516408,30.87705986083372,0 75.84595108204478,30.87725981468945,0 
						</coordinates>
					</LinearRing>
				</outerBoundaryIs>
			</Polygon>
		</Placemark>
	</Document>
	<Document>
		<name>Ward No.44.kml</name>
		<StyleMap id="m_ylw-pushpin44">
			<Pair>
				<key>normal</key>
				<styleUrl>#s_ylw-pushpin44</styleUrl>
			</Pair>
			<Pair>
				<key>highlight</key>
				<styleUrl>#s_ylw-pushpin_hl44</styleUrl>
			</Pair>
		</StyleMap>
		<Style id="s_ylw-pushpin44">
			<IconStyle>
				<scale>1.1</scale>
				<Icon>
					<href>http://maps.google.com/mapfiles/kml/pushpin/ylw-pushpin.png</href>
				</Icon>
				<hotSpot x="20" y="2" xunits="pixels" yunits="pixels"/>
			</IconStyle>
			<LineStyle>
				<color>ffffff55</color>
				<width>3</width>
			</LineStyle>
			<PolyStyle>
				<fill>0</fill>
			</PolyStyle>
		</Style>
		<Style id="s_ylw-pushpin_hl44">
			<IconStyle>
				<scale>1.3</scale>
				<Icon>
					<href>http://maps.google.com/mapfiles/kml/pushpin/ylw-pushpin.png</href>
				</Icon>
				<hotSpot x="20" y="2" xunits="pixels" yunits="pixels"/>
			</IconStyle>
			<LineStyle>
				<color>ffffff55</color>
				<width>3</width>
			</LineStyle>
			<PolyStyle>
				<fill>0</fill>
			</PolyStyle>
		</Style>
		<Placemark>
			<name>Ward No.44.kml</name>
			<styleUrl>#m_ylw-pushpin44</styleUrl>
			<Polygon>
				<tessellate>1</tessellate>
				<outerBoundaryIs>
					<LinearRing>
						<coordinates>
							75.8386934992879,30.88077605554701,0 75.83783200562186,30.88110536196873,0 75.8376000794854,30.88119185835896,0 75.83703847600187,30.87944154625972,0 75.83673485683843,30.87953900221135,0 75.83648285834678,30.87920640653884,0 75.83557241373781,30.87954651231587,0 75.83439197222913,30.87747716037432,0 75.83425007291997,30.87707223058142,0 75.83400139773165,30.87712157957345,0 75.83363560935015,30.87643161329362,0 75.83396586450435,30.87621462695499,0 75.83323430079034,30.87483469266746,0 75.83306803906073,30.8748118898132,0 75.83241993817079,30.87347915928434,0 75.83183050476784,30.8725280198874,0 75.83124128920574,30.87160074948302,0 75.83038562908899,30.87186884693673,0 75.82940178965644,30.87010853537455,0 75.8325067597475,30.86879467426319,0 75.83149482878693,30.86698681207683,0 75.83124767513956,30.86656823018432,0 75.83155580544658,30.86635616696151,0 75.8311162134288,30.8654130188724,0 75.83234056442038,30.86484757320209,0 75.83449087596276,30.86383615536198,0 75.83510339176773,30.86354481554946,0 75.83556910975008,30.86331797802502,0 75.83717098799272,30.86260573527123,0 75.83902831818354,30.86180338999875,0 75.84024091299523,30.86127048633413,0 75.84118540241606,30.86084984955523,0 75.84120518707437,30.86088243184908,0 75.84192141953893,30.86292093104557,0 75.84276957081568,30.86530945013929,0 75.84334604935206,30.86691929744617,0 75.84380915358922,30.86822858463986,0 75.84285489512143,30.86859061915222,0 75.84314247268075,30.86916372178427,0 75.84318674897877,30.86925856453788,0 75.84322449700055,30.86935548506939,0 75.84325558662846,30.86945414934377,0 75.84327991069183,30.86955421731516,0 75.84329738533658,30.86965534409888,0 75.84330795031455,30.86975718115999,0 75.84331156919133,30.86985937751443,0 75.84330822947227,30.86996158093877,0 75.84329584709718,30.87064190569383,0 75.8432499506179,30.87152615321246,0 75.84324615304044,30.87159931599928,0 75.84324636079124,30.87162304412463,0 75.84325270521693,30.87164936860625,0 75.84335791884151,30.87191727537991,0 75.84338791010832,30.87199364227773,0 75.84348405612138,30.87223845964665,0 75.84360963876291,30.8725380490285,0 75.84388030930367,30.87318374893057,0 75.84413611161763,30.8737556843612,0 75.83933222843618,30.87553774990573,0 75.83796195227961,30.87551081878443,0 75.83606038744793,30.87645417023814,0 75.83602011660642,30.87659766971477,0 75.83728392387162,30.87870227719193,0 75.8386934992879,30.88077605554701,0 
						</coordinates>
					</LinearRing>
				</outerBoundaryIs>
			</Polygon>
		</Placemark>
	</Document>
	<Document>
		<name>Ward No.45.kml</name>
		<StyleMap id="m_ylw-pushpin45">
			<Pair>
				<key>normal</key>
				<styleUrl>#s_ylw-pushpin45</styleUrl>
			</Pair>
			<Pair>
				<key>highlight</key>
				<styleUrl>#s_ylw-pushpin_hl45</styleUrl>
			</Pair>
		</StyleMap>
		<Style id="s_ylw-pushpin45">
			<IconStyle>
				<scale>1.1</scale>
				<Icon>
					<href>http://maps.google.com/mapfiles/kml/pushpin/ylw-pushpin.png</href>
				</Icon>
				<hotSpot x="20" y="2" xunits="pixels" yunits="pixels"/>
			</IconStyle>
			<LineStyle>
				<color>ffffff55</color>
				<width>3</width>
			</LineStyle>
			<PolyStyle>
				<fill>0</fill>
			</PolyStyle>
		</Style>
		<Style id="s_ylw-pushpin_hl45">
			<IconStyle>
				<scale>1.3</scale>
				<Icon>
					<href>http://maps.google.com/mapfiles/kml/pushpin/ylw-pushpin.png</href>
				</Icon>
				<hotSpot x="20" y="2" xunits="pixels" yunits="pixels"/>
			</IconStyle>
			<LineStyle>
				<color>ffffff55</color>
				<width>3</width>
			</LineStyle>
			<PolyStyle>
				<fill>0</fill>
			</PolyStyle>
		</Style>
		<Placemark>
			<name>Ward No.45.kml</name>
			<styleUrl>#m_ylw-pushpin45</styleUrl>
			<Polygon>
				<tessellate>1</tessellate>
				<outerBoundaryIs>
					<LinearRing>
						<coordinates>
							75.8376000794854,30.88119185835896,0 75.83708333981033,30.88138457312797,0 75.83630511485309,30.88168544394218,0 75.83507536821875,30.8821653075054,0 75.8350633550226,30.88216999488974,0 75.83505432907882,30.88217351699376,0 75.83505383961253,30.88217307544629,0 75.83505277600958,30.88217345936017,0 75.8348244791552,30.88193029346471,0 75.83468082609622,30.88179655724729,0 75.83442005725186,30.88161937083149,0 75.83394132729502,30.8813094364424,0 75.83346127864874,30.88100291868575,0 75.83313917084872,30.88075940635833,0 75.83274495523209,30.88031303690782,0 75.83240709818025,30.87994121233925,0 75.83152512142843,30.87878017060458,0 75.8307917194289,30.87790273266993,0 75.83065551485075,30.87777117562949,0 75.8305140772252,30.87764379304085,0 75.83036757842734,30.87752073968192,0 75.83021619647975,30.8774021650698,0 75.83006011533631,30.87728821327918,0 75.82989952465863,30.87717902276728,0 75.82973461958559,30.8770747262058,0 75.82956560049632,30.87697545031961,0 75.82939267276672,30.87688131573298,0 75.82938707599104,30.87687839293849,0 75.82937926539209,30.87687431769751,0 75.82924579806395,30.87680691251172,0 75.82906510757185,30.87673067596852,0 75.82888119667538,30.8766604019499,0 75.82887959196474,30.87665981653448,0 75.828879527997,30.87665979356748,0 75.82875975328211,30.87661786653908,0 75.82875867467669,30.87661750354437,0 75.82875842301942,30.87661741962472,0 75.82859426850868,30.87656669106594,0 75.82842752166731,30.87652270029349,0 75.82825855398654,30.87648554531328,0 75.82808774190401,30.87645530890201,0 75.82791546596528,30.87643205842268,0 75.82774210997623,30.87641584567467,0 75.8276087237706,30.87640820191651,0 75.82714010328999,30.87638134498605,0 75.82519357154959,30.87637750875384,0 75.82496843305123,30.87638136998586,0 75.8247432712745,30.87637870273063,0 75.82451834062273,30.87636951000101,0 75.824293895238,30.87635380218269,0 75.82407018871388,30.87633159702261,0 75.82384747380871,30.87630291960878,0 75.82362600215995,30.87626780234199,0 75.82340602399964,30.87622628489917,0 75.82318890732567,30.87615708092918,0 75.82297461454593,30.87608161245137,0 75.82276338854133,30.87599996500358,0 75.82255546871505,30.87591223112694,0 75.82235109072114,30.87581851026091,0 75.82215048619727,30.87571890863047,0 75.82195388250216,30.87561353912581,0 75.82128993273851,30.87512992844646,0 75.82081453804747,30.8747700055134,0 75.82033390734948,30.87441529568897,0 75.81984811750641,30.87406585565889,0 75.81971462716764,30.8739498187204,0 75.81957583213362,30.87383850879096,0 75.81943195721911,30.87373210615251,0 75.81928323546404,30.87363078313844,0 75.81912990775616,30.87353470385455,0 75.81897222244093,30.87344402391332,0 75.81881043491924,30.87335889018195,0 75.81864480723392,30.87327944054458,0 75.81847560764533,30.87320580367905,0 75.81830311019704,30.87313809884852,0 75.81812759427197,30.87307643570838,0 75.81794934414023,30.87302091412876,0 75.81775773757332,30.87297267496565,0 75.81756413704488,30.87293077607691,0 75.81736882441434,30.87289527846266,0 75.81717208403272,30.87286623380357,0 75.81697420232881,30.87284368438556,0 75.81677546739245,30.87282766303836,0 75.81657616855519,30.87281819308765,0 75.81639466565123,30.87281504921071,0 75.81621313039614,30.87281612005054,0 75.81603169430016,30.87282140483179,0 75.81585048880186,30.87283089972641,0 75.81512952220868,30.87284357234257,0 75.81463912102393,30.8728559921806,0 75.81456550162713,30.87277053537016,0 75.8144424069591,30.87262372482338,0 75.81427682356829,30.87242623864778,0 75.8141975480675,30.87233422386405,0 75.81519045394901,30.8712331572754,0 75.81546117980412,30.87094819316953,0 75.81634789634053,30.86996580883994,0 75.81727060301937,30.86894746066182,0 75.81728738565391,30.86892938708865,0 75.81744042233736,30.86876457919195,0 75.81764407992847,30.8685352633382,0 75.81774658352711,30.86842213289175,0 75.8177514871408,30.86841696343879,0 75.8178927673499,30.86826801461034,0 75.81789279232072,30.86826798915071,0 75.81809328605272,30.86806375049779,0 75.81810475679086,30.86806155402501,0 75.81813163506295,30.86805640821758,0 75.81920655286127,30.86805676987398,0 75.8193878269965,30.86805683075263,0 75.81987872642284,30.86852776313696,0 75.82086377137374,30.86946382769919,0 75.8209388167904,30.86942847733296,0 75.82462824919766,30.86800571518704,0 75.82755880879228,30.86686912571221,0 75.8275588796603,30.86686909913227,0 75.82963127893032,30.86607492320999,0 75.82993160338869,30.86596009375309,0 75.8311162134288,30.8654130188724,0 75.83155580544658,30.86635616696151,0 75.83124767513956,30.86656823018432,0 75.83149482878693,30.86698681207683,0 75.8325067597475,30.86879467426319,0 75.82940178965644,30.87010853537455,0 75.83038562908899,30.87186884693673,0 75.83124128920574,30.87160074948302,0 75.83183050476784,30.8725280198874,0 75.83241993817079,30.87347915928434,0 75.83306803906073,30.8748118898132,0 75.83323430079034,30.87483469266746,0 75.83396586450435,30.87621462695499,0 75.83363560935015,30.87643161329362,0 75.83400139773165,30.87712157957345,0 75.83425007291997,30.87707223058142,0 75.83439197222913,30.87747716037432,0 75.83557241373781,30.87954651231587,0 75.83648285834678,30.87920640653884,0 75.83673485683843,30.87953900221135,0 75.83703847600187,30.87944154625972,0 75.8376000794854,30.88119185835896,0 
						</coordinates>
					</LinearRing>
				</outerBoundaryIs>
			</Polygon>
		</Placemark>
	</Document>
	<Document>
		<name>Ward No.46.kml</name>
		<StyleMap id="m_ylw-pushpin46">
			<Pair>
				<key>normal</key>
				<styleUrl>#s_ylw-pushpin46</styleUrl>
			</Pair>
			<Pair>
				<key>highlight</key>
				<styleUrl>#s_ylw-pushpin_hl46</styleUrl>
			</Pair>
		</StyleMap>
		<Style id="s_ylw-pushpin46">
			<IconStyle>
				<scale>1.1</scale>
				<Icon>
					<href>http://maps.google.com/mapfiles/kml/pushpin/ylw-pushpin.png</href>
				</Icon>
				<hotSpot x="20" y="2" xunits="pixels" yunits="pixels"/>
			</IconStyle>
			<LineStyle>
				<color>ffffff55</color>
				<width>3</width>
			</LineStyle>
			<PolyStyle>
				<fill>0</fill>
			</PolyStyle>
		</Style>
		<Style id="s_ylw-pushpin_hl46">
			<IconStyle>
				<scale>1.3</scale>
				<Icon>
					<href>http://maps.google.com/mapfiles/kml/pushpin/ylw-pushpin.png</href>
				</Icon>
				<hotSpot x="20" y="2" xunits="pixels" yunits="pixels"/>
			</IconStyle>
			<LineStyle>
				<color>ffffff55</color>
				<width>3</width>
			</LineStyle>
			<PolyStyle>
				<fill>0</fill>
			</PolyStyle>
		</Style>
		<Placemark>
			<name>Ward No.46.kml</name>
			<styleUrl>#m_ylw-pushpin46</styleUrl>
			<Polygon>
				<tessellate>1</tessellate>
				<outerBoundaryIs>
					<LinearRing>
						<coordinates>
							75.84783745326315,30.89122835664487,0 75.84630406765542,30.89424595407488,0 75.84572548275627,30.89276083036626,0 75.84389393405715,30.89224758032082,0 75.84050936648087,30.89141017758379,0 75.8385383879564,30.89072088282669,0 75.83781503251616,30.8902024979794,0 75.83769803581208,30.89010706408138,0 75.83758678025519,30.89000665367388,0 75.83748155007785,30.88990152329816,0 75.83738261411537,30.88979194155388,0 75.83729022511926,30.88967818841269,0 75.83720461911155,30.88956055450288,0 75.83712601478192,30.8894393403667,0 75.83705461292918,30.88931485569243,0 75.83667777565952,30.8885819429572,0 75.83585241422706,30.88698471960866,0 75.83555414787698,30.88649472135604,0 75.83537576985373,30.88626766072563,0 75.83513819832694,30.88599533917729,0 75.83481778197542,30.88566269462869,0 75.83453901067233,30.88538556689436,0 75.83430727890261,30.8851081344476,0 75.83425352551089,30.88501212508614,0 75.83399302011217,30.8844802647231,0 75.83314402788929,30.88289497139817,0 75.83316474852279,30.88288713499379,0 75.83323191528723,30.8828617344088,0 75.83330190020581,30.88283526699568,0 75.8350016789269,30.88219242406307,0 75.83503124643354,30.88218122620351,0 75.83505177057732,30.88217382227227,0 75.83505277600958,30.88217345936017,0 75.83505383961253,30.88217307544629,0 75.83505432907882,30.88217351699376,0 75.8350633550226,30.88216999488974,0 75.83507536821875,30.8821653075054,0 75.83630511485309,30.88168544394218,0 75.83708333981033,30.88138457312797,0 75.83783200562186,30.88110536196873,0 75.8386934992879,30.88077605554701,0 75.83929098974947,30.88054627972372,0 75.84019751226971,30.88020971173124,0 75.84063731624227,30.88004631351497,0 75.84132789196161,30.87977360243569,0 75.84226168463928,30.87941071356793,0 75.84275624132916,30.8792037329434,0 75.84372778264775,30.87877975058938,0 75.84417677851006,30.88030916733209,0 75.84208123068292,30.88122999914614,0 75.84298614664347,30.88342043840194,0 75.84569316509325,30.88278207499536,0 75.84598421112645,30.88440354635645,0 75.84377578569004,30.88508641222742,0 75.84474339679691,30.88685634244893,0 75.84459239514828,30.88690062204308,0 75.84442278016289,30.88695035883227,0 75.84430186944935,30.88698581385031,0 75.84338037358933,30.88725602270094,0 75.84242120218745,30.88753727111476,0 75.84229032196927,30.88757564661099,0 75.84217438291952,30.88761477289484,0 75.84187839726764,30.88770207012512,0 75.8415800831428,30.88779005397207,0 75.84126008996476,30.8878844303476,0 75.84120879751876,30.88789955759265,0 75.84118164190686,30.88790756692379,0 75.84112129788541,30.88792536454998,0 75.84105912749725,30.88794370067935,0 75.84098598152745,30.88796527357331,0 75.84097043597291,30.88796985795529,0 75.84093185469354,30.88798123676019,0 75.84090017325043,30.88799058095715,0 75.8408684927504,30.88799992431525,0 75.84083681224408,30.88800926766568,0 75.84080513046554,30.88801861211674,0 75.84077344994657,30.88802795545186,0 75.84074176847186,30.88803729961054,0 75.84071008794025,30.88804664293033,0 75.8406784064457,30.88805598624869,0 75.8405577167196,30.88809158074317,0 75.84049737150208,30.88810937781331,0 75.84046719984254,30.88811827646925,0 75.84043702722064,30.88812717512444,0 75.84040685427176,30.88813607349977,0 75.84037668259502,30.88814497213486,0 75.84030630478117,30.88816572801627,0 75.84027698868675,30.88817437383066,0 75.84115367062851,30.88911417034828,0 75.8418787782758,30.88973015610123,0 75.84237702017246,30.88972691353102,0 75.84248565081852,30.88948747517082,0 75.84348757154494,30.89010164915807,0 75.84477259525494,30.89143016082002,0 75.84527084558034,30.89142690694759,0 75.84642881011736,30.89089412894175,0 75.84716349307693,30.89112104117702,0 75.84716356003001,30.89112864691763,0 75.84735767350631,30.89113498316736,0 75.84753543938906,30.89115569772304,0 75.84754309951421,30.89115659031146,0 75.84754875243289,30.89115780131704,0 75.84768434596495,30.89117922394687,0 75.8478198085491,30.89122186549567,0 75.84783745326315,30.89122835664487,0 
						</coordinates>
					</LinearRing>
				</outerBoundaryIs>
			</Polygon>
		</Placemark>
	</Document>
	<Document>
		<name>Ward No.47.kml</name>
		<StyleMap id="m_ylw-pushpin47">
			<Pair>
				<key>normal</key>
				<styleUrl>#s_ylw-pushpin47</styleUrl>
			</Pair>
			<Pair>
				<key>highlight</key>
				<styleUrl>#s_ylw-pushpin_hl47</styleUrl>
			</Pair>
		</StyleMap>
		<Style id="s_ylw-pushpin47">
			<IconStyle>
				<scale>1.1</scale>
				<Icon>
					<href>http://maps.google.com/mapfiles/kml/pushpin/ylw-pushpin.png</href>
				</Icon>
				<hotSpot x="20" y="2" xunits="pixels" yunits="pixels"/>
			</IconStyle>
			<LineStyle>
				<color>ffffff55</color>
				<width>3</width>
			</LineStyle>
			<PolyStyle>
				<fill>0</fill>
			</PolyStyle>
		</Style>
		<Style id="s_ylw-pushpin_hl47">
			<IconStyle>
				<scale>1.3</scale>
				<Icon>
					<href>http://maps.google.com/mapfiles/kml/pushpin/ylw-pushpin.png</href>
				</Icon>
				<hotSpot x="20" y="2" xunits="pixels" yunits="pixels"/>
			</IconStyle>
			<LineStyle>
				<color>ffffff55</color>
				<width>3</width>
			</LineStyle>
			<PolyStyle>
				<fill>0</fill>
			</PolyStyle>
		</Style>
		<Placemark>
			<name>Ward No.47.kml</name>
			<styleUrl>#m_ylw-pushpin47</styleUrl>
			<Polygon>
				<tessellate>1</tessellate>
				<outerBoundaryIs>
					<LinearRing>
						<coordinates>
							75.85402253165121,30.8925955647475,0 75.85403934210854,30.89282864423894,0 75.85403934466045,30.89282868024944,0 75.85404510132646,30.89290850305511,0 75.85432080911959,30.89673113060368,0 75.85449563959136,30.8989694913379,0 75.85290689957895,30.89903725605513,0 75.85296864760068,30.89921332621664,0 75.85302441339303,30.89939087470176,0 75.85307414946092,30.89956975039952,0 75.85311781344039,30.89974980106854,0 75.85315536813474,30.89993087346656,0 75.85320719641948,30.9002491060625,0 75.85154902869458,30.90045636994779,0 75.8508676230783,30.89833837901682,0 75.85044299880161,30.8967084975044,0 75.85052408942013,30.89628641841976,0 75.85032396988501,30.89617820608268,0 75.8501198926129,30.89607563800841,0 75.84991207159423,30.8959788217423,0 75.84970072474296,30.89588785879859,0 75.84948607366793,30.89580284455394,0 75.84926834344083,30.89572386814752,0 75.84904776236006,30.89565101238758,0 75.84882456171167,30.89558435366466,0 75.8460831869741,30.89474638600783,0 75.8460492699534,30.89473727725439,0 75.84604934992139,30.89473712327137,0 75.846049833481,30.89473619082322,0 75.84630406765542,30.89424595407488,0 75.84783745326315,30.89122835664487,0 75.84831991328409,30.890279031795,0 75.84836558509728,30.89019359977262,0 75.84841778120472,30.89011099392538,0 75.84847626776188,30.89003158431047,0 75.84854078274633,30.88995572666569,0 75.84861103713156,30.88988376081595,0 75.84868671618199,30.88981600915101,0 75.848767480863,30.88975277518142,0 75.8488529693598,30.88969434217896,0 75.84894279869826,30.88964097190774,0 75.8490365664606,30.88959290345179,0 75.84918127087396,30.88954447806145,0 75.84922226870937,30.88953075758981,0 75.84944657702025,30.88947666716276,0 75.84971704206019,30.88941412144807,0 75.84972673584873,30.8894480866197,0 75.84977586030531,30.88943499217832,0 75.85099716276666,30.88929960041048,0 75.85230100537072,30.88922025967581,0 75.85359192022572,30.88921094662932,0 75.85378691775001,30.88920953833489,0 75.85378863056134,30.88920943600265,0 75.85378877053219,30.8892115543684,0 75.85378714552617,30.88921281944777,0 75.85379734737892,30.88935943384929,0 75.85402253165121,30.8925955647475,0 
						</coordinates>
					</LinearRing>
				</outerBoundaryIs>
			</Polygon>
		</Placemark>
	</Document>
	<Document>
		<name>Ward No.48.kml</name>
		<StyleMap id="m_ylw-pushpin48">
			<Pair>
				<key>normal</key>
				<styleUrl>#s_ylw-pushpin48</styleUrl>
			</Pair>
			<Pair>
				<key>highlight</key>
				<styleUrl>#s_ylw-pushpin_hl48</styleUrl>
			</Pair>
		</StyleMap>
		<Style id="s_ylw-pushpin48">
			<IconStyle>
				<scale>1.1</scale>
				<Icon>
					<href>http://maps.google.com/mapfiles/kml/pushpin/ylw-pushpin.png</href>
				</Icon>
				<hotSpot x="20" y="2" xunits="pixels" yunits="pixels"/>
			</IconStyle>
			<LineStyle>
				<color>ffffff55</color>
				<width>3</width>
			</LineStyle>
			<PolyStyle>
				<fill>0</fill>
			</PolyStyle>
		</Style>
		<Style id="s_ylw-pushpin_hl48">
			<IconStyle>
				<scale>1.3</scale>
				<Icon>
					<href>http://maps.google.com/mapfiles/kml/pushpin/ylw-pushpin.png</href>
				</Icon>
				<hotSpot x="20" y="2" xunits="pixels" yunits="pixels"/>
			</IconStyle>
			<LineStyle>
				<color>ffffff55</color>
				<width>3</width>
			</LineStyle>
			<PolyStyle>
				<fill>0</fill>
			</PolyStyle>
		</Style>
		<Placemark>
			<name>Ward No.48.kml</name>
			<styleUrl>#m_ylw-pushpin48</styleUrl>
			<Polygon>
				<tessellate>1</tessellate>
				<outerBoundaryIs>
					<LinearRing>
						<coordinates>
							75.84527084558034,30.89142690694759,0 75.84477259525494,30.89143016082002,0 75.84348757154494,30.89010164915807,0 75.84248565081852,30.88948747517082,0 75.84237702017246,30.88972691353102,0 75.8418787782758,30.88973015610123,0 75.84115367062851,30.88911417034828,0 75.84027698868675,30.88817437383066,0 75.84030630478117,30.88816572801627,0 75.84037668259502,30.88814497213486,0 75.84040685427176,30.88813607349977,0 75.84043702722064,30.88812717512444,0 75.84046719984254,30.88811827646925,0 75.84049737150208,30.88810937781331,0 75.8405577167196,30.88809158074317,0 75.8406784064457,30.88805598624869,0 75.84071008794025,30.88804664293033,0 75.84074176847186,30.88803729961054,0 75.84077344994657,30.88802795545186,0 75.84080513046554,30.88801861211674,0 75.84083681224408,30.88800926766568,0 75.8408684927504,30.88799992431525,0 75.84090017325043,30.88799058095715,0 75.84093185469354,30.88798123676019,0 75.84097043597291,30.88796985795529,0 75.84098598152745,30.88796527357331,0 75.84105912749725,30.88794370067935,0 75.84112129788541,30.88792536454998,0 75.84118164190686,30.88790756692379,0 75.84120879751876,30.88789955759265,0 75.84126008996476,30.8878844303476,0 75.8415800831428,30.88779005397207,0 75.84187839726764,30.88770207012512,0 75.84217438291952,30.88761477289484,0 75.84229032196927,30.88757564661099,0 75.84242120218745,30.88753727111476,0 75.84338037358933,30.88725602270094,0 75.84430186944935,30.88698581385031,0 75.84442278016289,30.88695035883227,0 75.84459239514828,30.88690062204308,0 75.84474339679691,30.88685634244893,0 75.84377578569004,30.88508641222742,0 75.84598421112645,30.88440354635645,0 75.84569316509325,30.88278207499536,0 75.84298614664347,30.88342043840194,0 75.84208123068292,30.88122999914614,0 75.84417677851006,30.88030916733209,0 75.84372778264775,30.87877975058938,0 75.84437589915572,30.87844676633877,0 75.84451463200622,30.8783754885215,0 75.84469053211069,30.87827191344672,0 75.84536273947248,30.87787609358672,0 75.84551731700891,30.87777226669314,0 75.84585437026898,30.87754587369207,0 75.84587263001703,30.87753360842542,0 75.84595098855829,30.87748097527227,0 75.84604746555188,30.87741717530501,0 75.84606113914624,30.87740813323451,0 75.84617207025805,30.87755685216732,0 75.8462704039279,30.87767991524734,0 75.84636176454552,30.87780691366037,0 75.84644594079657,30.87793755370093,0 75.84652273797937,30.87807153324051,0 75.84659197845531,30.87820854242618,0 75.84665350205998,30.87834826439713,0 75.84707461200952,30.87916996262586,0 75.8473163139157,30.87976051333544,0 75.84757586408374,30.8805124370219,0 75.84763571434725,30.88067597911406,0 75.84768829151967,30.88084137049294,0 75.84773351910181,30.88100837063358,0 75.84777133128171,30.88117673667018,0 75.84780167303056,30.8813462237493,0 75.84782450018294,30.88151658538593,0 75.84797774331879,30.88287833633912,0 75.8480566065008,30.88399975621545,0 75.84808157186339,30.88422341227836,0 75.84838592586195,30.8855841725227,0 75.848507126268,30.88591769218228,0 75.84912259792257,30.88761602223701,0 75.84942856097182,30.88844417225992,0 75.84966718171559,30.88923943413879,0 75.84971704206019,30.88941412144807,0 75.84944657702025,30.88947666716276,0 75.84922226870937,30.88953075758981,0 75.84918127087396,30.88954447806145,0 75.8490365664606,30.88959290345179,0 75.84894279869826,30.88964097190774,0 75.8488529693598,30.88969434217896,0 75.848767480863,30.88975277518142,0 75.84868671618199,30.88981600915101,0 75.84861103713156,30.88988376081595,0 75.84854078274634,30.88995572666569,0 75.8484762677619,30.89003158431048,0 75.84841778120472,30.89011099392539,0 75.8483655850973,30.89019359977263,0 75.84831991328409,30.890279031795,0 75.84783745326315,30.89122835664487,0 75.8478198085491,30.89122186549567,0 75.84768434596495,30.89117922394687,0 75.84754875243289,30.89115780131704,0 75.84754309951421,30.89115659031146,0 75.84753543938906,30.89115569772304,0 75.84735767350631,30.89113498316736,0 75.84716356003001,30.89112864691763,0 75.84716349307693,30.89112104117702,0 75.84642881011736,30.89089412894175,0 75.84527084558034,30.89142690694759,0 
						</coordinates>
					</LinearRing>
				</outerBoundaryIs>
			</Polygon>
		</Placemark>
	</Document>
	<Document>
		<name>Ward No.49.kml</name>
		<StyleMap id="m_ylw-pushpin49">
			<Pair>
				<key>normal</key>
				<styleUrl>#s_ylw-pushpin49</styleUrl>
			</Pair>
			<Pair>
				<key>highlight</key>
				<styleUrl>#s_ylw-pushpin_hl49</styleUrl>
			</Pair>
		</StyleMap>
		<Style id="s_ylw-pushpin49">
			<IconStyle>
				<scale>1.1</scale>
				<Icon>
					<href>http://maps.google.com/mapfiles/kml/pushpin/ylw-pushpin.png</href>
				</Icon>
				<hotSpot x="20" y="2" xunits="pixels" yunits="pixels"/>
			</IconStyle>
			<LineStyle>
				<color>ffffff55</color>
				<width>3</width>
			</LineStyle>
			<PolyStyle>
				<fill>0</fill>
			</PolyStyle>
		</Style>
		<Style id="s_ylw-pushpin_hl49">
			<IconStyle>
				<scale>1.3</scale>
				<Icon>
					<href>http://maps.google.com/mapfiles/kml/pushpin/ylw-pushpin.png</href>
				</Icon>
				<hotSpot x="20" y="2" xunits="pixels" yunits="pixels"/>
			</IconStyle>
			<LineStyle>
				<color>ffffff55</color>
				<width>3</width>
			</LineStyle>
			<PolyStyle>
				<fill>0</fill>
			</PolyStyle>
		</Style>
		<Placemark>
			<name>Ward No.49.kml</name>
			<styleUrl>#m_ylw-pushpin49</styleUrl>
			<Polygon>
				<tessellate>1</tessellate>
				<outerBoundaryIs>
					<LinearRing>
						<coordinates>
							75.85849439332667,30.88932839269594,0 75.85838048010559,30.892289424074,0 75.85807617257936,30.89230656405903,0 75.85764576342773,30.89236706138293,0 75.8570114066908,30.89243800860694,0 75.85625238335624,30.8925340494774,0 75.85579226033693,30.89261597334225,0 75.85501572736254,30.89272122423493,0 75.85455531910249,30.89277129055724,0 75.85403934210854,30.89282864423894,0 75.85402253165121,30.8925955647475,0 75.85379734737892,30.88935943384929,0 75.85378714552617,30.88921281944777,0 75.85378877053219,30.8892115543684,0 75.85378863056134,30.88920943600265,0 75.85378691775001,30.88920953833489,0 75.85359192022572,30.88921094662932,0 75.85230100537072,30.88922025967581,0 75.85099716276666,30.88929960041048,0 75.84977586030531,30.88943499217832,0 75.84972673584873,30.8894480866197,0 75.84971704206019,30.88941412144807,0 75.84966718171559,30.88923943413879,0 75.84942856097182,30.88844417225992,0 75.84912259792257,30.88761602223701,0 75.848507126268,30.88591769218228,0 75.84838592586195,30.8855841725227,0 75.84808157186339,30.88422341227836,0 75.8480566065008,30.88399975621545,0 75.84797774331879,30.88287833633912,0 75.84782450018294,30.88151658538593,0 75.84780167303056,30.8813462237493,0 75.84777133128171,30.88117673667018,0 75.84773351910181,30.88100837063358,0 75.84768829151967,30.88084137049294,0 75.84763571434725,30.88067597911406,0 75.84757586408374,30.8805124370219,0 75.8473163139157,30.87976051333544,0 75.84707461200952,30.87916996262586,0 75.84665350205998,30.87834826439713,0 75.8465919784561,30.87820854242587,0 75.84652273798065,30.87807153323999,0 75.84644594079799,30.8779375537003,0 75.84636176454676,30.87780691365976,0 75.84627040392866,30.87767991524694,0 75.84617207025805,30.87755685216732,0 75.84606113914624,30.87740813323451,0 75.84605551764407,30.8773793768852,0 75.84595108204478,30.87725981468944,0 75.84594997234996,30.87725744522964,0 75.84716111779417,30.87639724317059,0 75.84944026413359,30.87437274990838,0 75.85101441025262,30.8730321407026,0 75.85252297354803,30.8717013788001,0 75.85311998997547,30.8798300086699,0 75.85340728316271,30.88385822783578,0 75.85355979877573,30.88601516433171,0 75.85356416509579,30.886076571576,0 75.85358115878765,30.88607458441084,0 75.85434556845385,30.88598520927791,0 75.85536126099831,30.88584000989803,0 75.85534567501334,30.88627660853235,0 75.85860362007648,30.88634742063599,0 75.85858384717419,30.88722333074082,0 75.85849439332667,30.88932839269594,0 
						</coordinates>
					</LinearRing>
				</outerBoundaryIs>
			</Polygon>
		</Placemark>
	</Document>
	<Document>
		<name>Ward No.50.kml</name>
		<StyleMap id="m_ylw-pushpin50">
			<Pair>
				<key>normal</key>
				<styleUrl>#s_ylw-pushpin50</styleUrl>
			</Pair>
			<Pair>
				<key>highlight</key>
				<styleUrl>#s_ylw-pushpin_hl50</styleUrl>
			</Pair>
		</StyleMap>
		<Style id="s_ylw-pushpin50">
			<IconStyle>
				<scale>1.1</scale>
				<Icon>
					<href>http://maps.google.com/mapfiles/kml/pushpin/ylw-pushpin.png</href>
				</Icon>
				<hotSpot x="20" y="2" xunits="pixels" yunits="pixels"/>
			</IconStyle>
			<LineStyle>
				<color>ffffff55</color>
				<width>3</width>
			</LineStyle>
			<PolyStyle>
				<fill>0</fill>
			</PolyStyle>
		</Style>
		<Style id="s_ylw-pushpin_hl50">
			<IconStyle>
				<scale>1.3</scale>
				<Icon>
					<href>http://maps.google.com/mapfiles/kml/pushpin/ylw-pushpin.png</href>
				</Icon>
				<hotSpot x="20" y="2" xunits="pixels" yunits="pixels"/>
			</IconStyle>
			<LineStyle>
				<color>ffffff55</color>
				<width>3</width>
			</LineStyle>
			<PolyStyle>
				<fill>0</fill>
			</PolyStyle>
		</Style>
		<Placemark>
			<name>Ward No.50.kml</name>
			<styleUrl>#m_ylw-pushpin50</styleUrl>
			<Polygon>
				<tessellate>1</tessellate>
				<outerBoundaryIs>
					<LinearRing>
						<coordinates>
							75.86370013063119,30.88599877473195,0 75.86408349992735,30.88580709116048,0 75.86596841536075,30.88737869825665,0 75.86819675430694,30.88685322944956,0 75.86821611486934,30.88705023799983,0 75.86825123325376,30.88704494782444,0 75.86930452006722,30.88685590273175,0 75.87002470170204,30.88677523984222,0 75.870394017932,30.88678286649769,0 75.87343008929071,30.88678768370045,0 75.8734370275338,30.8867994216448,0 75.87403724451542,30.88781476878232,0 75.87444059570088,30.88844719343278,0 75.87564497505393,30.88787470493353,0 75.87655563528935,30.88880056214602,0 75.87716772030025,30.88960017852693,0 75.87746757925829,30.89000109523482,0 75.87954715082442,30.88890959232865,0 75.88179710252813,30.88775276531403,0 75.8831408308769,30.88709807841013,0 75.88495720903082,30.88618202787508,0 75.884857514568,30.88629542427587,0 75.88447066233942,30.88664381359303,0 75.88429971974398,30.88690662626957,0 75.88424829584183,30.88720600019905,0 75.88425164369569,30.88757041100146,0 75.88420030486566,30.88787912911208,0 75.87654248678798,30.89172507791512,0 75.87035339938683,30.89502827602267,0 75.86950822070922,30.89391548907404,0 75.86864907011926,30.89327028079276,0 75.86682141217223,30.89198057804892,0 75.86514779643262,30.8907841638638,0 75.86468485905715,30.89049583885191,0 75.86411367972826,30.89014009416787,0 75.86308143705477,30.88970356239114,0 75.86219360621887,30.88951135642697,0 75.86099991253371,30.88936835255258,0 75.85849439332668,30.88932839269594,0 75.85858384717419,30.88722333074083,0 75.85860362007648,30.886347420636,0 75.85862922817297,30.88521296543754,0 75.85863507470883,30.88506750341748,0 75.85952015753537,30.88505487999274,0 75.86074368108244,30.88506107157362,0 75.86136955981766,30.88509510407624,0 75.86178533771384,30.88515918056504,0 75.86237327989831,30.88528417855425,0 75.86274567191165,30.88544880800472,0 75.86336420772535,30.88589827138328,0 75.86370013063119,30.88599877473195,0 
						</coordinates>
					</LinearRing>
				</outerBoundaryIs>
			</Polygon>
		</Placemark>
	</Document>
	<Document>
		<name>Ward No.51.kml</name>
		<StyleMap id="m_ylw-pushpin51">
			<Pair>
				<key>normal</key>
				<styleUrl>#s_ylw-pushpin51</styleUrl>
			</Pair>
			<Pair>
				<key>highlight</key>
				<styleUrl>#s_ylw-pushpin_hl51</styleUrl>
			</Pair>
		</StyleMap>
		<Style id="s_ylw-pushpin51">
			<IconStyle>
				<scale>1.1</scale>
				<Icon>
					<href>http://maps.google.com/mapfiles/kml/pushpin/ylw-pushpin.png</href>
				</Icon>
				<hotSpot x="20" y="2" xunits="pixels" yunits="pixels"/>
			</IconStyle>
			<LineStyle>
				<color>ffffff55</color>
				<width>3</width>
			</LineStyle>
			<PolyStyle>
				<fill>0</fill>
			</PolyStyle>
		</Style>
		<Style id="s_ylw-pushpin_hl51">
			<IconStyle>
				<scale>1.3</scale>
				<Icon>
					<href>http://maps.google.com/mapfiles/kml/pushpin/ylw-pushpin.png</href>
				</Icon>
				<hotSpot x="20" y="2" xunits="pixels" yunits="pixels"/>
			</IconStyle>
			<LineStyle>
				<color>ffffff55</color>
				<width>3</width>
			</LineStyle>
			<PolyStyle>
				<fill>0</fill>
			</PolyStyle>
		</Style>
		<Placemark>
			<name>Ward No.51.kml</name>
			<styleUrl>#m_ylw-pushpin51</styleUrl>
			<Polygon>
				<tessellate>1</tessellate>
				<outerBoundaryIs>
					<LinearRing>
						<coordinates>
							75.85375355986559,30.90474206021115,0 75.85375331243155,30.90474235501273,0 75.85375241971452,30.90474210376312,0 75.85374717050807,30.90474062443532,0 75.85353084429966,30.90467965763051,0 75.85381259902992,30.90393177470171,0 75.85384253514196,30.90385231295899,0 75.85385251112245,30.90375256043254,0 75.85427104023977,30.90206771718201,0 75.85448276392235,30.90066136261924,0 75.85453161674644,30.89943009168969,0 75.85432080911959,30.89673113060368,0 75.85404510132646,30.89290850305511,0 75.85403934466045,30.89282868024944,0 75.85403934210854,30.89282864423894,0 75.85455531910249,30.89277129055724,0 75.85501572736254,30.89272122423493,0 75.85579226033693,30.89261597334225,0 75.85625238335624,30.8925340494774,0 75.8570114066908,30.89243800860694,0 75.85764576342773,30.89236706138293,0 75.85807617257936,30.89230656405903,0 75.85838048010559,30.892289424074,0 75.85849439332667,30.88932839269594,0 75.86099991253371,30.88936835255255,0 75.86219360621885,30.88951135642697,0 75.86308143705477,30.88970356239113,0 75.86411367972828,30.89014009416785,0 75.86468485905714,30.89049583885188,0 75.86514779643261,30.8907841638638,0 75.86682141217221,30.8919805780489,0 75.86864907011926,30.89327028079276,0 75.86950822070921,30.89391548907404,0 75.87035339938681,30.89502827602268,0 75.87015871735446,30.89513217103987,0 75.86420464062641,30.89817165014083,0 75.8641862602432,30.89818126513891,0 75.86391397025521,30.89832370605568,0 75.86235562909775,30.89913888832167,0 75.85814299163673,30.90134239383363,0 75.85583840686708,30.90296490818774,0 75.85410599212778,30.90434999392665,0 75.85375355986559,30.90474206021115,0 
						</coordinates>
					</LinearRing>
				</outerBoundaryIs>
			</Polygon>
		</Placemark>
	</Document>
	<Document>
		<name>Ward No.52.kml</name>
		<StyleMap id="m_ylw-pushpin52">
			<Pair>
				<key>normal</key>
				<styleUrl>#s_ylw-pushpin52</styleUrl>
			</Pair>
			<Pair>
				<key>highlight</key>
				<styleUrl>#s_ylw-pushpin_hl52</styleUrl>
			</Pair>
		</StyleMap>
		<Style id="s_ylw-pushpin52">
			<IconStyle>
				<scale>1.1</scale>
				<Icon>
					<href>http://maps.google.com/mapfiles/kml/pushpin/ylw-pushpin.png</href>
				</Icon>
				<hotSpot x="20" y="2" xunits="pixels" yunits="pixels"/>
			</IconStyle>
			<LineStyle>
				<color>ffffff55</color>
				<width>3</width>
			</LineStyle>
			<PolyStyle>
				<fill>0</fill>
			</PolyStyle>
		</Style>
		<Style id="s_ylw-pushpin_hl52">
			<IconStyle>
				<scale>1.3</scale>
				<Icon>
					<href>http://maps.google.com/mapfiles/kml/pushpin/ylw-pushpin.png</href>
				</Icon>
				<hotSpot x="20" y="2" xunits="pixels" yunits="pixels"/>
			</IconStyle>
			<LineStyle>
				<color>ffffff55</color>
				<width>3</width>
			</LineStyle>
			<PolyStyle>
				<fill>0</fill>
			</PolyStyle>
		</Style>
		<Placemark>
			<name>Ward No.52.kml</name>
			<styleUrl>#m_ylw-pushpin52</styleUrl>
			<Polygon>
				<tessellate>1</tessellate>
				<outerBoundaryIs>
					<LinearRing>
						<coordinates>
							75.86457787894437,30.89935008520704,0 75.8646395004052,30.89943584455678,0 75.86536180335253,30.9005098577735,0 75.86588978945858,30.90110719960948,0 75.86638147303316,30.9014649417653,0 75.86620235934284,30.90187007807069,0 75.86480832682439,30.90502313161214,0 75.86434217891016,30.90592592351741,0 75.86433565059667,30.90592629935827,0 75.86239969696759,30.90589707173976,0 75.86219526139243,30.90589398334043,0 75.86085139265042,30.90586278614875,0 75.85921775119584,30.90572940407156,0 75.85793578489502,30.90566478007244,0 75.85799701047222,30.90476913559063,0 75.85854803357235,30.90446706674307,0 75.86055877729994,30.90099211737624,0 75.86166583857673,30.90095490730136,0 75.86232063926212,30.90065213136581,0 75.86252505215087,30.9002926733364,0 75.86457787894437,30.89935008520704,0 
						</coordinates>
					</LinearRing>
				</outerBoundaryIs>
			</Polygon>
		</Placemark>
	</Document>
	<Document>
		<name>Ward No.53.kml</name>
		<StyleMap id="m_ylw-pushpin53">
			<Pair>
				<key>normal</key>
				<styleUrl>#s_ylw-pushpin53</styleUrl>
			</Pair>
			<Pair>
				<key>highlight</key>
				<styleUrl>#s_ylw-pushpin_hl53</styleUrl>
			</Pair>
		</StyleMap>
		<Style id="s_ylw-pushpin53">
			<IconStyle>
				<scale>1.1</scale>
				<Icon>
					<href>http://maps.google.com/mapfiles/kml/pushpin/ylw-pushpin.png</href>
				</Icon>
				<hotSpot x="20" y="2" xunits="pixels" yunits="pixels"/>
			</IconStyle>
			<LineStyle>
				<color>ffffff55</color>
				<width>3</width>
			</LineStyle>
			<PolyStyle>
				<fill>0</fill>
			</PolyStyle>
		</Style>
		<Style id="s_ylw-pushpin_hl53">
			<IconStyle>
				<scale>1.3</scale>
				<Icon>
					<href>http://maps.google.com/mapfiles/kml/pushpin/ylw-pushpin.png</href>
				</Icon>
				<hotSpot x="20" y="2" xunits="pixels" yunits="pixels"/>
			</IconStyle>
			<LineStyle>
				<color>ffffff55</color>
				<width>3</width>
			</LineStyle>
			<PolyStyle>
				<fill>0</fill>
			</PolyStyle>
		</Style>
		<Placemark>
			<name>Ward No.53.kml</name>
			<styleUrl>#m_ylw-pushpin53</styleUrl>
			<Polygon>
				<tessellate>1</tessellate>
				<outerBoundaryIs>
					<LinearRing>
						<coordinates>
							75.87189407377696,30.90415648133426,0 75.87150729515423,30.90440627239882,0 75.87059672225503,30.90504352582498,0 75.87059285084636,30.90504355187944,0 75.87065820775096,30.90513137014196,0 75.87065782411608,30.90513165791645,0 75.87110457869629,30.9055530223917,0 75.87125029465558,30.9054390009071,0 75.87131515312124,30.90550405738857,0 75.87131583168141,30.90550354761222,0 75.8737881332578,30.90799971167985,0 75.87223647108462,30.90902609426327,0 75.87003974286625,30.91040462464252,0 75.86947972249907,30.90973534202674,0 75.86922558077305,30.90947651523268,0 75.86920542129536,30.90933552780339,0 75.86925942431557,30.90904206281606,0 75.86922589093793,30.9088143201961,0 75.86887336166693,30.90811650122265,0 75.86838551567905,30.90707220955221,0 75.86809726607771,30.90652050758803,0 75.86750943407746,30.90630328526891,0 75.86639631195884,30.90596843344519,0 75.86613077027592,30.90584116656365,0 75.86578743010634,30.9054931032285,0 75.86480832682439,30.90502313161215,0 75.86620235934285,30.90187007807069,0 75.86638147303316,30.90146494176532,0 75.86689408994744,30.90183791049739,0 75.86802435535692,30.90248583043485,0 75.86917063673427,30.90139929235122,0 75.86923158402367,30.90136610166336,0 75.8696549573497,30.9018042894556,0 75.87028411806324,30.90249476284832,0 75.87054001521344,30.90277951709282,0 75.87117253054649,30.90338043960646,0 75.87149120812305,30.90371848330649,0 75.87173020966935,30.90397112034462,0 75.87189407377696,30.90415648133426,0 
						</coordinates>
					</LinearRing>
				</outerBoundaryIs>
			</Polygon>
		</Placemark>
	</Document>
	<Document>
		<name>Ward No.54.kml</name>
		<StyleMap id="m_ylw-pushpin54">
			<Pair>
				<key>normal</key>
				<styleUrl>#s_ylw-pushpin54</styleUrl>
			</Pair>
			<Pair>
				<key>highlight</key>
				<styleUrl>#s_ylw-pushpin_hl54</styleUrl>
			</Pair>
		</StyleMap>
		<Style id="s_ylw-pushpin54">
			<IconStyle>
				<scale>1.1</scale>
				<Icon>
					<href>http://maps.google.com/mapfiles/kml/pushpin/ylw-pushpin.png</href>
				</Icon>
				<hotSpot x="20" y="2" xunits="pixels" yunits="pixels"/>
			</IconStyle>
			<LineStyle>
				<color>ffffff55</color>
				<width>3</width>
			</LineStyle>
			<PolyStyle>
				<fill>0</fill>
			</PolyStyle>
		</Style>
		<Style id="s_ylw-pushpin_hl54">
			<IconStyle>
				<scale>1.3</scale>
				<Icon>
					<href>http://maps.google.com/mapfiles/kml/pushpin/ylw-pushpin.png</href>
				</Icon>
				<hotSpot x="20" y="2" xunits="pixels" yunits="pixels"/>
			</IconStyle>
			<LineStyle>
				<color>ffffff55</color>
				<width>3</width>
			</LineStyle>
			<PolyStyle>
				<fill>0</fill>
			</PolyStyle>
		</Style>
		<Placemark>
			<name>Ward No.54.kml</name>
			<styleUrl>#m_ylw-pushpin54</styleUrl>
			<Polygon>
				<tessellate>1</tessellate>
				<outerBoundaryIs>
					<LinearRing>
						<coordinates>
							75.86903293151212,30.91253909422659,0 75.86866024201697,30.91309523361302,0 75.86861784515898,30.91328006353834,0 75.86855685753368,30.91349758575088,0 75.8685548000356,30.91364566270616,0 75.86775083368175,30.91384860979303,0 75.86732757844263,30.91396322676992,0 75.86726280598955,30.91396874176266,0 75.86631292203319,30.9143417495206,0 75.862739679878,30.91598454376779,0 75.86246986906173,30.91575377818782,0 75.86254893036819,30.91558183112533,0 75.86356032645766,30.91323750510265,0 75.86406847926348,30.91187353996169,0 75.86334796289438,30.91187368560401,0 75.86079065606089,30.91202861365066,0 75.86078137780915,30.91201291775474,0 75.86065749984714,30.91058446869839,0 75.85765391871507,30.91053674458314,0 75.85746147762039,30.90977093454857,0 75.85701199230685,30.90900789033091,0 75.85612193198942,30.90779602658337,0 75.85950797498494,30.90732545474122,0 75.859137407226,30.90613426550885,0 75.85921775119584,30.90572940407156,0 75.86085139265042,30.90586278614875,0 75.86219526139243,30.90589398334043,0 75.86239969696759,30.90589707173976,0 75.86433565059667,30.90592629935827,0 75.86434217891016,30.90592592351741,0 75.86480832682439,30.90502313161214,0 75.86578743010634,30.90549310322848,0 75.8661307702759,30.90584116656364,0 75.86639631195884,30.90596843344518,0 75.86750943407746,30.90630328526891,0 75.86809726607771,30.90652050758801,0 75.86838551567904,30.9070722095522,0 75.86887336166691,30.90811650122265,0 75.86922589093793,30.9088143201961,0 75.86925942431557,30.90904206281608,0 75.86920542129535,30.90933552780338,0 75.86922558077305,30.90947651523264,0 75.86947972249908,30.90973534202671,0 75.87003974286624,30.91040462464249,0 75.86969435630843,30.91119397951952,0 75.86903293151212,30.91253909422659,0 
						</coordinates>
					</LinearRing>
				</outerBoundaryIs>
			</Polygon>
		</Placemark>
	</Document>
	<Document>
		<name>Ward No.55.kml</name>
		<StyleMap id="m_ylw-pushpin55">
			<Pair>
				<key>normal</key>
				<styleUrl>#s_ylw-pushpin55</styleUrl>
			</Pair>
			<Pair>
				<key>highlight</key>
				<styleUrl>#s_ylw-pushpin_hl55</styleUrl>
			</Pair>
		</StyleMap>
		<Style id="s_ylw-pushpin55">
			<IconStyle>
				<scale>1.1</scale>
				<Icon>
					<href>http://maps.google.com/mapfiles/kml/pushpin/ylw-pushpin.png</href>
				</Icon>
				<hotSpot x="20" y="2" xunits="pixels" yunits="pixels"/>
			</IconStyle>
			<LineStyle>
				<color>ffffff55</color>
				<width>3</width>
			</LineStyle>
			<PolyStyle>
				<fill>0</fill>
			</PolyStyle>
		</Style>
		<Style id="s_ylw-pushpin_hl55">
			<IconStyle>
				<scale>1.3</scale>
				<Icon>
					<href>http://maps.google.com/mapfiles/kml/pushpin/ylw-pushpin.png</href>
				</Icon>
				<hotSpot x="20" y="2" xunits="pixels" yunits="pixels"/>
			</IconStyle>
			<LineStyle>
				<color>ffffff55</color>
				<width>3</width>
			</LineStyle>
			<PolyStyle>
				<fill>0</fill>
			</PolyStyle>
		</Style>
		<Placemark>
			<name>Ward No.55.kml</name>
			<styleUrl>#m_ylw-pushpin55</styleUrl>
			<Polygon>
				<tessellate>1</tessellate>
				<outerBoundaryIs>
					<LinearRing>
						<coordinates>
							75.87529671361055,30.90270576874378,0 75.87608570738287,30.9042614217516,0 75.87666827206171,30.90534350730366,0 75.87660062378731,30.90549558679636,0 75.87631099201181,30.90609396447196,0 75.8759149585895,30.90691531996209,0 75.87555737243427,30.90772362324362,0 75.87521421762204,30.90848833510253,0 75.87481568769137,30.90936343073193,0 75.8744981777578,30.91001284089411,0 75.87418355196033,30.9103270871542,0 75.87344782954686,30.91099467195182,0 75.87275013481074,30.91160315268209,0 75.87176727455677,30.9125052050789,0 75.87120506813757,30.91267784499559,0 75.8711382174999,30.91283179627045,0 75.87114011866321,30.91283796968692,0 75.87088675353945,30.91324149507346,0 75.87032050970309,30.9133273727985,0 75.86895809523132,30.91355584895117,0 75.8685548000356,30.91364566270616,0 75.86855685753368,30.91349758575088,0 75.86861784515898,30.91328006353834,0 75.86866024201697,30.91309523361302,0 75.86903293151212,30.91253909422659,0 75.86969435630843,30.91119397951952,0 75.87003974286624,30.91040462464249,0 75.87223647108462,30.90902609426325,0 75.8737881332578,30.90799971167986,0 75.8713158316814,30.90550354761221,0 75.87131515312123,30.90550405738857,0 75.87125029465558,30.90543900090711,0 75.87110457869628,30.9055530223917,0 75.87065782411607,30.90513165791645,0 75.87065820775096,30.90513137014195,0 75.87059285084635,30.90504355187942,0 75.87059672225503,30.90504352582495,0 75.87150729515423,30.90440627239881,0 75.8724888788839,30.90377233694464,0 75.87328705584584,30.90328899399954,0 75.87400257824417,30.9028641033742,0 75.87529671361055,30.90270576874378,0 
						</coordinates>
					</LinearRing>
				</outerBoundaryIs>
			</Polygon>
		</Placemark>
	</Document>
	<Document>
		<name>Ward No.56.kml</name>
		<StyleMap id="m_ylw-pushpin56">
			<Pair>
				<key>normal</key>
				<styleUrl>#s_ylw-pushpin56</styleUrl>
			</Pair>
			<Pair>
				<key>highlight</key>
				<styleUrl>#s_ylw-pushpin_hl56</styleUrl>
			</Pair>
		</StyleMap>
		<Style id="s_ylw-pushpin56">
			<IconStyle>
				<scale>1.1</scale>
				<Icon>
					<href>http://maps.google.com/mapfiles/kml/pushpin/ylw-pushpin.png</href>
				</Icon>
				<hotSpot x="20" y="2" xunits="pixels" yunits="pixels"/>
			</IconStyle>
			<LineStyle>
				<color>ffffff55</color>
				<width>3</width>
			</LineStyle>
			<PolyStyle>
				<fill>0</fill>
			</PolyStyle>
		</Style>
		<Style id="s_ylw-pushpin_hl56">
			<IconStyle>
				<scale>1.3</scale>
				<Icon>
					<href>http://maps.google.com/mapfiles/kml/pushpin/ylw-pushpin.png</href>
				</Icon>
				<hotSpot x="20" y="2" xunits="pixels" yunits="pixels"/>
			</IconStyle>
			<LineStyle>
				<color>ffffff55</color>
				<width>3</width>
			</LineStyle>
			<PolyStyle>
				<fill>0</fill>
			</PolyStyle>
		</Style>
		<Placemark>
			<name>Ward No.56.kml</name>
			<styleUrl>#m_ylw-pushpin56</styleUrl>
			<Polygon>
				<tessellate>1</tessellate>
				<outerBoundaryIs>
					<LinearRing>
						<coordinates>
							75.86972116145446,30.91665968184313,0 75.8667823174903,30.91767041269381,0 75.86475589742416,30.91941476756611,0 75.86240523620546,30.921138086925,0 75.86158892505993,30.92052805790198,0 75.8610578103491,30.91996227855162,0 75.86069385425085,30.91957409195524,0 75.8602105386726,30.91934572164571,0 75.85969529066486,30.91930090077625,0 75.85920242529281,30.91925592804699,0 75.8584610190031,30.91895206971704,0 75.85725449326048,30.91856877135321,0 75.85725471819592,30.91856806141912,0 75.85760351917592,30.91746732515437,0 75.8577177409058,30.91703912754387,0 75.8580477235159,30.91539231207604,0 75.85810139180387,30.91480251047129,0 75.85813040056799,30.91429089772718,0 75.85961984999054,30.91439680012338,0 75.86091836249642,30.91442676111583,0 75.86246986906173,30.91575377818782,0 75.862739679878,30.91598454376779,0 75.86631292203319,30.9143417495206,0 75.86726280598955,30.91396874176266,0 75.86732757844263,30.91396322676992,0 75.86775083368175,30.91384860979303,0 75.8685548000356,30.91364566270616,0 75.86865005063228,30.91404060380599,0 75.86893279464091,30.91438211797116,0 75.86907049191269,30.91461500551097,0 75.86947167729029,30.91493380150502,0 75.86987332837261,30.91530373980697,0 75.86996815834175,30.91540326653683,0 75.86984491670714,30.91590406843879,0 75.86972116145446,30.91665968184313,0 
						</coordinates>
					</LinearRing>
				</outerBoundaryIs>
			</Polygon>
		</Placemark>
	</Document>
	<Document>
		<name>Ward No.57.kml</name>
		<StyleMap id="m_ylw-pushpin57">
			<Pair>
				<key>normal</key>
				<styleUrl>#s_ylw-pushpin57</styleUrl>
			</Pair>
			<Pair>
				<key>highlight</key>
				<styleUrl>#s_ylw-pushpin_hl57</styleUrl>
			</Pair>
		</StyleMap>
		<Style id="s_ylw-pushpin57">
			<IconStyle>
				<scale>1.1</scale>
				<Icon>
					<href>http://maps.google.com/mapfiles/kml/pushpin/ylw-pushpin.png</href>
				</Icon>
				<hotSpot x="20" y="2" xunits="pixels" yunits="pixels"/>
			</IconStyle>
			<LineStyle>
				<color>ffffff55</color>
				<width>3</width>
			</LineStyle>
			<PolyStyle>
				<fill>0</fill>
			</PolyStyle>
		</Style>
		<Style id="s_ylw-pushpin_hl57">
			<IconStyle>
				<scale>1.3</scale>
				<Icon>
					<href>http://maps.google.com/mapfiles/kml/pushpin/ylw-pushpin.png</href>
				</Icon>
				<hotSpot x="20" y="2" xunits="pixels" yunits="pixels"/>
			</IconStyle>
			<LineStyle>
				<color>ffffff55</color>
				<width>3</width>
			</LineStyle>
			<PolyStyle>
				<fill>0</fill>
			</PolyStyle>
		</Style>
		<Placemark>
			<name>Ward No.57.kml</name>
			<styleUrl>#m_ylw-pushpin57</styleUrl>
			<Polygon>
				<tessellate>1</tessellate>
				<outerBoundaryIs>
					<LinearRing>
						<coordinates>
							75.87253667564421,30.91696527853852,0 75.87127416079207,30.91716035272565,0 75.87030622985291,30.91733513140218,0 75.86950162638702,30.91747081057538,0 75.86950247048243,30.91746870157534,0 75.86956957663959,30.91730118263291,0 75.86968166205502,30.91716473341976,0 75.86974997575585,30.91706114564353,0 75.86974919011801,30.91697430598201,0 75.86974147080154,30.91681695172014,0 75.86974043967403,30.91670297481429,0 75.86972116145446,30.91665968184313,0 75.86984491670714,30.91590406843879,0 75.86996815834175,30.91540326653683,0 75.86987332837261,30.91530373980697,0 75.86947167729029,30.91493380150502,0 75.86907049191269,30.91461500551097,0 75.86893279464091,30.91438211797116,0 75.86865005063228,30.91404060380599,0 75.8685548000356,30.91364566270616,0 75.86895809523132,30.91355584895117,0 75.87032050970309,30.9133273727985,0 75.87088675353945,30.91324149507346,0 75.87114011866321,30.91283796968692,0 75.8711382174999,30.91283179627045,0 75.87120506813757,30.91267784499559,0 75.87176727455677,30.9125052050789,0 75.87275013481074,30.91160315268209,0 75.87344782954686,30.91099467195182,0 75.87418355196033,30.9103270871542,0 75.8744981777578,30.91001284089411,0 75.87481568769137,30.90936343073193,0 75.87521421762204,30.90848833510253,0 75.87555737243427,30.90772362324362,0 75.8759149585895,30.90691531996209,0 75.87631099201181,30.90609396447196,0 75.87660062378731,30.90549558679636,0 75.87666827206171,30.90534350730366,0 75.87958986963066,30.91076980886926,0 75.87864632476787,30.91306365449046,0 75.87726136418431,30.91645593955651,0 75.87717532870931,30.91666666595428,0 75.87690752707665,30.91732258199014,0 75.87630349134017,30.91719491728394,0 75.87503063600609,30.91706783996747,0 75.87421816809177,30.91702991208351,0 75.87343702830154,30.91697548380538,0 75.87266252983022,30.91695900140839,0 75.87253667564421,30.91696527853852,0 
						</coordinates>
					</LinearRing>
				</outerBoundaryIs>
			</Polygon>
		</Placemark>
	</Document>
	<Document>
		<name>Ward No.58.kml</name>
		<StyleMap id="m_ylw-pushpin58">
			<Pair>
				<key>normal</key>
				<styleUrl>#s_ylw-pushpin58</styleUrl>
			</Pair>
			<Pair>
				<key>highlight</key>
				<styleUrl>#s_ylw-pushpin_hl58</styleUrl>
			</Pair>
		</StyleMap>
		<Style id="s_ylw-pushpin58">
			<IconStyle>
				<scale>1.1</scale>
				<Icon>
					<href>http://maps.google.com/mapfiles/kml/pushpin/ylw-pushpin.png</href>
				</Icon>
				<hotSpot x="20" y="2" xunits="pixels" yunits="pixels"/>
			</IconStyle>
			<LineStyle>
				<color>ffffff55</color>
				<width>3</width>
			</LineStyle>
			<PolyStyle>
				<fill>0</fill>
			</PolyStyle>
		</Style>
		<Style id="s_ylw-pushpin_hl58">
			<IconStyle>
				<scale>1.3</scale>
				<Icon>
					<href>http://maps.google.com/mapfiles/kml/pushpin/ylw-pushpin.png</href>
				</Icon>
				<hotSpot x="20" y="2" xunits="pixels" yunits="pixels"/>
			</IconStyle>
			<LineStyle>
				<color>ffffff55</color>
				<width>3</width>
			</LineStyle>
			<PolyStyle>
				<fill>0</fill>
			</PolyStyle>
		</Style>
		<Placemark>
			<name>Ward No.58.kml</name>
			<styleUrl>#m_ylw-pushpin58</styleUrl>
			<Polygon>
				<tessellate>1</tessellate>
				<outerBoundaryIs>
					<LinearRing>
						<coordinates>
							75.86046170783051,30.92440568550668,0 75.8616738457676,30.92339495040635,0 75.86353351433446,30.92194928118064,0 75.86552047573841,30.92018048341472,0 75.86583854888877,30.91982075075259,0 75.86681834484287,30.91898817366635,0 75.8672183765386,30.91882838322318,0 75.86732237826735,30.91878684035602,0 75.86763910602403,30.91866032321435,0 75.86841226419509,30.91823709036021,0 75.86885240137491,30.91781105453356,0 75.869089810636,30.91757777266504,0 75.8692118447822,30.91750643890323,0 75.86950247048243,30.91746870157534,0 75.86950162638703,30.9174708105754,0 75.87030622985293,30.91733513140222,0 75.87127416079207,30.9171603527257,0 75.87253667564423,30.91696527853853,0 75.87266252983022,30.9169590014084,0 75.87343702830154,30.91697548380539,0 75.87421816809179,30.91702991208353,0 75.8750306360061,30.91706783996747,0 75.87630349134017,30.91719491728394,0 75.87690752707668,30.91732258199016,0 75.87678978070439,30.91761096876476,0 75.87631542759135,30.91878149753627,0 75.86969359647077,30.92305297566341,0 75.86913652709568,30.92336571692567,0 75.86740000949371,30.92447313730925,0 75.8664018735724,30.92510313793083,0 75.86465369143214,30.92344401109878,0 75.86428288686697,30.92455061338233,0 75.8635015457828,30.92619709765444,0 75.86370427293973,30.92681820354247,0 75.86366455890425,30.92678730396935,0 75.86348826091813,30.92691678080662,0 75.86337758660545,30.92687734655005,0 75.86210431664594,30.92619484722441,0 75.86110176200138,30.92551533166616,0 75.86082850210907,30.92571361087921,0 75.86053916160887,30.92587134857439,0 75.86025369583338,30.92504442130944,0 75.86020060984582,30.9249405316981,0 75.86014803689331,30.92486379734164,0 75.86046170783051,30.92440568550668,0 
						</coordinates>
					</LinearRing>
				</outerBoundaryIs>
			</Polygon>
		</Placemark>
	</Document>
	<Document>
		<name>Ward No.59.kml</name>
		<StyleMap id="m_ylw-pushpin59">
			<Pair>
				<key>normal</key>
				<styleUrl>#s_ylw-pushpin59</styleUrl>
			</Pair>
			<Pair>
				<key>highlight</key>
				<styleUrl>#s_ylw-pushpin_hl59</styleUrl>
			</Pair>
		</StyleMap>
		<Style id="s_ylw-pushpin59">
			<IconStyle>
				<scale>1.1</scale>
				<Icon>
					<href>http://maps.google.com/mapfiles/kml/pushpin/ylw-pushpin.png</href>
				</Icon>
				<hotSpot x="20" y="2" xunits="pixels" yunits="pixels"/>
			</IconStyle>
			<LineStyle>
				<color>ffffff55</color>
				<width>3</width>
			</LineStyle>
			<PolyStyle>
				<fill>0</fill>
			</PolyStyle>
		</Style>
		<Style id="s_ylw-pushpin_hl59">
			<IconStyle>
				<scale>1.3</scale>
				<Icon>
					<href>http://maps.google.com/mapfiles/kml/pushpin/ylw-pushpin.png</href>
				</Icon>
				<hotSpot x="20" y="2" xunits="pixels" yunits="pixels"/>
			</IconStyle>
			<LineStyle>
				<color>ffffff55</color>
				<width>3</width>
			</LineStyle>
			<PolyStyle>
				<fill>0</fill>
			</PolyStyle>
		</Style>
		<Placemark>
			<name>Ward No.59.kml</name>
			<styleUrl>#m_ylw-pushpin59</styleUrl>
			<Polygon>
				<tessellate>1</tessellate>
				<outerBoundaryIs>
					<LinearRing>
						<coordinates>
							75.85946239018485,30.92547457278176,0 75.85820184927404,30.92745148044149,0 75.8577965910895,30.92818872407287,0 75.85736958938715,30.9288771406485,0 75.85697005534746,30.92946131145736,0 75.85653365044044,30.92989269329987,0 75.856222759247,30.93006614857435,0 75.85613615225073,30.92986281038964,0 75.85598400631487,30.92911149100857,0 75.85593967426382,30.92805351187899,0 75.85575988572782,30.92681085457762,0 75.85573353348566,30.92646495844376,0 75.85553802716082,30.92607002623785,0 75.85512660400852,30.9256012890204,0 75.85487243618715,30.9251515736438,0 75.85485212586279,30.92512619105125,0 75.85315580426941,30.92584964169966,0 75.85283242183083,30.92598686686837,0 75.85146805156911,30.92612130103307,0 75.85137554277524,30.92542532682495,0 75.8512275140028,30.92506072581593,0 75.85061558784548,30.924868590224,0 75.84999292782146,30.92463193929393,0 75.84909056112133,30.92434362373435,0 75.84804317369669,30.92402950395588,0 75.8473982250828,30.92378050158409,0 75.84812678059228,30.9228711347279,0 75.84840182315301,30.92239452853921,0 75.84860735017455,30.92195181394875,0 75.84918384027186,30.92047681029905,0 75.8492129156547,30.9202559364379,0 75.84912535241027,30.92000239133292,0 75.85031671872888,30.91995131330487,0 75.85060730245797,30.91996609646268,0 75.85138155294716,30.92066215224188,0 75.85160808953641,30.92073300138195,0 75.85244051709773,30.9207902748234,0 75.8533402741844,30.92093491121709,0 75.85424281876807,30.92122736502088,0 75.85493743447206,30.92149134570721,0 75.85546165189108,30.92205486223326,0 75.85677374768295,30.92354992977686,0 75.85682762261484,30.92363890534654,0 75.85683335539815,30.92364165465467,0 75.85685781177713,30.92368876492548,0 75.85704351781874,30.92404648420962,0 75.85741042413406,30.92465616665784,0 75.85768950307843,30.92482682111491,0 75.85882300744555,30.92526447177402,0 75.85946239018485,30.92547457278176,0 
						</coordinates>
					</LinearRing>
				</outerBoundaryIs>
			</Polygon>
		</Placemark>
	</Document>
	<Document>
		<name>Ward No.60.kml</name>
		<StyleMap id="m_ylw-pushpin60">
			<Pair>
				<key>normal</key>
				<styleUrl>#s_ylw-pushpin60</styleUrl>
			</Pair>
			<Pair>
				<key>highlight</key>
				<styleUrl>#s_ylw-pushpin_hl60</styleUrl>
			</Pair>
		</StyleMap>
		<Style id="s_ylw-pushpin60">
			<IconStyle>
				<scale>1.1</scale>
				<Icon>
					<href>http://maps.google.com/mapfiles/kml/pushpin/ylw-pushpin.png</href>
				</Icon>
				<hotSpot x="20" y="2" xunits="pixels" yunits="pixels"/>
			</IconStyle>
			<LineStyle>
				<color>ffffff55</color>
				<width>3</width>
			</LineStyle>
			<PolyStyle>
				<fill>0</fill>
			</PolyStyle>
		</Style>
		<Style id="s_ylw-pushpin_hl60">
			<IconStyle>
				<scale>1.3</scale>
				<Icon>
					<href>http://maps.google.com/mapfiles/kml/pushpin/ylw-pushpin.png</href>
				</Icon>
				<hotSpot x="20" y="2" xunits="pixels" yunits="pixels"/>
			</IconStyle>
			<LineStyle>
				<color>ffffff55</color>
				<width>3</width>
			</LineStyle>
			<PolyStyle>
				<fill>0</fill>
			</PolyStyle>
		</Style>
		<Placemark>
			<name>Ward No.60.kml</name>
			<styleUrl>#m_ylw-pushpin60</styleUrl>
			<Polygon>
				<tessellate>1</tessellate>
				<outerBoundaryIs>
					<LinearRing>
						<coordinates>
							75.85725449326048,30.91856877135321,0 75.85692840425618,30.91962801283726,0 75.85696860144407,30.92025441216023,0 75.85735224998479,30.92058012262781,0 75.85749495350987,30.92105663590165,0 75.85546165189108,30.92205486223324,0 75.85493743447208,30.92149134570719,0 75.85424281876807,30.92122736502088,0 75.8533402741844,30.92093491121709,0 75.85244051709773,30.92079027482336,0 75.8516080895364,30.92073300138195,0 75.85138155294715,30.92066215224189,0 75.85060730245797,30.91996609646268,0 75.8510389240936,30.91830972309251,0 75.85161244762737,30.91741071040354,0 75.85651481539512,30.91755738396989,0 75.85739422361483,30.9142591276482,0 75.85813040056799,30.91429089772718,0 75.85810139180387,30.91480251047129,0 75.8580477235159,30.91539231207604,0 75.8577177409058,30.91703912754387,0 75.85760351917592,30.91746732515437,0 75.85725471819592,30.91856806141912,0 75.85725449326048,30.91856877135321,0 
						</coordinates>
					</LinearRing>
				</outerBoundaryIs>
			</Polygon>
		</Placemark>
	</Document>
	<Document>
		<name>Ward No.61.kml</name>
		<StyleMap id="m_ylw-pushpin61">
			<Pair>
				<key>normal</key>
				<styleUrl>#s_ylw-pushpin61</styleUrl>
			</Pair>
			<Pair>
				<key>highlight</key>
				<styleUrl>#s_ylw-pushpin_hl61</styleUrl>
			</Pair>
		</StyleMap>
		<Style id="s_ylw-pushpin61">
			<IconStyle>
				<scale>1.1</scale>
				<Icon>
					<href>http://maps.google.com/mapfiles/kml/pushpin/ylw-pushpin.png</href>
				</Icon>
				<hotSpot x="20" y="2" xunits="pixels" yunits="pixels"/>
			</IconStyle>
			<LineStyle>
				<color>ffffff55</color>
				<width>3</width>
			</LineStyle>
			<PolyStyle>
				<fill>0</fill>
			</PolyStyle>
		</Style>
		<Style id="s_ylw-pushpin_hl61">
			<IconStyle>
				<scale>1.3</scale>
				<Icon>
					<href>http://maps.google.com/mapfiles/kml/pushpin/ylw-pushpin.png</href>
				</Icon>
				<hotSpot x="20" y="2" xunits="pixels" yunits="pixels"/>
			</IconStyle>
			<LineStyle>
				<color>ffffff55</color>
				<width>3</width>
			</LineStyle>
			<PolyStyle>
				<fill>0</fill>
			</PolyStyle>
		</Style>
		<Placemark>
			<name>Ward No.61.kml</name>
			<styleUrl>#m_ylw-pushpin61</styleUrl>
			<Polygon>
				<tessellate>1</tessellate>
				<outerBoundaryIs>
					<LinearRing>
						<coordinates>
							75.86353351433446,30.92194928118062,0 75.86167384576758,30.92339495040633,0 75.86046170783051,30.92440568550671,0 75.86014803689331,30.92486379734164,0 75.86009628907311,30.92491080054328,0 75.85954631651099,30.92534294776268,0 75.85946239018485,30.92547457278176,0 75.85882300744557,30.92526447177402,0 75.85768950307843,30.92482682111491,0 75.85741042413406,30.92465616665786,0 75.85704351781875,30.92404648420964,0 75.85685781177715,30.9236887649255,0 75.85683335539815,30.92364165465467,0 75.85682762261484,30.92363890534654,0 75.85677374768295,30.92354992977686,0 75.85546165189109,30.92205486223326,0 75.85749495350989,30.92105663590168,0 75.8573522499848,30.92058012262783,0 75.85696860144408,30.92025441216027,0 75.85692840425618,30.91962801283729,0 75.8572544932605,30.91856877135326,0 75.8584610190031,30.91895206971704,0 75.85920242529281,30.91925592804698,0 75.85969529066489,30.91930090077627,0 75.86021053867262,30.91934572164574,0 75.86069385425085,30.91957409195525,0 75.8610578103491,30.91996227855168,0 75.86158892505996,30.92052805790202,0 75.86240523620549,30.92113808692503,0 75.86475589742416,30.91941476756613,0 75.86678231749032,30.9176704126938,0 75.86972116145446,30.91665968184312,0 75.86974043967405,30.91670297481429,0 75.86974147080157,30.91681695172018,0 75.86974919011803,30.91697430598206,0 75.86974997575587,30.91706114564353,0 75.86968166205503,30.91716473341979,0 75.86956957663962,30.91730118263294,0 75.86950247048243,30.91746870157534,0 75.8692118447822,30.91750643890325,0 75.86908981063601,30.91757777266507,0 75.86885240137489,30.91781105453356,0 75.86841226419506,30.91823709036021,0 75.86763910602404,30.91866032321437,0 75.86732237826735,30.91878684035602,0 75.86721837653862,30.91882838322315,0 75.86681834484287,30.9189881736664,0 75.86583854888879,30.91982075075256,0 75.86552047573839,30.92018048341474,0 75.86353351433446,30.92194928118062,0 
						</coordinates>
					</LinearRing>
				</outerBoundaryIs>
			</Polygon>
		</Placemark>
	</Document>
	<Document>
		<name>Ward No.62.kml</name>
		<StyleMap id="m_ylw-pushpin62">
			<Pair>
				<key>normal</key>
				<styleUrl>#s_ylw-pushpin62</styleUrl>
			</Pair>
			<Pair>
				<key>highlight</key>
				<styleUrl>#s_ylw-pushpin_hl62</styleUrl>
			</Pair>
		</StyleMap>
		<Style id="s_ylw-pushpin62">
			<IconStyle>
				<scale>1.1</scale>
				<Icon>
					<href>http://maps.google.com/mapfiles/kml/pushpin/ylw-pushpin.png</href>
				</Icon>
				<hotSpot x="20" y="2" xunits="pixels" yunits="pixels"/>
			</IconStyle>
			<LineStyle>
				<color>ffffff55</color>
				<width>3</width>
			</LineStyle>
			<PolyStyle>
				<fill>0</fill>
			</PolyStyle>
		</Style>
		<Style id="s_ylw-pushpin_hl62">
			<IconStyle>
				<scale>1.3</scale>
				<Icon>
					<href>http://maps.google.com/mapfiles/kml/pushpin/ylw-pushpin.png</href>
				</Icon>
				<hotSpot x="20" y="2" xunits="pixels" yunits="pixels"/>
			</IconStyle>
			<LineStyle>
				<color>ffffff55</color>
				<width>3</width>
			</LineStyle>
			<PolyStyle>
				<fill>0</fill>
			</PolyStyle>
		</Style>
		<Placemark>
			<name>Ward No.62.kml</name>
			<styleUrl>#m_ylw-pushpin62</styleUrl>
			<Polygon>
				<tessellate>1</tessellate>
				<outerBoundaryIs>
					<LinearRing>
						<coordinates>
							75.85746147762039,30.90977093454857,0 75.85765391871507,30.91053674458314,0 75.86065749984714,30.91058446869839,0 75.86078137780915,30.91201291775474,0 75.86079065606089,30.91202861365066,0 75.86334796289438,30.91187368560401,0 75.86406847926348,30.91187353996169,0 75.86356032645766,30.91323750510265,0 75.86254893036819,30.91558183112533,0 75.86246986906173,30.91575377818782,0 75.86091836249642,30.91442676111583,0 75.85961984999054,30.91439680012338,0 75.85813040056799,30.91429089772718,0 75.85631426989147,30.914212514189,0 75.85511052015053,30.91429209706504,0 75.85415786047564,30.91458486811058,0 75.85377677044279,30.91376376546398,0 75.85497956009809,30.91357677288639,0 75.85475280985683,30.91142970067551,0 75.85746147762039,30.90977093454857,0 
						</coordinates>
					</LinearRing>
				</outerBoundaryIs>
			</Polygon>
		</Placemark>
	</Document>
	<Document>
		<name>Ward No.63.kml</name>
		<StyleMap id="m_ylw-pushpin63">
			<Pair>
				<key>normal</key>
				<styleUrl>#s_ylw-pushpin63</styleUrl>
			</Pair>
			<Pair>
				<key>highlight</key>
				<styleUrl>#s_ylw-pushpin_hl63</styleUrl>
			</Pair>
		</StyleMap>
		<Style id="s_ylw-pushpin63">
			<IconStyle>
				<scale>1.1</scale>
				<Icon>
					<href>http://maps.google.com/mapfiles/kml/pushpin/ylw-pushpin.png</href>
				</Icon>
				<hotSpot x="20" y="2" xunits="pixels" yunits="pixels"/>
			</IconStyle>
			<LineStyle>
				<color>ffffff55</color>
				<width>3</width>
			</LineStyle>
			<PolyStyle>
				<fill>0</fill>
			</PolyStyle>
		</Style>
		<Style id="s_ylw-pushpin_hl63">
			<IconStyle>
				<scale>1.3</scale>
				<Icon>
					<href>http://maps.google.com/mapfiles/kml/pushpin/ylw-pushpin.png</href>
				</Icon>
				<hotSpot x="20" y="2" xunits="pixels" yunits="pixels"/>
			</IconStyle>
			<LineStyle>
				<color>ffffff55</color>
				<width>3</width>
			</LineStyle>
			<PolyStyle>
				<fill>0</fill>
			</PolyStyle>
		</Style>
		<Placemark>
			<name>Ward No.63.kml</name>
			<styleUrl>#m_ylw-pushpin63</styleUrl>
			<Polygon>
				<tessellate>1</tessellate>
				<outerBoundaryIs>
					<LinearRing>
						<coordinates>
							75.86331256321404,30.89993108107888,0 75.86252505215087,30.90029267333642,0 75.86232063926214,30.90065213136583,0 75.86166583857676,30.90095490730136,0 75.86055877729994,30.90099211737626,0 75.85854803357238,30.9044670667431,0 75.85799701047222,30.90476913559063,0 75.85793578489505,30.90566478007246,0 75.85921775119584,30.90572940407158,0 75.859137407226,30.90613426550886,0 75.85950797498494,30.90732545474122,0 75.85612193198943,30.90779602658337,0 75.85606274966089,30.90773051615972,0 75.85463127373227,30.90782492488136,0 75.85471579936312,30.90687376556195,0 75.85471627016972,30.90686400786213,0 75.85419760667413,30.90685428307624,0 75.85424291669646,30.90647221607818,0 75.8544427992598,30.90631038153451,0 75.85459166280813,30.90498660424215,0 75.85427779714857,30.90489121033819,0 75.85388925437441,30.90478066672151,0 75.85375331243155,30.90474235501274,0 75.85375355986559,30.90474206021116,0 75.8541059921278,30.90434999392664,0 75.85583840686708,30.90296490818775,0 75.85814299163673,30.90134239383362,0 75.86235562909776,30.89913888832167,0 75.86261411802096,30.8990036726807,0 75.86331256321404,30.89993108107888,0 
						</coordinates>
					</LinearRing>
				</outerBoundaryIs>
			</Polygon>
		</Placemark>
	</Document>
	<Document>
		<name>Ward No.64.kml</name>
		<StyleMap id="m_ylw-pushpin64">
			<Pair>
				<key>normal</key>
				<styleUrl>#s_ylw-pushpin64</styleUrl>
			</Pair>
			<Pair>
				<key>highlight</key>
				<styleUrl>#s_ylw-pushpin_hl64</styleUrl>
			</Pair>
		</StyleMap>
		<Style id="s_ylw-pushpin64">
			<IconStyle>
				<scale>1.1</scale>
				<Icon>
					<href>http://maps.google.com/mapfiles/kml/pushpin/ylw-pushpin.png</href>
				</Icon>
				<hotSpot x="20" y="2" xunits="pixels" yunits="pixels"/>
			</IconStyle>
			<LineStyle>
				<color>ffffff55</color>
				<width>3</width>
			</LineStyle>
			<PolyStyle>
				<fill>0</fill>
			</PolyStyle>
		</Style>
		<Style id="s_ylw-pushpin_hl64">
			<IconStyle>
				<scale>1.3</scale>
				<Icon>
					<href>http://maps.google.com/mapfiles/kml/pushpin/ylw-pushpin.png</href>
				</Icon>
				<hotSpot x="20" y="2" xunits="pixels" yunits="pixels"/>
			</IconStyle>
			<LineStyle>
				<color>ffffff55</color>
				<width>3</width>
			</LineStyle>
			<PolyStyle>
				<fill>0</fill>
			</PolyStyle>
		</Style>
		<Placemark>
			<name>Ward No.64.kml</name>
			<styleUrl>#m_ylw-pushpin64</styleUrl>
			<Polygon>
				<tessellate>1</tessellate>
				<outerBoundaryIs>
					<LinearRing>
						<coordinates>
							75.85083494034042,30.9085836086869,0 75.8509123350579,30.90851074774514,0 75.85194136602423,30.90703754087863,0 75.85238055115187,30.90651981400005,0 75.85261122138856,30.90617335985387,0 75.85277854813984,30.90588030802486,0 75.85286244307133,30.90573337498905,0 75.85310483147065,30.90525065957595,0 75.85321475236296,30.90491333858582,0 75.85321459407099,30.90491329177685,0 75.85327121880795,30.9047791332786,0 75.85332351729755,30.90464367528728,0 75.85333095658643,30.90462332387638,0 75.85352640276734,30.9046784059044,0 75.85353080241819,30.90467964635612,0 75.85353084429967,30.90467965763052,0 75.85374717050809,30.90474062443531,0 75.85375241971454,30.90474210376314,0 75.85375331243156,30.90474235501274,0 75.85388925437441,30.90478066672151,0 75.85427779714857,30.90489121033819,0 75.85459166280813,30.90498660424219,0 75.8544427992598,30.90631038153451,0 75.85424291669646,30.90647221607818,0 75.85419760667412,30.90685428307624,0 75.85471627016973,30.90686400786218,0 75.85471579936312,30.90687376556197,0 75.85463127373227,30.9078249248814,0 75.85606274966089,30.90773051615975,0 75.85612193198942,30.90779602658337,0 75.85701199230687,30.90900789033093,0 75.85746147762039,30.90977093454856,0 75.85475280985683,30.91142970067551,0 75.8549795600981,30.91357677288639,0 75.85377677044281,30.91376376546399,0 75.85415786047565,30.91458486811062,0 75.85511052015056,30.91429209706508,0 75.85631426989147,30.914212514189,0 75.85739422361486,30.91425912764822,0 75.85651481539512,30.91755738396989,0 75.85161244762739,30.91741071040353,0 75.8510389240936,30.91830972309252,0 75.85060730245797,30.91996609646268,0 75.85031671872889,30.9199513133049,0 75.8491253524103,30.92000239133292,0 75.84853275656457,30.91671476220215,0 75.84851538450133,30.91610122285663,0 75.84858332693169,30.915642415188,0 75.84893072915261,30.91484755121488,0 75.84921429128879,30.91434913090557,0 75.84969788223664,30.91330031655754,0 75.85019194648956,30.91218458704912,0 75.85049620784692,30.91152369126452,0 75.85087101270233,30.91069999413028,0 75.85118595892577,30.90999605494582,0 75.85162618299235,30.90905733451998,0 75.85083494034042,30.9085836086869,0 
						</coordinates>
					</LinearRing>
				</outerBoundaryIs>
			</Polygon>
		</Placemark>
	</Document>
	<Document>
		<name>Ward No.65.kml</name>
		<StyleMap id="m_ylw-pushpin65">
			<Pair>
				<key>normal</key>
				<styleUrl>#s_ylw-pushpin65</styleUrl>
			</Pair>
			<Pair>
				<key>highlight</key>
				<styleUrl>#s_ylw-pushpin_hl65</styleUrl>
			</Pair>
		</StyleMap>
		<Style id="s_ylw-pushpin65">
			<IconStyle>
				<scale>1.1</scale>
				<Icon>
					<href>http://maps.google.com/mapfiles/kml/pushpin/ylw-pushpin.png</href>
				</Icon>
				<hotSpot x="20" y="2" xunits="pixels" yunits="pixels"/>
			</IconStyle>
			<LineStyle>
				<color>ffffff55</color>
				<width>3</width>
			</LineStyle>
			<PolyStyle>
				<fill>0</fill>
			</PolyStyle>
		</Style>
		<Style id="s_ylw-pushpin_hl65">
			<IconStyle>
				<scale>1.3</scale>
				<Icon>
					<href>http://maps.google.com/mapfiles/kml/pushpin/ylw-pushpin.png</href>
				</Icon>
				<hotSpot x="20" y="2" xunits="pixels" yunits="pixels"/>
			</IconStyle>
			<LineStyle>
				<color>ffffff55</color>
				<width>3</width>
			</LineStyle>
			<PolyStyle>
				<fill>0</fill>
			</PolyStyle>
		</Style>
		<Placemark>
			<name>Ward No.65.kml</name>
			<styleUrl>#m_ylw-pushpin65</styleUrl>
			<Polygon>
				<tessellate>1</tessellate>
				<outerBoundaryIs>
					<LinearRing>
						<coordinates>
							75.85333095658643,30.90462332387636,0 75.85332351729755,30.90464367528727,0 75.85327121881316,30.90477913328019,0 75.85321459407098,30.9049132917768,0 75.85321475236293,30.90491333858581,0 75.85310483147065,30.90525065957596,0 75.85286244307133,30.90573337498903,0 75.85277854813982,30.90588030802487,0 75.85261122138854,30.90617335985387,0 75.85238055115187,30.90651981400003,0 75.85194136602422,30.90703754087861,0 75.8509123350579,30.90851074774512,0 75.85083494034042,30.90858360868688,0 75.85062475065169,30.9084592192926,0 75.85049704152952,30.90838756115949,0 75.85036541715301,30.90831370704551,0 75.85023171616116,30.90823868634409,0 75.85013474332101,30.90819174789107,0 75.84999323224457,30.9081345300908,0 75.84950275121187,30.90795802247351,0 75.84901842550424,30.9077841154875,0 75.84820193549831,30.90748419535771,0 75.84690974594132,30.90694422112426,0 75.84549762406539,30.90635876386662,0 75.844220951827,30.9058371632616,0 75.8427720007959,30.90524266478223,0 75.84200758734983,30.90493443635024,0 75.84114779276804,30.9045845348837,0 75.84044809835048,30.90428561105676,0 75.84095102439531,30.90325762842998,0 75.84106178208711,30.90303123665937,0 75.84107923680729,30.90299807234816,0 75.84138509310814,30.90237888490328,0 75.84138560774961,30.90237996512686,0 75.84152962723606,30.90208531497533,0 75.84174852043662,30.90163637591639,0 75.84192926737472,30.90134091072786,0 75.84217174014674,30.90100856014755,0 75.84283505175966,30.90009948275588,0 75.8440500652363,30.89842310991193,0 75.84417395779789,30.89826530894866,0 75.84429115036831,30.89810374699167,0 75.84440148961288,30.89793863547607,0 75.84450483116818,30.89777019048115,0 75.84460103983068,30.89759863244747,0 75.84468998973354,30.89742418588839,0 75.8454467667536,30.89592347304105,0 75.8460492699534,30.89473727725439,0 75.8460831869741,30.89474638600783,0 75.84882456171167,30.89558435366466,0 75.84904776236006,30.89565101238758,0 75.84926834344083,30.89572386814752,0 75.84948607366793,30.89580284455394,0 75.84970072474296,30.89588785879859,0 75.84991207159423,30.8959788217423,0 75.8501198926129,30.89607563800841,0 75.85032396988501,30.89617820608268,0 75.85052408942013,30.89628641841976,0 75.85044299880161,30.8967084975044,0 75.8508676230783,30.89833837901682,0 75.85154902869458,30.90045636994779,0 75.85320719641948,30.9002491060625,0 75.85315536813474,30.89993087346656,0 75.85311781344045,30.89974980106853,0 75.85307414946101,30.8995697503995,0 75.85302441339311,30.89939087470173,0 75.85296864760072,30.89921332621662,0 75.85290689957895,30.89903725605513,0 75.85449563959136,30.8989694913379,0 75.85453161674644,30.89943009168969,0 75.85448276392235,30.90066136261924,0 75.85427104023977,30.90206771718201,0 75.85385251112245,30.90375256043254,0 75.85384253514196,30.90385231295899,0 75.85381259902992,30.90393177470171,0 75.85353084429966,30.90467965763051,0 75.85353080241819,30.90467964635612,0 75.85352640276734,30.9046784059044,0 75.85333095658643,30.90462332387636,0 
						</coordinates>
					</LinearRing>
				</outerBoundaryIs>
			</Polygon>
		</Placemark>
	</Document>
	<Document>
		<name>Ward No.66.kml</name>
		<StyleMap id="m_ylw-pushpin66">
			<Pair>
				<key>normal</key>
				<styleUrl>#s_ylw-pushpin66</styleUrl>
			</Pair>
			<Pair>
				<key>highlight</key>
				<styleUrl>#s_ylw-pushpin_hl66</styleUrl>
			</Pair>
		</StyleMap>
		<Style id="s_ylw-pushpin66">
			<IconStyle>
				<scale>1.1</scale>
				<Icon>
					<href>http://maps.google.com/mapfiles/kml/pushpin/ylw-pushpin.png</href>
				</Icon>
				<hotSpot x="20" y="2" xunits="pixels" yunits="pixels"/>
			</IconStyle>
			<LineStyle>
				<color>ffffff55</color>
				<width>3</width>
			</LineStyle>
			<PolyStyle>
				<fill>0</fill>
			</PolyStyle>
		</Style>
		<Style id="s_ylw-pushpin_hl66">
			<IconStyle>
				<scale>1.3</scale>
				<Icon>
					<href>http://maps.google.com/mapfiles/kml/pushpin/ylw-pushpin.png</href>
				</Icon>
				<hotSpot x="20" y="2" xunits="pixels" yunits="pixels"/>
			</IconStyle>
			<LineStyle>
				<color>ffffff55</color>
				<width>3</width>
			</LineStyle>
			<PolyStyle>
				<fill>0</fill>
			</PolyStyle>
		</Style>
		<Placemark>
			<name>Ward No.66.kml</name>
			<styleUrl>#m_ylw-pushpin66</styleUrl>
			<Polygon>
				<tessellate>1</tessellate>
				<outerBoundaryIs>
					<LinearRing>
						<coordinates>
							75.83539172161136,30.90263782698738,0 75.8354075777867,30.9026383722627,0 75.83566191313635,30.90265050972669,0 75.83591573837244,30.90266895081458,0 75.8361688434392,30.90269368026434,0 75.83630741157367,30.90270855079181,0 75.83644496466702,30.90272927607447,0 75.83658117024274,30.90275580601731,0 75.83671569908059,30.90278807649496,0 75.83684822601241,30.90282600950667,0 75.8369784307077,30.90286951336484,0 75.83710599844785,30.90291848291656,0 75.83817328320551,30.9033540609304,0 75.83992357608817,30.90407698411746,0 75.84044809835048,30.90428561105676,0 75.84114779276804,30.9045845348837,0 75.84200758734983,30.90493443635024,0 75.8427720007959,30.90524266478223,0 75.844220951827,30.9058371632616,0 75.84549762406539,30.90635876386662,0 75.84690974594132,30.90694422112426,0 75.84820193549831,30.90748419535771,0 75.84901842550424,30.9077841154875,0 75.84950275121187,30.90795802247351,0 75.84999323224457,30.9081345300908,0 75.85013474332101,30.90819174789107,0 75.85023171616116,30.90823868634409,0 75.85036541715301,30.90831370704551,0 75.85049704152952,30.90838756115949,0 75.85062475065169,30.9084592192926,0 75.85083494034042,30.90858360868688,0 75.85073679453764,30.90867600606237,0 75.85047484970016,30.90901079744234,0 75.85003694313436,30.90957047853236,0 75.84946689518252,30.91060421398986,0 75.84904565076982,30.91134755136468,0 75.84843985945747,30.9124354285313,0 75.84773683320626,30.91369418659814,0 75.84719524772679,30.9146607754976,0 75.84709855528901,30.91483334437283,0 75.84646023656913,30.9159696624434,0 75.84591923138908,30.91694644338261,0 75.84591802653003,30.91694853919366,0 75.84548320285788,30.91676686656375,0 75.84150233752676,30.91648918583579,0 75.84145669390399,30.91648628325273,0 75.84137285266158,30.91601470115675,0 75.84131773937754,30.91581459565374,0 75.84004742206668,30.91394966334474,0 75.83980645043162,30.91378298925546,0 75.83654236559192,30.91232164332677,0 75.83356153779621,30.91097378647141,0 75.8315111838333,30.91005760047064,0 75.83180080224503,30.90852354526702,0 75.83182033524481,30.90844262074232,0 75.83209510661112,30.90704788166047,0 75.83219802525862,30.90660904567551,0 75.83230712346678,30.90629724056441,0 75.83248626096058,30.90585791390246,0 75.8326035857596,30.90553890566407,0 75.83229782259004,30.90527916026367,0 75.82831145131429,30.9020379577814,0 75.82680395202847,30.90086915956545,0 75.82680370256439,30.90086896699668,0 75.82679825108688,30.90086473684961,0 75.82676794163689,30.90083705729665,0 75.82674233215283,30.90080604786609,0 75.82672190881551,30.90077229725908,0 75.82670705934763,30.90073644621627,0 75.826692565835,30.90067557348051,0 75.82668387359288,30.90061388468221,0 75.82668104043825,30.90055179022749,0 75.82668408520826,30.90048970322039,0 75.82669298763527,30.90042803671466,0 75.82670768848193,30.90036720096578,0 75.82636342896875,30.90024838313132,0 75.82576288969463,30.90004423292777,0 75.82508969686019,30.8998052757114,0 75.82455116270305,30.89961609679319,0 75.82334962254463,30.89918116837019,0 75.82161163709193,30.89855118896306,0 75.82160614581115,30.89854935150754,0 75.82158197153498,30.89854043600406,0 75.8204173202551,30.89811090394247,0 75.8199933909402,30.8979506862638,0 75.82156696562555,30.89574789720239,0 75.82201042463365,30.89499904398529,0 75.82479862280914,30.8932803371398,0 75.8284017619733,30.89110367040149,0 75.82851807742043,30.89125512523972,0 75.82855623682433,30.89131131476444,0 75.82860068459517,30.89140679582673,0 75.82866540195104,30.89155345072435,0 75.8288884795262,30.89212832792962,0 75.82910574363001,30.89271863334547,0 75.82921556016314,30.89303600915943,0 75.82950275288904,30.89391658320626,0 75.82972486138353,30.89460775237126,0 75.83013964420266,30.89579532510516,0 75.83028981945337,30.89619281638046,0 75.83036784250403,30.89650184520654,0 75.83052640576437,30.897181449396,0 75.83064420282454,30.89773305740383,0 75.83084020620797,30.89861421297396,0 75.83095919335582,30.89907346665231,0 75.83101030451718,30.89925098893194,0 75.83123792824844,30.8998891061511,0 75.83169697053346,30.90108777136007,0 75.8317370470599,30.90119241752519,0 75.83174135373936,30.9012025787158,0 75.83189706810063,30.90160537341823,0 75.83193792588878,30.90170689275142,0 75.83197118257253,30.90181010226095,0 75.8320580238191,30.90209049528033,0 75.83207695829425,30.90215973723144,0 75.8320837008294,30.90218439683028,0 75.83212706323977,30.90219911384204,0 75.83293008388323,30.90248370892967,0 75.83315759282299,30.90256240513193,0 75.8333123315371,30.90261110840223,0 75.83340359592455,30.9026297591202,0 75.83352828308776,30.90264338436285,0 75.83363988704275,30.90264907866302,0 75.8350471842663,30.90263198647497,0 75.83521948590342,30.90263346080448,0 75.83539172161136,30.90263782698738,0 
						</coordinates>
					</LinearRing>
				</outerBoundaryIs>
			</Polygon>
		</Placemark>
	</Document>
	<Document>
		<name>Ward No.67.kml</name>
		<StyleMap id="m_ylw-pushpin67">
			<Pair>
				<key>normal</key>
				<styleUrl>#s_ylw-pushpin67</styleUrl>
			</Pair>
			<Pair>
				<key>highlight</key>
				<styleUrl>#s_ylw-pushpin_hl67</styleUrl>
			</Pair>
		</StyleMap>
		<Style id="s_ylw-pushpin67">
			<IconStyle>
				<scale>1.1</scale>
				<Icon>
					<href>http://maps.google.com/mapfiles/kml/pushpin/ylw-pushpin.png</href>
				</Icon>
				<hotSpot x="20" y="2" xunits="pixels" yunits="pixels"/>
			</IconStyle>
			<LineStyle>
				<color>ffffff55</color>
				<width>3</width>
			</LineStyle>
			<PolyStyle>
				<fill>0</fill>
			</PolyStyle>
		</Style>
		<Style id="s_ylw-pushpin_hl67">
			<IconStyle>
				<scale>1.3</scale>
				<Icon>
					<href>http://maps.google.com/mapfiles/kml/pushpin/ylw-pushpin.png</href>
				</Icon>
				<hotSpot x="20" y="2" xunits="pixels" yunits="pixels"/>
			</IconStyle>
			<LineStyle>
				<color>ffffff55</color>
				<width>3</width>
			</LineStyle>
			<PolyStyle>
				<fill>0</fill>
			</PolyStyle>
		</Style>
		<Placemark>
			<name>Ward No.67.kml</name>
			<styleUrl>#m_ylw-pushpin67</styleUrl>
			<Polygon>
				<tessellate>1</tessellate>
				<outerBoundaryIs>
					<LinearRing>
						<coordinates>
							75.84107923680729,30.90299807234816,0 75.84106178208711,30.90303123665937,0 75.84095102439531,30.90325762842998,0 75.84044809835048,30.90428561105676,0 75.83992357608817,30.90407698411746,0 75.83817328320551,30.9033540609304,0 75.83710599844785,30.90291848291656,0 75.83697843070772,30.90286951336479,0 75.83684822601245,30.90282600950657,0 75.83671569908063,30.90278807649485,0 75.83658117024275,30.9027558060172,0 75.83644496466705,30.90272927607437,0 75.83630741157369,30.90270855079174,0 75.8361688434392,30.90269368026434,0 75.83591573837273,30.90266895081182,0 75.83566191313659,30.90265050972391,0 75.8354075777867,30.9026383722627,0 75.83539172161136,30.90263782698738,0 75.83521948590368,30.90263346079329,0 75.8350471842663,30.90263198647497,0 75.83363988704275,30.90264907866302,0 75.83352828308776,30.90264338436285,0 75.83340359592455,30.9026297591202,0 75.8333123315371,30.90261110840223,0 75.83315759282299,30.90256240513193,0 75.83293008388323,30.90248370892967,0 75.83212706323977,30.90219911384204,0 75.8320837008294,30.90218439683028,0 75.83207695829425,30.90215973723144,0 75.8320580238191,30.90209049528033,0 75.83197118257253,30.90181010226095,0 75.83193792588878,30.90170689275142,0 75.83189706810063,30.90160537341823,0 75.83174135373936,30.9012025787158,0 75.8317370470599,30.90119241752519,0 75.83169697053346,30.90108777136007,0 75.83123792824844,30.8998891061511,0 75.83101030451718,30.89925098893194,0 75.83095919335582,30.89907346665231,0 75.83084020620797,30.89861421297396,0 75.83064420282454,30.89773305740383,0 75.83052640576437,30.897181449396,0 75.83036784250403,30.89650184520654,0 75.83028981945337,30.89619281638046,0 75.83013964420266,30.89579532510516,0 75.82972486138353,30.89460775237126,0 75.82950275288904,30.89391658320626,0 75.82921556016314,30.89303600915943,0 75.82910574363001,30.89271863334547,0 75.8288884795262,30.89212832792962,0 75.82866540195104,30.89155345072435,0 75.82860068459517,30.89140679582673,0 75.82855623682433,30.89131131476444,0 75.82851807742043,30.89125512523972,0 75.8284017619733,30.89110367040149,0 75.82850636641663,30.89104656762889,0 75.82979233981162,30.89024483747159,0 75.8298479875545,30.89020177776821,0 75.82989863178749,30.89015434688142,0 75.82994381292576,30.89010297524301,0 75.82998312096373,30.89004812904605,0 75.83001619919546,30.88999030601409,0 75.83012106488532,30.88974250605789,0 75.83013510068768,30.88974690844724,0 75.83375845401125,30.89088334183342,0 75.83651011501937,30.89173128715809,0 75.83645922248671,30.89199761905323,0 75.83659743962592,30.89232506570457,0 75.8368349739161,30.89272240223447,0 75.83760982422925,30.89393589524221,0 75.83785875310831,30.89434531697343,0 75.83791338939307,30.8944446725956,0 75.83796131110282,30.89454657289651,0 75.83800235966588,30.89465068073593,0 75.83803639924913,30.89475665166895,0 75.83806331720777,30.89486413508539,0 75.83808302445823,30.89497277536978,0 75.83809545577321,30.89508221307795,0 75.83810056999791,30.89519208612617,0 75.83809835018633,30.89530203098911,0 75.83804531786589,30.89536561084293,0 75.8377106423691,30.89612174425332,0 75.83818508822422,30.89651754376387,0 75.83830692683368,30.89666242334996,0 75.83842199204709,30.89681136435032,0 75.83853010200406,30.89696413140404,0 75.8386310858326,30.89712048310318,0 75.83872478391935,30.89728017237402,0 75.83929398427443,30.89819096928807,0 75.83977105800683,30.89888589908635,0 75.8399196651195,30.89910869246248,0 75.84043851142084,30.90038706325833,0 75.84049311718627,30.90050345147958,0 75.84067129165416,30.9008817087037,0 75.84138509310814,30.90237888490328,0 75.84107923680729,30.90299807234816,0 
						</coordinates>
					</LinearRing>
				</outerBoundaryIs>
			</Polygon>
		</Placemark>
	</Document>
	<Document>
		<name>Ward No.68.kml</name>
		<StyleMap id="m_ylw-pushpin68">
			<Pair>
				<key>normal</key>
				<styleUrl>#s_ylw-pushpin68</styleUrl>
			</Pair>
			<Pair>
				<key>highlight</key>
				<styleUrl>#s_ylw-pushpin_hl68</styleUrl>
			</Pair>
		</StyleMap>
		<Style id="s_ylw-pushpin68">
			<IconStyle>
				<scale>1.1</scale>
				<Icon>
					<href>http://maps.google.com/mapfiles/kml/pushpin/ylw-pushpin.png</href>
				</Icon>
				<hotSpot x="20" y="2" xunits="pixels" yunits="pixels"/>
			</IconStyle>
			<LineStyle>
				<color>ffffff55</color>
				<width>3</width>
			</LineStyle>
			<PolyStyle>
				<fill>0</fill>
			</PolyStyle>
		</Style>
		<Style id="s_ylw-pushpin_hl68">
			<IconStyle>
				<scale>1.3</scale>
				<Icon>
					<href>http://maps.google.com/mapfiles/kml/pushpin/ylw-pushpin.png</href>
				</Icon>
				<hotSpot x="20" y="2" xunits="pixels" yunits="pixels"/>
			</IconStyle>
			<LineStyle>
				<color>ffffff55</color>
				<width>3</width>
			</LineStyle>
			<PolyStyle>
				<fill>0</fill>
			</PolyStyle>
		</Style>
		<Placemark>
			<name>Ward No.68.kml</name>
			<styleUrl>#m_ylw-pushpin68</styleUrl>
			<Polygon>
				<tessellate>1</tessellate>
				<outerBoundaryIs>
					<LinearRing>
						<coordinates>
							75.8460492699534,30.89473727725439,0 75.8454467667536,30.89592347304105,0 75.84468998973354,30.89742418588839,0 75.84460103984286,30.89759863245263,0 75.84450483118744,30.89777019048981,0 75.84440148963425,30.89793863548626,0 75.84429115038704,30.89810374700111,0 75.84417395780943,30.8982653089548,0 75.8440500652363,30.89842310991193,0 75.84283505175966,30.90009948275588,0 75.84217174014674,30.90100856014755,0 75.84192926737472,30.90134091072786,0 75.84174852043662,30.90163637591639,0 75.84152962723606,30.90208531497533,0 75.84138560774961,30.90237996512686,0 75.84138509310814,30.90237888490328,0 75.84067129165416,30.9008817087037,0 75.84049311718627,30.90050345147958,0 75.84043851142084,30.90038706325833,0 75.8399196651195,30.89910869246248,0 75.83977105800683,30.89888589908635,0 75.83929398427443,30.89819096928807,0 75.83872478391935,30.89728017237402,0 75.83863108583259,30.89712048310318,0 75.83853010200404,30.89696413140405,0 75.83842199204709,30.89681136435032,0 75.83830692683368,30.89666242334996,0 75.83818508822422,30.89651754376387,0 75.8377106423691,30.89612174425332,0 75.83804531786589,30.89536561084293,0 75.83809835018633,30.89530203098911,0 75.83810056999791,30.89519208612617,0 75.83809545577321,30.89508221307795,0 75.83808302445823,30.89497277536978,0 75.83806331720777,30.89486413508539,0 75.83803639924913,30.89475665166895,0 75.83800235966588,30.89465068073593,0 75.83796131110282,30.89454657289651,0 75.83791338939307,30.8944446725956,0 75.83785875310831,30.89434531697343,0 75.83760982422925,30.89393589524221,0 75.8368349739161,30.89272240223447,0 75.83659743962592,30.89232506570457,0 75.83645922248671,30.89199761905323,0 75.83651011501937,30.89173128715809,0 75.8407139196473,30.89302657812516,0 75.84261830485092,30.89364148563196,0 75.8447720702009,30.89433687207016,0 75.84603258269458,30.89473205376919,0 75.8460492699534,30.89473727725439,0 
						</coordinates>
					</LinearRing>
				</outerBoundaryIs>
			</Polygon>
		</Placemark>
	</Document>
	<Document>
		<name>Ward No.69.kml</name>
		<StyleMap id="m_ylw-pushpin69">
			<Pair>
				<key>normal</key>
				<styleUrl>#s_ylw-pushpin69</styleUrl>
			</Pair>
			<Pair>
				<key>highlight</key>
				<styleUrl>#s_ylw-pushpin_hl69</styleUrl>
			</Pair>
		</StyleMap>
		<Style id="s_ylw-pushpin69">
			<IconStyle>
				<scale>1.1</scale>
				<Icon>
					<href>http://maps.google.com/mapfiles/kml/pushpin/ylw-pushpin.png</href>
				</Icon>
				<hotSpot x="20" y="2" xunits="pixels" yunits="pixels"/>
			</IconStyle>
			<LineStyle>
				<color>ffffff55</color>
				<width>3</width>
			</LineStyle>
			<PolyStyle>
				<fill>0</fill>
			</PolyStyle>
		</Style>
		<Style id="s_ylw-pushpin_hl69">
			<IconStyle>
				<scale>1.3</scale>
				<Icon>
					<href>http://maps.google.com/mapfiles/kml/pushpin/ylw-pushpin.png</href>
				</Icon>
				<hotSpot x="20" y="2" xunits="pixels" yunits="pixels"/>
			</IconStyle>
			<LineStyle>
				<color>ffffff55</color>
				<width>3</width>
			</LineStyle>
			<PolyStyle>
				<fill>0</fill>
			</PolyStyle>
		</Style>
		<Placemark>
			<name>Ward No.69.kml</name>
			<styleUrl>#m_ylw-pushpin69</styleUrl>
			<Polygon>
				<tessellate>1</tessellate>
				<outerBoundaryIs>
					<LinearRing>
						<coordinates>
							75.84630406765542,30.89424595407488,0 75.846049833481,30.89473619082322,0 75.84604934992139,30.89473712327137,0 75.8460492699534,30.89473727725439,0 75.84603258269458,30.89473205376919,0 75.8447720702009,30.89433687207016,0 75.84261830485092,30.89364148563196,0 75.8407139196473,30.89302657812516,0 75.83651011501937,30.89173128715809,0 75.83375845401125,30.89088334183342,0 75.83013510068768,30.88974690844724,0 75.83012106488532,30.88974250605789,0 75.83011166206815,30.88973955712246,0 75.8219483102405,30.88717871680759,0 75.82194877941016,30.88717854056543,0 75.82184110431407,30.88714508163399,0 75.82189205267251,30.88712559609022,0 75.82192028034822,30.88711479968707,0 75.82194088493739,30.88710626560226,0 75.82202455680957,30.88707160835696,0 75.82202421786337,30.8870714996773,0 75.82203421283734,30.88706774762771,0 75.8221040546304,30.88704153079393,0 75.82273227454417,30.88680570363169,0 75.82416836365276,30.88626659678318,0 75.82418103515623,30.88626183937892,0 75.82418116770606,30.88626178985634,0 75.82422908452246,30.8862438014862,0 75.82435278616235,30.88619736282828,0 75.82437401221267,30.88618939396543,0 75.82439302436813,30.88618225655984,0 75.82439481804894,30.88618158288693,0 75.82444154281335,30.88616404233852,0 75.82589528202742,30.8856182833378,0 75.83173164398251,30.88342698497458,0 75.8318563861597,30.88338014529205,0 75.8319657742894,30.88333907179073,0 75.83197179324007,30.88333681176756,0 75.83207402159012,30.88329842603688,0 75.83252046654049,30.88313078872024,0 75.83310299374654,30.88291048949072,0 75.83314402788929,30.88289497139817,0 75.83399302011217,30.8844802647231,0 75.83425352551089,30.88501212508614,0 75.83430727890261,30.8851081344476,0 75.83453901067233,30.88538556689436,0 75.83481778197542,30.88566269462869,0 75.83513819832694,30.88599533917729,0 75.83537576985373,30.88626766072563,0 75.83555414787698,30.88649472135604,0 75.83585241422706,30.88698471960866,0 75.83667777565952,30.8885819429572,0 75.83705461292918,30.88931485569243,0 75.83712601478192,30.8894393403667,0 75.83720461911155,30.88956055450288,0 75.83729022511926,30.88967818841269,0 75.83738261411537,30.88979194155388,0 75.83748155007785,30.88990152329816,0 75.83758678025519,30.89000665367388,0 75.83769803581208,30.89010706408138,0 75.83781503251616,30.8902024979794,0 75.8385383879564,30.89072088282669,0 75.84050936648087,30.89141017758379,0 75.84389393405715,30.89224758032082,0 75.84572548275627,30.89276083036626,0 75.84630406765542,30.89424595407488,0 
						</coordinates>
					</LinearRing>
				</outerBoundaryIs>
			</Polygon>
		</Placemark>
	</Document>
	<Document>
		<name>Ward No.70.kml</name>
		<StyleMap id="m_ylw-pushpin70">
			<Pair>
				<key>normal</key>
				<styleUrl>#s_ylw-pushpin70</styleUrl>
			</Pair>
			<Pair>
				<key>highlight</key>
				<styleUrl>#s_ylw-pushpin_hl70</styleUrl>
			</Pair>
		</StyleMap>
		<Style id="s_ylw-pushpin70">
			<IconStyle>
				<scale>1.1</scale>
				<Icon>
					<href>http://maps.google.com/mapfiles/kml/pushpin/ylw-pushpin.png</href>
				</Icon>
				<hotSpot x="20" y="2" xunits="pixels" yunits="pixels"/>
			</IconStyle>
			<LineStyle>
				<color>ffffff55</color>
				<width>3</width>
			</LineStyle>
			<PolyStyle>
				<fill>0</fill>
			</PolyStyle>
		</Style>
		<Style id="s_ylw-pushpin_hl70">
			<IconStyle>
				<scale>1.3</scale>
				<Icon>
					<href>http://maps.google.com/mapfiles/kml/pushpin/ylw-pushpin.png</href>
				</Icon>
				<hotSpot x="20" y="2" xunits="pixels" yunits="pixels"/>
			</IconStyle>
			<LineStyle>
				<color>ffffff55</color>
				<width>3</width>
			</LineStyle>
			<PolyStyle>
				<fill>0</fill>
			</PolyStyle>
		</Style>
		<Placemark>
			<name>Ward No.70.kml</name>
			<styleUrl>#m_ylw-pushpin70</styleUrl>
			<Polygon>
				<tessellate>1</tessellate>
				<outerBoundaryIs>
					<LinearRing>
						<coordinates>
							75.81456550162713,30.87277053537016,0 75.81463912102393,30.8728559921806,0 75.81512952220868,30.87284357234257,0 75.81585048880186,30.87283089972641,0 75.81603169430002,30.87282140482864,0 75.81621313039602,30.87281612004632,0 75.81639466565123,30.87281504920755,0 75.81657616855519,30.87281819308765,0 75.81677546739246,30.8728276630383,0 75.81697420232882,30.87284368438546,0 75.81717208403272,30.87286623380345,0 75.81736882441437,30.87289527846254,0 75.81756413704491,30.87293077607681,0 75.81775773757333,30.8729726749656,0 75.81794934414023,30.87302091412876,0 75.81812759427201,30.87307643570832,0 75.81830311019708,30.87313809884841,0 75.81847560764542,30.87320580367891,0 75.81864480723402,30.87327944054442,0 75.81881043491937,30.87335889018177,0 75.81897222244106,30.87344402391314,0 75.81912990775629,30.87353470385438,0 75.81928323546416,30.87363078313829,0 75.81943195721922,30.87373210615239,0 75.81957583213371,30.87383850879087,0 75.81971462716768,30.87394981872035,0 75.81984811750641,30.87406585565889,0 75.82033390735739,30.87441529568092,0 75.82081453805547,30.87477000550542,0 75.82128993273851,30.87512992844646,0 75.82195388250216,30.87561353912581,0 75.82215048619815,30.87571890862912,0 75.82235109072255,30.87581851025861,0 75.82255546871667,30.87591223112417,0 75.82276338854287,30.87599996500077,0 75.82297461454716,30.876081612449,0 75.82318890732637,30.87615708092775,0 75.82340602399964,30.87622628489917,0 75.8236260021622,30.87626780233035,0 75.82384747381205,30.87630291958875,0 75.82407018871739,30.87633159699749,0 75.82429389524106,30.87635380215584,0 75.82451834062495,30.8763695099758,0 75.82474327127575,30.87637870271044,0 75.82496843305164,30.87638136997407,0 75.82519357154959,30.87637750875384,0 75.82714010328999,30.87638134498605,0 75.8276087237706,30.87640820191651,0 75.82774210997623,30.87641584567467,0 75.82791546596519,30.87643205842306,0 75.82808774190387,30.87645530890262,0 75.82825855398636,30.87648554531396,0 75.82842752166711,30.87652270029409,0 75.82859426850855,30.87656669106632,0 75.82875842301942,30.87661741962472,0 75.82875867467669,30.87661750354437,0 75.82875975328211,30.87661786653908,0 75.828879527997,30.87665979356748,0 75.82887959196474,30.87665981653448,0 75.82888119667538,30.8766604019499,0 75.8290651075605,30.87673067598957,0 75.82924579806395,30.87680691251172,0 75.82937926539209,30.87687431769751,0 75.82938707599104,30.87687839293849,0 75.82939267276672,30.87688131573298,0 75.82956560049625,30.8769754503197,0 75.82973461958547,30.87707472620594,0 75.82989952465846,30.87717902276748,0 75.83006011533612,30.87728821327937,0 75.83021619647954,30.87740216507001,0 75.83036757842716,30.8775207396821,0 75.83051407722505,30.87764379304099,0 75.83065551485066,30.87777117562958,0 75.8307917194289,30.87790273266993,0 75.83152512142843,30.87878017060458,0 75.83240709818025,30.87994121233925,0 75.83274495523209,30.88031303690782,0 75.83313917084872,30.88075940635833,0 75.83346127864874,30.88100291868575,0 75.83394132729502,30.8813094364424,0 75.83442005725186,30.88161937083149,0 75.83468082609622,30.88179655724729,0 75.8348244791552,30.88193029346471,0 75.83505277600958,30.88217345936017,0 75.83505177057732,30.88217382227227,0 75.83503124643354,30.88218122620351,0 75.8350016789269,30.88219242406307,0 75.83330190020581,30.88283526699568,0 75.83323191528723,30.8828617344088,0 75.83316474852279,30.88288713499379,0 75.83314402788929,30.88289497139817,0 75.83310299374654,30.88291048949072,0 75.83252046654049,30.88313078872024,0 75.83207402159012,30.88329842603688,0 75.83197179324007,30.88333681176756,0 75.8319657742894,30.88333907179073,0 75.8318563861597,30.88338014529205,0 75.83173164398251,30.88342698497458,0 75.82589528202742,30.8856182833378,0 75.82444154281335,30.88616404233852,0 75.82439481804894,30.88618158288693,0 75.82439302436813,30.88618225655984,0 75.82437401221267,30.88618939396543,0 75.82435278616235,30.88619736282828,0 75.82422908452246,30.8862438014862,0 75.82418116770606,30.88626178985634,0 75.82418103515623,30.88626183937892,0 75.82416836365276,30.88626659678318,0 75.81818159492248,30.87854274120792,0 75.81456550162713,30.87277053537016,0 
						</coordinates>
					</LinearRing>
				</outerBoundaryIs>
			</Polygon>
		</Placemark>
	</Document>
	<Document>
		<name>Ward No.71.kml</name>
		<StyleMap id="m_ylw-pushpin71">
			<Pair>
				<key>normal</key>
				<styleUrl>#s_ylw-pushpin71</styleUrl>
			</Pair>
			<Pair>
				<key>highlight</key>
				<styleUrl>#s_ylw-pushpin_hl71</styleUrl>
			</Pair>
		</StyleMap>
		<Style id="s_ylw-pushpin71">
			<IconStyle>
				<scale>1.1</scale>
				<Icon>
					<href>http://maps.google.com/mapfiles/kml/pushpin/ylw-pushpin.png</href>
				</Icon>
				<hotSpot x="20" y="2" xunits="pixels" yunits="pixels"/>
			</IconStyle>
			<LineStyle>
				<color>ffffff55</color>
				<width>3</width>
			</LineStyle>
			<PolyStyle>
				<fill>0</fill>
			</PolyStyle>
		</Style>
		<Style id="s_ylw-pushpin_hl71">
			<IconStyle>
				<scale>1.3</scale>
				<Icon>
					<href>http://maps.google.com/mapfiles/kml/pushpin/ylw-pushpin.png</href>
				</Icon>
				<hotSpot x="20" y="2" xunits="pixels" yunits="pixels"/>
			</IconStyle>
			<LineStyle>
				<color>ffffff55</color>
				<width>3</width>
			</LineStyle>
			<PolyStyle>
				<fill>0</fill>
			</PolyStyle>
		</Style>
		<Placemark>
			<name>Ward No.71.kml</name>
			<styleUrl>#m_ylw-pushpin71</styleUrl>
			<Polygon>
				<tessellate>1</tessellate>
				<outerBoundaryIs>
					<LinearRing>
						<coordinates>
							75.82416836365276,30.88626659678318,0 75.82273227454417,30.88680570363169,0 75.8221040546304,30.88704153079393,0 75.82203421283734,30.88706774762771,0 75.82202421786337,30.8870714996773,0 75.82202455680957,30.88707160835696,0 75.82194088493739,30.88710626560226,0 75.82192028034822,30.88711479968707,0 75.82189205267251,30.88712559609022,0 75.82184110431407,30.88714508163399,0 75.82133436289611,30.88698584916875,0 75.82112534049212,30.88692011358946,0 75.82057692898741,30.88674763660682,0 75.82011915103389,30.88660366152704,0 75.81842398160354,30.8860704985422,0 75.81489092206233,30.88495919366929,0 75.80894502769178,30.88308866547446,0 75.80534330368079,30.88195542437181,0 75.80112346103999,30.8806275366594,0 75.79647214747141,30.87916367123586,0 75.79497788481818,30.87869335016357,0 75.79242394310205,30.87789839785993,0 75.79232741189178,30.87786787686007,0 75.79229927877323,30.87785898192795,0 75.79055262905737,30.87730672065899,0 75.79005844779066,30.87715543424365,0 75.79011073340783,30.87709311193901,0 75.79033201550476,30.87691242819687,0 75.79092064862596,30.87636258153321,0 75.79129044248238,30.87601714912976,0 75.79202415279654,30.87532281723785,0 75.79218902986861,30.87518730963966,0 75.79241900753028,30.87501669485948,0 75.79385796070629,30.87384078099403,0 75.79423796430711,30.87356511529607,0 75.79430798608759,30.87351696045657,0 75.7949326067052,30.87352145685105,0 75.79528385364208,30.87352398393161,0 75.79544002546834,30.8735533948318,0 75.79570710068742,30.87361249435366,0 75.79584315362541,30.87364202816598,0 75.79603974182199,30.87369288373583,0 75.79611540320791,30.87371844992586,0 75.79643604933364,30.87379360663309,0 75.79645810365925,30.87379877635265,0 75.796467808847,30.87380054469621,0 75.7965664366414,30.87381851981586,0 75.79661930509803,30.87382815487113,0 75.79679042296021,30.87384011724495,0 75.7969061060366,30.87383940507342,0 75.7969863660694,30.87381287883956,0 75.79704790085363,30.87380970545304,0 75.79708189529913,30.87380795215308,0 75.79717496561746,30.87380737898975,0 75.79722272666034,30.87380708483262,0 75.79725868656173,30.87380584659524,0 75.79752946679432,30.87379651804612,0 75.79842119626848,30.87380450182639,0 75.79968518057622,30.87391652755406,0 75.79992996743727,30.87394223459382,0 75.8001840598132,30.87395631188064,0 75.80021177455082,30.87395784759682,0 75.80026032221325,30.87396560940517,0 75.80062981816087,30.87402468094541,0 75.80090666859084,30.87404900026072,0 75.80120225880592,30.87408244009778,0 75.80123392386793,30.87408602287127,0 75.80156100041155,30.8741013515963,0 75.80156419412903,30.87410187223376,0 75.80184306103514,30.87414732997367,0 75.80193366820012,30.87415544581265,0 75.80194626634319,30.87411061286165,0 75.80195320937544,30.87408590656363,0 75.80194781765947,30.87404255384733,0 75.80222962655751,30.87405816133779,0 75.8022451128784,30.8741057907473,0 75.80234604553074,30.87410645525214,0 75.80292419615861,30.87411025747821,0 75.80320093874226,30.87412155610516,0 75.80335678801971,30.87411191229467,0 75.80365274473029,30.87401462459233,0 75.80393141417058,30.87392069735618,0 75.80396388390982,30.87390975283816,0 75.80474021349778,30.87364808073299,0 75.80474118164825,30.87364775514017,0 75.80538994942192,30.87339163966161,0 75.80545299248061,30.87336675186978,0 75.80545302488432,30.87336300176582,0 75.80572461396856,30.87326392732477,0 75.8058054590968,30.87323330273218,0 75.8058058597847,30.87322730891981,0 75.8058180083422,30.87322701932413,0 75.80598780089254,30.87314201166984,0 75.80612308572204,30.87304903107668,0 75.80626433303074,30.87280761305799,0 75.80632105127088,30.87275663291204,0 75.80669054540985,30.87242451641444,0 75.80686618462457,30.87226664304936,0 75.8069339676384,30.87220571603514,0 75.80708771897058,30.87206751626426,0 75.80718673484721,30.87197851501226,0 75.80738501382343,30.87182185314507,0 75.80762055739577,30.87163574664591,0 75.80774528655765,30.87153719534409,0 75.80793890202014,30.87138421593449,0 75.80800278726514,30.8713337387165,0 75.80818531942796,30.87118951574299,0 75.80826129447861,30.87122546258739,0 75.80838492735077,30.87128395798261,0 75.80888051458915,30.8714905152637,0 75.80894289369648,30.8715133561363,0 75.80916587735545,30.87159500453068,0 75.80922958735427,30.87161833198012,0 75.80943664227833,30.87169414701856,0 75.80989216845714,30.87186094037265,0 75.809916148859,30.87186972023794,0 75.81000313796312,30.87190157220611,0 75.81002242278745,30.87190863285586,0 75.81035247270489,30.87202948074471,0 75.81040742157661,30.8720315783629,0 75.81074140108882,30.87189756470566,0 75.8109682201648,30.87180655024626,0 75.81112097693332,30.8717488729503,0 75.8112650554139,30.87168744028586,0 75.81158131709439,30.87156053368829,0 75.81179847341865,30.87147339510067,0 75.81199494899272,30.87139455453375,0 75.81249605765636,30.87119346955883,0 75.81272071833872,30.87110331734119,0 75.8127694335609,30.87108376803285,0 75.81290281055817,30.8710014395412,0 75.81306387910882,30.87116947157244,0 75.81315101193246,30.87126037120324,0 75.81319168115317,30.8713027980232,0 75.81320931925173,30.87131997168354,0 75.81329653104834,30.87141180880883,0 75.81333429536365,30.87145157596182,0 75.81357649639077,30.87170424347945,0 75.81377548666205,30.87191400924947,0 75.81394958734826,30.87210258387279,0 75.81405578042788,30.87221760410424,0 75.81415918811581,30.87232417911978,0 75.81419196623754,30.87234041364901,0 75.8141975480675,30.87233422386405,0 75.81427682356829,30.87242623864778,0 75.8144424069591,30.87262372482338,0 75.81456550162713,30.87277053537016,0 75.81818159492248,30.87854274120792,0 75.82416836365276,30.88626659678318,0 
						</coordinates>
					</LinearRing>
				</outerBoundaryIs>
			</Polygon>
		</Placemark>
	</Document>
	<Document>
		<name>Ward No.72.kml</name>
		<StyleMap id="m_ylw-pushpin72">
			<Pair>
				<key>normal</key>
				<styleUrl>#s_ylw-pushpin72</styleUrl>
			</Pair>
			<Pair>
				<key>highlight</key>
				<styleUrl>#s_ylw-pushpin_hl72</styleUrl>
			</Pair>
		</StyleMap>
		<Style id="s_ylw-pushpin72">
			<IconStyle>
				<scale>1.1</scale>
				<Icon>
					<href>http://maps.google.com/mapfiles/kml/pushpin/ylw-pushpin.png</href>
				</Icon>
				<hotSpot x="20" y="2" xunits="pixels" yunits="pixels"/>
			</IconStyle>
			<LineStyle>
				<color>ffffff55</color>
				<width>3</width>
			</LineStyle>
			<PolyStyle>
				<fill>0</fill>
			</PolyStyle>
		</Style>
		<Style id="s_ylw-pushpin_hl72">
			<IconStyle>
				<scale>1.3</scale>
				<Icon>
					<href>http://maps.google.com/mapfiles/kml/pushpin/ylw-pushpin.png</href>
				</Icon>
				<hotSpot x="20" y="2" xunits="pixels" yunits="pixels"/>
			</IconStyle>
			<LineStyle>
				<color>ffffff55</color>
				<width>3</width>
			</LineStyle>
			<PolyStyle>
				<fill>0</fill>
			</PolyStyle>
		</Style>
		<Placemark>
			<name>Ward No.72.kml</name>
			<styleUrl>#m_ylw-pushpin72</styleUrl>
			<Polygon>
				<tessellate>1</tessellate>
				<outerBoundaryIs>
					<LinearRing>
						<coordinates>
							75.79382503886478,30.87833451774984,0 75.79497788481818,30.87869335016357,0 75.79647214747141,30.87916367123586,0 75.80112346103999,30.8806275366594,0 75.80534330368079,30.88195542437181,0 75.80894502769178,30.88308866547446,0 75.81489092206233,30.88495919366929,0 75.81842398160354,30.8860704985422,0 75.82011915103389,30.88660366152704,0 75.82057692898741,30.88674763660682,0 75.82112534049212,30.88692011358946,0 75.81661988101902,30.88864739741853,0 75.80591805202704,30.88499026532315,0 75.80457068868594,30.88772019968743,0 75.79165006712327,30.88308198406341,0 75.79263561288597,30.88093763289875,0 75.79382503886478,30.87833451774984,0 
						</coordinates>
					</LinearRing>
				</outerBoundaryIs>
			</Polygon>
		</Placemark>
	</Document>
	<Document>
		<name>Ward No.73.kml</name>
		<StyleMap id="m_ylw-pushpin73">
			<Pair>
				<key>normal</key>
				<styleUrl>#s_ylw-pushpin73</styleUrl>
			</Pair>
			<Pair>
				<key>highlight</key>
				<styleUrl>#s_ylw-pushpin_hl73</styleUrl>
			</Pair>
		</StyleMap>
		<Style id="s_ylw-pushpin73">
			<IconStyle>
				<scale>1.1</scale>
				<Icon>
					<href>http://maps.google.com/mapfiles/kml/pushpin/ylw-pushpin.png</href>
				</Icon>
				<hotSpot x="20" y="2" xunits="pixels" yunits="pixels"/>
			</IconStyle>
			<LineStyle>
				<color>ffffff55</color>
				<width>3</width>
			</LineStyle>
			<PolyStyle>
				<fill>0</fill>
			</PolyStyle>
		</Style>
		<Style id="s_ylw-pushpin_hl73">
			<IconStyle>
				<scale>1.3</scale>
				<Icon>
					<href>http://maps.google.com/mapfiles/kml/pushpin/ylw-pushpin.png</href>
				</Icon>
				<hotSpot x="20" y="2" xunits="pixels" yunits="pixels"/>
			</IconStyle>
			<LineStyle>
				<color>ffffff55</color>
				<width>3</width>
			</LineStyle>
			<PolyStyle>
				<fill>0</fill>
			</PolyStyle>
		</Style>
		<Placemark>
			<name>Ward No.73.kml</name>
			<styleUrl>#m_ylw-pushpin73</styleUrl>
			<Polygon>
				<tessellate>1</tessellate>
				<outerBoundaryIs>
					<LinearRing>
						<coordinates>
							75.79165006712327,30.88308198406341,0 75.80457068868594,30.88772019968743,0 75.80399868560336,30.88883386057969,0 75.80587338909804,30.88957420595859,0 75.80458132428173,30.89244843369934,0 75.80355588198447,30.89206128839005,0 75.80300140770497,30.89184501161206,0 75.80249525299092,30.89162580466954,0 75.80159329550088,30.89125881299237,0 75.80058682737919,30.89089246186231,0 75.79988001573217,30.89063998737539,0 75.79987997159171,30.89063997142208,0 75.79702774124468,30.88959676753698,0 75.79523685657533,30.88894793212447,0 75.79511457011306,30.88890455386686,0 75.79498689049741,30.88885521043869,0 75.7920441037657,30.88779566621131,0 75.78986151217107,30.88702193459489,0 75.77645978857166,30.88218134690853,0 75.77679491640711,30.88210023020244,0 75.77686175719889,30.88209092794217,0 75.77860657980651,30.88184809224568,0 75.77878555824985,30.88182318095036,0 75.77884645667767,30.88182753630867,0 75.77890498300889,30.88182250735305,0 75.77932418447509,30.88178648315704,0 75.77969036556799,30.88191923470653,0 75.77969114646464,30.88191568938422,0 75.77987179896158,30.88197968099956,0 75.77994583484279,30.88200590580605,0 75.78048964016824,30.88219853183648,0 75.78057305447082,30.88202931149546,0 75.78060302477093,30.88197858658794,0 75.78065025927805,30.88198728138159,0 75.7806803495899,30.88199383100687,0 75.78073115459243,30.88200674505288,0 75.78083526750594,30.88203320950763,0 75.78098494283982,30.88205193129723,0 75.7810601586779,30.88205902862392,0 75.78109705836421,30.88206178797297,0 75.78119928790466,30.88206703684881,0 75.78134500426415,30.88207204648194,0 75.7814025948466,30.8820740268242,0 75.78146564992851,30.88208339530414,0 75.78165483273251,30.88211255488215,0 75.7817324680792,30.8821250113836,0 75.78200055636883,30.88216802294106,0 75.7820671559878,30.88217870878456,0 75.78213330733456,30.88218932167203,0 75.78253227511544,30.88225332987972,0 75.78257803243493,30.88226067127035,0 75.78262779323491,30.88226943146808,0 75.78262167932452,30.88217997395691,0 75.78262146275459,30.8821769074107,0 75.78247486686483,30.88020797840054,0 75.78217484321566,30.8765485216601,0 75.78216686797523,30.87642132316385,0 75.78212347865259,30.87572925968485,0 75.7820879745325,30.87516294802614,0 75.78206289452805,30.87464126891402,0 75.79005844779066,30.87715543424365,0 75.79055262905737,30.87730672065899,0 75.79229927877323,30.87785898192795,0 75.79232741189178,30.87786787686007,0 75.79242394310205,30.87789839785993,0 75.79382503886478,30.87833451774984,0 75.79263561288597,30.88093763289875,0 75.79165006712327,30.88308198406341,0 
						</coordinates>
					</LinearRing>
				</outerBoundaryIs>
			</Polygon>
		</Placemark>
	</Document>
	<Document>
		<name>Ward No.74.kml</name>
		<StyleMap id="m_ylw-pushpin74">
			<Pair>
				<key>normal</key>
				<styleUrl>#s_ylw-pushpin74</styleUrl>
			</Pair>
			<Pair>
				<key>highlight</key>
				<styleUrl>#s_ylw-pushpin_hl74</styleUrl>
			</Pair>
		</StyleMap>
		<Style id="s_ylw-pushpin74">
			<IconStyle>
				<scale>1.1</scale>
				<Icon>
					<href>http://maps.google.com/mapfiles/kml/pushpin/ylw-pushpin.png</href>
				</Icon>
				<hotSpot x="20" y="2" xunits="pixels" yunits="pixels"/>
			</IconStyle>
			<LineStyle>
				<color>ffffff55</color>
				<width>3</width>
			</LineStyle>
			<PolyStyle>
				<fill>0</fill>
			</PolyStyle>
		</Style>
		<Style id="s_ylw-pushpin_hl74">
			<IconStyle>
				<scale>1.3</scale>
				<Icon>
					<href>http://maps.google.com/mapfiles/kml/pushpin/ylw-pushpin.png</href>
				</Icon>
				<hotSpot x="20" y="2" xunits="pixels" yunits="pixels"/>
			</IconStyle>
			<LineStyle>
				<color>ffffff55</color>
				<width>3</width>
			</LineStyle>
			<PolyStyle>
				<fill>0</fill>
			</PolyStyle>
		</Style>
		<Placemark>
			<name>Ward No.74.kml</name>
			<styleUrl>#m_ylw-pushpin74</styleUrl>
			<Polygon>
				<tessellate>1</tessellate>
				<outerBoundaryIs>
					<LinearRing>
						<coordinates>
							75.78986151217107,30.88702193459489,0 75.7920441037657,30.88779566621131,0 75.79498689049741,30.88885521043869,0 75.79511457011306,30.88890455386686,0 75.79523685657533,30.88894793212447,0 75.79702774124468,30.88959676753698,0 75.79987997159171,30.89063997142208,0 75.79988001573217,30.89063998737539,0 75.80058682737919,30.89089246186231,0 75.80159329550088,30.89125881299237,0 75.80249525299092,30.89162580466954,0 75.80300140770497,30.89184501161206,0 75.80355588198447,30.89206128839005,0 75.80588149206366,30.89293928240639,0 75.80588350997374,30.8929385063842,0 75.80629911554551,30.89310779724921,0 75.80628818245033,30.89311197719461,0 75.80618083822355,30.89315301479158,0 75.80616180788404,30.89316029019247,0 75.80616190014109,30.8931603393962,0 75.80615795276022,30.8931618661465,0 75.80615697242801,30.89316224490577,0 75.80614834560259,30.89316558211174,0 75.80605718072925,30.89320084515116,0 75.80601697627955,30.89321657095068,0 75.80592167315243,30.89325384833985,0 75.80334394175871,30.89426207789588,0 75.8006417501376,30.89531890904212,0 75.7999276930996,30.89559816484986,0 75.79875595788731,30.89605639914899,0 75.79847742445628,30.8961653237776,0 75.79680813312523,30.89676070650439,0 75.79674996207268,30.89678145387168,0 75.7967140241373,30.89679535575319,0 75.79420848690067,30.89776455322333,0 75.79415899997215,30.89778766962577,0 75.79410778970379,30.8978078022323,0 75.79405509766903,30.89782485607123,0 75.79230961697186,30.89848923954594,0 75.78956082486665,30.89953544783644,0 75.78942927461537,30.89958426354897,0 75.78634094900511,30.90076459233978,0 75.78405784683025,30.90163463953481,0 75.7840532486793,30.90163639177639,0 75.78386430304153,30.90137765646285,0 75.78363504748687,30.90146501790558,0 75.78073190107885,30.90253597621505,0 75.7798760680845,30.90286871973121,0 75.7792788400087,30.90310091439316,0 75.77925963335899,30.90310838192062,0 75.77925320274106,30.90311088235936,0 75.7790660780794,30.9031836325463,0 75.77701779625764,30.9039799450035,0 75.77464954811875,30.90487840683857,0 75.77224162331105,30.90581178188022,0 75.76939898127033,30.90690337473478,0 75.76693670027932,30.90784229509755,0 75.76627052970524,30.90809504959818,0 75.76494373042424,30.90857181286459,0 75.76491109146728,30.90847364904398,0 75.76487224302474,30.90841377393188,0 75.76469443644552,30.90763335013968,0 75.7646767371025,30.90751923668408,0 75.7645672614297,30.90710997635206,0 75.76496696200788,30.9069464297527,0 75.76499291349749,30.9069253629235,0 75.76499261920814,30.90688836399535,0 75.76498110622258,30.90684821504942,0 75.7648984104332,30.90665001817623,0 75.76504975942582,30.90656628487519,0 75.76574290596686,30.90618280208136,0 75.76533529155029,30.90492013928414,0 75.76532978671877,30.90490308594163,0 75.76530552994866,30.90480748663436,0 75.76530333240662,30.90479734423579,0 75.76530305052258,30.90479771305547,0 75.76529079704645,30.90474942157776,0 75.76518396925225,30.9043283926576,0 75.76510756062973,30.90402725153174,0 75.76510358894447,30.90397678349005,0 75.76503295395337,30.90307927767088,0 75.76501824592653,30.90294508017756,0 75.76498472765135,30.90263924615698,0 75.76494617987277,30.90228751756865,0 75.76496376574804,30.90105449453968,0 75.76496563324393,30.90092351930705,0 75.7649668431991,30.90083868099211,0 75.76501331917885,30.90083324596866,0 75.76504234953708,30.90035626196532,0 75.76504282494641,30.90029576922456,0 75.76517398428999,30.89928279711877,0 75.76517874619397,30.89924714884768,0 75.76521649500417,30.89896453505777,0 75.76534282222123,30.89818991081472,0 75.76545479354751,30.89761708406055,0 75.76542791329274,30.89761761574184,0 75.76542164045256,30.8971001988578,0 75.7654209121055,30.89704007403685,0 75.76555487825753,30.8970374228402,0 75.76562782708403,30.89665411601798,0 75.76577061711687,30.89608324645767,0 75.76578622732247,30.89602083879113,0 75.76590790437558,30.89540870449318,0 75.76591351702989,30.89538046817513,0 75.76593385654704,30.89538697164465,0 75.76610998912263,30.89457812330105,0 75.76620310375411,30.89397571609093,0 75.7662261747945,30.89382646626498,0 75.76626670241974,30.89356426655048,0 75.76641025764798,30.89263551889556,0 75.76643565204344,30.8924712250874,0 75.76653487064239,30.89132609241704,0 75.76653182433392,30.89132511076249,0 75.7665241292548,30.89132262890599,0 75.76651137712814,30.89131851615519,0 75.76649811823648,30.89131423919234,0 75.76648728662337,30.89131073825981,0 75.76649142070978,30.89114735800718,0 75.76645864780562,30.89113676966974,0 75.76649436804469,30.89098620529849,0 75.76650556901645,30.89093899020266,0 75.7664956984222,30.8907512421719,0 75.76661434027369,30.88987155261992,0 75.76663806753096,30.88969561705693,0 75.76664875063277,30.88961640330561,0 75.76664883590624,30.8895368730874,0 75.7666488609101,30.8895135899464,0 75.76664894008431,30.88943973921941,0 75.76664894094667,30.88943852637219,0 75.7666489596654,30.88942105968481,0 75.76664897623867,30.88940540539776,0 75.76664898718327,30.88939573009809,0 75.76664932526735,30.88907923019988,0 75.7666289765796,30.88890434615312,0 75.76662595968303,30.88887842212906,0 75.76663308733531,30.88883607453542,0 75.76673984445742,30.88820177318776,0 75.76680432648713,30.88781864556125,0 75.76681109623172,30.88777842351026,0 75.7668218877831,30.8877143033327,0 75.76683542726988,30.8876749696347,0 75.76685053976122,30.88763106511604,0 75.76686530151662,30.8875475032768,0 75.76695769515182,30.88702450058292,0 75.76696226192568,30.88699864712187,0 75.76703325609657,30.88659677325561,0 75.76703399176093,30.88659297113024,0 75.76709665212802,30.88626894372406,0 75.76709959044013,30.88625375257264,0 75.76714943173356,30.8860097241482,0 75.76715073364922,30.88600335161899,0 75.76715233447131,30.8859955128309,0 75.76725875631486,30.88536716814485,0 75.76726167817843,30.88534991965338,0 75.76740788838578,30.88511540198225,0 75.76760910325794,30.88479265594261,0 75.76782453448415,30.88444710437707,0 75.76792470385692,30.88428643208657,0 75.76822533749156,30.88380420828695,0 75.76822477492584,30.88380395998214,0 75.76822355772387,30.88380339406375,0 75.76822166679352,30.88380251559542,0 75.76821892898361,30.88380124447377,0 75.76836456711872,30.88354293373874,0 75.76838806339575,30.88350126055064,0 75.76924312995153,30.88198464296684,0 75.76924804551061,30.88197592555733,0 75.7692526337555,30.88196778763754,0 75.76938780148588,30.88204248293822,0 75.7694382255236,30.8820703477962,0 75.76949799858524,30.88211245896936,0 75.76952582726318,30.88212692709994,0 75.76960020970736,30.88216559939877,0 75.76965909093097,30.88219621276657,0 75.76971410734849,30.88222481586208,0 75.76975744795918,30.88224734935931,0 75.76981425034542,30.88227271166606,0 75.76995961220886,30.88234037943462,0 75.76995989258026,30.88234050950166,0 75.77004407809436,30.88237969883659,0 75.77004435943137,30.8823798299978,0 75.7701419524646,30.88242526030092,0 75.77014224979968,30.88242539824223,0 75.77015632586914,30.88243195101059,0 75.77026057153057,30.88248047797335,0 75.77026086854714,30.88248061591629,0 75.77026116684793,30.88248075495166,0 75.77028260312156,30.88249073411548,0 75.77039494684225,30.8825430295111,0 75.77039554216036,30.88254330648877,0 75.77039583822294,30.8825434447121,0 75.77039598737352,30.88254351422961,0 75.7704088824394,30.88254951708264,0 75.77043061160198,30.88255963253853,0 75.77045662834617,30.88257174332034,0 75.77053812924623,30.88260968348851,0 75.77054294287301,30.8826728202882,0 75.77076569997438,30.8826606274539,0 75.77082889608519,30.88265124164858,0 75.77102032367647,30.88264726174064,0 75.77120014687262,30.8826435231393,0 75.77121175220212,30.88264328154406,0 75.7712756531886,30.88264315787917,0 75.77128439709074,30.88264289290229,0 75.7715059057532,30.88263616705305,0 75.77166664289726,30.88263128556091,0 75.77167753360982,30.88263036503273,0 75.77174117911508,30.88262498425959,0 75.77194158094441,30.88260804191306,0 75.77194189896277,30.88260801498926,0 75.7719796408999,30.88260482486065,0 75.77207504329833,30.88259675922267,0 75.77215403075178,30.88259008020206,0 75.7721549841776,30.88259000053289,0 75.77225119879753,30.88258186611441,0 75.7722515168135,30.88258183891484,0 75.77254146004417,30.88255732544118,0 75.77253642588934,30.88248876443102,0 75.7731221149173,30.88244656542559,0 75.77349870502528,30.88241589918837,0 75.77351547879621,30.88241453301279,0 75.77352353714093,30.88241387677726,0 75.77354019810679,30.88241252007339,0 75.77354107292494,30.88241230115323,0 75.77354710564471,30.88241079235765,0 75.77358401351779,30.88240156068678,0 75.77363516002164,30.88238876790024,0 75.77388577869307,30.88240260329733,0 75.77393629129207,30.88240655553342,0 75.77412369789917,30.88242121675514,0 75.77417409120301,30.88241972969741,0 75.77418106963962,30.88241952376477,0 75.77436004277344,30.88241424189524,0 75.7743602018538,30.88241423736812,0 75.77459345277626,30.88240735375021,0 75.77462492012489,30.88240642477572,0 75.77462508015957,30.88240641996754,0 75.77483182446342,30.88240031804468,0 75.77483214453713,30.88240030897784,0 75.77494333911693,30.88239702665091,0 75.77494349820385,30.88239702294811,0 75.77506573330248,30.88239341533603,0 75.77510303172592,30.88239231408818,0 75.77513347317885,30.88239141533621,0 75.77526580354476,30.88238750862714,0 75.77526645835272,30.88238748957842,0 75.77529547415335,30.88238663343122,0 75.7753841795989,30.88238401513868,0 75.77538451401213,30.88238400488446,0 75.77542116400433,30.88238292365621,0 75.77553454865705,30.88237957627063,0 75.77558277505689,30.88237815307878,0 75.77561808832732,30.8823771103329,0 75.7756542833358,30.88226490351802,0 75.77581491715753,30.8823249469103,0 75.77583941755444,30.882329926151,0 75.77584648542552,30.88233136256736,0 75.7758727055152,30.88232344566312,0 75.77587565187211,30.88232273219649,0 75.77594599373357,30.88230570745733,0 75.77595298728026,30.88230401512573,0 75.77645978857166,30.88218134690853,0 75.78986151217107,30.88702193459489,0 
						</coordinates>
					</LinearRing>
				</outerBoundaryIs>
			</Polygon>
		</Placemark>
	</Document>
	<Document>
		<name>Ward No.75.kml</name>
		<StyleMap id="m_ylw-pushpin75">
			<Pair>
				<key>normal</key>
				<styleUrl>#s_ylw-pushpin75</styleUrl>
			</Pair>
			<Pair>
				<key>highlight</key>
				<styleUrl>#s_ylw-pushpin_hl75</styleUrl>
			</Pair>
		</StyleMap>
		<Style id="s_ylw-pushpin75">
			<IconStyle>
				<scale>1.1</scale>
				<Icon>
					<href>http://maps.google.com/mapfiles/kml/pushpin/ylw-pushpin.png</href>
				</Icon>
				<hotSpot x="20" y="2" xunits="pixels" yunits="pixels"/>
			</IconStyle>
			<LineStyle>
				<color>ffffff55</color>
				<width>3</width>
			</LineStyle>
			<PolyStyle>
				<fill>0</fill>
			</PolyStyle>
		</Style>
		<Style id="s_ylw-pushpin_hl75">
			<IconStyle>
				<scale>1.3</scale>
				<Icon>
					<href>http://maps.google.com/mapfiles/kml/pushpin/ylw-pushpin.png</href>
				</Icon>
				<hotSpot x="20" y="2" xunits="pixels" yunits="pixels"/>
			</IconStyle>
			<LineStyle>
				<color>ffffff55</color>
				<width>3</width>
			</LineStyle>
			<PolyStyle>
				<fill>0</fill>
			</PolyStyle>
		</Style>
		<Placemark>
			<name>Ward No.75.kml</name>
			<styleUrl>#m_ylw-pushpin75</styleUrl>
			<Polygon>
				<tessellate>1</tessellate>
				<outerBoundaryIs>
					<LinearRing>
						<coordinates>
							75.82479862280914,30.8932803371398,0 75.82201042463365,30.89499904398529,0 75.82156696562555,30.89574789720239,0 75.8199933909402,30.8979506862638,0 75.81913075294726,30.89764534500542,0 75.80655138839469,30.89301135314676,0 75.80642628310285,30.89305918133001,0 75.80629911554551,30.89310779724921,0 75.80588350997374,30.8929385063842,0 75.80588149206366,30.89293928240639,0 75.80458132428173,30.89244843369934,0 75.80587338909804,30.88957420595859,0 75.80399868560336,30.88883386057969,0 75.80457068868594,30.88772019968743,0 75.80591805202704,30.88499026532315,0 75.81661988101902,30.88864739741853,0 75.82112534049212,30.88692011358946,0 75.82133436289611,30.88698584916875,0 75.82184110431407,30.88714508163399,0 75.82194877941016,30.88717854056543,0 75.8219483102405,30.88717871680759,0 75.83011166206815,30.88973955712246,0 75.83012106488532,30.88974250605789,0 75.83001619919546,30.88999030601409,0 75.82998312096311,30.89004812904572,0 75.82994381292488,30.89010297524247,0 75.82989863178663,30.89015434688083,0 75.82984798755398,30.89020177776778,0 75.82979233981162,30.89024483747159,0 75.82850636641663,30.89104656762889,0 75.8284017619733,30.89110367040149,0 75.82479862280914,30.8932803371398,0 
						</coordinates>
					</LinearRing>
				</outerBoundaryIs>
			</Polygon>
		</Placemark>
	</Document>
	<Document>
		<name>Ward No.76.kml</name>
		<StyleMap id="m_ylw-pushpin76">
			<Pair>
				<key>normal</key>
				<styleUrl>#s_ylw-pushpin76</styleUrl>
			</Pair>
			<Pair>
				<key>highlight</key>
				<styleUrl>#s_ylw-pushpin_hl76</styleUrl>
			</Pair>
		</StyleMap>
		<Style id="s_ylw-pushpin76">
			<IconStyle>
				<scale>1.1</scale>
				<Icon>
					<href>http://maps.google.com/mapfiles/kml/pushpin/ylw-pushpin.png</href>
				</Icon>
				<hotSpot x="20" y="2" xunits="pixels" yunits="pixels"/>
			</IconStyle>
			<LineStyle>
				<color>ffffff55</color>
				<width>3</width>
			</LineStyle>
			<PolyStyle>
				<fill>0</fill>
			</PolyStyle>
		</Style>
		<Style id="s_ylw-pushpin_hl76">
			<IconStyle>
				<scale>1.3</scale>
				<Icon>
					<href>http://maps.google.com/mapfiles/kml/pushpin/ylw-pushpin.png</href>
				</Icon>
				<hotSpot x="20" y="2" xunits="pixels" yunits="pixels"/>
			</IconStyle>
			<LineStyle>
				<color>ffffff55</color>
				<width>3</width>
			</LineStyle>
			<PolyStyle>
				<fill>0</fill>
			</PolyStyle>
		</Style>
		<Placemark>
			<name>Ward No.76.kml</name>
			<styleUrl>#m_ylw-pushpin76</styleUrl>
			<Polygon>
				<tessellate>1</tessellate>
				<outerBoundaryIs>
					<LinearRing>
						<coordinates>
							75.78473550952283,30.91478387361562,0 75.78473461836013,30.91478493647163,0 75.78467904095274,30.91473480130049,0 75.78451482289117,30.91459209082858,0 75.78407486061948,30.91420974513674,0 75.78406332892366,30.91419972375875,0 75.78313436197662,30.91339633204737,0 75.78216629171638,30.91275465632681,0 75.78153537436611,30.9123364513132,0 75.78121564890877,30.91213269927994,0 75.78114049128283,30.911856537482,0 75.78113368385546,30.91183152569121,0 75.78114635633654,30.91143379487438,0 75.78118913840852,30.90886935274849,0 75.7806126391506,30.90641834525356,0 75.77998513221621,30.90355627502844,0 75.77995814786317,30.90352417623883,0 75.77990484649524,30.90346077272627,0 75.77987251180679,30.90341276161951,0 75.77984046317872,30.90336517561044,0 75.77983169274304,30.90336522847947,0 75.77972672912369,30.90336586116413,0 75.77972374439383,30.90336541794543,0 75.77971845741456,30.90336483981701,0 75.7797001649744,30.90336284231515,0 75.77968299076771,30.90336096623048,0 75.77964557654147,30.90335687968026,0 75.77958448618328,30.90335020732479,0 75.77952221789468,30.90334340562831,0 75.77951342689988,30.90334155106155,0 75.77947031408507,30.90335831312952,0 75.77938395550447,30.90339188807732,0 75.77925320274106,30.90311088235936,0 75.77925963335899,30.90310838192062,0 75.7792788400087,30.90310091439316,0 75.7798760680845,30.90286871973121,0 75.78073190107885,30.90253597621505,0 75.78363504748687,30.90146501790558,0 75.78386430304153,30.90137765646285,0 75.7840532486793,30.90163639177639,0 75.78405784683025,30.90163463953481,0 75.78634094900511,30.90076459233978,0 75.78942927461537,30.89958426354897,0 75.78956082486665,30.89953544783644,0 75.79230961697186,30.89848923954594,0 75.79405509766903,30.89782485607123,0 75.79410778970386,30.89780780223244,0 75.79415899997223,30.89778766962591,0 75.79420848690067,30.89776455322333,0 75.7967140241373,30.89679535575319,0 75.79674996207268,30.89678145387168,0 75.79680813312523,30.89676070650439,0 75.79847742445628,30.8961653237776,0 75.79875595788731,30.89605639914899,0 75.7999276930996,30.89559816484986,0 75.8006417501376,30.89531890904212,0 75.80334394175871,30.89426207789588,0 75.80592167315243,30.89325384833985,0 75.80601697627955,30.89321657095068,0 75.80605718072925,30.89320084515116,0 75.80614834560259,30.89316558211174,0 75.80615697242801,30.89316224490577,0 75.80615795276022,30.8931618661465,0 75.80616190014109,30.8931603393962,0 75.80616180788404,30.89316029019247,0 75.80618083822355,30.89315301479158,0 75.80628818245033,30.89311197719461,0 75.80629911554551,30.89310779724921,0 75.80636095032537,30.89308415791391,0 75.80642628310285,30.89305918133001,0 75.80655138839469,30.89301135314676,0 75.81913075294726,30.89764534500542,0 75.8199933909402,30.8979506862638,0 75.8204173202551,30.89811090394247,0 75.82158197153498,30.89854043600406,0 75.82160614581115,30.89854935150754,0 75.82161163709193,30.89855118896306,0 75.82334962254463,30.89918116837019,0 75.82455116270305,30.89961609679319,0 75.82508969686019,30.8998052757114,0 75.82576288969463,30.90004423292777,0 75.82636342896875,30.90024838313132,0 75.82670768848193,30.90036720096578,0 75.82669298764797,30.90042803671588,0 75.82668408522869,30.90048970322136,0 75.82668104046127,30.90055179022751,0 75.82668387361332,30.90061388468128,0 75.82669256584771,30.90067557347932,0 75.82670705934763,30.90073644621627,0 75.82672190882225,30.90077229725621,0 75.82674233216139,30.90080604786156,0 75.82676794164293,30.90083705729277,0 75.82679825108688,30.90086473684961,0 75.82680370256439,30.90086896699668,0 75.82680395202847,30.90086915956545,0 75.82831145131429,30.9020379577814,0 75.83229782259004,30.90527916026367,0 75.8326035857596,30.90553890566407,0 75.83248626096058,30.90585791390246,0 75.83230712346678,30.90629724056441,0 75.83219802525862,30.90660904567551,0 75.83209510661112,30.90704788166047,0 75.83182033524481,30.90844262074232,0 75.83180080224503,30.90852354526702,0 75.8315111838333,30.91005760047064,0 75.83148118731424,30.9100450385138,0 75.82941617460985,30.90915323965769,0 75.82941550965923,30.90915295267728,0 75.82599055435246,30.90767297200309,0 75.8259763847102,30.90767288014445,0 75.82597355007432,30.90767290566997,0 75.82592120480047,30.90767626113721,0 75.82586969161872,30.90768495083505,0 75.82581973902869,30.90769885187392,0 75.82577205346085,30.90771776766544,0 75.82572730928656,30.90774143070236,0 75.82568613928126,30.90776950634166,0 75.82567682703468,30.90778472863816,0 75.82518089578392,30.90859535146605,0 75.82517000562072,30.90861571728218,0 75.82461781523341,30.90951571582258,0 75.82422793014142,30.91015116754569,0 75.82412508163172,30.91031879273626,0 75.82130929987503,30.90909593028094,0 75.82125586009222,30.90908641017324,0 75.82097555059126,30.909064965627,0 75.82097550782269,30.9090649623232,0 75.81998963460656,30.90899843871013,0 75.81991110110246,30.90978510017961,0 75.81988878433791,30.91014595762173,0 75.81973431002537,30.91153154936963,0 75.81970744546879,30.91172425414429,0 75.81968798209131,30.91181682350683,0 75.81359317217954,30.91048019898681,0 75.81356570800625,30.91195237358857,0 75.81356512073958,30.91195455460361,0 75.81351340737433,30.91214659853511,0 75.8108267393398,30.91140406622489,0 75.81073355634356,30.91129489095342,0 75.81046173657762,30.91097641802268,0 75.81009319415668,30.91054461776141,0 75.81006630131778,30.91050553112383,0 75.80998146913042,30.90992045111964,0 75.80895307081387,30.90862907284509,0 75.80894785887097,30.90862252864099,0 75.80851858156825,30.90808346513547,0 75.80795670811467,30.90737788298147,0 75.8079422096218,30.90735967598424,0 75.80789423443174,30.90729942884763,0 75.8078938770427,30.90729899187462,0 75.80788806049395,30.90727118254344,0 75.8078598032745,30.907256190354,0 75.8077912067901,30.90725793359965,0 75.80657926462146,30.90728872364469,0 75.80654182204078,30.90724341397697,0 75.80634009235592,30.90699930029141,0 75.80626202673342,30.90690483220409,0 75.80615666671761,30.90677733525842,0 75.80612199240382,30.90673537554109,0 75.80606852401624,30.90673185956424,0 75.80313255055947,30.9067656674182,0 75.80305703405604,30.90676653612507,0 75.80272006665189,30.90677041218147,0 75.80261368342597,30.90677163552766,0 75.80250725427334,30.90677285962134,0 75.8019285986575,30.90677951160459,0 75.80190753467667,30.90677983964821,0 75.80154241468701,30.90678552489415,0 75.80099745471672,30.90679400841187,0 75.7989218028787,30.90682630060918,0 75.7991491527865,30.90708795291776,0 75.79935101673044,30.90777879182587,0 75.79935701646754,30.90779182530816,0 75.79947190520556,30.90804138267055,0 75.7994790145506,30.90805682478104,0 75.79959491220706,30.90830857483389,0 75.79963151257283,30.90838807523853,0 75.7997319841455,30.90860631537824,0 75.79973207274638,30.90861696989357,0 75.79973238985119,30.90865510262463,0 75.79973323409634,30.90875662508673,0 75.79973007434205,30.90880025439187,0 75.79972801408456,30.9088287010733,0 75.79969174830863,30.90882959027772,0 75.79963387786164,30.9088310098816,0 75.79952228639485,30.90883374718425,0 75.7994106946051,30.90883648494273,0 75.79930229109104,30.90883914349984,0 75.79930296829625,30.90886939058623,0 75.79930391585236,30.9089117492161,0 75.79898483865416,30.90890863784944,0 75.79898170846432,30.90890860740541,0 75.79883966199996,30.90890722268069,0 75.79884122752982,30.90891464347768,0 75.79885953928158,30.90900142568791,0 75.79886464592627,30.90902562992997,0 75.79887212093034,30.90906105654874,0 75.79888192742089,30.90910752810895,0 75.79889961039406,30.90919133133685,0 75.79890984692051,30.90923984390434,0 75.79892279186518,30.90930119468285,0 75.79894716906651,30.90941672730488,0 75.79896233833185,30.90948861681918,0 75.79897341163793,30.90954109328497,0 75.7989667472545,30.90954105166833,0 75.79895925447994,30.90954100389226,0 75.79872739569883,30.90953983356392,0 75.7987274139669,30.90953938324493,0 75.7986292233729,30.90953869940584,0 75.79830989594922,30.90953647295336,0 75.79822839623579,30.90953590498914,0 75.79822837411437,30.90953727472057,0 75.79795559401974,30.9095358764438,0 75.79795601673649,30.90953400425647,0 75.79787902354887,30.90953346685073,0 75.79787904442665,30.90953548343681,0 75.79779553960648,30.90953505462663,0 75.79772536853366,30.90953469424304,0 75.7976551984173,30.90953433381549,0 75.79758502734377,30.90953397335574,0 75.79747339189711,30.90953340041644,0 75.79739684135136,30.90953300795491,0 75.79732029047936,30.90953261462502,0 75.79720546528917,30.90953202481335,0 75.79714805317214,30.90953172986632,0 75.79703322766839,30.90953114072867,0 75.79697581555064,30.90953084570519,0 75.79688012847834,30.90953035440237,0 75.79678444044626,30.90952986275962,0 75.79667280499311,30.90952928912917,0 75.79661539287385,30.90952899394565,0 75.79655798075434,30.90952869873664,0 75.79650056831565,30.90952840350412,0 75.79644315619566,30.90952810824414,0 75.79638574407545,30.90952781295865,0 75.79631557299543,30.90952745181002,0 75.79625815959891,30.90952715647575,0 75.79620074747791,30.90952686110814,0 75.79614333439984,30.90952656572092,0 75.79608592228067,30.90952627057732,0 75.79604187899228,30.90952604357144,0 75.7960221306779,30.90952594206228,0 75.79596471728016,30.90952564659773,0 75.79590730515794,30.90952535109982,0 75.79581161807823,30.90952485900634,0 75.79566808617936,30.90952412046617,0 75.79555645039824,30.90952354587392,0 75.7954129184899,30.9095228062255,0 75.79541293593603,30.9095275763254,0 75.79534914609742,30.90952773150122,0 75.79534912745808,30.90952281674856,0 75.79509397589126,30.90952557453812,0 75.79482287514706,30.90952850380789,0 75.79482287742468,30.90952901092925,0 75.79476231890365,30.9095291583361,0 75.79469857616239,30.9095291467901,0 75.79422864558572,30.9095290562421,0 75.79414576390023,30.90952904010313,0 75.79283164651852,30.90952877762403,0 75.79289441359019,30.91119999531434,0 75.78994816594616,30.9113345730462,0 75.78986969427632,30.91150292786127,0 75.78983978235313,30.91156710117,0 75.78963051033082,30.91201607363518,0 75.78959810593864,30.91205071926203,0 75.78942629420516,30.912177216629,0 75.78926584935247,30.91229534515461,0 75.789181696895,30.91235730314787,0 75.78913827662593,30.91238927090531,0 75.78901657488373,30.91247887509343,0 75.78891218382073,30.91255573315249,0 75.78852585533211,30.91284016486512,0 75.78818031161188,30.91316857110416,0 75.78773657164989,30.91359029889529,0 75.78752705439707,30.91372917017471,0 75.78733880932026,30.91385394202877,0 75.78715344504899,30.9139768033973,0 75.78714050489101,30.91398537996779,0 75.7870111984758,30.91405593756004,0 75.78690392180938,30.91411447439216,0 75.78679228875299,30.914175388776,0 75.78646645884514,30.91435318059168,0 75.78644984826538,30.9143622441946,0 75.78624140897641,30.91447839604577,0 75.78609189465972,30.91456171215158,0 75.78589285207664,30.91465060665834,0 75.78566457509442,30.91471775721387,0 75.7853452148566,30.91475101347072,0 75.78477148768945,30.9147701535258,0 75.78474767810789,30.91476936044848,0 75.78473550952283,30.91478387361562,0 
						</coordinates>
					</LinearRing>
				</outerBoundaryIs>
			</Polygon>
		</Placemark>
	</Document>
	<Document>
		<name>Ward No.77.kml</name>
		<StyleMap id="m_ylw-pushpin77">
			<Pair>
				<key>normal</key>
				<styleUrl>#s_ylw-pushpin77</styleUrl>
			</Pair>
			<Pair>
				<key>highlight</key>
				<styleUrl>#s_ylw-pushpin_hl77</styleUrl>
			</Pair>
		</StyleMap>
		<Style id="s_ylw-pushpin77">
			<IconStyle>
				<scale>1.1</scale>
				<Icon>
					<href>http://maps.google.com/mapfiles/kml/pushpin/ylw-pushpin.png</href>
				</Icon>
				<hotSpot x="20" y="2" xunits="pixels" yunits="pixels"/>
			</IconStyle>
			<LineStyle>
				<color>ffffff55</color>
				<width>3</width>
			</LineStyle>
			<PolyStyle>
				<fill>0</fill>
			</PolyStyle>
		</Style>
		<Style id="s_ylw-pushpin_hl77">
			<IconStyle>
				<scale>1.3</scale>
				<Icon>
					<href>http://maps.google.com/mapfiles/kml/pushpin/ylw-pushpin.png</href>
				</Icon>
				<hotSpot x="20" y="2" xunits="pixels" yunits="pixels"/>
			</IconStyle>
			<LineStyle>
				<color>ffffff55</color>
				<width>3</width>
			</LineStyle>
			<PolyStyle>
				<fill>0</fill>
			</PolyStyle>
		</Style>
		<Placemark>
			<name>Ward No.77.kml</name>
			<styleUrl>#m_ylw-pushpin77</styleUrl>
			<Polygon>
				<tessellate>1</tessellate>
				<outerBoundaryIs>
					<LinearRing>
						<coordinates>
							75.79481595216562,30.92447237718938,0 75.79459937325396,30.92424810109754,0 75.79434253723784,30.92402407081372,0 75.7941534207858,30.92387482660205,0 75.79386115249264,30.92364392816055,0 75.79367387449638,30.9234959727744,0 75.79357764994838,30.9234116334271,0 75.79324130029839,30.92311682843698,0 75.79320415030774,30.92308959157123,0 75.79310962401775,30.92309645110794,0 75.79300144919684,30.92305882392168,0 75.79279094596835,30.92292336127244,0 75.79279437053211,30.92277504773226,0 75.79261990418975,30.9226231443581,0 75.79218802182122,30.92220584757014,0 75.79218742843079,30.92212622475866,0 75.79208914454311,30.9220678990675,0 75.79140191202397,30.92127044219418,0 75.79127061223336,30.92111808215595,0 75.7912101216815,30.92104370654435,0 75.79077457909032,30.92050818530902,0 75.79075612442595,30.92048549441364,0 75.7905831794161,30.92019826022774,0 75.79042797206837,30.92020114891485,0 75.79041040954398,30.92020155134919,0 75.79035519443769,30.92020282083775,0 75.79009977726979,30.92021513146231,0 75.79008190882156,30.92019356666345,0 75.7899756095774,30.92012433152781,0 75.78986926054822,30.92004901896407,0 75.78976273695012,30.91995243824005,0 75.78968124112359,30.91984853981295,0 75.78965420984376,30.91981499167315,0 75.78965414007507,30.91981504160254,0 75.78963541850928,30.9197919256158,0 75.78961022655284,30.91976082022948,0 75.78960333076316,30.91975230511839,0 75.78956523863103,30.91970526908299,0 75.78950521626625,30.9196311548934,0 75.78943447492776,30.91954380536454,0 75.78930997093327,30.91939007011089,0 75.78930861131469,30.91938839116771,0 75.78928842361958,30.91936346317501,0 75.78927491721691,30.91934952651356,0 75.78927445908936,30.91934905380171,0 75.78927375838695,30.91934833092795,0 75.78909390536155,30.91916274858898,0 75.78901578651487,30.91903852363567,0 75.79501535235823,30.91821291406271,0 75.80121080378034,30.91730120211095,0 75.80665195833056,30.91673540403007,0 75.80645584694221,30.91217254056967,0 75.80704394119111,30.91213903106475,0 75.80696520858555,30.91100554760008,0 75.80648019450014,30.91094888964039,0 75.80606852401624,30.90673185956424,0 75.80612199240382,30.90673537554109,0 75.80615666671761,30.90677733525842,0 75.80626202673342,30.90690483220409,0 75.80634009235592,30.90699930029141,0 75.80654182204078,30.90724341397697,0 75.80657926462146,30.90728872364469,0 75.8077912067901,30.90725793359965,0 75.8078598032745,30.907256190354,0 75.80788806049395,30.90727118254344,0 75.8078938770427,30.90729899187462,0 75.80789423443174,30.90729942884763,0 75.8079422096218,30.90735967598424,0 75.80795670811467,30.90737788298147,0 75.80851858156825,30.90808346513547,0 75.80894785887097,30.90862252864099,0 75.80895307081387,30.90862907284509,0 75.80998146913042,30.90992045111964,0 75.81006630131778,30.91050553112383,0 75.81009319415668,30.91054461776141,0 75.81046173657762,30.91097641802268,0 75.81073355634356,30.91129489095342,0 75.8108267393398,30.91140406622489,0 75.81351340737433,30.91214659853511,0 75.81356512073958,30.91195455460361,0 75.81356570800625,30.91195237358857,0 75.81356944695332,30.91195309069579,0 75.81366067337927,30.91197058722234,0 75.81375563910565,30.91198880078368,0 75.8138417020574,30.91200530714809,0 75.81385060454747,30.91200701427661,0 75.8139455687479,30.91202522770715,0 75.81398332025411,30.91203246816528,0 75.81404053554132,30.91204344187623,0 75.81413550108637,30.91206165515792,0 75.81423046570896,30.91207986837522,0 75.81431734126964,30.91209652991639,0 75.81441230595811,30.91211474299884,0 75.81450727292065,30.91213295682184,0 75.814650339716,30.91216039510092,0 75.81478431714457,30.91218571123181,0 75.81497940423513,30.91222133903721,0 75.81501060843506,30.91222703799083,0 75.81515102560901,30.9122526814116,0 75.81508695459142,30.91251181891673,0 75.81506213021642,30.91261222285446,0 75.81481490932447,30.91361209334646,0 75.81466665321511,30.91421169845257,0 75.81464886028078,30.91428365823797,0 75.81462342467147,30.91438652788887,0 75.81458352187815,30.91454790859244,0 75.8145780501888,30.91471571688087,0 75.81457983597588,30.91472947717626,0 75.81471114670082,30.91574151058211,0 75.81473338517061,30.91591290516536,0 75.81476380923003,30.91612033496905,0 75.81380817005483,30.91620074376909,0 75.81230818793837,30.91630839995791,0 75.81253302278847,30.91704043424295,0 75.80876417238711,30.91749974145362,0 75.80419609367826,30.91758790959095,0 75.80244117069715,30.91882230837658,0 75.80086696618125,30.92098064853913,0 75.79776330092076,30.92237253680943,0 75.79481595216562,30.92447237718938,0 
						</coordinates>
					</LinearRing>
				</outerBoundaryIs>
			</Polygon>
		</Placemark>
	</Document>
	<Document>
		<name>Ward No.78.kml</name>
		<StyleMap id="m_ylw-pushpin78">
			<Pair>
				<key>normal</key>
				<styleUrl>#s_ylw-pushpin78</styleUrl>
			</Pair>
			<Pair>
				<key>highlight</key>
				<styleUrl>#s_ylw-pushpin_hl78</styleUrl>
			</Pair>
		</StyleMap>
		<Style id="s_ylw-pushpin78">
			<IconStyle>
				<scale>1.1</scale>
				<Icon>
					<href>http://maps.google.com/mapfiles/kml/pushpin/ylw-pushpin.png</href>
				</Icon>
				<hotSpot x="20" y="2" xunits="pixels" yunits="pixels"/>
			</IconStyle>
			<LineStyle>
				<color>ffffff55</color>
				<width>3</width>
			</LineStyle>
			<PolyStyle>
				<fill>0</fill>
			</PolyStyle>
		</Style>
		<Style id="s_ylw-pushpin_hl78">
			<IconStyle>
				<scale>1.3</scale>
				<Icon>
					<href>http://maps.google.com/mapfiles/kml/pushpin/ylw-pushpin.png</href>
				</Icon>
				<hotSpot x="20" y="2" xunits="pixels" yunits="pixels"/>
			</IconStyle>
			<LineStyle>
				<color>ffffff55</color>
				<width>3</width>
			</LineStyle>
			<PolyStyle>
				<fill>0</fill>
			</PolyStyle>
		</Style>
		<Placemark>
			<name>Ward No.78.kml</name>
			<styleUrl>#m_ylw-pushpin78</styleUrl>
			<Polygon>
				<tessellate>1</tessellate>
				<outerBoundaryIs>
					<LinearRing>
						<coordinates>
							75.79283164651852,30.90952877762403,0 75.79414576390023,30.90952904010313,0 75.79422864558572,30.9095290562421,0 75.79469857616239,30.9095291467901,0 75.79476231890365,30.9095291583361,0 75.79482287742468,30.90952901092925,0 75.79482287514706,30.90952850380789,0 75.79509397589126,30.90952557453812,0 75.79534912745808,30.90952281674856,0 75.79534914609742,30.90952773150122,0 75.79541293593603,30.9095275763254,0 75.7954129184899,30.9095228062255,0 75.79555645039824,30.90952354587392,0 75.79566808617936,30.90952412046617,0 75.79581161807823,30.90952485900634,0 75.79590730515794,30.90952535109982,0 75.79596471728016,30.90952564659773,0 75.7960221306779,30.90952594206228,0 75.79604187899228,30.90952604357144,0 75.79608592228067,30.90952627057732,0 75.79614333439984,30.90952656572092,0 75.79620074747791,30.90952686110814,0 75.79625815959891,30.90952715647575,0 75.79631557299543,30.90952745181002,0 75.79638574407545,30.90952781295865,0 75.79644315619566,30.90952810824414,0 75.79650056831565,30.90952840350412,0 75.79655798075434,30.90952869873664,0 75.79661539287385,30.90952899394565,0 75.79667280499311,30.90952928912917,0 75.79678444044626,30.90952986275962,0 75.79688012847834,30.90953035440237,0 75.79697581555064,30.90953084570519,0 75.79703322766839,30.90953114072867,0 75.79714805317214,30.90953172986632,0 75.79720546528917,30.90953202481335,0 75.79732029047936,30.90953261462502,0 75.79739684135136,30.90953300795491,0 75.79747339189711,30.90953340041644,0 75.79758502734377,30.90953397335574,0 75.7976551984173,30.90953433381549,0 75.79772536853366,30.90953469424304,0 75.79779553960648,30.90953505462663,0 75.79787904442665,30.90953548343681,0 75.79787902354887,30.90953346685073,0 75.79795601673649,30.90953400425647,0 75.79795559401974,30.9095358764438,0 75.79822837411437,30.90953727472057,0 75.79822839623579,30.90953590498914,0 75.79830989594922,30.90953647295336,0 75.7986292233729,30.90953869940584,0 75.7987274139669,30.90953938324493,0 75.79872739569883,30.90953983356392,0 75.79895925447994,30.90954100389226,0 75.7989667472545,30.90954105166833,0 75.79897341163793,30.90954109328497,0 75.79896233833185,30.90948861681918,0 75.79894716906651,30.90941672730488,0 75.79892279186518,30.90930119468285,0 75.79890984692051,30.90923984390434,0 75.79889961039406,30.90919133133685,0 75.79888192742089,30.90910752810895,0 75.79887212093034,30.90906105654874,0 75.79886464592627,30.90902562992997,0 75.79885953928158,30.90900142568791,0 75.79884122752982,30.90891464347768,0 75.79883966199996,30.90890722268069,0 75.79898170846432,30.90890860740541,0 75.79898483865416,30.90890863784944,0 75.79930391585236,30.9089117492161,0 75.79930296829625,30.90886939058623,0 75.79930229109104,30.90883914349984,0 75.7994106946051,30.90883648494273,0 75.79952228639485,30.90883374718425,0 75.79963387786164,30.9088310098816,0 75.79969174830863,30.90882959027772,0 75.79972801408456,30.9088287010733,0 75.79973007434205,30.90880025439187,0 75.79973323409634,30.90875662508673,0 75.79973238985119,30.90865510262463,0 75.79973207274638,30.90861696989357,0 75.7997319841455,30.90860631537824,0 75.79963151257283,30.90838807523853,0 75.79959491220706,30.90830857483389,0 75.7994790145506,30.90805682478104,0 75.79947190520556,30.90804138267055,0 75.79935701646754,30.90779182530816,0 75.79935101673044,30.90777879182587,0 75.7991491527865,30.90708795291776,0 75.7989218028787,30.90682630060918,0 75.80099745471672,30.90679400841187,0 75.80154241468701,30.90678552489415,0 75.80190753467667,30.90677983964821,0 75.8019285986575,30.90677951160459,0 75.80250725427334,30.90677285962134,0 75.80261368342597,30.90677163552766,0 75.80272006665189,30.90677041218147,0 75.80305703405604,30.90676653612507,0 75.80313255055947,30.9067656674182,0 75.80606852401624,30.90673185956424,0 75.80648019450014,30.91094888964039,0 75.80696520858555,30.91100554760008,0 75.80704394119111,30.91213903106475,0 75.80645584694221,30.91217254056967,0 75.80665195833056,30.91673540403007,0 75.80121080378034,30.91730120211095,0 75.79501535235823,30.91821291406271,0 75.78901578651487,30.91903852363567,0 75.78894730664446,30.91892962686625,0 75.78883910692781,30.91882339497452,0 75.7886664120431,30.91865383990467,0 75.78856262825931,30.91855194401778,0 75.78847503689984,30.91846509187194,0 75.78847502083561,30.91846313328458,0 75.78843183822541,30.91842642491522,0 75.78834582840824,30.91835331316138,0 75.78813816284548,30.91818971098832,0 75.78762537803219,30.91763749110188,0 75.78755250168351,30.917560611084,0 75.78733096393481,30.91732690248886,0 75.7870468987426,30.91705095980401,0 75.78697067290959,30.91696031256644,0 75.78690874692209,30.91690340452793,0 75.78690871829556,30.91690181674176,0 75.78683563370716,30.91683026111088,0 75.78683076461373,30.91682549302458,0 75.78667182288004,30.91666782582352,0 75.78659521911186,30.91658513640441,0 75.78643328123168,30.91642699098328,0 75.78607600741033,30.91608093778028,0 75.78602856302221,30.91603409306684,0 75.78601103668952,30.91601678811622,0 75.78601081065798,30.91600439630074,0 75.78582712056347,30.91582307770091,0 75.78581486573793,30.91582309357936,0 75.78575115915685,30.91576019101041,0 75.78552227511985,30.91553419600009,0 75.78531570388481,30.91533022998754,0 75.78515346354686,30.91517003363031,0 75.78490353093919,30.91493730874261,0 75.78473461836013,30.91478493647163,0 75.78473550952283,30.91478387361562,0 75.78474767810789,30.91476936044848,0 75.78477148768945,30.9147701535258,0 75.7853452148566,30.91475101347072,0 75.78566457509442,30.91471775721387,0 75.78589285207664,30.91465060665834,0 75.78609189465972,30.91456171215158,0 75.78624140897641,30.91447839604577,0 75.78644984826538,30.9143622441946,0 75.78646645884514,30.91435318059168,0 75.78679228875299,30.914175388776,0 75.78690392180938,30.91411447439216,0 75.7870111984758,30.91405593756004,0 75.78714050489101,30.91398537996779,0 75.78715344504899,30.9139768033973,0 75.78733880932026,30.91385394202877,0 75.78752705439707,30.91372917017471,0 75.78773657164989,30.91359029889529,0 75.78818031161188,30.91316857110416,0 75.78852585533211,30.91284016486512,0 75.78891218382073,30.91255573315249,0 75.78901657488373,30.91247887509343,0 75.78913827662593,30.91238927090531,0 75.789181696895,30.91235730314787,0 75.78926584935247,30.91229534515461,0 75.78942629420516,30.912177216629,0 75.78959810593864,30.91205071926203,0 75.78963051033082,30.91201607363518,0 75.78983978235313,30.91156710117,0 75.78986969427632,30.91150292786127,0 75.78994816594616,30.9113345730462,0 75.79289441359019,30.91119999531434,0 75.79283164651852,30.90952877762403,0 
						</coordinates>
					</LinearRing>
				</outerBoundaryIs>
			</Polygon>
		</Placemark>
	</Document>
	<Document>
		<name>Ward No.79.kml</name>
		<StyleMap id="m_ylw-pushpin79">
			<Pair>
				<key>normal</key>
				<styleUrl>#s_ylw-pushpin79</styleUrl>
			</Pair>
			<Pair>
				<key>highlight</key>
				<styleUrl>#s_ylw-pushpin_hl79</styleUrl>
			</Pair>
		</StyleMap>
		<Style id="s_ylw-pushpin79">
			<IconStyle>
				<scale>1.1</scale>
				<Icon>
					<href>http://maps.google.com/mapfiles/kml/pushpin/ylw-pushpin.png</href>
				</Icon>
				<hotSpot x="20" y="2" xunits="pixels" yunits="pixels"/>
			</IconStyle>
			<LineStyle>
				<color>ffffff55</color>
				<width>3</width>
			</LineStyle>
			<PolyStyle>
				<fill>0</fill>
			</PolyStyle>
		</Style>
		<Style id="s_ylw-pushpin_hl79">
			<IconStyle>
				<scale>1.3</scale>
				<Icon>
					<href>http://maps.google.com/mapfiles/kml/pushpin/ylw-pushpin.png</href>
				</Icon>
				<hotSpot x="20" y="2" xunits="pixels" yunits="pixels"/>
			</IconStyle>
			<LineStyle>
				<color>ffffff55</color>
				<width>3</width>
			</LineStyle>
			<PolyStyle>
				<fill>0</fill>
			</PolyStyle>
		</Style>
		<Placemark>
			<name>Ward No.79.kml</name>
			<styleUrl>#m_ylw-pushpin79</styleUrl>
			<Polygon>
				<tessellate>1</tessellate>
				<outerBoundaryIs>
					<LinearRing>
						<coordinates>
							75.81014352117992,30.93320526876441,0 75.81000890136644,30.93313042458498,0 75.80987298292565,30.93305485739939,0 75.80983032512876,30.93303114084652,0 75.80968170750813,30.93294851243524,0 75.80956011062231,30.93288090747056,0 75.80950606808182,30.93285086132881,0 75.80937096139164,30.9327757450504,0 75.80915181665972,30.93265390460346,0 75.80906502956911,30.93260565295091,0 75.80902107559439,30.93258121516359,0 75.8090111620278,30.9325757036838,0 75.80885653029807,30.93248973003916,0 75.80876188171121,30.93243710699793,0 75.80874281949951,30.9324286770302,0 75.80874075548775,30.93242645872132,0 75.80874050179048,30.93242618584045,0 75.80873601887423,30.93243079292656,0 75.80864475996461,30.9325245776825,0 75.80854729282784,30.9326247411823,0 75.80853271609436,30.93263972179843,0 75.8085034797318,30.93266976687455,0 75.80839019846545,30.93278618203745,0 75.80836188593189,30.93281527744487,0 75.80822329279238,30.93295770403166,0 75.80815535807979,30.93302751840536,0 75.80810853119425,30.93307564135155,0 75.80804684046981,30.93313903733097,0 75.80800859829792,30.93317833737326,0 75.80797666701248,30.93321115210076,0 75.8078843417663,30.93317507520132,0 75.80784310120104,30.93315389552225,0 75.80767813749702,30.93306917338049,0 75.80754951411306,30.93295594892667,0 75.80755298855067,30.93282800985255,0 75.80755394807768,30.93279269350029,0 75.80734641592665,30.93279659643117,0 75.80732972048064,30.93279691079326,0 75.80732438095878,30.93279701096279,0 75.80729308612314,30.9327975996401,0 75.8072931525536,30.93278143312898,0 75.80729344075986,30.93271059609425,0 75.80706919259597,30.93271481306175,0 75.80705073020765,30.93271275731277,0 75.80699197979344,30.93270621419081,0 75.80699197821781,30.93270640643809,0 75.80677185030611,30.93266988216009,0 75.80649958163603,30.93262802288309,0 75.80648553260967,30.93259982988096,0 75.80642697075595,30.93243750889498,0 75.8063812564439,30.93232845543857,0 75.8063816021826,30.93231175639865,0 75.80638308188308,30.93224025600484,0 75.8063907038843,30.93187186687316,0 75.80639184278476,30.93181685619643,0 75.80639252542292,30.93178384979456,0 75.80639366432248,30.93172883911711,0 75.80639468890998,30.9316793286846,0 75.80639582748944,30.93162431800829,0 75.80639696638735,30.93156930732953,0 75.8063995281786,30.93144553220512,0 75.80638008205638,30.93141005104303,0 75.80638202684669,30.93141004716474,0 75.80629317517278,30.93132874906406,0 75.80621590956802,30.9312580529276,0 75.80614804413024,30.93121873900746,0 75.80593720893904,30.931096605773,0 75.80592042407544,30.93109645682704,0 75.80586943680355,30.93109311413041,0 75.8058227426219,30.93109523484097,0 75.80576550933242,30.93110657435878,0 75.80569349080372,30.9311271566535,0 75.80562748919436,30.9311451148753,0 75.80562748233922,30.93114429728973,0 75.80558761727139,30.93115466935583,0 75.80555767604757,30.93116245959367,0 75.80551434034551,30.93117414089383,0 75.80546631365813,30.93118708650749,0 75.80542053934197,30.93119942540952,0 75.80540270427984,30.93120423298601,0 75.80540246938133,30.93120429825335,0 75.80528364795231,30.93123731526337,0 75.80527477591293,30.93123978050074,0 75.80523596798096,30.93125056445258,0 75.8052268910541,30.93125305983956,0 75.80508323794039,30.93129254901845,0 75.80508319178912,30.93129256195663,0 75.80503733187865,30.93130516829927,0 75.8049761846825,30.93132197774341,0 75.80493692245646,30.93133277075978,0 75.8049303257002,30.93133458404256,0 75.80489227300299,30.93134504471957,0 75.80488295255664,30.93134760677771,0 75.80487378171318,30.93135012802634,0 75.8047381442321,30.93138842615318,0 75.80473785583243,30.93138850302804,0 75.80473601811822,30.93138902599906,0 75.80463798189369,30.9314151916158,0 75.80462937416981,30.93141748905349,0 75.8045861322513,30.93142713927851,0 75.8045611683354,30.93143271109705,0 75.80454597853765,30.93143610087954,0 75.80446567331094,30.93145402293064,0 75.80441316353709,30.93146574086628,0 75.8043637451498,30.93147676933061,0 75.8042710834975,30.93149744872981,0 75.8041926336967,30.93151495561969,0 75.80417842211595,30.93151812723624,0 75.80407031707153,30.93154225281094,0 75.80403473189058,30.93155019412889,0 75.80400854223188,30.9315560385808,0 75.80398088042998,30.93156221175216,0 75.80396068707681,30.9315646345382,0 75.80391252880544,30.93156480058694,0 75.80386703394441,30.93155438029368,0 75.80375360588502,30.9315239975138,0 75.80364234598851,30.93148814896038,0 75.80353360837483,30.93144694873319,0 75.80342773913466,30.93140052796539,0 75.80332507522773,30.93134903440605,0 75.80322594341031,30.93129263194989,0 75.80313065919499,30.93123150011548,0 75.8031304358844,30.93123134886756,0 75.8031178724863,30.93122273330928,0 75.80302867855281,30.93117118633147,0 75.80294311397269,30.9311152541315,0 75.80286146850328,30.93105512612302,0 75.80278401862844,30.93099100592841,0 75.80271102662212,30.93092311068915,0 75.80264273966027,30.93085167033036,0 75.80257938898379,30.93077692678213,0 75.80255829616829,30.93074987189739,0 75.8025111138558,30.93068460071985,0 75.8024611235688,30.9306390229332,0 75.80241676519449,30.93058930171317,0 75.80237849802957,30.93053595189441,0 75.80234671829771,30.93047952588278,0 75.80232175504727,30.93042060793539,0 75.8023038667445,30.93035980811072,0 75.8022995986543,30.93031849085337,0 75.80229831826347,30.9302674290435,0 75.80229900704369,30.93024752198731,0 75.80230194402303,30.93021164415797,0 75.80229538043028,30.93017224652504,0 75.80229644055837,30.93013245515946,0 75.80230509539079,30.93009335882795,0 75.80232110810627,30.93005602727857,0 75.80232023672922,30.92998085924475,0 75.80231755487262,30.92974957275295,0 75.80230892016499,30.92958436823503,0 75.80229389826373,30.92946742171645,0 75.80226476558904,30.92934249178819,0 75.80223311659569,30.92919670661248,0 75.80220537720685,30.92914724206657,0 75.802155413756,30.92907444561406,0 75.80215818030672,30.92893353666709,0 75.80215851354063,30.92891655085546,0 75.80209408134499,30.92891638676482,0 75.80200744265838,30.92891616621578,0 75.80196914144643,30.92891760835077,0 75.80196882038032,30.92889458114866,0 75.80196835092153,30.92886088333815,0 75.80196620417254,30.92870701932895,0 75.8019650270604,30.92862266426405,0 75.8018203964819,30.92862901287914,0 75.80172404866235,30.92850066830596,0 75.80172397377908,30.92849532544246,0 75.8015680206029,30.92849528709889,0 75.80156725298741,30.92844028464927,0 75.80156610317023,30.92835778192657,0 75.80156533587777,30.92830277947378,0 75.80156451455058,30.92824386137169,0 75.80156386297919,30.92819710957089,0 75.80156302888274,30.92813727216122,0 75.80145624246477,30.92813927479124,0 75.80123929076694,30.92798226547177,0 75.80124039717548,30.92783025688305,0 75.80106672184318,30.92783082854302,0 75.80104898157649,30.92783088701517,0 75.80104942451747,30.92777001476611,0 75.80104952224114,30.92775663232466,0 75.80094743330683,30.92775696714587,0 75.80088409348207,30.92775717520233,0 75.80088045583885,30.92775485815252,0 75.80088133945873,30.92763342883613,0 75.80073542293738,30.92763390842275,0 75.80073139764851,30.92763392152335,0 75.80070405261571,30.9276340113724,0 75.8006907897082,30.92763405472097,0 75.80067722733087,30.92762541732204,0 75.80067777380219,30.92755033148655,0 75.80055687788573,30.92754767831768,0 75.80050259068122,30.92751241989182,0 75.8005028984599,30.9274702070871,0 75.80050302630325,30.92745265683173,0 75.80048904747153,30.92745269194052,0 75.80032203140337,30.92745311301077,0 75.80032226097183,30.92744206575707,0 75.80031944445079,30.92744169513843,0 75.80027453156042,30.92743579262138,0 75.8002523012245,30.92743287034716,0 75.80018489085113,30.92742598275248,0 75.80013096319408,30.92742047231736,0 75.80005681291128,30.9274128950869,0 75.80002769451411,30.92740991996013,0 75.79997142678893,30.9274041703693,0 75.79990206631668,30.92739552329836,0 75.79983841936597,30.92738758889891,0 75.79972979566294,30.92735211591867,0 75.79967204356798,30.92732723328044,0 75.79962006421631,30.92729622353886,0 75.79955255921615,30.92724723337465,0 75.79945983322129,30.92718143872882,0 75.7994132458735,30.92713602393471,0 75.79939753686938,30.92710850178785,0 75.79940128668829,30.92692803222829,0 75.7994019442792,30.9268963658564,0 75.79940209535944,30.92688910141413,0 75.79940235996783,30.92687634772979,0 75.79940245500887,30.92686978658071,0 75.79938258440789,30.92686979391281,0 75.79938262272984,30.92686960693848,0 75.7993826736256,30.92685873570046,0 75.7993848963573,30.92638736807703,0 75.79938527999212,30.92630600593511,0 75.79938567565597,30.92622210117341,0 75.79938607765503,30.92613692523674,0 75.79938623422268,30.92610378043463,0 75.79938649104986,30.92604920723407,0 75.79938570822712,30.92604921207336,0 75.7993798748674,30.92544240612451,0 75.7993800369177,30.92544240512276,0 75.79937953440657,30.92540715032524,0 75.79937910579022,30.92537702086298,0 75.79937795114179,30.92529596248745,0 75.79937646301785,30.92519153318609,0 75.79937532342653,30.92511151703478,0 75.79937441209395,30.92504751406656,0 75.79938902972326,30.92504742205472,0 75.80337192068156,30.92505427086962,0 75.80337618521466,30.92505949749947,0 75.80676472067658,30.92509083180615,0 75.80676777139598,30.92506871561585,0 75.80690126475879,30.92410079593832,0 75.80786773418522,30.92373705339733,0 75.80886806174489,30.92337405310851,0 75.80892791835288,30.92461887271702,0 75.8084573828033,30.9246456885061,0 75.80841635942424,30.9263528712898,0 75.80865163141834,30.92633946361361,0 75.80867783105239,30.92780749488416,0 75.80873371587185,30.92786682812105,0 75.80873672942464,30.92822490547305,0 75.80962315651949,30.92825516788358,0 75.80966818096138,30.92702542212017,0 75.8099450914581,30.92702368795388,0 75.81001713616659,30.92735745993273,0 75.81057126135117,30.92738979711761,0 75.81098753560917,30.92749461589796,0 75.81101951351957,30.92964299234039,0 75.81036845402944,30.92961126477897,0 75.81032782232592,30.92971894826054,0 75.81013397940313,30.9297201629087,0 75.8101552141265,30.93223863887641,0 75.81005859185929,30.93227505377041,0 75.81014352117992,30.93320526876441,0 
						</coordinates>
					</LinearRing>
				</outerBoundaryIs>
			</Polygon>
		</Placemark>
	</Document>
	<Document>
		<name>Ward No.80.kml</name>
		<StyleMap id="m_ylw-pushpin80">
			<Pair>
				<key>normal</key>
				<styleUrl>#s_ylw-pushpin80</styleUrl>
			</Pair>
			<Pair>
				<key>highlight</key>
				<styleUrl>#s_ylw-pushpin_hl80</styleUrl>
			</Pair>
		</StyleMap>
		<Style id="s_ylw-pushpin80">
			<IconStyle>
				<scale>1.1</scale>
				<Icon>
					<href>http://maps.google.com/mapfiles/kml/pushpin/ylw-pushpin.png</href>
				</Icon>
				<hotSpot x="20" y="2" xunits="pixels" yunits="pixels"/>
			</IconStyle>
			<LineStyle>
				<color>ffffff55</color>
				<width>3</width>
			</LineStyle>
			<PolyStyle>
				<fill>0</fill>
			</PolyStyle>
		</Style>
		<Style id="s_ylw-pushpin_hl80">
			<IconStyle>
				<scale>1.3</scale>
				<Icon>
					<href>http://maps.google.com/mapfiles/kml/pushpin/ylw-pushpin.png</href>
				</Icon>
				<hotSpot x="20" y="2" xunits="pixels" yunits="pixels"/>
			</IconStyle>
			<LineStyle>
				<color>ffffff55</color>
				<width>3</width>
			</LineStyle>
			<PolyStyle>
				<fill>0</fill>
			</PolyStyle>
		</Style>
		<Placemark>
			<name>Ward No.80.kml</name>
			<styleUrl>#m_ylw-pushpin80</styleUrl>
			<Polygon>
				<tessellate>1</tessellate>
				<outerBoundaryIs>
					<LinearRing>
						<coordinates>
							75.80690126475879,30.92410079593832,0 75.80676777139598,30.92506871561585,0 75.80676472067658,30.92509083180615,0 75.80337618521466,30.92505949749947,0 75.80337192068156,30.92505427086962,0 75.79938902972326,30.92504742205472,0 75.79939087444414,30.92497752710624,0 75.79939023626616,30.92492787895791,0 75.79938948706686,30.92486948536088,0 75.79938878644028,30.92481497527269,0 75.79938825240394,30.92477339826901,0 75.79938784982355,30.92474210283998,0 75.79926872568088,30.92474542709866,0 75.79926307669321,30.92441780014188,0 75.79925838191271,30.92414548805064,0 75.79883286440537,30.9241573477632,0 75.79847852526905,30.92403722775054,0 75.79843217853343,30.92393597545221,0 75.79799893173875,30.92366172451295,0 75.79780502358967,30.92351984367578,0 75.79774754813971,30.92350043376872,0 75.7976934868752,30.92352908838427,0 75.79753786650771,30.9233738586215,0 75.79734189323824,30.92320730689362,0 75.79733008909361,30.92322603720527,0 75.79730314609009,30.92326878884013,0 75.79728235449996,30.92330177761472,0 75.7972028127504,30.9234279877499,0 75.79697779896958,30.92380538769789,0 75.79682807963916,30.92402893643004,0 75.79679884236484,30.92407259260637,0 75.79670164872667,30.9241682243566,0 75.79663910224964,30.9242297660956,0 75.79662060004917,30.92425917202021,0 75.7965331361184,30.92439817930329,0 75.79644763336563,30.92460695928997,0 75.79634166648552,30.92477537124394,0 75.7961085961138,30.92499084440454,0 75.79533015784308,30.92498406521414,0 75.79530303131354,30.92494952278796,0 75.79530137346306,30.92493434013639,0 75.79529249963038,30.92485308741306,0 75.79528851120097,30.92481656088125,0 75.79520118889165,30.9247377107637,0 75.79518034016716,30.92471888441598,0 75.79481595216562,30.92447237718938,0 75.79776330092076,30.92237253680943,0 75.80086696618125,30.92098064853913,0 75.80244117069715,30.91882230837658,0 75.80419609367826,30.91758790959095,0 75.80876417238711,30.91749974145362,0 75.80884368650945,30.91872274176484,0 75.80690126475879,30.92410079593832,0 
						</coordinates>
					</LinearRing>
				</outerBoundaryIs>
			</Polygon>
		</Placemark>
	</Document>
	<Document>
		<name>Ward No.81.kml</name>
		<StyleMap id="m_ylw-pushpin81">
			<Pair>
				<key>normal</key>
				<styleUrl>#s_ylw-pushpin81</styleUrl>
			</Pair>
			<Pair>
				<key>highlight</key>
				<styleUrl>#s_ylw-pushpin_hl81</styleUrl>
			</Pair>
		</StyleMap>
		<Style id="s_ylw-pushpin81">
			<IconStyle>
				<scale>1.1</scale>
				<Icon>
					<href>http://maps.google.com/mapfiles/kml/pushpin/ylw-pushpin.png</href>
				</Icon>
				<hotSpot x="20" y="2" xunits="pixels" yunits="pixels"/>
			</IconStyle>
			<LineStyle>
				<color>ffffff55</color>
				<width>3</width>
			</LineStyle>
			<PolyStyle>
				<fill>0</fill>
			</PolyStyle>
		</Style>
		<Style id="s_ylw-pushpin_hl81">
			<IconStyle>
				<scale>1.3</scale>
				<Icon>
					<href>http://maps.google.com/mapfiles/kml/pushpin/ylw-pushpin.png</href>
				</Icon>
				<hotSpot x="20" y="2" xunits="pixels" yunits="pixels"/>
			</IconStyle>
			<LineStyle>
				<color>ffffff55</color>
				<width>3</width>
			</LineStyle>
			<PolyStyle>
				<fill>0</fill>
			</PolyStyle>
		</Style>
		<Placemark>
			<name>Ward No.81.kml</name>
			<styleUrl>#m_ylw-pushpin81</styleUrl>
			<Polygon>
				<tessellate>1</tessellate>
				<outerBoundaryIs>
					<LinearRing>
						<coordinates>
							75.81230818793837,30.91630839995791,0 75.81380817005483,30.91620074376909,0 75.81507843073088,30.91609386084185,0 75.81661719580475,30.91609239413965,0 75.81819524108387,30.91621426699354,0 75.81921507058196,30.91625068998868,0 75.81931036509125,30.91625409254182,0 75.81951959089309,30.9162615634248,0 75.81976317131922,30.91627026089374,0 75.81990113541931,30.91627702884066,0 75.81982097787521,30.91641268545954,0 75.81974686253723,30.91655087242276,0 75.81967889668144,30.91669138976507,0 75.81961717868657,30.91683403414811,0 75.81956179789138,30.91697859915461,0 75.81951283446543,30.91712487558708,0 75.81947035929271,30.91727265177051,0 75.81946576298863,30.91729023474558,0 75.81944417964583,30.91738244800698,0 75.81942465699936,30.91747500205089,0 75.81941436092596,30.91750432315422,0 75.81921074919379,30.91808415059959,0 75.81867128881989,30.91963870141354,0 75.81835059109848,30.91974343877951,0 75.81811312499889,30.9198370243687,0 75.81784720620358,30.91996620627839,0 75.81767144499702,30.92007002532856,0 75.81747514603222,30.92017397478957,0 75.81732376079198,30.92024576497721,0 75.81713972332399,30.92034255280378,0 75.81683260332196,30.92045782596839,0 75.81655572761707,30.92056266550527,0 75.81591945286462,30.92080358932862,0 75.81365884091663,30.9216324151946,0 75.81083705265037,30.9226595125891,0 75.80786773418522,30.92373705339733,0 75.80690126475879,30.92410079593832,0 75.80884368650945,30.91872274176484,0 75.80876417238711,30.91749974145362,0 75.81253302278847,30.91704043424295,0 75.81230818793837,30.91630839995791,0 
						</coordinates>
					</LinearRing>
				</outerBoundaryIs>
			</Polygon>
		</Placemark>
	</Document>
	<Document>
		<name>Ward No.82.kml</name>
		<StyleMap id="m_ylw-pushpin82">
			<Pair>
				<key>normal</key>
				<styleUrl>#s_ylw-pushpin82</styleUrl>
			</Pair>
			<Pair>
				<key>highlight</key>
				<styleUrl>#s_ylw-pushpin_hl82</styleUrl>
			</Pair>
		</StyleMap>
		<Style id="s_ylw-pushpin82">
			<IconStyle>
				<scale>1.1</scale>
				<Icon>
					<href>http://maps.google.com/mapfiles/kml/pushpin/ylw-pushpin.png</href>
				</Icon>
				<hotSpot x="20" y="2" xunits="pixels" yunits="pixels"/>
			</IconStyle>
			<LineStyle>
				<color>ffffff55</color>
				<width>3</width>
			</LineStyle>
			<PolyStyle>
				<fill>0</fill>
			</PolyStyle>
		</Style>
		<Style id="s_ylw-pushpin_hl82">
			<IconStyle>
				<scale>1.3</scale>
				<Icon>
					<href>http://maps.google.com/mapfiles/kml/pushpin/ylw-pushpin.png</href>
				</Icon>
				<hotSpot x="20" y="2" xunits="pixels" yunits="pixels"/>
			</IconStyle>
			<LineStyle>
				<color>ffffff55</color>
				<width>3</width>
			</LineStyle>
			<PolyStyle>
				<fill>0</fill>
			</PolyStyle>
		</Style>
		<Placemark>
			<name>Ward No.82.kml</name>
			<styleUrl>#m_ylw-pushpin82</styleUrl>
			<Polygon>
				<tessellate>1</tessellate>
				<outerBoundaryIs>
					<LinearRing>
						<coordinates>
							75.8342560909698,30.91609548470645,0 75.8315539671798,30.91633073643072,0 75.82809340337438,30.9165198037798,0 75.82497727218039,30.91675293361914,0 75.82431936834456,30.91677895226945,0 75.82399915376396,30.91679161453063,0 75.82341315016977,30.91679071154492,0 75.82232039310882,30.91662616503929,0 75.82167426668099,30.91650975895119,0 75.82145502479611,30.91646110880182,0 75.82062544042739,30.91631255811576,0 75.81992378942007,30.91627814013429,0 75.81990113541931,30.91627702884066,0 75.81976317131922,30.91627026089374,0 75.81951959089309,30.9162615634248,0 75.81931036509125,30.91625409254182,0 75.81921507058196,30.91625068998868,0 75.81819524108387,30.91621426699354,0 75.81661719580475,30.91609239413965,0 75.81507843073088,30.91609386084185,0 75.81476380923003,30.91612033496905,0 75.81473338517061,30.91591290516536,0 75.81471114670082,30.91574151058211,0 75.81457983597588,30.91472947717626,0 75.8145780501888,30.91471571688087,0 75.81458352187815,30.91454790859244,0 75.81462342467147,30.91438652788887,0 75.81464886028078,30.91428365823797,0 75.81466665321511,30.91421169845257,0 75.81481490932447,30.91361209334646,0 75.81506213021642,30.91261222285446,0 75.81508695459142,30.91251181891673,0 75.81515102560901,30.9122526814116,0 75.81501060843506,30.91222703799083,0 75.81497940423513,30.91222133903721,0 75.81478431714457,30.91218571123181,0 75.814650339716,30.91216039510092,0 75.81450727292065,30.91213295682184,0 75.81441230595811,30.91211474299884,0 75.81431734126964,30.91209652991639,0 75.81423046570896,30.91207986837522,0 75.81413550108637,30.91206165515792,0 75.81404053554132,30.91204344187623,0 75.81398332025411,30.91203246816528,0 75.8139455687479,30.91202522770715,0 75.81385060454747,30.91200701427661,0 75.8138417020574,30.91200530714809,0 75.81375563910565,30.91198880078368,0 75.81366067337927,30.91197058722234,0 75.81356944695332,30.91195309069579,0 75.81356570800625,30.91195237358857,0 75.81359317217954,30.91048019898681,0 75.81968798209131,30.91181682350683,0 75.81970744546879,30.91172425414429,0 75.81973431002537,30.91153154936963,0 75.81988878433791,30.91014595762173,0 75.81991110110246,30.90978510017961,0 75.81998963460656,30.90899843871013,0 75.82097550782269,30.9090649623232,0 75.82097555059126,30.909064965627,0 75.82125586009222,30.90908641017324,0 75.82130929987503,30.90909593028094,0 75.82412508163172,30.91031879273626,0 75.82422793014142,30.91015116754569,0 75.82461781523341,30.90951571582258,0 75.82517000562072,30.90861571728218,0 75.82518089578392,30.90859535146605,0 75.82567682703468,30.90778472863816,0 75.82568613928126,30.90776950634166,0 75.82572730928493,30.90774143069995,0 75.82577205345859,30.9077177676614,0 75.82581973902657,30.90769885186923,0 75.82586969161723,30.90768495083076,0 75.82592120479977,30.90767626113448,0 75.82597355007432,30.90767290566997,0 75.8259763847102,30.90767288014445,0 75.82599055435246,30.90767297200309,0 75.82941550965923,30.90915295267728,0 75.82941617460985,30.90915323965769,0 75.83148118731424,30.9100450385138,0 75.8315111838333,30.91005760047064,0 75.83356153779621,30.91097378647141,0 75.83654236559192,30.91232164332677,0 75.83980645043162,30.91378298925546,0 75.84004742206668,30.91394966334474,0 75.84131773937754,30.91581459565374,0 75.84137285266158,30.91601470115675,0 75.84145669390399,30.91648628325273,0 75.84050595667242,30.91642582861178,0 75.83966551529376,30.91622270757975,0 75.83888910120494,30.91596354512943,0 75.83780186791635,30.9158176338386,0 75.83736663474872,30.91584362760642,0 75.83631375501105,30.91593850699902,0 75.8342560909698,30.91609548470645,0 
						</coordinates>
					</LinearRing>
				</outerBoundaryIs>
			</Polygon>
		</Placemark>
	</Document>
	<Document>
		<name>Ward No.83.kml</name>
		<StyleMap id="m_ylw-pushpin83">
			<Pair>
				<key>normal</key>
				<styleUrl>#s_ylw-pushpin83</styleUrl>
			</Pair>
			<Pair>
				<key>highlight</key>
				<styleUrl>#s_ylw-pushpin_hl83</styleUrl>
			</Pair>
		</StyleMap>
		<Style id="s_ylw-pushpin83">
			<IconStyle>
				<scale>1.1</scale>
				<Icon>
					<href>http://maps.google.com/mapfiles/kml/pushpin/ylw-pushpin.png</href>
				</Icon>
				<hotSpot x="20" y="2" xunits="pixels" yunits="pixels"/>
			</IconStyle>
			<LineStyle>
				<color>ffffff55</color>
				<width>3</width>
			</LineStyle>
			<PolyStyle>
				<fill>0</fill>
			</PolyStyle>
		</Style>
		<Style id="s_ylw-pushpin_hl83">
			<IconStyle>
				<scale>1.3</scale>
				<Icon>
					<href>http://maps.google.com/mapfiles/kml/pushpin/ylw-pushpin.png</href>
				</Icon>
				<hotSpot x="20" y="2" xunits="pixels" yunits="pixels"/>
			</IconStyle>
			<LineStyle>
				<color>ffffff55</color>
				<width>3</width>
			</LineStyle>
			<PolyStyle>
				<fill>0</fill>
			</PolyStyle>
		</Style>
		<Placemark>
			<name>Ward No.83.kml</name>
			<styleUrl>#m_ylw-pushpin83</styleUrl>
			<Polygon>
				<tessellate>1</tessellate>
				<outerBoundaryIs>
					<LinearRing>
						<coordinates>
							75.83364848839754,30.92104953879044,0 75.83320733340763,30.9220669860039,0 75.83263713807337,30.92238221086381,0 75.83253331189067,30.9222777176069,0 75.83242194857502,30.92218313215286,0 75.83229923530992,30.92209847902188,0 75.83216130492248,30.92201720877493,0 75.83203506502483,30.92196544018877,0 75.83190120253927,30.92191372051236,0 75.83175186568056,30.92183581020339,0 75.8315835845676,30.92177116627271,0 75.83143427660563,30.92169654158765,0 75.83119289207282,30.92155349622646,0 75.83042658616014,30.9212185748648,0 75.8304020883397,30.92120893054666,0 75.83017536320808,30.92113938600672,0 75.8298389484987,30.92102652510532,0 75.82940670325601,30.92081707876722,0 75.82809890125407,30.92012040928319,0 75.8280752281859,30.9201077981205,0 75.8280063348856,30.92008245522255,0 75.82703556356788,30.91968441897194,0 75.82629941473155,30.91944547501554,0 75.82601677952648,30.91933178296922,0 75.82590019303169,30.91925463429361,0 75.82578787338925,30.91917291594269,0 75.82568006134821,30.91908680308129,0 75.8255769879937,30.91899648029363,0 75.82547887425146,30.91890214118739,0 75.82544043378931,30.9188462812602,0 75.82530895077382,30.91872607817514,0 75.82528745693928,30.91870174260143,0 75.82526982276651,30.91868177717943,0 75.82523446155868,30.91865603426379,0 75.8250788896266,30.91854277978164,0 75.82482024649475,30.91841005614495,0 75.82441208149152,30.91822570507795,0 75.82385362936104,30.91801590374431,0 75.82379318280884,30.9179931947061,0 75.82217536330178,30.91768436588083,0 75.8212112705085,30.9175010680989,0 75.82060962096466,30.91738667513966,0 75.82056315290912,30.91738258315746,0 75.81986972908739,30.91729315152381,0 75.81950413322654,30.91727438489733,0 75.81949630381951,30.91727398320276,0 75.81949526411553,30.9172739303868,0 75.81947035929274,30.91727265177053,0 75.81951283446543,30.91712487558708,0 75.8195617978914,30.91697859915463,0 75.8196171786866,30.91683403414815,0 75.81967889668148,30.91669138976511,0 75.81974686253724,30.91655087242277,0 75.81982097787521,30.91641268545954,0 75.81990113541933,30.91627702884067,0 75.81992378942009,30.91627814013429,0 75.82062544042739,30.91631255811579,0 75.82145502479612,30.91646110880182,0 75.82167426668099,30.91650975895119,0 75.82232039310882,30.91662616503928,0 75.82341315016977,30.91679071154492,0 75.82399915376398,30.91679161453065,0 75.82431936834456,30.91677895226945,0 75.8249772721804,30.91675293361914,0 75.82809340337438,30.91651980377982,0 75.8315539671798,30.91633073643072,0 75.83425609096983,30.91609548470645,0 75.83631375501105,30.91593850699904,0 75.83736663474873,30.91584362760643,0 75.83780186791637,30.9158176338386,0 75.83888910120494,30.91596354512945,0 75.83966551529376,30.91622270757976,0 75.84050595667242,30.9164258286118,0 75.84145669390401,30.91648628325275,0 75.84150233752676,30.91648918583579,0 75.84548320285788,30.91676686656379,0 75.84591802653003,30.91694853919366,0 75.84526445611802,30.91808569995578,0 75.84472063420583,30.91908487377978,0 75.84470277127924,30.919077600742,0 75.84424079134601,30.91989757967531,0 75.84421666337693,30.91994040553745,0 75.84420971366113,30.91995274004396,0 75.84416943006244,30.92002424041031,0 75.84341068136833,30.92131947165736,0 75.8431449398694,30.92114499427508,0 75.8429475500661,30.92113434453896,0 75.84260122655499,30.92111272845508,0 75.84234470980662,30.92106963762813,0 75.84207033862499,30.92096399587899,0 75.84172999745945,30.92083490991757,0 75.84145266277321,30.92078598454714,0 75.84117915506415,30.92077881147073,0 75.84113188867988,30.92051949980612,0 75.84110325973948,30.92041225741152,0 75.84099596508041,30.92041295519176,0 75.84094331030408,30.92019142283667,0 75.84082363325979,30.92023656566611,0 75.8407209794012,30.92026681004565,0 75.8405896741624,30.92028984618833,0 75.84014965188994,30.92031735255484,0 75.83989535881565,30.92033379280461,0 75.83970973825751,30.92035718079454,0 75.8393100601449,30.92042139264373,0 75.8385389873519,30.92051512449677,0 75.83735675661423,30.9206682036595,0 75.83646275600051,30.92076271933226,0 75.83622849284062,30.920781486991,0 75.83556245797783,30.920790721101,0 75.83473883044951,30.92075906963035,0 75.83467022204341,30.92075951245457,0 75.83458179448121,30.92078226577459,0 75.83405549361427,30.92075115498585,0 75.83362942374156,30.92069185492332,0 75.83364848839754,30.92104953879044,0 
						</coordinates>
					</LinearRing>
				</outerBoundaryIs>
			</Polygon>
		</Placemark>
	</Document>
	<Document>
		<name>Ward No.84.kml</name>
		<StyleMap id="m_ylw-pushpin84">
			<Pair>
				<key>normal</key>
				<styleUrl>#s_ylw-pushpin84</styleUrl>
			</Pair>
			<Pair>
				<key>highlight</key>
				<styleUrl>#s_ylw-pushpin_hl84</styleUrl>
			</Pair>
		</StyleMap>
		<Style id="s_ylw-pushpin84">
			<IconStyle>
				<scale>1.1</scale>
				<Icon>
					<href>http://maps.google.com/mapfiles/kml/pushpin/ylw-pushpin.png</href>
				</Icon>
				<hotSpot x="20" y="2" xunits="pixels" yunits="pixels"/>
			</IconStyle>
			<LineStyle>
				<color>ffffff55</color>
				<width>3</width>
			</LineStyle>
			<PolyStyle>
				<fill>0</fill>
			</PolyStyle>
		</Style>
		<Style id="s_ylw-pushpin_hl84">
			<IconStyle>
				<scale>1.3</scale>
				<Icon>
					<href>http://maps.google.com/mapfiles/kml/pushpin/ylw-pushpin.png</href>
				</Icon>
				<hotSpot x="20" y="2" xunits="pixels" yunits="pixels"/>
			</IconStyle>
			<LineStyle>
				<color>ffffff55</color>
				<width>3</width>
			</LineStyle>
			<PolyStyle>
				<fill>0</fill>
			</PolyStyle>
		</Style>
		<Placemark>
			<name>Ward No.84.kml</name>
			<styleUrl>#m_ylw-pushpin84</styleUrl>
			<Polygon>
				<tessellate>1</tessellate>
				<outerBoundaryIs>
					<LinearRing>
						<coordinates>
							75.84266956206889,30.92993254044219,0 75.84205981163552,30.92972152145331,0 75.84115796555446,30.92949556353122,0 75.84044494247351,30.92957153196558,0 75.8385002776386,30.92955740726374,0 75.83836125202427,30.92957161378396,0 75.83833244674017,30.92927086905215,0 75.83827719935441,30.92894020364556,0 75.83823937290532,30.92860566247956,0 75.83825764555772,30.92819928675612,0 75.83826377973095,30.92790207711314,0 75.83813183266379,30.92778255941256,0 75.83775809361184,30.9275393716237,0 75.83976201376396,30.92553292558934,0 75.84180798438324,30.92340880693048,0 75.84202744111747,30.92316837224155,0 75.84224057455761,30.9229237465941,0 75.84244727709722,30.9226750535511,0 75.8426474443806,30.92242241872901,0 75.8428409753555,30.92216596973431,0 75.84301525550453,30.92192368202252,0 75.84318361195946,30.92167830110956,0 75.8433459709283,30.92142993461523,0 75.84416943006244,30.92002424041031,0 75.84420971366113,30.91995274004396,0 75.84421666337693,30.91994040553745,0 75.84424079134601,30.91989757967531,0 75.84470277127924,30.919077600742,0 75.84472063420583,30.91908487377978,0 75.84526445611802,30.91808569995578,0 75.84591802653003,30.91694853919366,0 75.84591923138908,30.91694644338259,0 75.84646023656913,30.91596966244341,0 75.84709855528904,30.91483334437282,0 75.84719524772679,30.91466077549761,0 75.84773683320624,30.91369418659816,0 75.84843985945749,30.91243542853132,0 75.84904565076984,30.91134755136468,0 75.84946689518252,30.91060421398991,0 75.85003694313436,30.90957047853236,0 75.85047484970018,30.90901079744233,0 75.85073679453762,30.90867600606238,0 75.85083494034042,30.9085836086869,0 75.85162618299235,30.90905733451998,0 75.85118595892577,30.90999605494582,0 75.85087101270233,30.91069999413028,0 75.85049620784692,30.91152369126452,0 75.85019194648956,30.91218458704912,0 75.84969788223664,30.91330031655754,0 75.84921429128879,30.91434913090557,0 75.84893072915261,30.91484755121488,0 75.84858332693169,30.915642415188,0 75.84851538450133,30.91610122285663,0 75.84853275656457,30.91671476220215,0 75.8491253524103,30.92000239133292,0 75.8492129156547,30.92025593643788,0 75.84918384027185,30.92047681029905,0 75.84860735017456,30.92195181394879,0 75.848401823153,30.92239452853923,0 75.8481267805923,30.92287113472786,0 75.84739822508281,30.92378050158411,0 75.84731349481955,30.92388625788369,0 75.84508955145157,30.92679643874872,0 75.84405301434063,30.92801362023677,0 75.8439776753346,30.92810422234583,0 75.84266956206889,30.92993254044219,0 
						</coordinates>
					</LinearRing>
				</outerBoundaryIs>
			</Polygon>
		</Placemark>
	</Document>
	<Document>
		<name>Ward No.85.kml</name>
		<StyleMap id="m_ylw-pushpin85">
			<Pair>
				<key>normal</key>
				<styleUrl>#s_ylw-pushpin85</styleUrl>
			</Pair>
			<Pair>
				<key>highlight</key>
				<styleUrl>#s_ylw-pushpin_hl85</styleUrl>
			</Pair>
		</StyleMap>
		<Style id="s_ylw-pushpin85">
			<IconStyle>
				<scale>1.1</scale>
				<Icon>
					<href>http://maps.google.com/mapfiles/kml/pushpin/ylw-pushpin.png</href>
				</Icon>
				<hotSpot x="20" y="2" xunits="pixels" yunits="pixels"/>
			</IconStyle>
			<LineStyle>
				<color>ffffff55</color>
				<width>3</width>
			</LineStyle>
			<PolyStyle>
				<fill>0</fill>
			</PolyStyle>
		</Style>
		<Style id="s_ylw-pushpin_hl85">
			<IconStyle>
				<scale>1.3</scale>
				<Icon>
					<href>http://maps.google.com/mapfiles/kml/pushpin/ylw-pushpin.png</href>
				</Icon>
				<hotSpot x="20" y="2" xunits="pixels" yunits="pixels"/>
			</IconStyle>
			<LineStyle>
				<color>ffffff55</color>
				<width>3</width>
			</LineStyle>
			<PolyStyle>
				<fill>0</fill>
			</PolyStyle>
		</Style>
		<Placemark>
			<name>Ward No.85.kml</name>
			<styleUrl>#m_ylw-pushpin85</styleUrl>
			<Polygon>
				<tessellate>1</tessellate>
				<outerBoundaryIs>
					<LinearRing>
						<coordinates>
							75.856222759247,30.93006614857435,0 75.85602720367945,30.93015895313037,0 75.85563525651843,30.93024618448928,0 75.85522451423775,30.93029859156046,0 75.85491864435429,30.93025171226664,0 75.8541929251691,30.93009852021681,0 75.85267167785453,30.92979258362041,0 75.85084963802495,30.92951870150319,0 75.84954717391383,30.92927899821434,0 75.84865996051667,30.92911931193296,0 75.84733096218724,30.9288383813163,0 75.8464438215014,30.92868620342798,0 75.84509427586524,30.92854832712849,0 75.84468726718303,30.92841180525981,0 75.8439776753346,30.92810422234583,0 75.84405301434063,30.92801362023675,0 75.84508955145155,30.92679643874868,0 75.84731349481955,30.92388625788369,0 75.84739822508281,30.92378050158409,0 75.84804317369668,30.92402950395586,0 75.84909056112133,30.92434362373434,0 75.84999292782145,30.92463193929392,0 75.85061558784548,30.92486859022398,0 75.85122751400279,30.92506072581594,0 75.85137554277524,30.92542532682493,0 75.85146805156911,30.92612130103307,0 75.85283242183081,30.92598686686837,0 75.85315580426942,30.92584964169965,0 75.85485212586278,30.92512619105122,0 75.85487243618714,30.92515157364378,0 75.85512660400852,30.92560128902037,0 75.85553802716082,30.92607002623785,0 75.85573353348566,30.92646495844376,0 75.85575988572782,30.92681085457761,0 75.85593967426382,30.92805351187901,0 75.85598400631487,30.92911149100857,0 75.85613615225074,30.92986281038962,0 75.856222759247,30.93006614857435,0 
						</coordinates>
					</LinearRing>
				</outerBoundaryIs>
			</Polygon>
		</Placemark>
	</Document>
	<Document>
		<name>Ward No.86.kml</name>
		<StyleMap id="m_ylw-pushpin86">
			<Pair>
				<key>normal</key>
				<styleUrl>#s_ylw-pushpin86</styleUrl>
			</Pair>
			<Pair>
				<key>highlight</key>
				<styleUrl>#s_ylw-pushpin_hl86</styleUrl>
			</Pair>
		</StyleMap>
		<Style id="s_ylw-pushpin86">
			<IconStyle>
				<scale>1.1</scale>
				<Icon>
					<href>http://maps.google.com/mapfiles/kml/pushpin/ylw-pushpin.png</href>
				</Icon>
				<hotSpot x="20" y="2" xunits="pixels" yunits="pixels"/>
			</IconStyle>
			<LineStyle>
				<color>ffffff55</color>
				<width>3</width>
			</LineStyle>
			<PolyStyle>
				<fill>0</fill>
			</PolyStyle>
		</Style>
		<Style id="s_ylw-pushpin_hl86">
			<IconStyle>
				<scale>1.3</scale>
				<Icon>
					<href>http://maps.google.com/mapfiles/kml/pushpin/ylw-pushpin.png</href>
				</Icon>
				<hotSpot x="20" y="2" xunits="pixels" yunits="pixels"/>
			</IconStyle>
			<LineStyle>
				<color>ffffff55</color>
				<width>3</width>
			</LineStyle>
			<PolyStyle>
				<fill>0</fill>
			</PolyStyle>
		</Style>
		<Placemark>
			<name>Ward No.86.kml</name>
			<styleUrl>#m_ylw-pushpin86</styleUrl>
			<Polygon>
				<tessellate>1</tessellate>
				<outerBoundaryIs>
					<LinearRing>
						<coordinates>
							75.86461270629435,30.93355845466214,0 75.86131180993594,30.93441374330401,0 75.86052986366157,30.9345796848647,0 75.86033895496824,30.93422742886441,0 75.86005682767852,30.93343971056067,0 75.86048566671087,30.93344447872846,0 75.86083521381039,30.93348025812317,0 75.86097814766808,30.93315159237489,0 75.86098681689859,30.93313248126167,0 75.86110158481108,30.93297797616824,0 75.86117331454582,30.93287007029895,0 75.86127649226559,30.932794780169,0 75.86137604776587,30.93270160940151,0 75.86150984387223,30.9325664328074,0 75.86162238873462,30.93237768363167,0 75.86173648707134,30.93220344814811,0 75.86128558796125,30.93187859631465,0 75.86101087165723,30.93174017258064,0 75.86087869268901,30.93166943394872,0 75.86067245915264,30.93144699825841,0 75.86050481071644,30.93128100363172,0 75.86017912534217,30.93086241038942,0 75.85998159313232,30.93067204364368,0 75.86001563272301,30.93031908248232,0 75.86001093319837,30.92880629453246,0 75.86006029150161,30.92839441820918,0 75.86037477020635,30.92747777526805,0 75.86042487698299,30.92714972863016,0 75.86045655216157,30.92673796974653,0 75.8604900420325,30.92652879776431,0 75.8605965320213,30.92613517026993,0 75.86053916160888,30.92587134857439,0 75.86082850210906,30.92571361087919,0 75.86110176200134,30.9255153316661,0 75.8621043166459,30.92619484722435,0 75.86337758660544,30.92687734655003,0 75.86348826091813,30.92691678080662,0 75.86366455890425,30.92678730396933,0 75.86370427293973,30.92681820354242,0 75.86381376630467,30.92687680110902,0 75.86481819404317,30.92753037137469,0 75.86630149273739,30.92838454499701,0 75.86872318848154,30.92979335726849,0 75.86894801439736,30.929942001922,0 75.87048185278123,30.93113312572744,0 75.87044656844962,30.93116619107568,0 75.86995775022602,30.93155047979045,0 75.86918463208578,30.9320908591693,0 75.86832384017927,30.93249633519777,0 75.86757219970734,30.93280623069383,0 75.86577662091574,30.93325860526201,0 75.86461270629435,30.93355845466214,0 
						</coordinates>
					</LinearRing>
				</outerBoundaryIs>
			</Polygon>
		</Placemark>
	</Document>
	<Document>
		<name>Ward No.87.kml</name>
		<StyleMap id="m_ylw-pushpin87">
			<Pair>
				<key>normal</key>
				<styleUrl>#s_ylw-pushpin87</styleUrl>
			</Pair>
			<Pair>
				<key>highlight</key>
				<styleUrl>#s_ylw-pushpin_hl87</styleUrl>
			</Pair>
		</StyleMap>
		<Style id="s_ylw-pushpin87">
			<IconStyle>
				<scale>1.1</scale>
				<Icon>
					<href>http://maps.google.com/mapfiles/kml/pushpin/ylw-pushpin.png</href>
				</Icon>
				<hotSpot x="20" y="2" xunits="pixels" yunits="pixels"/>
			</IconStyle>
			<LineStyle>
				<color>ffffff55</color>
				<width>3</width>
			</LineStyle>
			<PolyStyle>
				<fill>0</fill>
			</PolyStyle>
		</Style>
		<Style id="s_ylw-pushpin_hl87">
			<IconStyle>
				<scale>1.3</scale>
				<Icon>
					<href>http://maps.google.com/mapfiles/kml/pushpin/ylw-pushpin.png</href>
				</Icon>
				<hotSpot x="20" y="2" xunits="pixels" yunits="pixels"/>
			</IconStyle>
			<LineStyle>
				<color>ffffff55</color>
				<width>3</width>
			</LineStyle>
			<PolyStyle>
				<fill>0</fill>
			</PolyStyle>
		</Style>
		<Placemark>
			<name>Ward No.87.kml</name>
			<styleUrl>#m_ylw-pushpin87</styleUrl>
			<Polygon>
				<tessellate>1</tessellate>
				<outerBoundaryIs>
					<LinearRing>
						<coordinates>
							75.84945564145038,30.93086982321026,0 75.84950428667386,30.93116740559603,0 75.85061460737626,30.9326748740063,0 75.85174071568565,30.93474440646334,0 75.85248518472318,30.9365928177434,0 75.85112189806819,30.93685029977683,0 75.85075925472789,30.93683681107519,0 75.8490637526357,30.93677372976872,0 75.84635011422114,30.93680448318883,0 75.84547296705325,30.93679936966055,0 75.84050962646228,30.93677032502393,0 75.83733821823741,30.93679090408272,0 75.83850381303094,30.93537346887174,0 75.84014762590218,30.9332224252851,0 75.84173533462315,30.93115072118625,0 75.84249048704129,30.93018282304486,0 75.84266956206889,30.92993254044219,0 75.8439776753346,30.92810422234583,0 75.84468726718303,30.92841180525981,0 75.84509427586525,30.92854832712851,0 75.8464438215014,30.92868620342802,0 75.84733096218727,30.92883838131631,0 75.84865996051668,30.92911931193294,0 75.84940161917632,30.9292528008077,0 75.84945564145038,30.93086982321026,0 
						</coordinates>
					</LinearRing>
				</outerBoundaryIs>
			</Polygon>
		</Placemark>
	</Document>
	<Document>
		<name>Ward No.88.kml</name>
		<StyleMap id="m_ylw-pushpin88">
			<Pair>
				<key>normal</key>
				<styleUrl>#s_ylw-pushpin88</styleUrl>
			</Pair>
			<Pair>
				<key>highlight</key>
				<styleUrl>#s_ylw-pushpin_hl88</styleUrl>
			</Pair>
		</StyleMap>
		<Style id="s_ylw-pushpin88">
			<IconStyle>
				<scale>1.1</scale>
				<Icon>
					<href>http://maps.google.com/mapfiles/kml/pushpin/ylw-pushpin.png</href>
				</Icon>
				<hotSpot x="20" y="2" xunits="pixels" yunits="pixels"/>
			</IconStyle>
			<LineStyle>
				<color>ffffff55</color>
				<width>3</width>
			</LineStyle>
			<PolyStyle>
				<fill>0</fill>
			</PolyStyle>
		</Style>
		<Style id="s_ylw-pushpin_hl88">
			<IconStyle>
				<scale>1.3</scale>
				<Icon>
					<href>http://maps.google.com/mapfiles/kml/pushpin/ylw-pushpin.png</href>
				</Icon>
				<hotSpot x="20" y="2" xunits="pixels" yunits="pixels"/>
			</IconStyle>
			<LineStyle>
				<color>ffffff55</color>
				<width>3</width>
			</LineStyle>
			<PolyStyle>
				<fill>0</fill>
			</PolyStyle>
		</Style>
		<Placemark>
			<name>Ward No.88.kml</name>
			<styleUrl>#m_ylw-pushpin88</styleUrl>
			<Polygon>
				<tessellate>1</tessellate>
				<outerBoundaryIs>
					<LinearRing>
						<coordinates>
							75.86033895496824,30.93422742886441,0 75.86052986366157,30.9345796848647,0 75.86054695347886,30.93463614519958,0 75.85733985972961,30.93542152077238,0 75.85726776369856,30.93543917523925,0 75.85279569987861,30.93653416881747,0 75.85248518472318,30.9365928177434,0 75.85174071568565,30.93474440646334,0 75.85061460737626,30.9326748740063,0 75.84950428667386,30.93116740559603,0 75.84945564145038,30.93086982321026,0 75.84940161917632,30.9292528008077,0 75.84954717391385,30.92927899821434,0 75.85084963802495,30.92951870150322,0 75.85267167785452,30.92979258362041,0 75.8541929251691,30.93009852021683,0 75.85491864435429,30.93025171226665,0 75.85522451423776,30.93029859156046,0 75.85563525651843,30.93024618448928,0 75.85602720367945,30.93015895313037,0 75.85622275924702,30.93006614857437,0 75.85653365044044,30.92989269329989,0 75.85697005534747,30.92946131145736,0 75.85736958938715,30.92887714064846,0 75.85779659108951,30.92818872407283,0 75.85820184927402,30.92745148044153,0 75.85954631651101,30.92534294776263,0 75.86009628907311,30.92491080054328,0 75.86014803689331,30.92486379734164,0 75.86020060984579,30.9249405316981,0 75.86025369583334,30.92504442130944,0 75.86053916160888,30.92587134857439,0 75.8605965320213,30.92613517026993,0 75.8604900420325,30.92652879776431,0 75.86045655216157,30.92673796974653,0 75.86042487698299,30.92714972863016,0 75.86037477020635,30.92747777526805,0 75.86006029150161,30.92839441820918,0 75.86001093319837,30.92880629453246,0 75.86001563272301,30.93031908248232,0 75.85998159313232,30.93067204364368,0 75.86017912534217,30.93086241038942,0 75.86050481071644,30.93128100363172,0 75.86067245915264,30.93144699825841,0 75.86087869268901,30.93166943394872,0 75.86101087165723,30.93174017258064,0 75.86128558796125,30.93187859631465,0 75.86173648707134,30.93220344814811,0 75.86162238873462,30.93237768363167,0 75.86150984387223,30.9325664328074,0 75.86137604776587,30.93270160940151,0 75.86127649226559,30.932794780169,0 75.86117331454582,30.93287007029895,0 75.86110158481108,30.93297797616824,0 75.86098681689859,30.93313248126167,0 75.86097814766808,30.93315159237489,0 75.86083521381039,30.93348025812317,0 75.86048566671087,30.93344447872846,0 75.86005682767852,30.93343971056067,0 75.86033895496824,30.93422742886441,0 
						</coordinates>
					</LinearRing>
				</outerBoundaryIs>
			</Polygon>
		</Placemark>
	</Document>
	<Document>
		<name>Ward No.89.kml</name>
		<StyleMap id="m_ylw-pushpin89">
			<Pair>
				<key>normal</key>
				<styleUrl>#s_ylw-pushpin89</styleUrl>
			</Pair>
			<Pair>
				<key>highlight</key>
				<styleUrl>#s_ylw-pushpin_hl89</styleUrl>
			</Pair>
		</StyleMap>
		<Style id="s_ylw-pushpin89">
			<IconStyle>
				<scale>1.1</scale>
				<Icon>
					<href>http://maps.google.com/mapfiles/kml/pushpin/ylw-pushpin.png</href>
				</Icon>
				<hotSpot x="20" y="2" xunits="pixels" yunits="pixels"/>
			</IconStyle>
			<LineStyle>
				<color>ffffff55</color>
				<width>3</width>
			</LineStyle>
			<PolyStyle>
				<fill>0</fill>
			</PolyStyle>
		</Style>
		<Style id="s_ylw-pushpin_hl89">
			<IconStyle>
				<scale>1.3</scale>
				<Icon>
					<href>http://maps.google.com/mapfiles/kml/pushpin/ylw-pushpin.png</href>
				</Icon>
				<hotSpot x="20" y="2" xunits="pixels" yunits="pixels"/>
			</IconStyle>
			<LineStyle>
				<color>ffffff55</color>
				<width>3</width>
			</LineStyle>
			<PolyStyle>
				<fill>0</fill>
			</PolyStyle>
		</Style>
		<Placemark>
			<name>Ward No.89.kml</name>
			<styleUrl>#m_ylw-pushpin89</styleUrl>
			<Polygon>
				<tessellate>1</tessellate>
				<outerBoundaryIs>
					<LinearRing>
						<coordinates>
							75.83733821823741,30.93679090408272,0 75.83697140378932,30.93721502366139,0 75.83500490673858,30.93976552342801,0 75.83498399746345,30.93979264145784,0 75.83254145316906,30.93713988297793,0 75.83183894215547,30.93640232951413,0 75.83181939438855,30.93638180646945,0 75.83181930119612,30.93638191350054,0 75.83176064975621,30.93632094613689,0 75.83173480951936,30.93634678877519,0 75.83112410289353,30.9370670765134,0 75.83091653884846,30.93730848638045,0 75.83066872103328,30.93749944090523,0 75.83034570190611,30.93781511022916,0 75.83009969226754,30.93806305929508,0 75.82980298803159,30.93834189072045,0 75.82954644220541,30.93865293106304,0 75.82919784728362,30.93908106151597,0 75.82904439042383,30.9392711197599,0 75.82885647275209,30.93957598910945,0 75.82839743121673,30.93927335712376,0 75.82783353747813,30.93888736197937,0 75.82717152921518,30.93842615801257,0 75.82805553003381,30.93757128431236,0 75.8297045510828,30.9359565173816,0 75.82941209937135,30.93569330494315,0 75.83312572387896,30.93203153963691,0 75.83768347780284,30.92761173374742,0 75.83775809361184,30.9275393716237,0 75.83813183266379,30.92778255941256,0 75.83826377973095,30.92790207711314,0 75.83825764555772,30.92819928675612,0 75.83823937290532,30.92860566247956,0 75.83827719935441,30.92894020364556,0 75.83833244674017,30.92927086905215,0 75.83836125202427,30.92957161378396,0 75.8385002776386,30.92955740726374,0 75.84044494247351,30.92957153196558,0 75.84115796555446,30.92949556353122,0 75.84205981163552,30.92972152145331,0 75.84266956206889,30.92993254044219,0 75.84249048704129,30.93018282304486,0 75.84173533462315,30.93115072118625,0 75.84014762590218,30.9332224252851,0 75.83850381303094,30.93537346887174,0 75.83733821823741,30.93679090408272,0 
						</coordinates>
					</LinearRing>
				</outerBoundaryIs>
			</Polygon>
		</Placemark>
	</Document>
	<Document>
		<name>Ward No.90.kml</name>
		<StyleMap id="m_ylw-pushpin90">
			<Pair>
				<key>normal</key>
				<styleUrl>#s_ylw-pushpin90</styleUrl>
			</Pair>
			<Pair>
				<key>highlight</key>
				<styleUrl>#s_ylw-pushpin_hl90</styleUrl>
			</Pair>
		</StyleMap>
		<Style id="s_ylw-pushpin90">
			<IconStyle>
				<scale>1.1</scale>
				<Icon>
					<href>http://maps.google.com/mapfiles/kml/pushpin/ylw-pushpin.png</href>
				</Icon>
				<hotSpot x="20" y="2" xunits="pixels" yunits="pixels"/>
			</IconStyle>
			<LineStyle>
				<color>ffffff55</color>
				<width>3</width>
			</LineStyle>
			<PolyStyle>
				<fill>0</fill>
			</PolyStyle>
		</Style>
		<Style id="s_ylw-pushpin_hl90">
			<IconStyle>
				<scale>1.3</scale>
				<Icon>
					<href>http://maps.google.com/mapfiles/kml/pushpin/ylw-pushpin.png</href>
				</Icon>
				<hotSpot x="20" y="2" xunits="pixels" yunits="pixels"/>
			</IconStyle>
			<LineStyle>
				<color>ffffff55</color>
				<width>3</width>
			</LineStyle>
			<PolyStyle>
				<fill>0</fill>
			</PolyStyle>
		</Style>
		<Placemark>
			<name>Ward No.90.kml</name>
			<styleUrl>#m_ylw-pushpin90</styleUrl>
			<Polygon>
				<tessellate>1</tessellate>
				<outerBoundaryIs>
					<LinearRing>
						<coordinates>
							75.84341068136833,30.92131947165736,0 75.8433459709283,30.92142993461523,0 75.8431836119594,30.92167830110956,0 75.84301525550448,30.92192368202248,0 75.8428409753555,30.92216596973431,0 75.84264744438048,30.92242241872893,0 75.84244727709704,30.92267505355098,0 75.84224057455744,30.92292374659402,0 75.84202744111735,30.92316837224146,0 75.84180798438324,30.92340880693048,0 75.83976201376396,30.92553292558934,0 75.83775809361184,30.9275393716237,0 75.83765728548707,30.9274941545611,0 75.83755994223843,30.92744360939874,0 75.8374664423135,30.92738793264682,0 75.83737714921591,30.92732734076584,0 75.83729241009209,30.92726206932504,0 75.83721255438142,30.92719237208642,0 75.83713789253567,30.92711852001808,0 75.83706871481191,30.92704080024058,0 75.83691822622626,30.92677518735001,0 75.83674669947789,30.92642776383032,0 75.8367134879316,30.92639330100126,0 75.8364988534331,30.92608851032688,0 75.83624517176358,30.92575129809885,0 75.83603050603227,30.92551870759159,0 75.83600565606483,30.92548410057919,0 75.8359267914405,30.92540633337813,0 75.83579375491922,30.92527514793562,0 75.83545921844726,30.92499103662297,0 75.83509521534393,30.92471403221276,0 75.83415231059641,30.92391371914867,0 75.83363766293353,30.92347010142844,0 75.83327292930379,30.92317011347995,0 75.8330997224415,30.92297733779694,0 75.8329766373317,30.92284996515911,0 75.83284954167935,30.92269961439757,0 75.83274153357719,30.92255242677487,0 75.83263713807337,30.92238221086381,0 75.83320733340763,30.9220669860039,0 75.83364848839754,30.92104953879044,0 75.83362942374156,30.92069185492332,0 75.83405549361427,30.92075115498585,0 75.83458179448121,30.92078226577459,0 75.83467022204341,30.92075951245457,0 75.83473883044951,30.92075906963035,0 75.83556245797783,30.920790721101,0 75.83622849284062,30.920781486991,0 75.83646275600051,30.92076271933226,0 75.83735675661423,30.9206682036595,0 75.8385389873519,30.92051512449677,0 75.8393100601449,30.92042139264373,0 75.83970973825751,30.92035718079454,0 75.83989535881565,30.92033379280461,0 75.84014965188994,30.92031735255484,0 75.8405896741624,30.92028984618833,0 75.8407209794012,30.92026681004565,0 75.84082363325979,30.92023656566611,0 75.84094331030408,30.92019142283667,0 75.84099596508041,30.92041295519176,0 75.84110325973948,30.92041225741152,0 75.84113188867988,30.92051949980612,0 75.84117915506415,30.92077881147073,0 75.84145266277321,30.92078598454714,0 75.84172999745945,30.92083490991757,0 75.84207033862499,30.92096399587899,0 75.84234470980662,30.92106963762813,0 75.84260122655499,30.92111272845508,0 75.8429475500661,30.92113434453896,0 75.8431449398694,30.92114499427508,0 75.84341068136833,30.92131947165736,0 
						</coordinates>
					</LinearRing>
				</outerBoundaryIs>
			</Polygon>
		</Placemark>
	</Document>
	<Document>
		<name>Ward No.91.kml</name>
		<StyleMap id="m_ylw-pushpin91">
			<Pair>
				<key>normal</key>
				<styleUrl>#s_ylw-pushpin91</styleUrl>
			</Pair>
			<Pair>
				<key>highlight</key>
				<styleUrl>#s_ylw-pushpin_hl91</styleUrl>
			</Pair>
		</StyleMap>
		<Style id="s_ylw-pushpin91">
			<IconStyle>
				<scale>1.1</scale>
				<Icon>
					<href>http://maps.google.com/mapfiles/kml/pushpin/ylw-pushpin.png</href>
				</Icon>
				<hotSpot x="20" y="2" xunits="pixels" yunits="pixels"/>
			</IconStyle>
			<LineStyle>
				<color>ffffff55</color>
				<width>3</width>
			</LineStyle>
			<PolyStyle>
				<fill>0</fill>
			</PolyStyle>
		</Style>
		<Style id="s_ylw-pushpin_hl91">
			<IconStyle>
				<scale>1.3</scale>
				<Icon>
					<href>http://maps.google.com/mapfiles/kml/pushpin/ylw-pushpin.png</href>
				</Icon>
				<hotSpot x="20" y="2" xunits="pixels" yunits="pixels"/>
			</IconStyle>
			<LineStyle>
				<color>ffffff55</color>
				<width>3</width>
			</LineStyle>
			<PolyStyle>
				<fill>0</fill>
			</PolyStyle>
		</Style>
		<Placemark>
			<name>Ward No.91.kml</name>
			<styleUrl>#m_ylw-pushpin91</styleUrl>
			<Polygon>
				<tessellate>1</tessellate>
				<outerBoundaryIs>
					<LinearRing>
						<coordinates>
							75.82734175582996,30.936173434555,0 75.82667103695682,30.93611565510585,0 75.82584589157669,30.93613525231315,0 75.82568062849563,30.93585875861128,0 75.8256042390725,30.9357309545194,0 75.82534096717849,30.93538886407202,0 75.82496979783795,30.93473711236281,0 75.8247569523577,30.9344615433012,0 75.82449442455055,30.93420538911287,0 75.8237127155831,30.93347508260641,0 75.82310571306537,30.93293225599989,0 75.82289958829639,30.93271274253164,0 75.82260003286447,30.93248212431143,0 75.82246393033832,30.93235916909433,0 75.82240385278402,30.93230489621955,0 75.82235028061183,30.93225649811323,0 75.82233131216222,30.93223936141694,0 75.82228982153055,30.93220187916272,0 75.82226354172876,30.93217813738462,0 75.82222333401128,30.93214181357297,0 75.82220240216465,30.93211992989238,0 75.8221845505181,30.93209433586446,0 75.82217140849824,30.93206670394486,0 75.82216328017108,30.93203767346,0 75.82216034817462,30.93200768908587,0 75.82216056835138,30.93199747849173,0 75.82216231399205,30.93196379839241,0 75.82218565873411,30.93190814484587,0 75.82218335776727,30.93174312101104,0 75.82218235780135,30.93167141274211,0 75.82218207084171,30.93165081521621,0 75.82218095889276,30.93157101582228,0 75.82218019035696,30.93151595040613,0 75.82217796272785,30.93135617480148,0 75.82217760233954,30.93133031390885,0 75.82217685122451,30.93127642600427,0 75.82217596817976,30.93121312261794,0 75.82217508545619,30.93114981922895,0 75.82217431805233,30.93109477277814,0 75.82217316679481,30.93101220365208,0 75.82217253446579,30.93096682787789,0 75.82217220730024,30.93094339490102,0 75.82217067187543,30.93083330282435,0 75.82216990480232,30.93077825664377,0 75.82216943004293,30.93074417373069,0 75.82216894659246,30.93070944788201,0 75.82216844557412,30.93067352636918,0 75.82216895388426,30.93066358263289,0 75.8221694525772,30.93065434190219,0 75.82217137568769,30.93062197910124,0 75.82217774997756,30.93053768918609,0 75.82218680904103,30.93044693001445,0 75.82219445164023,30.93038391425461,0 75.82220271010698,30.93034440471677,0 75.82220565940747,30.93033201292898,0 75.82220697468649,30.93032670992999,0 75.82224237368933,30.93021470757275,0 75.82225964829564,30.93017252830523,0 75.82229560151264,30.93009849708911,0 75.82231472134518,30.93006440891767,0 75.82231559206751,30.93006292901177,0 75.82232920001668,30.93004043047397,0 75.8223481726811,30.93001103063056,0 75.82240346185094,30.92993563937957,0 75.82240368250625,30.92993536543386,0 75.82241814178973,30.92991769957853,0 75.82246596805598,30.92986406096872,0 75.82246731023486,30.92986264846744,0 75.8224774437042,30.92985048626821,0 75.82248819623217,30.92983800606048,0 75.82271439946494,30.92953226213021,0 75.8227549224259,30.92947748978296,0 75.82288351126635,30.92930368306701,0 75.82313490269608,30.92896388908197,0 75.82317529271437,30.92890929428627,0 75.82332596105114,30.92870564138453,0 75.82349836243365,30.92847261224488,0 75.82372206655566,30.92782593122294,0 75.82357320982771,30.92742103773956,0 75.82382474540071,30.92445917707195,0 75.8264559321742,30.92451400684164,0 75.82658268105175,30.9231524330054,0 75.82588981967386,30.92308524055409,0 75.82598211619234,30.92093607574135,0 75.82484296658714,30.92048975800361,0 75.82511084162202,30.91943763428005,0 75.82699942831515,30.92009401719196,0 75.82703556356788,30.91968441897194,0 75.8280063348856,30.92008245522255,0 75.8280752281859,30.9201077981205,0 75.82809890125407,30.92012040928319,0 75.82940670325601,30.92081707876722,0 75.8298389484987,30.92102652510532,0 75.83017536320808,30.92113938600672,0 75.8304020883397,30.92120893054666,0 75.83042658616014,30.9212185748648,0 75.83119289207282,30.92155349622646,0 75.83143427660563,30.92169654158765,0 75.8315835845676,30.92177116627271,0 75.83175186568056,30.92183581020339,0 75.83190120253927,30.92191372051236,0 75.83203506502483,30.92196544018877,0 75.83216130492248,30.92201720877493,0 75.83229923530992,30.92209847902188,0 75.83242194857502,30.92218313215286,0 75.83253331189067,30.9222777176069,0 75.83263713807337,30.92238221086381,0 75.83274153357719,30.92255242677487,0 75.83284954167935,30.92269961439757,0 75.8329766373317,30.92284996515911,0 75.8330997224415,30.92297733779694,0 75.83327292930379,30.92317011347995,0 75.83363766293353,30.92347010142844,0 75.83415231059641,30.92391371914867,0 75.83509521534393,30.92471403221276,0 75.83545921844726,30.92499103662297,0 75.83579375491922,30.92527514793562,0 75.8359267914405,30.92540633337813,0 75.83600565606483,30.92548410057919,0 75.83603050603227,30.92551870759159,0 75.83624517176358,30.92575129809885,0 75.8364988534331,30.92608851032688,0 75.8367134879316,30.92639330100126,0 75.83674669947789,30.92642776383032,0 75.83691822622626,30.92677518735001,0 75.83706871481191,30.92704080024058,0 75.8371378925354,30.92711852001828,0 75.83721255438098,30.92719237208683,0 75.83729241009155,30.92726206932559,0 75.83737714921538,30.92732734076641,0 75.83746644231302,30.92738793264737,0 75.83755994223807,30.92744360939918,0 75.83765728548688,30.92749415456134,0 75.83775809361184,30.9275393716237,0 75.83768347780284,30.92761173374742,0 75.83312572387896,30.93203153963691,0 75.82998142126908,30.93513195768766,0 75.82993931706329,30.93517347254033,0 75.82941209937132,30.93569330494311,0 75.82916752089288,30.93560788451403,0 75.82900293499345,30.93547047654181,0 75.82873666678245,30.93542443758196,0 75.82856570916849,30.93551147611255,0 75.82816820033574,30.93566203562128,0 75.82761610034296,30.93587087881264,0 75.82734175582996,30.936173434555,0 
						</coordinates>
					</LinearRing>
				</outerBoundaryIs>
			</Polygon>
		</Placemark>
	</Document>
	<Document>
		<name>Ward No.92.kml</name>
		<StyleMap id="m_ylw-pushpin92">
			<Pair>
				<key>normal</key>
				<styleUrl>#s_ylw-pushpin92</styleUrl>
			</Pair>
			<Pair>
				<key>highlight</key>
				<styleUrl>#s_ylw-pushpin_hl92</styleUrl>
			</Pair>
		</StyleMap>
		<Style id="s_ylw-pushpin92">
			<IconStyle>
				<scale>1.1</scale>
				<Icon>
					<href>http://maps.google.com/mapfiles/kml/pushpin/ylw-pushpin.png</href>
				</Icon>
				<hotSpot x="20" y="2" xunits="pixels" yunits="pixels"/>
			</IconStyle>
			<LineStyle>
				<color>ffffff55</color>
				<width>3</width>
			</LineStyle>
			<PolyStyle>
				<fill>0</fill>
			</PolyStyle>
		</Style>
		<Style id="s_ylw-pushpin_hl92">
			<IconStyle>
				<scale>1.3</scale>
				<Icon>
					<href>http://maps.google.com/mapfiles/kml/pushpin/ylw-pushpin.png</href>
				</Icon>
				<hotSpot x="20" y="2" xunits="pixels" yunits="pixels"/>
			</IconStyle>
			<LineStyle>
				<color>ffffff55</color>
				<width>3</width>
			</LineStyle>
			<PolyStyle>
				<fill>0</fill>
			</PolyStyle>
		</Style>
		<Placemark>
			<name>Ward No.92.kml</name>
			<styleUrl>#m_ylw-pushpin92</styleUrl>
			<Polygon>
				<tessellate>1</tessellate>
				<outerBoundaryIs>
					<LinearRing>
						<coordinates>
							75.82031212471853,30.92851217583511,0 75.8201685770251,30.92851400497793,0 75.8201227403911,30.92851458887439,0 75.82007132466215,30.92851524416531,0 75.81997718019637,30.92851644404494,0 75.81991337929117,30.92851697759892,0 75.8198263121769,30.92851752332784,0 75.8197604145756,30.92851793561626,0 75.81968134364325,30.92851843055382,0 75.81965536160682,30.9285185936039,0 75.81957963225921,30.92851906812228,0 75.81947512766159,30.92851972331279,0 75.81933156689171,30.92852062232494,0 75.81926776163597,30.92852102110432,0 75.81912420085671,30.9285219198863,0 75.81861363373372,30.92852511416332,0 75.81845732641939,30.92852609207551,0 75.81831291768481,30.92852699504896,0 75.81807365517331,30.92852849112894,0 75.81796670757311,30.92852915945626,0 75.81786245716276,30.92852981091034,0 75.81777265834151,30.92853037170946,0 75.81770885625157,30.92853077052462,0 75.81759327219673,30.92853149233334,0 75.81748626492869,30.92853216091557,0 75.81736834893555,30.92853289726603,0 75.81723946456437,30.92853370200689,0 75.81715439435145,30.92853423331575,0 75.81704196269619,30.92853493553489,0 75.81702642999059,30.92853503285526,0 75.81696792242303,30.92853539812589,0 75.81685569077068,30.92853609809436,0 75.81671614871472,30.92853696881536,0 75.81671177387236,30.92853699644753,0 75.8167117727051,30.92853712186295,0 75.81667595935355,30.92853837662612,0 75.81667609641255,30.92846865492939,0 75.8166787264075,30.92713446417735,0 75.81668124295119,30.92585820609449,0 75.81668124268245,30.92585817446913,0 75.81668624532361,30.92506976941679,0 75.8166768065482,30.92471978386278,0 75.81665984075076,30.92461704286253,0 75.81665728951754,30.92409337823574,0 75.81665587322362,30.9238026523173,0 75.81664929516852,30.92266582047758,0 75.81664875354572,30.92260207364362,0 75.81662608145439,30.92247206045591,0 75.81660551953429,30.92222781596146,0 75.81657541358648,30.92086003973253,0 75.81655572761707,30.92056266550527,0 75.81683260332196,30.92045782596839,0 75.81713972332399,30.92034255280378,0 75.81732376079198,30.92024576497721,0 75.81747514603222,30.92017397478957,0 75.81767144499702,30.92007002532856,0 75.81784720620358,30.91996620627839,0 75.81811312499889,30.9198370243687,0 75.81835059109848,30.91974343877951,0 75.81867128881989,30.91963870141354,0 75.81921074919379,30.91808415059959,0 75.81941436092596,30.91750432315422,0 75.81942465699936,30.91747500205089,0 75.81944417964257,30.91738244800644,0 75.81946576298863,30.91729023474558,0 75.81946795277925,30.91728180971867,0 75.81947035929271,30.91727265177051,0 75.81949526411552,30.91727393038679,0 75.81949630381952,30.91727398320276,0 75.81950413322656,30.91727438489729,0 75.81986972908737,30.91729315152381,0 75.8205631529091,30.91738258315746,0 75.82060962096466,30.91738667513967,0 75.82121127050847,30.91750106809891,0 75.82217536330177,30.91768436588081,0 75.82379318280884,30.9179931947061,0 75.82385362936103,30.91801590374429,0 75.82441208149152,30.91822570507794,0 75.82482024649475,30.91841005614494,0 75.82507888962658,30.91854277978163,0 75.82523446155867,30.91865603426381,0 75.82526982276651,30.91868177717939,0 75.82528745693928,30.91870174260144,0 75.82530895077382,30.91872607817513,0 75.8254404337893,30.91884628126021,0 75.82547887425146,30.91890214118737,0 75.82557698799822,30.91899648028975,0 75.8256800613548,30.91908680307533,0 75.82578787339561,30.91917291593656,0 75.82590019303579,30.91925463428943,0 75.82601677952648,30.91933178296921,0 75.82629941473154,30.91944547501554,0 75.82703556356788,30.91968441897194,0 75.82699942831515,30.92009401719196,0 75.82511084162202,30.91943763428007,0 75.82484296658713,30.92048975800362,0 75.82598211619234,30.92093607574136,0 75.82588981967386,30.92308524055411,0 75.82658268105175,30.92315243300539,0 75.82645593217417,30.92451400684164,0 75.82382474540071,30.92445917707191,0 75.8235732098277,30.92742103773957,0 75.82033335104644,30.92744163205525,0 75.82031212471853,30.92851217583511,0 
						</coordinates>
					</LinearRing>
				</outerBoundaryIs>
			</Polygon>
		</Placemark>
	</Document>
	<Document>
		<name>Ward No.93.kml</name>
		<StyleMap id="m_ylw-pushpin93">
			<Pair>
				<key>normal</key>
				<styleUrl>#s_ylw-pushpin93</styleUrl>
			</Pair>
			<Pair>
				<key>highlight</key>
				<styleUrl>#s_ylw-pushpin_hl93</styleUrl>
			</Pair>
		</StyleMap>
		<Style id="s_ylw-pushpin93">
			<IconStyle>
				<scale>1.1</scale>
				<Icon>
					<href>http://maps.google.com/mapfiles/kml/pushpin/ylw-pushpin.png</href>
				</Icon>
				<hotSpot x="20" y="2" xunits="pixels" yunits="pixels"/>
			</IconStyle>
			<LineStyle>
				<color>ffffff55</color>
				<width>3</width>
			</LineStyle>
			<PolyStyle>
				<fill>0</fill>
			</PolyStyle>
		</Style>
		<Style id="s_ylw-pushpin_hl93">
			<IconStyle>
				<scale>1.3</scale>
				<Icon>
					<href>http://maps.google.com/mapfiles/kml/pushpin/ylw-pushpin.png</href>
				</Icon>
				<hotSpot x="20" y="2" xunits="pixels" yunits="pixels"/>
			</IconStyle>
			<LineStyle>
				<color>ffffff55</color>
				<width>3</width>
			</LineStyle>
			<PolyStyle>
				<fill>0</fill>
			</PolyStyle>
		</Style>
		<Placemark>
			<name>Ward No.93.kml</name>
			<styleUrl>#m_ylw-pushpin93</styleUrl>
			<Polygon>
				<tessellate>1</tessellate>
				<outerBoundaryIs>
					<LinearRing>
						<coordinates>
							75.80886806174489,30.92337405310851,0 75.81083705265037,30.9226595125891,0 75.81365884091663,30.9216324151946,0 75.81591945286462,30.92080358932862,0 75.81655572761707,30.92056266550527,0 75.81657541358648,30.92086003973253,0 75.81660551953429,30.92222781596146,0 75.81662608145439,30.92247206045591,0 75.81664875354572,30.92260207364362,0 75.81664929516852,30.92266582047758,0 75.81665587322362,30.9238026523173,0 75.81665728951754,30.92409337823574,0 75.81665984075076,30.92461704286253,0 75.8166768065482,30.92471978386278,0 75.81668624532361,30.92506976941679,0 75.81668124268245,30.92585817446913,0 75.81668124295119,30.92585820609449,0 75.8166787264075,30.92713446417735,0 75.81667609641255,30.92846865492939,0 75.81667595935355,30.92853837662612,0 75.81667310883024,30.9299842575421,0 75.81667210646906,30.9304926473892,0 75.81667378390509,30.93089025749335,0 75.816676510942,30.93121110134238,0 75.8166883231751,30.93260078548679,0 75.81669046804987,30.93285311507029,0 75.81671264596133,30.93292469321855,0 75.81671912489716,30.93296184015808,0 75.81673090962455,30.93362316926671,0 75.81673427747604,30.93546923571407,0 75.81674329652832,30.9360857168052,0 75.81675634877676,30.93697784092386,0 75.81677746243466,30.938736138064,0 75.81677697069856,30.93881901541704,0 75.81677615384982,30.93895682511602,0 75.81678825116528,30.94068645699051,0 75.81678986557817,30.94091726814202,0 75.81676432808972,30.9408894728963,0 75.81670839287024,30.94082859261181,0 75.81665294399926,30.9407682405626,0 75.81611087095922,30.94017823853635,0 75.81596406652609,30.9400184514725,0 75.81560106258993,30.93962334222425,0 75.8148860787712,30.93884510914368,0 75.8145299680555,30.93845748929194,0 75.81392643362994,30.93780054413723,0 75.81392263341978,30.9377964064991,0 75.81387374535387,30.93774318241374,0 75.81241194839284,30.93622663797746,0 75.81198494020497,30.93578362518609,0 75.81157600790044,30.93538384323697,0 75.81155203660452,30.93539523450014,0 75.81154844580189,30.93539694069711,0 75.81153198222366,30.93537890360496,0 75.8115140308894,30.93535923619417,0 75.81142273443662,30.93525921575624,0 75.81110497763646,30.93491108637758,0 75.81081871226598,30.93459745738352,0 75.81062707657823,30.93438749995879,0 75.81051100102347,30.93426032549646,0 75.81049558775422,30.93423785774687,0 75.81048195930703,30.93421801072574,0 75.81045233588479,30.93416475196706,0 75.81043068899905,30.93410871200227,0 75.81041736014467,30.93405077645186,0 75.81041256086095,30.93399185650118,0 75.8104131793901,30.9339657864513,0 75.81041329552055,30.93396056698844,0 75.81041339899355,30.93395668364068,0 75.81041513454709,30.93389117290789,0 75.81042088437783,30.93367416168606,0 75.81042335978684,30.93358073944539,0 75.81042581559943,30.93348805794881,0 75.81042566589991,30.93348744449768,0 75.81040800988293,30.93341485589439,0 75.81040666639699,30.93340933233478,0 75.81039171394592,30.93338262365732,0 75.81036243372066,30.93334459787108,0 75.81032629308675,30.93331124582186,0 75.81028427692141,30.93328347576558,0 75.81028001604749,30.93328115491735,0 75.81014352117992,30.93320526876441,0 75.81005859185929,30.93227505377041,0 75.8101552141265,30.93223863887641,0 75.81013397940313,30.9297201629087,0 75.81032782232592,30.92971894826054,0 75.81036845402944,30.92961126477897,0 75.81101951351957,30.92964299234039,0 75.81098753560917,30.92749461589796,0 75.81057126135117,30.92738979711761,0 75.81001713616659,30.92735745993273,0 75.8099450914581,30.92702368795388,0 75.80966818096138,30.92702542212017,0 75.80962315651949,30.92825516788358,0 75.80873672942464,30.92822490547305,0 75.80873371587185,30.92786682812105,0 75.80867783105239,30.92780749488416,0 75.80865163141834,30.92633946361361,0 75.80841635942424,30.9263528712898,0 75.8084573828033,30.9246456885061,0 75.80892791835288,30.92461887271702,0 75.80886806174489,30.92337405310851,0 
						</coordinates>
					</LinearRing>
				</outerBoundaryIs>
			</Polygon>
		</Placemark>
	</Document>
	<Document>
		<name>Ward No.94 A.kml</name>
		<StyleMap id="m_ylw-pushpin94">
			<Pair>
				<key>normal</key>
				<styleUrl>#s_ylw-pushpin94</styleUrl>
			</Pair>
			<Pair>
				<key>highlight</key>
				<styleUrl>#s_ylw-pushpin_hl94</styleUrl>
			</Pair>
		</StyleMap>
		<Style id="s_ylw-pushpin94">
			<IconStyle>
				<scale>1.1</scale>
				<Icon>
					<href>http://maps.google.com/mapfiles/kml/pushpin/ylw-pushpin.png</href>
				</Icon>
				<hotSpot x="20" y="2" xunits="pixels" yunits="pixels"/>
			</IconStyle>
			<LineStyle>
				<color>ffffff55</color>
				<width>3</width>
			</LineStyle>
			<PolyStyle>
				<fill>0</fill>
			</PolyStyle>
		</Style>
		<Style id="s_ylw-pushpin_hl94">
			<IconStyle>
				<scale>1.3</scale>
				<Icon>
					<href>http://maps.google.com/mapfiles/kml/pushpin/ylw-pushpin.png</href>
				</Icon>
				<hotSpot x="20" y="2" xunits="pixels" yunits="pixels"/>
			</IconStyle>
			<LineStyle>
				<color>ffffff55</color>
				<width>3</width>
			</LineStyle>
			<PolyStyle>
				<fill>0</fill>
			</PolyStyle>
		</Style>
		<Placemark>
			<name>Ward No.94 A.kml</name>
			<styleUrl>#m_ylw-pushpin94</styleUrl>
			<Polygon>
				<tessellate>1</tessellate>
				<outerBoundaryIs>
					<LinearRing>
						<coordinates>
							75.82103869017946,30.94483294917716,0 75.823410699205,30.94528338462063,0 75.82565748016427,30.94566295744074,0 75.82632404066396,30.94587355491178,0 75.82799755603293,30.94722360486656,0 75.82884781715066,30.94775006828097,0 75.82542064393772,30.95219375009758,0 75.82507404945488,30.95188663809556,0 75.82489536635998,30.9518775160968,0 75.82298143628681,30.95177979786016,0 75.82266802556886,30.9517637924282,0 75.82155021723642,30.9517067047235,0 75.8208715038237,30.95210562895731,0 75.81961151437685,30.95082566837261,0 75.81862508793648,30.95154317992497,0 75.81810770085637,30.95058926684974,0 75.81679603867849,30.94817084054015,0 75.81728682373432,30.9476716189041,0 75.81842253682802,30.94653997217867,0 75.82003219897722,30.94495421916408,0 75.8203219992847,30.94466807264614,0 75.82036235706121,30.94462665805445,0 75.82044946219412,30.9447393936631,0 75.82103869017946,30.94483294917716,0 
						</coordinates>
					</LinearRing>
				</outerBoundaryIs>
			</Polygon>
		</Placemark>
	</Document>
	<Document>
		<name>Ward No.94 D.kml</name>
		<StyleMap id="m_ylw-pushpin95">
			<Pair>
				<key>normal</key>
				<styleUrl>#s_ylw-pushpin95</styleUrl>
			</Pair>
			<Pair>
				<key>highlight</key>
				<styleUrl>#s_ylw-pushpin_hl95</styleUrl>
			</Pair>
		</StyleMap>
		<Style id="s_ylw-pushpin95">
			<IconStyle>
				<scale>1.1</scale>
				<Icon>
					<href>http://maps.google.com/mapfiles/kml/pushpin/ylw-pushpin.png</href>
				</Icon>
				<hotSpot x="20" y="2" xunits="pixels" yunits="pixels"/>
			</IconStyle>
			<LineStyle>
				<color>ffffff55</color>
				<width>3</width>
			</LineStyle>
			<PolyStyle>
				<fill>0</fill>
			</PolyStyle>
		</Style>
		<Style id="s_ylw-pushpin_hl95">
			<IconStyle>
				<scale>1.3</scale>
				<Icon>
					<href>http://maps.google.com/mapfiles/kml/pushpin/ylw-pushpin.png</href>
				</Icon>
				<hotSpot x="20" y="2" xunits="pixels" yunits="pixels"/>
			</IconStyle>
			<LineStyle>
				<color>ffffff55</color>
				<width>3</width>
			</LineStyle>
			<PolyStyle>
				<fill>0</fill>
			</PolyStyle>
		</Style>
		<Placemark>
			<name>Ward No.94 D.kml</name>
			<styleUrl>#m_ylw-pushpin95</styleUrl>
			<Polygon>
				<tessellate>1</tessellate>
				<outerBoundaryIs>
					<LinearRing>
						<coordinates>
							75.82036235706121,30.94462665805445,0 75.82015686670394,30.94454682017903,0 75.81979810236346,30.94421217765321,0 75.81923905555945,30.94369071008283,0 75.81887749264318,30.94334827873892,0 75.81824325821866,30.94268878188624,0 75.8181508653736,30.94259860939436,0 75.81783236220838,30.94224023417969,0 75.81760312427667,30.94186117169755,0 75.81757612932799,30.94181653416732,0 75.81747060603276,30.9416420411787,0 75.81746795419451,30.94164334392766,0 75.81744586475645,30.9416505221215,0 75.81743115500394,30.9416553017021,0 75.81741824375548,30.9416388165871,0 75.81732326492063,30.94151754245941,0 75.81681852627679,30.94094846321197,0 75.81678986557817,30.94091726814206,0 75.81678825116528,30.94068645699052,0 75.81677615384983,30.93895682511604,0 75.81677697069856,30.93881901541704,0 75.81677746243467,30.938736138064,0 75.81675634877676,30.9369778409239,0 75.81674329652833,30.93608571680524,0 75.81673427747604,30.93546923571408,0 75.81673090962457,30.93362316926671,0 75.81671912489716,30.93296184015808,0 75.81671264596133,30.93292469321856,0 75.81669046804988,30.9328531150703,0 75.81668832317511,30.93260078548681,0 75.816676510942,30.9312111013424,0 75.81667378390509,30.93089025749335,0 75.81667210646907,30.9304926473892,0 75.81667310883024,30.92998425754211,0 75.81667595935355,30.92853837662615,0 75.81671177270512,30.92853712186298,0 75.81671177387236,30.92853699644755,0 75.81671614871473,30.92853696881538,0 75.81685569077068,30.92853609809438,0 75.81696792242305,30.92853539812588,0 75.81702642999059,30.92853503285526,0 75.81704196269619,30.92853493553491,0 75.81715439435146,30.92853423331576,0 75.81723946456438,30.92853370200689,0 75.81736834893555,30.92853289726604,0 75.81748626492869,30.92853216091558,0 75.81759327219673,30.92853149233334,0 75.81770885625158,30.92853077052462,0 75.81777265834151,30.92853037170948,0 75.81786245716278,30.92852981091034,0 75.81796670757312,30.92852915945628,0 75.81807365517331,30.92852849112894,0 75.81831291768481,30.92852699504896,0 75.81845732641939,30.92852609207553,0 75.81861363373372,30.92852511416334,0 75.81912420085672,30.92852191988631,0 75.81926776163597,30.92852102110431,0 75.81933156689172,30.92852062232496,0 75.81947512766159,30.9285197233128,0 75.81957963225922,30.92851906812229,0 75.81965536160683,30.9285185936039,0 75.81968134364325,30.92851843055384,0 75.8197604145756,30.92851793561626,0 75.81982631217693,30.92851752332787,0 75.81991337929117,30.92851697759893,0 75.81997718019639,30.92851644404494,0 75.82007132466215,30.92851524416531,0 75.82012274039111,30.92851458887439,0 75.82016857702511,30.92851400497796,0 75.82031212471853,30.92851217583511,0 75.82033335104644,30.92744163205525,0 75.82357320982771,30.92742103773956,0 75.82372206655566,30.92782593122294,0 75.82349836243365,30.92847261224488,0 75.82332596105114,30.92870564138453,0 75.82317529271437,30.92890929428627,0 75.82313490269608,30.92896388908197,0 75.82288351126635,30.92930368306701,0 75.8227549224259,30.92947748978296,0 75.82271439946494,30.92953226213021,0 75.82248819623217,30.92983800606048,0 75.8224774437042,30.92985048626821,0 75.82246731023486,30.92986264846744,0 75.82246596805598,30.92986406096872,0 75.82241814178973,30.92991769957853,0 75.82240368250625,30.92993536543386,0 75.82240346185094,30.92993563937957,0 75.8223481726811,30.93001103063056,0 75.82232920001668,30.93004043047397,0 75.82231559206751,30.93006292901177,0 75.82231472134518,30.93006440891767,0 75.82229560151264,30.93009849708911,0 75.82225964829564,30.93017252830523,0 75.82224237368933,30.93021470757275,0 75.82220697468649,30.93032670992999,0 75.82220565940747,30.93033201292898,0 75.82220271010698,30.93034440471677,0 75.82219445164023,30.93038391425461,0 75.82218680904103,30.93044693001445,0 75.82217774997756,30.93053768918609,0 75.82217137568769,30.93062197910124,0 75.8221694525772,30.93065434190219,0 75.82216895388426,30.93066358263289,0 75.82216844557412,30.93067352636918,0 75.82216894659246,30.93070944788201,0 75.82216943004293,30.93074417373069,0 75.82216990480232,30.93077825664377,0 75.82217067187543,30.93083330282435,0 75.82217220730024,30.93094339490102,0 75.82217253446579,30.93096682787789,0 75.82217316679481,30.93101220365208,0 75.82217431805233,30.93109477277814,0 75.82217508545619,30.93114981922895,0 75.82217596817976,30.93121312261794,0 75.82217685122451,30.93127642600427,0 75.82217760233954,30.93133031390885,0 75.82217796272785,30.93135617480148,0 75.82218019035696,30.93151595040613,0 75.82218095889276,30.93157101582228,0 75.82218207084171,30.93165081521621,0 75.82218235780135,30.93167141274211,0 75.82218335776727,30.93174312101104,0 75.82218565873411,30.93190814484587,0 75.82216231399205,30.93196379839241,0 75.82216056835138,30.93199747849173,0 75.82216034817462,30.93200768908587,0 75.82216328017108,30.93203767346,0 75.82217140849824,30.93206670394486,0 75.8221845505181,30.93209433586446,0 75.82220240216465,30.93211992989238,0 75.82222333401128,30.93214181357297,0 75.82226354172876,30.93217813738462,0 75.82228982153055,30.93220187916272,0 75.82233131216222,30.93223936141694,0 75.82235028061183,30.93225649811323,0 75.82240385278402,30.93230489621955,0 75.82246393033832,30.93235916909433,0 75.82260003286447,30.93248212431143,0 75.82289958829639,30.93271274253164,0 75.82310571306537,30.93293225599989,0 75.8237127155831,30.93347508260641,0 75.82449442455055,30.93420538911287,0 75.8247569523577,30.9344615433012,0 75.82496979783795,30.93473711236281,0 75.82534096717849,30.93538886407202,0 75.8256042390725,30.9357309545194,0 75.82568062849563,30.93585875861128,0 75.82584589157669,30.93613525231315,0 75.82667103695682,30.93611565510585,0 75.82734175582996,30.936173434555,0 75.82761610034296,30.93587087881264,0 75.82816820033574,30.93566203562128,0 75.82856570916849,30.93551147611255,0 75.82873666678245,30.93542443758196,0 75.82900293499345,30.93547047654181,0 75.82916752089288,30.93560788451403,0 75.82941209937132,30.93569330494311,0 75.8297045510828,30.9359565173816,0 75.82805553003381,30.93757128431236,0 75.82607240640215,30.93948903624382,0 75.82478162667145,30.94076254651594,0 75.82351875373048,30.9420645138619,0 75.82102870882004,30.94451408871159,0 75.82103869017946,30.94483294917716,0 75.82044946219412,30.9447393936631,0 75.82036235706121,30.94462665805445,0 
						</coordinates>
					</LinearRing>
				</outerBoundaryIs>
			</Polygon>
		</Placemark>
	</Document>
	<Document>
		<name>Ward No.95.kml</name>
		<StyleMap id="m_ylw-pushpin96">
			<Pair>
				<key>normal</key>
				<styleUrl>#s_ylw-pushpin96</styleUrl>
			</Pair>
			<Pair>
				<key>highlight</key>
				<styleUrl>#s_ylw-pushpin_hl96</styleUrl>
			</Pair>
		</StyleMap>
		<Style id="s_ylw-pushpin96">
			<IconStyle>
				<scale>1.1</scale>
				<Icon>
					<href>http://maps.google.com/mapfiles/kml/pushpin/ylw-pushpin.png</href>
				</Icon>
				<hotSpot x="20" y="2" xunits="pixels" yunits="pixels"/>
			</IconStyle>
			<LineStyle>
				<color>ffffff55</color>
				<width>3</width>
			</LineStyle>
			<PolyStyle>
				<fill>0</fill>
			</PolyStyle>
		</Style>
		<Style id="s_ylw-pushpin_hl96">
			<IconStyle>
				<scale>1.3</scale>
				<Icon>
					<href>http://maps.google.com/mapfiles/kml/pushpin/ylw-pushpin.png</href>
				</Icon>
				<hotSpot x="20" y="2" xunits="pixels" yunits="pixels"/>
			</IconStyle>
			<LineStyle>
				<color>ffffff55</color>
				<width>3</width>
			</LineStyle>
			<PolyStyle>
				<fill>0</fill>
			</PolyStyle>
		</Style>
		<Placemark>
			<name>Ward No.95.kml</name>
			<styleUrl>#m_ylw-pushpin96</styleUrl>
			<Polygon>
				<tessellate>1</tessellate>
				<outerBoundaryIs>
					<LinearRing>
						<coordinates>
							75.83066872103328,30.93749944090523,0 75.83091653884846,30.93730848638041,0 75.83112410289355,30.9370670765134,0 75.83173480951939,30.93634678877525,0 75.83176064975621,30.93632094613689,0 75.83181930119612,30.93638191350054,0 75.83181939438855,30.93638180646945,0 75.83183894215547,30.93640232951413,0 75.83254145316906,30.93713988297793,0 75.83498399746348,30.93979264145788,0 75.82884781715066,30.94775006828101,0 75.82799755603295,30.9472236048666,0 75.82632404066396,30.94587355491178,0 75.82565748016427,30.94566295744074,0 75.823410699205,30.94528338462063,0 75.82103869017946,30.94483294917716,0 75.82102870882004,30.94451408871159,0 75.82351875373048,30.9420645138619,0 75.82478162667145,30.94076254651594,0 75.82607240640215,30.93948903624382,0 75.82717152921518,30.93842615801257,0 75.82783353747813,30.93888736197937,0 75.82839743121673,30.93927335712376,0 75.82885647275209,30.93957598910945,0 75.82904439042383,30.9392711197599,0 75.82919784728362,30.93908106151597,0 75.82954644220541,30.93865293106304,0 75.82980298803159,30.93834189072045,0 75.83009969226754,30.93806305929508,0 75.83034570190611,30.93781511022916,0 75.83066872103328,30.93749944090523,0 
						</coordinates>
					</LinearRing>
				</outerBoundaryIs>
			</Polygon>
		</Placemark>
	</Document>
	<atom:link rel="app" href="https://www.google.com/earth/about/versions/#earth-pro" title="Google Earth Pro 7.3.6.10441"></atom:link>
</Folder>
</kml>
