<?xml version="1.0" encoding="UTF-8"?>
<kml xmlns="http://www.opengis.net/kml/2.2" xmlns:gx="http://www.google.com/kml/ext/2.2" xmlns:kml="http://www.opengis.net/kml/2.2" xmlns:atom="http://www.w3.org/2005/Atom">
<Folder>
	<name>Ludhiana All Wards</name>
	<open>1</open>
	<Document>
		<name>Ward No 91.kml</name>
		<StyleMap id="m_ylw-pushpin">
			<Pair>
				<key>normal</key>
				<styleUrl>#s_ylw-pushpin</styleUrl>
			</Pair>
			<Pair>
				<key>highlight</key>
				<styleUrl>#s_ylw-pushpin_hl</styleUrl>
			</Pair>
		</StyleMap>
		<Style id="s_ylw-pushpin">
			<IconStyle>
				<scale>1.1</scale>
				<Icon>
					<href>http://maps.google.com/mapfiles/kml/pushpin/ylw-pushpin.png</href>
				</Icon>
				<hotSpot x="20" y="2" xunits="pixels" yunits="pixels"/>
			</IconStyle>
			<LineStyle>
				<color>ffffff55</color>
				<width>3</width>
			</LineStyle>
			<PolyStyle>
				<fill>0</fill>
			</PolyStyle>
		</Style>
		<Style id="s_ylw-pushpin_hl">
			<IconStyle>
				<scale>1.3</scale>
				<Icon>
					<href>http://maps.google.com/mapfiles/kml/pushpin/ylw-pushpin.png</href>
				</Icon>
				<hotSpot x="20" y="2" xunits="pixels" yunits="pixels"/>
			</IconStyle>
			<LineStyle>
				<color>ffffff55</color>
				<width>3</width>
			</LineStyle>
			<PolyStyle>
				<fill>0</fill>
			</PolyStyle>
		</Style>
		<Placemark>
			<name>Ward No 91</name>
			<styleUrl>#m_ylw-pushpin</styleUrl>
			<Polygon>
				<tessellate>1</tessellate>
				<outerBoundaryIs>
					<LinearRing>
						<coordinates>
							75.843069,30.921753,0 75.84278999999999,30.922197,0 75.842142,30.923037,0 75.841269,30.923969,0 75.840412,30.924815,0 75.839872,30.925326,0 75.839026,30.926178,0 75.837673,30.927486,0 75.837335,30.927291,0 75.83694300000001,30.926855,0 75.836539,30.92617,0 75.836401,30.925976,0 75.835993,30.925466,0 75.835616,30.925119,0 75.835116,30.924697,0 75.834746,30.924422,0 75.83444299999999,30.924173,0 75.83413400000001,30.923844,0 75.833747,30.923514,0 75.833476,30.92328,0 75.83321599999999,30.923035,0 75.83309199999999,30.922906,0 75.832911,30.922676,0 75.83274900000001,30.922456,0 75.832444,30.9221,0 75.831941,30.92188,0 75.831705,30.921782,0 75.83139,30.921637,0 75.8309,30.921368,0 75.830522,30.921214,0 75.83029000000001,30.921138,0 75.829999,30.921059,0 75.82966500000001,30.920934,0 75.829313,30.920756,0 75.829002,30.92059,0 75.82865200000001,30.920404,0 75.82826799999999,30.920186,0 75.827889,30.920039,0 75.82743499999999,30.919836,0 75.827108,30.919694,0 75.826815,30.919573,0 75.826448,30.919436,0 75.826227,30.919355,0 75.82598900000001,30.919275,0 75.82573600000001,30.919114,0 75.82555000000001,30.918973,0 75.82534099999999,30.91873199999999,0 75.825101,30.918541,0 75.82470499999999,30.91836,0 75.824442,30.918223,0 75.824089,30.918063,0 75.823702,30.917983,0 75.823258,30.917862,0 75.82281,30.917777,0 75.822546,30.91775,0 75.82247599999999,30.917735,0 75.822219,30.917678,0 75.821797,30.917559,0 75.821476,30.917522,0 75.821185,30.917475,0 75.820806,30.917415,0 75.82053000000001,30.917358,0 75.820015,30.917289,0 75.819717,30.917282,0 75.819474,30.91722,0 75.81950399999999,30.917114,0 75.819586,30.916917,0 75.81979800000001,30.916516,0 75.819907,30.916261,0 75.820454,30.916272,0 75.820819,30.91631599999999,0 75.821055,30.916372,0 75.82302799999999,30.916694,0 75.823311,30.916744,0 75.823538,30.916772,0 75.823775,30.916782,0 75.824039,30.916778,0 75.824297,30.916759,0 75.824507,30.916957,0 75.824884,30.917268,0 75.82543699999999,30.917681,0 75.825743,30.917927,0 75.82614700000001,30.918198,0 75.82666999999999,30.918389,0 75.827325,30.918613,0 75.82770600000001,30.918795,0 75.828163,30.918833,0 75.8291,30.918957,0 75.829893,30.919116,0 75.83079499999999,30.91935,0 75.830674,30.919877,0 75.830586,30.920315,0 75.830516,30.920839,0 75.83049200000001,30.921077,0 75.830747,30.921186,0 75.831073,30.921359,0 75.831198,30.9214,0 75.83145500000001,30.92145,0 75.831738,30.921505,0 75.83204499999999,30.921593,0 75.83236100000001,30.921705,0 75.83277,30.92188,0 75.832838,30.921906,0 75.832875,30.921855,0 75.83326,30.922034,0 75.833549,30.922241,0 75.834068,30.922835,0 75.834265,30.922745,0 75.834453,30.922641,0 75.83467400000001,30.922427,0 75.83489299999999,30.92222,0 75.835098,30.922052,0 75.835263,30.921908,0 75.83545700000001,30.921778,0 75.83583299999999,30.921515,0 75.836251,30.921183,0 75.836377,30.921087,0 75.83642,30.920752,0 75.837058,30.920698,0 75.837473,30.920644,0 75.837778,30.920624,0 75.838532,30.920489,0 75.83918799999999,30.920401,0 75.840074,30.920288,0 75.84069,30.920245,0 75.841757,30.920105,0 75.841825,30.920572,0 75.841854,30.920747,0 75.841831,30.92085,0 75.841824,30.920885,0 75.84216000000001,30.92097499999999,0 75.84208099999999,30.92124,0 75.84205300000001,30.921479,0 75.842045,30.921732,0 75.8425,30.92172,0 75.842778,30.921687,0 75.842845,30.921641,0 75.843069,30.921753,0 
						</coordinates>
					</LinearRing>
				</outerBoundaryIs>
			</Polygon>
		</Placemark>
	</Document>
	<Document>
		<name>Ward No 92.kml</name>
		<StyleMap id="m_ylw-pushpin0">
			<Pair>
				<key>normal</key>
				<styleUrl>#s_ylw-pushpin0</styleUrl>
			</Pair>
			<Pair>
				<key>highlight</key>
				<styleUrl>#s_ylw-pushpin_hl0</styleUrl>
			</Pair>
		</StyleMap>
		<Style id="s_ylw-pushpin0">
			<IconStyle>
				<scale>1.1</scale>
				<Icon>
					<href>http://maps.google.com/mapfiles/kml/pushpin/ylw-pushpin.png</href>
				</Icon>
				<hotSpot x="20" y="2" xunits="pixels" yunits="pixels"/>
			</IconStyle>
			<LineStyle>
				<color>ffffff55</color>
				<width>3</width>
			</LineStyle>
			<PolyStyle>
				<fill>0</fill>
			</PolyStyle>
		</Style>
		<Style id="s_ylw-pushpin_hl0">
			<IconStyle>
				<scale>1.3</scale>
				<Icon>
					<href>http://maps.google.com/mapfiles/kml/pushpin/ylw-pushpin.png</href>
				</Icon>
				<hotSpot x="20" y="2" xunits="pixels" yunits="pixels"/>
			</IconStyle>
			<LineStyle>
				<color>ffffff55</color>
				<width>3</width>
			</LineStyle>
			<PolyStyle>
				<fill>0</fill>
			</PolyStyle>
		</Style>
		<Placemark>
			<name>Ward No 92</name>
			<styleUrl>#m_ylw-pushpin0</styleUrl>
			<Polygon>
				<tessellate>1</tessellate>
				<outerBoundaryIs>
					<LinearRing>
						<coordinates>
							75.83677,30.927284,0 75.83675599999999,30.927298,0 75.836325,30.92775899999999,0 75.835921,30.92817,0 75.835421,30.928683,0 75.834962,30.929139,0 75.83471,30.929367,0 75.834174,30.929861,0 75.833549,30.930517,0 75.832949,30.931142,0 75.832443,30.931695,0 75.832364,30.931752,0 75.832061,30.931904,0 75.83094199999999,30.932335,0 75.830212,30.932566,0 75.829742,30.932323,0 75.82864600000001,30.931743,0 75.828647,30.9317,0 75.828469,30.931693,0 75.82843800000001,30.932691,0 75.827743,30.93271,0 75.827746,30.932822,0 75.827327,30.932824,0 75.826763,30.9328,0 75.826075,30.932828,0 75.82541399999999,30.932757,0 75.82448100000001,30.93265,0 75.823941,30.932657,0 75.822897,30.932675,0 75.822537,30.932352,0 75.822216,30.932055,0 75.822208,30.931881,0 75.822216,30.931504,0 75.82223500000001,30.930924,0 75.82223999999999,30.930555,0 75.822244,30.930278,0 75.82187,30.930448,0 75.821303,30.93071,0 75.82079,30.930961,0 75.82031000000001,30.93119,0 75.819982,30.931348,0 75.81998,30.931015,0 75.81997699999999,30.930693,0 75.819973,30.93029599999999,0 75.819969,30.929969,0 75.819965,30.929601,0 75.819948,30.928983,0 75.819954,30.92848,0 75.81996700000001,30.928185,0 75.819965,30.928086,0 75.819958,30.927994,0 75.81995000000001,30.927912,0 75.819934,30.927777,0 75.819942,30.92766900000001,0 75.81992200000001,30.92663200000001,0 75.82029900000001,30.926628,0 75.820959,30.926638,0 75.821366,30.926633,0 75.821882,30.926646,0 75.822103,30.926643,0 75.82210600000001,30.926186,0 75.82240899999999,30.92618,0 75.822407,30.926144,0 75.822827,30.926144,0 75.82284799999999,30.926144,0 75.822856,30.92483199999999,0 75.822858,30.924555,0 75.8229,30.924554,0 75.82320199999999,30.924546,0 75.823556,30.92448,0 75.82391800000001,30.924406,0 75.824382,30.924435,0 75.824934,30.924466,0 75.825289,30.924479,0 75.825655,30.924506,0 75.826015,30.924536,0 75.826444,30.924566,0 75.826472,30.924206,0 75.82651199999999,30.923689,0 75.826576,30.923192,0 75.826894,30.923248,0 75.82728400000001,30.92333199999999,0 75.827827,30.923431,0 75.828253,30.923521,0 75.82864499999999,30.923576,0 75.82905,30.923646,0 75.829375,30.923719,0 75.829696,30.923776,0 75.829802,30.923577,0 75.830003,30.923283,0 75.83045300000001,30.92356699999999,0 75.83081199999999,30.923789,0 75.831194,30.924032,0 75.831733,30.924369,0 75.83217500000001,30.924704,0 75.83242300000001,30.924888,0 75.832717,30.925063,0 75.833038,30.925253,0 75.833995,30.925794,0 75.834419,30.926029,0 75.83486499999999,30.926303,0 75.835392,30.926588,0 75.835888,30.926828,0 75.83637400000001,30.927073,0 75.83677,30.927284,0 
						</coordinates>
					</LinearRing>
				</outerBoundaryIs>
			</Polygon>
		</Placemark>
	</Document>
	<Document>
		<name>Ward No 93.kml</name>
		<StyleMap id="m_ylw-pushpin1">
			<Pair>
				<key>normal</key>
				<styleUrl>#s_ylw-pushpin1</styleUrl>
			</Pair>
			<Pair>
				<key>highlight</key>
				<styleUrl>#s_ylw-pushpin_hl1</styleUrl>
			</Pair>
		</StyleMap>
		<Style id="s_ylw-pushpin1">
			<IconStyle>
				<scale>1.1</scale>
				<Icon>
					<href>http://maps.google.com/mapfiles/kml/pushpin/ylw-pushpin.png</href>
				</Icon>
				<hotSpot x="20" y="2" xunits="pixels" yunits="pixels"/>
			</IconStyle>
			<LineStyle>
				<color>ffffff55</color>
				<width>3</width>
			</LineStyle>
			<PolyStyle>
				<fill>0</fill>
			</PolyStyle>
		</Style>
		<Style id="s_ylw-pushpin_hl1">
			<IconStyle>
				<scale>1.3</scale>
				<Icon>
					<href>http://maps.google.com/mapfiles/kml/pushpin/ylw-pushpin.png</href>
				</Icon>
				<hotSpot x="20" y="2" xunits="pixels" yunits="pixels"/>
			</IconStyle>
			<LineStyle>
				<color>ffffff55</color>
				<width>3</width>
			</LineStyle>
			<PolyStyle>
				<fill>0</fill>
			</PolyStyle>
		</Style>
		<Placemark>
			<name>Ward No 93</name>
			<styleUrl>#m_ylw-pushpin1</styleUrl>
			<Polygon>
				<tessellate>1</tessellate>
				<outerBoundaryIs>
					<LinearRing>
						<coordinates>
							75.829273,30.935857,0 75.82879800000001,30.936335,0 75.82772199999999,30.9374,0 75.82682200000001,30.938288,0 75.825678,30.939394,0 75.824893,30.940191,0 75.82365299999999,30.941411,0 75.822457,30.9426,0 75.821124,30.943887,0 75.8206,30.944396,0 75.820401,30.944589,0 75.820097,30.944397,0 75.819945,30.944213,0 75.817954,30.942266,0 75.817885,30.942261,0 75.817494,30.942442,0 75.81744999999999,30.942463,0 75.81735999999999,30.941511,0 75.816813,30.940887,0 75.81671900000001,30.940772,0 75.816558,30.940596,0 75.81643200000001,30.940459,0 75.81617799999999,30.940183,0 75.81443,30.93828,0 75.81244100000001,30.936227,0 75.812062,30.935827,0 75.811582,30.935322,0 75.811888,30.935189,0 75.812141,30.935068,0 75.812275,30.935015,0 75.81236199999999,30.934977,0 75.812476,30.934932,0 75.81262099999999,30.93485,0 75.812702,30.934808,0 75.81268300000001,30.934308,0 75.812669,30.933781,0 75.81268799999999,30.933093,0 75.812696,30.932108,0 75.812651,30.932104,0 75.812662,30.931245,0 75.81278500000001,30.931248,0 75.812792,30.930272,0 75.813869,30.930264,0 75.813857,30.929591,0 75.81428699999999,30.929593,0 75.815659,30.929585,0 75.816647,30.929582,0 75.81664600000001,30.929474,0 75.81666199999999,30.928725,0 75.81666800000001,30.928497,0 75.81777,30.92849,0 75.819034,30.92848,0 75.819954,30.92848,0 75.819948,30.928983,0 75.819965,30.929601,0 75.819969,30.929969,0 75.819973,30.93029599999999,0 75.81997699999999,30.930693,0 75.81998,30.931015,0 75.819982,30.931348,0 75.82031000000001,30.93119,0 75.82079,30.930961,0 75.821303,30.93071,0 75.82187,30.930448,0 75.822244,30.930278,0 75.82223999999999,30.930555,0 75.82223500000001,30.930924,0 75.822216,30.931504,0 75.822208,30.931881,0 75.822216,30.932055,0 75.822537,30.932352,0 75.822897,30.932675,0 75.823941,30.932657,0 75.82448100000001,30.93265,0 75.82541399999999,30.932757,0 75.826075,30.932828,0 75.826763,30.9328,0 75.827327,30.932824,0 75.827746,30.932822,0 75.827743,30.93271,0 75.82843800000001,30.932691,0 75.828469,30.931693,0 75.828647,30.9317,0 75.82864600000001,30.931743,0 75.829742,30.932323,0 75.830212,30.932566,0 75.83094199999999,30.932335,0 75.832061,30.931904,0 75.832364,30.931752,0 75.832443,30.931695,0 75.832949,30.931142,0 75.833549,30.930517,0 75.834174,30.929861,0 75.83471,30.929367,0 75.834962,30.929139,0 75.835421,30.928683,0 75.835921,30.92817,0 75.836325,30.92775899999999,0 75.83675599999999,30.927298,0 75.83677,30.927284,0 75.836932,30.92737,0 75.83716200000001,30.927473,0 75.837383,30.92758,0 75.83750499999999,30.927648,0 75.83689,30.928243,0 75.836461,30.928682,0 75.83447,30.93072,0 75.833415,30.93176,0 75.832094,30.933089,0 75.83077900000001,30.934364,0 75.829708,30.93542,0 75.829273,30.935857,0 
						</coordinates>
					</LinearRing>
				</outerBoundaryIs>
			</Polygon>
		</Placemark>
	</Document>
	<Document>
		<name>Ward No 94.kml</name>
		<StyleMap id="m_ylw-pushpin2">
			<Pair>
				<key>normal</key>
				<styleUrl>#s_ylw-pushpin2</styleUrl>
			</Pair>
			<Pair>
				<key>highlight</key>
				<styleUrl>#s_ylw-pushpin_hl2</styleUrl>
			</Pair>
		</StyleMap>
		<Style id="s_ylw-pushpin2">
			<IconStyle>
				<scale>1.1</scale>
				<Icon>
					<href>http://maps.google.com/mapfiles/kml/pushpin/ylw-pushpin.png</href>
				</Icon>
				<hotSpot x="20" y="2" xunits="pixels" yunits="pixels"/>
			</IconStyle>
			<LineStyle>
				<color>ffffff55</color>
				<width>3</width>
			</LineStyle>
			<PolyStyle>
				<fill>0</fill>
			</PolyStyle>
		</Style>
		<Style id="s_ylw-pushpin_hl2">
			<IconStyle>
				<scale>1.3</scale>
				<Icon>
					<href>http://maps.google.com/mapfiles/kml/pushpin/ylw-pushpin.png</href>
				</Icon>
				<hotSpot x="20" y="2" xunits="pixels" yunits="pixels"/>
			</IconStyle>
			<LineStyle>
				<color>ffffff55</color>
				<width>3</width>
			</LineStyle>
			<PolyStyle>
				<fill>0</fill>
			</PolyStyle>
		</Style>
		<Placemark>
			<name>Ward No 94</name>
			<styleUrl>#m_ylw-pushpin2</styleUrl>
			<Polygon>
				<tessellate>1</tessellate>
				<outerBoundaryIs>
					<LinearRing>
						<coordinates>
							75.836715,30.937518,0 75.83662200000001,30.937603,0 75.836247,30.938041,0 75.835763,30.938664,0 75.83546699999999,30.939046,0 75.835094,30.939536,0 75.83462900000001,30.940142,0 75.834326,30.940525,0 75.834029,30.940178,0 75.83373400000001,30.939843,0 75.83321100000001,30.939212,0 75.832785,30.938812,0 75.83233300000001,30.93923300000001,0 75.831588,30.938614,0 75.830961,30.938054,0 75.830493,30.937669,0 75.83067699999999,30.937478,0 75.830426,30.937218,0 75.830275,30.937332,0 75.830174,30.937245,0 75.83013099999999,30.936699,0 75.830117,30.936492,0 75.830026,30.936308,0 75.829645,30.936469,0 75.829273,30.935857,0 75.829708,30.93542,0 75.83077900000001,30.934364,0 75.832094,30.933089,0 75.833415,30.93176,0 75.83447,30.93072,0 75.836461,30.928682,0 75.836917,30.929562,0 75.837062,30.929855,0 75.83733700000001,30.92975,0 75.83778599999999,30.92963,0 75.838319,30.929541,0 75.839562,30.92953,0 75.840744,30.92954,0 75.84086600000001,30.929288,0 75.841797,30.929555,0 75.84211000000001,30.929652,0 75.84267199999999,30.929824,0 75.84227199999999,30.930338,0 75.841796,30.930954,0 75.84150099999999,30.931348,0 75.840827,30.932221,0 75.84039799999999,30.932763,0 75.840075,30.93319,0 75.838981,30.9346,0 75.838639,30.935043,0 75.83834299999999,30.935424,0 75.83789299999999,30.936011,0 75.83739799999999,30.936508,0 75.837042,30.93695,0 75.836715,30.937518,0 
						</coordinates>
					</LinearRing>
				</outerBoundaryIs>
			</Polygon>
		</Placemark>
	</Document>
	<Document>
		<name>Ward No 95.kml</name>
		<StyleMap id="m_ylw-pushpin3">
			<Pair>
				<key>normal</key>
				<styleUrl>#s_ylw-pushpin3</styleUrl>
			</Pair>
			<Pair>
				<key>highlight</key>
				<styleUrl>#s_ylw-pushpin_hl3</styleUrl>
			</Pair>
		</StyleMap>
		<Style id="s_ylw-pushpin3">
			<IconStyle>
				<scale>1.1</scale>
				<Icon>
					<href>http://maps.google.com/mapfiles/kml/pushpin/ylw-pushpin.png</href>
				</Icon>
				<hotSpot x="20" y="2" xunits="pixels" yunits="pixels"/>
			</IconStyle>
			<LineStyle>
				<color>ffffff55</color>
				<width>3</width>
			</LineStyle>
			<PolyStyle>
				<fill>0</fill>
			</PolyStyle>
		</Style>
		<Style id="s_ylw-pushpin_hl3">
			<IconStyle>
				<scale>1.3</scale>
				<Icon>
					<href>http://maps.google.com/mapfiles/kml/pushpin/ylw-pushpin.png</href>
				</Icon>
				<hotSpot x="20" y="2" xunits="pixels" yunits="pixels"/>
			</IconStyle>
			<LineStyle>
				<color>ffffff55</color>
				<width>3</width>
			</LineStyle>
			<PolyStyle>
				<fill>0</fill>
			</PolyStyle>
		</Style>
		<Placemark>
			<name>Ward No 95</name>
			<styleUrl>#m_ylw-pushpin3</styleUrl>
			<Polygon>
				<tessellate>1</tessellate>
				<outerBoundaryIs>
					<LinearRing>
						<coordinates>
							75.834326,30.940525,0 75.834231,30.940644,0 75.833747,30.94127,0 75.83319400000001,30.941979,0 75.832511,30.942853,0 75.831901,30.943656,0 75.831416,30.944271,0 75.830663,30.945244,0 75.830123,30.945941,0 75.829859,30.946288,0 75.830564,30.946792,0 75.830946,30.946993,0 75.831698,30.947406,0 75.832498,30.947844,0 75.83349,30.948387,0 75.83379100000001,30.948574,0 75.83440299999999,30.948588,0 75.83441500000001,30.949618,0 75.833682,30.949595,0 75.833652,30.950111,0 75.83367200000001,30.951582,0 75.833674,30.95170999999999,0 75.83367200000001,30.952173,0 75.83028400000001,30.952173,0 75.826142,30.952147,0 75.822547,30.95204499999999,0 75.820837,30.951996,0 75.819727,30.950901,0 75.819593,30.950769,0 75.818844,30.951308,0 75.818613,30.951474,0 75.818009,30.950647,0 75.81758600000001,30.950068,0 75.816069,30.948115,0 75.817556,30.946725,0 75.82014700000001,30.944467,0 75.820097,30.944397,0 75.820401,30.944589,0 75.8206,30.944396,0 75.821124,30.943887,0 75.822457,30.9426,0 75.82365299999999,30.941411,0 75.824893,30.940191,0 75.825678,30.939394,0 75.82682200000001,30.938288,0 75.82772199999999,30.9374,0 75.82879800000001,30.936335,0 75.829273,30.935857,0 75.829645,30.936469,0 75.830026,30.936308,0 75.830117,30.936492,0 75.83013099999999,30.936699,0 75.830174,30.937245,0 75.830275,30.937332,0 75.830426,30.937218,0 75.83067699999999,30.937478,0 75.830493,30.937669,0 75.830961,30.938054,0 75.831588,30.938614,0 75.83233300000001,30.93923300000001,0 75.832785,30.938812,0 75.83321100000001,30.939212,0 75.83373400000001,30.939843,0 75.834029,30.940178,0 75.834326,30.940525,0 
						</coordinates>
					</LinearRing>
				</outerBoundaryIs>
			</Polygon>
		</Placemark>
	</Document>
	<Document>
		<name>Ward No 1.kml</name>
		<StyleMap id="m_ylw-pushpin4">
			<Pair>
				<key>normal</key>
				<styleUrl>#s_ylw-pushpin4</styleUrl>
			</Pair>
			<Pair>
				<key>highlight</key>
				<styleUrl>#s_ylw-pushpin_hl4</styleUrl>
			</Pair>
		</StyleMap>
		<Style id="s_ylw-pushpin4">
			<IconStyle>
				<scale>1.1</scale>
				<Icon>
					<href>http://maps.google.com/mapfiles/kml/pushpin/ylw-pushpin.png</href>
				</Icon>
				<hotSpot x="20" y="2" xunits="pixels" yunits="pixels"/>
			</IconStyle>
			<LineStyle>
				<color>ffffff55</color>
				<width>3</width>
			</LineStyle>
			<PolyStyle>
				<fill>0</fill>
			</PolyStyle>
		</Style>
		<Style id="s_ylw-pushpin_hl4">
			<IconStyle>
				<scale>1.3</scale>
				<Icon>
					<href>http://maps.google.com/mapfiles/kml/pushpin/ylw-pushpin.png</href>
				</Icon>
				<hotSpot x="20" y="2" xunits="pixels" yunits="pixels"/>
			</IconStyle>
			<LineStyle>
				<color>ffffff55</color>
				<width>3</width>
			</LineStyle>
			<PolyStyle>
				<fill>0</fill>
			</PolyStyle>
		</Style>
		<Placemark>
			<name>Ward No 1.kml</name>
			<styleUrl>#m_ylw-pushpin4</styleUrl>
			<Polygon>
				<tessellate>1</tessellate>
				<outerBoundaryIs>
					<LinearRing>
						<coordinates>
							75.84641499999999,30.953812,0 75.845478,30.954078,0 75.844724,30.953875,0 75.842687,30.95418,0 75.842546,30.954201,0 75.841883,30.9543,0 75.83993100000001,30.95465,0 75.83966599999999,30.954753,0 75.83878900000001,30.955096,0 75.838217,30.95532,0 75.837536,30.955587,0 75.83582800000001,30.953355,0 75.834907,30.952173,0 75.83367200000001,30.952173,0 75.833674,30.95170999999999,0 75.83367200000001,30.951582,0 75.833652,30.950111,0 75.833682,30.949595,0 75.83441500000001,30.949618,0 75.83440299999999,30.948588,0 75.83379100000001,30.948574,0 75.83349,30.948387,0 75.832498,30.947844,0 75.831698,30.947406,0 75.830946,30.946993,0 75.830564,30.946792,0 75.829859,30.946288,0 75.830123,30.945941,0 75.830663,30.945244,0 75.831416,30.944271,0 75.831901,30.943656,0 75.832511,30.942853,0 75.83319400000001,30.941979,0 75.833747,30.94127,0 75.834231,30.940644,0 75.834326,30.940525,0 75.83462900000001,30.940142,0 75.835094,30.939536,0 75.83546699999999,30.939046,0 75.835763,30.938664,0 75.836247,30.938041,0 75.83662200000001,30.937603,0 75.836715,30.937518,0 75.836808,30.937433,0 75.83710600000001,30.937216,0 75.837323,30.937089,0 75.837521,30.936992,0 75.837709,30.936918,0 75.83789400000001,30.936855,0 75.83806300000001,30.936801,0 75.838384,30.936726,0 75.83859699999999,30.936694,0 75.838752,30.936681,0 75.838915,30.936669,0 75.83906899999999,30.936664,0 75.83960399999999,30.936673,0 75.840236,30.936678,0 75.84140600000001,30.936681,0 75.842,30.936678,0 75.842536,30.936688,0 75.843408,30.936699,0 75.84454599999999,30.936719,0 75.84529000000001,30.936728,0 75.845523,30.936727,0 75.84589200000001,30.937395,0 75.846322,30.938039,0 75.84637499999999,30.938169,0 75.846378,30.939304,0 75.84636500000001,30.94053,0 75.84629700000001,30.942013,0 75.8463,30.942743,0 75.846306,30.943615,0 75.846305,30.944125,0 75.846312,30.944896,0 75.846315,30.945482,0 75.846316,30.945916,0 75.84632499999999,30.94685,0 75.846335,30.94746900000001,0 75.846332,30.948064,0 75.846343,30.949276,0 75.846377,30.949999,0 75.846368,30.950721,0 75.846344,30.95123,0 75.846389,30.951887,0 75.846405,30.952621,0 75.846429,30.952974,0 75.84641499999999,30.953812,0 
						</coordinates>
					</LinearRing>
				</outerBoundaryIs>
			</Polygon>
		</Placemark>
	</Document>
	<Document>
		<name>Ward No 2.kml</name>
		<StyleMap id="m_ylw-pushpin5">
			<Pair>
				<key>normal</key>
				<styleUrl>#s_ylw-pushpin5</styleUrl>
			</Pair>
			<Pair>
				<key>highlight</key>
				<styleUrl>#s_ylw-pushpin_hl5</styleUrl>
			</Pair>
		</StyleMap>
		<Style id="s_ylw-pushpin5">
			<IconStyle>
				<scale>1.1</scale>
				<Icon>
					<href>http://maps.google.com/mapfiles/kml/pushpin/ylw-pushpin.png</href>
				</Icon>
				<hotSpot x="20" y="2" xunits="pixels" yunits="pixels"/>
			</IconStyle>
			<LineStyle>
				<color>ffffff55</color>
				<width>3</width>
			</LineStyle>
			<PolyStyle>
				<fill>0</fill>
			</PolyStyle>
		</Style>
		<Style id="s_ylw-pushpin_hl5">
			<IconStyle>
				<scale>1.3</scale>
				<Icon>
					<href>http://maps.google.com/mapfiles/kml/pushpin/ylw-pushpin.png</href>
				</Icon>
				<hotSpot x="20" y="2" xunits="pixels" yunits="pixels"/>
			</IconStyle>
			<LineStyle>
				<color>ffffff55</color>
				<width>3</width>
			</LineStyle>
			<PolyStyle>
				<fill>0</fill>
			</PolyStyle>
		</Style>
		<Placemark>
			<name>Ward No 2.kml</name>
			<styleUrl>#m_ylw-pushpin5</styleUrl>
			<Polygon>
				<tessellate>1</tessellate>
				<outerBoundaryIs>
					<LinearRing>
						<coordinates>
							75.858942,30.948126,0 75.857653,30.948121,0 75.857603,30.948153,0 75.85757,30.948224,0 75.85748,30.948544,0 75.857454,30.949527,0 75.857648,30.949997,0 75.85701299999999,30.950081,0 75.857592,30.95198,0 75.85771800000001,30.952392,0 75.85780699999999,30.952683,0 75.85788700000001,30.952943,0 75.857894,30.952969,0 75.853921,30.95311,0 75.85269099999999,30.953166,0 75.85140199999999,30.953222,0 75.850189,30.953248,0 75.849512,30.953253,0 75.84872,30.953262,0 75.848308,30.953346,0 75.84756299999999,30.953498,0 75.84648300000001,30.953793,0 75.846431,30.953807,0 75.84641499999999,30.953812,0 75.846429,30.952974,0 75.846405,30.952621,0 75.846389,30.951887,0 75.846344,30.95123,0 75.846368,30.950721,0 75.846377,30.949999,0 75.846343,30.949276,0 75.846332,30.948064,0 75.846335,30.94746900000001,0 75.84632499999999,30.94685,0 75.846316,30.945916,0 75.846315,30.945482,0 75.846312,30.944896,0 75.846305,30.944125,0 75.846306,30.943615,0 75.8463,30.942743,0 75.84629700000001,30.942013,0 75.84636500000001,30.94053,0 75.846378,30.939304,0 75.84637499999999,30.938169,0 75.846322,30.938039,0 75.84589200000001,30.937395,0 75.845523,30.936727,0 75.84593099999999,30.936725,0 75.846408,30.936723,0 75.846817,30.936727,0 75.847202,30.936728,0 75.847469,30.936723,0 75.847855,30.936723,0 75.848473,30.936726,0 75.849283,30.936732,0 75.849667,30.936736,0 75.85020900000001,30.936744,0 75.85073800000001,30.936735,0 75.85090099999999,30.936728,0 75.851207,30.936705,0 75.851716,30.936621,0 75.852384,30.936484,0 75.852508,30.936452,0 75.852659,30.936413,0 75.852867,30.936847,0 75.85316899999999,30.937409,0 75.85338900000001,30.937874,0 75.853482,30.938144,0 75.853647,30.938622,0 75.853875,30.939146,0 75.854119,30.939763,0 75.854202,30.939992,0 75.854482,30.940424,0 75.85481299999999,30.940855,0 75.85512,30.941216,0 75.855385,30.941453,0 75.855661,30.941687,0 75.85613600000001,30.942108,0 75.855994,30.942328,0 75.855839,30.942569,0 75.85565099999999,30.942825,0 75.85548799999999,30.943128,0 75.855394,30.943269,0 75.855176,30.943569,0 75.854935,30.9439,0 75.854759,30.944119,0 75.85446899999999,30.944531,0 75.85424,30.944804,0 75.853799,30.94533,0 75.85319,30.946112,0 75.85353000000001,30.94635999999999,0 75.85370899999999,30.946482,0 75.853881,30.946592,0 75.854089,30.946723,0 75.85431,30.946838,0 75.854934,30.946812,0 75.855656,30.946793,0 75.85610800000001,30.946798,0 75.856089,30.945928,0 75.85608499999999,30.945163,0 75.856807,30.945146,0 75.857343,30.945186,0 75.857705,30.945207,0 75.85802,30.94522600000001,0 75.858907,30.94520199999999,0 75.85892800000001,30.946189,0 75.858941,30.946926,0 75.858942,30.948126,0 
						</coordinates>
					</LinearRing>
				</outerBoundaryIs>
			</Polygon>
		</Placemark>
	</Document>
	<Document>
		<name>Ward No 3.kml</name>
		<StyleMap id="m_ylw-pushpin6">
			<Pair>
				<key>normal</key>
				<styleUrl>#s_ylw-pushpin6</styleUrl>
			</Pair>
			<Pair>
				<key>highlight</key>
				<styleUrl>#s_ylw-pushpin_hl6</styleUrl>
			</Pair>
		</StyleMap>
		<Style id="s_ylw-pushpin6">
			<IconStyle>
				<scale>1.1</scale>
				<Icon>
					<href>http://maps.google.com/mapfiles/kml/pushpin/ylw-pushpin.png</href>
				</Icon>
				<hotSpot x="20" y="2" xunits="pixels" yunits="pixels"/>
			</IconStyle>
			<LineStyle>
				<color>ffffff55</color>
				<width>3</width>
			</LineStyle>
			<PolyStyle>
				<fill>0</fill>
			</PolyStyle>
		</Style>
		<Style id="s_ylw-pushpin_hl6">
			<IconStyle>
				<scale>1.3</scale>
				<Icon>
					<href>http://maps.google.com/mapfiles/kml/pushpin/ylw-pushpin.png</href>
				</Icon>
				<hotSpot x="20" y="2" xunits="pixels" yunits="pixels"/>
			</IconStyle>
			<LineStyle>
				<color>ffffff55</color>
				<width>3</width>
			</LineStyle>
			<PolyStyle>
				<fill>0</fill>
			</PolyStyle>
		</Style>
		<Placemark>
			<name>Ward No 3.kml</name>
			<styleUrl>#m_ylw-pushpin6</styleUrl>
			<Polygon>
				<tessellate>1</tessellate>
				<outerBoundaryIs>
					<LinearRing>
						<coordinates>
							75.858907,30.94520199999999,0 75.85802,30.94522600000001,0 75.857705,30.945207,0 75.857343,30.945186,0 75.856807,30.945146,0 75.85608499999999,30.945163,0 75.856089,30.945928,0 75.85610800000001,30.946798,0 75.855656,30.946793,0 75.854934,30.946812,0 75.85431,30.946838,0 75.854089,30.946723,0 75.853881,30.946592,0 75.85370899999999,30.946482,0 75.85353000000001,30.94635999999999,0 75.85319,30.946112,0 75.853799,30.94533,0 75.85424,30.944804,0 75.85446899999999,30.944531,0 75.854759,30.944119,0 75.854935,30.9439,0 75.855176,30.943569,0 75.855394,30.943269,0 75.85548799999999,30.943128,0 75.85565099999999,30.942825,0 75.855839,30.942569,0 75.855994,30.942328,0 75.85613600000001,30.942108,0 75.855661,30.941687,0 75.855385,30.941453,0 75.85512,30.941216,0 75.85481299999999,30.940855,0 75.854482,30.940424,0 75.854202,30.939992,0 75.854119,30.939763,0 75.853875,30.939146,0 75.853647,30.938622,0 75.853482,30.938144,0 75.85338900000001,30.937874,0 75.85316899999999,30.937409,0 75.852867,30.936847,0 75.852659,30.936413,0 75.852901,30.93635,0 75.853505,30.936199,0 75.853796,30.936128,0 75.854535,30.935951,0 75.854957,30.935843,0 75.855277,30.935765,0 75.85568499999999,30.935668,0 75.856022,30.935587,0 75.85646699999999,30.935469,0 75.856847,30.935372,0 75.857252,30.935274,0 75.857428,30.936147,0 75.857506,30.936615,0 75.857811,30.936773,0 75.858394,30.937202,0 75.85874,30.937465,0 75.859397,30.93796,0 75.85986200000001,30.93831,0 75.860225,30.938599,0 75.859734,30.939046,0 75.860088,30.939307,0 75.859634,30.939705,0 75.85923699999999,30.940014,0 75.858738,30.94039100000001,0 75.858255,30.940728,0 75.858001,30.940913,0 75.85813,30.941366,0 75.858434,30.942255,0 75.85877499999999,30.941912,0 75.859183,30.943201,0 75.860066,30.943175,0 75.860077,30.944215,0 75.86009199999999,30.944971,0 75.859542,30.944996,0 75.858912,30.945016,0 75.858906,30.945152,0 75.858907,30.94520199999999,0 
						</coordinates>
					</LinearRing>
				</outerBoundaryIs>
			</Polygon>
		</Placemark>
	</Document>
	<Document>
		<name>Ward No 4.kml</name>
		<StyleMap id="m_ylw-pushpin7">
			<Pair>
				<key>normal</key>
				<styleUrl>#s_ylw-pushpin7</styleUrl>
			</Pair>
			<Pair>
				<key>highlight</key>
				<styleUrl>#s_ylw-pushpin_hl7</styleUrl>
			</Pair>
		</StyleMap>
		<Style id="s_ylw-pushpin7">
			<IconStyle>
				<scale>1.1</scale>
				<Icon>
					<href>http://maps.google.com/mapfiles/kml/pushpin/ylw-pushpin.png</href>
				</Icon>
				<hotSpot x="20" y="2" xunits="pixels" yunits="pixels"/>
			</IconStyle>
			<LineStyle>
				<color>ffffff55</color>
				<width>3</width>
			</LineStyle>
			<PolyStyle>
				<fill>0</fill>
			</PolyStyle>
		</Style>
		<Style id="s_ylw-pushpin_hl7">
			<IconStyle>
				<scale>1.3</scale>
				<Icon>
					<href>http://maps.google.com/mapfiles/kml/pushpin/ylw-pushpin.png</href>
				</Icon>
				<hotSpot x="20" y="2" xunits="pixels" yunits="pixels"/>
			</IconStyle>
			<LineStyle>
				<color>ffffff55</color>
				<width>3</width>
			</LineStyle>
			<PolyStyle>
				<fill>0</fill>
			</PolyStyle>
		</Style>
		<Placemark>
			<name>Ward No 4.kml</name>
			<styleUrl>#m_ylw-pushpin7</styleUrl>
			<Polygon>
				<tessellate>1</tessellate>
				<outerBoundaryIs>
					<LinearRing>
						<coordinates>
							75.860483,30.934459,0 75.860789,30.935217,0 75.860905,30.93563,0 75.861107,30.936153,0 75.861189,30.936362,0 75.861423,30.936831,0 75.86174800000001,30.937471,0 75.86203399999999,30.937992,0 75.862289,30.938395,0 75.862522,30.938698,0 75.86282199999999,30.939013,0 75.863336,30.939593,0 75.86367300000001,30.939946,0 75.863894,30.940207,0 75.864002,30.940395,0 75.86415700000001,30.94085,0 75.864351,30.941278,0 75.86459600000001,30.941614,0 75.865116,30.942214,0 75.86545599999999,30.942642,0 75.865542,30.942784,0 75.865657,30.943095,0 75.865872,30.943636,0 75.866045,30.944075,0 75.866283,30.944664,0 75.866508,30.945104,0 75.866911,30.94588,0 75.86737100000001,30.946808,0 75.86779300000001,30.947797,0 75.86801,30.948263,0 75.86273300000001,30.948142,0 75.858942,30.948126,0 75.858941,30.946926,0 75.85892800000001,30.946189,0 75.858907,30.94520199999999,0 75.858906,30.945152,0 75.858912,30.945016,0 75.859542,30.944996,0 75.86009199999999,30.944971,0 75.860077,30.944215,0 75.860066,30.943175,0 75.859183,30.943201,0 75.85877499999999,30.941912,0 75.858434,30.942255,0 75.85813,30.941366,0 75.858001,30.940913,0 75.858255,30.940728,0 75.858738,30.94039100000001,0 75.85923699999999,30.940014,0 75.859634,30.939705,0 75.860088,30.939307,0 75.859734,30.939046,0 75.860225,30.938599,0 75.85986200000001,30.93831,0 75.859397,30.93796,0 75.85874,30.937465,0 75.858394,30.937202,0 75.857811,30.936773,0 75.857506,30.936615,0 75.857428,30.936147,0 75.857252,30.935274,0 75.857298,30.935263,0 75.857338,30.935253,0 75.85788700000001,30.935114,0 75.85843199999999,30.93498,0 75.858737,30.934905,0 75.859317,30.934761,0 75.859781,30.934644,0 75.860483,30.934459,0 
						</coordinates>
					</LinearRing>
				</outerBoundaryIs>
			</Polygon>
		</Placemark>
	</Document>
	<Document>
		<name>Ward No 5.kml</name>
		<StyleMap id="m_ylw-pushpin8">
			<Pair>
				<key>normal</key>
				<styleUrl>#s_ylw-pushpin8</styleUrl>
			</Pair>
			<Pair>
				<key>highlight</key>
				<styleUrl>#s_ylw-pushpin_hl8</styleUrl>
			</Pair>
		</StyleMap>
		<Style id="s_ylw-pushpin8">
			<IconStyle>
				<scale>1.1</scale>
				<Icon>
					<href>http://maps.google.com/mapfiles/kml/pushpin/ylw-pushpin.png</href>
				</Icon>
				<hotSpot x="20" y="2" xunits="pixels" yunits="pixels"/>
			</IconStyle>
			<LineStyle>
				<color>ffffff55</color>
				<width>3</width>
			</LineStyle>
			<PolyStyle>
				<fill>0</fill>
			</PolyStyle>
		</Style>
		<Style id="s_ylw-pushpin_hl8">
			<IconStyle>
				<scale>1.3</scale>
				<Icon>
					<href>http://maps.google.com/mapfiles/kml/pushpin/ylw-pushpin.png</href>
				</Icon>
				<hotSpot x="20" y="2" xunits="pixels" yunits="pixels"/>
			</IconStyle>
			<LineStyle>
				<color>ffffff55</color>
				<width>3</width>
			</LineStyle>
			<PolyStyle>
				<fill>0</fill>
			</PolyStyle>
		</Style>
		<Placemark>
			<name>Ward No 5.kml</name>
			<styleUrl>#m_ylw-pushpin8</styleUrl>
			<Polygon>
				<tessellate>1</tessellate>
				<outerBoundaryIs>
					<LinearRing>
						<coordinates>
							75.87874600000001,30.950117,0 75.878545,30.950189,0 75.877077,30.950612,0 75.87692,30.950418,0 75.876307,30.949658,0 75.87539700000001,30.948533,0 75.87523,30.948327,0 75.872343,30.948377,0 75.87199699999999,30.948383,0 75.86806900000001,30.948264,0 75.86801,30.948263,0 75.86779300000001,30.947797,0 75.86737100000001,30.946808,0 75.866911,30.94588,0 75.866508,30.945104,0 75.866283,30.944664,0 75.866045,30.944075,0 75.865872,30.943636,0 75.865657,30.943095,0 75.865542,30.942784,0 75.86545599999999,30.942642,0 75.865116,30.942214,0 75.86459600000001,30.941614,0 75.864351,30.941278,0 75.86415700000001,30.94085,0 75.864002,30.940395,0 75.863894,30.940207,0 75.86367300000001,30.939946,0 75.863336,30.939593,0 75.86282199999999,30.939013,0 75.862522,30.938698,0 75.862289,30.938395,0 75.86203399999999,30.937992,0 75.86174800000001,30.937471,0 75.861423,30.936831,0 75.861189,30.936362,0 75.861107,30.936153,0 75.860905,30.93563,0 75.860789,30.935217,0 75.860483,30.934459,0 75.86049300000001,30.934456,0 75.86115599999999,30.934289,0 75.862188,30.934032,0 75.86268099999999,30.933912,0 75.86323899999999,30.933775,0 75.863421,30.933736,0 75.863798,30.933643,0 75.86438699999999,30.933487,0 75.864499,30.933458,0 75.86494500000001,30.934237,0 75.8651,30.934556,0 75.86529299999999,30.935087,0 75.86579,30.93598799999999,0 75.866015,30.936348,0 75.86629600000001,30.936731,0 75.86650400000001,30.936985,0 75.866732,30.93727,0 75.866986,30.937574,0 75.867453,30.938131,0 75.867788,30.938528,0 75.867958,30.938721,0 75.86836099999999,30.93906,0 75.86883400000001,30.939489,0 75.869074,30.939716,0 75.869373,30.939951,0 75.86968,30.940176,0 75.87000999999999,30.940536,0 75.870234,30.940991,0 75.870362,30.941209,0 75.870586,30.941539,0 75.87084400000001,30.941855,0 75.871216,30.94221,0 75.87155799999999,30.942584,0 75.872152,30.943206,0 75.872575,30.943647,0 75.873231,30.944334,0 75.87361900000001,30.944823,0 75.873952,30.945223,0 75.874382,30.945652,0 75.87499699999999,30.946273,0 75.875517,30.9467,0 75.875703,30.946841,0 75.87601600000001,30.947106,0 75.87624,30.947302,0 75.876513,30.947613,0 75.876777,30.947928,0 75.87708600000001,30.948287,0 75.87756299999999,30.948791,0 75.878297,30.949539,0 75.878653,30.949985,0 75.87874600000001,30.950117,0 
						</coordinates>
					</LinearRing>
				</outerBoundaryIs>
			</Polygon>
		</Placemark>
	</Document>
	<Document>
		<name>Ward No 6.kml</name>
		<StyleMap id="m_ylw-pushpin9">
			<Pair>
				<key>normal</key>
				<styleUrl>#s_ylw-pushpin9</styleUrl>
			</Pair>
			<Pair>
				<key>highlight</key>
				<styleUrl>#s_ylw-pushpin_hl9</styleUrl>
			</Pair>
		</StyleMap>
		<Style id="s_ylw-pushpin9">
			<IconStyle>
				<scale>1.1</scale>
				<Icon>
					<href>http://maps.google.com/mapfiles/kml/pushpin/ylw-pushpin.png</href>
				</Icon>
				<hotSpot x="20" y="2" xunits="pixels" yunits="pixels"/>
			</IconStyle>
			<LineStyle>
				<color>ffffff55</color>
				<width>3</width>
			</LineStyle>
			<PolyStyle>
				<fill>0</fill>
			</PolyStyle>
		</Style>
		<Style id="s_ylw-pushpin_hl9">
			<IconStyle>
				<scale>1.3</scale>
				<Icon>
					<href>http://maps.google.com/mapfiles/kml/pushpin/ylw-pushpin.png</href>
				</Icon>
				<hotSpot x="20" y="2" xunits="pixels" yunits="pixels"/>
			</IconStyle>
			<LineStyle>
				<color>ffffff55</color>
				<width>3</width>
			</LineStyle>
			<PolyStyle>
				<fill>0</fill>
			</PolyStyle>
		</Style>
		<Placemark>
			<name>Ward No 6.kml</name>
			<styleUrl>#m_ylw-pushpin9</styleUrl>
			<Polygon>
				<tessellate>1</tessellate>
				<outerBoundaryIs>
					<LinearRing>
						<coordinates>
							75.891537,30.947314,0 75.88654,30.948695,0 75.884286,30.949318,0 75.884263,30.949325,0 75.883825,30.949462,0 75.882486,30.94980899999999,0 75.880751,30.950125,0 75.880216,30.950207,0 75.879563,30.950013,0 75.87898,30.950034,0 75.87874600000001,30.950117,0 75.878653,30.949985,0 75.878297,30.949539,0 75.87756299999999,30.948791,0 75.87708600000001,30.948287,0 75.876777,30.947928,0 75.876513,30.947613,0 75.87624,30.947302,0 75.87601600000001,30.947106,0 75.875703,30.946841,0 75.875517,30.9467,0 75.87499699999999,30.946273,0 75.874382,30.945652,0 75.873952,30.945223,0 75.87361900000001,30.944823,0 75.873231,30.944334,0 75.872575,30.943647,0 75.872152,30.943206,0 75.87155799999999,30.942584,0 75.871216,30.94221,0 75.87084400000001,30.941855,0 75.870586,30.941539,0 75.870362,30.941209,0 75.870234,30.940991,0 75.87000999999999,30.940536,0 75.86968,30.940176,0 75.869373,30.939951,0 75.869074,30.939716,0 75.86883400000001,30.939489,0 75.86836099999999,30.93906,0 75.867958,30.938721,0 75.867788,30.938528,0 75.867453,30.938131,0 75.866986,30.937574,0 75.866732,30.93727,0 75.86650400000001,30.936985,0 75.86629600000001,30.936731,0 75.866015,30.936348,0 75.86579,30.93598799999999,0 75.86529299999999,30.935087,0 75.8651,30.934556,0 75.86494500000001,30.934237,0 75.864499,30.933458,0 75.864631,30.933424,0 75.86514099999999,30.933287,0 75.86558599999999,30.933185,0 75.866236,30.933028,0 75.866677,30.932932,0 75.866884,30.932873,0 75.867097,30.932811,0 75.867588,30.932642,0 75.868105,30.932451,0 75.868574,30.932239,0 75.869118,30.931945,0 75.869467,30.931734,0 75.869876,30.931448,0 75.870141,30.93123,0 75.870317,30.931089,0 75.87034300000001,30.931064,0 75.87038800000001,30.931021,0 75.870699,30.931266,0 75.871335,30.931885,0 75.872392,30.932975,0 75.872798,30.933393,0 75.87304399999999,30.933616,0 75.873249,30.933771,0 75.873441,30.933913,0 75.873711,30.934113,0 75.87397900000001,30.934323,0 75.874307,30.934571,0 75.874769,30.934916,0 75.87531300000001,30.935288,0 75.875659,30.935533,0 75.875957,30.935746,0 75.87661300000001,30.93627,0 75.877005,30.936639,0 75.877387,30.937028,0 75.877769,30.937427,0 75.878,30.937661,0 75.878294,30.937959,0 75.878502,30.938169,0 75.878792,30.938499,0 75.879177,30.938797,0 75.87939799999999,30.938961,0 75.87966,30.939154,0 75.880072,30.939403,0 75.88076,30.939856,0 75.881174,30.940134,0 75.881788,30.940531,0 75.882014,30.940682,0 75.882231,30.94081,0 75.882975,30.941284,0 75.88346900000001,30.941617,0 75.88405899999999,30.942008,0 75.88504500000001,30.942675,0 75.885761,30.943142,0 75.886836,30.943902,0 75.887477,30.944335,0 75.88853899999999,30.945085,0 75.889109,30.945601,0 75.889995,30.946378,0 75.890191,30.946564,0 75.890564,30.946798,0 75.89112799999999,30.947083,0 75.8914,30.947243,0 75.891502,30.947295,0 75.891537,30.947314,0 
						</coordinates>
					</LinearRing>
				</outerBoundaryIs>
			</Polygon>
		</Placemark>
	</Document>
	<Document>
		<name>Ward No 7.kml</name>
		<StyleMap id="m_ylw-pushpin10">
			<Pair>
				<key>normal</key>
				<styleUrl>#s_ylw-pushpin10</styleUrl>
			</Pair>
			<Pair>
				<key>highlight</key>
				<styleUrl>#s_ylw-pushpin_hl10</styleUrl>
			</Pair>
		</StyleMap>
		<Style id="s_ylw-pushpin10">
			<IconStyle>
				<scale>1.1</scale>
				<Icon>
					<href>http://maps.google.com/mapfiles/kml/pushpin/ylw-pushpin.png</href>
				</Icon>
				<hotSpot x="20" y="2" xunits="pixels" yunits="pixels"/>
			</IconStyle>
			<LineStyle>
				<color>ffffff55</color>
				<width>3</width>
			</LineStyle>
			<PolyStyle>
				<fill>0</fill>
			</PolyStyle>
		</Style>
		<Style id="s_ylw-pushpin_hl10">
			<IconStyle>
				<scale>1.3</scale>
				<Icon>
					<href>http://maps.google.com/mapfiles/kml/pushpin/ylw-pushpin.png</href>
				</Icon>
				<hotSpot x="20" y="2" xunits="pixels" yunits="pixels"/>
			</IconStyle>
			<LineStyle>
				<color>ffffff55</color>
				<width>3</width>
			</LineStyle>
			<PolyStyle>
				<fill>0</fill>
			</PolyStyle>
		</Style>
		<Placemark>
			<name>Ward No 7.kml</name>
			<styleUrl>#m_ylw-pushpin10</styleUrl>
			<Polygon>
				<tessellate>1</tessellate>
				<outerBoundaryIs>
					<LinearRing>
						<coordinates>
							75.889669,30.938121,0 75.889533,30.940701,0 75.88951900000001,30.940971,0 75.889543,30.941013,0 75.88983399999999,30.941531,0 75.89012700000001,30.942135,0 75.891102,30.944143,0 75.891109,30.944152,0 75.892937,30.946663,0 75.891822,30.947235,0 75.89166400000001,30.947278,0 75.89163600000001,30.947286,0 75.89158399999999,30.947301,0 75.891537,30.947314,0 75.891502,30.947295,0 75.8914,30.947243,0 75.89112799999999,30.947083,0 75.890564,30.946798,0 75.890191,30.946564,0 75.889995,30.946378,0 75.889109,30.945601,0 75.88853899999999,30.945085,0 75.887477,30.944335,0 75.886836,30.943902,0 75.885761,30.943142,0 75.88504500000001,30.942675,0 75.88405899999999,30.942008,0 75.88346900000001,30.941617,0 75.882975,30.941284,0 75.882231,30.94081,0 75.882014,30.940682,0 75.881788,30.940531,0 75.881174,30.940134,0 75.88076,30.939856,0 75.880072,30.939403,0 75.87966,30.939154,0 75.87939799999999,30.938961,0 75.879177,30.938797,0 75.878792,30.938499,0 75.878502,30.938169,0 75.878294,30.937959,0 75.878,30.937661,0 75.877769,30.937427,0 75.877387,30.937028,0 75.877005,30.936639,0 75.87661300000001,30.93627,0 75.875957,30.935746,0 75.875659,30.935533,0 75.87531300000001,30.935288,0 75.874769,30.934916,0 75.874307,30.934571,0 75.87397900000001,30.934323,0 75.873711,30.934113,0 75.873441,30.933913,0 75.873249,30.933771,0 75.87304399999999,30.933616,0 75.872798,30.933393,0 75.872392,30.932975,0 75.871335,30.931885,0 75.870699,30.931266,0 75.87038800000001,30.931021,0 75.870514,30.930903,0 75.870695,30.930728,0 75.87091100000001,30.930504,0 75.87114200000001,30.930251,0 75.87130399999999,30.930057,0 75.871443,30.929886,0 75.87157999999999,30.92968400000001,0 75.871684,30.929521,0 75.871987,30.929653,0 75.87259899999999,30.929908,0 75.87347200000001,30.930267,0 75.873964,30.930482,0 75.874112,30.930539,0 75.874174,30.930563,0 75.874326,30.930626,0 75.874544,30.93068,0 75.874683,30.930704,0 75.874788,30.930733,0 75.875208,30.930936,0 75.875755,30.93129100000001,0 75.876131,30.931477,0 75.876696,30.931725,0 75.8772,30.931968,0 75.877394,30.932002,0 75.877729,30.932018,0 75.878214,30.932116,0 75.878685,30.932216,0 75.87942099999999,30.932355,0 75.879932,30.932443,0 75.880897,30.932623,0 75.880399,30.932156,0 75.880284,30.932017,0 75.881181,30.931454,0 75.881759,30.931099,0 75.88206,30.930913,0 75.88240500000001,30.930738,0 75.882918,30.930517,0 75.88325399999999,30.931018,0 75.883759,30.931694,0 75.884158,30.93225199999999,0 75.884067,30.932411,0 75.884187,30.933774,0 75.88421200000001,30.934146,0 75.88420000000001,30.935063,0 75.884192,30.935186,0 75.884051,30.935187,0 75.88396299999999,30.93589,0 75.885064,30.936777,0 75.88518000000001,30.93683,0 75.887204,30.937301,0 75.88794,30.937576,0 75.888306,30.937732,0 75.889055,30.93798,0 75.889658,30.938118,0 75.889669,30.938121,0 
						</coordinates>
					</LinearRing>
				</outerBoundaryIs>
			</Polygon>
		</Placemark>
	</Document>
	<Document>
		<name>Ward No 8.kml</name>
		<StyleMap id="m_ylw-pushpin11">
			<Pair>
				<key>normal</key>
				<styleUrl>#s_ylw-pushpin11</styleUrl>
			</Pair>
			<Pair>
				<key>highlight</key>
				<styleUrl>#s_ylw-pushpin_hl11</styleUrl>
			</Pair>
		</StyleMap>
		<Style id="s_ylw-pushpin11">
			<IconStyle>
				<scale>1.1</scale>
				<Icon>
					<href>http://maps.google.com/mapfiles/kml/pushpin/ylw-pushpin.png</href>
				</Icon>
				<hotSpot x="20" y="2" xunits="pixels" yunits="pixels"/>
			</IconStyle>
			<LineStyle>
				<color>ffffff55</color>
				<width>3</width>
			</LineStyle>
			<PolyStyle>
				<fill>0</fill>
			</PolyStyle>
		</Style>
		<Style id="s_ylw-pushpin_hl11">
			<IconStyle>
				<scale>1.3</scale>
				<Icon>
					<href>http://maps.google.com/mapfiles/kml/pushpin/ylw-pushpin.png</href>
				</Icon>
				<hotSpot x="20" y="2" xunits="pixels" yunits="pixels"/>
			</IconStyle>
			<LineStyle>
				<color>ffffff55</color>
				<width>3</width>
			</LineStyle>
			<PolyStyle>
				<fill>0</fill>
			</PolyStyle>
		</Style>
		<Placemark>
			<name>Ward No 8.kml</name>
			<styleUrl>#m_ylw-pushpin11</styleUrl>
			<Polygon>
				<tessellate>1</tessellate>
				<outerBoundaryIs>
					<LinearRing>
						<coordinates>
							75.860483,30.934459,0 75.859781,30.934644,0 75.859317,30.934761,0 75.858737,30.934905,0 75.85843199999999,30.93498,0 75.85788700000001,30.935114,0 75.857338,30.935253,0 75.857259,30.934778,0 75.85713199999999,30.933871,0 75.857795,30.933669,0 75.858074,30.933586,0 75.858287,30.933507,0 75.85838,30.933464,0 75.858626,30.933286,0 75.859281,30.932832,0 75.85985700000001,30.932442,0 75.85983299999999,30.93218,0 75.859829,30.931679,0 75.85988,30.931048,0 75.859954,30.930295,0 75.85998600000001,30.929744,0 75.859972,30.929502,0 75.859934,30.928901,0 75.85997,30.928515,0 75.860041,30.928277,0 75.860148,30.927958,0 75.860331,30.927389,0 75.86039100000001,30.92674,0 75.860429,30.926468,0 75.86051399999999,30.926209,0 75.860551,30.926079,0 75.86047499999999,30.925809,0 75.860418,30.92569599999999,0 75.860339,30.925424,0 75.860237,30.925089,0 75.860207,30.924951,0 75.860169,30.924851,0 75.860061,30.924726,0 75.860129,30.924672,0 75.860885,30.924117,0 75.861574,30.92355,0 75.86183,30.923309,0 75.862398,30.922816,0 75.863026,30.92231,0 75.863529,30.921923,0 75.863698,30.922061,0 75.864197,30.922454,0 75.864419,30.922719,0 75.864589,30.923276,0 75.86456800000001,30.923606,0 75.864553,30.923789,0 75.864442,30.924121,0 75.864181,30.924721,0 75.863997,30.925137,0 75.86374000000001,30.925665,0 75.863613,30.925981,0 75.863578,30.926065,0 75.863564,30.92624,0 75.863574,30.926383,0 75.863609,30.926526,0 75.863652,30.926647,0 75.86367199999999,30.926728,0 75.86366599999999,30.926787,0 75.86363799999999,30.926822,0 75.864119,30.927095,0 75.864503,30.927332,0 75.86486600000001,30.927528,0 75.86519199999999,30.92772,0 75.865607,30.927972,0 75.86631800000001,30.928387,0 75.86688100000001,30.928724,0 75.867396,30.929032,0 75.86760599999999,30.929158,0 75.867817,30.929265,0 75.868382,30.929581,0 75.868897,30.929914,0 75.86932400000001,30.930239,0 75.869877,30.930711,0 75.870259,30.930994,0 75.87034300000001,30.931064,0 75.870317,30.931089,0 75.870141,30.93123,0 75.869876,30.931448,0 75.869467,30.931734,0 75.869118,30.931945,0 75.868574,30.932239,0 75.868105,30.932451,0 75.867588,30.932642,0 75.867097,30.932811,0 75.866884,30.932873,0 75.866677,30.932932,0 75.866236,30.933028,0 75.86558599999999,30.933185,0 75.86514099999999,30.933287,0 75.864631,30.933424,0 75.864499,30.933458,0 75.86438699999999,30.933487,0 75.863798,30.933643,0 75.863421,30.933736,0 75.86323899999999,30.933775,0 75.86268099999999,30.933912,0 75.862188,30.934032,0 75.86115599999999,30.934289,0 75.86049300000001,30.934456,0 75.860483,30.934459,0 
						</coordinates>
					</LinearRing>
				</outerBoundaryIs>
			</Polygon>
		</Placemark>
	</Document>
	<Document>
		<name>Ward No 9.kml</name>
		<StyleMap id="m_ylw-pushpin12">
			<Pair>
				<key>normal</key>
				<styleUrl>#s_ylw-pushpin12</styleUrl>
			</Pair>
			<Pair>
				<key>highlight</key>
				<styleUrl>#s_ylw-pushpin_hl12</styleUrl>
			</Pair>
		</StyleMap>
		<Style id="s_ylw-pushpin12">
			<IconStyle>
				<scale>1.1</scale>
				<Icon>
					<href>http://maps.google.com/mapfiles/kml/pushpin/ylw-pushpin.png</href>
				</Icon>
				<hotSpot x="20" y="2" xunits="pixels" yunits="pixels"/>
			</IconStyle>
			<LineStyle>
				<color>ffffff55</color>
				<width>3</width>
			</LineStyle>
			<PolyStyle>
				<fill>0</fill>
			</PolyStyle>
		</Style>
		<Style id="s_ylw-pushpin_hl12">
			<IconStyle>
				<scale>1.3</scale>
				<Icon>
					<href>http://maps.google.com/mapfiles/kml/pushpin/ylw-pushpin.png</href>
				</Icon>
				<hotSpot x="20" y="2" xunits="pixels" yunits="pixels"/>
			</IconStyle>
			<LineStyle>
				<color>ffffff55</color>
				<width>3</width>
			</LineStyle>
			<PolyStyle>
				<fill>0</fill>
			</PolyStyle>
		</Style>
		<Placemark>
			<name>Ward No 9.kml</name>
			<styleUrl>#m_ylw-pushpin12</styleUrl>
			<Polygon>
				<tessellate>1</tessellate>
				<outerBoundaryIs>
					<LinearRing>
						<coordinates>
							75.87038800000001,30.931021,0 75.87034300000001,30.931064,0 75.870259,30.930994,0 75.869877,30.930711,0 75.86932400000001,30.930239,0 75.868897,30.929914,0 75.868382,30.929581,0 75.867817,30.929265,0 75.86760599999999,30.929158,0 75.867396,30.929032,0 75.86688100000001,30.928724,0 75.86631800000001,30.928387,0 75.865607,30.927972,0 75.86519199999999,30.92772,0 75.86486600000001,30.927528,0 75.864503,30.927332,0 75.864119,30.927095,0 75.86363799999999,30.926822,0 75.86366599999999,30.926787,0 75.86367199999999,30.926728,0 75.863652,30.926647,0 75.863609,30.926526,0 75.863574,30.926383,0 75.863564,30.92624,0 75.863578,30.926065,0 75.863613,30.925981,0 75.86374000000001,30.925665,0 75.863997,30.925137,0 75.864181,30.924721,0 75.864442,30.924121,0 75.864553,30.923789,0 75.86456800000001,30.923606,0 75.864589,30.923276,0 75.86504499999999,30.923691,0 75.865656,30.924237,0 75.86608699999999,30.923881,0 75.866676,30.923383,0 75.867088,30.923018,0 75.867482,30.922645,0 75.868021,30.922152,0 75.86864300000001,30.921586,0 75.86929000000001,30.922296,0 75.869675,30.923038,0 75.870209,30.922647,0 75.87075400000001,30.92231,0 75.87119800000001,30.922022,0 75.871702,30.921738,0 75.872246,30.92139,0 75.872728,30.921053,0 75.87336000000001,30.920643,0 75.87382599999999,30.920334,0 75.87481699999999,30.919708,0 75.875872,30.918854,0 75.876109,30.918699,0 75.876256,30.918602,0 75.876133,30.918917,0 75.87590400000001,30.919487,0 75.875771,30.919867,0 75.87566099999999,30.920123,0 75.875443,30.920603,0 75.875265,30.921055,0 75.874973,30.921793,0 75.874799,30.922228,0 75.874724,30.922441,0 75.874664,30.922619,0 75.87454,30.922938,0 75.87436599999999,30.923366,0 75.874037,30.924171,0 75.873705,30.924999,0 75.873442,30.92566,0 75.87311,30.926472,0 75.87289199999999,30.92697,0 75.87270599999999,30.927421,0 75.872508,30.927889,0 75.872349,30.928264,0 75.87218300000001,30.92864000000001,0 75.87205,30.928905,0 75.87190699999999,30.929166,0 75.871796,30.929347,0 75.871684,30.929521,0 75.87157999999999,30.92968400000001,0 75.871443,30.929886,0 75.87130399999999,30.930057,0 75.87114200000001,30.930251,0 75.87091100000001,30.930504,0 75.870695,30.930728,0 75.870514,30.930903,0 75.87038800000001,30.931021,0 
						</coordinates>
					</LinearRing>
				</outerBoundaryIs>
			</Polygon>
		</Placemark>
	</Document>
	<Document>
		<name>Ward No 10.kml</name>
		<StyleMap id="m_ylw-pushpin13">
			<Pair>
				<key>normal</key>
				<styleUrl>#s_ylw-pushpin13</styleUrl>
			</Pair>
			<Pair>
				<key>highlight</key>
				<styleUrl>#s_ylw-pushpin_hl13</styleUrl>
			</Pair>
		</StyleMap>
		<Style id="s_ylw-pushpin13">
			<IconStyle>
				<scale>1.1</scale>
				<Icon>
					<href>http://maps.google.com/mapfiles/kml/pushpin/ylw-pushpin.png</href>
				</Icon>
				<hotSpot x="20" y="2" xunits="pixels" yunits="pixels"/>
			</IconStyle>
			<LineStyle>
				<color>ffffff55</color>
				<width>3</width>
			</LineStyle>
			<PolyStyle>
				<fill>0</fill>
			</PolyStyle>
		</Style>
		<Style id="s_ylw-pushpin_hl13">
			<IconStyle>
				<scale>1.3</scale>
				<Icon>
					<href>http://maps.google.com/mapfiles/kml/pushpin/ylw-pushpin.png</href>
				</Icon>
				<hotSpot x="20" y="2" xunits="pixels" yunits="pixels"/>
			</IconStyle>
			<LineStyle>
				<color>ffffff55</color>
				<width>3</width>
			</LineStyle>
			<PolyStyle>
				<fill>0</fill>
			</PolyStyle>
		</Style>
		<Placemark>
			<name>Ward No 10.kml</name>
			<styleUrl>#m_ylw-pushpin13</styleUrl>
			<Polygon>
				<tessellate>1</tessellate>
				<outerBoundaryIs>
					<LinearRing>
						<coordinates>
							75.876256,30.918602,0 75.876109,30.918699,0 75.875872,30.918854,0 75.87481699999999,30.919708,0 75.87382599999999,30.920334,0 75.87336000000001,30.920643,0 75.872728,30.921053,0 75.872246,30.92139,0 75.871702,30.921738,0 75.87119800000001,30.922022,0 75.87075400000001,30.92231,0 75.870209,30.922647,0 75.869675,30.923038,0 75.86929000000001,30.922296,0 75.86864300000001,30.921586,0 75.868021,30.922152,0 75.867482,30.922645,0 75.867088,30.923018,0 75.866676,30.923383,0 75.86608699999999,30.923881,0 75.865656,30.924237,0 75.86504499999999,30.923691,0 75.864589,30.923276,0 75.864419,30.922719,0 75.864197,30.922454,0 75.863698,30.922061,0 75.863529,30.921923,0 75.86353200000001,30.921921,0 75.86414499999999,30.921347,0 75.86479,30.920735,0 75.86519,30.920381,0 75.86575000000001,30.919879,0 75.86621599999999,30.919465,0 75.866704,30.919069,0 75.867029,30.918891,0 75.867627,30.918634,0 75.867969,30.918442,0 75.868272,30.91826,0 75.868528,30.918092,0 75.86892899999999,30.917649,0 75.86909,30.917534,0 75.869451,30.917357,0 75.87018,30.917235,0 75.87029800000001,30.917216,0 75.870909,30.917122,0 75.871696,30.917009,0 75.872316,30.916932,0 75.872641,30.916876,0 75.87327000000001,30.916838,0 75.87361900000001,30.916862,0 75.874257,30.916883,0 75.875173,30.916891,0 75.875855,30.916917,0 75.87685,30.917144,0 75.876774,30.917334,0 75.876729,30.917442,0 75.87639,30.918258,0 75.876256,30.918602,0 
						</coordinates>
					</LinearRing>
				</outerBoundaryIs>
			</Polygon>
		</Placemark>
	</Document>
	<Document>
		<name>Ward No 11.kml</name>
		<StyleMap id="m_ylw-pushpin14">
			<Pair>
				<key>normal</key>
				<styleUrl>#s_ylw-pushpin14</styleUrl>
			</Pair>
			<Pair>
				<key>highlight</key>
				<styleUrl>#s_ylw-pushpin_hl14</styleUrl>
			</Pair>
		</StyleMap>
		<Style id="s_ylw-pushpin14">
			<IconStyle>
				<scale>1.1</scale>
				<Icon>
					<href>http://maps.google.com/mapfiles/kml/pushpin/ylw-pushpin.png</href>
				</Icon>
				<hotSpot x="20" y="2" xunits="pixels" yunits="pixels"/>
			</IconStyle>
			<LineStyle>
				<color>ffffff55</color>
				<width>3</width>
			</LineStyle>
			<PolyStyle>
				<fill>0</fill>
			</PolyStyle>
		</Style>
		<Style id="s_ylw-pushpin_hl14">
			<IconStyle>
				<scale>1.3</scale>
				<Icon>
					<href>http://maps.google.com/mapfiles/kml/pushpin/ylw-pushpin.png</href>
				</Icon>
				<hotSpot x="20" y="2" xunits="pixels" yunits="pixels"/>
			</IconStyle>
			<LineStyle>
				<color>ffffff55</color>
				<width>3</width>
			</LineStyle>
			<PolyStyle>
				<fill>0</fill>
			</PolyStyle>
		</Style>
		<Placemark>
			<name>Ward No 11.kml</name>
			<styleUrl>#m_ylw-pushpin14</styleUrl>
			<Polygon>
				<tessellate>1</tessellate>
				<outerBoundaryIs>
					<LinearRing>
						<coordinates>
							75.882152,30.925569,0 75.88190899999999,30.925766,0 75.881421,30.926175,0 75.88095800000001,30.926611,0 75.880488,30.927027,0 75.88006300000001,30.926701,0 75.879159,30.926085,0 75.879025,30.926104,0 75.87845,30.92637,0 75.877487,30.926827,0 75.87651200000001,30.927312,0 75.875304,30.927926,0 75.875225,30.927815,0 75.874714,30.928156,0 75.874657,30.928243,0 75.87519,30.928406,0 75.87536799999999,30.928517,0 75.875286,30.928645,0 75.875056,30.928986,0 75.87470999999999,30.929591,0 75.87435600000001,30.930146,0 75.874112,30.930539,0 75.873964,30.930482,0 75.87347200000001,30.930267,0 75.87259899999999,30.929908,0 75.871987,30.929653,0 75.871684,30.929521,0 75.871796,30.929347,0 75.87190699999999,30.929166,0 75.87205,30.928905,0 75.87218300000001,30.92864000000001,0 75.872349,30.928264,0 75.872508,30.927889,0 75.87270599999999,30.927421,0 75.87289199999999,30.92697,0 75.87311,30.926472,0 75.873442,30.92566,0 75.873705,30.924999,0 75.874037,30.924171,0 75.87436599999999,30.923366,0 75.87454,30.922938,0 75.874664,30.922619,0 75.874724,30.922441,0 75.874799,30.922228,0 75.874973,30.921793,0 75.875265,30.921055,0 75.875443,30.920603,0 75.87566099999999,30.920123,0 75.875771,30.919867,0 75.87590400000001,30.919487,0 75.876133,30.918917,0 75.876256,30.918602,0 75.87639,30.918258,0 75.876729,30.917442,0 75.877199,30.917707,0 75.877464,30.917854,0 75.87780100000001,30.918073,0 75.878225,30.918359,0 75.87855,30.918562,0 75.878996,30.918836,0 75.879407,30.919073,0 75.879789,30.919279,0 75.880154,30.919473,0 75.880556,30.919769,0 75.880509,30.919935,0 75.880488,30.920231,0 75.880844,30.920867,0 75.881197,30.921357,0 75.88139200000001,30.921636,0 75.881897,30.922281,0 75.882018,30.922452,0 75.88184,30.922577,0 75.881467,30.922714,0 75.881685,30.923451,0 75.881758,30.923739,0 75.88185300000001,30.924138,0 75.88195899999999,30.924541,0 75.882023,30.924896,0 75.882087,30.92528,0 75.882152,30.925569,0 
						</coordinates>
					</LinearRing>
				</outerBoundaryIs>
			</Polygon>
		</Placemark>
	</Document>
	<Document>
		<name>Ward No 12.kml</name>
		<StyleMap id="m_ylw-pushpin15">
			<Pair>
				<key>normal</key>
				<styleUrl>#s_ylw-pushpin15</styleUrl>
			</Pair>
			<Pair>
				<key>highlight</key>
				<styleUrl>#s_ylw-pushpin_hl15</styleUrl>
			</Pair>
		</StyleMap>
		<Style id="s_ylw-pushpin15">
			<IconStyle>
				<scale>1.1</scale>
				<Icon>
					<href>http://maps.google.com/mapfiles/kml/pushpin/ylw-pushpin.png</href>
				</Icon>
				<hotSpot x="20" y="2" xunits="pixels" yunits="pixels"/>
			</IconStyle>
			<LineStyle>
				<color>ffffff55</color>
				<width>3</width>
			</LineStyle>
			<PolyStyle>
				<fill>0</fill>
			</PolyStyle>
		</Style>
		<Style id="s_ylw-pushpin_hl15">
			<IconStyle>
				<scale>1.3</scale>
				<Icon>
					<href>http://maps.google.com/mapfiles/kml/pushpin/ylw-pushpin.png</href>
				</Icon>
				<hotSpot x="20" y="2" xunits="pixels" yunits="pixels"/>
			</IconStyle>
			<LineStyle>
				<color>ffffff55</color>
				<width>3</width>
			</LineStyle>
			<PolyStyle>
				<fill>0</fill>
			</PolyStyle>
		</Style>
		<Placemark>
			<name>Ward No 12.kml</name>
			<styleUrl>#m_ylw-pushpin15</styleUrl>
			<Polygon>
				<tessellate>1</tessellate>
				<outerBoundaryIs>
					<LinearRing>
						<coordinates>
							75.882918,30.930517,0 75.88240500000001,30.930738,0 75.88206,30.930913,0 75.881759,30.931099,0 75.881181,30.931454,0 75.880284,30.932017,0 75.880399,30.932156,0 75.880897,30.932623,0 75.879932,30.932443,0 75.87942099999999,30.932355,0 75.878685,30.932216,0 75.878214,30.932116,0 75.877729,30.932018,0 75.877394,30.932002,0 75.8772,30.931968,0 75.876696,30.931725,0 75.876131,30.931477,0 75.875755,30.93129100000001,0 75.875208,30.930936,0 75.874788,30.930733,0 75.874683,30.930704,0 75.874544,30.93068,0 75.874326,30.930626,0 75.874174,30.930563,0 75.874112,30.930539,0 75.87435600000001,30.930146,0 75.87470999999999,30.929591,0 75.875056,30.928986,0 75.875286,30.928645,0 75.87536799999999,30.928517,0 75.87519,30.928406,0 75.874657,30.928243,0 75.874714,30.928156,0 75.875225,30.927815,0 75.875304,30.927926,0 75.87651200000001,30.927312,0 75.877487,30.926827,0 75.87845,30.92637,0 75.879025,30.926104,0 75.879159,30.926085,0 75.88006300000001,30.926701,0 75.880488,30.927027,0 75.88095800000001,30.926611,0 75.881421,30.926175,0 75.88190899999999,30.925766,0 75.882152,30.925569,0 75.88218999999999,30.92569,0 75.882211,30.925951,0 75.88231,30.926389,0 75.88246100000001,30.927009,0 75.882518,30.927316,0 75.882622,30.927854,0 75.88273100000001,30.928192,0 75.883177,30.928112,0 75.883505,30.92804,0 75.884032,30.927936,0 75.884461,30.927854,0 75.884615,30.927832,0 75.884709,30.927844,0 75.885115,30.927955,0 75.885328,30.928024,0 75.88524099999999,30.928322,0 75.885176,30.928633,0 75.884985,30.929531,0 75.88481400000001,30.930133,0 75.884586,30.929959,0 75.883869,30.930186,0 75.883279,30.930362,0 75.882918,30.930517,0 
						</coordinates>
					</LinearRing>
				</outerBoundaryIs>
			</Polygon>
		</Placemark>
	</Document>
	<Document>
		<name>Ward No 13.kml</name>
		<StyleMap id="m_ylw-pushpin16">
			<Pair>
				<key>normal</key>
				<styleUrl>#s_ylw-pushpin16</styleUrl>
			</Pair>
			<Pair>
				<key>highlight</key>
				<styleUrl>#s_ylw-pushpin_hl16</styleUrl>
			</Pair>
		</StyleMap>
		<Style id="s_ylw-pushpin16">
			<IconStyle>
				<scale>1.1</scale>
				<Icon>
					<href>http://maps.google.com/mapfiles/kml/pushpin/ylw-pushpin.png</href>
				</Icon>
				<hotSpot x="20" y="2" xunits="pixels" yunits="pixels"/>
			</IconStyle>
			<LineStyle>
				<color>ffffff55</color>
				<width>3</width>
			</LineStyle>
			<PolyStyle>
				<fill>0</fill>
			</PolyStyle>
		</Style>
		<Style id="s_ylw-pushpin_hl16">
			<IconStyle>
				<scale>1.3</scale>
				<Icon>
					<href>http://maps.google.com/mapfiles/kml/pushpin/ylw-pushpin.png</href>
				</Icon>
				<hotSpot x="20" y="2" xunits="pixels" yunits="pixels"/>
			</IconStyle>
			<LineStyle>
				<color>ffffff55</color>
				<width>3</width>
			</LineStyle>
			<PolyStyle>
				<fill>0</fill>
			</PolyStyle>
		</Style>
		<Placemark>
			<name>Ward No 13.kml</name>
			<styleUrl>#m_ylw-pushpin16</styleUrl>
			<Polygon>
				<tessellate>1</tessellate>
				<outerBoundaryIs>
					<LinearRing>
						<coordinates>
							75.891096,30.93737399999999,0 75.890581,30.937618,0 75.889832,30.937991,0 75.889672,30.93807,0 75.889669,30.938121,0 75.889658,30.938118,0 75.889055,30.93798,0 75.888306,30.937732,0 75.88794,30.937576,0 75.887204,30.937301,0 75.88518000000001,30.93683,0 75.885064,30.936777,0 75.88396299999999,30.93589,0 75.884051,30.935187,0 75.884192,30.935186,0 75.88420000000001,30.935063,0 75.88421200000001,30.934146,0 75.884187,30.933774,0 75.884067,30.932411,0 75.884158,30.93225199999999,0 75.883759,30.931694,0 75.88325399999999,30.931018,0 75.882918,30.930517,0 75.883279,30.930362,0 75.883869,30.930186,0 75.884586,30.929959,0 75.88481400000001,30.930133,0 75.884985,30.929531,0 75.885176,30.928633,0 75.88524099999999,30.928322,0 75.885328,30.928024,0 75.885362,30.928035,0 75.88559100000001,30.928112,0 75.885836,30.928194,0 75.886009,30.928243,0 75.886304,30.928346,0 75.886583,30.928479,0 75.88679399999999,30.928579,0 75.88721099999999,30.928769,0 75.88753800000001,30.928921,0 75.88789300000001,30.9291,0 75.88822999999999,30.929222,0 75.888595,30.929349,0 75.88909,30.929535,0 75.889454,30.929655,0 75.89004,30.929853,0 75.890107,30.929864,0 75.891094,30.929889,0 75.89220899999999,30.929903,0 75.892454,30.929921,0 75.89261399999999,30.929675,0 75.89292399999999,30.929189,0 75.893242,30.928649,0 75.893479,30.928279,0 75.89376,30.927782,0 75.894018,30.927373,0 75.894285,30.92689,0 75.894437,30.926648,0 75.894548,30.926455,0 75.894739,30.926149,0 75.894914,30.925857,0 75.894959,30.925793,0 75.895185,30.925895,0 75.895202,30.925903,0 75.89564,30.926084,0 75.896254,30.926335,0 75.89671,30.926544,0 75.89737700000001,30.926807,0 75.897395,30.928615,0 75.897408,30.929878,0 75.897436,30.930813,0 75.898112,30.9308,0 75.898111,30.931025,0 75.896863,30.931029,0 75.895466,30.931035,0 75.89546900000001,30.93196,0 75.89546,30.932462,0 75.894547,30.932478,0 75.89353199999999,30.932473,0 75.892261,30.932482,0 75.892276,30.931707,0 75.891357,30.932603,0 75.890524,30.933425,0 75.89023400000001,30.933679,0 75.88991900000001,30.934131,0 75.889771,30.93439,0 75.889478,30.934999,0 75.88905699999999,30.935808,0 75.891069,30.935775,0 75.891096,30.93737399999999,0 
						</coordinates>
					</LinearRing>
				</outerBoundaryIs>
			</Polygon>
		</Placemark>
	</Document>
	<Document>
		<name>Ward No 14.kml</name>
		<StyleMap id="m_ylw-pushpin17">
			<Pair>
				<key>normal</key>
				<styleUrl>#s_ylw-pushpin17</styleUrl>
			</Pair>
			<Pair>
				<key>highlight</key>
				<styleUrl>#s_ylw-pushpin_hl17</styleUrl>
			</Pair>
		</StyleMap>
		<Style id="s_ylw-pushpin17">
			<IconStyle>
				<scale>1.1</scale>
				<Icon>
					<href>http://maps.google.com/mapfiles/kml/pushpin/ylw-pushpin.png</href>
				</Icon>
				<hotSpot x="20" y="2" xunits="pixels" yunits="pixels"/>
			</IconStyle>
			<LineStyle>
				<color>ffffff55</color>
				<width>3</width>
			</LineStyle>
			<PolyStyle>
				<fill>0</fill>
			</PolyStyle>
		</Style>
		<Style id="s_ylw-pushpin_hl17">
			<IconStyle>
				<scale>1.3</scale>
				<Icon>
					<href>http://maps.google.com/mapfiles/kml/pushpin/ylw-pushpin.png</href>
				</Icon>
				<hotSpot x="20" y="2" xunits="pixels" yunits="pixels"/>
			</IconStyle>
			<LineStyle>
				<color>ffffff55</color>
				<width>3</width>
			</LineStyle>
			<PolyStyle>
				<fill>0</fill>
			</PolyStyle>
		</Style>
		<Placemark>
			<name>Ward No 14.kml</name>
			<styleUrl>#m_ylw-pushpin17</styleUrl>
			<Polygon>
				<tessellate>1</tessellate>
				<outerBoundaryIs>
					<LinearRing>
						<coordinates>
							75.894959,30.925793,0 75.894914,30.925857,0 75.894739,30.926149,0 75.894548,30.926455,0 75.894437,30.926648,0 75.894285,30.92689,0 75.894018,30.927373,0 75.89376,30.927782,0 75.893479,30.928279,0 75.893242,30.928649,0 75.89292399999999,30.929189,0 75.89261399999999,30.929675,0 75.892454,30.929921,0 75.89220899999999,30.929903,0 75.891094,30.929889,0 75.890107,30.929864,0 75.89004,30.929853,0 75.889454,30.929655,0 75.88909,30.929535,0 75.888595,30.929349,0 75.88822999999999,30.929222,0 75.88789300000001,30.9291,0 75.88753800000001,30.928921,0 75.88721099999999,30.928769,0 75.88679399999999,30.928579,0 75.886583,30.928479,0 75.886304,30.928346,0 75.886009,30.928243,0 75.885836,30.928194,0 75.88559100000001,30.928112,0 75.885362,30.928035,0 75.885328,30.928024,0 75.885115,30.927955,0 75.884709,30.927844,0 75.884615,30.927832,0 75.884461,30.927854,0 75.884032,30.927936,0 75.883505,30.92804,0 75.883177,30.928112,0 75.88273100000001,30.928192,0 75.882622,30.927854,0 75.882518,30.927316,0 75.88246100000001,30.927009,0 75.88231,30.926389,0 75.882211,30.925951,0 75.88218999999999,30.92569,0 75.882152,30.925569,0 75.882087,30.92528,0 75.882023,30.924896,0 75.88195899999999,30.924541,0 75.88185300000001,30.924138,0 75.881758,30.923739,0 75.881685,30.923451,0 75.881467,30.922714,0 75.88184,30.922577,0 75.882018,30.922452,0 75.881897,30.922281,0 75.88139200000001,30.921636,0 75.881197,30.921357,0 75.880844,30.920867,0 75.880488,30.920231,0 75.880509,30.919935,0 75.880556,30.919769,0 75.880635,30.919827,0 75.881002,30.920033,0 75.881292,30.92007600000001,0 75.881834,30.920072,0 75.88234300000001,30.920049,0 75.882693,30.920097,0 75.883273,30.920218,0 75.884175,30.920451,0 75.885109,30.920864,0 75.885735,30.92114,0 75.886472,30.921441,0 75.88708200000001,30.92169,0 75.887612,30.921933,0 75.888246,30.922322,0 75.88898500000001,30.922761,0 75.889517,30.923097,0 75.89014899999999,30.923465,0 75.890817,30.923864,0 75.891509,30.924314,0 75.89178099999999,30.924478,0 75.892405,30.924728,0 75.89299099999999,30.924957,0 75.89337,30.92512,0 75.893743,30.92526,0 75.89417299999999,30.925448,0 75.89441100000001,30.925555,0 75.894975,30.925769,0 75.894959,30.925793,0 
						</coordinates>
					</LinearRing>
				</outerBoundaryIs>
			</Polygon>
		</Placemark>
	</Document>
	<Document>
		<name>Ward No 15.kml</name>
		<StyleMap id="m_ylw-pushpin18">
			<Pair>
				<key>normal</key>
				<styleUrl>#s_ylw-pushpin18</styleUrl>
			</Pair>
			<Pair>
				<key>highlight</key>
				<styleUrl>#s_ylw-pushpin_hl18</styleUrl>
			</Pair>
		</StyleMap>
		<Style id="s_ylw-pushpin18">
			<IconStyle>
				<scale>1.1</scale>
				<Icon>
					<href>http://maps.google.com/mapfiles/kml/pushpin/ylw-pushpin.png</href>
				</Icon>
				<hotSpot x="20" y="2" xunits="pixels" yunits="pixels"/>
			</IconStyle>
			<LineStyle>
				<color>ffffff55</color>
				<width>3</width>
			</LineStyle>
			<PolyStyle>
				<fill>0</fill>
			</PolyStyle>
		</Style>
		<Style id="s_ylw-pushpin_hl18">
			<IconStyle>
				<scale>1.3</scale>
				<Icon>
					<href>http://maps.google.com/mapfiles/kml/pushpin/ylw-pushpin.png</href>
				</Icon>
				<hotSpot x="20" y="2" xunits="pixels" yunits="pixels"/>
			</IconStyle>
			<LineStyle>
				<color>ffffff55</color>
				<width>3</width>
			</LineStyle>
			<PolyStyle>
				<fill>0</fill>
			</PolyStyle>
		</Style>
		<Placemark>
			<name>Ward No 15.kml</name>
			<styleUrl>#m_ylw-pushpin18</styleUrl>
			<Polygon>
				<tessellate>1</tessellate>
				<outerBoundaryIs>
					<LinearRing>
						<coordinates>
							75.90397900000001,30.92954599999999,0 75.903975,30.929545,0 75.90300000000001,30.929645,0 75.902233,30.929816,0 75.901628,30.930028,0 75.901628,30.930029,0 75.901627,30.930115,0 75.900302,30.930857,0 75.90008899999999,30.930964,0 75.899732,30.931358,0 75.899562,30.931771,0 75.899512,30.931866,0 75.89885099999999,30.932241,0 75.898177,30.932305,0 75.898088,30.932329,0 75.897535,30.932486,0 75.897221,30.932574,0 75.89684200000001,30.932672,0 75.89660499999999,30.932844,0 75.89502400000001,30.933999,0 75.894543,30.934338,0 75.894447,30.934439,0 75.893238,30.935662,0 75.892478,30.936656,0 75.891811,30.937036,0 75.891204,30.937323,0 75.89115700000001,30.937346,0 75.891096,30.93737399999999,0 75.891069,30.935775,0 75.88905699999999,30.935808,0 75.889478,30.934999,0 75.889771,30.93439,0 75.88991900000001,30.934131,0 75.89023400000001,30.933679,0 75.890524,30.933425,0 75.891357,30.932603,0 75.892276,30.931707,0 75.892261,30.932482,0 75.89353199999999,30.932473,0 75.894547,30.932478,0 75.89546,30.932462,0 75.89546900000001,30.93196,0 75.895466,30.931035,0 75.896863,30.931029,0 75.898111,30.931025,0 75.898112,30.9308,0 75.897436,30.930813,0 75.897408,30.929878,0 75.897395,30.928615,0 75.89737700000001,30.926807,0 75.89671,30.926544,0 75.896254,30.926335,0 75.89564,30.926084,0 75.895202,30.925903,0 75.895185,30.925895,0 75.89527099999999,30.925761,0 75.89636299999999,30.925759,0 75.897074,30.925749,0 75.898031,30.925752,0 75.90068100000001,30.92576800000001,0 75.90066400000001,30.926864,0 75.903994,30.926855,0 75.904409,30.927819,0 75.90444100000001,30.927984,0 75.90447399999999,30.928591,0 75.90439600000001,30.928894,0 75.90423699999999,30.929152,0 75.90397900000001,30.92954599999999,0 
						</coordinates>
					</LinearRing>
				</outerBoundaryIs>
			</Polygon>
		</Placemark>
	</Document>
	<Document>
		<name>Ward No 16.kml</name>
		<StyleMap id="m_ylw-pushpin19">
			<Pair>
				<key>normal</key>
				<styleUrl>#s_ylw-pushpin19</styleUrl>
			</Pair>
			<Pair>
				<key>highlight</key>
				<styleUrl>#s_ylw-pushpin_hl19</styleUrl>
			</Pair>
		</StyleMap>
		<Style id="s_ylw-pushpin19">
			<IconStyle>
				<scale>1.1</scale>
				<Icon>
					<href>http://maps.google.com/mapfiles/kml/pushpin/ylw-pushpin.png</href>
				</Icon>
				<hotSpot x="20" y="2" xunits="pixels" yunits="pixels"/>
			</IconStyle>
			<LineStyle>
				<color>ffffff55</color>
				<width>3</width>
			</LineStyle>
			<PolyStyle>
				<fill>0</fill>
			</PolyStyle>
		</Style>
		<Style id="s_ylw-pushpin_hl19">
			<IconStyle>
				<scale>1.3</scale>
				<Icon>
					<href>http://maps.google.com/mapfiles/kml/pushpin/ylw-pushpin.png</href>
				</Icon>
				<hotSpot x="20" y="2" xunits="pixels" yunits="pixels"/>
			</IconStyle>
			<LineStyle>
				<color>ffffff55</color>
				<width>3</width>
			</LineStyle>
			<PolyStyle>
				<fill>0</fill>
			</PolyStyle>
		</Style>
		<Placemark>
			<name>Ward No 16.kml</name>
			<styleUrl>#m_ylw-pushpin19</styleUrl>
			<Polygon>
				<tessellate>1</tessellate>
				<outerBoundaryIs>
					<LinearRing>
						<coordinates>
							75.89458399999999,30.916942,0 75.89447699999999,30.918195,0 75.89443199999999,30.918686,0 75.89592500000001,30.918829,0 75.897327,30.918958,0 75.89889599999999,30.919151,0 75.898843,30.919353,0 75.898447,30.919944,0 75.89818,30.920419,0 75.897537,30.921459,0 75.897037,30.922335,0 75.89671,30.922889,0 75.89648699999999,30.923281,0 75.896058,30.924006,0 75.89554,30.924856,0 75.895157,30.925488,0 75.895049,30.925662,0 75.894975,30.925769,0 75.89441100000001,30.925555,0 75.89417299999999,30.925448,0 75.893743,30.92526,0 75.89337,30.92512,0 75.89299099999999,30.924957,0 75.892405,30.924728,0 75.89178099999999,30.924478,0 75.891509,30.924314,0 75.890817,30.923864,0 75.89014899999999,30.923465,0 75.889517,30.923097,0 75.88898500000001,30.922761,0 75.888246,30.922322,0 75.887612,30.921933,0 75.88708200000001,30.92169,0 75.886472,30.921441,0 75.885735,30.92114,0 75.885109,30.920864,0 75.884175,30.920451,0 75.883273,30.920218,0 75.882693,30.920097,0 75.88234300000001,30.920049,0 75.881834,30.920072,0 75.881292,30.92007600000001,0 75.881002,30.920033,0 75.880635,30.919827,0 75.880556,30.919769,0 75.880154,30.919473,0 75.879789,30.919279,0 75.879407,30.919073,0 75.878996,30.918836,0 75.87855,30.918562,0 75.878225,30.918359,0 75.87780100000001,30.918073,0 75.877464,30.917854,0 75.877199,30.917707,0 75.876729,30.917442,0 75.876774,30.917334,0 75.87685,30.917144,0 75.87703,30.9167,0 75.87714699999999,30.916424,0 75.877621,30.916483,0 75.87822199999999,30.916564,0 75.87893800000001,30.91664,0 75.879706,30.91674,0 75.88025399999999,30.916787,0 75.88086199999999,30.916804,0 75.881551,30.91681,0 75.88347,30.916761,0 75.88392,30.91675,0 75.884728,30.916721,0 75.885616,30.916662,0 75.886106,30.916651,0 75.886878,30.916616,0 75.88776,30.916618,0 75.888373,30.916634,0 75.888662,30.916676,0 75.88896699999999,30.9167,0 75.889509,30.916726,0 75.89016100000001,30.916749,0 75.890725,30.916767,0 75.89152900000001,30.916812,0 75.892036,30.916843,0 75.892503,30.916857,0 75.89304199999999,30.916878,0 75.893766,30.916877,0 75.894127,30.916882,0 75.89427499999999,30.916894,0 75.894437,30.916919,0 75.89458399999999,30.916942,0 
						</coordinates>
					</LinearRing>
				</outerBoundaryIs>
			</Polygon>
		</Placemark>
	</Document>
	<Document>
		<name>Ward No 17.kml</name>
		<StyleMap id="m_ylw-pushpin20">
			<Pair>
				<key>normal</key>
				<styleUrl>#s_ylw-pushpin20</styleUrl>
			</Pair>
			<Pair>
				<key>highlight</key>
				<styleUrl>#s_ylw-pushpin_hl20</styleUrl>
			</Pair>
		</StyleMap>
		<Style id="s_ylw-pushpin20">
			<IconStyle>
				<scale>1.1</scale>
				<Icon>
					<href>http://maps.google.com/mapfiles/kml/pushpin/ylw-pushpin.png</href>
				</Icon>
				<hotSpot x="20" y="2" xunits="pixels" yunits="pixels"/>
			</IconStyle>
			<LineStyle>
				<color>ffffff55</color>
				<width>3</width>
			</LineStyle>
			<PolyStyle>
				<fill>0</fill>
			</PolyStyle>
		</Style>
		<Style id="s_ylw-pushpin_hl20">
			<IconStyle>
				<scale>1.3</scale>
				<Icon>
					<href>http://maps.google.com/mapfiles/kml/pushpin/ylw-pushpin.png</href>
				</Icon>
				<hotSpot x="20" y="2" xunits="pixels" yunits="pixels"/>
			</IconStyle>
			<LineStyle>
				<color>ffffff55</color>
				<width>3</width>
			</LineStyle>
			<PolyStyle>
				<fill>0</fill>
			</PolyStyle>
		</Style>
		<Placemark>
			<name>Ward No 17.kml</name>
			<styleUrl>#m_ylw-pushpin20</styleUrl>
			<Polygon>
				<tessellate>1</tessellate>
				<outerBoundaryIs>
					<LinearRing>
						<coordinates>
							75.916031,30.920892,0 75.916259,30.921528,0 75.916341,30.921758,0 75.916444,30.922146,0 75.9175,30.926143,0 75.917501,30.926146,0 75.917661,30.926915,0 75.91886100000001,30.927129,0 75.918909,30.927373,0 75.92038599999999,30.927933,0 75.92099399999999,30.928163,0 75.921274,30.928301,0 75.921898,30.928688,0 75.922314,30.92903099999999,0 75.9221,30.929708,0 75.92261999999999,30.929944,0 75.92258099999999,30.930101,0 75.922489,30.930473,0 75.92190100000001,30.932847,0 75.921823,30.933161,0 75.92001,30.933771,0 75.919917,30.933798,0 75.919881,30.933814,0 75.919845,30.933827,0 75.91777399999999,30.93465,0 75.91529800000001,30.935862,0 75.914078,30.936437,0 75.912617,30.937126,0 75.9126,30.935249,0 75.91259700000001,30.935013,0 75.912611,30.934952,0 75.910724,30.934869,0 75.91032800000001,30.934636,0 75.910184,30.934607,0 75.908666,30.934301,0 75.90813300000001,30.934186,0 75.907931,30.934143,0 75.907028,30.933364,0 75.90686599999999,30.933226,0 75.905224,30.931828,0 75.90495799999999,30.931755,0 75.904759,30.93129,0 75.904625,30.929757,0 75.90454099999999,30.929695,0 75.904455,30.929673,0 75.904336,30.929641,0 75.90404700000001,30.929564,0 75.90397900000001,30.92954599999999,0 75.90423699999999,30.929152,0 75.90439600000001,30.928894,0 75.90447399999999,30.928591,0 75.90444100000001,30.927984,0 75.904409,30.927819,0 75.903994,30.926855,0 75.90066400000001,30.926864,0 75.90068100000001,30.92576800000001,0 75.898031,30.925752,0 75.897074,30.925749,0 75.89636299999999,30.925759,0 75.89527099999999,30.925761,0 75.895185,30.925895,0 75.894959,30.925793,0 75.894975,30.925769,0 75.895049,30.925662,0 75.895157,30.925488,0 75.89554,30.924856,0 75.896058,30.924006,0 75.89648699999999,30.923281,0 75.89671,30.922889,0 75.897037,30.922335,0 75.897537,30.921459,0 75.89818,30.920419,0 75.898447,30.919944,0 75.898843,30.919353,0 75.89889599999999,30.919151,0 75.897327,30.918958,0 75.89592500000001,30.918829,0 75.89443199999999,30.918686,0 75.89447699999999,30.918195,0 75.89458399999999,30.916942,0 75.894713,30.91696200000001,0 75.895138,30.917049,0 75.895732,30.917143,0 75.896773,30.917318,0 75.897471,30.917442,0 75.898762,30.917672,0 75.899839,30.917877,0 75.900447,30.917995,0 75.901158,30.918132,0 75.901662,30.918207,0 75.902131,30.91828,0 75.902401,30.918323,0 75.90272299999999,30.918367,0 75.903025,30.918412,0 75.90323600000001,30.91844,0 75.903417,30.918454,0 75.903615,30.918463,0 75.903865,30.918451,0 75.904353,30.918412,0 75.904929,30.918499,0 75.905137,30.918566,0 75.905399,30.918697,0 75.905582,30.918851,0 75.905771,30.919117,0 75.905925,30.919314,0 75.905991,30.919374,0 75.906053,30.919421,0 75.906194,30.919504,0 75.906288,30.919552,0 75.906434,30.919603,0 75.907348,30.919657,0 75.907927,30.919719,0 75.908485,30.919767,0 75.909055,30.919803,0 75.909696,30.919799,0 75.910258,30.919812,0 75.910956,30.919843,0 75.912035,30.919879,0 75.913602,30.919909,0 75.915115,30.920526,0 75.915544,30.920699,0 75.915954,30.920865,0 75.916031,30.920892,0 
						</coordinates>
					</LinearRing>
				</outerBoundaryIs>
			</Polygon>
		</Placemark>
	</Document>
	<Document>
		<name>Ward No 18.kml</name>
		<StyleMap id="m_ylw-pushpin21">
			<Pair>
				<key>normal</key>
				<styleUrl>#s_ylw-pushpin21</styleUrl>
			</Pair>
			<Pair>
				<key>highlight</key>
				<styleUrl>#s_ylw-pushpin_hl21</styleUrl>
			</Pair>
		</StyleMap>
		<Style id="s_ylw-pushpin21">
			<IconStyle>
				<scale>1.1</scale>
				<Icon>
					<href>http://maps.google.com/mapfiles/kml/pushpin/ylw-pushpin.png</href>
				</Icon>
				<hotSpot x="20" y="2" xunits="pixels" yunits="pixels"/>
			</IconStyle>
			<LineStyle>
				<color>ffffff55</color>
				<width>3</width>
			</LineStyle>
			<PolyStyle>
				<fill>0</fill>
			</PolyStyle>
		</Style>
		<Style id="s_ylw-pushpin_hl21">
			<IconStyle>
				<scale>1.3</scale>
				<Icon>
					<href>http://maps.google.com/mapfiles/kml/pushpin/ylw-pushpin.png</href>
				</Icon>
				<hotSpot x="20" y="2" xunits="pixels" yunits="pixels"/>
			</IconStyle>
			<LineStyle>
				<color>ffffff55</color>
				<width>3</width>
			</LineStyle>
			<PolyStyle>
				<fill>0</fill>
			</PolyStyle>
		</Style>
		<Placemark>
			<name>Ward No 18.kml</name>
			<styleUrl>#m_ylw-pushpin21</styleUrl>
			<Polygon>
				<tessellate>1</tessellate>
				<outerBoundaryIs>
					<LinearRing>
						<coordinates>
							75.895123,30.910672,0 75.895247,30.910907,0 75.89539000000001,30.911208,0 75.895475,30.911543,0 75.89551299999999,30.911745,0 75.89551899999999,30.912009,0 75.89549,30.91223,0 75.895473,30.912326,0 75.895296,30.913094,0 75.895105,30.913911,0 75.89492,30.914715,0 75.894747,30.915475,0 75.894615,30.916042,0 75.894514,30.916508,0 75.894437,30.916919,0 75.89427499999999,30.916894,0 75.894127,30.916882,0 75.893766,30.916877,0 75.89304199999999,30.916878,0 75.892503,30.916857,0 75.892036,30.916843,0 75.89152900000001,30.916812,0 75.890725,30.916767,0 75.89016100000001,30.916749,0 75.889509,30.916726,0 75.88896699999999,30.9167,0 75.888662,30.916676,0 75.888373,30.916634,0 75.88776,30.916618,0 75.886878,30.916616,0 75.886106,30.916651,0 75.885616,30.916662,0 75.884728,30.916721,0 75.88392,30.91675,0 75.88347,30.916761,0 75.88360299999999,30.916511,0 75.883809,30.916172,0 75.88401399999999,30.915858,0 75.88420499999999,30.915571,0 75.884432,30.915226,0 75.88442000000001,30.915211,0 75.884438,30.915151,0 75.884849,30.91479,0 75.88531999999999,30.914371,0 75.885499,30.914366,0 75.88560200000001,30.914389,0 75.885763,30.914451,0 75.886291,30.914075,0 75.886331,30.914215,0 75.88639999999999,30.914436,0 75.88653600000001,30.91487499999999,0 75.88669899999999,30.914834,0 75.887361,30.914568,0 75.88790899999999,30.914371,0 75.88855599999999,30.914134,0 75.888879,30.914005,0 75.889101,30.914411,0 75.88928,30.914801,0 75.889588,30.915425,0 75.89019999999999,30.915133,0 75.89053199999999,30.914996,0 75.890708,30.914959,0 75.89084699999999,30.914971,0 75.890927,30.914954,0 75.89070599999999,30.914307,0 75.890475,30.913846,0 75.890047,30.912909,0 75.88960299999999,30.912258,0 75.88942400000001,30.91210999999999,0 75.889325,30.912133,0 75.888796,30.911629,0 75.889233,30.911433,0 75.88981699999999,30.911197,0 75.89060000000001,30.910847,0 75.891413,30.910495,0 75.892263,30.910127,0 75.893153,30.909737,0 75.89412900000001,30.909297,0 75.894302,30.909224,0 75.894318,30.909252,0 75.89478,30.910082,0 75.895099,30.910627,0 75.895123,30.910672,0 
						</coordinates>
					</LinearRing>
				</outerBoundaryIs>
			</Polygon>
		</Placemark>
	</Document>
	<Document>
		<name>Ward No 19.kml</name>
		<StyleMap id="m_ylw-pushpin22">
			<Pair>
				<key>normal</key>
				<styleUrl>#s_ylw-pushpin22</styleUrl>
			</Pair>
			<Pair>
				<key>highlight</key>
				<styleUrl>#s_ylw-pushpin_hl22</styleUrl>
			</Pair>
		</StyleMap>
		<Style id="s_ylw-pushpin22">
			<IconStyle>
				<scale>1.1</scale>
				<Icon>
					<href>http://maps.google.com/mapfiles/kml/pushpin/ylw-pushpin.png</href>
				</Icon>
				<hotSpot x="20" y="2" xunits="pixels" yunits="pixels"/>
			</IconStyle>
			<LineStyle>
				<color>ffffff55</color>
				<width>3</width>
			</LineStyle>
			<PolyStyle>
				<fill>0</fill>
			</PolyStyle>
		</Style>
		<Style id="s_ylw-pushpin_hl22">
			<IconStyle>
				<scale>1.3</scale>
				<Icon>
					<href>http://maps.google.com/mapfiles/kml/pushpin/ylw-pushpin.png</href>
				</Icon>
				<hotSpot x="20" y="2" xunits="pixels" yunits="pixels"/>
			</IconStyle>
			<LineStyle>
				<color>ffffff55</color>
				<width>3</width>
			</LineStyle>
			<PolyStyle>
				<fill>0</fill>
			</PolyStyle>
		</Style>
		<Placemark>
			<name>Ward No 19.kml</name>
			<styleUrl>#m_ylw-pushpin22</styleUrl>
			<Polygon>
				<tessellate>1</tessellate>
				<outerBoundaryIs>
					<LinearRing>
						<coordinates>
							75.895123,30.910672,0 75.895099,30.910627,0 75.89478,30.910082,0 75.894318,30.909252,0 75.894302,30.909224,0 75.89412900000001,30.909297,0 75.893153,30.909737,0 75.892263,30.910127,0 75.891413,30.910495,0 75.89060000000001,30.910847,0 75.88981699999999,30.911197,0 75.889233,30.911433,0 75.888796,30.911629,0 75.888485,30.911247,0 75.88793,30.910796,0 75.88762800000001,30.910499,0 75.887238,30.910117,0 75.886954,30.90982,0 75.886638,30.90948,0 75.88619,30.908713,0 75.885949,30.908296,0 75.88615900000001,30.908214,0 75.88657000000001,30.908061,0 75.887438,30.907715,0 75.887489,30.907696,0 75.887355,30.907442,0 75.88716100000001,30.907046,0 75.886922,30.906539,0 75.886627,30.905955,0 75.886478,30.905466,0 75.886402,30.90519,0 75.886393,30.905084,0 75.886438,30.904891,0 75.88664199999999,30.904402,0 75.88681699999999,30.904006,0 75.886943,30.903755,0 75.887152,30.903424,0 75.887203,30.903352,0 75.887362,30.90285,0 75.88762699999999,30.902024,0 75.887754,30.901715,0 75.887775,30.901675,0 75.888172,30.901536,0 75.888898,30.901242,0 75.889235,30.901115,0 75.88932800000001,30.900874,0 75.889483,30.899773,0 75.89179300000001,30.899769,0 75.89228300000001,30.899803,0 75.89267599999999,30.899839,0 75.892993,30.89983,0 75.89349799999999,30.899724,0 75.89406200000001,30.89952600000001,0 75.894386,30.899316,0 75.89486100000001,30.89889000000001,0 75.89521499999999,30.89841,0 75.89467399999999,30.897648,0 75.893967,30.896583,0 75.894852,30.896113,0 75.89647100000001,30.895336,0 75.896809,30.89587999999999,0 75.896902,30.89601800000001,0 75.897046,30.896233,0 75.897231,30.896457,0 75.897643,30.896473,0 75.898521,30.8965,0 75.899226,30.89649,0 75.89930200000001,30.897541,0 75.899333,30.898473,0 75.89930200000001,30.89946,0 75.899298,30.899607,0 75.89922199999999,30.899838,0 75.899235,30.899857,0 75.899585,30.900413,0 75.89981899999999,30.900783,0 75.90020699999999,30.901394,0 75.900482,30.901824,0 75.90075400000001,30.902233,0 75.90107,30.902671,0 75.901184,30.90287,0 75.901307,30.903152,0 75.90156399999999,30.903573,0 75.901944,30.904188,0 75.902118,30.904465,0 75.902385,30.9049,0 75.902631,30.905323,0 75.902798,30.90560199999999,0 75.902947,30.905849,0 75.903116,30.906122,0 75.903294,30.906411,0 75.902697,30.906676,0 75.90226800000001,30.906866,0 75.901737,30.90710899999999,0 75.901129,30.907389,0 75.900662,30.907587,0 75.90028100000001,30.907739,0 75.90002200000001,30.907855,0 75.899821,30.90798,0 75.899568,30.90821,0 75.89928,30.908437,0 75.898976,30.908708,0 75.89843999999999,30.909154,0 75.898297,30.90925500000001,0 75.89790000000001,30.909431,0 75.89678499999999,30.909928,0 75.895123,30.910672,0 
						</coordinates>
					</LinearRing>
				</outerBoundaryIs>
			</Polygon>
		</Placemark>
	</Document>
	<Document>
		<name>Ward No 20.kml</name>
		<StyleMap id="m_ylw-pushpin23">
			<Pair>
				<key>normal</key>
				<styleUrl>#s_ylw-pushpin23</styleUrl>
			</Pair>
			<Pair>
				<key>highlight</key>
				<styleUrl>#s_ylw-pushpin_hl23</styleUrl>
			</Pair>
		</StyleMap>
		<Style id="s_ylw-pushpin23">
			<IconStyle>
				<scale>1.1</scale>
				<Icon>
					<href>http://maps.google.com/mapfiles/kml/pushpin/ylw-pushpin.png</href>
				</Icon>
				<hotSpot x="20" y="2" xunits="pixels" yunits="pixels"/>
			</IconStyle>
			<LineStyle>
				<color>ffffff55</color>
				<width>3</width>
			</LineStyle>
			<PolyStyle>
				<fill>0</fill>
			</PolyStyle>
		</Style>
		<Style id="s_ylw-pushpin_hl23">
			<IconStyle>
				<scale>1.3</scale>
				<Icon>
					<href>http://maps.google.com/mapfiles/kml/pushpin/ylw-pushpin.png</href>
				</Icon>
				<hotSpot x="20" y="2" xunits="pixels" yunits="pixels"/>
			</IconStyle>
			<LineStyle>
				<color>ffffff55</color>
				<width>3</width>
			</LineStyle>
			<PolyStyle>
				<fill>0</fill>
			</PolyStyle>
		</Style>
		<Placemark>
			<name>Ward No 20.kml</name>
			<styleUrl>#m_ylw-pushpin23</styleUrl>
			<Polygon>
				<tessellate>1</tessellate>
				<outerBoundaryIs>
					<LinearRing>
						<coordinates>
							75.91763,30.911351,0 75.916104,30.912936,0 75.915656,30.913401,0 75.915238,30.913835,0 75.915159,30.914094,0 75.915215,30.914711,0 75.915177,30.917453,0 75.915233,30.918663,0 75.91568700000001,30.919932,0 75.91575,30.920107,0 75.915757,30.920129,0 75.91588900000001,30.920498,0 75.91591099999999,30.920557,0 75.916031,30.920892,0 75.915954,30.920865,0 75.915544,30.920699,0 75.915115,30.920526,0 75.913602,30.919909,0 75.912035,30.919879,0 75.910956,30.919843,0 75.910258,30.919812,0 75.909696,30.919799,0 75.909055,30.919803,0 75.908485,30.919767,0 75.907927,30.919719,0 75.907348,30.919657,0 75.906434,30.919603,0 75.906288,30.919552,0 75.906194,30.919504,0 75.906053,30.919421,0 75.905991,30.919374,0 75.905925,30.919314,0 75.905771,30.919117,0 75.905582,30.918851,0 75.905399,30.918697,0 75.905137,30.918566,0 75.904929,30.918499,0 75.904353,30.918412,0 75.903865,30.918451,0 75.903615,30.918463,0 75.903417,30.918454,0 75.90323600000001,30.91844,0 75.903025,30.918412,0 75.90272299999999,30.918367,0 75.902401,30.918323,0 75.902131,30.91828,0 75.901662,30.918207,0 75.901158,30.918132,0 75.900447,30.917995,0 75.899839,30.917877,0 75.898762,30.917672,0 75.897471,30.917442,0 75.896773,30.917318,0 75.895732,30.917143,0 75.895138,30.917049,0 75.894713,30.91696200000001,0 75.89458399999999,30.916942,0 75.894437,30.916919,0 75.894514,30.916508,0 75.894615,30.916042,0 75.894747,30.915475,0 75.89492,30.914715,0 75.895105,30.913911,0 75.895296,30.913094,0 75.895473,30.912326,0 75.89549,30.91223,0 75.89551899999999,30.912009,0 75.89551299999999,30.911745,0 75.895475,30.911543,0 75.89539000000001,30.911208,0 75.895247,30.910907,0 75.895123,30.910672,0 75.89678499999999,30.909928,0 75.89790000000001,30.909431,0 75.898297,30.90925500000001,0 75.89843999999999,30.909154,0 75.898976,30.908708,0 75.89928,30.908437,0 75.899568,30.90821,0 75.899821,30.90798,0 75.90002200000001,30.907855,0 75.90028100000001,30.907739,0 75.900662,30.907587,0 75.901129,30.907389,0 75.901737,30.90710899999999,0 75.90226800000001,30.906866,0 75.902697,30.906676,0 75.903294,30.906411,0 75.903116,30.906122,0 75.902947,30.905849,0 75.902798,30.90560199999999,0 75.902631,30.905323,0 75.902385,30.9049,0 75.902118,30.904465,0 75.901944,30.904188,0 75.90156399999999,30.903573,0 75.901307,30.903152,0 75.901184,30.90287,0 75.90141300000001,30.902916,0 75.90183500000001,30.903108,0 75.902484,30.903456,0 75.90304999999999,30.903759,0 75.903593,30.904016,0 75.90398399999999,30.904231,0 75.904393,30.904469,0 75.90490800000001,30.90475,0 75.905579,30.905102,0 75.906172,30.905407,0 75.906657,30.905664,0 75.907141,30.905914,0 75.907681,30.906164,0 75.90804199999999,30.906343,0 75.90834700000001,30.906514,0 75.908524,30.906605,0 75.909122,30.90691,0 75.90967000000001,30.907205,0 75.910178,30.90746800000001,0 75.910633,30.90769,0 75.911103,30.907939,0 75.91135300000001,30.90807,0 75.91181,30.90832,0 75.912436,30.908632,0 75.912835,30.908832,0 75.91345800000001,30.909151,0 75.914,30.909414,0 75.914648,30.909743,0 75.915178,30.910011,0 75.915903,30.910383,0 75.916292,30.910576,0 75.91690199999999,30.910921,0 75.917237,30.911111,0 75.91759,30.911328,0 75.91763,30.911351,0 
						</coordinates>
					</LinearRing>
				</outerBoundaryIs>
			</Polygon>
		</Placemark>
	</Document>
	<Document>
		<name>Ward No 21.kml</name>
		<StyleMap id="m_ylw-pushpin24">
			<Pair>
				<key>normal</key>
				<styleUrl>#s_ylw-pushpin24</styleUrl>
			</Pair>
			<Pair>
				<key>highlight</key>
				<styleUrl>#s_ylw-pushpin_hl24</styleUrl>
			</Pair>
		</StyleMap>
		<Style id="s_ylw-pushpin24">
			<IconStyle>
				<scale>1.1</scale>
				<Icon>
					<href>http://maps.google.com/mapfiles/kml/pushpin/ylw-pushpin.png</href>
				</Icon>
				<hotSpot x="20" y="2" xunits="pixels" yunits="pixels"/>
			</IconStyle>
			<LineStyle>
				<color>ffffff55</color>
				<width>3</width>
			</LineStyle>
			<PolyStyle>
				<fill>0</fill>
			</PolyStyle>
		</Style>
		<Style id="s_ylw-pushpin_hl24">
			<IconStyle>
				<scale>1.3</scale>
				<Icon>
					<href>http://maps.google.com/mapfiles/kml/pushpin/ylw-pushpin.png</href>
				</Icon>
				<hotSpot x="20" y="2" xunits="pixels" yunits="pixels"/>
			</IconStyle>
			<LineStyle>
				<color>ffffff55</color>
				<width>3</width>
			</LineStyle>
			<PolyStyle>
				<fill>0</fill>
			</PolyStyle>
		</Style>
		<Placemark>
			<name>Ward No 21.kml</name>
			<styleUrl>#m_ylw-pushpin24</styleUrl>
			<Polygon>
				<tessellate>1</tessellate>
				<outerBoundaryIs>
					<LinearRing>
						<coordinates>
							75.916113,30.898225,0 75.91553500000001,30.898518,0 75.91494299999999,30.898797,0 75.914486,30.899017,0 75.914107,30.899203,0 75.913425,30.899547,0 75.912679,30.899906,0 75.912008,30.90018,0 75.91153199999999,30.900347,0 75.91098700000001,30.900533,0 75.91047399999999,30.900709,0 75.90990499999999,30.90089499999999,0 75.909357,30.901084,0 75.90921299999999,30.901115,0 75.90842600000001,30.901262,0 75.907467,30.901417,0 75.906757,30.901531,0 75.905815,30.901729,0 75.90558900000001,30.901777,0 75.904349,30.902103,0 75.903356,30.902341,0 75.902523,30.902554,0 75.90163800000001,30.902765,0 75.901184,30.90287,0 75.90107,30.902671,0 75.90075400000001,30.902233,0 75.900482,30.901824,0 75.90020699999999,30.901394,0 75.89981899999999,30.900783,0 75.899585,30.900413,0 75.899235,30.899857,0 75.89922199999999,30.899838,0 75.899468,30.8997,0 75.89983100000001,30.89952600000001,0 75.90045000000001,30.899233,0 75.901156,30.898888,0 75.90164799999999,30.898672,0 75.902164,30.898442,0 75.902315,30.898406,0 75.90271,30.89841,0 75.903226,30.898502,0 75.90377599999999,30.898606,0 75.90408600000001,30.898627,0 75.904605,30.898393,0 75.905323,30.898019,0 75.90592100000001,30.897705,0 75.906605,30.897366,0 75.907214,30.897082,0 75.906926,30.896629,0 75.90666299999999,30.896235,0 75.906909,30.896096,0 75.907355,30.895882,0 75.907966,30.895594,0 75.908621,30.895289,0 75.90931399999999,30.894977,0 75.909757,30.894754,0 75.90994499999999,30.894676,0 75.91011,30.894612,0 75.910528,30.894482,0 75.91085099999999,30.894454,0 75.91118400000001,30.894438,0 75.911722,30.894398,0 75.91227499999999,30.894325,0 75.912609,30.894252,0 75.91292900000001,30.894135,0 75.913729,30.893779,0 75.914141,30.893574,0 75.914776,30.893281,0 75.915464,30.892951,0 75.915959,30.892711,0 75.91686300000001,30.892297,0 75.917751,30.89189,0 75.917467,30.89145299999999,0 75.917186,30.891003,0 75.916416,30.889759,0 75.91602,30.889107,0 75.91503299999999,30.887626,0 75.914562,30.886888,0 75.914046,30.88606,0 75.913645,30.885448,0 75.913336,30.885003,0 75.91292,30.884372,0 75.912722,30.88407,0 75.912278,30.883434,0 75.911822,30.882747,0 75.911314,30.88204,0 75.910814,30.881316,0 75.910265,30.88054,0 75.908936,30.878621,0 75.909251,30.878456,0 75.909638,30.878255,0 75.91034399999999,30.877897,0 75.91055299999999,30.877783,0 75.911136,30.877502,0 75.91184699999999,30.877119,0 75.91294000000001,30.876555,0 75.914197,30.875915,0 75.915306,30.87535,0 75.91659300000001,30.87469,0 75.917294,30.874328,0 75.918209,30.873846,0 75.91824,30.87383,0 75.919472,30.873204,0 75.920776,30.872531,0 75.921301,30.872281,0 75.921601,30.872093,0 75.922425,30.872547,0 75.922849,30.87278,0 75.92333499999999,30.873047,0 75.923858,30.873361,0 75.924111,30.873227,0 75.924699,30.87293,0 75.925532,30.872502,0 75.926692,30.871929,0 75.9272,30.871654,0 75.927736,30.87138300000001,0 75.92827,30.871134,0 75.929676,30.870419,0 75.930396,30.871484,0 75.931062,30.872469,0 75.931483,30.873116,0 75.931853,30.87367,0 75.932472,30.874569,0 75.932975,30.875325,0 75.93416499999999,30.87706,0 75.934782,30.877981,0 75.931489,30.879692,0 75.930685,30.880114,0 75.92953,30.88077,0 75.92974100000001,30.881101,0 75.93001599999999,30.881527,0 75.930336,30.882065,0 75.930583,30.882546,0 75.930874,30.882922,0 75.931431,30.883657,0 75.93192500000001,30.884225,0 75.93241,30.884811,0 75.932844,30.885317,0 75.93315800000001,30.885689,0 75.933634,30.886281,0 75.934054,30.886799,0 75.934488,30.887339,0 75.93491299999999,30.887894,0 75.935131,30.888233,0 75.935236,30.888461,0 75.934354,30.88884,0 75.93361899999999,30.889181,0 75.932693,30.889602,0 75.932327,30.889759,0 75.931883,30.88995999999999,0 75.93159,30.890115,0 75.931207,30.890356,0 75.930606,30.890761,0 75.929883,30.891252,0 75.929219,30.891713,0 75.928808,30.891989,0 75.92846900000001,30.892206,0 75.928262,30.892318,0 75.927592,30.892643,0 75.926728,30.893057,0 75.925917,30.893455,0 75.92497400000001,30.89392399999999,0 75.92444,30.894181,0 75.92322900000001,30.894768,0 75.92277799999999,30.894984,0 75.92194600000001,30.895392,0 75.92112400000001,30.895786,0 75.92026,30.896214,0 75.918644,30.897003,0 75.918046,30.89729,0 75.917551,30.897536,0 75.916884,30.897852,0 75.916225,30.898168,0 75.916113,30.898225,0 
						</coordinates>
					</LinearRing>
				</outerBoundaryIs>
			</Polygon>
		</Placemark>
	</Document>
	<Document>
		<name>Ward No 22.kml</name>
		<StyleMap id="m_ylw-pushpin25">
			<Pair>
				<key>normal</key>
				<styleUrl>#s_ylw-pushpin25</styleUrl>
			</Pair>
			<Pair>
				<key>highlight</key>
				<styleUrl>#s_ylw-pushpin_hl25</styleUrl>
			</Pair>
		</StyleMap>
		<Style id="s_ylw-pushpin25">
			<IconStyle>
				<scale>1.1</scale>
				<Icon>
					<href>http://maps.google.com/mapfiles/kml/pushpin/ylw-pushpin.png</href>
				</Icon>
				<hotSpot x="20" y="2" xunits="pixels" yunits="pixels"/>
			</IconStyle>
			<LineStyle>
				<color>ffffff55</color>
				<width>3</width>
			</LineStyle>
			<PolyStyle>
				<fill>0</fill>
			</PolyStyle>
		</Style>
		<Style id="s_ylw-pushpin_hl25">
			<IconStyle>
				<scale>1.3</scale>
				<Icon>
					<href>http://maps.google.com/mapfiles/kml/pushpin/ylw-pushpin.png</href>
				</Icon>
				<hotSpot x="20" y="2" xunits="pixels" yunits="pixels"/>
			</IconStyle>
			<LineStyle>
				<color>ffffff55</color>
				<width>3</width>
			</LineStyle>
			<PolyStyle>
				<fill>0</fill>
			</PolyStyle>
		</Style>
		<Placemark>
			<name>Ward No 22.kml</name>
			<styleUrl>#m_ylw-pushpin25</styleUrl>
			<Polygon>
				<tessellate>1</tessellate>
				<outerBoundaryIs>
					<LinearRing>
						<coordinates>
							75.919697,30.909349,0 75.91966600000001,30.90935,0 75.91966499999999,30.90935,0 75.91952999999999,30.909355,0 75.919506,30.909381,0 75.918874,30.910045,0 75.917714,30.911265,0 75.91768,30.9113,0 75.91763,30.911351,0 75.91759,30.911328,0 75.917237,30.911111,0 75.91690199999999,30.910921,0 75.916292,30.910576,0 75.915903,30.910383,0 75.915178,30.910011,0 75.914648,30.909743,0 75.914,30.909414,0 75.91345800000001,30.909151,0 75.912835,30.908832,0 75.912436,30.908632,0 75.91181,30.90832,0 75.91135300000001,30.90807,0 75.911103,30.907939,0 75.910633,30.90769,0 75.910178,30.90746800000001,0 75.90967000000001,30.907205,0 75.909122,30.90691,0 75.908524,30.906605,0 75.90834700000001,30.906514,0 75.90804199999999,30.906343,0 75.907681,30.906164,0 75.907141,30.905914,0 75.906657,30.905664,0 75.906172,30.905407,0 75.905579,30.905102,0 75.90490800000001,30.90475,0 75.904393,30.904469,0 75.90398399999999,30.904231,0 75.903593,30.904016,0 75.90304999999999,30.903759,0 75.902484,30.903456,0 75.90183500000001,30.903108,0 75.90141300000001,30.902916,0 75.901184,30.90287,0 75.90163800000001,30.902765,0 75.902523,30.902554,0 75.903356,30.902341,0 75.904349,30.902103,0 75.90558900000001,30.901777,0 75.905815,30.901729,0 75.906757,30.901531,0 75.907467,30.901417,0 75.90842600000001,30.901262,0 75.90921299999999,30.901115,0 75.909357,30.901084,0 75.90990499999999,30.90089499999999,0 75.91047399999999,30.900709,0 75.91098700000001,30.900533,0 75.91153199999999,30.900347,0 75.912008,30.90018,0 75.912679,30.899906,0 75.913425,30.899547,0 75.914107,30.899203,0 75.914486,30.899017,0 75.91494299999999,30.898797,0 75.91553500000001,30.898518,0 75.916113,30.898225,0 75.916346,30.898529,0 75.91677799999999,30.899197,0 75.917271,30.899794,0 75.917343,30.89990999999999,0 75.917407,30.90014499999999,0 75.91794,30.900914,0 75.917942,30.900918,0 75.918082,30.901185,0 75.918099,30.901222,0 75.918127,30.902728,0 75.918145,30.903935,0 75.918154,30.905144,0 75.919132,30.90515,0 75.92022,30.905147,0 75.921246,30.905129,0 75.922336,30.905149,0 75.922647,30.905148,0 75.922545,30.90562,0 75.922466,30.90606,0 75.922664,30.906072,0 75.922162,30.908434,0 75.922156,30.908464,0 75.921791,30.909672,0 75.91973,30.909136,0 75.919697,30.909349,0 
						</coordinates>
					</LinearRing>
				</outerBoundaryIs>
			</Polygon>
		</Placemark>
	</Document>
	<Document>
		<name>Ward No 23.kml</name>
		<StyleMap id="m_ylw-pushpin26">
			<Pair>
				<key>normal</key>
				<styleUrl>#s_ylw-pushpin26</styleUrl>
			</Pair>
			<Pair>
				<key>highlight</key>
				<styleUrl>#s_ylw-pushpin_hl26</styleUrl>
			</Pair>
		</StyleMap>
		<Style id="s_ylw-pushpin26">
			<IconStyle>
				<scale>1.1</scale>
				<Icon>
					<href>http://maps.google.com/mapfiles/kml/pushpin/ylw-pushpin.png</href>
				</Icon>
				<hotSpot x="20" y="2" xunits="pixels" yunits="pixels"/>
			</IconStyle>
			<LineStyle>
				<color>ffffff55</color>
				<width>3</width>
			</LineStyle>
			<PolyStyle>
				<fill>0</fill>
			</PolyStyle>
		</Style>
		<Style id="s_ylw-pushpin_hl26">
			<IconStyle>
				<scale>1.3</scale>
				<Icon>
					<href>http://maps.google.com/mapfiles/kml/pushpin/ylw-pushpin.png</href>
				</Icon>
				<hotSpot x="20" y="2" xunits="pixels" yunits="pixels"/>
			</IconStyle>
			<LineStyle>
				<color>ffffff55</color>
				<width>3</width>
			</LineStyle>
			<PolyStyle>
				<fill>0</fill>
			</PolyStyle>
		</Style>
		<Placemark>
			<name>Ward No 23.kml</name>
			<styleUrl>#m_ylw-pushpin26</styleUrl>
			<Polygon>
				<tessellate>1</tessellate>
				<outerBoundaryIs>
					<LinearRing>
						<coordinates>
							75.932785,30.89516,0 75.933744,30.895665,0 75.935141,30.8964,0 75.935417,30.896411,0 75.938241,30.89652,0 75.93932599999999,30.896714,0 75.939672,30.897076,0 75.940395,30.89773,0 75.940664,30.898071,0 75.940817,30.898143,0 75.940876,30.89817,0 75.940862,30.898222,0 75.94048100000001,30.899653,0 75.94045800000001,30.89973699999999,0 75.94015899999999,30.902244,0 75.94011399999999,30.90262,0 75.940034,30.90264000000001,0 75.938633,30.902997,0 75.936644,30.903505,0 75.93514999999999,30.903886,0 75.928363,30.905022,0 75.92573299999999,30.90495,0 75.923682,30.904894,0 75.92306000000001,30.904877,0 75.92280100000001,30.905654,0 75.922782,30.905712,0 75.922741,30.905834,0 75.922731,30.905865,0 75.922667,30.906056,0 75.922664,30.906072,0 75.922466,30.90606,0 75.922545,30.90562,0 75.922647,30.905148,0 75.922336,30.905149,0 75.921246,30.905129,0 75.92022,30.905147,0 75.919132,30.90515,0 75.918154,30.905144,0 75.918145,30.903935,0 75.918127,30.902728,0 75.918099,30.901222,0 75.918082,30.901185,0 75.917942,30.900918,0 75.918081,30.900849,0 75.918193,30.900832,0 75.92012800000001,30.900764,0 75.922218,30.900726,0 75.923475,30.900685,0 75.92534000000001,30.900633,0 75.926367,30.900571,0 75.92748400000001,30.900508,0 75.928438,30.900439,0 75.92947700000001,30.900388,0 75.929513,30.900208,0 75.929597,30.899587,0 75.929643,30.899258,0 75.92971300000001,30.89864,0 75.929783,30.898223,0 75.929846,30.897852,0 75.92991499999999,30.897616,0 75.92998299999999,30.897459,0 75.930026,30.897201,0 75.930134,30.897056,0 75.930244,30.896885,0 75.930429,30.896725,0 75.93059100000001,30.896879,0 75.930689,30.896971,0 75.93107999999999,30.897272,0 75.931501,30.897587,0 75.93161499999999,30.897426,0 75.932052,30.896775,0 75.93193599999999,30.896658,0 75.931496,30.896258,0 75.931877,30.895936,0 75.932221,30.895651,0 75.93263399999999,30.8953,0 75.932785,30.89516,0 
						</coordinates>
					</LinearRing>
				</outerBoundaryIs>
			</Polygon>
		</Placemark>
	</Document>
	<Document>
		<name>Ward No 24.kml</name>
		<StyleMap id="m_ylw-pushpin27">
			<Pair>
				<key>normal</key>
				<styleUrl>#s_ylw-pushpin27</styleUrl>
			</Pair>
			<Pair>
				<key>highlight</key>
				<styleUrl>#s_ylw-pushpin_hl27</styleUrl>
			</Pair>
		</StyleMap>
		<Style id="s_ylw-pushpin27">
			<IconStyle>
				<scale>1.1</scale>
				<Icon>
					<href>http://maps.google.com/mapfiles/kml/pushpin/ylw-pushpin.png</href>
				</Icon>
				<hotSpot x="20" y="2" xunits="pixels" yunits="pixels"/>
			</IconStyle>
			<LineStyle>
				<color>ffffff55</color>
				<width>3</width>
			</LineStyle>
			<PolyStyle>
				<fill>0</fill>
			</PolyStyle>
		</Style>
		<Style id="s_ylw-pushpin_hl27">
			<IconStyle>
				<scale>1.3</scale>
				<Icon>
					<href>http://maps.google.com/mapfiles/kml/pushpin/ylw-pushpin.png</href>
				</Icon>
				<hotSpot x="20" y="2" xunits="pixels" yunits="pixels"/>
			</IconStyle>
			<LineStyle>
				<color>ffffff55</color>
				<width>3</width>
			</LineStyle>
			<PolyStyle>
				<fill>0</fill>
			</PolyStyle>
		</Style>
		<Placemark>
			<name>Ward No 24.kml</name>
			<styleUrl>#m_ylw-pushpin27</styleUrl>
			<Polygon>
				<tessellate>1</tessellate>
				<outerBoundaryIs>
					<LinearRing>
						<coordinates>
							75.932785,30.89516,0 75.93263399999999,30.8953,0 75.932221,30.895651,0 75.931877,30.895936,0 75.931496,30.896258,0 75.93193599999999,30.896658,0 75.932052,30.896775,0 75.93161499999999,30.897426,0 75.931501,30.897587,0 75.93107999999999,30.897272,0 75.930689,30.896971,0 75.93059100000001,30.896879,0 75.930429,30.896725,0 75.930244,30.896885,0 75.930134,30.897056,0 75.930026,30.897201,0 75.92998299999999,30.897459,0 75.92991499999999,30.897616,0 75.929846,30.897852,0 75.929783,30.898223,0 75.92971300000001,30.89864,0 75.929643,30.899258,0 75.929597,30.899587,0 75.929513,30.900208,0 75.92947700000001,30.900388,0 75.928438,30.900439,0 75.92748400000001,30.900508,0 75.926367,30.900571,0 75.92534000000001,30.900633,0 75.923475,30.900685,0 75.922218,30.900726,0 75.92012800000001,30.900764,0 75.918193,30.900832,0 75.918081,30.900849,0 75.917942,30.900918,0 75.91794,30.900914,0 75.917407,30.90014499999999,0 75.917343,30.89990999999999,0 75.917271,30.899794,0 75.91677799999999,30.899197,0 75.916346,30.898529,0 75.916113,30.898225,0 75.916225,30.898168,0 75.916884,30.897852,0 75.917551,30.897536,0 75.918046,30.89729,0 75.918644,30.897003,0 75.92026,30.896214,0 75.92112400000001,30.895786,0 75.92194600000001,30.895392,0 75.92277799999999,30.894984,0 75.92322900000001,30.894768,0 75.92444,30.894181,0 75.92497400000001,30.89392399999999,0 75.925917,30.893455,0 75.926728,30.893057,0 75.927592,30.892643,0 75.928262,30.892318,0 75.92846900000001,30.892206,0 75.928808,30.891989,0 75.929219,30.891713,0 75.929883,30.891252,0 75.930606,30.890761,0 75.931207,30.890356,0 75.93159,30.890115,0 75.931883,30.88995999999999,0 75.932327,30.889759,0 75.932693,30.889602,0 75.93361899999999,30.889181,0 75.934354,30.88884,0 75.935236,30.888461,0 75.935402,30.88839,0 75.936166,30.888043,0 75.936876,30.887723,0 75.9376,30.887405,0 75.93894,30.886792,0 75.939947,30.886337,0 75.94100400000001,30.885862,0 75.942279,30.88529,0 75.94354199999999,30.884728,0 75.944945,30.884091,0 75.946837,30.883237,0 75.948055,30.882693,0 75.949264,30.882137,0 75.950444,30.881609,0 75.950715,30.881485,0 75.951381,30.88118,0 75.952235,30.880796,0 75.952755,30.883375,0 75.953155,30.885663,0 75.953155,30.885664,0 75.953935,30.890766,0 75.93863,30.89079,0 75.938436,30.890935,0 75.93293,30.895052,0 75.932868,30.895098,0 75.932785,30.89516,0 
						</coordinates>
					</LinearRing>
				</outerBoundaryIs>
			</Polygon>
		</Placemark>
	</Document>
	<Document>
		<name>Ward No 25.kml</name>
		<StyleMap id="m_ylw-pushpin28">
			<Pair>
				<key>normal</key>
				<styleUrl>#s_ylw-pushpin28</styleUrl>
			</Pair>
			<Pair>
				<key>highlight</key>
				<styleUrl>#s_ylw-pushpin_hl28</styleUrl>
			</Pair>
		</StyleMap>
		<Style id="s_ylw-pushpin28">
			<IconStyle>
				<scale>1.1</scale>
				<Icon>
					<href>http://maps.google.com/mapfiles/kml/pushpin/ylw-pushpin.png</href>
				</Icon>
				<hotSpot x="20" y="2" xunits="pixels" yunits="pixels"/>
			</IconStyle>
			<LineStyle>
				<color>ffffff55</color>
				<width>3</width>
			</LineStyle>
			<PolyStyle>
				<fill>0</fill>
			</PolyStyle>
		</Style>
		<Style id="s_ylw-pushpin_hl28">
			<IconStyle>
				<scale>1.3</scale>
				<Icon>
					<href>http://maps.google.com/mapfiles/kml/pushpin/ylw-pushpin.png</href>
				</Icon>
				<hotSpot x="20" y="2" xunits="pixels" yunits="pixels"/>
			</IconStyle>
			<LineStyle>
				<color>ffffff55</color>
				<width>3</width>
			</LineStyle>
			<PolyStyle>
				<fill>0</fill>
			</PolyStyle>
		</Style>
		<Placemark>
			<name>Ward No 25.kml</name>
			<styleUrl>#m_ylw-pushpin28</styleUrl>
			<Polygon>
				<tessellate>1</tessellate>
				<outerBoundaryIs>
					<LinearRing>
						<coordinates>
							75.952235,30.880796,0 75.951381,30.88118,0 75.950715,30.881485,0 75.950444,30.881609,0 75.949264,30.882137,0 75.948055,30.882693,0 75.946837,30.883237,0 75.944945,30.884091,0 75.94354199999999,30.884728,0 75.942279,30.88529,0 75.94100400000001,30.885862,0 75.939947,30.886337,0 75.93894,30.886792,0 75.9376,30.887405,0 75.936876,30.887723,0 75.936166,30.888043,0 75.935402,30.88839,0 75.935236,30.888461,0 75.935131,30.888233,0 75.93491299999999,30.887894,0 75.934488,30.887339,0 75.934054,30.886799,0 75.933634,30.886281,0 75.93315800000001,30.885689,0 75.932844,30.885317,0 75.93241,30.884811,0 75.93192500000001,30.884225,0 75.931431,30.883657,0 75.930874,30.882922,0 75.930583,30.882546,0 75.930336,30.882065,0 75.93001599999999,30.881527,0 75.92974100000001,30.881101,0 75.92953,30.88077,0 75.930685,30.880114,0 75.931489,30.879692,0 75.934782,30.877981,0 75.93416499999999,30.87706,0 75.932975,30.875325,0 75.932472,30.874569,0 75.931853,30.87367,0 75.931483,30.873116,0 75.931062,30.872469,0 75.930396,30.871484,0 75.929676,30.870419,0 75.92827,30.871134,0 75.927736,30.87138300000001,0 75.9272,30.871654,0 75.926692,30.871929,0 75.925532,30.872502,0 75.924699,30.87293,0 75.924111,30.873227,0 75.923858,30.873361,0 75.92333499999999,30.873047,0 75.922849,30.87278,0 75.922425,30.872547,0 75.921601,30.872093,0 75.921301,30.872281,0 75.920776,30.872531,0 75.919472,30.873204,0 75.91824,30.87383,0 75.91862999999999,30.872293,0 75.919111,30.870322,0 75.91934500000001,30.869467,0 75.919607,30.86828300000001,0 75.92038599999999,30.867869,0 75.921519,30.867219,0 75.923197,30.866236,0 75.924091,30.865693,0 75.925119,30.865061,0 75.926182,30.864431,0 75.92765300000001,30.863548,0 75.928877,30.862858,0 75.92966699999999,30.862368,0 75.931358,30.861355,0 75.933015,30.860369,0 75.93498700000001,30.859179,0 75.93692799999999,30.858007,0 75.93833100000001,30.85717,0 75.940274,30.855909,0 75.94526999999999,30.852818,0 75.94615899999999,30.852295,0 75.953704,30.84785400000001,0 75.953779,30.847933,0 75.954121,30.848299,0 75.955495,30.849729,0 75.955521,30.849755,0 75.955708,30.84995,0 75.955786,30.850031,0 75.955849,30.850096,0 75.955899,30.850154,0 75.956141,30.850438,0 75.942716,30.857628,0 75.942719,30.857631,0 75.945059,30.859773,0 75.94527600000001,30.859972,0 75.94464600000001,30.8606,0 75.944288,30.860957,0 75.94398200000001,30.861263,0 75.94555699999999,30.862439,0 75.946173,30.8629,0 75.946344,30.863028,0 75.947326,30.864471,0 75.94919400000001,30.867323,0 75.95025099999999,30.868768,0 75.951537,30.870657,0 75.949586,30.871997,0 75.951076,30.873129,0 75.951358,30.873476,0 75.951474,30.873618,0 75.951492,30.873641,0 75.95189999999999,30.874288,0 75.955073,30.879321,0 75.955066,30.87932500000001,0 75.953023,30.880295,0 75.952641,30.880477,0 75.95242500000001,30.88058,0 75.952212,30.880679,0 75.952235,30.880796,0 
						</coordinates>
					</LinearRing>
				</outerBoundaryIs>
			</Polygon>
		</Placemark>
	</Document>
	<Document>
		<name>Ward No 26.kml</name>
		<StyleMap id="m_ylw-pushpin29">
			<Pair>
				<key>normal</key>
				<styleUrl>#s_ylw-pushpin29</styleUrl>
			</Pair>
			<Pair>
				<key>highlight</key>
				<styleUrl>#s_ylw-pushpin_hl29</styleUrl>
			</Pair>
		</StyleMap>
		<Style id="s_ylw-pushpin29">
			<IconStyle>
				<scale>1.1</scale>
				<Icon>
					<href>http://maps.google.com/mapfiles/kml/pushpin/ylw-pushpin.png</href>
				</Icon>
				<hotSpot x="20" y="2" xunits="pixels" yunits="pixels"/>
			</IconStyle>
			<LineStyle>
				<color>ffffff55</color>
				<width>3</width>
			</LineStyle>
			<PolyStyle>
				<fill>0</fill>
			</PolyStyle>
		</Style>
		<Style id="s_ylw-pushpin_hl29">
			<IconStyle>
				<scale>1.3</scale>
				<Icon>
					<href>http://maps.google.com/mapfiles/kml/pushpin/ylw-pushpin.png</href>
				</Icon>
				<hotSpot x="20" y="2" xunits="pixels" yunits="pixels"/>
			</IconStyle>
			<LineStyle>
				<color>ffffff55</color>
				<width>3</width>
			</LineStyle>
			<PolyStyle>
				<fill>0</fill>
			</PolyStyle>
		</Style>
		<Placemark>
			<name>Ward No 26.kml</name>
			<styleUrl>#m_ylw-pushpin29</styleUrl>
			<Polygon>
				<tessellate>1</tessellate>
				<outerBoundaryIs>
					<LinearRing>
						<coordinates>
							75.908936,30.878621,0 75.910265,30.88054,0 75.910814,30.881316,0 75.911314,30.88204,0 75.911822,30.882747,0 75.912278,30.883434,0 75.912722,30.88407,0 75.91292,30.884372,0 75.913336,30.885003,0 75.913645,30.885448,0 75.914046,30.88606,0 75.914562,30.886888,0 75.91503299999999,30.887626,0 75.91602,30.889107,0 75.916416,30.889759,0 75.917186,30.891003,0 75.917467,30.89145299999999,0 75.917751,30.89189,0 75.91686300000001,30.892297,0 75.915959,30.892711,0 75.915464,30.892951,0 75.914776,30.893281,0 75.914141,30.893574,0 75.913729,30.893779,0 75.91292900000001,30.894135,0 75.912609,30.894252,0 75.91227499999999,30.894325,0 75.911722,30.894398,0 75.91118400000001,30.894438,0 75.91085099999999,30.894454,0 75.910528,30.894482,0 75.91011,30.894612,0 75.90994499999999,30.894676,0 75.909757,30.894754,0 75.90931399999999,30.894977,0 75.908621,30.895289,0 75.907966,30.895594,0 75.907355,30.895882,0 75.906909,30.896096,0 75.90666299999999,30.896235,0 75.906926,30.896629,0 75.907214,30.897082,0 75.906605,30.897366,0 75.90592100000001,30.897705,0 75.905323,30.898019,0 75.904605,30.898393,0 75.90408600000001,30.898627,0 75.90377599999999,30.898606,0 75.903226,30.898502,0 75.90271,30.89841,0 75.902315,30.898406,0 75.902164,30.898442,0 75.90164799999999,30.898672,0 75.901156,30.898888,0 75.90045000000001,30.899233,0 75.89983100000001,30.89952600000001,0 75.899468,30.8997,0 75.89922199999999,30.899838,0 75.899298,30.899607,0 75.89930200000001,30.89946,0 75.899333,30.898473,0 75.89930200000001,30.897541,0 75.899226,30.89649,0 75.898521,30.8965,0 75.897643,30.896473,0 75.897231,30.896457,0 75.897046,30.896233,0 75.896902,30.89601800000001,0 75.89753,30.895712,0 75.898135,30.895428,0 75.89902600000001,30.894962,0 75.899956,30.894481,0 75.900223,30.894515,0 75.900409,30.894454,0 75.900716,30.894748,0 75.901106,30.894968,0 75.902162,30.894423,0 75.903752,30.893668,0 75.904689,30.893223,0 75.905621,30.892763,0 75.906582,30.892303,0 75.90737,30.891918,0 75.907853,30.891722,0 75.90805899999999,30.891625,0 75.907529,30.890786,0 75.907017,30.89004,0 75.90657,30.88938,0 75.906145,30.888805,0 75.905877,30.888395,0 75.90558900000001,30.887971,0 75.905344,30.887606,0 75.905047,30.887182,0 75.90469400000001,30.886719,0 75.904366,30.886255,0 75.904116,30.885904,0 75.90372600000001,30.885357,0 75.90346700000001,30.884983,0 75.90300499999999,30.884348,0 75.90269600000001,30.883881,0 75.902298,30.883313,0 75.901944,30.882843,0 75.901675,30.882411,0 75.901814,30.88234,0 75.903091,30.881658,0 75.903977,30.881201,0 75.90513300000001,30.880601,0 75.906611,30.879827,0 75.90758099999999,30.879331,0 75.908905,30.878637,0 75.908936,30.878621,0 
						</coordinates>
					</LinearRing>
				</outerBoundaryIs>
			</Polygon>
		</Placemark>
	</Document>
	<Document>
		<name>Ward No 27.kml</name>
		<StyleMap id="m_ylw-pushpin30">
			<Pair>
				<key>normal</key>
				<styleUrl>#s_ylw-pushpin30</styleUrl>
			</Pair>
			<Pair>
				<key>highlight</key>
				<styleUrl>#s_ylw-pushpin_hl30</styleUrl>
			</Pair>
		</StyleMap>
		<Style id="s_ylw-pushpin30">
			<IconStyle>
				<scale>1.1</scale>
				<Icon>
					<href>http://maps.google.com/mapfiles/kml/pushpin/ylw-pushpin.png</href>
				</Icon>
				<hotSpot x="20" y="2" xunits="pixels" yunits="pixels"/>
			</IconStyle>
			<LineStyle>
				<color>ffffff55</color>
				<width>3</width>
			</LineStyle>
			<PolyStyle>
				<fill>0</fill>
			</PolyStyle>
		</Style>
		<Style id="s_ylw-pushpin_hl30">
			<IconStyle>
				<scale>1.3</scale>
				<Icon>
					<href>http://maps.google.com/mapfiles/kml/pushpin/ylw-pushpin.png</href>
				</Icon>
				<hotSpot x="20" y="2" xunits="pixels" yunits="pixels"/>
			</IconStyle>
			<LineStyle>
				<color>ffffff55</color>
				<width>3</width>
			</LineStyle>
			<PolyStyle>
				<fill>0</fill>
			</PolyStyle>
		</Style>
		<Placemark>
			<name>Ward No 27.kml</name>
			<styleUrl>#m_ylw-pushpin30</styleUrl>
			<Polygon>
				<tessellate>1</tessellate>
				<outerBoundaryIs>
					<LinearRing>
						<coordinates>
							75.898472,30.883948,0 75.898605,30.884173,0 75.898785,30.884434,0 75.899198,30.885031,0 75.89939800000001,30.885297,0 75.900132,30.886354,0 75.900629,30.887047,0 75.900981,30.887569,0 75.90119,30.887887,0 75.901369,30.888174,0 75.901538,30.88845999999999,0 75.900865,30.888791,0 75.90015099999999,30.889173,0 75.8994,30.889532,0 75.898504,30.889978,0 75.898113,30.890159,0 75.89848499999999,30.890786,0 75.897336,30.89133899999999,0 75.89636400000001,30.89176,0 75.89530499999999,30.89228,0 75.894606,30.892642,0 75.89442099999999,30.892903,0 75.89412400000001,30.893218,0 75.89360600000001,30.893771,0 75.89341899999999,30.893712,0 75.89281800000001,30.89434,0 75.892174,30.89503300000001,0 75.89170900000001,30.895547,0 75.89125300000001,30.896031,0 75.89112900000001,30.896172,0 75.89128599999999,30.89628,0 75.891311,30.896356,0 75.89159600000001,30.896785,0 75.891875,30.897247,0 75.891784,30.897364,0 75.891654,30.89754,0 75.891385,30.897545,0 75.891368,30.898349,0 75.890996,30.898352,0 75.89099,30.898711,0 75.89065600000001,30.898613,0 75.89022900000001,30.898486,0 75.890051,30.898433,0 75.88957000000001,30.898264,0 75.88923200000001,30.898232,0 75.888805,30.898241,0 75.888154,30.89825,0 75.88746,30.89826,0 75.886835,30.898248,0 75.88619300000001,30.898253,0 75.88557900000001,30.898247,0 75.88466,30.898255,0 75.883793,30.898272,0 75.883819,30.89791,0 75.88383899999999,30.897374,0 75.883848,30.896841,0 75.883882,30.896395,0 75.883909,30.89612,0 75.88392899999999,30.895826,0 75.883955,30.895362,0 75.883985,30.894948,0 75.884005,30.894657,0 75.88401500000001,30.894392,0 75.884023,30.893896,0 75.88403700000001,30.893454,0 75.884067,30.893065,0 75.884089,30.892806,0 75.884107,30.892597,0 75.884117,30.892355,0 75.884147,30.891703,0 75.884152,30.891637,0 75.884441,30.891494,0 75.88511800000001,30.891118,0 75.885722,30.890772,0 75.88660299999999,30.890291,0 75.887748,30.889674,0 75.888712,30.889182,0 75.889458,30.888796,0 75.890287,30.88838,0 75.890793,30.888117,0 75.89121799999999,30.887928,0 75.891569,30.887317,0 75.89173099999999,30.887068,0 75.891993,30.886685,0 75.892274,30.886465,0 75.893052,30.885962,0 75.896344,30.884733,0 75.897463,30.884336,0 75.898472,30.883948,0 
						</coordinates>
					</LinearRing>
				</outerBoundaryIs>
			</Polygon>
		</Placemark>
	</Document>
	<Document>
		<name>Ward No 28.kml</name>
		<StyleMap id="m_ylw-pushpin31">
			<Pair>
				<key>normal</key>
				<styleUrl>#s_ylw-pushpin31</styleUrl>
			</Pair>
			<Pair>
				<key>highlight</key>
				<styleUrl>#s_ylw-pushpin_hl31</styleUrl>
			</Pair>
		</StyleMap>
		<Style id="s_ylw-pushpin31">
			<IconStyle>
				<scale>1.1</scale>
				<Icon>
					<href>http://maps.google.com/mapfiles/kml/pushpin/ylw-pushpin.png</href>
				</Icon>
				<hotSpot x="20" y="2" xunits="pixels" yunits="pixels"/>
			</IconStyle>
			<LineStyle>
				<color>ffffff55</color>
				<width>3</width>
			</LineStyle>
			<PolyStyle>
				<fill>0</fill>
			</PolyStyle>
		</Style>
		<Style id="s_ylw-pushpin_hl31">
			<IconStyle>
				<scale>1.3</scale>
				<Icon>
					<href>http://maps.google.com/mapfiles/kml/pushpin/ylw-pushpin.png</href>
				</Icon>
				<hotSpot x="20" y="2" xunits="pixels" yunits="pixels"/>
			</IconStyle>
			<LineStyle>
				<color>ffffff55</color>
				<width>3</width>
			</LineStyle>
			<PolyStyle>
				<fill>0</fill>
			</PolyStyle>
		</Style>
		<Placemark>
			<name>Ward No 28.kml</name>
			<styleUrl>#m_ylw-pushpin31</styleUrl>
			<Polygon>
				<tessellate>1</tessellate>
				<outerBoundaryIs>
					<LinearRing>
						<coordinates>
							75.885949,30.908296,0 75.88509999999999,30.908627,0 75.884123,30.909001,0 75.883154,30.909381,0 75.88190299999999,30.909861,0 75.880944,30.910225,0 75.87993,30.910625,0 75.879406,30.91086,0 75.879481,30.910674,0 75.879637,30.910302,0 75.880071,30.909253,0 75.880437,30.908335,0 75.880883,30.907274,0 75.88113800000001,30.906686,0 75.88139,30.906043,0 75.88160499999999,30.905502,0 75.881803,30.905022,0 75.881984,30.904596,0 75.88212,30.904271,0 75.882256,30.903958,0 75.88245499999999,30.903489,0 75.882614,30.903098,0 75.882729,30.902822,0 75.88288300000001,30.902486,0 75.88299000000001,30.902221,0 75.8831,30.901931,0 75.883183,30.901696,0 75.88327,30.901446,0 75.883419,30.901014,0 75.88352,30.90066699999999,0 75.88355300000001,30.900511,0 75.883591,30.900349,0 75.88362499999999,30.900127,0 75.883674,30.899797,0 75.883731,30.899315,0 75.88375600000001,30.898881,0 75.883771,30.898576,0 75.883793,30.898272,0 75.88466,30.898255,0 75.88557900000001,30.898247,0 75.88619300000001,30.898253,0 75.886835,30.898248,0 75.88746,30.89826,0 75.888154,30.89825,0 75.888805,30.898241,0 75.88923200000001,30.898232,0 75.88957000000001,30.898264,0 75.890051,30.898433,0 75.89022900000001,30.898486,0 75.89065600000001,30.898613,0 75.89099,30.898711,0 75.890996,30.898352,0 75.891368,30.898349,0 75.891385,30.897545,0 75.891654,30.89754,0 75.891784,30.897364,0 75.891875,30.897247,0 75.89159600000001,30.896785,0 75.891311,30.896356,0 75.89128599999999,30.89628,0 75.89112900000001,30.896172,0 75.89125300000001,30.896031,0 75.89170900000001,30.895547,0 75.892174,30.89503300000001,0 75.89281800000001,30.89434,0 75.89341899999999,30.893712,0 75.89360600000001,30.893771,0 75.89412400000001,30.893218,0 75.89442099999999,30.892903,0 75.894606,30.892642,0 75.89530499999999,30.89228,0 75.89636400000001,30.89176,0 75.897336,30.89133899999999,0 75.89848499999999,30.890786,0 75.898113,30.890159,0 75.898504,30.889978,0 75.8994,30.889532,0 75.90015099999999,30.889173,0 75.900865,30.888791,0 75.901538,30.88845999999999,0 75.901369,30.888174,0 75.90119,30.887887,0 75.900981,30.887569,0 75.900629,30.887047,0 75.900132,30.886354,0 75.89939800000001,30.885297,0 75.899198,30.885031,0 75.898785,30.884434,0 75.898605,30.884173,0 75.898472,30.883948,0 75.898853,30.883794,0 75.899582,30.883506,0 75.90047300000001,30.883033,0 75.90111,30.88270199999999,0 75.901675,30.882411,0 75.901944,30.882843,0 75.902298,30.883313,0 75.90269600000001,30.883881,0 75.90300499999999,30.884348,0 75.90346700000001,30.884983,0 75.90372600000001,30.885357,0 75.904116,30.885904,0 75.904366,30.886255,0 75.90469400000001,30.886719,0 75.905047,30.887182,0 75.905344,30.887606,0 75.90558900000001,30.887971,0 75.905877,30.888395,0 75.906145,30.888805,0 75.90657,30.88938,0 75.907017,30.89004,0 75.907529,30.890786,0 75.90805899999999,30.891625,0 75.907853,30.891722,0 75.90737,30.891918,0 75.906582,30.892303,0 75.905621,30.892763,0 75.904689,30.893223,0 75.903752,30.893668,0 75.902162,30.894423,0 75.901106,30.894968,0 75.900716,30.894748,0 75.900409,30.894454,0 75.900223,30.894515,0 75.899956,30.894481,0 75.89902600000001,30.894962,0 75.898135,30.895428,0 75.89753,30.895712,0 75.896902,30.89601800000001,0 75.896809,30.89587999999999,0 75.89647100000001,30.895336,0 75.894852,30.896113,0 75.893967,30.896583,0 75.89467399999999,30.897648,0 75.89521499999999,30.89841,0 75.89486100000001,30.89889000000001,0 75.894386,30.899316,0 75.89406200000001,30.89952600000001,0 75.89349799999999,30.899724,0 75.892993,30.89983,0 75.89267599999999,30.899839,0 75.89228300000001,30.899803,0 75.89179300000001,30.899769,0 75.889483,30.899773,0 75.88932800000001,30.900874,0 75.889235,30.901115,0 75.888898,30.901242,0 75.888172,30.901536,0 75.887775,30.901675,0 75.887754,30.901715,0 75.88762699999999,30.902024,0 75.887362,30.90285,0 75.887203,30.903352,0 75.887152,30.903424,0 75.886943,30.903755,0 75.88681699999999,30.904006,0 75.88664199999999,30.904402,0 75.886438,30.904891,0 75.886393,30.905084,0 75.886402,30.90519,0 75.886478,30.905466,0 75.886627,30.905955,0 75.886922,30.906539,0 75.88716100000001,30.907046,0 75.887355,30.907442,0 75.887489,30.907696,0 75.887438,30.907715,0 75.88657000000001,30.908061,0 75.88615900000001,30.908214,0 75.885949,30.908296,0 
						</coordinates>
					</LinearRing>
				</outerBoundaryIs>
			</Polygon>
		</Placemark>
	</Document>
	<Document>
		<name>Ward No 29.kml</name>
		<StyleMap id="m_ylw-pushpin32">
			<Pair>
				<key>normal</key>
				<styleUrl>#s_ylw-pushpin32</styleUrl>
			</Pair>
			<Pair>
				<key>highlight</key>
				<styleUrl>#s_ylw-pushpin_hl32</styleUrl>
			</Pair>
		</StyleMap>
		<Style id="s_ylw-pushpin32">
			<IconStyle>
				<scale>1.1</scale>
				<Icon>
					<href>http://maps.google.com/mapfiles/kml/pushpin/ylw-pushpin.png</href>
				</Icon>
				<hotSpot x="20" y="2" xunits="pixels" yunits="pixels"/>
			</IconStyle>
			<LineStyle>
				<color>ffffff55</color>
				<width>3</width>
			</LineStyle>
			<PolyStyle>
				<fill>0</fill>
			</PolyStyle>
		</Style>
		<Style id="s_ylw-pushpin_hl32">
			<IconStyle>
				<scale>1.3</scale>
				<Icon>
					<href>http://maps.google.com/mapfiles/kml/pushpin/ylw-pushpin.png</href>
				</Icon>
				<hotSpot x="20" y="2" xunits="pixels" yunits="pixels"/>
			</IconStyle>
			<LineStyle>
				<color>ffffff55</color>
				<width>3</width>
			</LineStyle>
			<PolyStyle>
				<fill>0</fill>
			</PolyStyle>
		</Style>
		<Placemark>
			<name>Ward No 29.kml</name>
			<styleUrl>#m_ylw-pushpin32</styleUrl>
			<Polygon>
				<tessellate>1</tessellate>
				<outerBoundaryIs>
					<LinearRing>
						<coordinates>
							75.88347,30.916761,0 75.881551,30.91681,0 75.88086199999999,30.916804,0 75.88025399999999,30.916787,0 75.879706,30.91674,0 75.87893800000001,30.91664,0 75.87822199999999,30.916564,0 75.877621,30.916483,0 75.87714699999999,30.916424,0 75.877246,30.916192,0 75.877527,30.915519,0 75.877825,30.914797,0 75.87806399999999,30.914188,0 75.87822199999999,30.913777,0 75.878384,30.913393,0 75.878518,30.913054,0 75.878692,30.912618,0 75.878871,30.91218,0 75.879116,30.911582,0 75.879406,30.91086,0 75.87993,30.910625,0 75.880944,30.910225,0 75.88190299999999,30.909861,0 75.883154,30.909381,0 75.884123,30.909001,0 75.88509999999999,30.908627,0 75.885949,30.908296,0 75.88619,30.908713,0 75.886638,30.90948,0 75.886954,30.90982,0 75.887238,30.910117,0 75.88762800000001,30.910499,0 75.88793,30.910796,0 75.888485,30.911247,0 75.888796,30.911629,0 75.889325,30.912133,0 75.88942400000001,30.91210999999999,0 75.88960299999999,30.912258,0 75.890047,30.912909,0 75.890475,30.913846,0 75.89070599999999,30.914307,0 75.890927,30.914954,0 75.89084699999999,30.914971,0 75.890708,30.914959,0 75.89053199999999,30.914996,0 75.89019999999999,30.915133,0 75.889588,30.915425,0 75.88928,30.914801,0 75.889101,30.914411,0 75.888879,30.914005,0 75.88855599999999,30.914134,0 75.88790899999999,30.914371,0 75.887361,30.914568,0 75.88669899999999,30.914834,0 75.88653600000001,30.91487499999999,0 75.88639999999999,30.914436,0 75.886331,30.914215,0 75.886291,30.914075,0 75.885763,30.914451,0 75.88560200000001,30.914389,0 75.885499,30.914366,0 75.88531999999999,30.914371,0 75.884849,30.91479,0 75.884438,30.915151,0 75.88442000000001,30.915211,0 75.884432,30.915226,0 75.88420499999999,30.915571,0 75.88401399999999,30.915858,0 75.883809,30.916172,0 75.88360299999999,30.916511,0 75.88347,30.916761,0 
						</coordinates>
					</LinearRing>
				</outerBoundaryIs>
			</Polygon>
		</Placemark>
	</Document>
	<Document>
		<name>Ward No 30.kml</name>
		<StyleMap id="m_ylw-pushpin33">
			<Pair>
				<key>normal</key>
				<styleUrl>#s_ylw-pushpin33</styleUrl>
			</Pair>
			<Pair>
				<key>highlight</key>
				<styleUrl>#s_ylw-pushpin_hl33</styleUrl>
			</Pair>
		</StyleMap>
		<Style id="s_ylw-pushpin33">
			<IconStyle>
				<scale>1.1</scale>
				<Icon>
					<href>http://maps.google.com/mapfiles/kml/pushpin/ylw-pushpin.png</href>
				</Icon>
				<hotSpot x="20" y="2" xunits="pixels" yunits="pixels"/>
			</IconStyle>
			<LineStyle>
				<color>ffffff55</color>
				<width>3</width>
			</LineStyle>
			<PolyStyle>
				<fill>0</fill>
			</PolyStyle>
		</Style>
		<Style id="s_ylw-pushpin_hl33">
			<IconStyle>
				<scale>1.3</scale>
				<Icon>
					<href>http://maps.google.com/mapfiles/kml/pushpin/ylw-pushpin.png</href>
				</Icon>
				<hotSpot x="20" y="2" xunits="pixels" yunits="pixels"/>
			</IconStyle>
			<LineStyle>
				<color>ffffff55</color>
				<width>3</width>
			</LineStyle>
			<PolyStyle>
				<fill>0</fill>
			</PolyStyle>
		</Style>
		<Placemark>
			<name>Ward No 30.kml</name>
			<styleUrl>#m_ylw-pushpin33</styleUrl>
			<Polygon>
				<tessellate>1</tessellate>
				<outerBoundaryIs>
					<LinearRing>
						<coordinates>
							75.883793,30.898272,0 75.883771,30.898576,0 75.88375600000001,30.898881,0 75.883731,30.899315,0 75.883674,30.899797,0 75.88362499999999,30.900127,0 75.883591,30.900349,0 75.88355300000001,30.900511,0 75.88352,30.90066699999999,0 75.883419,30.901014,0 75.88327,30.901446,0 75.883183,30.901696,0 75.8831,30.901931,0 75.88299000000001,30.902221,0 75.88288300000001,30.902486,0 75.882729,30.902822,0 75.882614,30.903098,0 75.88245499999999,30.903489,0 75.882256,30.903958,0 75.88212,30.904271,0 75.881984,30.904596,0 75.881803,30.905022,0 75.88160499999999,30.905502,0 75.88139,30.906043,0 75.88113800000001,30.906686,0 75.880883,30.907274,0 75.880437,30.908335,0 75.880071,30.909253,0 75.879637,30.910302,0 75.879481,30.910674,0 75.879406,30.91086,0 75.87902200000001,30.910078,0 75.878598,30.909233,0 75.878334,30.908646,0 75.87782799999999,30.907664,0 75.87759,30.907148,0 75.87732099999999,30.90659,0 75.876987,30.90593,0 75.876687,30.905325,0 75.87664700000001,30.905244,0 75.876127,30.904237,0 75.875795,30.903588,0 75.875417,30.902779,0 75.87504800000001,30.902813,0 75.874658,30.902841,0 75.874533,30.902806,0 75.874139,30.90283,0 75.874039,30.902857,0 75.873276,30.903299,0 75.87302,30.90298,0 75.87280699999999,30.902713,0 75.87249300000001,30.902229,0 75.87211499999999,30.90172,0 75.871685,30.901157,0 75.871297,30.900576,0 75.871166,30.900595,0 75.870456,30.90074,0 75.869843,30.900952,0 75.869355,30.901227,0 75.868816,30.901649,0 75.868493,30.901906,0 75.86828,30.902133,0 75.86802900000001,30.902409,0 75.867756,30.902271,0 75.867329,30.902002,0 75.866848,30.9017,0 75.866398,30.901393,0 75.866381,30.90138,0 75.865911,30.901036,0 75.865616,30.900777,0 75.865364,30.900384,0 75.864778,30.899484,0 75.864681,30.899327,0 75.864047,30.8983,0 75.864886,30.897857,0 75.86599200000001,30.897277,0 75.86695400000001,30.896781,0 75.868005,30.896222,0 75.869157,30.895625,0 75.870097,30.895103,0 75.870322,30.89499,0 75.871272,30.894514,0 75.872266,30.893993,0 75.873132,30.893545,0 75.87443,30.892874,0 75.875434,30.892337,0 75.87648799999999,30.891794,0 75.87770999999999,30.891143,0 75.879091,30.89042,0 75.88035000000001,30.889757,0 75.88144699999999,30.889196,0 75.88258399999999,30.888601,0 75.88372200000001,30.887985,0 75.88433499999999,30.887734,0 75.884314,30.888212,0 75.88432400000001,30.888621,0 75.884303,30.888973,0 75.884218,30.889997,0 75.884193,30.89032,0 75.88418299999999,30.890666,0 75.88418900000001,30.891001,0 75.884176,30.891335,0 75.884152,30.891637,0 75.884147,30.891703,0 75.884117,30.892355,0 75.884107,30.892597,0 75.884089,30.892806,0 75.884067,30.893065,0 75.88403700000001,30.893454,0 75.884023,30.893896,0 75.88401500000001,30.894392,0 75.884005,30.894657,0 75.883985,30.894948,0 75.883955,30.895362,0 75.88392899999999,30.895826,0 75.883909,30.89612,0 75.883882,30.896395,0 75.883848,30.896841,0 75.88383899999999,30.897374,0 75.883819,30.89791,0 75.883793,30.898272,0 
						</coordinates>
					</LinearRing>
				</outerBoundaryIs>
			</Polygon>
		</Placemark>
	</Document>
	<Document>
		<name>Ward No 31.kml</name>
		<StyleMap id="m_ylw-pushpin34">
			<Pair>
				<key>normal</key>
				<styleUrl>#s_ylw-pushpin34</styleUrl>
			</Pair>
			<Pair>
				<key>highlight</key>
				<styleUrl>#s_ylw-pushpin_hl34</styleUrl>
			</Pair>
		</StyleMap>
		<Style id="s_ylw-pushpin34">
			<IconStyle>
				<scale>1.1</scale>
				<Icon>
					<href>http://maps.google.com/mapfiles/kml/pushpin/ylw-pushpin.png</href>
				</Icon>
				<hotSpot x="20" y="2" xunits="pixels" yunits="pixels"/>
			</IconStyle>
			<LineStyle>
				<color>ffffff55</color>
				<width>3</width>
			</LineStyle>
			<PolyStyle>
				<fill>0</fill>
			</PolyStyle>
		</Style>
		<Style id="s_ylw-pushpin_hl34">
			<IconStyle>
				<scale>1.3</scale>
				<Icon>
					<href>http://maps.google.com/mapfiles/kml/pushpin/ylw-pushpin.png</href>
				</Icon>
				<hotSpot x="20" y="2" xunits="pixels" yunits="pixels"/>
			</IconStyle>
			<LineStyle>
				<color>ffffff55</color>
				<width>3</width>
			</LineStyle>
			<PolyStyle>
				<fill>0</fill>
			</PolyStyle>
		</Style>
		<Placemark>
			<name>Ward No 31.kml</name>
			<styleUrl>#m_ylw-pushpin34</styleUrl>
			<Polygon>
				<tessellate>1</tessellate>
				<outerBoundaryIs>
					<LinearRing>
						<coordinates>
							75.88433499999999,30.887734,0 75.88372200000001,30.887985,0 75.88258399999999,30.888601,0 75.88144699999999,30.889196,0 75.88035000000001,30.889757,0 75.879091,30.89042,0 75.87770999999999,30.891143,0 75.87648799999999,30.891794,0 75.875434,30.892337,0 75.87443,30.892874,0 75.873132,30.893545,0 75.872266,30.893993,0 75.871272,30.894514,0 75.870322,30.89499,0 75.86999,30.894509,0 75.86977,30.894234,0 75.869407,30.893861,0 75.86899099999999,30.893458,0 75.868695,30.893201,0 75.86792199999999,30.892618,0 75.866891,30.89193300000001,0 75.865714,30.891102,0 75.865044,30.89066100000001,0 75.864912,30.890571,0 75.865234,30.890436,0 75.86522100000001,30.890153,0 75.865915,30.89006,0 75.865921,30.890078,0 75.866359,30.890012,0 75.866963,30.88991100000001,0 75.86712199999999,30.889914,0 75.86733099999999,30.88987,0 75.86771299999999,30.889771,0 75.867953,30.88971,0 75.86788300000001,30.889546,0 75.868212,30.889469,0 75.868478,30.889422,0 75.868757,30.889376,0 75.86906399999999,30.889311,0 75.869377,30.889248,0 75.86935200000001,30.889138,0 75.869697,30.889068,0 75.87007,30.889003,0 75.870638,30.888888,0 75.870577,30.88859800000001,0 75.87077600000001,30.888569,0 75.87124900000001,30.888538,0 75.87178,30.888515,0 75.87178,30.888454,0 75.87230099999999,30.888413,0 75.873088,30.888328,0 75.87327500000001,30.887704,0 75.873373,30.887282,0 75.873386,30.886685,0 75.873445,30.886776,0 75.874233,30.887997,0 75.874472,30.888328,0 75.875494,30.887846,0 75.876188,30.887459,0 75.876791,30.888244,0 75.877523,30.889236,0 75.877848,30.889695,0 75.878438,30.889397,0 75.87938,30.888908,0 75.880776,30.888221,0 75.881772,30.887716,0 75.883523,30.886835,0 75.88443599999999,30.886265,0 75.88482999999999,30.886003,0 75.88470100000001,30.885843,0 75.88456499999999,30.885662,0 75.884514,30.885574,0 75.884496,30.885492,0 75.884474,30.884516,0 75.884434,30.883442,0 75.88530900000001,30.883012,0 75.885485,30.883266,0 75.88628799999999,30.88291,0 75.88639499999999,30.882907,0 75.886668,30.882782,0 75.887818,30.882216,0 75.888805,30.881729,0 75.89003200000001,30.881133,0 75.889869,30.88081,0 75.889523,30.880105,0 75.88935499999999,30.879803,0 75.889098,30.879234,0 75.888915,30.878764,0 75.889077,30.878703,0 75.88960400000001,30.878557,0 75.890355,30.878378,0 75.890968,30.878213,0 75.891487,30.87806,0 75.892258,30.877806,0 75.89205,30.877345,0 75.8918,30.876669,0 75.892306,30.876352,0 75.892726,30.876054,0 75.893585,30.875465,0 75.89443300000001,30.874902,0 75.89524299999999,30.874367,0 75.895922,30.873927,0 75.896759,30.873352,0 75.89795700000001,30.872565,0 75.897971,30.87263,0 75.898016,30.872885,0 75.898084,30.873333,0 75.89816500000001,30.873798,0 75.898259,30.874361,0 75.898398,30.875158,0 75.898544,30.876051,0 75.898633,30.876538,0 75.898715,30.87711,0 75.898843,30.877716,0 75.8989,30.878194,0 75.89894200000001,30.879021,0 75.897682,30.879653,0 75.896761,30.880115,0 75.895945,30.880525,0 75.894989,30.881012,0 75.89413399999999,30.88144,0 75.89326699999999,30.881875,0 75.892329,30.882342,0 75.89122999999999,30.882905,0 75.889951,30.883533,0 75.889291,30.883859,0 75.888723,30.884149,0 75.888323,30.884363,0 75.887874,30.884608,0 75.887119,30.885048,0 75.8862,30.885572,0 75.88526299999999,30.886124,0 75.885007,30.886285,0 75.884878,30.886396,0 75.884713,30.886566,0 75.884629,30.886692,0 75.884536,30.886853,0 75.884423,30.887129,0 75.884383,30.887286,0 75.884355,30.887492,0 75.884337,30.887682,0 75.88433499999999,30.887734,0 
						</coordinates>
					</LinearRing>
				</outerBoundaryIs>
			</Polygon>
		</Placemark>
	</Document>
	<Document>
		<name>Ward No 32.kml</name>
		<StyleMap id="m_ylw-pushpin35">
			<Pair>
				<key>normal</key>
				<styleUrl>#s_ylw-pushpin35</styleUrl>
			</Pair>
			<Pair>
				<key>highlight</key>
				<styleUrl>#s_ylw-pushpin_hl35</styleUrl>
			</Pair>
		</StyleMap>
		<Style id="s_ylw-pushpin35">
			<IconStyle>
				<scale>1.1</scale>
				<Icon>
					<href>http://maps.google.com/mapfiles/kml/pushpin/ylw-pushpin.png</href>
				</Icon>
				<hotSpot x="20" y="2" xunits="pixels" yunits="pixels"/>
			</IconStyle>
			<LineStyle>
				<color>ffffff55</color>
				<width>3</width>
			</LineStyle>
			<PolyStyle>
				<fill>0</fill>
			</PolyStyle>
		</Style>
		<Style id="s_ylw-pushpin_hl35">
			<IconStyle>
				<scale>1.3</scale>
				<Icon>
					<href>http://maps.google.com/mapfiles/kml/pushpin/ylw-pushpin.png</href>
				</Icon>
				<hotSpot x="20" y="2" xunits="pixels" yunits="pixels"/>
			</IconStyle>
			<LineStyle>
				<color>ffffff55</color>
				<width>3</width>
			</LineStyle>
			<PolyStyle>
				<fill>0</fill>
			</PolyStyle>
		</Style>
		<Placemark>
			<name>Ward No 32.kml</name>
			<styleUrl>#m_ylw-pushpin35</styleUrl>
			<Polygon>
				<tessellate>1</tessellate>
				<outerBoundaryIs>
					<LinearRing>
						<coordinates>
							75.898472,30.883948,0 75.897463,30.884336,0 75.896344,30.884733,0 75.893052,30.885962,0 75.892274,30.886465,0 75.891993,30.886685,0 75.89173099999999,30.887068,0 75.891569,30.887317,0 75.89121799999999,30.887928,0 75.890793,30.888117,0 75.890287,30.88838,0 75.889458,30.888796,0 75.888712,30.889182,0 75.887748,30.889674,0 75.88660299999999,30.890291,0 75.885722,30.890772,0 75.88511800000001,30.891118,0 75.884441,30.891494,0 75.884152,30.891637,0 75.884176,30.891335,0 75.88418900000001,30.891001,0 75.88418299999999,30.890666,0 75.884193,30.89032,0 75.884218,30.889997,0 75.884303,30.888973,0 75.88432400000001,30.888621,0 75.884314,30.888212,0 75.88433499999999,30.887734,0 75.884337,30.887682,0 75.884355,30.887492,0 75.884383,30.887286,0 75.884423,30.887129,0 75.884536,30.886853,0 75.884629,30.886692,0 75.884713,30.886566,0 75.884878,30.886396,0 75.885007,30.886285,0 75.88526299999999,30.886124,0 75.8862,30.885572,0 75.887119,30.885048,0 75.887874,30.884608,0 75.888323,30.884363,0 75.888723,30.884149,0 75.889291,30.883859,0 75.889951,30.883533,0 75.89122999999999,30.882905,0 75.892329,30.882342,0 75.89326699999999,30.881875,0 75.89413399999999,30.88144,0 75.894989,30.881012,0 75.895945,30.880525,0 75.896761,30.880115,0 75.897682,30.879653,0 75.89894200000001,30.879021,0 75.8989,30.878194,0 75.898843,30.877716,0 75.898715,30.87711,0 75.898633,30.876538,0 75.898544,30.876051,0 75.898398,30.875158,0 75.898259,30.874361,0 75.89816500000001,30.873798,0 75.898084,30.873333,0 75.898016,30.872885,0 75.897971,30.87263,0 75.89795700000001,30.872565,0 75.89787699999999,30.872174,0 75.89783,30.87191,0 75.897721,30.871387,0 75.89715099999999,30.871529,0 75.89655999999999,30.871092,0 75.896072,30.870731,0 75.89554099999999,30.870359,0 75.895506,30.870331,0 75.895169,30.870064,0 75.894631,30.869682,0 75.89460699999999,30.869253,0 75.894633,30.869067,0 75.89463499999999,30.868634,0 75.894631,30.867867,0 75.894656,30.867255,0 75.89532800000001,30.867257,0 75.895713,30.867257,0 75.895781,30.867872,0 75.895824,30.868496,0 75.895872,30.869101,0 75.896171,30.868993,0 75.89679700000001,30.86873900000001,0 75.89734799999999,30.868529,0 75.897862,30.868335,0 75.898467,30.868125,0 75.898565,30.868641,0 75.89883500000001,30.868617,0 75.899457,30.868598,0 75.90007199999999,30.868582,0 75.900254,30.868579,0 75.900732,30.868572,0 75.901437,30.868533,0 75.90208,30.868512,0 75.903149,30.868494,0 75.903914,30.868464,0 75.904188,30.868088,0 75.90458099999999,30.867548,0 75.905027,30.866902,0 75.90541899999999,30.866298,0 75.90584200000001,30.865694,0 75.906384,30.864923,0 75.906695,30.864456,0 75.907076,30.863896,0 75.90742299999999,30.86337,0 75.907794,30.862838,0 75.90810999999999,30.862378,0 75.90847100000001,30.861841,0 75.908719,30.861482,0 75.908869,30.861278,0 75.909178,30.86092,0 75.90944,30.860607,0 75.909643,30.860445,0 75.909803,30.86031699999999,0 75.91001799999999,30.860184,0 75.91057000000001,30.859905,0 75.911074,30.859659,0 75.911654,30.859375,0 75.912583,30.858921,0 75.912921,30.858756,0 75.91367200000001,30.858389,0 75.914494,30.85797700000001,0 75.915183,30.85765,0 75.915801,30.857335,0 75.916404,30.857042,0 75.916956,30.856763,0 75.91742600000001,30.856541,0 75.918069,30.85622,0 75.918513,30.855988,0 75.919228,30.85565799999999,0 75.919821,30.855371,0 75.92059399999999,30.855004,0 75.921229,30.854684,0 75.922139,30.854225,0 75.922887,30.853872,0 75.92345899999999,30.85359,0 75.92433,30.853165,0 75.925051,30.852826,0 75.926175,30.852268,0 75.927707,30.851569,0 75.92779,30.851529,0 75.92781600000001,30.851562,0 75.927841,30.851549,0 75.92970099999999,30.850628,0 75.93320799999999,30.848908,0 75.940028,30.845549,0 75.940043,30.845576,0 75.940279,30.846029,0 75.940282,30.846035,0 75.94161800000001,30.847585,0 75.94205599999999,30.848093,0 75.942426,30.848591,0 75.942699,30.848959,0 75.94309800000001,30.849496,0 75.94331099999999,30.850071,0 75.94429,30.851445,0 75.94526999999999,30.852818,0 75.940274,30.855909,0 75.93833100000001,30.85717,0 75.93692799999999,30.858007,0 75.93498700000001,30.859179,0 75.933015,30.860369,0 75.931358,30.861355,0 75.92966699999999,30.862368,0 75.928877,30.862858,0 75.92765300000001,30.863548,0 75.926182,30.864431,0 75.925119,30.865061,0 75.924091,30.865693,0 75.923197,30.866236,0 75.921519,30.867219,0 75.92038599999999,30.867869,0 75.919607,30.86828300000001,0 75.91934500000001,30.869467,0 75.919111,30.870322,0 75.91862999999999,30.872293,0 75.91824,30.87383,0 75.918209,30.873846,0 75.917294,30.874328,0 75.91659300000001,30.87469,0 75.915306,30.87535,0 75.914197,30.875915,0 75.91294000000001,30.876555,0 75.91184699999999,30.877119,0 75.911136,30.877502,0 75.91055299999999,30.877783,0 75.91034399999999,30.877897,0 75.909638,30.878255,0 75.909251,30.878456,0 75.908936,30.878621,0 75.908905,30.878637,0 75.90758099999999,30.879331,0 75.906611,30.879827,0 75.90513300000001,30.880601,0 75.903977,30.881201,0 75.903091,30.881658,0 75.901814,30.88234,0 75.901675,30.882411,0 75.90111,30.88270199999999,0 75.90047300000001,30.883033,0 75.899582,30.883506,0 75.898853,30.883794,0 75.898472,30.883948,0 
						</coordinates>
					</LinearRing>
				</outerBoundaryIs>
			</Polygon>
		</Placemark>
	</Document>
	<Document>
		<name>Ward No 33.kml</name>
		<StyleMap id="m_ylw-pushpin36">
			<Pair>
				<key>normal</key>
				<styleUrl>#s_ylw-pushpin36</styleUrl>
			</Pair>
			<Pair>
				<key>highlight</key>
				<styleUrl>#s_ylw-pushpin_hl36</styleUrl>
			</Pair>
		</StyleMap>
		<Style id="s_ylw-pushpin36">
			<IconStyle>
				<scale>1.1</scale>
				<Icon>
					<href>http://maps.google.com/mapfiles/kml/pushpin/ylw-pushpin.png</href>
				</Icon>
				<hotSpot x="20" y="2" xunits="pixels" yunits="pixels"/>
			</IconStyle>
			<LineStyle>
				<color>ffffff55</color>
				<width>3</width>
			</LineStyle>
			<PolyStyle>
				<fill>0</fill>
			</PolyStyle>
		</Style>
		<Style id="s_ylw-pushpin_hl36">
			<IconStyle>
				<scale>1.3</scale>
				<Icon>
					<href>http://maps.google.com/mapfiles/kml/pushpin/ylw-pushpin.png</href>
				</Icon>
				<hotSpot x="20" y="2" xunits="pixels" yunits="pixels"/>
			</IconStyle>
			<LineStyle>
				<color>ffffff55</color>
				<width>3</width>
			</LineStyle>
			<PolyStyle>
				<fill>0</fill>
			</PolyStyle>
		</Style>
		<Placemark>
			<name>Ward No 33.kml</name>
			<styleUrl>#m_ylw-pushpin36</styleUrl>
			<Polygon>
				<tessellate>1</tessellate>
				<outerBoundaryIs>
					<LinearRing>
						<coordinates>
							75.92779,30.851529,0 75.927707,30.851569,0 75.926175,30.852268,0 75.925051,30.852826,0 75.92433,30.853165,0 75.92345899999999,30.85359,0 75.922887,30.853872,0 75.922139,30.854225,0 75.921229,30.854684,0 75.92059399999999,30.855004,0 75.919821,30.855371,0 75.919228,30.85565799999999,0 75.918513,30.855988,0 75.918069,30.85622,0 75.91742600000001,30.856541,0 75.916956,30.856763,0 75.916404,30.857042,0 75.915801,30.857335,0 75.915183,30.85765,0 75.914494,30.85797700000001,0 75.91367200000001,30.858389,0 75.912921,30.858756,0 75.912583,30.858921,0 75.911654,30.859375,0 75.911074,30.859659,0 75.91057000000001,30.859905,0 75.91001799999999,30.860184,0 75.909803,30.86031699999999,0 75.909643,30.860445,0 75.90944,30.860607,0 75.909178,30.86092,0 75.908869,30.861278,0 75.908719,30.861482,0 75.90847100000001,30.861841,0 75.90810999999999,30.862378,0 75.907794,30.862838,0 75.90742299999999,30.86337,0 75.907076,30.863896,0 75.906695,30.864456,0 75.906384,30.864923,0 75.90584200000001,30.865694,0 75.90541899999999,30.866298,0 75.905027,30.866902,0 75.90458099999999,30.867548,0 75.904188,30.868088,0 75.903914,30.868464,0 75.903149,30.868494,0 75.90208,30.868512,0 75.901437,30.868533,0 75.900732,30.868572,0 75.900254,30.868579,0 75.900237,30.868115,0 75.900216,30.867435,0 75.90016900000001,30.866313,0 75.900156,30.865429,0 75.900131,30.865427,0 75.90012400000001,30.864039,0 75.900479,30.864044,0 75.90046599999999,30.862744,0 75.900407,30.862743,0 75.90041100000001,30.862178,0 75.898819,30.862195,0 75.89849700000001,30.862224,0 75.898222,30.862272,0 75.897643,30.862313,0 75.897226,30.862313,0 75.89721299999999,30.861949,0 75.896075,30.861983,0 75.89528,30.862003,0 75.89523,30.861601,0 75.895155,30.861083,0 75.895077,30.860349,0 75.895038,30.859821,0 75.894974,30.858973,0 75.894935,30.858329,0 75.894886,30.85769000000001,0 75.89490499999999,30.857493,0 75.894953,30.857215,0 75.89500099999999,30.856991,0 75.895061,30.856729,0 75.895081,30.856579,0 75.89510900000001,30.856374,0 75.895588,30.856353,0 75.89558,30.85583,0 75.895588,30.855223,0 75.89560299999999,30.854342,0 75.895591,30.853598,0 75.8956,30.853052,0 75.89560299999999,30.852064,0 75.895597,30.851482,0 75.895601,30.850912,0 75.894918,30.850891,0 75.89454000000001,30.850878,0 75.894532,30.850319,0 75.894535,30.849975,0 75.894526,30.849425,0 75.89452900000001,30.848679,0 75.894507,30.848189,0 75.893434,30.848178,0 75.89279999999999,30.848165,0 75.89197299999999,30.848183,0 75.891397,30.848175,0 75.890637,30.848167,0 75.89002499999999,30.848175,0 75.889291,30.84818,0 75.88929,30.848399,0 75.888756,30.848398,0 75.88822,30.848396,0 75.88779,30.848191,0 75.887154,30.847858,0 75.886797,30.847642,0 75.886353,30.847416,0 75.885887,30.847197,0 75.885485,30.847759,0 75.885177,30.848201,0 75.885029,30.848184,0 75.884726,30.848168,0 75.88424000000001,30.848164,0 75.883342,30.84818,0 75.882516,30.848187,0 75.88150899999999,30.848176,0 75.88094,30.848176,0 75.880393,30.848174,0 75.87979900000001,30.848165,0 75.879671,30.848114,0 75.879683,30.848101,0 75.879774,30.848009,0 75.880566,30.847336,0 75.881629,30.846433,0 75.882366,30.845802,0 75.883967,30.844382,0 75.88808,30.840726,0 75.891276,30.83798,0 75.895408,30.834266,0 75.89640300000001,30.835121,0 75.898054,30.836579,0 75.899992,30.838246,0 75.90003400000001,30.838527,0 75.900622,30.839022,0 75.90412499999999,30.84163300000001,0 75.904189,30.841657,0 75.90706900000001,30.84163,0 75.907191,30.84162,0 75.90723,30.841683,0 75.911838,30.846147,0 75.917896,30.846066,0 75.91805600000001,30.846076,0 75.921708,30.84717,0 75.92292999999999,30.848605,0 75.924575,30.847571,0 75.92779,30.851529,0 
						</coordinates>
					</LinearRing>
				</outerBoundaryIs>
			</Polygon>
		</Placemark>
	</Document>
	<Document>
		<name>Ward No 34.kml</name>
		<StyleMap id="m_ylw-pushpin37">
			<Pair>
				<key>normal</key>
				<styleUrl>#s_ylw-pushpin37</styleUrl>
			</Pair>
			<Pair>
				<key>highlight</key>
				<styleUrl>#s_ylw-pushpin_hl37</styleUrl>
			</Pair>
		</StyleMap>
		<Style id="s_ylw-pushpin37">
			<IconStyle>
				<scale>1.1</scale>
				<Icon>
					<href>http://maps.google.com/mapfiles/kml/pushpin/ylw-pushpin.png</href>
				</Icon>
				<hotSpot x="20" y="2" xunits="pixels" yunits="pixels"/>
			</IconStyle>
			<LineStyle>
				<color>ffffff55</color>
				<width>3</width>
			</LineStyle>
			<PolyStyle>
				<fill>0</fill>
			</PolyStyle>
		</Style>
		<Style id="s_ylw-pushpin_hl37">
			<IconStyle>
				<scale>1.3</scale>
				<Icon>
					<href>http://maps.google.com/mapfiles/kml/pushpin/ylw-pushpin.png</href>
				</Icon>
				<hotSpot x="20" y="2" xunits="pixels" yunits="pixels"/>
			</IconStyle>
			<LineStyle>
				<color>ffffff55</color>
				<width>3</width>
			</LineStyle>
			<PolyStyle>
				<fill>0</fill>
			</PolyStyle>
		</Style>
		<Placemark>
			<name>Ward No 34.kml</name>
			<styleUrl>#m_ylw-pushpin37</styleUrl>
			<Polygon>
				<tessellate>1</tessellate>
				<outerBoundaryIs>
					<LinearRing>
						<coordinates>
							75.895506,30.870331,0 75.89482099999999,30.870522,0 75.89438699999999,30.870621,0 75.894006,30.870729,0 75.893608,30.870842,0 75.893241,30.870865,0 75.89279500000001,30.870883,0 75.892501,30.870893,0 75.89252399999999,30.87050899999999,0 75.892518,30.869911,0 75.892387,30.86991,0 75.892353,30.868999,0 75.892375,30.868366,0 75.89209099999999,30.86837,0 75.89204599999999,30.867953,0 75.892025,30.86754,0 75.891237,30.867531,0 75.89124,30.867008,0 75.891306,30.866995,0 75.89130400000001,30.86679,0 75.891244,30.86679,0 75.89126,30.865928,0 75.890336,30.865925,0 75.88948000000001,30.865937,0 75.88921999999999,30.865938,0 75.889263,30.86508,0 75.889275,30.864791,0 75.889276,30.864236,0 75.889268,30.863603,0 75.88927099999999,30.863113,0 75.88928199999999,30.862609,0 75.889264,30.862104,0 75.889253,30.861821,0 75.888707,30.861923,0 75.888153,30.86206200000001,0 75.88762199999999,30.862196,0 75.886967,30.862356,0 75.886494,30.862469,0 75.88597900000001,30.862598,0 75.88558500000001,30.86272,0 75.885559,30.862464,0 75.885535,30.862134,0 75.885515,30.861807,0 75.885502,30.861613,0 75.88549999999999,30.861589,0 75.885487,30.861381,0 75.885459,30.861116,0 75.88543199999999,30.860739,0 75.8854,30.860338,0 75.885369,30.859927,0 75.88534,30.85958,0 75.885329,30.859198,0 75.885307,30.858728,0 75.886021,30.85863,0 75.88675600000001,30.858501,0 75.886731,30.858014,0 75.886719,30.857649,0 75.88670399999999,30.85716,0 75.88670399999999,30.856644,0 75.88670999999999,30.856167,0 75.88668699999999,30.855504,0 75.887118,30.855503,0 75.887462,30.855507,0 75.887736,30.855504,0 75.888096,30.855484,0 75.888544,30.855491,0 75.889364,30.855488,0 75.889844,30.855482,0 75.890323,30.855482,0 75.890327,30.855943,0 75.89035,30.856237,0 75.89035699999999,30.85643,0 75.89072,30.85643,0 75.891125,30.856403,0 75.89154600000001,30.856415,0 75.89176500000001,30.856424,0 75.89183800000001,30.8564,0 75.892388,30.856384,0 75.892449,30.856381,0 75.892449,30.856537,0 75.89292,30.856531,0 75.893457,30.856535,0 75.89389799999999,30.856545,0 75.89473599999999,30.856558,0 75.895081,30.856579,0 75.895061,30.856729,0 75.89500099999999,30.856991,0 75.894953,30.857215,0 75.89490499999999,30.857493,0 75.894886,30.85769000000001,0 75.894935,30.858329,0 75.894974,30.858973,0 75.895038,30.859821,0 75.895077,30.860349,0 75.895155,30.861083,0 75.89523,30.861601,0 75.89528,30.862003,0 75.896075,30.861983,0 75.89721299999999,30.861949,0 75.897226,30.862313,0 75.897643,30.862313,0 75.898222,30.862272,0 75.89849700000001,30.862224,0 75.898819,30.862195,0 75.90041100000001,30.862178,0 75.900407,30.862743,0 75.90046599999999,30.862744,0 75.900479,30.864044,0 75.90012400000001,30.864039,0 75.900131,30.865427,0 75.900156,30.865429,0 75.90016900000001,30.866313,0 75.900216,30.867435,0 75.900237,30.868115,0 75.900254,30.868579,0 75.90007199999999,30.868582,0 75.899457,30.868598,0 75.89883500000001,30.868617,0 75.898565,30.868641,0 75.898467,30.868125,0 75.897862,30.868335,0 75.89734799999999,30.868529,0 75.89679700000001,30.86873900000001,0 75.896171,30.868993,0 75.895872,30.869101,0 75.895824,30.868496,0 75.895781,30.867872,0 75.895713,30.867257,0 75.89532800000001,30.867257,0 75.894656,30.867255,0 75.894631,30.867867,0 75.89463499999999,30.868634,0 75.894633,30.869067,0 75.89460699999999,30.869253,0 75.894631,30.869682,0 75.895169,30.870064,0 75.895506,30.870331,0 
						</coordinates>
					</LinearRing>
				</outerBoundaryIs>
			</Polygon>
		</Placemark>
	</Document>
	<Document>
		<name>Ward No 35.kml</name>
		<StyleMap id="m_ylw-pushpin38">
			<Pair>
				<key>normal</key>
				<styleUrl>#s_ylw-pushpin38</styleUrl>
			</Pair>
			<Pair>
				<key>highlight</key>
				<styleUrl>#s_ylw-pushpin_hl38</styleUrl>
			</Pair>
		</StyleMap>
		<Style id="s_ylw-pushpin38">
			<IconStyle>
				<scale>1.1</scale>
				<Icon>
					<href>http://maps.google.com/mapfiles/kml/pushpin/ylw-pushpin.png</href>
				</Icon>
				<hotSpot x="20" y="2" xunits="pixels" yunits="pixels"/>
			</IconStyle>
			<LineStyle>
				<color>ffffff55</color>
				<width>3</width>
			</LineStyle>
			<PolyStyle>
				<fill>0</fill>
			</PolyStyle>
		</Style>
		<Style id="s_ylw-pushpin_hl38">
			<IconStyle>
				<scale>1.3</scale>
				<Icon>
					<href>http://maps.google.com/mapfiles/kml/pushpin/ylw-pushpin.png</href>
				</Icon>
				<hotSpot x="20" y="2" xunits="pixels" yunits="pixels"/>
			</IconStyle>
			<LineStyle>
				<color>ffffff55</color>
				<width>3</width>
			</LineStyle>
			<PolyStyle>
				<fill>0</fill>
			</PolyStyle>
		</Style>
		<Placemark>
			<name>Ward No 35.kml</name>
			<styleUrl>#m_ylw-pushpin38</styleUrl>
			<Polygon>
				<tessellate>1</tessellate>
				<outerBoundaryIs>
					<LinearRing>
						<coordinates>
							75.892501,30.870893,0 75.89211899999999,30.870907,0 75.891705,30.870934,0 75.891094,30.870975,0 75.89080300000001,30.870995,0 75.890522,30.871014,0 75.890074,30.871022,0 75.889684,30.871039,0 75.88924400000001,30.871039,0 75.889003,30.871064,0 75.88875299999999,30.871107,0 75.88840999999999,30.871165,0 75.888172,30.871227,0 75.888193,30.871282,0 75.888417,30.8719,0 75.888295,30.871943,0 75.887967,30.872082,0 75.887654,30.872121,0 75.88747600000001,30.87214,0 75.88713300000001,30.872181,0 75.886698,30.872236,0 75.886172,30.872299,0 75.88611400000001,30.872163,0 75.885976,30.871801,0 75.88575400000001,30.871268,0 75.88525199999999,30.871438,0 75.88470599999999,30.871637,0 75.884204,30.871829,0 75.883736,30.871999,0 75.88336200000001,30.872143,0 75.88297300000001,30.872291,0 75.882575,30.872437,0 75.882087,30.872621,0 75.88162199999999,30.872792,0 75.881265,30.872922,0 75.880996,30.873013,0 75.880726,30.873114,0 75.88051400000001,30.873184,0 75.88023800000001,30.873296,0 75.880324,30.872764,0 75.88037799999999,30.87241,0 75.88045700000001,30.871983,0 75.88054,30.871624,0 75.880578,30.871609,0 75.88085700000001,30.871512,0 75.88075600000001,30.871293,0 75.880568,30.87094,0 75.88042,30.870699,0 75.88030999999999,30.870535,0 75.88024299999999,30.870425,0 75.88010300000001,30.869997,0 75.88007899999999,30.869839,0 75.880343,30.869808,0 75.88028,30.869478,0 75.88027200000001,30.869343,0 75.88027700000001,30.868926,0 75.88028199999999,30.868544,0 75.880286,30.868141,0 75.880298,30.867637,0 75.88030500000001,30.867283,0 75.880309,30.867083,0 75.88031100000001,30.866993,0 75.880323,30.866676,0 75.88033,30.866297,0 75.880347,30.866024,0 75.880351,30.865901,0 75.88036200000001,30.865572,0 75.880387,30.86503799999999,0 75.880396,30.86467,0 75.88042299999999,30.864252,0 75.880437,30.86394,0 75.880453,30.863605,0 75.88043500000001,30.863252,0 75.88043399999999,30.862668,0 75.880458,30.86204499999999,0 75.880477,30.86183400000001,0 75.880484,30.8616,0 75.880483,30.861573,0 75.880984,30.861571,0 75.881766,30.861565,0 75.882401,30.861543,0 75.88320400000001,30.861567,0 75.88358700000001,30.86157,0 75.88417699999999,30.861564,0 75.885233,30.8616,0 75.88549999999999,30.861589,0 75.885502,30.861613,0 75.885515,30.861807,0 75.885535,30.862134,0 75.885559,30.862464,0 75.88558500000001,30.86272,0 75.88597900000001,30.862598,0 75.886494,30.862469,0 75.886967,30.862356,0 75.88762199999999,30.862196,0 75.888153,30.86206200000001,0 75.888707,30.861923,0 75.889253,30.861821,0 75.889264,30.862104,0 75.88928199999999,30.862609,0 75.88927099999999,30.863113,0 75.889268,30.863603,0 75.889276,30.864236,0 75.889275,30.864791,0 75.889263,30.86508,0 75.88921999999999,30.865938,0 75.88948000000001,30.865937,0 75.890336,30.865925,0 75.89126,30.865928,0 75.891244,30.86679,0 75.89130400000001,30.86679,0 75.891306,30.866995,0 75.89124,30.867008,0 75.891237,30.867531,0 75.892025,30.86754,0 75.89204599999999,30.867953,0 75.89209099999999,30.86837,0 75.892375,30.868366,0 75.892353,30.868999,0 75.892387,30.86991,0 75.892518,30.869911,0 75.89252399999999,30.87050899999999,0 75.892501,30.870893,0 
						</coordinates>
					</LinearRing>
				</outerBoundaryIs>
			</Polygon>
		</Placemark>
	</Document>
	<Document>
		<name>Ward No 36.kml</name>
		<StyleMap id="m_ylw-pushpin39">
			<Pair>
				<key>normal</key>
				<styleUrl>#s_ylw-pushpin39</styleUrl>
			</Pair>
			<Pair>
				<key>highlight</key>
				<styleUrl>#s_ylw-pushpin_hl39</styleUrl>
			</Pair>
		</StyleMap>
		<Style id="s_ylw-pushpin39">
			<IconStyle>
				<scale>1.1</scale>
				<Icon>
					<href>http://maps.google.com/mapfiles/kml/pushpin/ylw-pushpin.png</href>
				</Icon>
				<hotSpot x="20" y="2" xunits="pixels" yunits="pixels"/>
			</IconStyle>
			<LineStyle>
				<color>ffffff55</color>
				<width>3</width>
			</LineStyle>
			<PolyStyle>
				<fill>0</fill>
			</PolyStyle>
		</Style>
		<Style id="s_ylw-pushpin_hl39">
			<IconStyle>
				<scale>1.3</scale>
				<Icon>
					<href>http://maps.google.com/mapfiles/kml/pushpin/ylw-pushpin.png</href>
				</Icon>
				<hotSpot x="20" y="2" xunits="pixels" yunits="pixels"/>
			</IconStyle>
			<LineStyle>
				<color>ffffff55</color>
				<width>3</width>
			</LineStyle>
			<PolyStyle>
				<fill>0</fill>
			</PolyStyle>
		</Style>
		<Placemark>
			<name>Ward No 36.kml</name>
			<styleUrl>#m_ylw-pushpin39</styleUrl>
			<Polygon>
				<tessellate>1</tessellate>
				<outerBoundaryIs>
					<LinearRing>
						<coordinates>
							75.88549999999999,30.861589,0 75.885233,30.8616,0 75.88417699999999,30.861564,0 75.88358700000001,30.86157,0 75.88320400000001,30.861567,0 75.882401,30.861543,0 75.881766,30.861565,0 75.880984,30.861571,0 75.880483,30.861573,0 75.880481,30.861284,0 75.88049100000001,30.860747,0 75.88027599999999,30.86074,0 75.879915,30.86075,0 75.87959499999999,30.860745,0 75.879366,30.860744,0 75.878924,30.860762,0 75.87898199999999,30.860668,0 75.87908400000001,30.860534,0 75.879318,30.860238,0 75.87958999999999,30.859863,0 75.87981600000001,30.85957399999999,0 75.879997,30.859306,0 75.880161,30.859057,0 75.880516,30.859059,0 75.88100300000001,30.859064,0 75.88149799999999,30.859064,0 75.881872,30.859047,0 75.881975,30.859062,0 75.882527,30.859066,0 75.88283800000001,30.859078,0 75.883104,30.859063,0 75.883105,30.858874,0 75.883111,30.858548,0 75.883117,30.858203,0 75.882406,30.85819499999999,0 75.88175099999999,30.858194,0 75.88110399999999,30.8582,0 75.881113,30.8578,0 75.88109799999999,30.857277,0 75.88108200000001,30.856434,0 75.88105400000001,30.856214,0 75.88103599999999,30.855475,0 75.880364,30.855474,0 75.87961900000001,30.855453,0 75.878552,30.855469,0 75.878551,30.854656,0 75.878542,30.854586,0 75.87855399999999,30.853843,0 75.878563,30.853226,0 75.878579,30.852569,0 75.878546,30.852097,0 75.87858199999999,30.851473,0 75.87859899999999,30.850918,0 75.878736,30.85091,0 75.879265,30.850913,0 75.880047,30.850913,0 75.88090699999999,30.850895,0 75.881776,30.850894,0 75.88269200000001,30.850904,0 75.88374399999999,30.8509,0 75.884713,30.850906,0 75.885977,30.850879,0 75.88689599999999,30.850897,0 75.888188,30.850902,0 75.88940700000001,30.8509,0 75.890444,30.850902,0 75.891577,30.850868,0 75.892675,30.850882,0 75.893688,30.850879,0 75.89454000000001,30.850878,0 75.894918,30.850891,0 75.895601,30.850912,0 75.895597,30.851482,0 75.89560299999999,30.852064,0 75.8956,30.853052,0 75.895591,30.853598,0 75.89560299999999,30.854342,0 75.895588,30.855223,0 75.89558,30.85583,0 75.895588,30.856353,0 75.89510900000001,30.856374,0 75.895081,30.856579,0 75.89473599999999,30.856558,0 75.89389799999999,30.856545,0 75.893457,30.856535,0 75.89292,30.856531,0 75.892449,30.856537,0 75.892449,30.856381,0 75.892388,30.856384,0 75.89183800000001,30.8564,0 75.89176500000001,30.856424,0 75.89154600000001,30.856415,0 75.891125,30.856403,0 75.89072,30.85643,0 75.89035699999999,30.85643,0 75.89035,30.856237,0 75.890327,30.855943,0 75.890323,30.855482,0 75.889844,30.855482,0 75.889364,30.855488,0 75.888544,30.855491,0 75.888096,30.855484,0 75.887736,30.855504,0 75.887462,30.855507,0 75.887118,30.855503,0 75.88668699999999,30.855504,0 75.88670999999999,30.856167,0 75.88670399999999,30.856644,0 75.88670399999999,30.85716,0 75.886719,30.857649,0 75.886731,30.858014,0 75.88675600000001,30.858501,0 75.886021,30.85863,0 75.885307,30.858728,0 75.885329,30.859198,0 75.88534,30.85958,0 75.885369,30.859927,0 75.8854,30.860338,0 75.88543199999999,30.860739,0 75.885459,30.861116,0 75.885487,30.861381,0 75.88549999999999,30.861589,0 
						</coordinates>
					</LinearRing>
				</outerBoundaryIs>
			</Polygon>
		</Placemark>
	</Document>
	<Document>
		<name>Ward No 37.kml</name>
		<StyleMap id="m_ylw-pushpin40">
			<Pair>
				<key>normal</key>
				<styleUrl>#s_ylw-pushpin40</styleUrl>
			</Pair>
			<Pair>
				<key>highlight</key>
				<styleUrl>#s_ylw-pushpin_hl40</styleUrl>
			</Pair>
		</StyleMap>
		<Style id="s_ylw-pushpin40">
			<IconStyle>
				<scale>1.1</scale>
				<Icon>
					<href>http://maps.google.com/mapfiles/kml/pushpin/ylw-pushpin.png</href>
				</Icon>
				<hotSpot x="20" y="2" xunits="pixels" yunits="pixels"/>
			</IconStyle>
			<LineStyle>
				<color>ffffff55</color>
				<width>3</width>
			</LineStyle>
			<PolyStyle>
				<fill>0</fill>
			</PolyStyle>
		</Style>
		<Style id="s_ylw-pushpin_hl40">
			<IconStyle>
				<scale>1.3</scale>
				<Icon>
					<href>http://maps.google.com/mapfiles/kml/pushpin/ylw-pushpin.png</href>
				</Icon>
				<hotSpot x="20" y="2" xunits="pixels" yunits="pixels"/>
			</IconStyle>
			<LineStyle>
				<color>ffffff55</color>
				<width>3</width>
			</LineStyle>
			<PolyStyle>
				<fill>0</fill>
			</PolyStyle>
		</Style>
		<Placemark>
			<name>Ward No 37.kml</name>
			<styleUrl>#m_ylw-pushpin40</styleUrl>
			<Polygon>
				<tessellate>1</tessellate>
				<outerBoundaryIs>
					<LinearRing>
						<coordinates>
							75.878924,30.860762,0 75.878832,30.860913,0 75.87852599999999,30.860919,0 75.878097,30.860918,0 75.877824,30.860912,0 75.87747299999999,30.860915,0 75.87721500000001,30.860897,0 75.877014,30.86091100000001,0 75.87666900000001,30.860906,0 75.876307,30.860921,0 75.875823,30.860935,0 75.875328,30.860962,0 75.87488999999999,30.860963,0 75.874684,30.86095299999999,0 75.874381,30.860967,0 75.873891,30.860988,0 75.873473,30.860989,0 75.872676,30.861042,0 75.872685,30.86061,0 75.872686,30.86012,0 75.872687,30.85942,0 75.872556,30.859428,0 75.872522,30.858553,0 75.872501,30.85782,0 75.872477,30.856941,0 75.87245900000001,30.856462,0 75.872075,30.856489,0 75.87147899999999,30.856502,0 75.87018500000001,30.856508,0 75.869209,30.856577,0 75.869259,30.856534,0 75.86966700000001,30.856175,0 75.87027,30.855646,0 75.87086600000001,30.855134,0 75.87141099999999,30.854643,0 75.87227799999999,30.853865,0 75.873069,30.853178,0 75.87388900000001,30.852471,0 75.874606,30.851834,0 75.875257,30.851263,0 75.875654,30.850905,0 75.876355,30.850903,0 75.877188,30.850916,0 75.87759800000001,30.850914,0 75.8781,30.850949,0 75.87859899999999,30.850918,0 75.87858199999999,30.851473,0 75.878546,30.852097,0 75.878579,30.852569,0 75.878563,30.853226,0 75.87855399999999,30.853843,0 75.878542,30.854586,0 75.878551,30.854656,0 75.878552,30.855469,0 75.87961900000001,30.855453,0 75.880364,30.855474,0 75.88103599999999,30.855475,0 75.88105400000001,30.856214,0 75.88108200000001,30.856434,0 75.88109799999999,30.857277,0 75.881113,30.8578,0 75.88110399999999,30.8582,0 75.88175099999999,30.858194,0 75.882406,30.85819499999999,0 75.883117,30.858203,0 75.883111,30.858548,0 75.883105,30.858874,0 75.883104,30.859063,0 75.88283800000001,30.859078,0 75.882527,30.859066,0 75.881975,30.859062,0 75.881872,30.859047,0 75.88149799999999,30.859064,0 75.88100300000001,30.859064,0 75.880516,30.859059,0 75.880161,30.859057,0 75.879997,30.859306,0 75.87981600000001,30.85957399999999,0 75.87958999999999,30.859863,0 75.879318,30.860238,0 75.87908400000001,30.860534,0 75.87898199999999,30.860668,0 75.878924,30.860762,0 
						</coordinates>
					</LinearRing>
				</outerBoundaryIs>
			</Polygon>
		</Placemark>
	</Document>
	<Document>
		<name>Ward No 38.kml</name>
		<StyleMap id="m_ylw-pushpin41">
			<Pair>
				<key>normal</key>
				<styleUrl>#s_ylw-pushpin41</styleUrl>
			</Pair>
			<Pair>
				<key>highlight</key>
				<styleUrl>#s_ylw-pushpin_hl41</styleUrl>
			</Pair>
		</StyleMap>
		<Style id="s_ylw-pushpin41">
			<IconStyle>
				<scale>1.1</scale>
				<Icon>
					<href>http://maps.google.com/mapfiles/kml/pushpin/ylw-pushpin.png</href>
				</Icon>
				<hotSpot x="20" y="2" xunits="pixels" yunits="pixels"/>
			</IconStyle>
			<LineStyle>
				<color>ffffff55</color>
				<width>3</width>
			</LineStyle>
			<PolyStyle>
				<fill>0</fill>
			</PolyStyle>
		</Style>
		<Style id="s_ylw-pushpin_hl41">
			<IconStyle>
				<scale>1.3</scale>
				<Icon>
					<href>http://maps.google.com/mapfiles/kml/pushpin/ylw-pushpin.png</href>
				</Icon>
				<hotSpot x="20" y="2" xunits="pixels" yunits="pixels"/>
			</IconStyle>
			<LineStyle>
				<color>ffffff55</color>
				<width>3</width>
			</LineStyle>
			<PolyStyle>
				<fill>0</fill>
			</PolyStyle>
		</Style>
		<Placemark>
			<name>Ward No 38.kml</name>
			<styleUrl>#m_ylw-pushpin41</styleUrl>
			<Polygon>
				<tessellate>1</tessellate>
				<outerBoundaryIs>
					<LinearRing>
						<coordinates>
							75.866525,30.858946,0 75.866347,30.859105,0 75.86576700000001,30.859622,0 75.86533799999999,30.860019,0 75.864863,30.860435,0 75.86450499999999,30.860737,0 75.86412,30.861065,0 75.863703,30.861423,0 75.863269,30.861805,0 75.862634,30.862377,0 75.862234,30.862735,0 75.86191599999999,30.86302299999999,0 75.861684,30.863227,0 75.860997,30.863823,0 75.86011499999999,30.864607,0 75.859533,30.865113,0 75.85925,30.865358,0 75.859283,30.864841,0 75.859307,30.864204,0 75.859323,30.863673,0 75.859353,30.862888,0 75.859375,30.862502,0 75.859408,30.861568,0 75.859432,30.860992,0 75.859441,30.860443,0 75.859459,30.859853,0 75.859499,30.85931,0 75.859487,30.858871,0 75.85951900000001,30.858155,0 75.859534,30.857765,0 75.85953499999999,30.857722,0 75.85954,30.857435,0 75.859551,30.857291,0 75.862751,30.854556,0 75.86810199999999,30.849737,0 75.86841699999999,30.84946,0 75.868674,30.849222,0 75.868814,30.849092,0 75.869158,30.848708,0 75.86997599999999,30.84738,0 75.871045,30.845182,0 75.87189600000001,30.843444,0 75.871983,30.843477,0 75.872005,30.843486,0 75.872018,30.843491,0 75.872032,30.843504,0 75.872923,30.844361,0 75.87542500000001,30.84566,0 75.877172,30.846494,0 75.878415,30.847226,0 75.87921799999999,30.84758,0 75.87929,30.847665,0 75.879301,30.847677,0 75.879321,30.847701,0 75.879671,30.848114,0 75.87979900000001,30.848165,0 75.880393,30.848174,0 75.88094,30.848176,0 75.88150899999999,30.848176,0 75.882516,30.848187,0 75.883342,30.84818,0 75.88424000000001,30.848164,0 75.884726,30.848168,0 75.885029,30.848184,0 75.885177,30.848201,0 75.885485,30.847759,0 75.885887,30.847197,0 75.886353,30.847416,0 75.886797,30.847642,0 75.887154,30.847858,0 75.88779,30.848191,0 75.88822,30.848396,0 75.888756,30.848398,0 75.88929,30.848399,0 75.889291,30.84818,0 75.89002499999999,30.848175,0 75.890637,30.848167,0 75.891397,30.848175,0 75.89197299999999,30.848183,0 75.89279999999999,30.848165,0 75.893434,30.848178,0 75.894507,30.848189,0 75.89452900000001,30.848679,0 75.894526,30.849425,0 75.894535,30.849975,0 75.894532,30.850319,0 75.89454000000001,30.850878,0 75.893688,30.850879,0 75.892675,30.850882,0 75.891577,30.850868,0 75.890444,30.850902,0 75.88940700000001,30.8509,0 75.888188,30.850902,0 75.88689599999999,30.850897,0 75.885977,30.850879,0 75.884713,30.850906,0 75.88374399999999,30.8509,0 75.88269200000001,30.850904,0 75.881776,30.850894,0 75.88090699999999,30.850895,0 75.880047,30.850913,0 75.879265,30.850913,0 75.878736,30.85091,0 75.87859899999999,30.850918,0 75.8781,30.850949,0 75.87759800000001,30.850914,0 75.877188,30.850916,0 75.876355,30.850903,0 75.875654,30.850905,0 75.875257,30.851263,0 75.874606,30.851834,0 75.87388900000001,30.852471,0 75.873069,30.853178,0 75.87227799999999,30.853865,0 75.87141099999999,30.854643,0 75.87086600000001,30.855134,0 75.87027,30.855646,0 75.86966700000001,30.856175,0 75.869259,30.856534,0 75.869209,30.856577,0 75.868545,30.857156,0 75.867886,30.85774,0 75.867295,30.858257,0 75.866693,30.858796,0 75.866525,30.858946,0 
						</coordinates>
					</LinearRing>
				</outerBoundaryIs>
			</Polygon>
		</Placemark>
	</Document>
	<Document>
		<name>Ward No 39.kml</name>
		<StyleMap id="m_ylw-pushpin42">
			<Pair>
				<key>normal</key>
				<styleUrl>#s_ylw-pushpin42</styleUrl>
			</Pair>
			<Pair>
				<key>highlight</key>
				<styleUrl>#s_ylw-pushpin_hl42</styleUrl>
			</Pair>
		</StyleMap>
		<Style id="s_ylw-pushpin42">
			<IconStyle>
				<scale>1.1</scale>
				<Icon>
					<href>http://maps.google.com/mapfiles/kml/pushpin/ylw-pushpin.png</href>
				</Icon>
				<hotSpot x="20" y="2" xunits="pixels" yunits="pixels"/>
			</IconStyle>
			<LineStyle>
				<color>ffffff55</color>
				<width>3</width>
			</LineStyle>
			<PolyStyle>
				<fill>0</fill>
			</PolyStyle>
		</Style>
		<Style id="s_ylw-pushpin_hl42">
			<IconStyle>
				<scale>1.3</scale>
				<Icon>
					<href>http://maps.google.com/mapfiles/kml/pushpin/ylw-pushpin.png</href>
				</Icon>
				<hotSpot x="20" y="2" xunits="pixels" yunits="pixels"/>
			</IconStyle>
			<LineStyle>
				<color>ffffff55</color>
				<width>3</width>
			</LineStyle>
			<PolyStyle>
				<fill>0</fill>
			</PolyStyle>
		</Style>
		<Placemark>
			<name>Ward No 39.kml</name>
			<styleUrl>#m_ylw-pushpin42</styleUrl>
			<Polygon>
				<tessellate>1</tessellate>
				<outerBoundaryIs>
					<LinearRing>
						<coordinates>
							75.880483,30.861573,0 75.880484,30.8616,0 75.880477,30.86183400000001,0 75.880458,30.86204499999999,0 75.88043399999999,30.862668,0 75.88043500000001,30.863252,0 75.880453,30.863605,0 75.880437,30.86394,0 75.88042299999999,30.864252,0 75.880396,30.86467,0 75.880387,30.86503799999999,0 75.88036200000001,30.865572,0 75.880351,30.865901,0 75.879884,30.86588,0 75.87927000000001,30.865852,0 75.878851,30.865855,0 75.878342,30.865841,0 75.87759800000001,30.865811,0 75.876904,30.865792,0 75.876442,30.865786,0 75.87645999999999,30.865524,0 75.876149,30.865521,0 75.875722,30.86551800000001,0 75.875311,30.865507,0 75.875128,30.865505,0 75.874509,30.865507,0 75.873784,30.865534,0 75.873273,30.865548,0 75.872648,30.865562,0 75.87186199999999,30.865578,0 75.871219,30.865593,0 75.87044899999999,30.865612,0 75.869873,30.865631,0 75.86917200000001,30.865649,0 75.868522,30.865665,0 75.86787699999999,30.865666,0 75.86729099999999,30.865676,0 75.866738,30.865681,0 75.866721,30.865373,0 75.86669999999999,30.864861,0 75.866691,30.864429,0 75.866691,30.863979,0 75.866679,30.863454,0 75.866705,30.862981,0 75.866688,30.862461,0 75.866624,30.86163,0 75.866587,30.860867,0 75.866561,30.860067,0 75.866542,30.859501,0 75.866525,30.858946,0 75.866693,30.858796,0 75.867295,30.858257,0 75.867886,30.85774,0 75.868545,30.857156,0 75.869209,30.856577,0 75.87018500000001,30.856508,0 75.87147899999999,30.856502,0 75.872075,30.856489,0 75.87245900000001,30.856462,0 75.872477,30.856941,0 75.872501,30.85782,0 75.872522,30.858553,0 75.872556,30.859428,0 75.872687,30.85942,0 75.872686,30.86012,0 75.872685,30.86061,0 75.872676,30.861042,0 75.873473,30.860989,0 75.873891,30.860988,0 75.874381,30.860967,0 75.874684,30.86095299999999,0 75.87488999999999,30.860963,0 75.875328,30.860962,0 75.875823,30.860935,0 75.876307,30.860921,0 75.87666900000001,30.860906,0 75.877014,30.86091100000001,0 75.87721500000001,30.860897,0 75.87747299999999,30.860915,0 75.877824,30.860912,0 75.878097,30.860918,0 75.87852599999999,30.860919,0 75.878832,30.860913,0 75.878924,30.860762,0 75.879366,30.860744,0 75.87959499999999,30.860745,0 75.879915,30.86075,0 75.88027599999999,30.86074,0 75.88049100000001,30.860747,0 75.880481,30.861284,0 75.880483,30.861573,0 
						</coordinates>
					</LinearRing>
				</outerBoundaryIs>
			</Polygon>
		</Placemark>
	</Document>
	<Document>
		<name>Ward No 40.kml</name>
		<StyleMap id="m_ylw-pushpin43">
			<Pair>
				<key>normal</key>
				<styleUrl>#s_ylw-pushpin43</styleUrl>
			</Pair>
			<Pair>
				<key>highlight</key>
				<styleUrl>#s_ylw-pushpin_hl43</styleUrl>
			</Pair>
		</StyleMap>
		<Style id="s_ylw-pushpin43">
			<IconStyle>
				<scale>1.1</scale>
				<Icon>
					<href>http://maps.google.com/mapfiles/kml/pushpin/ylw-pushpin.png</href>
				</Icon>
				<hotSpot x="20" y="2" xunits="pixels" yunits="pixels"/>
			</IconStyle>
			<LineStyle>
				<color>ffffff55</color>
				<width>3</width>
			</LineStyle>
			<PolyStyle>
				<fill>0</fill>
			</PolyStyle>
		</Style>
		<Style id="s_ylw-pushpin_hl43">
			<IconStyle>
				<scale>1.3</scale>
				<Icon>
					<href>http://maps.google.com/mapfiles/kml/pushpin/ylw-pushpin.png</href>
				</Icon>
				<hotSpot x="20" y="2" xunits="pixels" yunits="pixels"/>
			</IconStyle>
			<LineStyle>
				<color>ffffff55</color>
				<width>3</width>
			</LineStyle>
			<PolyStyle>
				<fill>0</fill>
			</PolyStyle>
		</Style>
		<Placemark>
			<name>Ward No 40.kml</name>
			<styleUrl>#m_ylw-pushpin43</styleUrl>
			<Polygon>
				<tessellate>1</tessellate>
				<outerBoundaryIs>
					<LinearRing>
						<coordinates>
							75.8721,30.869083,0 75.871904,30.86909,0 75.871375,30.869102,0 75.870833,30.869125,0 75.870248,30.869132,0 75.86964999999999,30.869138,0 75.86929000000001,30.869161,0 75.869141,30.869189,0 75.86873900000001,30.869191,0 75.867942,30.869196,0 75.867414,30.869206,0 75.86685300000001,30.8692,0 75.866838,30.868796,0 75.866247,30.868803,0 75.865736,30.868791,0 75.865174,30.868808,0 75.864576,30.868819,0 75.864552,30.868535,0 75.864037,30.868542,0 75.86358799999999,30.868543,0 75.86354,30.868496,0 75.86337,30.868498,0 75.862909,30.868524,0 75.86251900000001,30.868539,0 75.862129,30.868547,0 75.86209599999999,30.868547,0 75.861338,30.868555,0 75.861017,30.868575,0 75.86058,30.868592,0 75.86008699999999,30.868608,0 75.85977800000001,30.86862,0 75.85916400000001,30.86865,0 75.85917999999999,30.868147,0 75.85921399999999,30.867156,0 75.859201,30.866671,0 75.859163,30.865797,0 75.859167,30.865429,0 75.85925,30.865358,0 75.859533,30.865113,0 75.86011499999999,30.864607,0 75.860997,30.863823,0 75.861684,30.863227,0 75.86191599999999,30.86302299999999,0 75.862234,30.862735,0 75.862634,30.862377,0 75.863269,30.861805,0 75.863703,30.861423,0 75.86412,30.861065,0 75.86450499999999,30.860737,0 75.864863,30.860435,0 75.86533799999999,30.860019,0 75.86576700000001,30.859622,0 75.866347,30.859105,0 75.866525,30.858946,0 75.866542,30.859501,0 75.866561,30.860067,0 75.866587,30.860867,0 75.866624,30.86163,0 75.866688,30.862461,0 75.866705,30.862981,0 75.866679,30.863454,0 75.866691,30.863979,0 75.866691,30.864429,0 75.86669999999999,30.864861,0 75.866721,30.865373,0 75.866738,30.865681,0 75.86729099999999,30.865676,0 75.86787699999999,30.865666,0 75.868522,30.865665,0 75.86917200000001,30.865649,0 75.869873,30.865631,0 75.87044899999999,30.865612,0 75.871219,30.865593,0 75.87186199999999,30.865578,0 75.872648,30.865562,0 75.873273,30.865548,0 75.873784,30.865534,0 75.874509,30.865507,0 75.875128,30.865505,0 75.875311,30.865507,0 75.875722,30.86551800000001,0 75.876149,30.865521,0 75.87645999999999,30.865524,0 75.876442,30.865786,0 75.876904,30.865792,0 75.87759800000001,30.865811,0 75.878342,30.865841,0 75.878851,30.865855,0 75.87927000000001,30.865852,0 75.879884,30.86588,0 75.880351,30.865901,0 75.880347,30.866024,0 75.88033,30.866297,0 75.880323,30.866676,0 75.88031100000001,30.866993,0 75.880309,30.867083,0 75.879919,30.8671,0 75.87929099999999,30.867131,0 75.878912,30.867149,0 75.878405,30.86716,0 75.8781,30.867174,0 75.87782300000001,30.867179,0 75.877458,30.867187,0 75.87698,30.867202,0 75.87666,30.867225,0 75.876133,30.867255,0 75.875878,30.867262,0 75.87549,30.867295,0 75.87502600000001,30.867316,0 75.874444,30.867342,0 75.87395600000001,30.867335,0 75.873549,30.86735,0 75.873034,30.86737,0 75.87204699999999,30.867399,0 75.872061,30.868107,0 75.87208800000001,30.868698,0 75.8721,30.869083,0 
						</coordinates>
					</LinearRing>
				</outerBoundaryIs>
			</Polygon>
		</Placemark>
	</Document>
	<Document>
		<name>Ward No 41.kml</name>
		<StyleMap id="m_ylw-pushpin44">
			<Pair>
				<key>normal</key>
				<styleUrl>#s_ylw-pushpin44</styleUrl>
			</Pair>
			<Pair>
				<key>highlight</key>
				<styleUrl>#s_ylw-pushpin_hl44</styleUrl>
			</Pair>
		</StyleMap>
		<Style id="s_ylw-pushpin44">
			<IconStyle>
				<scale>1.1</scale>
				<Icon>
					<href>http://maps.google.com/mapfiles/kml/pushpin/ylw-pushpin.png</href>
				</Icon>
				<hotSpot x="20" y="2" xunits="pixels" yunits="pixels"/>
			</IconStyle>
			<LineStyle>
				<color>ffffff55</color>
				<width>3</width>
			</LineStyle>
			<PolyStyle>
				<fill>0</fill>
			</PolyStyle>
		</Style>
		<Style id="s_ylw-pushpin_hl44">
			<IconStyle>
				<scale>1.3</scale>
				<Icon>
					<href>http://maps.google.com/mapfiles/kml/pushpin/ylw-pushpin.png</href>
				</Icon>
				<hotSpot x="20" y="2" xunits="pixels" yunits="pixels"/>
			</IconStyle>
			<LineStyle>
				<color>ffffff55</color>
				<width>3</width>
			</LineStyle>
			<PolyStyle>
				<fill>0</fill>
			</PolyStyle>
		</Style>
		<Placemark>
			<name>Ward No 41.kml</name>
			<styleUrl>#m_ylw-pushpin44</styleUrl>
			<Polygon>
				<tessellate>1</tessellate>
				<outerBoundaryIs>
					<LinearRing>
						<coordinates>
							75.88054,30.871624,0 75.88035600000001,30.871696,0 75.880107,30.871783,0 75.879846,30.871885,0 75.879375,30.872053,0 75.878985,30.872185,0 75.878856,30.872225,0 75.878523,30.872272,0 75.878248,30.872298,0 75.878024,30.872338,0 75.87774400000001,30.872353,0 75.877441,30.87237,0 75.87719300000001,30.872393,0 75.876887,30.872408,0 75.87660099999999,30.872439,0 75.876266,30.872435,0 75.87626899999999,30.872167,0 75.875692,30.872182,0 75.87524500000001,30.872188,0 75.874656,30.872198,0 75.874093,30.872197,0 75.873312,30.872224,0 75.87331500000001,30.871917,0 75.873306,30.871517,0 75.873305,30.871031,0 75.872158,30.871062,0 75.87141200000001,30.871083,0 75.871409,30.870989,0 75.87141099999999,30.870532,0 75.871404,30.870123,0 75.87212700000001,30.87011,0 75.872122,30.869511,0 75.8721,30.869102,0 75.8721,30.869083,0 75.87208800000001,30.868698,0 75.872061,30.868107,0 75.87204699999999,30.867399,0 75.873034,30.86737,0 75.873549,30.86735,0 75.87395600000001,30.867335,0 75.874444,30.867342,0 75.87502600000001,30.867316,0 75.87549,30.867295,0 75.875878,30.867262,0 75.876133,30.867255,0 75.87666,30.867225,0 75.87698,30.867202,0 75.877458,30.867187,0 75.87782300000001,30.867179,0 75.8781,30.867174,0 75.878405,30.86716,0 75.878912,30.867149,0 75.87929099999999,30.867131,0 75.879919,30.8671,0 75.880309,30.867083,0 75.88030500000001,30.867283,0 75.880298,30.867637,0 75.880286,30.868141,0 75.88028199999999,30.868544,0 75.88027700000001,30.868926,0 75.88027200000001,30.869343,0 75.88028,30.869478,0 75.880343,30.869808,0 75.88007899999999,30.869839,0 75.88010300000001,30.869997,0 75.88024299999999,30.870425,0 75.88030999999999,30.870535,0 75.88042,30.870699,0 75.880568,30.87094,0 75.88075600000001,30.871293,0 75.88085700000001,30.871512,0 75.880578,30.871609,0 75.88054,30.871624,0 
						</coordinates>
					</LinearRing>
				</outerBoundaryIs>
			</Polygon>
		</Placemark>
	</Document>
	<Document>
		<name>Ward No 42.kml</name>
		<StyleMap id="m_ylw-pushpin45">
			<Pair>
				<key>normal</key>
				<styleUrl>#s_ylw-pushpin45</styleUrl>
			</Pair>
			<Pair>
				<key>highlight</key>
				<styleUrl>#s_ylw-pushpin_hl45</styleUrl>
			</Pair>
		</StyleMap>
		<Style id="s_ylw-pushpin45">
			<IconStyle>
				<scale>1.1</scale>
				<Icon>
					<href>http://maps.google.com/mapfiles/kml/pushpin/ylw-pushpin.png</href>
				</Icon>
				<hotSpot x="20" y="2" xunits="pixels" yunits="pixels"/>
			</IconStyle>
			<LineStyle>
				<color>ffffff55</color>
				<width>3</width>
			</LineStyle>
			<PolyStyle>
				<fill>0</fill>
			</PolyStyle>
		</Style>
		<Style id="s_ylw-pushpin_hl45">
			<IconStyle>
				<scale>1.3</scale>
				<Icon>
					<href>http://maps.google.com/mapfiles/kml/pushpin/ylw-pushpin.png</href>
				</Icon>
				<hotSpot x="20" y="2" xunits="pixels" yunits="pixels"/>
			</IconStyle>
			<LineStyle>
				<color>ffffff55</color>
				<width>3</width>
			</LineStyle>
			<PolyStyle>
				<fill>0</fill>
			</PolyStyle>
		</Style>
		<Placemark>
			<name>Ward No 42.kml</name>
			<styleUrl>#m_ylw-pushpin45</styleUrl>
			<Polygon>
				<tessellate>1</tessellate>
				<outerBoundaryIs>
					<LinearRing>
						<coordinates>
							75.867051,30.874771,0 75.866095,30.874807,0 75.86493299999999,30.874818,0 75.86408900000001,30.874834,0 75.86340800000001,30.87486,0 75.862869,30.874869,0 75.862855,30.87422,0 75.862864,30.874,0 75.863028,30.873983,0 75.86300199999999,30.873613,0 75.86296900000001,30.873166,0 75.862956,30.872681,0 75.862954,30.872244,0 75.86294100000001,30.871859,0 75.86293000000001,30.871393,0 75.862921,30.871114,0 75.863285,30.871119,0 75.863266,30.870334,0 75.86215900000001,30.870356,0 75.86211900000001,30.869363,0 75.86209599999999,30.868547,0 75.862129,30.868547,0 75.86251900000001,30.868539,0 75.862909,30.868524,0 75.86337,30.868498,0 75.86354,30.868496,0 75.86358799999999,30.868543,0 75.864037,30.868542,0 75.864552,30.868535,0 75.864576,30.868819,0 75.865174,30.868808,0 75.865736,30.868791,0 75.866247,30.868803,0 75.866838,30.868796,0 75.86685300000001,30.8692,0 75.867414,30.869206,0 75.867942,30.869196,0 75.86873900000001,30.869191,0 75.869141,30.869189,0 75.86929000000001,30.869161,0 75.86964999999999,30.869138,0 75.870248,30.869132,0 75.870833,30.869125,0 75.871375,30.869102,0 75.871904,30.86909,0 75.8721,30.869083,0 75.8721,30.869102,0 75.872122,30.869511,0 75.87212700000001,30.87011,0 75.871404,30.870123,0 75.87141099999999,30.870532,0 75.871409,30.870989,0 75.87141200000001,30.871083,0 75.872158,30.871062,0 75.873305,30.871031,0 75.873306,30.871517,0 75.87331500000001,30.871917,0 75.873312,30.872224,0 75.874093,30.872197,0 75.874656,30.872198,0 75.87524500000001,30.872188,0 75.875692,30.872182,0 75.87626899999999,30.872167,0 75.876266,30.872435,0 75.876265,30.872488,0 75.876238,30.872972,0 75.87618399999999,30.873445,0 75.876137,30.874005,0 75.876113,30.874549,0 75.875449,30.874538,0 75.87479,30.874554,0 75.87386600000001,30.874592,0 75.872803,30.874607,0 75.87163200000001,30.874654,0 75.870417,30.874681,0 75.869845,30.874694,0 75.869342,30.874705,0 75.868561,30.87472500000001,0 75.867795,30.874741,0 75.867057,30.874771,0 75.867051,30.874771,0 
						</coordinates>
					</LinearRing>
				</outerBoundaryIs>
			</Polygon>
		</Placemark>
	</Document>
	<Document>
		<name>Ward No 43.kml</name>
		<StyleMap id="m_ylw-pushpin46">
			<Pair>
				<key>normal</key>
				<styleUrl>#s_ylw-pushpin46</styleUrl>
			</Pair>
			<Pair>
				<key>highlight</key>
				<styleUrl>#s_ylw-pushpin_hl46</styleUrl>
			</Pair>
		</StyleMap>
		<Style id="s_ylw-pushpin46">
			<IconStyle>
				<scale>1.1</scale>
				<Icon>
					<href>http://maps.google.com/mapfiles/kml/pushpin/ylw-pushpin.png</href>
				</Icon>
				<hotSpot x="20" y="2" xunits="pixels" yunits="pixels"/>
			</IconStyle>
			<LineStyle>
				<color>ffffff55</color>
				<width>3</width>
			</LineStyle>
			<PolyStyle>
				<fill>0</fill>
			</PolyStyle>
		</Style>
		<Style id="s_ylw-pushpin_hl46">
			<IconStyle>
				<scale>1.3</scale>
				<Icon>
					<href>http://maps.google.com/mapfiles/kml/pushpin/ylw-pushpin.png</href>
				</Icon>
				<hotSpot x="20" y="2" xunits="pixels" yunits="pixels"/>
			</IconStyle>
			<LineStyle>
				<color>ffffff55</color>
				<width>3</width>
			</LineStyle>
			<PolyStyle>
				<fill>0</fill>
			</PolyStyle>
		</Style>
		<Placemark>
			<name>Ward No 43.kml</name>
			<styleUrl>#m_ylw-pushpin46</styleUrl>
			<Polygon>
				<tessellate>1</tessellate>
				<outerBoundaryIs>
					<LinearRing>
						<coordinates>
							75.89795700000001,30.872565,0 75.896759,30.873352,0 75.895922,30.873927,0 75.89524299999999,30.874367,0 75.89443300000001,30.874902,0 75.893585,30.875465,0 75.892726,30.876054,0 75.892306,30.876352,0 75.8918,30.876669,0 75.89205,30.877345,0 75.892258,30.877806,0 75.891487,30.87806,0 75.890968,30.878213,0 75.890355,30.878378,0 75.88960400000001,30.878557,0 75.889077,30.878703,0 75.888915,30.878764,0 75.889098,30.879234,0 75.88935499999999,30.879803,0 75.889523,30.880105,0 75.889869,30.88081,0 75.89003200000001,30.881133,0 75.888805,30.881729,0 75.887818,30.882216,0 75.886668,30.882782,0 75.88639499999999,30.882907,0 75.88628799999999,30.88291,0 75.885485,30.883266,0 75.88530900000001,30.883012,0 75.884434,30.883442,0 75.884474,30.884516,0 75.884496,30.885492,0 75.884514,30.885574,0 75.88456499999999,30.885662,0 75.88470100000001,30.885843,0 75.88482999999999,30.886003,0 75.88443599999999,30.886265,0 75.883523,30.886835,0 75.881772,30.887716,0 75.880776,30.888221,0 75.87938,30.888908,0 75.878438,30.889397,0 75.877848,30.889695,0 75.877523,30.889236,0 75.876791,30.888244,0 75.876188,30.887459,0 75.875494,30.887846,0 75.874472,30.888328,0 75.874233,30.887997,0 75.873445,30.886776,0 75.873386,30.886685,0 75.873299,30.886551,0 75.873277,30.886518,0 75.873026,30.886135,0 75.87292100000001,30.885975,0 75.872863,30.885887,0 75.87253699999999,30.885382,0 75.872326,30.885049,0 75.872052,30.884621,0 75.87184000000001,30.88429,0 75.871565,30.883864,0 75.871334,30.883509,0 75.871118,30.883169,0 75.870942,30.882899,0 75.870772,30.88263,0 75.870456,30.882131,0 75.87020200000001,30.881726,0 75.86997,30.881325,0 75.87045999999999,30.881065,0 75.870964,30.880796,0 75.87094500000001,30.880149,0 75.87093400000001,30.879394,0 75.87061799999999,30.879404,0 75.86996000000001,30.879417,0 75.869951,30.878963,0 75.869907,30.878363,0 75.86945900000001,30.87837,0 75.868561,30.878395,0 75.868011,30.878407,0 75.867508,30.878382,0 75.86720200000001,30.878404,0 75.86717400000001,30.878065,0 75.86715100000001,30.877411,0 75.86712199999999,30.876957,0 75.867097,30.876459,0 75.867071,30.875292,0 75.867051,30.874771,0 75.867057,30.874771,0 75.867795,30.874741,0 75.868561,30.87472500000001,0 75.869342,30.874705,0 75.869845,30.874694,0 75.870417,30.874681,0 75.87163200000001,30.874654,0 75.872803,30.874607,0 75.87386600000001,30.874592,0 75.87479,30.874554,0 75.875449,30.874538,0 75.876113,30.874549,0 75.876137,30.874005,0 75.87618399999999,30.873445,0 75.876238,30.872972,0 75.876265,30.872488,0 75.876266,30.872435,0 75.87660099999999,30.872439,0 75.876887,30.872408,0 75.87719300000001,30.872393,0 75.877441,30.87237,0 75.87774400000001,30.872353,0 75.878024,30.872338,0 75.878248,30.872298,0 75.878523,30.872272,0 75.878856,30.872225,0 75.878985,30.872185,0 75.879375,30.872053,0 75.879846,30.871885,0 75.880107,30.871783,0 75.88035600000001,30.871696,0 75.88054,30.871624,0 75.88045700000001,30.871983,0 75.88037799999999,30.87241,0 75.880324,30.872764,0 75.88023800000001,30.873296,0 75.88051400000001,30.873184,0 75.880726,30.873114,0 75.880996,30.873013,0 75.881265,30.872922,0 75.88162199999999,30.872792,0 75.882087,30.872621,0 75.882575,30.872437,0 75.88297300000001,30.872291,0 75.88336200000001,30.872143,0 75.883736,30.871999,0 75.884204,30.871829,0 75.88470599999999,30.871637,0 75.88525199999999,30.871438,0 75.88575400000001,30.871268,0 75.885976,30.871801,0 75.88611400000001,30.872163,0 75.886172,30.872299,0 75.886698,30.872236,0 75.88713300000001,30.872181,0 75.88747600000001,30.87214,0 75.887654,30.872121,0 75.887967,30.872082,0 75.888295,30.871943,0 75.888417,30.8719,0 75.888193,30.871282,0 75.888172,30.871227,0 75.88840999999999,30.871165,0 75.88875299999999,30.871107,0 75.889003,30.871064,0 75.88924400000001,30.871039,0 75.889684,30.871039,0 75.890074,30.871022,0 75.890522,30.871014,0 75.89080300000001,30.870995,0 75.891094,30.870975,0 75.891705,30.870934,0 75.89211899999999,30.870907,0 75.892501,30.870893,0 75.89279500000001,30.870883,0 75.893241,30.870865,0 75.893608,30.870842,0 75.894006,30.870729,0 75.89438699999999,30.870621,0 75.89482099999999,30.870522,0 75.895506,30.870331,0 75.89554099999999,30.870359,0 75.896072,30.870731,0 75.89655999999999,30.871092,0 75.89715099999999,30.871529,0 75.897721,30.871387,0 75.89783,30.87191,0 75.89787699999999,30.872174,0 75.89795700000001,30.872565,0 
						</coordinates>
					</LinearRing>
				</outerBoundaryIs>
			</Polygon>
		</Placemark>
	</Document>
	<Document>
		<name>Ward No 44.kml</name>
		<StyleMap id="m_ylw-pushpin47">
			<Pair>
				<key>normal</key>
				<styleUrl>#s_ylw-pushpin47</styleUrl>
			</Pair>
			<Pair>
				<key>highlight</key>
				<styleUrl>#s_ylw-pushpin_hl47</styleUrl>
			</Pair>
		</StyleMap>
		<Style id="s_ylw-pushpin47">
			<IconStyle>
				<scale>1.1</scale>
				<Icon>
					<href>http://maps.google.com/mapfiles/kml/pushpin/ylw-pushpin.png</href>
				</Icon>
				<hotSpot x="20" y="2" xunits="pixels" yunits="pixels"/>
			</IconStyle>
			<LineStyle>
				<color>ffffff55</color>
				<width>3</width>
			</LineStyle>
			<PolyStyle>
				<fill>0</fill>
			</PolyStyle>
		</Style>
		<Style id="s_ylw-pushpin_hl47">
			<IconStyle>
				<scale>1.3</scale>
				<Icon>
					<href>http://maps.google.com/mapfiles/kml/pushpin/ylw-pushpin.png</href>
				</Icon>
				<hotSpot x="20" y="2" xunits="pixels" yunits="pixels"/>
			</IconStyle>
			<LineStyle>
				<color>ffffff55</color>
				<width>3</width>
			</LineStyle>
			<PolyStyle>
				<fill>0</fill>
			</PolyStyle>
		</Style>
		<Placemark>
			<name>Ward No 44.kml</name>
			<styleUrl>#m_ylw-pushpin47</styleUrl>
			<Polygon>
				<tessellate>1</tessellate>
				<outerBoundaryIs>
					<LinearRing>
						<coordinates>
							75.87292100000001,30.885975,0 75.872551,30.885937,0 75.87177,30.885837,0 75.87129299999999,30.885783,0 75.87053400000001,30.88571900000001,0 75.87052300000001,30.885751,0 75.870316,30.885726,0 75.870296,30.885801,0 75.870203,30.886374,0 75.870149,30.886711,0 75.86965499999999,30.886766,0 75.86896,30.886864,0 75.868595,30.886916,0 75.86815300000001,30.88701,0 75.868121,30.886827,0 75.867774,30.886901,0 75.867132,30.887031,0 75.86657,30.887162,0 75.865906,30.887347,0 75.86574,30.887224,0 75.865138,30.886702,0 75.86461300000001,30.886237,0 75.864029,30.88577,0 75.86368899999999,30.885868,0 75.863798,30.885502,0 75.86396000000001,30.885227,0 75.864346,30.88483099999999,0 75.86528,30.884026,0 75.865701,30.88363,0 75.866167,30.883202,0 75.866671,30.882734,0 75.86591799999999,30.882154,0 75.86544499999999,30.881898,0 75.864946,30.881641,0 75.864456,30.881449,0 75.863567,30.881176,0 75.863213,30.881098,0 75.862442,30.881023,0 75.862436,30.880142,0 75.862385,30.879302,0 75.862421,30.879299,0 75.86241800000001,30.879033,0 75.862402,30.878539,0 75.862465,30.878537,0 75.86299699999999,30.878521,0 75.86333,30.878514,0 75.86366,30.878506,0 75.86408400000001,30.878497,0 75.864531,30.878491,0 75.865195,30.878462,0 75.86584000000001,30.878449,0 75.866202,30.878453,0 75.86663299999999,30.878438,0 75.866991,30.87842,0 75.86720200000001,30.878404,0 75.867508,30.878382,0 75.868011,30.878407,0 75.868561,30.878395,0 75.86945900000001,30.87837,0 75.869907,30.878363,0 75.869951,30.878963,0 75.86996000000001,30.879417,0 75.87061799999999,30.879404,0 75.87093400000001,30.879394,0 75.87094500000001,30.880149,0 75.870964,30.880796,0 75.87045999999999,30.881065,0 75.86997,30.881325,0 75.87020200000001,30.881726,0 75.870456,30.882131,0 75.870772,30.88263,0 75.870942,30.882899,0 75.871118,30.883169,0 75.871334,30.883509,0 75.871565,30.883864,0 75.87184000000001,30.88429,0 75.872052,30.884621,0 75.872326,30.885049,0 75.87253699999999,30.885382,0 75.872863,30.885887,0 75.87292100000001,30.885975,0 
						</coordinates>
					</LinearRing>
				</outerBoundaryIs>
			</Polygon>
		</Placemark>
	</Document>
	<Document>
		<name>Ward No 45.kml</name>
		<StyleMap id="m_ylw-pushpin48">
			<Pair>
				<key>normal</key>
				<styleUrl>#s_ylw-pushpin48</styleUrl>
			</Pair>
			<Pair>
				<key>highlight</key>
				<styleUrl>#s_ylw-pushpin_hl48</styleUrl>
			</Pair>
		</StyleMap>
		<Style id="s_ylw-pushpin48">
			<IconStyle>
				<scale>1.1</scale>
				<Icon>
					<href>http://maps.google.com/mapfiles/kml/pushpin/ylw-pushpin.png</href>
				</Icon>
				<hotSpot x="20" y="2" xunits="pixels" yunits="pixels"/>
			</IconStyle>
			<LineStyle>
				<color>ffffff55</color>
				<width>3</width>
			</LineStyle>
			<PolyStyle>
				<fill>0</fill>
			</PolyStyle>
		</Style>
		<Style id="s_ylw-pushpin_hl48">
			<IconStyle>
				<scale>1.3</scale>
				<Icon>
					<href>http://maps.google.com/mapfiles/kml/pushpin/ylw-pushpin.png</href>
				</Icon>
				<hotSpot x="20" y="2" xunits="pixels" yunits="pixels"/>
			</IconStyle>
			<LineStyle>
				<color>ffffff55</color>
				<width>3</width>
			</LineStyle>
			<PolyStyle>
				<fill>0</fill>
			</PolyStyle>
		</Style>
		<Placemark>
			<name>Ward No 45.kml</name>
			<styleUrl>#m_ylw-pushpin48</styleUrl>
			<Polygon>
				<tessellate>1</tessellate>
				<outerBoundaryIs>
					<LinearRing>
						<coordinates>
							75.873386,30.886685,0 75.873373,30.887282,0 75.87327500000001,30.887704,0 75.873088,30.888328,0 75.87230099999999,30.888413,0 75.87178,30.888454,0 75.87178,30.888515,0 75.87124900000001,30.888538,0 75.87077600000001,30.888569,0 75.870577,30.88859800000001,0 75.870638,30.888888,0 75.87007,30.889003,0 75.869697,30.889068,0 75.86935200000001,30.889138,0 75.869377,30.889248,0 75.86906399999999,30.889311,0 75.868757,30.889376,0 75.868478,30.889422,0 75.868212,30.889469,0 75.86788300000001,30.889546,0 75.867953,30.88971,0 75.86771299999999,30.889771,0 75.86733099999999,30.88987,0 75.86712199999999,30.889914,0 75.866963,30.88991100000001,0 75.866359,30.890012,0 75.865921,30.890078,0 75.865915,30.89006,0 75.86522100000001,30.890153,0 75.865234,30.890436,0 75.864912,30.890571,0 75.864598,30.890355,0 75.86399299999999,30.890025,0 75.863016,30.889651,0 75.861836,30.88936,0 75.861321,30.889306,0 75.860671,30.889273,0 75.86017200000001,30.88927,0 75.8597,30.889279,0 75.859002,30.889267,0 75.85848900000001,30.88925,0 75.858476,30.88925,0 75.85852199999999,30.888176,0 75.858553,30.887439,0 75.85858,30.886834,0 75.858588,30.886169,0 75.858611,30.885485,0 75.858636,30.884758,0 75.858644,30.88437,0 75.858649,30.88411,0 75.85865,30.884029,0 75.85867500000001,30.883498,0 75.858689,30.883061,0 75.858726,30.882528,0 75.858745,30.881941,0 75.85875,30.881371,0 75.85876,30.880767,0 75.858779,30.880194,0 75.8588,30.879583,0 75.858818,30.879052,0 75.85883800000001,30.878604,0 75.858858,30.877723,0 75.859621,30.877689,0 75.860258,30.87766,0 75.860843,30.877656,0 75.860859,30.878557,0 75.86117400000001,30.878572,0 75.86163500000001,30.878563,0 75.861982,30.878553,0 75.862402,30.878539,0 75.86241800000001,30.879033,0 75.862421,30.879299,0 75.862385,30.879302,0 75.862436,30.880142,0 75.862442,30.881023,0 75.863213,30.881098,0 75.863567,30.881176,0 75.864456,30.881449,0 75.864946,30.881641,0 75.86544499999999,30.881898,0 75.86591799999999,30.882154,0 75.866671,30.882734,0 75.866167,30.883202,0 75.865701,30.88363,0 75.86528,30.884026,0 75.864346,30.88483099999999,0 75.86396000000001,30.885227,0 75.863798,30.885502,0 75.86368899999999,30.885868,0 75.864029,30.88577,0 75.86461300000001,30.886237,0 75.865138,30.886702,0 75.86574,30.887224,0 75.865906,30.887347,0 75.86657,30.887162,0 75.867132,30.887031,0 75.867774,30.886901,0 75.868121,30.886827,0 75.86815300000001,30.88701,0 75.868595,30.886916,0 75.86896,30.886864,0 75.86965499999999,30.886766,0 75.870149,30.886711,0 75.870203,30.886374,0 75.870296,30.885801,0 75.870316,30.885726,0 75.87052300000001,30.885751,0 75.87053400000001,30.88571900000001,0 75.87129299999999,30.885783,0 75.87177,30.885837,0 75.872551,30.885937,0 75.87292100000001,30.885975,0 75.873026,30.886135,0 75.873277,30.886518,0 75.873299,30.886551,0 75.873386,30.886685,0 
						</coordinates>
					</LinearRing>
				</outerBoundaryIs>
			</Polygon>
		</Placemark>
	</Document>
	<Document>
		<name>Ward No 46.kml</name>
		<StyleMap id="m_ylw-pushpin49">
			<Pair>
				<key>normal</key>
				<styleUrl>#s_ylw-pushpin49</styleUrl>
			</Pair>
			<Pair>
				<key>highlight</key>
				<styleUrl>#s_ylw-pushpin_hl49</styleUrl>
			</Pair>
		</StyleMap>
		<Style id="s_ylw-pushpin49">
			<IconStyle>
				<scale>1.1</scale>
				<Icon>
					<href>http://maps.google.com/mapfiles/kml/pushpin/ylw-pushpin.png</href>
				</Icon>
				<hotSpot x="20" y="2" xunits="pixels" yunits="pixels"/>
			</IconStyle>
			<LineStyle>
				<color>ffffff55</color>
				<width>3</width>
			</LineStyle>
			<PolyStyle>
				<fill>0</fill>
			</PolyStyle>
		</Style>
		<Style id="s_ylw-pushpin_hl49">
			<IconStyle>
				<scale>1.3</scale>
				<Icon>
					<href>http://maps.google.com/mapfiles/kml/pushpin/ylw-pushpin.png</href>
				</Icon>
				<hotSpot x="20" y="2" xunits="pixels" yunits="pixels"/>
			</IconStyle>
			<LineStyle>
				<color>ffffff55</color>
				<width>3</width>
			</LineStyle>
			<PolyStyle>
				<fill>0</fill>
			</PolyStyle>
		</Style>
		<Placemark>
			<name>Ward No 46.kml</name>
			<styleUrl>#m_ylw-pushpin49</styleUrl>
			<Polygon>
				<tessellate>1</tessellate>
				<outerBoundaryIs>
					<LinearRing>
						<coordinates>
							75.858649,30.88411,0 75.858317,30.884119,0 75.85754799999999,30.884139,0 75.85690099999999,30.884155,0 75.85644600000001,30.884167,0 75.855885,30.884172,0 75.85513400000001,30.884174,0 75.854443,30.88419,0 75.854055,30.884194,0 75.853492,30.884225,0 75.853475,30.884024,0 75.853403,30.88291,0 75.853334,30.882,0 75.85329,30.881174,0 75.85320400000001,30.880116,0 75.853139,30.879177,0 75.853025,30.877983,0 75.852966,30.8771,0 75.85294399999999,30.876242,0 75.85285500000001,30.874965,0 75.852829,30.874063,0 75.852767,30.873098,0 75.852721,30.871931,0 75.852628,30.871242,0 75.852772,30.871115,0 75.853167,30.870765,0 75.853528,30.870445,0 75.85429600000001,30.869754,0 75.854837,30.869271,0 75.855356,30.868805,0 75.855665,30.86853,0 75.856056,30.868189,0 75.856307,30.867968,0 75.856627,30.867695,0 75.856996,30.867377,0 75.857298,30.867094,0 75.857726,30.866702,0 75.857949,30.866497,0 75.85833,30.866151,0 75.858717,30.865812,0 75.859121,30.865469,0 75.859167,30.865429,0 75.859163,30.865797,0 75.859201,30.866671,0 75.85921399999999,30.867156,0 75.85917999999999,30.868147,0 75.85916400000001,30.86865,0 75.85977800000001,30.86862,0 75.86008699999999,30.868608,0 75.86058,30.868592,0 75.861017,30.868575,0 75.861338,30.868555,0 75.86209599999999,30.868547,0 75.86211900000001,30.869363,0 75.86215900000001,30.870356,0 75.863266,30.870334,0 75.863285,30.871119,0 75.862921,30.871114,0 75.86293000000001,30.871393,0 75.86294100000001,30.871859,0 75.862954,30.872244,0 75.862956,30.872681,0 75.86296900000001,30.873166,0 75.86300199999999,30.873613,0 75.863028,30.873983,0 75.862864,30.874,0 75.862855,30.87422,0 75.862869,30.874869,0 75.86340800000001,30.87486,0 75.86408900000001,30.874834,0 75.86493299999999,30.874818,0 75.866095,30.874807,0 75.867051,30.874771,0 75.867071,30.875292,0 75.867097,30.876459,0 75.86712199999999,30.876957,0 75.86715100000001,30.877411,0 75.86717400000001,30.878065,0 75.86720200000001,30.878404,0 75.866991,30.87842,0 75.86663299999999,30.878438,0 75.866202,30.878453,0 75.86584000000001,30.878449,0 75.865195,30.878462,0 75.864531,30.878491,0 75.86408400000001,30.878497,0 75.86366,30.878506,0 75.86333,30.878514,0 75.86299699999999,30.878521,0 75.862465,30.878537,0 75.862402,30.878539,0 75.861982,30.878553,0 75.86163500000001,30.878563,0 75.86117400000001,30.878572,0 75.860859,30.878557,0 75.860843,30.877656,0 75.860258,30.87766,0 75.859621,30.877689,0 75.858858,30.877723,0 75.85883800000001,30.878604,0 75.858818,30.879052,0 75.8588,30.879583,0 75.858779,30.880194,0 75.85876,30.880767,0 75.85875,30.881371,0 75.858745,30.881941,0 75.858726,30.882528,0 75.858689,30.883061,0 75.85867500000001,30.883498,0 75.85865,30.884029,0 75.858649,30.88411,0 
						</coordinates>
					</LinearRing>
				</outerBoundaryIs>
			</Polygon>
		</Placemark>
	</Document>
	<Document>
		<name>Ward No 47.kml</name>
		<StyleMap id="m_ylw-pushpin50">
			<Pair>
				<key>normal</key>
				<styleUrl>#s_ylw-pushpin50</styleUrl>
			</Pair>
			<Pair>
				<key>highlight</key>
				<styleUrl>#s_ylw-pushpin_hl50</styleUrl>
			</Pair>
		</StyleMap>
		<Style id="s_ylw-pushpin50">
			<IconStyle>
				<scale>1.1</scale>
				<Icon>
					<href>http://maps.google.com/mapfiles/kml/pushpin/ylw-pushpin.png</href>
				</Icon>
				<hotSpot x="20" y="2" xunits="pixels" yunits="pixels"/>
			</IconStyle>
			<LineStyle>
				<color>ffffff55</color>
				<width>3</width>
			</LineStyle>
			<PolyStyle>
				<fill>0</fill>
			</PolyStyle>
		</Style>
		<Style id="s_ylw-pushpin_hl50">
			<IconStyle>
				<scale>1.3</scale>
				<Icon>
					<href>http://maps.google.com/mapfiles/kml/pushpin/ylw-pushpin.png</href>
				</Icon>
				<hotSpot x="20" y="2" xunits="pixels" yunits="pixels"/>
			</IconStyle>
			<LineStyle>
				<color>ffffff55</color>
				<width>3</width>
			</LineStyle>
			<PolyStyle>
				<fill>0</fill>
			</PolyStyle>
		</Style>
		<Placemark>
			<name>Ward No 47.kml</name>
			<styleUrl>#m_ylw-pushpin50</styleUrl>
			<Polygon>
				<tessellate>1</tessellate>
				<outerBoundaryIs>
					<LinearRing>
						<coordinates>
							75.858476,30.88925,0 75.858373,30.889246,0 75.85775599999999,30.889229,0 75.856882,30.889207,0 75.856105,30.88919,0 75.855242,30.889175,0 75.85458300000001,30.889173,0 75.854005,30.889187,0 75.853371,30.889194,0 75.852649,30.88920999999999,0 75.85198800000001,30.889213,0 75.851381,30.889215,0 75.850962,30.889231,0 75.850483,30.889278,0 75.84980899999999,30.88938,0 75.84974200000001,30.889392,0 75.84969,30.88922,0 75.849467,30.888528,0 75.84917,30.887684,0 75.848996,30.887157,0 75.84858800000001,30.886163,0 75.84843100000001,30.88561,0 75.848326,30.885285,0 75.84820499999999,30.884774,0 75.848112,30.884331,0 75.84804099999999,30.883619,0 75.84798499999999,30.882972,0 75.847933,30.88242,0 75.847835,30.881618,0 75.847748,30.881194,0 75.847675,30.880723,0 75.84755699999999,30.880436,0 75.847438,30.880067,0 75.84730399999999,30.879693,0 75.84679199999999,30.879959,0 75.846251,30.880221,0 75.845815,30.880439,0 75.84540699999999,30.880639,0 75.845508,30.880802,0 75.845618,30.881023,0 75.845789,30.880934,0 75.84580800000001,30.88103,0 75.845845,30.88126,0 75.845877,30.881423,0 75.84577,30.8815,0 75.84567300000001,30.881623,0 75.84536,30.881879,0 75.845421,30.881951,0 75.845669,30.881889,0 75.845703,30.882215,0 75.845759,30.882843,0 75.844915,30.882913,0 75.84487300000001,30.882734,0 75.844402,30.882938,0 75.844324,30.88281599999999,0 75.844138,30.882508,0 75.84395000000001,30.882256,0 75.84379800000001,30.881985,0 75.84339900000001,30.882158,0 75.84317799999999,30.881586,0 75.84293599999999,30.880951,0 75.842096,30.881282,0 75.842506,30.88205,0 75.84141,30.88248,0 75.840869,30.88260500000001,0 75.839591,30.883087,0 75.83801800000001,30.883675,0 75.83698,30.884071,0 75.835807,30.884512,0 75.83466799999999,30.884922,0 75.83427399999999,30.885078,0 75.83370600000001,30.883942,0 75.833015,30.882503,0 75.83319299999999,30.882434,0 75.833765,30.882221,0 75.834418,30.881967,0 75.83482600000001,30.881806,0 75.834864,30.881791,0 75.835277,30.88164,0 75.83569900000001,30.881483,0 75.836055,30.881349,0 75.83654799999999,30.881145,0 75.837197,30.880897,0 75.837834,30.880656,0 75.83856299999999,30.880377,0 75.839151,30.880152,0 75.83977400000001,30.879906,0 75.840784,30.879514,0 75.842477,30.878827,0 75.84347,30.878403,0 75.844194,30.878042,0 75.84475500000001,30.877734,0 75.845218,30.877456,0 75.845431,30.877324,0 75.84564899999999,30.877186,0 75.845799,30.87708,0 75.84605999999999,30.876895,0 75.84641000000001,30.876653,0 75.84678099999999,30.876368,0 75.847212,30.876028,0 75.84779,30.87553,0 75.84819400000001,30.875165,0 75.848494,30.874891,0 75.848885,30.87454,0 75.849295,30.874177,0 75.849647,30.873867,0 75.85000599999999,30.873554,0 75.85048999999999,30.873119,0 75.850881,30.872777,0 75.851454,30.872274,0 75.851901,30.87188,0 75.852301,30.871531,0 75.852628,30.871242,0 75.852721,30.871931,0 75.852767,30.873098,0 75.852829,30.874063,0 75.85285500000001,30.874965,0 75.85294399999999,30.876242,0 75.852966,30.8771,0 75.853025,30.877983,0 75.853139,30.879177,0 75.85320400000001,30.880116,0 75.85329,30.881174,0 75.853334,30.882,0 75.853403,30.88291,0 75.853475,30.884024,0 75.853492,30.884225,0 75.854055,30.884194,0 75.854443,30.88419,0 75.85513400000001,30.884174,0 75.855885,30.884172,0 75.85644600000001,30.884167,0 75.85690099999999,30.884155,0 75.85754799999999,30.884139,0 75.858317,30.884119,0 75.858649,30.88411,0 75.858644,30.88437,0 75.858636,30.884758,0 75.858611,30.885485,0 75.858588,30.886169,0 75.85858,30.886834,0 75.858553,30.887439,0 75.85852199999999,30.888176,0 75.858476,30.88925,0 
						</coordinates>
					</LinearRing>
				</outerBoundaryIs>
			</Polygon>
		</Placemark>
	</Document>
	<Document>
		<name>Ward No 48.kml</name>
		<StyleMap id="m_ylw-pushpin51">
			<Pair>
				<key>normal</key>
				<styleUrl>#s_ylw-pushpin51</styleUrl>
			</Pair>
			<Pair>
				<key>highlight</key>
				<styleUrl>#s_ylw-pushpin_hl51</styleUrl>
			</Pair>
		</StyleMap>
		<Style id="s_ylw-pushpin51">
			<IconStyle>
				<scale>1.1</scale>
				<Icon>
					<href>http://maps.google.com/mapfiles/kml/pushpin/ylw-pushpin.png</href>
				</Icon>
				<hotSpot x="20" y="2" xunits="pixels" yunits="pixels"/>
			</IconStyle>
			<LineStyle>
				<color>ffffff55</color>
				<width>3</width>
			</LineStyle>
			<PolyStyle>
				<fill>0</fill>
			</PolyStyle>
		</Style>
		<Style id="s_ylw-pushpin_hl51">
			<IconStyle>
				<scale>1.3</scale>
				<Icon>
					<href>http://maps.google.com/mapfiles/kml/pushpin/ylw-pushpin.png</href>
				</Icon>
				<hotSpot x="20" y="2" xunits="pixels" yunits="pixels"/>
			</IconStyle>
			<LineStyle>
				<color>ffffff55</color>
				<width>3</width>
			</LineStyle>
			<PolyStyle>
				<fill>0</fill>
			</PolyStyle>
		</Style>
		<Placemark>
			<name>Ward No 48.kml</name>
			<styleUrl>#m_ylw-pushpin51</styleUrl>
			<Polygon>
				<tessellate>1</tessellate>
				<outerBoundaryIs>
					<LinearRing>
						<coordinates>
							75.852628,30.871242,0 75.852301,30.871531,0 75.851901,30.87188,0 75.851454,30.872274,0 75.850881,30.872777,0 75.85048999999999,30.873119,0 75.85000599999999,30.873554,0 75.849647,30.873867,0 75.849295,30.874177,0 75.848885,30.87454,0 75.848494,30.874891,0 75.84819400000001,30.875165,0 75.84779,30.87553,0 75.847212,30.876028,0 75.84678099999999,30.876368,0 75.84641000000001,30.876653,0 75.84605999999999,30.876895,0 75.845799,30.87708,0 75.845687,30.876957,0 75.845624,30.876865,0 75.84553699999999,30.876672,0 75.845342,30.87627,0 75.845201,30.875971,0 75.845083,30.875727,0 75.844921,30.875359,0 75.844739,30.874982,0 75.84419699999999,30.87384399999999,0 75.844193,30.873835,0 75.84375,30.872812,0 75.843515,30.872246,0 75.843323,30.871788,0 75.843262,30.871559,0 75.84326299999999,30.871392,0 75.843287,30.87102,0 75.843299,30.870354,0 75.843294,30.869714,0 75.843279,30.86955,0 75.84325200000001,30.869437,0 75.843186,30.869273,0 75.84278500000001,30.868429,0 75.84222200000001,30.867309,0 75.84148,30.865903,0 75.841087,30.865158,0 75.84079699999999,30.864547,0 75.840368,30.863711,0 75.839966,30.862991,0 75.839617,30.862351,0 75.839449,30.862017,0 75.8394,30.861911,0 75.839388,30.861885,0 75.83937400000001,30.861853,0 75.83936300000001,30.86183,0 75.83960399999999,30.861725,0 75.839624,30.861717,0 75.841137,30.861059,0 75.841252,30.861263,0 75.841258,30.861275,0 75.841533,30.862036,0 75.841815,30.862815,0 75.843182,30.8666,0 75.84376899999999,30.868239,0 75.84445100000001,30.870293,0 75.84448999999999,30.870387,0 75.844526,30.870471,0 75.844611,30.870391,0 75.84621799999999,30.868886,0 75.84721500000001,30.868007,0 75.847567,30.867698,0 75.848901,30.866521,0 75.85051300000001,30.865134,0 75.85179100000001,30.864034,0 75.851879,30.863958,0 75.852313,30.863584,0 75.852901,30.863058,0 75.853825,30.862321,0 75.855013,30.861191,0 75.855256,30.860978,0 75.855548,30.860722,0 75.855952,30.860367,0 75.859551,30.857291,0 75.85954,30.857435,0 75.85953499999999,30.857722,0 75.859534,30.857765,0 75.85951900000001,30.858155,0 75.859487,30.858871,0 75.859499,30.85931,0 75.859459,30.859853,0 75.859441,30.860443,0 75.859432,30.860992,0 75.859408,30.861568,0 75.859375,30.862502,0 75.859353,30.862888,0 75.859323,30.863673,0 75.859307,30.864204,0 75.859283,30.864841,0 75.85925,30.865358,0 75.859167,30.865429,0 75.859121,30.865469,0 75.858717,30.865812,0 75.85833,30.866151,0 75.857949,30.866497,0 75.857726,30.866702,0 75.857298,30.867094,0 75.856996,30.867377,0 75.856627,30.867695,0 75.856307,30.867968,0 75.856056,30.868189,0 75.855665,30.86853,0 75.855356,30.868805,0 75.854837,30.869271,0 75.85429600000001,30.869754,0 75.853528,30.870445,0 75.853167,30.870765,0 75.852772,30.871115,0 75.852628,30.871242,0 
						</coordinates>
					</LinearRing>
				</outerBoundaryIs>
			</Polygon>
		</Placemark>
	</Document>
	<Document>
		<name>Ward No 49.kml</name>
		<StyleMap id="m_ylw-pushpin52">
			<Pair>
				<key>normal</key>
				<styleUrl>#s_ylw-pushpin52</styleUrl>
			</Pair>
			<Pair>
				<key>highlight</key>
				<styleUrl>#s_ylw-pushpin_hl52</styleUrl>
			</Pair>
		</StyleMap>
		<Style id="s_ylw-pushpin52">
			<IconStyle>
				<scale>1.1</scale>
				<Icon>
					<href>http://maps.google.com/mapfiles/kml/pushpin/ylw-pushpin.png</href>
				</Icon>
				<hotSpot x="20" y="2" xunits="pixels" yunits="pixels"/>
			</IconStyle>
			<LineStyle>
				<color>ffffff55</color>
				<width>3</width>
			</LineStyle>
			<PolyStyle>
				<fill>0</fill>
			</PolyStyle>
		</Style>
		<Style id="s_ylw-pushpin_hl52">
			<IconStyle>
				<scale>1.3</scale>
				<Icon>
					<href>http://maps.google.com/mapfiles/kml/pushpin/ylw-pushpin.png</href>
				</Icon>
				<hotSpot x="20" y="2" xunits="pixels" yunits="pixels"/>
			</IconStyle>
			<LineStyle>
				<color>ffffff55</color>
				<width>3</width>
			</LineStyle>
			<PolyStyle>
				<fill>0</fill>
			</PolyStyle>
		</Style>
		<Placemark>
			<name>Ward No 49.kml</name>
			<styleUrl>#m_ylw-pushpin52</styleUrl>
			<Polygon>
				<tessellate>1</tessellate>
				<outerBoundaryIs>
					<LinearRing>
						<coordinates>
							75.844193,30.873835,0 75.843825,30.87395799999999,0 75.84309399999999,30.874242,0 75.84226099999999,30.874567,0 75.84148,30.874896,0 75.840772,30.875178,0 75.840101,30.875445,0 75.83964899999999,30.875594,0 75.839235,30.875611,0 75.838792,30.875626,0 75.838103,30.875632,0 75.83798400000001,30.875654,0 75.837469,30.875837,0 75.83669999999999,30.876136,0 75.835796,30.876478,0 75.835201,30.876707,0 75.834013,30.877188,0 75.833754,30.876795,0 75.833624,30.876455,0 75.83405,30.876319,0 75.833759,30.875774,0 75.833446,30.875144,0 75.833257,30.874784,0 75.833095,30.874849,0 75.83269,30.874105,0 75.83239,30.873461,0 75.832268,30.873155,0 75.832115,30.873116,0 75.832043,30.873003,0 75.831892,30.872791,0 75.831627,30.872452,0 75.83135799999999,30.871995,0 75.831215,30.871743,0 75.83096,30.87188,0 75.83058699999999,30.871959,0 75.83047500000001,30.871816,0 75.830162,30.871241,0 75.829848,30.870637,0 75.82957500000001,30.870081,0 75.829183,30.86931,0 75.828729,30.868431,0 75.828419,30.86786,0 75.828087,30.86721,0 75.82808300000001,30.867202,0 75.82802700000001,30.867084,0 75.827921,30.86687,0 75.828602,30.86662,0 75.83127,30.865457,0 75.83312100000001,30.864611,0 75.83336799999999,30.864509,0 75.833957,30.864229,0 75.83863100000001,30.862148,0 75.83936300000001,30.86183,0 75.83937400000001,30.861853,0 75.839388,30.861885,0 75.8394,30.861911,0 75.839449,30.862017,0 75.839617,30.862351,0 75.839966,30.862991,0 75.840368,30.863711,0 75.84079699999999,30.864547,0 75.841087,30.865158,0 75.84148,30.865903,0 75.84222200000001,30.867309,0 75.84278500000001,30.868429,0 75.843186,30.869273,0 75.84325200000001,30.869437,0 75.843279,30.86955,0 75.843294,30.869714,0 75.843299,30.870354,0 75.843287,30.87102,0 75.84326299999999,30.871392,0 75.843262,30.871559,0 75.843323,30.871788,0 75.843515,30.872246,0 75.84375,30.872812,0 75.844193,30.873835,0 
						</coordinates>
					</LinearRing>
				</outerBoundaryIs>
			</Polygon>
		</Placemark>
	</Document>
	<Document>
		<name>Ward No 50.kml</name>
		<StyleMap id="m_ylw-pushpin53">
			<Pair>
				<key>normal</key>
				<styleUrl>#s_ylw-pushpin53</styleUrl>
			</Pair>
			<Pair>
				<key>highlight</key>
				<styleUrl>#s_ylw-pushpin_hl53</styleUrl>
			</Pair>
		</StyleMap>
		<Style id="s_ylw-pushpin53">
			<IconStyle>
				<scale>1.1</scale>
				<Icon>
					<href>http://maps.google.com/mapfiles/kml/pushpin/ylw-pushpin.png</href>
				</Icon>
				<hotSpot x="20" y="2" xunits="pixels" yunits="pixels"/>
			</IconStyle>
			<LineStyle>
				<color>ffffff55</color>
				<width>3</width>
			</LineStyle>
			<PolyStyle>
				<fill>0</fill>
			</PolyStyle>
		</Style>
		<Style id="s_ylw-pushpin_hl53">
			<IconStyle>
				<scale>1.3</scale>
				<Icon>
					<href>http://maps.google.com/mapfiles/kml/pushpin/ylw-pushpin.png</href>
				</Icon>
				<hotSpot x="20" y="2" xunits="pixels" yunits="pixels"/>
			</IconStyle>
			<LineStyle>
				<color>ffffff55</color>
				<width>3</width>
			</LineStyle>
			<PolyStyle>
				<fill>0</fill>
			</PolyStyle>
		</Style>
		<Placemark>
			<name>Ward No 50.kml</name>
			<styleUrl>#m_ylw-pushpin53</styleUrl>
			<Polygon>
				<tessellate>1</tessellate>
				<outerBoundaryIs>
					<LinearRing>
						<coordinates>
							75.845799,30.87708,0 75.84564899999999,30.877186,0 75.845431,30.877324,0 75.845218,30.877456,0 75.84475500000001,30.877734,0 75.844194,30.878042,0 75.84347,30.878403,0 75.842477,30.878827,0 75.840784,30.879514,0 75.83977400000001,30.879906,0 75.839151,30.880152,0 75.83856299999999,30.880377,0 75.837834,30.880656,0 75.837197,30.880897,0 75.83654799999999,30.881145,0 75.836055,30.881349,0 75.83569900000001,30.881483,0 75.835277,30.88164,0 75.834864,30.881791,0 75.83482600000001,30.881806,0 75.834292,30.881449,0 75.83365999999999,30.881053,0 75.83332900000001,30.880838,0 75.83310299999999,30.880671,0 75.832829,30.88038,0 75.832382,30.879805,0 75.83199,30.879314,0 75.831418,30.878605,0 75.831057,30.878164,0 75.83071700000001,30.87778,0 75.83045300000001,30.877542,0 75.829899,30.877096,0 75.828861,30.876582,0 75.828456,30.876503,0 75.82793700000001,30.876417,0 75.827596,30.876378,0 75.826937,30.876356,0 75.826184,30.876333,0 75.82547599999999,30.87632,0 75.824862,30.876324,0 75.824364,30.876316,0 75.824049,30.876293,0 75.82375500000001,30.87624,0 75.82337,30.876154,0 75.82301200000001,30.876056,0 75.82264600000001,30.875914,0 75.822445,30.875804,0 75.822002,30.875559,0 75.821603,30.875264,0 75.820954,30.874798,0 75.820577,30.874527,0 75.820216,30.874247,0 75.81996599999999,30.874063,0 75.81960100000001,30.873761,0 75.81932500000001,30.873594,0 75.818849,30.873306,0 75.818426,30.873103,0 75.81814900000001,30.873007,0 75.817744,30.872889,0 75.817408,30.87285,0 75.817019,30.872784,0 75.81673000000001,30.872753,0 75.816447,30.872755,0 75.816007,30.872774,0 75.815363,30.872796,0 75.81473699999999,30.872804,0 75.81450599999999,30.872821,0 75.814251,30.872405,0 75.81369100000001,30.871799,0 75.81311599999999,30.871174,0 75.815055,30.87071,0 75.82012899999999,30.869629,0 75.82101400000001,30.869445,0 75.82463300000001,30.868078,0 75.827921,30.86687,0 75.82802700000001,30.867084,0 75.82808300000001,30.867202,0 75.828087,30.86721,0 75.828419,30.86786,0 75.828729,30.868431,0 75.829183,30.86931,0 75.82957500000001,30.870081,0 75.829848,30.870637,0 75.830162,30.871241,0 75.83047500000001,30.871816,0 75.83058699999999,30.871959,0 75.83096,30.87188,0 75.831215,30.871743,0 75.83135799999999,30.871995,0 75.831627,30.872452,0 75.831892,30.872791,0 75.832043,30.873003,0 75.832115,30.873116,0 75.832268,30.873155,0 75.83239,30.873461,0 75.83269,30.874105,0 75.833095,30.874849,0 75.833257,30.874784,0 75.833446,30.875144,0 75.833759,30.875774,0 75.83405,30.876319,0 75.833624,30.876455,0 75.833754,30.876795,0 75.834013,30.877188,0 75.835201,30.876707,0 75.835796,30.876478,0 75.83669999999999,30.876136,0 75.837469,30.875837,0 75.83798400000001,30.875654,0 75.838103,30.875632,0 75.838792,30.875626,0 75.839235,30.875611,0 75.83964899999999,30.875594,0 75.840101,30.875445,0 75.840772,30.875178,0 75.84148,30.874896,0 75.84226099999999,30.874567,0 75.84309399999999,30.874242,0 75.843825,30.87395799999999,0 75.844193,30.873835,0 75.84419699999999,30.87384399999999,0 75.844739,30.874982,0 75.844921,30.875359,0 75.845083,30.875727,0 75.845201,30.875971,0 75.845342,30.87627,0 75.84553699999999,30.876672,0 75.845624,30.876865,0 75.845687,30.876957,0 75.845799,30.87708,0 
						</coordinates>
					</LinearRing>
				</outerBoundaryIs>
			</Polygon>
		</Placemark>
	</Document>
	<Document>
		<name>Ward No 51.kml</name>
		<StyleMap id="m_ylw-pushpin54">
			<Pair>
				<key>normal</key>
				<styleUrl>#s_ylw-pushpin54</styleUrl>
			</Pair>
			<Pair>
				<key>highlight</key>
				<styleUrl>#s_ylw-pushpin_hl54</styleUrl>
			</Pair>
		</StyleMap>
		<Style id="s_ylw-pushpin54">
			<IconStyle>
				<scale>1.1</scale>
				<Icon>
					<href>http://maps.google.com/mapfiles/kml/pushpin/ylw-pushpin.png</href>
				</Icon>
				<hotSpot x="20" y="2" xunits="pixels" yunits="pixels"/>
			</IconStyle>
			<LineStyle>
				<color>ffffff55</color>
				<width>3</width>
			</LineStyle>
			<PolyStyle>
				<fill>0</fill>
			</PolyStyle>
		</Style>
		<Style id="s_ylw-pushpin_hl54">
			<IconStyle>
				<scale>1.3</scale>
				<Icon>
					<href>http://maps.google.com/mapfiles/kml/pushpin/ylw-pushpin.png</href>
				</Icon>
				<hotSpot x="20" y="2" xunits="pixels" yunits="pixels"/>
			</IconStyle>
			<LineStyle>
				<color>ffffff55</color>
				<width>3</width>
			</LineStyle>
			<PolyStyle>
				<fill>0</fill>
			</PolyStyle>
		</Style>
		<Placemark>
			<name>Ward No 51.kml</name>
			<styleUrl>#m_ylw-pushpin54</styleUrl>
			<Polygon>
				<tessellate>1</tessellate>
				<outerBoundaryIs>
					<LinearRing>
						<coordinates>
							75.84974200000001,30.889392,0 75.849525,30.889433,0 75.849423,30.889453,0 75.849318,30.889479,0 75.849154,30.889536,0 75.849051,30.889573,0 75.84895400000001,30.889622,0 75.848724,30.889778,0 75.84861100000001,30.889879,0 75.848401,30.890143,0 75.847827,30.891257,0 75.847504,30.891923,0 75.847144,30.89262,0 75.84675900000001,30.893369,0 75.846396,30.894067,0 75.846378,30.894102,0 75.845561,30.892909,0 75.845167,30.892785,0 75.84441,30.892557,0 75.84396700000001,30.892416,0 75.843772,30.892359,0 75.84346600000001,30.892266,0 75.843124,30.89216100000001,0 75.842732,30.892032,0 75.842521,30.891964,0 75.842184,30.89186,0 75.841711,30.891714,0 75.841178,30.891548,0 75.84066799999999,30.891401,0 75.840064,30.891211,0 75.83956000000001,30.89105,0 75.839125,30.890928,0 75.83869900000001,30.890787,0 75.83859699999999,30.890729,0 75.837977,30.890278,0 75.83758400000001,30.889961,0 75.837295,30.889681,0 75.83705399999999,30.889268,0 75.836772,30.888752,0 75.83654900000001,30.888335,0 75.836297,30.887862,0 75.835894,30.887049,0 75.835588,30.886511,0 75.835407,30.886271,0 75.835081,30.885912,0 75.83430799999999,30.885147,0 75.83427399999999,30.885078,0 75.83466799999999,30.884922,0 75.835807,30.884512,0 75.83698,30.884071,0 75.83801800000001,30.883675,0 75.839591,30.883087,0 75.840869,30.88260500000001,0 75.84141,30.88248,0 75.842506,30.88205,0 75.842096,30.881282,0 75.84293599999999,30.880951,0 75.84317799999999,30.881586,0 75.84339900000001,30.882158,0 75.84379800000001,30.881985,0 75.84395000000001,30.882256,0 75.844138,30.882508,0 75.844324,30.88281599999999,0 75.844402,30.882938,0 75.84487300000001,30.882734,0 75.844915,30.882913,0 75.845759,30.882843,0 75.845703,30.882215,0 75.845669,30.881889,0 75.845421,30.881951,0 75.84536,30.881879,0 75.84567300000001,30.881623,0 75.84577,30.8815,0 75.845877,30.881423,0 75.845845,30.88126,0 75.84580800000001,30.88103,0 75.845789,30.880934,0 75.845618,30.881023,0 75.845508,30.880802,0 75.84540699999999,30.880639,0 75.845815,30.880439,0 75.846251,30.880221,0 75.84679199999999,30.879959,0 75.84730399999999,30.879693,0 75.847438,30.880067,0 75.84755699999999,30.880436,0 75.847675,30.880723,0 75.847748,30.881194,0 75.847835,30.881618,0 75.847933,30.88242,0 75.84798499999999,30.882972,0 75.84804099999999,30.883619,0 75.848112,30.884331,0 75.84820499999999,30.884774,0 75.848326,30.885285,0 75.84843100000001,30.88561,0 75.84858800000001,30.886163,0 75.848996,30.887157,0 75.84917,30.887684,0 75.849467,30.888528,0 75.84969,30.88922,0 75.84974200000001,30.889392,0 
						</coordinates>
					</LinearRing>
				</outerBoundaryIs>
			</Polygon>
		</Placemark>
	</Document>
	<Document>
		<name>Ward No 52.kml</name>
		<StyleMap id="m_ylw-pushpin55">
			<Pair>
				<key>normal</key>
				<styleUrl>#s_ylw-pushpin55</styleUrl>
			</Pair>
			<Pair>
				<key>highlight</key>
				<styleUrl>#s_ylw-pushpin_hl55</styleUrl>
			</Pair>
		</StyleMap>
		<Style id="s_ylw-pushpin55">
			<IconStyle>
				<scale>1.1</scale>
				<Icon>
					<href>http://maps.google.com/mapfiles/kml/pushpin/ylw-pushpin.png</href>
				</Icon>
				<hotSpot x="20" y="2" xunits="pixels" yunits="pixels"/>
			</IconStyle>
			<LineStyle>
				<color>ffffff55</color>
				<width>3</width>
			</LineStyle>
			<PolyStyle>
				<fill>0</fill>
			</PolyStyle>
		</Style>
		<Style id="s_ylw-pushpin_hl55">
			<IconStyle>
				<scale>1.3</scale>
				<Icon>
					<href>http://maps.google.com/mapfiles/kml/pushpin/ylw-pushpin.png</href>
				</Icon>
				<hotSpot x="20" y="2" xunits="pixels" yunits="pixels"/>
			</IconStyle>
			<LineStyle>
				<color>ffffff55</color>
				<width>3</width>
			</LineStyle>
			<PolyStyle>
				<fill>0</fill>
			</PolyStyle>
		</Style>
		<Placemark>
			<name>Ward No 52.kml</name>
			<styleUrl>#m_ylw-pushpin55</styleUrl>
			<Polygon>
				<tessellate>1</tessellate>
				<outerBoundaryIs>
					<LinearRing>
						<coordinates>
							75.85447000000001,30.898903,0 75.854206,30.898918,0 75.85395800000001,30.898925,0 75.85377200000001,30.898955,0 75.85360799999999,30.89900400000001,0 75.853466,30.898983,0 75.85332,30.898981,0 75.853081,30.898988,0 75.852861,30.899025,0 75.852932,30.899318,0 75.853066,30.899804,0 75.853155,30.900283,0 75.853076,30.900295,0 75.851646,30.900609,0 75.85133399999999,30.899652,0 75.85122699999999,30.899678,0 75.851022,30.899712,0 75.85077099999999,30.898583,0 75.85023700000001,30.896767,0 75.850442,30.896684,0 75.85052899999999,30.896342,0 75.850297,30.896194,0 75.849977,30.896038,0 75.849547,30.895846,0 75.849124,30.895714,0 75.848545,30.895557,0 75.848094,30.895416,0 75.847426,30.895207,0 75.84677499999999,30.895027,0 75.846037,30.894772,0 75.846068,30.894712,0 75.846378,30.894102,0 75.846396,30.894067,0 75.84675900000001,30.893369,0 75.847144,30.89262,0 75.847504,30.891923,0 75.847827,30.891257,0 75.848401,30.890143,0 75.84861100000001,30.889879,0 75.848724,30.889778,0 75.84895400000001,30.889622,0 75.849051,30.889573,0 75.849154,30.889536,0 75.849318,30.889479,0 75.849423,30.889453,0 75.849525,30.889433,0 75.84974200000001,30.889392,0 75.84980899999999,30.88938,0 75.850483,30.889278,0 75.850962,30.889231,0 75.851381,30.889215,0 75.85198800000001,30.889213,0 75.852649,30.88920999999999,0 75.853371,30.889194,0 75.854005,30.889187,0 75.85458300000001,30.889173,0 75.855242,30.889175,0 75.856105,30.88919,0 75.856882,30.889207,0 75.85775599999999,30.889229,0 75.858373,30.889246,0 75.858476,30.88925,0 75.85848900000001,30.88925,0 75.858487,30.889465,0 75.85847699999999,30.889855,0 75.85844400000001,30.890347,0 75.85841600000001,30.890761,0 75.858411,30.891021,0 75.85839,30.891433,0 75.858377,30.89181200000001,0 75.85836500000001,30.892106,0 75.858361,30.892301,0 75.858114,30.892312,0 75.856702,30.892486,0 75.85628,30.892557,0 75.855313,30.892701,0 75.854843,30.892751,0 75.854056,30.892813,0 75.85406999999999,30.893115,0 75.854095,30.8935,0 75.854118,30.893845,0 75.85413699999999,30.894128,0 75.854157,30.894433,0 75.854179,30.894767,0 75.85420999999999,30.89522,0 75.854311,30.896443,0 75.85435200000001,30.89715,0 75.85439599999999,30.897735,0 75.85440800000001,30.898246,0 75.85447000000001,30.898903,0 
						</coordinates>
					</LinearRing>
				</outerBoundaryIs>
			</Polygon>
		</Placemark>
	</Document>
	<Document>
		<name>Ward No 53.kml</name>
		<StyleMap id="m_ylw-pushpin56">
			<Pair>
				<key>normal</key>
				<styleUrl>#s_ylw-pushpin56</styleUrl>
			</Pair>
			<Pair>
				<key>highlight</key>
				<styleUrl>#s_ylw-pushpin_hl56</styleUrl>
			</Pair>
		</StyleMap>
		<Style id="s_ylw-pushpin56">
			<IconStyle>
				<scale>1.1</scale>
				<Icon>
					<href>http://maps.google.com/mapfiles/kml/pushpin/ylw-pushpin.png</href>
				</Icon>
				<hotSpot x="20" y="2" xunits="pixels" yunits="pixels"/>
			</IconStyle>
			<LineStyle>
				<color>ffffff55</color>
				<width>3</width>
			</LineStyle>
			<PolyStyle>
				<fill>0</fill>
			</PolyStyle>
		</Style>
		<Style id="s_ylw-pushpin_hl56">
			<IconStyle>
				<scale>1.3</scale>
				<Icon>
					<href>http://maps.google.com/mapfiles/kml/pushpin/ylw-pushpin.png</href>
				</Icon>
				<hotSpot x="20" y="2" xunits="pixels" yunits="pixels"/>
			</IconStyle>
			<LineStyle>
				<color>ffffff55</color>
				<width>3</width>
			</LineStyle>
			<PolyStyle>
				<fill>0</fill>
			</PolyStyle>
		</Style>
		<Placemark>
			<name>Ward No 53.kml</name>
			<styleUrl>#m_ylw-pushpin56</styleUrl>
			<Polygon>
				<tessellate>1</tessellate>
				<outerBoundaryIs>
					<LinearRing>
						<coordinates>
							75.846037,30.894772,0 75.845708,30.895427,0 75.84543499999999,30.895953,0 75.845128,30.896568,0 75.844931,30.896954,0 75.844731,30.897339,0 75.844596,30.897605,0 75.84449499999999,30.897802,0 75.84406300000001,30.897021,0 75.84366199999999,30.896228,0 75.843233,30.89543,0 75.842747,30.894586,0 75.84272,30.894026,0 75.842702,30.89369599999999,0 75.84199099999999,30.893502,0 75.84079800000001,30.893133,0 75.839696,30.892766,0 75.83859699999999,30.892461,0 75.837755,30.892195,0 75.836296,30.891737,0 75.835262,30.891434,0 75.834462,30.891187,0 75.83365499999999,30.890905,0 75.833068,30.890754,0 75.833054,30.890808,0 75.83298600000001,30.891091,0 75.832995,30.891987,0 75.83195499999999,30.891969,0 75.83081799999999,30.89196,0 75.828813,30.891987,0 75.82868499999999,30.891654,0 75.82849400000001,30.891247,0 75.828372,30.891107,0 75.82916299999999,30.890636,0 75.82970299999999,30.890298,0 75.82991199999999,30.89008,0 75.8301,30.889719,0 75.82961400000001,30.889574,0 75.82875199999999,30.889293,0 75.827865,30.889012,0 75.82636100000001,30.888578,0 75.82620900000001,30.888436,0 75.825768,30.887914,0 75.82521,30.887281,0 75.824747,30.886788,0 75.824557,30.886561,0 75.824299,30.886213,0 75.824161,30.88596,0 75.824135,30.885927,0 75.824308,30.885859,0 75.825064,30.885582,0 75.826375,30.885087,0 75.82753,30.884625,0 75.828479,30.884245,0 75.829244,30.883943,0 75.83014799999999,30.883602,0 75.83102700000001,30.88327,0 75.83180900000001,30.882975,0 75.833015,30.882503,0 75.83370600000001,30.883942,0 75.83427399999999,30.885078,0 75.83430799999999,30.885147,0 75.835081,30.885912,0 75.835407,30.886271,0 75.835588,30.886511,0 75.835894,30.887049,0 75.836297,30.887862,0 75.83654900000001,30.888335,0 75.836772,30.888752,0 75.83705399999999,30.889268,0 75.837295,30.889681,0 75.83758400000001,30.889961,0 75.837977,30.890278,0 75.83859699999999,30.890729,0 75.83869900000001,30.890787,0 75.839125,30.890928,0 75.83956000000001,30.89105,0 75.840064,30.891211,0 75.84066799999999,30.891401,0 75.841178,30.891548,0 75.841711,30.891714,0 75.842184,30.89186,0 75.842521,30.891964,0 75.842732,30.892032,0 75.843124,30.89216100000001,0 75.84346600000001,30.892266,0 75.843772,30.892359,0 75.84396700000001,30.892416,0 75.84441,30.892557,0 75.845167,30.892785,0 75.845561,30.892909,0 75.846378,30.894102,0 75.846068,30.894712,0 75.846037,30.894772,0 
						</coordinates>
					</LinearRing>
				</outerBoundaryIs>
			</Polygon>
		</Placemark>
	</Document>
	<Document>
		<name>Ward No 54.kml</name>
		<StyleMap id="m_ylw-pushpin57">
			<Pair>
				<key>normal</key>
				<styleUrl>#s_ylw-pushpin57</styleUrl>
			</Pair>
			<Pair>
				<key>highlight</key>
				<styleUrl>#s_ylw-pushpin_hl57</styleUrl>
			</Pair>
		</StyleMap>
		<Style id="s_ylw-pushpin57">
			<IconStyle>
				<scale>1.1</scale>
				<Icon>
					<href>http://maps.google.com/mapfiles/kml/pushpin/ylw-pushpin.png</href>
				</Icon>
				<hotSpot x="20" y="2" xunits="pixels" yunits="pixels"/>
			</IconStyle>
			<LineStyle>
				<color>ffffff55</color>
				<width>3</width>
			</LineStyle>
			<PolyStyle>
				<fill>0</fill>
			</PolyStyle>
		</Style>
		<Style id="s_ylw-pushpin_hl57">
			<IconStyle>
				<scale>1.3</scale>
				<Icon>
					<href>http://maps.google.com/mapfiles/kml/pushpin/ylw-pushpin.png</href>
				</Icon>
				<hotSpot x="20" y="2" xunits="pixels" yunits="pixels"/>
			</IconStyle>
			<LineStyle>
				<color>ffffff55</color>
				<width>3</width>
			</LineStyle>
			<PolyStyle>
				<fill>0</fill>
			</PolyStyle>
		</Style>
		<Placemark>
			<name>Ward No 54.kml</name>
			<styleUrl>#m_ylw-pushpin57</styleUrl>
			<Polygon>
				<tessellate>1</tessellate>
				<outerBoundaryIs>
					<LinearRing>
						<coordinates>
							75.833015,30.882503,0 75.83180900000001,30.882975,0 75.83102700000001,30.88327,0 75.83014799999999,30.883602,0 75.829244,30.883943,0 75.828479,30.884245,0 75.82753,30.884625,0 75.826375,30.885087,0 75.825064,30.885582,0 75.824308,30.885859,0 75.824135,30.885927,0 75.823937,30.885673,0 75.823562,30.885274,0 75.823111,30.884824,0 75.822793,30.884427,0 75.82227899999999,30.883797,0 75.821881,30.883345,0 75.821567,30.882959,0 75.821175,30.882476,0 75.820853,30.882104,0 75.820533,30.881717,0 75.82017,30.881236,0 75.81985299999999,30.880822,0 75.819496,30.880381,0 75.81921699999999,30.880015,0 75.818845,30.879563,0 75.81858800000001,30.879229,0 75.818173,30.878715,0 75.817863,30.878326,0 75.81757500000001,30.877982,0 75.817367,30.877656,0 75.81715699999999,30.877281,0 75.816914,30.876845,0 75.8167,30.876469,0 75.816486,30.876092,0 75.816247,30.87567,0 75.81598,30.8752,0 75.815687,30.874668,0 75.815488,30.874334,0 75.815276,30.873938,0 75.815045,30.873613,0 75.81481599999999,30.873264,0 75.814588,30.872954,0 75.81450599999999,30.872821,0 75.81473699999999,30.872804,0 75.815363,30.872796,0 75.816007,30.872774,0 75.816447,30.872755,0 75.81673000000001,30.872753,0 75.817019,30.872784,0 75.817408,30.87285,0 75.817744,30.872889,0 75.81814900000001,30.873007,0 75.818426,30.873103,0 75.818849,30.873306,0 75.81932500000001,30.873594,0 75.81960100000001,30.873761,0 75.81996599999999,30.874063,0 75.820216,30.874247,0 75.820577,30.874527,0 75.820954,30.874798,0 75.821603,30.875264,0 75.822002,30.875559,0 75.822445,30.875804,0 75.82264600000001,30.875914,0 75.82301200000001,30.876056,0 75.82337,30.876154,0 75.82375500000001,30.87624,0 75.824049,30.876293,0 75.824364,30.876316,0 75.824862,30.876324,0 75.82547599999999,30.87632,0 75.826184,30.876333,0 75.826937,30.876356,0 75.827596,30.876378,0 75.82793700000001,30.876417,0 75.828456,30.876503,0 75.828861,30.876582,0 75.829899,30.877096,0 75.83045300000001,30.877542,0 75.83071700000001,30.87778,0 75.831057,30.878164,0 75.831418,30.878605,0 75.83199,30.879314,0 75.832382,30.879805,0 75.832829,30.88038,0 75.83310299999999,30.880671,0 75.83332900000001,30.880838,0 75.83365999999999,30.881053,0 75.834292,30.881449,0 75.83482600000001,30.881806,0 75.834418,30.881967,0 75.833765,30.882221,0 75.83319299999999,30.882434,0 75.833015,30.882503,0 
						</coordinates>
					</LinearRing>
				</outerBoundaryIs>
			</Polygon>
		</Placemark>
	</Document>
	<Document>
		<name>Ward No 55.kml</name>
		<StyleMap id="m_ylw-pushpin58">
			<Pair>
				<key>normal</key>
				<styleUrl>#s_ylw-pushpin58</styleUrl>
			</Pair>
			<Pair>
				<key>highlight</key>
				<styleUrl>#s_ylw-pushpin_hl58</styleUrl>
			</Pair>
		</StyleMap>
		<Style id="s_ylw-pushpin58">
			<IconStyle>
				<scale>1.1</scale>
				<Icon>
					<href>http://maps.google.com/mapfiles/kml/pushpin/ylw-pushpin.png</href>
				</Icon>
				<hotSpot x="20" y="2" xunits="pixels" yunits="pixels"/>
			</IconStyle>
			<LineStyle>
				<color>ffffff55</color>
				<width>3</width>
			</LineStyle>
			<PolyStyle>
				<fill>0</fill>
			</PolyStyle>
		</Style>
		<Style id="s_ylw-pushpin_hl58">
			<IconStyle>
				<scale>1.3</scale>
				<Icon>
					<href>http://maps.google.com/mapfiles/kml/pushpin/ylw-pushpin.png</href>
				</Icon>
				<hotSpot x="20" y="2" xunits="pixels" yunits="pixels"/>
			</IconStyle>
			<LineStyle>
				<color>ffffff55</color>
				<width>3</width>
			</LineStyle>
			<PolyStyle>
				<fill>0</fill>
			</PolyStyle>
		</Style>
		<Placemark>
			<name>Ward No 55.kml</name>
			<styleUrl>#m_ylw-pushpin58</styleUrl>
			<Polygon>
				<tessellate>1</tessellate>
				<outerBoundaryIs>
					<LinearRing>
						<coordinates>
							75.828372,30.891107,0 75.828259,30.891174,0 75.82732900000001,30.891761,0 75.82643899999999,30.892302,0 75.825406,30.892979,0 75.82445199999999,30.893576,0 75.822512,30.894789,0 75.82213,30.895055,0 75.821883,30.895282,0 75.82161499999999,30.8957,0 75.821325,30.896173,0 75.820937,30.89681,0 75.820589,30.897412,0 75.820216,30.898067,0 75.81908,30.897631,0 75.81759599999999,30.897101,0 75.815889,30.89646,0 75.813322,30.895543,0 75.81145100000001,30.894852,0 75.80873099999999,30.893851,0 75.807221,30.893389,0 75.806372,30.893115,0 75.806178,30.893053,0 75.80593399999999,30.892975,0 75.80534400000001,30.892737,0 75.804931,30.892558,0 75.804676,30.89244800000001,0 75.804371,30.892326,0 75.80406000000001,30.892212,0 75.803757,30.892109,0 75.80336800000001,30.891971,0 75.80318,30.891896,0 75.802716,30.89169800000001,0 75.80230400000001,30.891516,0 75.801984,30.891384,0 75.801394,30.891174,0 75.80071100000001,30.890926,0 75.799942,30.89066,0 75.799525,30.890514,0 75.79901099999999,30.890331,0 75.798599,30.890175,0 75.79804900000001,30.889981,0 75.797731,30.889875,0 75.79732799999999,30.889722,0 75.79714199999999,30.889651,0 75.797302,30.889331,0 75.797702,30.888507,0 75.79807099999999,30.887747,0 75.79825700000001,30.887363,0 75.798434,30.886999,0 75.798596,30.886665,0 75.79901599999999,30.885741,0 75.799611,30.88595,0 75.800342,30.886205,0 75.801053,30.88645,0 75.80169600000001,30.886669,0 75.802727,30.887042,0 75.803544,30.887339,0 75.804329,30.887618,0 75.80475800000001,30.887766,0 75.805131,30.886945,0 75.80602399999999,30.885032,0 75.807034,30.885394,0 75.80767899999999,30.885626,0 75.80821,30.88581599999999,0 75.80895,30.886062,0 75.81006499999999,30.886482,0 75.810821,30.886753,0 75.81170899999999,30.887071,0 75.81248600000001,30.887348,0 75.813154,30.887587,0 75.81382600000001,30.887829,0 75.814728,30.888151,0 75.815843,30.888556,0 75.81676400000001,30.888694,0 75.817412,30.888444,0 75.818684,30.88796200000001,0 75.820224,30.887378,0 75.821259,30.887006,0 75.82151,30.886915,0 75.822604,30.88653,0 75.823611,30.886132,0 75.824135,30.885927,0 75.824161,30.88596,0 75.824299,30.886213,0 75.824557,30.886561,0 75.824747,30.886788,0 75.82521,30.887281,0 75.825768,30.887914,0 75.82620900000001,30.888436,0 75.82636100000001,30.888578,0 75.827865,30.889012,0 75.82875199999999,30.889293,0 75.82961400000001,30.889574,0 75.8301,30.889719,0 75.82991199999999,30.89008,0 75.82970299999999,30.890298,0 75.82916299999999,30.890636,0 75.828372,30.891107,0 
						</coordinates>
					</LinearRing>
				</outerBoundaryIs>
			</Polygon>
		</Placemark>
	</Document>
	<Document>
		<name>Ward No 56.kml</name>
		<StyleMap id="m_ylw-pushpin59">
			<Pair>
				<key>normal</key>
				<styleUrl>#s_ylw-pushpin59</styleUrl>
			</Pair>
			<Pair>
				<key>highlight</key>
				<styleUrl>#s_ylw-pushpin_hl59</styleUrl>
			</Pair>
		</StyleMap>
		<Style id="s_ylw-pushpin59">
			<IconStyle>
				<scale>1.1</scale>
				<Icon>
					<href>http://maps.google.com/mapfiles/kml/pushpin/ylw-pushpin.png</href>
				</Icon>
				<hotSpot x="20" y="2" xunits="pixels" yunits="pixels"/>
			</IconStyle>
			<LineStyle>
				<color>ffffff55</color>
				<width>3</width>
			</LineStyle>
			<PolyStyle>
				<fill>0</fill>
			</PolyStyle>
		</Style>
		<Style id="s_ylw-pushpin_hl59">
			<IconStyle>
				<scale>1.3</scale>
				<Icon>
					<href>http://maps.google.com/mapfiles/kml/pushpin/ylw-pushpin.png</href>
				</Icon>
				<hotSpot x="20" y="2" xunits="pixels" yunits="pixels"/>
			</IconStyle>
			<LineStyle>
				<color>ffffff55</color>
				<width>3</width>
			</LineStyle>
			<PolyStyle>
				<fill>0</fill>
			</PolyStyle>
		</Style>
		<Placemark>
			<name>Ward No 56.kml</name>
			<styleUrl>#m_ylw-pushpin59</styleUrl>
			<Polygon>
				<tessellate>1</tessellate>
				<outerBoundaryIs>
					<LinearRing>
						<coordinates>
							75.824135,30.885927,0 75.823611,30.886132,0 75.822604,30.88653,0 75.82151,30.886915,0 75.821259,30.887006,0 75.82047900000001,30.886755,0 75.81955600000001,30.886465,0 75.81838399999999,30.886097,0 75.817339,30.88574,0 75.81621699999999,30.885392,0 75.815034,30.885018,0 75.813408,30.884499,0 75.812477,30.88424,0 75.81150100000001,30.883907,0 75.81006499999999,30.883455,0 75.808975,30.883116,0 75.80748,30.882647,0 75.80590599999999,30.882149,0 75.804559,30.881714,0 75.803195,30.881275,0 75.801582,30.880787,0 75.799961,30.880284,0 75.798914,30.879956,0 75.797106,30.879376,0 75.79566,30.878929,0 75.794634,30.878615,0 75.7944,30.878543,0 75.7927,30.877981,0 75.790156,30.87719,0 75.79019099999999,30.877122,0 75.790323,30.876864,0 75.790747,30.87649,0 75.793845,30.873754,0 75.794674,30.873789,0 75.796595,30.873871,0 75.797693,30.873824,0 75.798441,30.873793,0 75.798552,30.873804,0 75.79942,30.873897,0 75.799508,30.873906,0 75.79960800000001,30.873918,0 75.80046400000001,30.874023,0 75.800477,30.874025,0 75.800589,30.874008,0 75.805324,30.873314,0 75.805369,30.873307,0 75.80579400000001,30.873245,0 75.806034,30.873036,0 75.806124,30.872959,0 75.80815,30.871203,0 75.808847,30.870352,0 75.808932,30.870248,0 75.809304,30.869862,0 75.810006,30.869142,0 75.810096,30.869049,0 75.810203,30.868954,0 75.81115,30.869625,0 75.811488,30.869894,0 75.81152299999999,30.869922,0 75.81254300000001,30.870735,0 75.81271099999999,30.870869,0 75.81293599999999,30.8711,0 75.813052,30.871189,0 75.81311599999999,30.871174,0 75.81369100000001,30.871799,0 75.814251,30.872405,0 75.81450599999999,30.872821,0 75.814588,30.872954,0 75.81481599999999,30.873264,0 75.815045,30.873613,0 75.815276,30.873938,0 75.815488,30.874334,0 75.815687,30.874668,0 75.81598,30.8752,0 75.816247,30.87567,0 75.816486,30.876092,0 75.8167,30.876469,0 75.816914,30.876845,0 75.81715699999999,30.877281,0 75.817367,30.877656,0 75.81757500000001,30.877982,0 75.817863,30.878326,0 75.818173,30.878715,0 75.81858800000001,30.879229,0 75.818845,30.879563,0 75.81921699999999,30.880015,0 75.819496,30.880381,0 75.81985299999999,30.880822,0 75.82017,30.881236,0 75.820533,30.881717,0 75.820853,30.882104,0 75.821175,30.882476,0 75.821567,30.882959,0 75.821881,30.883345,0 75.82227899999999,30.883797,0 75.822793,30.884427,0 75.823111,30.884824,0 75.823562,30.885274,0 75.823937,30.885673,0 75.824135,30.885927,0 
						</coordinates>
					</LinearRing>
				</outerBoundaryIs>
			</Polygon>
		</Placemark>
	</Document>
	<Document>
		<name>Ward No 57.kml</name>
		<StyleMap id="m_ylw-pushpin60">
			<Pair>
				<key>normal</key>
				<styleUrl>#s_ylw-pushpin60</styleUrl>
			</Pair>
			<Pair>
				<key>highlight</key>
				<styleUrl>#s_ylw-pushpin_hl60</styleUrl>
			</Pair>
		</StyleMap>
		<Style id="s_ylw-pushpin60">
			<IconStyle>
				<scale>1.1</scale>
				<Icon>
					<href>http://maps.google.com/mapfiles/kml/pushpin/ylw-pushpin.png</href>
				</Icon>
				<hotSpot x="20" y="2" xunits="pixels" yunits="pixels"/>
			</IconStyle>
			<LineStyle>
				<color>ffffff55</color>
				<width>3</width>
			</LineStyle>
			<PolyStyle>
				<fill>0</fill>
			</PolyStyle>
		</Style>
		<Style id="s_ylw-pushpin_hl60">
			<IconStyle>
				<scale>1.3</scale>
				<Icon>
					<href>http://maps.google.com/mapfiles/kml/pushpin/ylw-pushpin.png</href>
				</Icon>
				<hotSpot x="20" y="2" xunits="pixels" yunits="pixels"/>
			</IconStyle>
			<LineStyle>
				<color>ffffff55</color>
				<width>3</width>
			</LineStyle>
			<PolyStyle>
				<fill>0</fill>
			</PolyStyle>
		</Style>
		<Placemark>
			<name>Ward No 57.kml</name>
			<styleUrl>#m_ylw-pushpin60</styleUrl>
			<Polygon>
				<tessellate>1</tessellate>
				<outerBoundaryIs>
					<LinearRing>
						<coordinates>
							75.821259,30.887006,0 75.820224,30.887378,0 75.818684,30.88796200000001,0 75.817412,30.888444,0 75.81676400000001,30.888694,0 75.815843,30.888556,0 75.814728,30.888151,0 75.81382600000001,30.887829,0 75.813154,30.887587,0 75.81248600000001,30.887348,0 75.81170899999999,30.887071,0 75.810821,30.886753,0 75.81006499999999,30.886482,0 75.80895,30.886062,0 75.80821,30.88581599999999,0 75.80767899999999,30.885626,0 75.807034,30.885394,0 75.80602399999999,30.885032,0 75.805131,30.886945,0 75.80475800000001,30.887766,0 75.804329,30.887618,0 75.803544,30.887339,0 75.802727,30.887042,0 75.80169600000001,30.886669,0 75.801053,30.88645,0 75.800342,30.886205,0 75.799611,30.88595,0 75.79901599999999,30.885741,0 75.798946,30.885717,0 75.797786,30.885284,0 75.796627,30.884867,0 75.795135,30.884339,0 75.79378,30.88385999999999,0 75.792603,30.883433,0 75.79170999999999,30.883118,0 75.79224499999999,30.881943,0 75.792689,30.88099800000001,0 75.79293699999999,30.88035,0 75.793026,30.880133,0 75.793847,30.879153,0 75.79407500000001,30.878902,0 75.79424899999999,30.87879,0 75.79450199999999,30.878676,0 75.794634,30.878615,0 75.79566,30.878929,0 75.797106,30.879376,0 75.798914,30.879956,0 75.799961,30.880284,0 75.801582,30.880787,0 75.803195,30.881275,0 75.804559,30.881714,0 75.80590599999999,30.882149,0 75.80748,30.882647,0 75.808975,30.883116,0 75.81006499999999,30.883455,0 75.81150100000001,30.883907,0 75.812477,30.88424,0 75.813408,30.884499,0 75.815034,30.885018,0 75.81621699999999,30.885392,0 75.817339,30.88574,0 75.81838399999999,30.886097,0 75.81955600000001,30.886465,0 75.82047900000001,30.886755,0 75.821259,30.887006,0 
						</coordinates>
					</LinearRing>
				</outerBoundaryIs>
			</Polygon>
		</Placemark>
	</Document>
	<Document>
		<name>Ward No 58.kml</name>
		<StyleMap id="m_ylw-pushpin61">
			<Pair>
				<key>normal</key>
				<styleUrl>#s_ylw-pushpin61</styleUrl>
			</Pair>
			<Pair>
				<key>highlight</key>
				<styleUrl>#s_ylw-pushpin_hl61</styleUrl>
			</Pair>
		</StyleMap>
		<Style id="s_ylw-pushpin61">
			<IconStyle>
				<scale>1.1</scale>
				<Icon>
					<href>http://maps.google.com/mapfiles/kml/pushpin/ylw-pushpin.png</href>
				</Icon>
				<hotSpot x="20" y="2" xunits="pixels" yunits="pixels"/>
			</IconStyle>
			<LineStyle>
				<color>ffffff55</color>
				<width>3</width>
			</LineStyle>
			<PolyStyle>
				<fill>0</fill>
			</PolyStyle>
		</Style>
		<Style id="s_ylw-pushpin_hl61">
			<IconStyle>
				<scale>1.3</scale>
				<Icon>
					<href>http://maps.google.com/mapfiles/kml/pushpin/ylw-pushpin.png</href>
				</Icon>
				<hotSpot x="20" y="2" xunits="pixels" yunits="pixels"/>
			</IconStyle>
			<LineStyle>
				<color>ffffff55</color>
				<width>3</width>
			</LineStyle>
			<PolyStyle>
				<fill>0</fill>
			</PolyStyle>
		</Style>
		<Placemark>
			<name>Ward No 58.kml</name>
			<styleUrl>#m_ylw-pushpin61</styleUrl>
			<Polygon>
				<tessellate>1</tessellate>
				<outerBoundaryIs>
					<LinearRing>
						<coordinates>
							75.79714199999999,30.889651,0 75.796767,30.889507,0 75.796098,30.889277,0 75.795573,30.889089,0 75.794894,30.888837,0 75.794055,30.888528,0 75.79302300000001,30.888169,0 75.791895,30.887758,0 75.791421,30.887588,0 75.791292,30.887792,0 75.790733,30.888354,0 75.790233,30.888814,0 75.78961,30.889408,0 75.789171,30.889813,0 75.78868300000001,30.890303,0 75.78823800000001,30.890664,0 75.787807,30.891006,0 75.78704999999999,30.891556,0 75.786244,30.89222,0 75.78549,30.892801,0 75.78477100000001,30.893406,0 75.78406099999999,30.893979,0 75.78361,30.894315,0 75.782978,30.894831,0 75.782662,30.895075,0 75.781997,30.895612,0 75.781572,30.89595,0 75.78121899999999,30.896218,0 75.78114100000001,30.896144,0 75.780828,30.895968,0 75.780563,30.895831,0 75.780368,30.89574,0 75.780136,30.895626,0 75.78000400000001,30.895559,0 75.77957000000001,30.895401,0 75.77934999999999,30.895328,0 75.77897900000001,30.895214,0 75.778459,30.895055,0 75.778147,30.894943,0 75.77778000000001,30.894824,0 75.77735,30.89471,0 75.777176,30.894658,0 75.776472,30.894425,0 75.775373,30.894105,0 75.77445299999999,30.893777,0 75.77359199999999,30.893491,0 75.772251,30.893032,0 75.77153800000001,30.892802,0 75.770839,30.892589,0 75.770493,30.892472,0 75.769755,30.892242,0 75.769053,30.892025,0 75.76882500000001,30.891922,0 75.768306,30.891743,0 75.767734,30.891582,0 75.767319,30.891445,0 75.76658500000001,30.891219,0 75.766571,30.891214,0 75.766665,30.890639,0 75.769248,30.882706,0 75.769527,30.881847,0 75.774929,30.882484,0 75.77513500000001,30.882537,0 75.78306499999999,30.884574,0 75.786241,30.88557,0 75.786351,30.885418,0 75.786389,30.885305,0 75.787108,30.883154,0 75.78722500000001,30.882916,0 75.790156,30.87719,0 75.7927,30.877981,0 75.7944,30.878543,0 75.794634,30.878615,0 75.79450199999999,30.878676,0 75.79424899999999,30.87879,0 75.79407500000001,30.878902,0 75.793847,30.879153,0 75.793026,30.880133,0 75.79293699999999,30.88035,0 75.792689,30.88099800000001,0 75.79224499999999,30.881943,0 75.79170999999999,30.883118,0 75.792603,30.883433,0 75.79378,30.88385999999999,0 75.795135,30.884339,0 75.796627,30.884867,0 75.797786,30.885284,0 75.798946,30.885717,0 75.79901599999999,30.885741,0 75.798596,30.886665,0 75.798434,30.886999,0 75.79825700000001,30.887363,0 75.79807099999999,30.887747,0 75.797702,30.888507,0 75.797302,30.889331,0 75.79714199999999,30.889651,0 
						</coordinates>
					</LinearRing>
				</outerBoundaryIs>
			</Polygon>
		</Placemark>
	</Document>
	<Document>
		<name>Ward No 59.kml</name>
		<StyleMap id="m_ylw-pushpin62">
			<Pair>
				<key>normal</key>
				<styleUrl>#s_ylw-pushpin62</styleUrl>
			</Pair>
			<Pair>
				<key>highlight</key>
				<styleUrl>#s_ylw-pushpin_hl62</styleUrl>
			</Pair>
		</StyleMap>
		<Style id="s_ylw-pushpin62">
			<IconStyle>
				<scale>1.1</scale>
				<Icon>
					<href>http://maps.google.com/mapfiles/kml/pushpin/ylw-pushpin.png</href>
				</Icon>
				<hotSpot x="20" y="2" xunits="pixels" yunits="pixels"/>
			</IconStyle>
			<LineStyle>
				<color>ffffff55</color>
				<width>3</width>
			</LineStyle>
			<PolyStyle>
				<fill>0</fill>
			</PolyStyle>
		</Style>
		<Style id="s_ylw-pushpin_hl62">
			<IconStyle>
				<scale>1.3</scale>
				<Icon>
					<href>http://maps.google.com/mapfiles/kml/pushpin/ylw-pushpin.png</href>
				</Icon>
				<hotSpot x="20" y="2" xunits="pixels" yunits="pixels"/>
			</IconStyle>
			<LineStyle>
				<color>ffffff55</color>
				<width>3</width>
			</LineStyle>
			<PolyStyle>
				<fill>0</fill>
			</PolyStyle>
		</Style>
		<Placemark>
			<name>Ward No 59.kml</name>
			<styleUrl>#m_ylw-pushpin62</styleUrl>
			<Polygon>
				<tessellate>1</tessellate>
				<outerBoundaryIs>
					<LinearRing>
						<coordinates>
							75.784575,30.901554,0 75.784581,30.900853,0 75.784502,30.900897,0 75.768826,30.906905,0 75.767275,30.907499,0 75.766715,30.907379,0 75.76665300000001,30.907366,0 75.76614600000001,30.907325,0 75.765749,30.906036,0 75.765676,30.905677,0 75.76533000000001,30.903986,0 75.76522900000001,30.903493,0 75.764957,30.901774,0 75.76562800000001,30.897113,0 75.765653,30.896967,0 75.76592100000001,30.895408,0 75.766082,30.894209,0 75.766571,30.891214,0 75.76658500000001,30.891219,0 75.767319,30.891445,0 75.767734,30.891582,0 75.768306,30.891743,0 75.76882500000001,30.891922,0 75.769053,30.892025,0 75.769755,30.892242,0 75.770493,30.892472,0 75.770839,30.892589,0 75.77153800000001,30.892802,0 75.772251,30.893032,0 75.77359199999999,30.893491,0 75.77445299999999,30.893777,0 75.775373,30.894105,0 75.776472,30.894425,0 75.777176,30.894658,0 75.77735,30.89471,0 75.77778000000001,30.894824,0 75.778147,30.894943,0 75.778459,30.895055,0 75.77897900000001,30.895214,0 75.77934999999999,30.895328,0 75.77957000000001,30.895401,0 75.78000400000001,30.895559,0 75.780136,30.895626,0 75.780368,30.89574,0 75.780563,30.895831,0 75.780828,30.895968,0 75.78114100000001,30.896144,0 75.78121899999999,30.896218,0 75.781572,30.89595,0 75.781997,30.895612,0 75.782662,30.895075,0 75.782978,30.894831,0 75.78361,30.894315,0 75.78406099999999,30.893979,0 75.78477100000001,30.893406,0 75.78549,30.892801,0 75.786244,30.89222,0 75.78704999999999,30.891556,0 75.787807,30.891006,0 75.78823800000001,30.890664,0 75.78868300000001,30.890303,0 75.789171,30.889813,0 75.78961,30.889408,0 75.790233,30.888814,0 75.790733,30.888354,0 75.791292,30.887792,0 75.791421,30.887588,0 75.791895,30.887758,0 75.79302300000001,30.888169,0 75.794055,30.888528,0 75.794894,30.888837,0 75.795573,30.889089,0 75.796098,30.889277,0 75.796767,30.889507,0 75.79714199999999,30.889651,0 75.79732799999999,30.889722,0 75.797731,30.889875,0 75.79804900000001,30.889981,0 75.798599,30.890175,0 75.79901099999999,30.890331,0 75.799525,30.890514,0 75.799942,30.89066,0 75.80071100000001,30.890926,0 75.801394,30.891174,0 75.801984,30.891384,0 75.80230400000001,30.891516,0 75.802716,30.89169800000001,0 75.80318,30.891896,0 75.80336800000001,30.891971,0 75.803757,30.892109,0 75.80406000000001,30.892212,0 75.804371,30.892326,0 75.804676,30.89244800000001,0 75.804931,30.892558,0 75.80534400000001,30.892737,0 75.80593399999999,30.892975,0 75.806178,30.893053,0 75.806372,30.893115,0 75.80247300000001,30.894602,0 75.798113,30.896244,0 75.785377,30.901275,0 75.784859,30.901456,0 75.784575,30.901554,0 
						</coordinates>
					</LinearRing>
				</outerBoundaryIs>
			</Polygon>
		</Placemark>
	</Document>
	<Document>
		<name>Ward No 60.kml</name>
		<StyleMap id="m_ylw-pushpin63">
			<Pair>
				<key>normal</key>
				<styleUrl>#s_ylw-pushpin63</styleUrl>
			</Pair>
			<Pair>
				<key>highlight</key>
				<styleUrl>#s_ylw-pushpin_hl63</styleUrl>
			</Pair>
		</StyleMap>
		<Style id="s_ylw-pushpin63">
			<IconStyle>
				<scale>1.1</scale>
				<Icon>
					<href>http://maps.google.com/mapfiles/kml/pushpin/ylw-pushpin.png</href>
				</Icon>
				<hotSpot x="20" y="2" xunits="pixels" yunits="pixels"/>
			</IconStyle>
			<LineStyle>
				<color>ffffff55</color>
				<width>3</width>
			</LineStyle>
			<PolyStyle>
				<fill>0</fill>
			</PolyStyle>
		</Style>
		<Style id="s_ylw-pushpin_hl63">
			<IconStyle>
				<scale>1.3</scale>
				<Icon>
					<href>http://maps.google.com/mapfiles/kml/pushpin/ylw-pushpin.png</href>
				</Icon>
				<hotSpot x="20" y="2" xunits="pixels" yunits="pixels"/>
			</IconStyle>
			<LineStyle>
				<color>ffffff55</color>
				<width>3</width>
			</LineStyle>
			<PolyStyle>
				<fill>0</fill>
			</PolyStyle>
		</Style>
		<Placemark>
			<name>Ward No 60.kml</name>
			<styleUrl>#m_ylw-pushpin63</styleUrl>
			<Polygon>
				<tessellate>1</tessellate>
				<outerBoundaryIs>
					<LinearRing>
						<coordinates>
							75.832095,30.902208,0 75.83214599999999,30.9025,0 75.83219099999999,30.902928,0 75.832235,30.903527,0 75.832266,30.904095,0 75.83234400000001,30.904783,0 75.83237200000001,30.905319,0 75.831801,30.904839,0 75.831025,30.904202,0 75.830286,30.903612,0 75.82968700000001,30.903129,0 75.82873499999999,30.902342,0 75.828149,30.901937,0 75.82728299999999,30.90121,0 75.82663599999999,30.900629,0 75.826739,30.90039000000001,0 75.824093,30.89946,0 75.822267,30.898805,0 75.820757,30.898275,0 75.820216,30.898067,0 75.820589,30.897412,0 75.820937,30.89681,0 75.821325,30.896173,0 75.82161499999999,30.8957,0 75.821883,30.895282,0 75.82213,30.895055,0 75.822512,30.894789,0 75.82445199999999,30.893576,0 75.825406,30.892979,0 75.82643899999999,30.892302,0 75.82732900000001,30.891761,0 75.828259,30.891174,0 75.828372,30.891107,0 75.82849400000001,30.891247,0 75.82868499999999,30.891654,0 75.828813,30.891987,0 75.83081799999999,30.89196,0 75.83195499999999,30.891969,0 75.832995,30.891987,0 75.833023,30.893348,0 75.833011,30.894679,0 75.833057,30.895559,0 75.833135,30.89634,0 75.83318199999999,30.896991,0 75.833234,30.897747,0 75.833263,30.89811,0 75.832519,30.89827,0 75.831988,30.898393,0 75.83087999999999,30.898682,0 75.83105500000001,30.899328,0 75.83127399999999,30.899914,0 75.83162900000001,30.900861,0 75.83205599999999,30.901987,0 75.832095,30.902208,0 
						</coordinates>
					</LinearRing>
				</outerBoundaryIs>
			</Polygon>
		</Placemark>
	</Document>
	<Document>
		<name>Ward No 61.kml</name>
		<StyleMap id="m_ylw-pushpin64">
			<Pair>
				<key>normal</key>
				<styleUrl>#s_ylw-pushpin64</styleUrl>
			</Pair>
			<Pair>
				<key>highlight</key>
				<styleUrl>#s_ylw-pushpin_hl64</styleUrl>
			</Pair>
		</StyleMap>
		<Style id="s_ylw-pushpin64">
			<IconStyle>
				<scale>1.1</scale>
				<Icon>
					<href>http://maps.google.com/mapfiles/kml/pushpin/ylw-pushpin.png</href>
				</Icon>
				<hotSpot x="20" y="2" xunits="pixels" yunits="pixels"/>
			</IconStyle>
			<LineStyle>
				<color>ffffff55</color>
				<width>3</width>
			</LineStyle>
			<PolyStyle>
				<fill>0</fill>
			</PolyStyle>
		</Style>
		<Style id="s_ylw-pushpin_hl64">
			<IconStyle>
				<scale>1.3</scale>
				<Icon>
					<href>http://maps.google.com/mapfiles/kml/pushpin/ylw-pushpin.png</href>
				</Icon>
				<hotSpot x="20" y="2" xunits="pixels" yunits="pixels"/>
			</IconStyle>
			<LineStyle>
				<color>ffffff55</color>
				<width>3</width>
			</LineStyle>
			<PolyStyle>
				<fill>0</fill>
			</PolyStyle>
		</Style>
		<Placemark>
			<name>Ward No 61.kml</name>
			<styleUrl>#m_ylw-pushpin64</styleUrl>
			<Polygon>
				<tessellate>1</tessellate>
				<outerBoundaryIs>
					<LinearRing>
						<coordinates>
							75.809303,30.908735,0 75.807968,30.907301,0 75.80780300000001,30.907266,0 75.80700299999999,30.907281,0 75.80672300000001,30.907141,0 75.806003,30.906782,0 75.802719,30.906762,0 75.798925,30.906811,0 75.79906200000001,30.906992,0 75.79939299999999,30.907867,0 75.799594,30.908293,0 75.7997,30.908725,0 75.798784,30.908663,0 75.798976,30.90953,0 75.79794699999999,30.9095,0 75.792829,30.909522,0 75.792823,30.911339,0 75.790002,30.911318,0 75.78984800000001,30.911575,0 75.78923,30.912227,0 75.788715,30.91261,0 75.788224,30.913057,0 75.787446,30.913944,0 75.786886,30.914111,0 75.786005,30.914567,0 75.785696,30.914679,0 75.78479799999999,30.914756,0 75.784744,30.914701,0 75.784539,30.914691,0 75.784486,30.911417,0 75.784527,30.907787,0 75.784575,30.901554,0 75.784859,30.901456,0 75.785377,30.901275,0 75.798113,30.896244,0 75.80247300000001,30.894602,0 75.806372,30.893115,0 75.807221,30.893389,0 75.80873099999999,30.893851,0 75.81145100000001,30.894852,0 75.813322,30.895543,0 75.815889,30.89646,0 75.81759599999999,30.897101,0 75.81908,30.897631,0 75.820216,30.898067,0 75.820757,30.898275,0 75.822267,30.898805,0 75.824093,30.89946,0 75.826739,30.90039000000001,0 75.82663599999999,30.900629,0 75.82728299999999,30.90121,0 75.828149,30.901937,0 75.82873499999999,30.902342,0 75.82968700000001,30.903129,0 75.830286,30.903612,0 75.831025,30.904202,0 75.831801,30.904839,0 75.83237200000001,30.905319,0 75.832442,30.905378,0 75.832581,30.905482,0 75.832464,30.905888,0 75.83226500000001,30.906442,0 75.832159,30.906845,0 75.83202900000001,30.90739599999999,0 75.83194399999999,30.90789,0 75.831875,30.908241,0 75.831782,30.908711,0 75.83167,30.909308,0 75.831586,30.909806,0 75.831513,30.910061,0 75.831131,30.909883,0 75.83051500000001,30.909614,0 75.83004800000001,30.909414,0 75.82965,30.909249,0 75.829157,30.909018,0 75.828649,30.908795,0 75.828278,30.908635,0 75.827826,30.908442,0 75.82719,30.908145,0 75.82642300000001,30.907811,0 75.825953,30.907616,0 75.82587700000001,30.907585,0 75.825704,30.907722,0 75.82555000000001,30.907934,0 75.825419,30.908191,0 75.825079,30.908773,0 75.824761,30.909308,0 75.82415399999999,30.91032,0 75.823624,30.910079,0 75.822661,30.909638,0 75.821894,30.909306,0 75.821355,30.909123,0 75.82113200000001,30.909095,0 75.82002900000001,30.909015,0 75.819919,30.91002,0 75.81984,30.910901,0 75.81976299999999,30.911467,0 75.819731,30.911666,0 75.819677,30.911885,0 75.81934800000001,30.91182299999999,0 75.81827800000001,30.911641,0 75.816417,30.911358,0 75.816022,30.911286,0 75.816017,30.911303,0 75.81554,30.911161,0 75.815242,30.911075,0 75.813862,30.910875,0 75.81389900000001,30.909375,0 75.813299,30.909118,0 75.813712,30.90637,0 75.812411,30.906172,0 75.812225,30.906984,0 75.811922,30.908784,0 75.813047,30.90935199999999,0 75.812876,30.910068,0 75.811341,30.909769,0 75.80992000000001,30.909398,0 75.809303,30.908735,0 
						</coordinates>
					</LinearRing>
				</outerBoundaryIs>
			</Polygon>
		</Placemark>
	</Document>
	<Document>
		<name>Ward No 62.kml</name>
		<StyleMap id="m_ylw-pushpin65">
			<Pair>
				<key>normal</key>
				<styleUrl>#s_ylw-pushpin65</styleUrl>
			</Pair>
			<Pair>
				<key>highlight</key>
				<styleUrl>#s_ylw-pushpin_hl65</styleUrl>
			</Pair>
		</StyleMap>
		<Style id="s_ylw-pushpin65">
			<IconStyle>
				<scale>1.1</scale>
				<Icon>
					<href>http://maps.google.com/mapfiles/kml/pushpin/ylw-pushpin.png</href>
				</Icon>
				<hotSpot x="20" y="2" xunits="pixels" yunits="pixels"/>
			</IconStyle>
			<LineStyle>
				<color>ffffff55</color>
				<width>3</width>
			</LineStyle>
			<PolyStyle>
				<fill>0</fill>
			</PolyStyle>
		</Style>
		<Style id="s_ylw-pushpin_hl65">
			<IconStyle>
				<scale>1.3</scale>
				<Icon>
					<href>http://maps.google.com/mapfiles/kml/pushpin/ylw-pushpin.png</href>
				</Icon>
				<hotSpot x="20" y="2" xunits="pixels" yunits="pixels"/>
			</IconStyle>
			<LineStyle>
				<color>ffffff55</color>
				<width>3</width>
			</LineStyle>
			<PolyStyle>
				<fill>0</fill>
			</PolyStyle>
		</Style>
		<Placemark>
			<name>Ward No 62.kml</name>
			<styleUrl>#m_ylw-pushpin65</styleUrl>
			<Polygon>
				<tessellate>1</tessellate>
				<outerBoundaryIs>
					<LinearRing>
						<coordinates>
							75.806974,30.912267,0 75.806389,30.912316,0 75.805485,30.912407,0 75.804873,30.91246,0 75.804372,30.912509,0 75.80385699999999,30.912565,0 75.80319900000001,30.912631,0 75.802705,30.912681,0 75.802143,30.912728,0 75.80138599999999,30.91283,0 75.80144199999999,30.913238,0 75.80098599999999,30.913292,0 75.80060400000001,30.913347,0 75.80046299999999,30.91334000000001,0 75.800005,30.913291,0 75.79968599999999,30.913254,0 75.799195,30.913199,0 75.79904999999999,30.913848,0 75.798925,30.914379,0 75.79844199999999,30.914319,0 75.79810999999999,30.914301,0 75.797731,30.914277,0 75.79733899999999,30.914267,0 75.796938,30.914233,0 75.79662999999999,30.91423899999999,0 75.79483,30.914296,0 75.794837,30.915247,0 75.79486199999999,30.915924,0 75.794878,30.916721,0 75.79489599999999,30.917521,0 75.79491899999999,30.918236,0 75.794461,30.918298,0 75.79403499999999,30.918357,0 75.793255,30.918457,0 75.79288200000001,30.918504,0 75.791342,30.918708,0 75.790817,30.918789,0 75.790356,30.918849,0 75.78998,30.918897,0 75.789293,30.918995,0 75.789001,30.91904,0 75.784989,30.914951,0 75.78479799999999,30.914756,0 75.785696,30.914679,0 75.786005,30.914567,0 75.786886,30.914111,0 75.787446,30.913944,0 75.788224,30.913057,0 75.788715,30.91261,0 75.78923,30.912227,0 75.78984800000001,30.911575,0 75.790002,30.911318,0 75.792823,30.911339,0 75.792829,30.909522,0 75.79794699999999,30.9095,0 75.798976,30.90953,0 75.798784,30.908663,0 75.7997,30.908725,0 75.799594,30.908293,0 75.79939299999999,30.907867,0 75.79906200000001,30.906992,0 75.798925,30.906811,0 75.802719,30.906762,0 75.806003,30.906782,0 75.80672300000001,30.907141,0 75.80700299999999,30.907281,0 75.80780300000001,30.907266,0 75.807968,30.907301,0 75.809303,30.908735,0 75.808668,30.90884,0 75.806377,30.909107,0 75.806607,30.911081,0 75.806842,30.911061,0 75.806974,30.912267,0 
						</coordinates>
					</LinearRing>
				</outerBoundaryIs>
			</Polygon>
		</Placemark>
	</Document>
	<Document>
		<name>Ward No 63.kml</name>
		<StyleMap id="m_ylw-pushpin66">
			<Pair>
				<key>normal</key>
				<styleUrl>#s_ylw-pushpin66</styleUrl>
			</Pair>
			<Pair>
				<key>highlight</key>
				<styleUrl>#s_ylw-pushpin_hl66</styleUrl>
			</Pair>
		</StyleMap>
		<Style id="s_ylw-pushpin66">
			<IconStyle>
				<scale>1.1</scale>
				<Icon>
					<href>http://maps.google.com/mapfiles/kml/pushpin/ylw-pushpin.png</href>
				</Icon>
				<hotSpot x="20" y="2" xunits="pixels" yunits="pixels"/>
			</IconStyle>
			<LineStyle>
				<color>ffffff55</color>
				<width>3</width>
			</LineStyle>
			<PolyStyle>
				<fill>0</fill>
			</PolyStyle>
		</Style>
		<Style id="s_ylw-pushpin_hl66">
			<IconStyle>
				<scale>1.3</scale>
				<Icon>
					<href>http://maps.google.com/mapfiles/kml/pushpin/ylw-pushpin.png</href>
				</Icon>
				<hotSpot x="20" y="2" xunits="pixels" yunits="pixels"/>
			</IconStyle>
			<LineStyle>
				<color>ffffff55</color>
				<width>3</width>
			</LineStyle>
			<PolyStyle>
				<fill>0</fill>
			</PolyStyle>
		</Style>
		<Placemark>
			<name>Ward No 63.kml</name>
			<styleUrl>#m_ylw-pushpin66</styleUrl>
			<Polygon>
				<tessellate>1</tessellate>
				<outerBoundaryIs>
					<LinearRing>
						<coordinates>
							75.814824,30.916095,0 75.814813,30.916096,0 75.814016,30.916173,0 75.812488,30.916279,0 75.81253100000001,30.916635,0 75.812659,30.91718,0 75.81298,30.91711799999999,0 75.813024,30.917686,0 75.812495,30.917721,0 75.811947,30.917769,0 75.81120199999999,30.917829,0 75.81044300000001,30.917882,0 75.809805,30.917938,0 75.80931699999999,30.917963,0 75.808876,30.917984,0 75.808868,30.918376,0 75.80883900000001,30.918607,0 75.808797,30.918742,0 75.808615,30.919241,0 75.808426,30.919803,0 75.80828099999999,30.920216,0 75.80821400000001,30.920393,0 75.807563,30.920361,0 75.80756700000001,30.920282,0 75.80665500000001,30.920274,0 75.806658,30.919637,0 75.80655400000001,30.919637,0 75.80655899999999,30.919056,0 75.80654699999999,30.91884599999999,0 75.806071,30.918865,0 75.806051,30.919019,0 75.805633,30.919013,0 75.80560699999999,30.9194,0 75.80465100000001,30.9194,0 75.804659,30.920061,0 75.804169,30.920046,0 75.803732,30.920006,0 75.803737,30.919679,0 75.8035,30.919667,0 75.803211,30.919654,0 75.80276600000001,30.919651,0 75.802513,30.919628,0 75.802314,30.919974,0 75.80220300000001,30.920147,0 75.80193800000001,30.920078,0 75.802181,30.919647,0 75.802342,30.919366,0 75.802505,30.919018,0 75.802716,30.918782,0 75.802952,30.918642,0 75.803349,30.918395,0 75.803364,30.917715,0 75.803343,30.917044,0 75.803602,30.917018,0 75.804664,30.916909,0 75.806093,30.916784,0 75.806887,30.916695,0 75.80761,30.916623,0 75.808857,30.916508,0 75.808865,30.916186,0 75.80886099999999,30.915571,0 75.808854,30.914667,0 75.808773,30.914634,0 75.808734,30.914312,0 75.808757,30.913625,0 75.808851,30.913308,0 75.80904099999999,30.913276,0 75.80914,30.913182,0 75.80915899999999,30.912599,0 75.80922,30.912528,0 75.810265,30.912549,0 75.810148,30.911968,0 75.80950199999999,30.912036,0 75.808736,30.912125,0 75.807461,30.912217,0 75.806984,30.912266,0 75.806974,30.912267,0 75.806842,30.911061,0 75.806607,30.911081,0 75.806377,30.909107,0 75.808668,30.90884,0 75.809303,30.908735,0 75.80992000000001,30.909398,0 75.811341,30.909769,0 75.812876,30.910068,0 75.813047,30.90935199999999,0 75.811922,30.908784,0 75.812225,30.906984,0 75.812411,30.906172,0 75.813712,30.90637,0 75.813299,30.909118,0 75.81389900000001,30.909375,0 75.813862,30.910875,0 75.815242,30.911075,0 75.81554,30.911161,0 75.81541199999999,30.911731,0 75.815318,30.912151,0 75.815128,30.912826,0 75.814902,30.913632,0 75.81466899999999,30.914647,0 75.814792,30.915601,0 75.814824,30.916095,0 
						</coordinates>
					</LinearRing>
				</outerBoundaryIs>
			</Polygon>
		</Placemark>
	</Document>
	<Document>
		<name>Ward No 64.kml</name>
		<StyleMap id="m_ylw-pushpin67">
			<Pair>
				<key>normal</key>
				<styleUrl>#s_ylw-pushpin67</styleUrl>
			</Pair>
			<Pair>
				<key>highlight</key>
				<styleUrl>#s_ylw-pushpin_hl67</styleUrl>
			</Pair>
		</StyleMap>
		<Style id="s_ylw-pushpin67">
			<IconStyle>
				<scale>1.1</scale>
				<Icon>
					<href>http://maps.google.com/mapfiles/kml/pushpin/ylw-pushpin.png</href>
				</Icon>
				<hotSpot x="20" y="2" xunits="pixels" yunits="pixels"/>
			</IconStyle>
			<LineStyle>
				<color>ffffff55</color>
				<width>3</width>
			</LineStyle>
			<PolyStyle>
				<fill>0</fill>
			</PolyStyle>
		</Style>
		<Style id="s_ylw-pushpin_hl67">
			<IconStyle>
				<scale>1.3</scale>
				<Icon>
					<href>http://maps.google.com/mapfiles/kml/pushpin/ylw-pushpin.png</href>
				</Icon>
				<hotSpot x="20" y="2" xunits="pixels" yunits="pixels"/>
			</IconStyle>
			<LineStyle>
				<color>ffffff55</color>
				<width>3</width>
			</LineStyle>
			<PolyStyle>
				<fill>0</fill>
			</PolyStyle>
		</Style>
		<Placemark>
			<name>Ward No 64.kml</name>
			<styleUrl>#m_ylw-pushpin67</styleUrl>
			<Polygon>
				<tessellate>1</tessellate>
				<outerBoundaryIs>
					<LinearRing>
						<coordinates>
							75.797393,30.9232,0 75.796401,30.924615,0 75.796387,30.924634,0 75.79544199999999,30.924886,0 75.79544199999999,30.924885,0 75.79074799999999,30.920628,0 75.79002,30.919968,0 75.78908800000001,30.919122,0 75.78908300000001,30.919123,0 75.789044,30.919083,0 75.789001,30.91904,0 75.789293,30.918995,0 75.78998,30.918897,0 75.790356,30.918849,0 75.790817,30.918789,0 75.791342,30.918708,0 75.79288200000001,30.918504,0 75.793255,30.918457,0 75.79403499999999,30.918357,0 75.794461,30.918298,0 75.79491899999999,30.918236,0 75.79489599999999,30.917521,0 75.794878,30.916721,0 75.79486199999999,30.915924,0 75.794837,30.915247,0 75.79483,30.914296,0 75.79662999999999,30.91423899999999,0 75.796938,30.914233,0 75.79733899999999,30.914267,0 75.797731,30.914277,0 75.79810999999999,30.914301,0 75.79844199999999,30.914319,0 75.798925,30.914379,0 75.79904999999999,30.913848,0 75.799195,30.913199,0 75.79968599999999,30.913254,0 75.800005,30.913291,0 75.80046299999999,30.91334000000001,0 75.80060400000001,30.913347,0 75.80098599999999,30.913292,0 75.80144199999999,30.913238,0 75.80138599999999,30.91283,0 75.802143,30.912728,0 75.802705,30.912681,0 75.80319900000001,30.912631,0 75.80385699999999,30.912565,0 75.804372,30.912509,0 75.804873,30.91246,0 75.805485,30.912407,0 75.806389,30.912316,0 75.806974,30.912267,0 75.806984,30.912266,0 75.807461,30.912217,0 75.808736,30.912125,0 75.80950199999999,30.912036,0 75.810148,30.911968,0 75.810265,30.912549,0 75.80922,30.912528,0 75.80915899999999,30.912599,0 75.80914,30.913182,0 75.80904099999999,30.913276,0 75.808851,30.913308,0 75.808757,30.913625,0 75.808734,30.914312,0 75.808773,30.914634,0 75.808854,30.914667,0 75.80886099999999,30.915571,0 75.808865,30.916186,0 75.808857,30.916508,0 75.80761,30.916623,0 75.806887,30.916695,0 75.806093,30.916784,0 75.804664,30.916909,0 75.803602,30.917018,0 75.803343,30.917044,0 75.803364,30.917715,0 75.803349,30.918395,0 75.802952,30.918642,0 75.802716,30.918782,0 75.802505,30.919018,0 75.802342,30.919366,0 75.802181,30.919647,0 75.80193800000001,30.920078,0 75.80193300000001,30.920085,0 75.801187,30.920959,0 75.80041,30.921336,0 75.799784,30.921586,0 75.798727,30.922211,0 75.798214,30.922439,0 75.797394,30.922968,0 75.797393,30.9232,0 
						</coordinates>
					</LinearRing>
				</outerBoundaryIs>
			</Polygon>
		</Placemark>
	</Document>
	<Document>
		<name>Ward No 65.kml</name>
		<StyleMap id="m_ylw-pushpin68">
			<Pair>
				<key>normal</key>
				<styleUrl>#s_ylw-pushpin68</styleUrl>
			</Pair>
			<Pair>
				<key>highlight</key>
				<styleUrl>#s_ylw-pushpin_hl68</styleUrl>
			</Pair>
		</StyleMap>
		<Style id="s_ylw-pushpin68">
			<IconStyle>
				<scale>1.1</scale>
				<Icon>
					<href>http://maps.google.com/mapfiles/kml/pushpin/ylw-pushpin.png</href>
				</Icon>
				<hotSpot x="20" y="2" xunits="pixels" yunits="pixels"/>
			</IconStyle>
			<LineStyle>
				<color>ffffff55</color>
				<width>3</width>
			</LineStyle>
			<PolyStyle>
				<fill>0</fill>
			</PolyStyle>
		</Style>
		<Style id="s_ylw-pushpin_hl68">
			<IconStyle>
				<scale>1.3</scale>
				<Icon>
					<href>http://maps.google.com/mapfiles/kml/pushpin/ylw-pushpin.png</href>
				</Icon>
				<hotSpot x="20" y="2" xunits="pixels" yunits="pixels"/>
			</IconStyle>
			<LineStyle>
				<color>ffffff55</color>
				<width>3</width>
			</LineStyle>
			<PolyStyle>
				<fill>0</fill>
			</PolyStyle>
		</Style>
		<Placemark>
			<name>Ward No 65.kml</name>
			<styleUrl>#m_ylw-pushpin68</styleUrl>
			<Polygon>
				<tessellate>1</tessellate>
				<outerBoundaryIs>
					<LinearRing>
						<coordinates>
							75.815057,30.921107,0 75.81505199999999,30.921109,0 75.81382499999999,30.921558,0 75.812719,30.921956,0 75.811335,30.922482,0 75.80945199999999,30.923168,0 75.808503,30.923513,0 75.806884,30.924081,0 75.80679499999999,30.92508,0 75.8043,30.925051,0 75.803197,30.92501,0 75.803066,30.924992,0 75.80203,30.924987,0 75.80112,30.924996,0 75.799398,30.925007,0 75.799346,30.925007,0 75.79934299999999,30.925004,0 75.79926,30.924931,0 75.799094,30.92493,0 75.799813,30.924141,0 75.799716,30.924157,0 75.799511,30.924159,0 75.798942,30.924163,0 75.798035,30.923599,0 75.797393,30.9232,0 75.797394,30.922968,0 75.798214,30.922439,0 75.798727,30.922211,0 75.799784,30.921586,0 75.80041,30.921336,0 75.801187,30.920959,0 75.80193300000001,30.920085,0 75.80193800000001,30.920078,0 75.80220300000001,30.920147,0 75.802314,30.919974,0 75.802513,30.919628,0 75.80276600000001,30.919651,0 75.803211,30.919654,0 75.8035,30.919667,0 75.803737,30.919679,0 75.803732,30.920006,0 75.804169,30.920046,0 75.804659,30.920061,0 75.80465100000001,30.9194,0 75.80560699999999,30.9194,0 75.805633,30.919013,0 75.806051,30.919019,0 75.806071,30.918865,0 75.80654699999999,30.91884599999999,0 75.80655899999999,30.919056,0 75.80655400000001,30.919637,0 75.806658,30.919637,0 75.80665500000001,30.920274,0 75.80756700000001,30.920282,0 75.807563,30.920361,0 75.80821400000001,30.920393,0 75.80828099999999,30.920216,0 75.808426,30.919803,0 75.808615,30.919241,0 75.808797,30.918742,0 75.80883900000001,30.918607,0 75.808868,30.918376,0 75.808876,30.917984,0 75.80931699999999,30.917963,0 75.809805,30.917938,0 75.81044300000001,30.917882,0 75.81120199999999,30.917829,0 75.811947,30.917769,0 75.812495,30.917721,0 75.813024,30.917686,0 75.81298,30.91711799999999,0 75.812659,30.91718,0 75.81253100000001,30.916635,0 75.812488,30.916279,0 75.814016,30.916173,0 75.814813,30.916096,0 75.814824,30.916095,0 75.815489,30.916045,0 75.81614500000001,30.916079,0 75.816868,30.916095,0 75.817386,30.916134,0 75.817944,30.916177,0 75.81873,30.916247,0 75.81965099999999,30.916259,0 75.819886,30.916261,0 75.819907,30.916261,0 75.81979800000001,30.916516,0 75.819586,30.916917,0 75.81950399999999,30.917114,0 75.819474,30.91722,0 75.819406,30.917461,0 75.81926900000001,30.917912,0 75.819186,30.918166,0 75.818984,30.918719,0 75.818815,30.919222,0 75.81869399999999,30.919628,0 75.818217,30.919805,0 75.81776499999999,30.920014,0 75.81711,30.920349,0 75.816839,30.920452,0 75.81643,30.920607,0 75.815828,30.920828,0 75.815057,30.921107,0 
						</coordinates>
					</LinearRing>
				</outerBoundaryIs>
			</Polygon>
		</Placemark>
	</Document>
	<Document>
		<name>Ward No 66.kml</name>
		<StyleMap id="m_ylw-pushpin69">
			<Pair>
				<key>normal</key>
				<styleUrl>#s_ylw-pushpin69</styleUrl>
			</Pair>
			<Pair>
				<key>highlight</key>
				<styleUrl>#s_ylw-pushpin_hl69</styleUrl>
			</Pair>
		</StyleMap>
		<Style id="s_ylw-pushpin69">
			<IconStyle>
				<scale>1.1</scale>
				<Icon>
					<href>http://maps.google.com/mapfiles/kml/pushpin/ylw-pushpin.png</href>
				</Icon>
				<hotSpot x="20" y="2" xunits="pixels" yunits="pixels"/>
			</IconStyle>
			<LineStyle>
				<color>ffffff55</color>
				<width>3</width>
			</LineStyle>
			<PolyStyle>
				<fill>0</fill>
			</PolyStyle>
		</Style>
		<Style id="s_ylw-pushpin_hl69">
			<IconStyle>
				<scale>1.3</scale>
				<Icon>
					<href>http://maps.google.com/mapfiles/kml/pushpin/ylw-pushpin.png</href>
				</Icon>
				<hotSpot x="20" y="2" xunits="pixels" yunits="pixels"/>
			</IconStyle>
			<LineStyle>
				<color>ffffff55</color>
				<width>3</width>
			</LineStyle>
			<PolyStyle>
				<fill>0</fill>
			</PolyStyle>
		</Style>
		<Placemark>
			<name>Ward No 66.kml</name>
			<styleUrl>#m_ylw-pushpin69</styleUrl>
			<Polygon>
				<tessellate>1</tessellate>
				<outerBoundaryIs>
					<LinearRing>
						<coordinates>
							75.813857,30.929591,0 75.813869,30.930264,0 75.812792,30.930272,0 75.81278500000001,30.931248,0 75.812662,30.931245,0 75.812651,30.932104,0 75.812696,30.932108,0 75.81268799999999,30.933093,0 75.812669,30.933781,0 75.81268300000001,30.934308,0 75.812702,30.934808,0 75.81262099999999,30.93485,0 75.812476,30.934932,0 75.81236199999999,30.934977,0 75.812275,30.935015,0 75.812141,30.935068,0 75.811888,30.935189,0 75.811582,30.935322,0 75.81153399999999,30.935272,0 75.810491,30.934158,0 75.80896199999999,30.932526,0 75.808711,30.932258,0 75.80595700000001,30.93159,0 75.804997,30.931358,0 75.804743,30.931296,0 75.80432399999999,30.931416,0 75.804011,30.931506,0 75.803866,30.931476,0 75.80342,30.931308,0 75.803129,30.93115999999999,0 75.802671,30.930783,0 75.80234400000001,30.930345,0 75.802284,30.929897,0 75.80228099999999,30.92981,0 75.80227600000001,30.929639,0 75.80183100000001,30.928674,0 75.80170099999999,30.928393,0 75.801427,30.92802,0 75.80140400000001,30.928007,0 75.801123,30.927841,0 75.800318,30.927365,0 75.800242,30.927319,0 75.79974300000001,30.927267,0 75.799644,30.927257,0 75.799402,30.927232,0 75.799401,30.927207,0 75.79940000000001,30.927082,0 75.799368,30.927079,0 75.799335,30.927084,0 75.799074,30.927125,0 75.799086,30.92682,0 75.79947,30.926554,0 75.80038500000001,30.925917,0 75.800085,30.92565400000001,0 75.799346,30.925007,0 75.799398,30.925007,0 75.80112,30.924996,0 75.80203,30.924987,0 75.803066,30.924992,0 75.803197,30.92501,0 75.8043,30.925051,0 75.80679499999999,30.92508,0 75.806884,30.924081,0 75.808503,30.923513,0 75.80945199999999,30.923168,0 75.811335,30.922482,0 75.812719,30.921956,0 75.81382499999999,30.921558,0 75.81505199999999,30.921109,0 75.815057,30.921107,0 75.81506899999999,30.921681,0 75.815044,30.922326,0 75.815051,30.922888,0 75.81506400000001,30.923536,0 75.81505799999999,30.924164,0 75.815073,30.924593,0 75.815073,30.924629,0 75.81313299999999,30.924636,0 75.81313900000001,30.925404,0 75.813138,30.925942,0 75.81314500000001,30.92632,0 75.813143,30.92683,0 75.81342100000001,30.926833,0 75.81342100000001,30.92739,0 75.813434,30.928219,0 75.81344799999999,30.928746,0 75.813582,30.928748,0 75.813559,30.92959,0 75.813857,30.929591,0 
						</coordinates>
					</LinearRing>
				</outerBoundaryIs>
			</Polygon>
		</Placemark>
	</Document>
	<Document>
		<name>Ward No 67.kml</name>
		<StyleMap id="m_ylw-pushpin70">
			<Pair>
				<key>normal</key>
				<styleUrl>#s_ylw-pushpin70</styleUrl>
			</Pair>
			<Pair>
				<key>highlight</key>
				<styleUrl>#s_ylw-pushpin_hl70</styleUrl>
			</Pair>
		</StyleMap>
		<Style id="s_ylw-pushpin70">
			<IconStyle>
				<scale>1.1</scale>
				<Icon>
					<href>http://maps.google.com/mapfiles/kml/pushpin/ylw-pushpin.png</href>
				</Icon>
				<hotSpot x="20" y="2" xunits="pixels" yunits="pixels"/>
			</IconStyle>
			<LineStyle>
				<color>ffffff55</color>
				<width>3</width>
			</LineStyle>
			<PolyStyle>
				<fill>0</fill>
			</PolyStyle>
		</Style>
		<Style id="s_ylw-pushpin_hl70">
			<IconStyle>
				<scale>1.3</scale>
				<Icon>
					<href>http://maps.google.com/mapfiles/kml/pushpin/ylw-pushpin.png</href>
				</Icon>
				<hotSpot x="20" y="2" xunits="pixels" yunits="pixels"/>
			</IconStyle>
			<LineStyle>
				<color>ffffff55</color>
				<width>3</width>
			</LineStyle>
			<PolyStyle>
				<fill>0</fill>
			</PolyStyle>
		</Style>
		<Placemark>
			<name>Ward No 67.kml</name>
			<styleUrl>#m_ylw-pushpin70</styleUrl>
			<Polygon>
				<tessellate>1</tessellate>
				<outerBoundaryIs>
					<LinearRing>
						<coordinates>
							75.819954,30.92848,0 75.819034,30.92848,0 75.81777,30.92849,0 75.81666800000001,30.928497,0 75.81666199999999,30.928725,0 75.81664600000001,30.929474,0 75.816647,30.929582,0 75.815659,30.929585,0 75.81428699999999,30.929593,0 75.813857,30.929591,0 75.813559,30.92959,0 75.813582,30.928748,0 75.81344799999999,30.928746,0 75.813434,30.928219,0 75.81342100000001,30.92739,0 75.81342100000001,30.926833,0 75.813143,30.92683,0 75.81314500000001,30.92632,0 75.813138,30.925942,0 75.81313900000001,30.925404,0 75.81313299999999,30.924636,0 75.815073,30.924629,0 75.815073,30.924593,0 75.81505799999999,30.924164,0 75.81506400000001,30.923536,0 75.815051,30.922888,0 75.815044,30.922326,0 75.81506899999999,30.921681,0 75.815057,30.921107,0 75.815828,30.920828,0 75.81643,30.920607,0 75.816839,30.920452,0 75.81711,30.920349,0 75.81776499999999,30.920014,0 75.818217,30.919805,0 75.81869399999999,30.919628,0 75.818815,30.919222,0 75.818984,30.918719,0 75.819186,30.918166,0 75.81926900000001,30.917912,0 75.819406,30.917461,0 75.819474,30.91722,0 75.819717,30.917282,0 75.820015,30.917289,0 75.82053000000001,30.917358,0 75.820806,30.917415,0 75.821185,30.917475,0 75.821476,30.917522,0 75.821797,30.917559,0 75.822219,30.917678,0 75.82247599999999,30.917735,0 75.822401,30.91808,0 75.822305,30.918442,0 75.82229599999999,30.91846200000001,0 75.822181,30.918639,0 75.82195299999999,30.91895999999999,0 75.821381,30.918648,0 75.82092900000001,30.918416,0 75.820744,30.919113,0 75.82028699999999,30.919017,0 75.820114,30.919688,0 75.81985,30.919651,0 75.81945399999999,30.919578,0 75.81946499999999,30.920204,0 75.819485,30.920579,0 75.819481,30.920952,0 75.819473,30.92159,0 75.81947099999999,30.92211,0 75.820548,30.922099,0 75.821584,30.92213,0 75.82157599999999,30.922647,0 75.821591,30.922919,0 75.821608,30.923281,0 75.821596,30.924123,0 75.821595,30.924602,0 75.822103,30.924584,0 75.822858,30.924555,0 75.822856,30.92483199999999,0 75.82284799999999,30.926144,0 75.822827,30.926144,0 75.822407,30.926144,0 75.82240899999999,30.92618,0 75.82210600000001,30.926186,0 75.822103,30.926643,0 75.821882,30.926646,0 75.821366,30.926633,0 75.820959,30.926638,0 75.82029900000001,30.926628,0 75.81992200000001,30.92663200000001,0 75.819942,30.92766900000001,0 75.819934,30.927777,0 75.81995000000001,30.927912,0 75.819958,30.927994,0 75.819965,30.928086,0 75.81996700000001,30.928185,0 75.819954,30.92848,0 
						</coordinates>
					</LinearRing>
				</outerBoundaryIs>
			</Polygon>
		</Placemark>
	</Document>
	<Document>
		<name>Ward No 68.kml</name>
		<StyleMap id="m_ylw-pushpin71">
			<Pair>
				<key>normal</key>
				<styleUrl>#s_ylw-pushpin71</styleUrl>
			</Pair>
			<Pair>
				<key>highlight</key>
				<styleUrl>#s_ylw-pushpin_hl71</styleUrl>
			</Pair>
		</StyleMap>
		<Style id="s_ylw-pushpin71">
			<IconStyle>
				<scale>1.1</scale>
				<Icon>
					<href>http://maps.google.com/mapfiles/kml/pushpin/ylw-pushpin.png</href>
				</Icon>
				<hotSpot x="20" y="2" xunits="pixels" yunits="pixels"/>
			</IconStyle>
			<LineStyle>
				<color>ffffff55</color>
				<width>3</width>
			</LineStyle>
			<PolyStyle>
				<fill>0</fill>
			</PolyStyle>
		</Style>
		<Style id="s_ylw-pushpin_hl71">
			<IconStyle>
				<scale>1.3</scale>
				<Icon>
					<href>http://maps.google.com/mapfiles/kml/pushpin/ylw-pushpin.png</href>
				</Icon>
				<hotSpot x="20" y="2" xunits="pixels" yunits="pixels"/>
			</IconStyle>
			<LineStyle>
				<color>ffffff55</color>
				<width>3</width>
			</LineStyle>
			<PolyStyle>
				<fill>0</fill>
			</PolyStyle>
		</Style>
		<Placemark>
			<name>Ward No 68.kml</name>
			<styleUrl>#m_ylw-pushpin71</styleUrl>
			<Polygon>
				<tessellate>1</tessellate>
				<outerBoundaryIs>
					<LinearRing>
						<coordinates>
							75.837673,30.927486,0 75.83750499999999,30.927648,0 75.837383,30.92758,0 75.83716200000001,30.927473,0 75.836932,30.92737,0 75.83677,30.927284,0 75.83637400000001,30.927073,0 75.835888,30.926828,0 75.835392,30.926588,0 75.83486499999999,30.926303,0 75.834419,30.926029,0 75.833995,30.925794,0 75.833038,30.925253,0 75.832717,30.925063,0 75.83242300000001,30.924888,0 75.83217500000001,30.924704,0 75.831733,30.924369,0 75.831194,30.924032,0 75.83081199999999,30.923789,0 75.83045300000001,30.92356699999999,0 75.830003,30.923283,0 75.829802,30.923577,0 75.829696,30.923776,0 75.829375,30.923719,0 75.82905,30.923646,0 75.82864499999999,30.923576,0 75.828253,30.923521,0 75.827827,30.923431,0 75.82728400000001,30.92333199999999,0 75.826894,30.923248,0 75.826576,30.923192,0 75.82651199999999,30.923689,0 75.826472,30.924206,0 75.826444,30.924566,0 75.826015,30.924536,0 75.825655,30.924506,0 75.825289,30.924479,0 75.824934,30.924466,0 75.824382,30.924435,0 75.82391800000001,30.924406,0 75.823556,30.92448,0 75.82320199999999,30.924546,0 75.8229,30.924554,0 75.822858,30.924555,0 75.822103,30.924584,0 75.821595,30.924602,0 75.821596,30.924123,0 75.821608,30.923281,0 75.821591,30.922919,0 75.82157599999999,30.922647,0 75.821584,30.92213,0 75.820548,30.922099,0 75.81947099999999,30.92211,0 75.819473,30.92159,0 75.819481,30.920952,0 75.819485,30.920579,0 75.81946499999999,30.920204,0 75.81945399999999,30.919578,0 75.81985,30.919651,0 75.820114,30.919688,0 75.82028699999999,30.919017,0 75.820744,30.919113,0 75.82092900000001,30.918416,0 75.821381,30.918648,0 75.82195299999999,30.91895999999999,0 75.822181,30.918639,0 75.82229599999999,30.91846200000001,0 75.822305,30.918442,0 75.822401,30.91808,0 75.82247599999999,30.917735,0 75.822546,30.91775,0 75.82281,30.917777,0 75.823258,30.917862,0 75.823702,30.917983,0 75.824089,30.918063,0 75.824442,30.918223,0 75.82470499999999,30.91836,0 75.825101,30.918541,0 75.82534099999999,30.91873199999999,0 75.82555000000001,30.918973,0 75.82573600000001,30.919114,0 75.82598900000001,30.919275,0 75.826227,30.919355,0 75.826448,30.919436,0 75.826815,30.919573,0 75.827108,30.919694,0 75.82743499999999,30.919836,0 75.827889,30.920039,0 75.82826799999999,30.920186,0 75.82865200000001,30.920404,0 75.829002,30.92059,0 75.829313,30.920756,0 75.82966500000001,30.920934,0 75.829999,30.921059,0 75.83029000000001,30.921138,0 75.830522,30.921214,0 75.8309,30.921368,0 75.83139,30.921637,0 75.831705,30.921782,0 75.831941,30.92188,0 75.832444,30.9221,0 75.83274900000001,30.922456,0 75.832911,30.922676,0 75.83309199999999,30.922906,0 75.83321599999999,30.923035,0 75.833476,30.92328,0 75.833747,30.923514,0 75.83413400000001,30.923844,0 75.83444299999999,30.924173,0 75.834746,30.924422,0 75.835116,30.924697,0 75.835616,30.925119,0 75.835993,30.925466,0 75.836401,30.925976,0 75.836539,30.92617,0 75.83694300000001,30.926855,0 75.837335,30.927291,0 75.837673,30.927486,0 
						</coordinates>
					</LinearRing>
				</outerBoundaryIs>
			</Polygon>
		</Placemark>
	</Document>
	<Document>
		<name>Ward No 69.kml</name>
		<StyleMap id="m_ylw-pushpin72">
			<Pair>
				<key>normal</key>
				<styleUrl>#s_ylw-pushpin72</styleUrl>
			</Pair>
			<Pair>
				<key>highlight</key>
				<styleUrl>#s_ylw-pushpin_hl72</styleUrl>
			</Pair>
		</StyleMap>
		<Style id="s_ylw-pushpin72">
			<IconStyle>
				<scale>1.1</scale>
				<Icon>
					<href>http://maps.google.com/mapfiles/kml/pushpin/ylw-pushpin.png</href>
				</Icon>
				<hotSpot x="20" y="2" xunits="pixels" yunits="pixels"/>
			</IconStyle>
			<LineStyle>
				<color>ffffff55</color>
				<width>3</width>
			</LineStyle>
			<PolyStyle>
				<fill>0</fill>
			</PolyStyle>
		</Style>
		<Style id="s_ylw-pushpin_hl72">
			<IconStyle>
				<scale>1.3</scale>
				<Icon>
					<href>http://maps.google.com/mapfiles/kml/pushpin/ylw-pushpin.png</href>
				</Icon>
				<hotSpot x="20" y="2" xunits="pixels" yunits="pixels"/>
			</IconStyle>
			<LineStyle>
				<color>ffffff55</color>
				<width>3</width>
			</LineStyle>
			<PolyStyle>
				<fill>0</fill>
			</PolyStyle>
		</Style>
		<Placemark>
			<name>Ward No 69.kml</name>
			<styleUrl>#m_ylw-pushpin72</styleUrl>
			<Polygon>
				<tessellate>1</tessellate>
				<outerBoundaryIs>
					<LinearRing>
						<coordinates>
							75.824297,30.916759,0 75.824039,30.916778,0 75.823775,30.916782,0 75.823538,30.916772,0 75.823311,30.916744,0 75.82302799999999,30.916694,0 75.821055,30.916372,0 75.820819,30.91631599999999,0 75.820454,30.916272,0 75.819907,30.916261,0 75.819886,30.916261,0 75.81965099999999,30.916259,0 75.81873,30.916247,0 75.817944,30.916177,0 75.817386,30.916134,0 75.816868,30.916095,0 75.81614500000001,30.916079,0 75.815489,30.916045,0 75.814824,30.916095,0 75.814792,30.915601,0 75.81466899999999,30.914647,0 75.814902,30.913632,0 75.815128,30.912826,0 75.815318,30.912151,0 75.81541199999999,30.911731,0 75.81554,30.911161,0 75.816017,30.911303,0 75.816022,30.911286,0 75.816417,30.911358,0 75.81827800000001,30.911641,0 75.81934800000001,30.91182299999999,0 75.819677,30.911885,0 75.819731,30.911666,0 75.81976299999999,30.911467,0 75.81984,30.910901,0 75.819919,30.91002,0 75.82002900000001,30.909015,0 75.82113200000001,30.909095,0 75.821355,30.909123,0 75.821894,30.909306,0 75.822661,30.909638,0 75.823624,30.910079,0 75.82415399999999,30.91032,0 75.824224,30.910351,0 75.82495,30.910653,0 75.825703,30.91099,0 75.826673,30.911424,0 75.827398,30.911725,0 75.82816200000001,30.912028,0 75.828756,30.912275,0 75.829329,30.912527,0 75.82980000000001,30.912731,0 75.829922,30.912784,0 75.830037,30.912828,0 75.83015899999999,30.912808,0 75.830365,30.912809,0 75.830742,30.91287700000001,0 75.831186,30.91293,0 75.831732,30.913025,0 75.832092,30.913075,0 75.832374,30.913129,0 75.83299700000001,30.91322600000001,0 75.83312100000001,30.912692,0 75.833614,30.912761,0 75.834084,30.912844,0 75.83465200000001,30.912968,0 75.835009,30.913034,0 75.83547799999999,30.913132,0 75.83605900000001,30.91325,0 75.836507,30.91333300000001,0 75.83712800000001,30.913455,0 75.837845,30.913602,0 75.838441,30.913728,0 75.839054,30.91386200000001,0 75.839675,30.913984,0 75.83984100000001,30.914007,0 75.840175,30.913922,0 75.84029700000001,30.914174,0 75.840616,30.91466,0 75.841026,30.915265,0 75.84134899999999,30.915732,0 75.84144499999999,30.915989,0 75.841504,30.916227,0 75.841532,30.91646,0 75.84133300000001,30.91644000000001,0 75.84034200000001,30.916363,0 75.84017,30.91633300000001,0 75.839393,30.916083,0 75.839017,30.915935,0 75.838776,30.915895,0 75.83810800000001,30.915801,0 75.837768,30.91578,0 75.836952,30.91584,0 75.83591300000001,30.915934,0 75.83459000000001,30.916051,0 75.833821,30.91609800000001,0 75.83301,30.916163,0 75.832657,30.91620199999999,0 75.832393,30.916243,0 75.831687,30.916279,0 75.830945,30.91632600000001,0 75.83040699999999,30.916364,0 75.829024,30.916413,0 75.828119,30.916477,0 75.82725600000001,30.916557,0 75.82623700000001,30.91664,0 75.82571,30.916666,0 75.825048,30.916721,0 75.82441799999999,30.91675,0 75.824297,30.916759,0 
						</coordinates>
					</LinearRing>
				</outerBoundaryIs>
			</Polygon>
		</Placemark>
	</Document>
	<Document>
		<name>Ward No 70.kml</name>
		<StyleMap id="m_ylw-pushpin73">
			<Pair>
				<key>normal</key>
				<styleUrl>#s_ylw-pushpin73</styleUrl>
			</Pair>
			<Pair>
				<key>highlight</key>
				<styleUrl>#s_ylw-pushpin_hl73</styleUrl>
			</Pair>
		</StyleMap>
		<Style id="s_ylw-pushpin73">
			<IconStyle>
				<scale>1.1</scale>
				<Icon>
					<href>http://maps.google.com/mapfiles/kml/pushpin/ylw-pushpin.png</href>
				</Icon>
				<hotSpot x="20" y="2" xunits="pixels" yunits="pixels"/>
			</IconStyle>
			<LineStyle>
				<color>ffffff55</color>
				<width>3</width>
			</LineStyle>
			<PolyStyle>
				<fill>0</fill>
			</PolyStyle>
		</Style>
		<Style id="s_ylw-pushpin_hl73">
			<IconStyle>
				<scale>1.3</scale>
				<Icon>
					<href>http://maps.google.com/mapfiles/kml/pushpin/ylw-pushpin.png</href>
				</Icon>
				<hotSpot x="20" y="2" xunits="pixels" yunits="pixels"/>
			</IconStyle>
			<LineStyle>
				<color>ffffff55</color>
				<width>3</width>
			</LineStyle>
			<PolyStyle>
				<fill>0</fill>
			</PolyStyle>
		</Style>
		<Placemark>
			<name>Ward No 70.kml</name>
			<styleUrl>#m_ylw-pushpin73</styleUrl>
			<Polygon>
				<tessellate>1</tessellate>
				<outerBoundaryIs>
					<LinearRing>
						<coordinates>
							75.843069,30.921753,0 75.842845,30.921641,0 75.842778,30.921687,0 75.8425,30.92172,0 75.842045,30.921732,0 75.84205300000001,30.921479,0 75.84208099999999,30.92124,0 75.84216000000001,30.92097499999999,0 75.841824,30.920885,0 75.841831,30.92085,0 75.841854,30.920747,0 75.841825,30.920572,0 75.841757,30.920105,0 75.84069,30.920245,0 75.840074,30.920288,0 75.83918799999999,30.920401,0 75.838532,30.920489,0 75.837778,30.920624,0 75.837473,30.920644,0 75.837058,30.920698,0 75.83642,30.920752,0 75.836377,30.921087,0 75.836251,30.921183,0 75.83583299999999,30.921515,0 75.83545700000001,30.921778,0 75.835263,30.921908,0 75.835098,30.922052,0 75.83489299999999,30.92222,0 75.83467400000001,30.922427,0 75.834453,30.922641,0 75.834265,30.922745,0 75.834068,30.922835,0 75.833549,30.922241,0 75.83326,30.922034,0 75.832875,30.921855,0 75.832838,30.921906,0 75.83277,30.92188,0 75.83236100000001,30.921705,0 75.83204499999999,30.921593,0 75.831738,30.921505,0 75.83145500000001,30.92145,0 75.831198,30.9214,0 75.831073,30.921359,0 75.830747,30.921186,0 75.83049200000001,30.921077,0 75.830516,30.920839,0 75.830586,30.920315,0 75.830674,30.919877,0 75.83079499999999,30.91935,0 75.829893,30.919116,0 75.8291,30.918957,0 75.828163,30.918833,0 75.82770600000001,30.918795,0 75.827325,30.918613,0 75.82666999999999,30.918389,0 75.82614700000001,30.918198,0 75.825743,30.917927,0 75.82543699999999,30.917681,0 75.824884,30.917268,0 75.824507,30.916957,0 75.824297,30.916759,0 75.82441799999999,30.91675,0 75.825048,30.916721,0 75.82571,30.916666,0 75.82623700000001,30.91664,0 75.82725600000001,30.916557,0 75.828119,30.916477,0 75.829024,30.916413,0 75.83040699999999,30.916364,0 75.830945,30.91632600000001,0 75.831687,30.916279,0 75.832393,30.916243,0 75.832657,30.91620199999999,0 75.83301,30.916163,0 75.833821,30.91609800000001,0 75.83459000000001,30.916051,0 75.83591300000001,30.915934,0 75.836952,30.91584,0 75.837768,30.91578,0 75.83810800000001,30.915801,0 75.838776,30.915895,0 75.839017,30.915935,0 75.839393,30.916083,0 75.84017,30.91633300000001,0 75.84034200000001,30.916363,0 75.84133300000001,30.91644000000001,0 75.841532,30.91646,0 75.841791,30.916485,0 75.84229999999999,30.916525,0 75.843019,30.916596,0 75.843813,30.916646,0 75.84482800000001,30.916727,0 75.84571200000001,30.91679,0 75.84518,30.918109,0 75.84483,30.918676,0 75.844126,30.919953,0 75.84378,30.92055,0 75.843221,30.921511,0 75.843069,30.921753,0 
						</coordinates>
					</LinearRing>
				</outerBoundaryIs>
			</Polygon>
		</Placemark>
	</Document>
	<Document>
		<name>Ward No 71.kml</name>
		<StyleMap id="m_ylw-pushpin74">
			<Pair>
				<key>normal</key>
				<styleUrl>#s_ylw-pushpin74</styleUrl>
			</Pair>
			<Pair>
				<key>highlight</key>
				<styleUrl>#s_ylw-pushpin_hl74</styleUrl>
			</Pair>
		</StyleMap>
		<Style id="s_ylw-pushpin74">
			<IconStyle>
				<scale>1.1</scale>
				<Icon>
					<href>http://maps.google.com/mapfiles/kml/pushpin/ylw-pushpin.png</href>
				</Icon>
				<hotSpot x="20" y="2" xunits="pixels" yunits="pixels"/>
			</IconStyle>
			<LineStyle>
				<color>ffffff55</color>
				<width>3</width>
			</LineStyle>
			<PolyStyle>
				<fill>0</fill>
			</PolyStyle>
		</Style>
		<Style id="s_ylw-pushpin_hl74">
			<IconStyle>
				<scale>1.3</scale>
				<Icon>
					<href>http://maps.google.com/mapfiles/kml/pushpin/ylw-pushpin.png</href>
				</Icon>
				<hotSpot x="20" y="2" xunits="pixels" yunits="pixels"/>
			</IconStyle>
			<LineStyle>
				<color>ffffff55</color>
				<width>3</width>
			</LineStyle>
			<PolyStyle>
				<fill>0</fill>
			</PolyStyle>
		</Style>
		<Placemark>
			<name>Ward No 71.kml</name>
			<styleUrl>#m_ylw-pushpin74</styleUrl>
			<Polygon>
				<tessellate>1</tessellate>
				<outerBoundaryIs>
					<LinearRing>
						<coordinates>
							75.840175,30.913922,0 75.83984100000001,30.914007,0 75.839675,30.913984,0 75.839054,30.91386200000001,0 75.838441,30.913728,0 75.837845,30.913602,0 75.83712800000001,30.913455,0 75.836507,30.91333300000001,0 75.83605900000001,30.91325,0 75.83547799999999,30.913132,0 75.835009,30.913034,0 75.83465200000001,30.912968,0 75.834084,30.912844,0 75.833614,30.912761,0 75.83312100000001,30.912692,0 75.83299700000001,30.91322600000001,0 75.832374,30.913129,0 75.832092,30.913075,0 75.831732,30.913025,0 75.831186,30.91293,0 75.830742,30.91287700000001,0 75.830365,30.912809,0 75.83015899999999,30.912808,0 75.830037,30.912828,0 75.829922,30.912784,0 75.82980000000001,30.912731,0 75.829329,30.912527,0 75.828756,30.912275,0 75.82816200000001,30.912028,0 75.827398,30.911725,0 75.826673,30.911424,0 75.825703,30.91099,0 75.82495,30.910653,0 75.824224,30.910351,0 75.82415399999999,30.91032,0 75.824761,30.909308,0 75.825079,30.908773,0 75.825419,30.908191,0 75.82555000000001,30.907934,0 75.825704,30.907722,0 75.82587700000001,30.907585,0 75.825953,30.907616,0 75.82642300000001,30.907811,0 75.82719,30.908145,0 75.827826,30.908442,0 75.828278,30.908635,0 75.828649,30.908795,0 75.829157,30.909018,0 75.82965,30.909249,0 75.83004800000001,30.909414,0 75.83051500000001,30.909614,0 75.831131,30.909883,0 75.831513,30.910061,0 75.831586,30.909806,0 75.83167,30.909308,0 75.831782,30.908711,0 75.831875,30.908241,0 75.83194399999999,30.90789,0 75.83202900000001,30.90739599999999,0 75.832159,30.906845,0 75.83226500000001,30.906442,0 75.832464,30.905888,0 75.832581,30.905482,0 75.832442,30.905378,0 75.83237200000001,30.905319,0 75.83234400000001,30.904783,0 75.832266,30.904095,0 75.832235,30.903527,0 75.83219099999999,30.902928,0 75.83214599999999,30.9025,0 75.832095,30.902208,0 75.83242199999999,30.902319,0 75.832792,30.902446,0 75.833117,30.902528,0 75.83341900000001,30.902598,0 75.833873,30.902642,0 75.834603,30.902642,0 75.835103,30.902642,0 75.835539,30.902638,0 75.835747,30.902648,0 75.83604200000001,30.902672,0 75.836625,30.902788,0 75.83703,30.902916,0 75.837452,30.903081,0 75.837998,30.903302,0 75.840108,30.904236,0 75.840414,30.90434399999999,0 75.84114700000001,30.904601,0 75.84246,30.905085,0 75.84339900000001,30.905454,0 75.844476,30.905878,0 75.845653,30.906374,0 75.84655600000001,30.906776,0 75.846727,30.906843,0 75.846485,30.90732,0 75.846146,30.90804,0 75.84591,30.908487,0 75.84582,30.908625,0 75.845589,30.908918,0 75.84523299999999,30.909242,0 75.844551,30.909903,0 75.84432,30.910142,0 75.84403399999999,30.910454,0 75.843548,30.910992,0 75.843062,30.911517,0 75.842947,30.911708,0 75.84284599999999,30.91199599999999,0 75.842735,30.912284,0 75.842624,30.912531,0 75.842534,30.912699,0 75.842446,30.91284,0 75.842366,30.912935,0 75.842144,30.913176,0 75.841954,30.913377,0 75.841711,30.91362,0 75.841545,30.913739,0 75.84125400000001,30.913836,0 75.840661,30.913866,0 75.840175,30.913922,0 
						</coordinates>
					</LinearRing>
				</outerBoundaryIs>
			</Polygon>
		</Placemark>
	</Document>
	<Document>
		<name>Ward No 72.kml</name>
		<StyleMap id="m_ylw-pushpin75">
			<Pair>
				<key>normal</key>
				<styleUrl>#s_ylw-pushpin75</styleUrl>
			</Pair>
			<Pair>
				<key>highlight</key>
				<styleUrl>#s_ylw-pushpin_hl75</styleUrl>
			</Pair>
		</StyleMap>
		<Style id="s_ylw-pushpin75">
			<IconStyle>
				<scale>1.1</scale>
				<Icon>
					<href>http://maps.google.com/mapfiles/kml/pushpin/ylw-pushpin.png</href>
				</Icon>
				<hotSpot x="20" y="2" xunits="pixels" yunits="pixels"/>
			</IconStyle>
			<LineStyle>
				<color>ffffff55</color>
				<width>3</width>
			</LineStyle>
			<PolyStyle>
				<fill>0</fill>
			</PolyStyle>
		</Style>
		<Style id="s_ylw-pushpin_hl75">
			<IconStyle>
				<scale>1.3</scale>
				<Icon>
					<href>http://maps.google.com/mapfiles/kml/pushpin/ylw-pushpin.png</href>
				</Icon>
				<hotSpot x="20" y="2" xunits="pixels" yunits="pixels"/>
			</IconStyle>
			<LineStyle>
				<color>ffffff55</color>
				<width>3</width>
			</LineStyle>
			<PolyStyle>
				<fill>0</fill>
			</PolyStyle>
		</Style>
		<Placemark>
			<name>Ward No 72.kml</name>
			<styleUrl>#m_ylw-pushpin75</styleUrl>
			<Polygon>
				<tessellate>1</tessellate>
				<outerBoundaryIs>
					<LinearRing>
						<coordinates>
							75.84449499999999,30.897802,0 75.84426000000001,30.898134,0 75.84403500000001,30.898445,0 75.84353900000001,30.899147,0 75.843256,30.899534,0 75.843045,30.899825,0 75.842827,30.900118,0 75.84262200000001,30.900396,0 75.84240800000001,30.900688,0 75.842173,30.901013,0 75.841989,30.901261,0 75.841909,30.901375,0 75.841835,30.901491,0 75.84179,30.901568,0 75.841639,30.901848,0 75.841506,30.902104,0 75.841336,30.902438,0 75.840937,30.903253,0 75.84075300000001,30.903626,0 75.840414,30.90434399999999,0 75.840108,30.904236,0 75.837998,30.903302,0 75.837452,30.903081,0 75.83703,30.902916,0 75.836625,30.902788,0 75.83604200000001,30.902672,0 75.835747,30.902648,0 75.835539,30.902638,0 75.835103,30.902642,0 75.834603,30.902642,0 75.833873,30.902642,0 75.83341900000001,30.902598,0 75.833117,30.902528,0 75.832792,30.902446,0 75.83242199999999,30.902319,0 75.832095,30.902208,0 75.83205599999999,30.901987,0 75.83162900000001,30.900861,0 75.83127399999999,30.899914,0 75.83105500000001,30.899328,0 75.83087999999999,30.898682,0 75.831988,30.898393,0 75.832519,30.89827,0 75.833263,30.89811,0 75.833234,30.897747,0 75.83318199999999,30.896991,0 75.833135,30.89634,0 75.833057,30.895559,0 75.833011,30.894679,0 75.833023,30.893348,0 75.832995,30.891987,0 75.83298600000001,30.891091,0 75.833054,30.890808,0 75.833068,30.890754,0 75.83365499999999,30.890905,0 75.834462,30.891187,0 75.835262,30.891434,0 75.836296,30.891737,0 75.837755,30.892195,0 75.83859699999999,30.892461,0 75.839696,30.892766,0 75.84079800000001,30.893133,0 75.84199099999999,30.893502,0 75.842702,30.89369599999999,0 75.84272,30.894026,0 75.842747,30.894586,0 75.843233,30.89543,0 75.84366199999999,30.896228,0 75.84406300000001,30.897021,0 75.84449499999999,30.897802,0 
						</coordinates>
					</LinearRing>
				</outerBoundaryIs>
			</Polygon>
		</Placemark>
	</Document>
	<Document>
		<name>Ward No 73.kml</name>
		<StyleMap id="m_ylw-pushpin76">
			<Pair>
				<key>normal</key>
				<styleUrl>#s_ylw-pushpin76</styleUrl>
			</Pair>
			<Pair>
				<key>highlight</key>
				<styleUrl>#s_ylw-pushpin_hl76</styleUrl>
			</Pair>
		</StyleMap>
		<Style id="s_ylw-pushpin76">
			<IconStyle>
				<scale>1.1</scale>
				<Icon>
					<href>http://maps.google.com/mapfiles/kml/pushpin/ylw-pushpin.png</href>
				</Icon>
				<hotSpot x="20" y="2" xunits="pixels" yunits="pixels"/>
			</IconStyle>
			<LineStyle>
				<color>ffffff55</color>
				<width>3</width>
			</LineStyle>
			<PolyStyle>
				<fill>0</fill>
			</PolyStyle>
		</Style>
		<Style id="s_ylw-pushpin_hl76">
			<IconStyle>
				<scale>1.3</scale>
				<Icon>
					<href>http://maps.google.com/mapfiles/kml/pushpin/ylw-pushpin.png</href>
				</Icon>
				<hotSpot x="20" y="2" xunits="pixels" yunits="pixels"/>
			</IconStyle>
			<LineStyle>
				<color>ffffff55</color>
				<width>3</width>
			</LineStyle>
			<PolyStyle>
				<fill>0</fill>
			</PolyStyle>
		</Style>
		<Placemark>
			<name>Ward No 73.kml</name>
			<styleUrl>#m_ylw-pushpin76</styleUrl>
			<Polygon>
				<tessellate>1</tessellate>
				<outerBoundaryIs>
					<LinearRing>
						<coordinates>
							75.853487,30.90459,0 75.85346800000001,30.904636,0 75.85328199999999,30.904999,0 75.85307299999999,30.905349,0 75.85284,30.905691,0 75.85235299999999,30.90637,0 75.85200500000001,30.906814,0 75.851562,30.907315,0 75.850371,30.908705,0 75.84971,30.909614,0 75.849249,30.910297,0 75.84747,30.913228,0 75.84578500000001,30.91661,0 75.84571200000001,30.91679,0 75.84482800000001,30.916727,0 75.843813,30.916646,0 75.843019,30.916596,0 75.84229999999999,30.916525,0 75.841791,30.916485,0 75.841532,30.91646,0 75.841504,30.916227,0 75.84144499999999,30.915989,0 75.84134899999999,30.915732,0 75.841026,30.915265,0 75.840616,30.91466,0 75.84029700000001,30.914174,0 75.840175,30.913922,0 75.840661,30.913866,0 75.84125400000001,30.913836,0 75.841545,30.913739,0 75.841711,30.91362,0 75.841954,30.913377,0 75.842144,30.913176,0 75.842366,30.912935,0 75.842446,30.91284,0 75.842534,30.912699,0 75.842624,30.912531,0 75.842735,30.912284,0 75.84284599999999,30.91199599999999,0 75.842947,30.911708,0 75.843062,30.911517,0 75.843548,30.910992,0 75.84403399999999,30.910454,0 75.84432,30.910142,0 75.844551,30.909903,0 75.84523299999999,30.909242,0 75.845589,30.908918,0 75.84582,30.908625,0 75.84591,30.908487,0 75.846146,30.90804,0 75.846485,30.90732,0 75.846727,30.906843,0 75.84655600000001,30.906776,0 75.845653,30.906374,0 75.844476,30.905878,0 75.84339900000001,30.905454,0 75.84246,30.905085,0 75.84114700000001,30.904601,0 75.840414,30.90434399999999,0 75.84075300000001,30.903626,0 75.840937,30.903253,0 75.841336,30.902438,0 75.841506,30.902104,0 75.841639,30.901848,0 75.84179,30.901568,0 75.841835,30.901491,0 75.841909,30.901375,0 75.841989,30.901261,0 75.842173,30.901013,0 75.84240800000001,30.900688,0 75.84262200000001,30.900396,0 75.842827,30.900118,0 75.843045,30.899825,0 75.843256,30.899534,0 75.84353900000001,30.899147,0 75.84403500000001,30.898445,0 75.84426000000001,30.898134,0 75.84449499999999,30.897802,0 75.844596,30.897605,0 75.844731,30.897339,0 75.844931,30.896954,0 75.845128,30.896568,0 75.84543499999999,30.895953,0 75.845708,30.895427,0 75.846037,30.894772,0 75.84677499999999,30.895027,0 75.847426,30.895207,0 75.848094,30.895416,0 75.848545,30.895557,0 75.849124,30.895714,0 75.849547,30.895846,0 75.849977,30.896038,0 75.850297,30.896194,0 75.85052899999999,30.896342,0 75.850442,30.896684,0 75.85023700000001,30.896767,0 75.85077099999999,30.898583,0 75.851022,30.899712,0 75.85122699999999,30.899678,0 75.85133399999999,30.899652,0 75.851646,30.900609,0 75.853076,30.900295,0 75.853155,30.900283,0 75.853066,30.899804,0 75.852932,30.899318,0 75.852861,30.899025,0 75.853081,30.898988,0 75.85332,30.898981,0 75.853466,30.898983,0 75.85360799999999,30.89900400000001,0 75.85377200000001,30.898955,0 75.85395800000001,30.898925,0 75.854206,30.898918,0 75.85447000000001,30.898903,0 75.854485,30.899054,0 75.85451399999999,30.89964000000001,0 75.854496,30.900281,0 75.854491,30.900635,0 75.854389,30.90129,0 75.85426,30.901984,0 75.853914,30.903274,0 75.853728,30.903909,0 75.853572,30.904382,0 75.853487,30.90459,0 
						</coordinates>
					</LinearRing>
				</outerBoundaryIs>
			</Polygon>
		</Placemark>
	</Document>
	<Document>
		<name>Ward No 74.kml</name>
		<StyleMap id="m_ylw-pushpin77">
			<Pair>
				<key>normal</key>
				<styleUrl>#s_ylw-pushpin77</styleUrl>
			</Pair>
			<Pair>
				<key>highlight</key>
				<styleUrl>#s_ylw-pushpin_hl77</styleUrl>
			</Pair>
		</StyleMap>
		<Style id="s_ylw-pushpin77">
			<IconStyle>
				<scale>1.1</scale>
				<Icon>
					<href>http://maps.google.com/mapfiles/kml/pushpin/ylw-pushpin.png</href>
				</Icon>
				<hotSpot x="20" y="2" xunits="pixels" yunits="pixels"/>
			</IconStyle>
			<LineStyle>
				<color>ffffff55</color>
				<width>3</width>
			</LineStyle>
			<PolyStyle>
				<fill>0</fill>
			</PolyStyle>
		</Style>
		<Style id="s_ylw-pushpin_hl77">
			<IconStyle>
				<scale>1.3</scale>
				<Icon>
					<href>http://maps.google.com/mapfiles/kml/pushpin/ylw-pushpin.png</href>
				</Icon>
				<hotSpot x="20" y="2" xunits="pixels" yunits="pixels"/>
			</IconStyle>
			<LineStyle>
				<color>ffffff55</color>
				<width>3</width>
			</LineStyle>
			<PolyStyle>
				<fill>0</fill>
			</PolyStyle>
		</Style>
		<Placemark>
			<name>Ward No 74.kml</name>
			<styleUrl>#m_ylw-pushpin77</styleUrl>
			<Polygon>
				<tessellate>1</tessellate>
				<outerBoundaryIs>
					<LinearRing>
						<coordinates>
							75.864047,30.8983,0 75.86363799999999,30.898516,0 75.86265299999999,30.899021,0 75.862021,30.899355,0 75.86116,30.899795,0 75.860119,30.900336,0 75.859341,30.900752,0 75.858521,30.901224,0 75.857512,30.901871,0 75.856791,30.902361,0 75.85633,30.902695,0 75.85582599999999,30.903069,0 75.855283,30.9035,0 75.854896,30.903819,0 75.85444099999999,30.904241,0 75.854079,30.904578,0 75.853904,30.904754,0 75.853487,30.90459,0 75.853572,30.904382,0 75.853728,30.903909,0 75.853914,30.903274,0 75.85426,30.901984,0 75.854389,30.90129,0 75.854491,30.900635,0 75.854496,30.900281,0 75.85451399999999,30.89964000000001,0 75.854485,30.899054,0 75.85447000000001,30.898903,0 75.85440800000001,30.898246,0 75.85439599999999,30.897735,0 75.85435200000001,30.89715,0 75.854311,30.896443,0 75.85420999999999,30.89522,0 75.854179,30.894767,0 75.854157,30.894433,0 75.85413699999999,30.894128,0 75.854118,30.893845,0 75.854095,30.8935,0 75.85406999999999,30.893115,0 75.854056,30.892813,0 75.854843,30.892751,0 75.855313,30.892701,0 75.85628,30.892557,0 75.856702,30.892486,0 75.858114,30.892312,0 75.858361,30.892301,0 75.85836500000001,30.892106,0 75.858377,30.89181200000001,0 75.85839,30.891433,0 75.858411,30.891021,0 75.85841600000001,30.890761,0 75.85844400000001,30.890347,0 75.85847699999999,30.889855,0 75.858487,30.889465,0 75.85848900000001,30.88925,0 75.859002,30.889267,0 75.8597,30.889279,0 75.86017200000001,30.88927,0 75.860671,30.889273,0 75.861321,30.889306,0 75.861836,30.88936,0 75.863016,30.889651,0 75.86399299999999,30.890025,0 75.864598,30.890355,0 75.864912,30.890571,0 75.865044,30.89066100000001,0 75.865714,30.891102,0 75.866891,30.89193300000001,0 75.86792199999999,30.892618,0 75.868695,30.893201,0 75.86899099999999,30.893458,0 75.869407,30.893861,0 75.86977,30.894234,0 75.86999,30.894509,0 75.870322,30.89499,0 75.870097,30.895103,0 75.869157,30.895625,0 75.868005,30.896222,0 75.86695400000001,30.896781,0 75.86599200000001,30.897277,0 75.864886,30.897857,0 75.864047,30.8983,0 
						</coordinates>
					</LinearRing>
				</outerBoundaryIs>
			</Polygon>
		</Placemark>
	</Document>
	<Document>
		<name>Ward No 75.kml</name>
		<StyleMap id="m_ylw-pushpin78">
			<Pair>
				<key>normal</key>
				<styleUrl>#s_ylw-pushpin78</styleUrl>
			</Pair>
			<Pair>
				<key>highlight</key>
				<styleUrl>#s_ylw-pushpin_hl78</styleUrl>
			</Pair>
		</StyleMap>
		<Style id="s_ylw-pushpin78">
			<IconStyle>
				<scale>1.1</scale>
				<Icon>
					<href>http://maps.google.com/mapfiles/kml/pushpin/ylw-pushpin.png</href>
				</Icon>
				<hotSpot x="20" y="2" xunits="pixels" yunits="pixels"/>
			</IconStyle>
			<LineStyle>
				<color>ffffff55</color>
				<width>3</width>
			</LineStyle>
			<PolyStyle>
				<fill>0</fill>
			</PolyStyle>
		</Style>
		<Style id="s_ylw-pushpin_hl78">
			<IconStyle>
				<scale>1.3</scale>
				<Icon>
					<href>http://maps.google.com/mapfiles/kml/pushpin/ylw-pushpin.png</href>
				</Icon>
				<hotSpot x="20" y="2" xunits="pixels" yunits="pixels"/>
			</IconStyle>
			<LineStyle>
				<color>ffffff55</color>
				<width>3</width>
			</LineStyle>
			<PolyStyle>
				<fill>0</fill>
			</PolyStyle>
		</Style>
		<Placemark>
			<name>Ward No 75.kml</name>
			<styleUrl>#m_ylw-pushpin78</styleUrl>
			<Polygon>
				<tessellate>1</tessellate>
				<outerBoundaryIs>
					<LinearRing>
						<coordinates>
							75.866381,30.90138,0 75.866287,30.901518,0 75.866052,30.902053,0 75.865982,30.902034,0 75.865604,30.901899,0 75.86527100000001,30.901794,0 75.864875,30.901666,0 75.864439,30.901531,0 75.86430900000001,30.90185,0 75.864017,30.902489,0 75.864587,30.90268,0 75.865048,30.902837,0 75.86567100000001,30.903021,0 75.865453,30.903474,0 75.86528199999999,30.903831,0 75.865101,30.904218,0 75.864943,30.904529,0 75.86472500000001,30.904981,0 75.864536,30.90539,0 75.864407,30.905622,0 75.864239,30.905858,0 75.86368899999999,30.90585400000001,0 75.86283,30.905859,0 75.861952,30.905843,0 75.86136,30.905821,0 75.860394,30.905757,0 75.859891,30.905741,0 75.85974,30.905727,0 75.859199,30.905677,0 75.858586,30.905618,0 75.85798200000001,30.905578,0 75.85798,30.905489,0 75.857979,30.904977,0 75.858163,30.904822,0 75.85824100000001,30.904677,0 75.858328,30.904563,0 75.85847699999999,30.90436100000001,0 75.858666,30.904136,0 75.85883699999999,30.903889,0 75.858949,30.903689,0 75.85920299999999,30.903279,0 75.85941800000001,30.90290299999999,0 75.85963099999999,30.902571,0 75.859832,30.902246,0 75.85997500000001,30.902015,0 75.86004699999999,30.901903,0 75.86024,30.901614,0 75.860444,30.901292,0 75.860535,30.901028,0 75.860743,30.900999,0 75.861795,30.900938,0 75.861836,30.900698,0 75.86231100000001,30.900684,0 75.86238400000001,30.9005,0 75.86292400000001,30.900198,0 75.864223,30.899544,0 75.864681,30.899327,0 75.864778,30.899484,0 75.865364,30.900384,0 75.865616,30.900777,0 75.865911,30.901036,0 75.866381,30.90138,0 
						</coordinates>
					</LinearRing>
				</outerBoundaryIs>
			</Polygon>
		</Placemark>
	</Document>
	<Document>
		<name>Ward No 76.kml</name>
		<StyleMap id="m_ylw-pushpin79">
			<Pair>
				<key>normal</key>
				<styleUrl>#s_ylw-pushpin79</styleUrl>
			</Pair>
			<Pair>
				<key>highlight</key>
				<styleUrl>#s_ylw-pushpin_hl79</styleUrl>
			</Pair>
		</StyleMap>
		<Style id="s_ylw-pushpin79">
			<IconStyle>
				<scale>1.1</scale>
				<Icon>
					<href>http://maps.google.com/mapfiles/kml/pushpin/ylw-pushpin.png</href>
				</Icon>
				<hotSpot x="20" y="2" xunits="pixels" yunits="pixels"/>
			</IconStyle>
			<LineStyle>
				<color>ffffff55</color>
				<width>3</width>
			</LineStyle>
			<PolyStyle>
				<fill>0</fill>
			</PolyStyle>
		</Style>
		<Style id="s_ylw-pushpin_hl79">
			<IconStyle>
				<scale>1.3</scale>
				<Icon>
					<href>http://maps.google.com/mapfiles/kml/pushpin/ylw-pushpin.png</href>
				</Icon>
				<hotSpot x="20" y="2" xunits="pixels" yunits="pixels"/>
			</IconStyle>
			<LineStyle>
				<color>ffffff55</color>
				<width>3</width>
			</LineStyle>
			<PolyStyle>
				<fill>0</fill>
			</PolyStyle>
		</Style>
		<Placemark>
			<name>Ward No 76.kml</name>
			<styleUrl>#m_ylw-pushpin79</styleUrl>
			<Polygon>
				<tessellate>1</tessellate>
				<outerBoundaryIs>
					<LinearRing>
						<coordinates>
							75.856047,30.907697,0 75.85578700000001,30.907716,0 75.854901,30.907787,0 75.85434100000001,30.907837,0 75.854387,30.907104,0 75.854434,30.906469,0 75.85447499999999,30.905917,0 75.85453099999999,30.905489,0 75.854592,30.904971,0 75.853904,30.904754,0 75.854079,30.904578,0 75.85444099999999,30.904241,0 75.854896,30.903819,0 75.855283,30.9035,0 75.85582599999999,30.903069,0 75.85633,30.902695,0 75.856791,30.902361,0 75.857512,30.901871,0 75.858521,30.901224,0 75.859341,30.900752,0 75.860119,30.900336,0 75.86116,30.899795,0 75.862021,30.899355,0 75.86265299999999,30.899021,0 75.86363799999999,30.898516,0 75.864047,30.8983,0 75.864681,30.899327,0 75.864223,30.899544,0 75.86292400000001,30.900198,0 75.86238400000001,30.9005,0 75.86231100000001,30.900684,0 75.861836,30.900698,0 75.861795,30.900938,0 75.860743,30.900999,0 75.860535,30.901028,0 75.860444,30.901292,0 75.86024,30.901614,0 75.86004699999999,30.901903,0 75.85997500000001,30.902015,0 75.859832,30.902246,0 75.85963099999999,30.902571,0 75.85941800000001,30.90290299999999,0 75.85920299999999,30.903279,0 75.858949,30.903689,0 75.85883699999999,30.903889,0 75.858666,30.904136,0 75.85847699999999,30.90436100000001,0 75.858328,30.904563,0 75.85824100000001,30.904677,0 75.858163,30.904822,0 75.857979,30.904977,0 75.85798,30.905489,0 75.85798200000001,30.905578,0 75.858586,30.905618,0 75.859199,30.905677,0 75.85974,30.905727,0 75.859219,30.905878,0 75.859309,30.906478,0 75.859453,30.907346,0 75.859273,30.90737,0 75.858496,30.907482,0 75.85735699999999,30.907584,0 75.85678900000001,30.907626,0 75.856047,30.907697,0 
						</coordinates>
					</LinearRing>
				</outerBoundaryIs>
			</Polygon>
		</Placemark>
	</Document>
	<Document>
		<name>Ward No 77.kml</name>
		<StyleMap id="m_ylw-pushpin80">
			<Pair>
				<key>normal</key>
				<styleUrl>#s_ylw-pushpin80</styleUrl>
			</Pair>
			<Pair>
				<key>highlight</key>
				<styleUrl>#s_ylw-pushpin_hl80</styleUrl>
			</Pair>
		</StyleMap>
		<Style id="s_ylw-pushpin80">
			<IconStyle>
				<scale>1.1</scale>
				<Icon>
					<href>http://maps.google.com/mapfiles/kml/pushpin/ylw-pushpin.png</href>
				</Icon>
				<hotSpot x="20" y="2" xunits="pixels" yunits="pixels"/>
			</IconStyle>
			<LineStyle>
				<color>ffffff55</color>
				<width>3</width>
			</LineStyle>
			<PolyStyle>
				<fill>0</fill>
			</PolyStyle>
		</Style>
		<Style id="s_ylw-pushpin_hl80">
			<IconStyle>
				<scale>1.3</scale>
				<Icon>
					<href>http://maps.google.com/mapfiles/kml/pushpin/ylw-pushpin.png</href>
				</Icon>
				<hotSpot x="20" y="2" xunits="pixels" yunits="pixels"/>
			</IconStyle>
			<LineStyle>
				<color>ffffff55</color>
				<width>3</width>
			</LineStyle>
			<PolyStyle>
				<fill>0</fill>
			</PolyStyle>
		</Style>
		<Placemark>
			<name>Ward No 77.kml</name>
			<styleUrl>#m_ylw-pushpin80</styleUrl>
			<Polygon>
				<tessellate>1</tessellate>
				<outerBoundaryIs>
					<LinearRing>
						<coordinates>
							75.864062,30.911814,0 75.863899,30.91228,0 75.86373,30.912702,0 75.863573,30.913085,0 75.863483,30.91333,0 75.863315,30.913691,0 75.86310899999999,30.914126,0 75.86293000000001,30.914585,0 75.862723,30.915081,0 75.86257999999999,30.915367,0 75.86243,30.915515,0 75.862407,30.915497,0 75.862235,30.915456,0 75.862072,30.915386,0 75.861884,30.915218,0 75.86152199999999,30.914883,0 75.860964,30.914426,0 75.860569,30.914412,0 75.86017200000001,30.91438,0 75.859415,30.914348,0 75.858819,30.914293,0 75.858149,30.914255,0 75.857411,30.914198,0 75.85690700000001,30.914196,0 75.856472,30.914174,0 75.856093,30.914186,0 75.855763,30.914212,0 75.855375,30.914247,0 75.85518999999999,30.914303,0 75.85477,30.914457,0 75.854027,30.914553,0 75.85402499999999,30.914513,0 75.853993,30.914214,0 75.853888,30.913597,0 75.854105,30.913564,0 75.854542,30.913557,0 75.855092,30.913519,0 75.855012,30.913026,0 75.854941,30.912449,0 75.85487999999999,30.9121,0 75.854833,30.91172,0 75.85473500000001,30.911208,0 75.854771,30.911191,0 75.855559,30.910876,0 75.85608000000001,30.910631,0 75.856724,30.91024,0 75.857468,30.909757,0 75.85759,30.910058,0 75.85764500000001,30.910214,0 75.857692,30.910469,0 75.85807200000001,30.910486,0 75.858424,30.910487,0 75.858932,30.910515,0 75.859359,30.910521,0 75.859649,30.910527,0 75.859906,30.910594,0 75.860191,30.910626,0 75.860646,30.910636,0 75.860671,30.910971,0 75.860698,30.911361,0 75.86075200000001,30.911837,0 75.860766,30.911985,0 75.86138699999999,30.911953,0 75.86192699999999,30.911914,0 75.86326099999999,30.911851,0 75.863983,30.911816,0 75.864062,30.911814,0 
						</coordinates>
					</LinearRing>
				</outerBoundaryIs>
			</Polygon>
		</Placemark>
	</Document>
	<Document>
		<name>Ward No 78.kml</name>
		<StyleMap id="m_ylw-pushpin81">
			<Pair>
				<key>normal</key>
				<styleUrl>#s_ylw-pushpin81</styleUrl>
			</Pair>
			<Pair>
				<key>highlight</key>
				<styleUrl>#s_ylw-pushpin_hl81</styleUrl>
			</Pair>
		</StyleMap>
		<Style id="s_ylw-pushpin81">
			<IconStyle>
				<scale>1.1</scale>
				<Icon>
					<href>http://maps.google.com/mapfiles/kml/pushpin/ylw-pushpin.png</href>
				</Icon>
				<hotSpot x="20" y="2" xunits="pixels" yunits="pixels"/>
			</IconStyle>
			<LineStyle>
				<color>ffffff55</color>
				<width>3</width>
			</LineStyle>
			<PolyStyle>
				<fill>0</fill>
			</PolyStyle>
		</Style>
		<Style id="s_ylw-pushpin_hl81">
			<IconStyle>
				<scale>1.3</scale>
				<Icon>
					<href>http://maps.google.com/mapfiles/kml/pushpin/ylw-pushpin.png</href>
				</Icon>
				<hotSpot x="20" y="2" xunits="pixels" yunits="pixels"/>
			</IconStyle>
			<LineStyle>
				<color>ffffff55</color>
				<width>3</width>
			</LineStyle>
			<PolyStyle>
				<fill>0</fill>
			</PolyStyle>
		</Style>
		<Placemark>
			<name>Ward No 78.kml</name>
			<styleUrl>#m_ylw-pushpin81</styleUrl>
			<Polygon>
				<tessellate>1</tessellate>
				<outerBoundaryIs>
					<LinearRing>
						<coordinates>
							75.864062,30.911814,0 75.863983,30.911816,0 75.86326099999999,30.911851,0 75.86192699999999,30.911914,0 75.86138699999999,30.911953,0 75.860766,30.911985,0 75.86075200000001,30.911837,0 75.860698,30.911361,0 75.860671,30.910971,0 75.860646,30.910636,0 75.860191,30.910626,0 75.859906,30.910594,0 75.859649,30.910527,0 75.859359,30.910521,0 75.858932,30.910515,0 75.858424,30.910487,0 75.85807200000001,30.910486,0 75.857692,30.910469,0 75.85764500000001,30.910214,0 75.85759,30.910058,0 75.857468,30.909757,0 75.857299,30.909477,0 75.856875,30.908859,0 75.856522,30.9084,0 75.856163,30.907922,0 75.856047,30.907697,0 75.85678900000001,30.907626,0 75.85735699999999,30.907584,0 75.858496,30.907482,0 75.859273,30.90737,0 75.859453,30.907346,0 75.859309,30.906478,0 75.859219,30.905878,0 75.85974,30.905727,0 75.859891,30.905741,0 75.860394,30.905757,0 75.86136,30.905821,0 75.861952,30.905843,0 75.86283,30.905859,0 75.86368899999999,30.90585400000001,0 75.864239,30.905858,0 75.864341,30.905858,0 75.86479799999999,30.905808,0 75.865195,30.905752,0 75.865661,30.905681,0 75.86603700000001,30.905767,0 75.86652599999999,30.905958,0 75.86690299999999,30.906092,0 75.867148,30.906175,0 75.867622,30.906304,0 75.867897,30.90638,0 75.868076,30.90647299999999,0 75.868182,30.906704,0 75.868295,30.906949,0 75.868421,30.907224,0 75.868593,30.907592,0 75.868775,30.907982,0 75.869024,30.908525,0 75.86920000000001,30.908908,0 75.86917,30.90908200000001,0 75.869139,30.909226,0 75.86915999999999,30.909379,0 75.8693,30.909547,0 75.86959299999999,30.909903,0 75.870006,30.910394,0 75.869412,30.910749,0 75.86875999999999,30.91121,0 75.86847299999999,30.911396,0 75.868229,30.911505,0 75.867983,30.91157,0 75.86762,30.911615,0 75.866946,30.911678,0 75.86614299999999,30.911773,0 75.86567700000001,30.911792,0 75.865121,30.911804,0 75.865115,30.911804,0 75.864294,30.911809,0 75.864062,30.911814,0 
						</coordinates>
					</LinearRing>
				</outerBoundaryIs>
			</Polygon>
		</Placemark>
	</Document>
	<Document>
		<name>Ward No 79.kml</name>
		<StyleMap id="m_ylw-pushpin82">
			<Pair>
				<key>normal</key>
				<styleUrl>#s_ylw-pushpin82</styleUrl>
			</Pair>
			<Pair>
				<key>highlight</key>
				<styleUrl>#s_ylw-pushpin_hl82</styleUrl>
			</Pair>
		</StyleMap>
		<Style id="s_ylw-pushpin82">
			<IconStyle>
				<scale>1.1</scale>
				<Icon>
					<href>http://maps.google.com/mapfiles/kml/pushpin/ylw-pushpin.png</href>
				</Icon>
				<hotSpot x="20" y="2" xunits="pixels" yunits="pixels"/>
			</IconStyle>
			<LineStyle>
				<color>ffffff55</color>
				<width>3</width>
			</LineStyle>
			<PolyStyle>
				<fill>0</fill>
			</PolyStyle>
		</Style>
		<Style id="s_ylw-pushpin_hl82">
			<IconStyle>
				<scale>1.3</scale>
				<Icon>
					<href>http://maps.google.com/mapfiles/kml/pushpin/ylw-pushpin.png</href>
				</Icon>
				<hotSpot x="20" y="2" xunits="pixels" yunits="pixels"/>
			</IconStyle>
			<LineStyle>
				<color>ffffff55</color>
				<width>3</width>
			</LineStyle>
			<PolyStyle>
				<fill>0</fill>
			</PolyStyle>
		</Style>
		<Placemark>
			<name>Ward No 79.kml</name>
			<styleUrl>#m_ylw-pushpin82</styleUrl>
			<Polygon>
				<tessellate>1</tessellate>
				<outerBoundaryIs>
					<LinearRing>
						<coordinates>
							75.870868,30.913167,0 75.87049500000001,30.913227,0 75.86988700000001,30.913321,0 75.869221,30.913418,0 75.869006,30.91346,0 75.86834500000001,30.913606,0 75.86806300000001,30.91368,0 75.867912,30.91372,0 75.867631,30.913813,0 75.867355,30.913896,0 75.866913,30.914061,0 75.86662099999999,30.914207,0 75.86631800000001,30.914342,0 75.866068,30.913811,0 75.86578,30.913245,0 75.865523,30.912697,0 75.865323,30.912281,0 75.865115,30.911804,0 75.865121,30.911804,0 75.86567700000001,30.911792,0 75.86614299999999,30.911773,0 75.866946,30.911678,0 75.86762,30.911615,0 75.867983,30.91157,0 75.868229,30.911505,0 75.86847299999999,30.911396,0 75.86875999999999,30.91121,0 75.869412,30.910749,0 75.870006,30.910394,0 75.870645,30.909918,0 75.871781,30.909182,0 75.87284699999999,30.908512,0 75.873695,30.907939,0 75.87317400000001,30.90733,0 75.87274600000001,30.906939,0 75.872114,30.906341,0 75.871647,30.905873,0 75.871244,30.905449,0 75.871094,30.905556,0 75.87092199999999,30.905366,0 75.870597,30.905056,0 75.871318,30.904521,0 75.871888,30.904124,0 75.87233999999999,30.903837,0 75.872856,30.90353,0 75.873234,30.903323,0 75.873276,30.903299,0 75.874039,30.902857,0 75.874139,30.90283,0 75.874533,30.902806,0 75.874658,30.902841,0 75.87504800000001,30.902813,0 75.875417,30.902779,0 75.875795,30.903588,0 75.876127,30.904237,0 75.87664700000001,30.905244,0 75.876687,30.905325,0 75.876361,30.90604,0 75.87606100000001,30.906674,0 75.87578000000001,30.907282,0 75.875489,30.907956,0 75.875258,30.908453,0 75.874968,30.909021,0 75.874734,30.909501,0 75.874576,30.909843,0 75.87447,30.91008,0 75.87421999999999,30.910336,0 75.87361900000001,30.910854,0 75.873137,30.911265,0 75.87265600000001,30.911703,0 75.872417,30.91192,0 75.872174,30.912128,0 75.87192899999999,30.912337,0 75.87177200000001,30.912453,0 75.87155199999999,30.912589,0 75.87137300000001,30.912636,0 75.87119300000001,30.91268,0 75.87108000000001,30.912715,0 75.870868,30.913167,0 
						</coordinates>
					</LinearRing>
				</outerBoundaryIs>
			</Polygon>
		</Placemark>
	</Document>
	<Document>
		<name>Ward No 80.kml</name>
		<StyleMap id="m_ylw-pushpin83">
			<Pair>
				<key>normal</key>
				<styleUrl>#s_ylw-pushpin83</styleUrl>
			</Pair>
			<Pair>
				<key>highlight</key>
				<styleUrl>#s_ylw-pushpin_hl83</styleUrl>
			</Pair>
		</StyleMap>
		<Style id="s_ylw-pushpin83">
			<IconStyle>
				<scale>1.1</scale>
				<Icon>
					<href>http://maps.google.com/mapfiles/kml/pushpin/ylw-pushpin.png</href>
				</Icon>
				<hotSpot x="20" y="2" xunits="pixels" yunits="pixels"/>
			</IconStyle>
			<LineStyle>
				<color>ffffff55</color>
				<width>3</width>
			</LineStyle>
			<PolyStyle>
				<fill>0</fill>
			</PolyStyle>
		</Style>
		<Style id="s_ylw-pushpin_hl83">
			<IconStyle>
				<scale>1.3</scale>
				<Icon>
					<href>http://maps.google.com/mapfiles/kml/pushpin/ylw-pushpin.png</href>
				</Icon>
				<hotSpot x="20" y="2" xunits="pixels" yunits="pixels"/>
			</IconStyle>
			<LineStyle>
				<color>ffffff55</color>
				<width>3</width>
			</LineStyle>
			<PolyStyle>
				<fill>0</fill>
			</PolyStyle>
		</Style>
		<Placemark>
			<name>Ward No 80.kml</name>
			<styleUrl>#m_ylw-pushpin83</styleUrl>
			<Polygon>
				<tessellate>1</tessellate>
				<outerBoundaryIs>
					<LinearRing>
						<coordinates>
							75.873276,30.903299,0 75.873234,30.903323,0 75.872856,30.90353,0 75.87233999999999,30.903837,0 75.871888,30.904124,0 75.871318,30.904521,0 75.870597,30.905056,0 75.87092199999999,30.905366,0 75.871094,30.905556,0 75.871244,30.905449,0 75.871647,30.905873,0 75.872114,30.906341,0 75.87274600000001,30.906939,0 75.87317400000001,30.90733,0 75.873695,30.907939,0 75.87284699999999,30.908512,0 75.871781,30.909182,0 75.870645,30.909918,0 75.870006,30.910394,0 75.86959299999999,30.909903,0 75.8693,30.909547,0 75.86915999999999,30.909379,0 75.869139,30.909226,0 75.86917,30.90908200000001,0 75.86920000000001,30.908908,0 75.869024,30.908525,0 75.868775,30.907982,0 75.868593,30.907592,0 75.868421,30.907224,0 75.868295,30.906949,0 75.868182,30.906704,0 75.868076,30.90647299999999,0 75.867897,30.90638,0 75.867622,30.906304,0 75.867148,30.906175,0 75.86690299999999,30.906092,0 75.86652599999999,30.905958,0 75.86603700000001,30.905767,0 75.865661,30.905681,0 75.865195,30.905752,0 75.86479799999999,30.905808,0 75.864341,30.905858,0 75.864239,30.905858,0 75.864407,30.905622,0 75.864536,30.90539,0 75.86472500000001,30.904981,0 75.864943,30.904529,0 75.865101,30.904218,0 75.86528199999999,30.903831,0 75.865453,30.903474,0 75.86567100000001,30.903021,0 75.865048,30.902837,0 75.864587,30.90268,0 75.864017,30.902489,0 75.86430900000001,30.90185,0 75.864439,30.901531,0 75.864875,30.901666,0 75.86527100000001,30.901794,0 75.865604,30.901899,0 75.865982,30.902034,0 75.866052,30.902053,0 75.866287,30.901518,0 75.866381,30.90138,0 75.866398,30.901393,0 75.866848,30.9017,0 75.867329,30.902002,0 75.867756,30.902271,0 75.86802900000001,30.902409,0 75.86828,30.902133,0 75.868493,30.901906,0 75.868816,30.901649,0 75.869355,30.901227,0 75.869843,30.900952,0 75.870456,30.90074,0 75.871166,30.900595,0 75.871297,30.900576,0 75.871685,30.901157,0 75.87211499999999,30.90172,0 75.87249300000001,30.902229,0 75.87280699999999,30.902713,0 75.87302,30.90298,0 75.873276,30.903299,0 
						</coordinates>
					</LinearRing>
				</outerBoundaryIs>
			</Polygon>
		</Placemark>
	</Document>
	<Document>
		<name>Ward No 81.kml</name>
		<StyleMap id="m_ylw-pushpin84">
			<Pair>
				<key>normal</key>
				<styleUrl>#s_ylw-pushpin84</styleUrl>
			</Pair>
			<Pair>
				<key>highlight</key>
				<styleUrl>#s_ylw-pushpin_hl84</styleUrl>
			</Pair>
		</StyleMap>
		<Style id="s_ylw-pushpin84">
			<IconStyle>
				<scale>1.1</scale>
				<Icon>
					<href>http://maps.google.com/mapfiles/kml/pushpin/ylw-pushpin.png</href>
				</Icon>
				<hotSpot x="20" y="2" xunits="pixels" yunits="pixels"/>
			</IconStyle>
			<LineStyle>
				<color>ffffff55</color>
				<width>3</width>
			</LineStyle>
			<PolyStyle>
				<fill>0</fill>
			</PolyStyle>
		</Style>
		<Style id="s_ylw-pushpin_hl84">
			<IconStyle>
				<scale>1.3</scale>
				<Icon>
					<href>http://maps.google.com/mapfiles/kml/pushpin/ylw-pushpin.png</href>
				</Icon>
				<hotSpot x="20" y="2" xunits="pixels" yunits="pixels"/>
			</IconStyle>
			<LineStyle>
				<color>ffffff55</color>
				<width>3</width>
			</LineStyle>
			<PolyStyle>
				<fill>0</fill>
			</PolyStyle>
		</Style>
		<Placemark>
			<name>Ward No 81</name>
			<styleUrl>#m_ylw-pushpin84</styleUrl>
			<Polygon>
				<tessellate>1</tessellate>
				<outerBoundaryIs>
					<LinearRing>
						<coordinates>
							75.87685,30.917144,0 75.875855,30.916917,0 75.875173,30.916891,0 75.874257,30.916883,0 75.87361900000001,30.916862,0 75.87327000000001,30.916838,0 75.872641,30.916876,0 75.872316,30.916932,0 75.871696,30.917009,0 75.870909,30.917122,0 75.87029800000001,30.917216,0 75.87018,30.917235,0 75.869933,30.916497,0 75.86986,30.916516,0 75.869664,30.91657,0 75.86979599999999,30.916089,0 75.869895,30.91564,0 75.86995,30.915349,0 75.870127,30.914972,0 75.870311,30.914604,0 75.870586,30.914088,0 75.870842,30.913604,0 75.871087,30.913132,0 75.870868,30.913167,0 75.87108000000001,30.912715,0 75.87119300000001,30.91268,0 75.87137300000001,30.912636,0 75.87155199999999,30.912589,0 75.87177200000001,30.912453,0 75.87192899999999,30.912337,0 75.872174,30.912128,0 75.872417,30.91192,0 75.87265600000001,30.911703,0 75.873137,30.911265,0 75.87361900000001,30.910854,0 75.87421999999999,30.910336,0 75.87447,30.91008,0 75.874576,30.909843,0 75.874734,30.909501,0 75.874968,30.909021,0 75.875258,30.908453,0 75.875489,30.907956,0 75.87578000000001,30.907282,0 75.87606100000001,30.906674,0 75.876361,30.90604,0 75.876687,30.905325,0 75.876987,30.90593,0 75.87732099999999,30.90659,0 75.87759,30.907148,0 75.87782799999999,30.907664,0 75.878334,30.908646,0 75.878598,30.909233,0 75.87902200000001,30.910078,0 75.879406,30.91086,0 75.879116,30.911582,0 75.878871,30.91218,0 75.878692,30.912618,0 75.878518,30.913054,0 75.878384,30.913393,0 75.87822199999999,30.913777,0 75.87806399999999,30.914188,0 75.877825,30.914797,0 75.877527,30.915519,0 75.877246,30.916192,0 75.87714699999999,30.916424,0 75.87703,30.9167,0 75.87685,30.917144,0 
						</coordinates>
					</LinearRing>
				</outerBoundaryIs>
			</Polygon>
		</Placemark>
	</Document>
	<Document>
		<name>Ward No 82.kml</name>
		<StyleMap id="m_ylw-pushpin85">
			<Pair>
				<key>normal</key>
				<styleUrl>#s_ylw-pushpin85</styleUrl>
			</Pair>
			<Pair>
				<key>highlight</key>
				<styleUrl>#s_ylw-pushpin_hl85</styleUrl>
			</Pair>
		</StyleMap>
		<Style id="s_ylw-pushpin85">
			<IconStyle>
				<scale>1.1</scale>
				<Icon>
					<href>http://maps.google.com/mapfiles/kml/pushpin/ylw-pushpin.png</href>
				</Icon>
				<hotSpot x="20" y="2" xunits="pixels" yunits="pixels"/>
			</IconStyle>
			<LineStyle>
				<color>ffffff55</color>
				<width>3</width>
			</LineStyle>
			<PolyStyle>
				<fill>0</fill>
			</PolyStyle>
		</Style>
		<Style id="s_ylw-pushpin_hl85">
			<IconStyle>
				<scale>1.3</scale>
				<Icon>
					<href>http://maps.google.com/mapfiles/kml/pushpin/ylw-pushpin.png</href>
				</Icon>
				<hotSpot x="20" y="2" xunits="pixels" yunits="pixels"/>
			</IconStyle>
			<LineStyle>
				<color>ffffff55</color>
				<width>3</width>
			</LineStyle>
			<PolyStyle>
				<fill>0</fill>
			</PolyStyle>
		</Style>
		<Placemark>
			<name>Ward No 82</name>
			<styleUrl>#m_ylw-pushpin85</styleUrl>
			<Polygon>
				<tessellate>1</tessellate>
				<outerBoundaryIs>
					<LinearRing>
						<coordinates>
							75.869664,30.91657,0 75.869581,30.916593,0 75.869462,30.916638,0 75.869052,30.916777,0 75.868376,30.917054,0 75.86749399999999,30.917397,0 75.867225,30.917507,0 75.866698,30.917759,0 75.86658,30.917771,0 75.866254,30.917761,0 75.865948,30.917764,0 75.86573,30.91775,0 75.865512,30.917718,0 75.86517499999999,30.917586,0 75.864873,30.917446,0 75.86459499999999,30.9173,0 75.86421900000001,30.917107,0 75.86391999999999,30.916943,0 75.863716,30.916803,0 75.863418,30.916582,0 75.86294599999999,30.916156,0 75.862718,30.91595,0 75.86246300000001,30.916365,0 75.86223099999999,30.916707,0 75.861941,30.917132,0 75.86172500000001,30.917419,0 75.8614,30.917901,0 75.861144,30.918268,0 75.861056,30.91841,0 75.86098200000001,30.918587,0 75.86085300000001,30.918876,0 75.860665,30.918953,0 75.86046399999999,30.919037,0 75.86035699999999,30.919071,0 75.86031199999999,30.919339,0 75.860167,30.919304,0 75.859863,30.91928,0 75.859455,30.919268,0 75.859238,30.91921200000001,0 75.85902900000001,30.91912,0 75.858879,30.919052,0 75.858779,30.919016,0 75.858514,30.918923,0 75.858223,30.918816,0 75.85796499999999,30.918754,0 75.857618,30.918641,0 75.857226,30.918542,0 75.857381,30.918024,0 75.85753699999999,30.917541,0 75.85762200000001,30.917207,0 75.85844899999999,30.91696200000001,0 75.859301,30.916694,0 75.860057,30.916472,0 75.860557,30.91632,0 75.861289,30.91610500000001,0 75.862021,30.915864,0 75.862178,30.915842,0 75.86275500000001,30.915819,0 75.862551,30.915609,0 75.86243,30.915515,0 75.86257999999999,30.915367,0 75.862723,30.915081,0 75.86293000000001,30.914585,0 75.86310899999999,30.914126,0 75.863315,30.913691,0 75.863483,30.91333,0 75.863573,30.913085,0 75.86373,30.912702,0 75.863899,30.91228,0 75.864062,30.911814,0 75.864294,30.911809,0 75.865115,30.911804,0 75.865323,30.912281,0 75.865523,30.912697,0 75.86578,30.913245,0 75.866068,30.913811,0 75.86631800000001,30.914342,0 75.86662099999999,30.914207,0 75.866913,30.914061,0 75.867355,30.913896,0 75.867631,30.913813,0 75.867912,30.91372,0 75.86806300000001,30.91368,0 75.86834500000001,30.913606,0 75.869006,30.91346,0 75.869221,30.913418,0 75.86988700000001,30.913321,0 75.87049500000001,30.913227,0 75.870868,30.913167,0 75.871087,30.913132,0 75.870842,30.913604,0 75.870586,30.914088,0 75.870311,30.914604,0 75.870127,30.914972,0 75.86995,30.915349,0 75.869895,30.91564,0 75.86979599999999,30.916089,0 75.869664,30.91657,0 
						</coordinates>
					</LinearRing>
				</outerBoundaryIs>
			</Polygon>
		</Placemark>
	</Document>
	<Document>
		<name>Ward No 83.kml</name>
		<StyleMap id="m_ylw-pushpin86">
			<Pair>
				<key>normal</key>
				<styleUrl>#s_ylw-pushpin86</styleUrl>
			</Pair>
			<Pair>
				<key>highlight</key>
				<styleUrl>#s_ylw-pushpin_hl86</styleUrl>
			</Pair>
		</StyleMap>
		<Style id="s_ylw-pushpin86">
			<IconStyle>
				<scale>1.1</scale>
				<Icon>
					<href>http://maps.google.com/mapfiles/kml/pushpin/ylw-pushpin.png</href>
				</Icon>
				<hotSpot x="20" y="2" xunits="pixels" yunits="pixels"/>
			</IconStyle>
			<LineStyle>
				<color>ffffff55</color>
				<width>3</width>
			</LineStyle>
			<PolyStyle>
				<fill>0</fill>
			</PolyStyle>
		</Style>
		<Style id="s_ylw-pushpin_hl86">
			<IconStyle>
				<scale>1.3</scale>
				<Icon>
					<href>http://maps.google.com/mapfiles/kml/pushpin/ylw-pushpin.png</href>
				</Icon>
				<hotSpot x="20" y="2" xunits="pixels" yunits="pixels"/>
			</IconStyle>
			<LineStyle>
				<color>ffffff55</color>
				<width>3</width>
			</LineStyle>
			<PolyStyle>
				<fill>0</fill>
			</PolyStyle>
		</Style>
		<Placemark>
			<name>Ward No 83</name>
			<styleUrl>#m_ylw-pushpin86</styleUrl>
			<Polygon>
				<tessellate>1</tessellate>
				<outerBoundaryIs>
					<LinearRing>
						<coordinates>
							75.860061,30.924726,0 75.85990099999999,30.924852,0 75.85964,30.925096,0 75.859487,30.925296,0 75.859397,30.925455,0 75.858733,30.925162,0 75.85830199999999,30.924956,0 75.857906,30.924815,0 75.857484,30.924647,0 75.85744200000001,30.924616,0 75.85727,30.924415,0 75.857135,30.924179,0 75.856921,30.923773,0 75.85683299999999,30.923598,0 75.856717,30.923465,0 75.856645,30.923414,0 75.856522,30.923349,0 75.856352,30.923185,0 75.856246,30.923084,0 75.85617999999999,30.922995,0 75.856132,30.92289,0 75.85607400000001,30.922809,0 75.856013,30.922793,0 75.855904,30.922788,0 75.855817,30.922757,0 75.855749,30.922647,0 75.855698,30.922383,0 75.855566,30.92213,0 75.855408,30.921977,0 75.855407,30.921976,0 75.855755,30.921867,0 75.856038,30.921749,0 75.85645100000001,30.92159,0 75.856848,30.921408,0 75.857276,30.921189,0 75.85740699999999,30.921112,0 75.857438,30.921043,0 75.857433,30.920974,0 75.857426,30.920779,0 75.857381,30.920646,0 75.85735099999999,30.920564,0 75.857274,30.920466,0 75.857116,30.920342,0 75.85692899999999,30.920234,0 75.857007,30.920065,0 75.857007,30.919988,0 75.85696299999999,30.91986,0 75.856934,30.919638,0 75.85695200000001,30.919444,0 75.857001,30.919227,0 75.8571,30.918939,0 75.857223,30.91855199999999,0 75.857226,30.918542,0 75.857618,30.918641,0 75.85796499999999,30.918754,0 75.858223,30.918816,0 75.858514,30.918923,0 75.858779,30.919016,0 75.858879,30.919052,0 75.85902900000001,30.91912,0 75.859238,30.91921200000001,0 75.859455,30.919268,0 75.859863,30.91928,0 75.860167,30.919304,0 75.86031199999999,30.919339,0 75.86035699999999,30.919071,0 75.86046399999999,30.919037,0 75.860665,30.918953,0 75.86085300000001,30.918876,0 75.86098200000001,30.918587,0 75.861056,30.91841,0 75.861144,30.918268,0 75.8614,30.917901,0 75.86172500000001,30.917419,0 75.861941,30.917132,0 75.86223099999999,30.916707,0 75.86246300000001,30.916365,0 75.862718,30.91595,0 75.86294599999999,30.916156,0 75.863418,30.916582,0 75.863716,30.916803,0 75.86391999999999,30.916943,0 75.86421900000001,30.917107,0 75.86459499999999,30.9173,0 75.864873,30.917446,0 75.86517499999999,30.917586,0 75.865512,30.917718,0 75.86573,30.91775,0 75.865948,30.917764,0 75.866254,30.917761,0 75.86658,30.917771,0 75.866698,30.917759,0 75.867225,30.917507,0 75.86749399999999,30.917397,0 75.868376,30.917054,0 75.869052,30.916777,0 75.869462,30.916638,0 75.869581,30.916593,0 75.869664,30.91657,0 75.86986,30.916516,0 75.869933,30.916497,0 75.87018,30.917235,0 75.869451,30.917357,0 75.86909,30.917534,0 75.86892899999999,30.917649,0 75.868528,30.918092,0 75.868272,30.91826,0 75.867969,30.918442,0 75.867627,30.918634,0 75.867029,30.918891,0 75.866704,30.919069,0 75.86621599999999,30.919465,0 75.86575000000001,30.919879,0 75.86519,30.920381,0 75.86479,30.920735,0 75.86414499999999,30.921347,0 75.86353200000001,30.921921,0 75.863529,30.921923,0 75.863026,30.92231,0 75.862398,30.922816,0 75.86183,30.923309,0 75.861574,30.92355,0 75.860885,30.924117,0 75.860129,30.924672,0 75.860061,30.924726,0 
						</coordinates>
					</LinearRing>
				</outerBoundaryIs>
			</Polygon>
		</Placemark>
	</Document>
	<Document>
		<name>Ward No 84.kml</name>
		<StyleMap id="m_ylw-pushpin87">
			<Pair>
				<key>normal</key>
				<styleUrl>#s_ylw-pushpin87</styleUrl>
			</Pair>
			<Pair>
				<key>highlight</key>
				<styleUrl>#s_ylw-pushpin_hl87</styleUrl>
			</Pair>
		</StyleMap>
		<Style id="s_ylw-pushpin87">
			<IconStyle>
				<scale>1.1</scale>
				<Icon>
					<href>http://maps.google.com/mapfiles/kml/pushpin/ylw-pushpin.png</href>
				</Icon>
				<hotSpot x="20" y="2" xunits="pixels" yunits="pixels"/>
			</IconStyle>
			<LineStyle>
				<color>ffffff55</color>
				<width>3</width>
			</LineStyle>
			<PolyStyle>
				<fill>0</fill>
			</PolyStyle>
		</Style>
		<Style id="s_ylw-pushpin_hl87">
			<IconStyle>
				<scale>1.3</scale>
				<Icon>
					<href>http://maps.google.com/mapfiles/kml/pushpin/ylw-pushpin.png</href>
				</Icon>
				<hotSpot x="20" y="2" xunits="pixels" yunits="pixels"/>
			</IconStyle>
			<LineStyle>
				<color>ffffff55</color>
				<width>3</width>
			</LineStyle>
			<PolyStyle>
				<fill>0</fill>
			</PolyStyle>
		</Style>
		<Placemark>
			<name>Ward No 84</name>
			<styleUrl>#m_ylw-pushpin87</styleUrl>
			<Polygon>
				<tessellate>1</tessellate>
				<outerBoundaryIs>
					<LinearRing>
						<coordinates>
							75.857226,30.918542,0 75.857223,30.91855199999999,0 75.8571,30.918939,0 75.857001,30.919227,0 75.85695200000001,30.919444,0 75.856934,30.919638,0 75.85696299999999,30.91986,0 75.857007,30.919988,0 75.857007,30.920065,0 75.85692899999999,30.920234,0 75.857116,30.920342,0 75.857274,30.920466,0 75.85735099999999,30.920564,0 75.857381,30.920646,0 75.857426,30.920779,0 75.857433,30.920974,0 75.857438,30.921043,0 75.85740699999999,30.921112,0 75.857276,30.921189,0 75.856848,30.921408,0 75.85645100000001,30.92159,0 75.856038,30.921749,0 75.855755,30.921867,0 75.855407,30.921976,0 75.855313,30.921883,0 75.855011,30.921583,0 75.854727,30.921377,0 75.854557,30.921329,0 75.854029,30.921131,0 75.853734,30.921011,0 75.853415,30.920915,0 75.85315,30.920849,0 75.85254999999999,30.92072,0 75.852327,30.92068099999999,0 75.85199900000001,30.920683,0 75.85157700000001,30.920721,0 75.85123,30.920478,0 75.85104800000001,30.920352,0 75.850818,30.920128,0 75.850793,30.919831,0 75.850786,30.919738,0 75.850841,30.919301,0 75.85092899999999,30.91895,0 75.851056,30.918646,0 75.85139599999999,30.917979,0 75.851619,30.917417,0 75.852402,30.917458,0 75.853444,30.917482,0 75.854336,30.91751,0 75.854984,30.917538,0 75.855828,30.917553,0 75.85653600000001,30.917589,0 75.856582,30.917144,0 75.856655,30.916546,0 75.85687,30.916554,0 75.856942,30.916215,0 75.85700199999999,30.916068,0 75.857122,30.91543,0 75.85718199999999,30.915115,0 75.857308,30.914638,0 75.857411,30.914198,0 75.858149,30.914255,0 75.858819,30.914293,0 75.859415,30.914348,0 75.86017200000001,30.91438,0 75.860569,30.914412,0 75.860964,30.914426,0 75.86152199999999,30.914883,0 75.861884,30.915218,0 75.862072,30.915386,0 75.862235,30.915456,0 75.862407,30.915497,0 75.86243,30.915515,0 75.862551,30.915609,0 75.86275500000001,30.915819,0 75.862178,30.915842,0 75.862021,30.915864,0 75.861289,30.91610500000001,0 75.860557,30.91632,0 75.860057,30.916472,0 75.859301,30.916694,0 75.85844899999999,30.91696200000001,0 75.85762200000001,30.917207,0 75.85753699999999,30.917541,0 75.857381,30.918024,0 75.857226,30.918542,0 
						</coordinates>
					</LinearRing>
				</outerBoundaryIs>
			</Polygon>
		</Placemark>
	</Document>
	<Document>
		<name>Ward No 85.kml</name>
		<StyleMap id="m_ylw-pushpin88">
			<Pair>
				<key>normal</key>
				<styleUrl>#s_ylw-pushpin88</styleUrl>
			</Pair>
			<Pair>
				<key>highlight</key>
				<styleUrl>#s_ylw-pushpin_hl88</styleUrl>
			</Pair>
		</StyleMap>
		<Style id="s_ylw-pushpin88">
			<IconStyle>
				<scale>1.1</scale>
				<Icon>
					<href>http://maps.google.com/mapfiles/kml/pushpin/ylw-pushpin.png</href>
				</Icon>
				<hotSpot x="20" y="2" xunits="pixels" yunits="pixels"/>
			</IconStyle>
			<LineStyle>
				<color>ffffff55</color>
				<width>3</width>
			</LineStyle>
			<PolyStyle>
				<fill>0</fill>
			</PolyStyle>
		</Style>
		<Style id="s_ylw-pushpin_hl88">
			<IconStyle>
				<scale>1.3</scale>
				<Icon>
					<href>http://maps.google.com/mapfiles/kml/pushpin/ylw-pushpin.png</href>
				</Icon>
				<hotSpot x="20" y="2" xunits="pixels" yunits="pixels"/>
			</IconStyle>
			<LineStyle>
				<color>ffffff55</color>
				<width>3</width>
			</LineStyle>
			<PolyStyle>
				<fill>0</fill>
			</PolyStyle>
		</Style>
		<Placemark>
			<name>Ward No 85</name>
			<styleUrl>#m_ylw-pushpin88</styleUrl>
			<Polygon>
				<tessellate>1</tessellate>
				<outerBoundaryIs>
					<LinearRing>
						<coordinates>
							75.859397,30.925455,0 75.859241,30.925731,0 75.859021,30.926072,0 75.858807,30.926381,0 75.858532,30.926807,0 75.858181,30.927383,0 75.857916,30.927827,0 75.857589,30.928379,0 75.857314,30.92887,0 75.85707600000001,30.929213,0 75.85691199999999,30.929417,0 75.856722,30.929613,0 75.85623,30.929977,0 75.856176,30.929992,0 75.856126,30.929836,0 75.855993,30.929431,0 75.855968,30.929232,0 75.85597,30.928896,0 75.855904,30.928189,0 75.85590000000001,30.927889,0 75.85583800000001,30.927476,0 75.855772,30.927005,0 75.855716,30.9264,0 75.85564100000001,30.926249,0 75.855515,30.926086,0 75.855287,30.925772,0 75.85504,30.925472,0 75.854484,30.925659,0 75.854556,30.925893,0 75.85428,30.92596,0 75.85432,30.926083,0 75.85409900000001,30.926141,0 75.85382,30.926209,0 75.85337199999999,30.926311,0 75.853329,30.92618,0 75.85319800000001,30.925912,0 75.852771,30.926052,0 75.85273599999999,30.92593,0 75.85225199999999,30.92602,0 75.85208900000001,30.926036,0 75.85189699999999,30.926048,0 75.851733,30.92605500000001,0 75.851713,30.926013,0 75.85134499999999,30.926085,0 75.851208,30.926086,0 75.851,30.926084,0 75.8505,30.925896,0 75.849958,30.925703,0 75.849968,30.925608,0 75.850168,30.924604,0 75.849689,30.924474,0 75.849244,30.924345,0 75.848619,30.924156,0 75.848263,30.924053,0 75.84795,30.923962,0 75.847336,30.923784,0 75.84733900000001,30.923781,0 75.847587,30.923471,0 75.84788500000001,30.923082,0 75.848078,30.922841,0 75.848229,30.9226,0 75.848327,30.9224,0 75.848495,30.922022,0 75.84866,30.921634,0 75.848792,30.921314,0 75.84894199999999,30.920977,0 75.849125,30.920541,0 75.849159,30.9204,0 75.849161,30.920274,0 75.849127,30.92011,0 75.84908299999999,30.919953,0 75.849564,30.919911,0 75.850042,30.919878,0 75.850368,30.919859,0 75.850793,30.919831,0 75.850818,30.920128,0 75.85104800000001,30.920352,0 75.85123,30.920478,0 75.85157700000001,30.920721,0 75.85199900000001,30.920683,0 75.852327,30.92068099999999,0 75.85254999999999,30.92072,0 75.85315,30.920849,0 75.853415,30.920915,0 75.853734,30.921011,0 75.854029,30.921131,0 75.854557,30.921329,0 75.854727,30.921377,0 75.855011,30.921583,0 75.855313,30.921883,0 75.855407,30.921976,0 75.855408,30.921977,0 75.855566,30.92213,0 75.855698,30.922383,0 75.855749,30.922647,0 75.855817,30.922757,0 75.855904,30.922788,0 75.856013,30.922793,0 75.85607400000001,30.922809,0 75.856132,30.92289,0 75.85617999999999,30.922995,0 75.856246,30.923084,0 75.856352,30.923185,0 75.856522,30.923349,0 75.856645,30.923414,0 75.856717,30.923465,0 75.85683299999999,30.923598,0 75.856921,30.923773,0 75.857135,30.924179,0 75.85727,30.924415,0 75.85744200000001,30.924616,0 75.857484,30.924647,0 75.857906,30.924815,0 75.85830199999999,30.924956,0 75.858733,30.925162,0 75.859397,30.925455,0 
						</coordinates>
					</LinearRing>
				</outerBoundaryIs>
			</Polygon>
		</Placemark>
	</Document>
	<Document>
		<name>Ward No 86.kml</name>
		<StyleMap id="m_ylw-pushpin89">
			<Pair>
				<key>normal</key>
				<styleUrl>#s_ylw-pushpin89</styleUrl>
			</Pair>
			<Pair>
				<key>highlight</key>
				<styleUrl>#s_ylw-pushpin_hl89</styleUrl>
			</Pair>
		</StyleMap>
		<Style id="s_ylw-pushpin89">
			<IconStyle>
				<scale>1.1</scale>
				<Icon>
					<href>http://maps.google.com/mapfiles/kml/pushpin/ylw-pushpin.png</href>
				</Icon>
				<hotSpot x="20" y="2" xunits="pixels" yunits="pixels"/>
			</IconStyle>
			<LineStyle>
				<color>ffffff55</color>
				<width>3</width>
			</LineStyle>
			<PolyStyle>
				<fill>0</fill>
			</PolyStyle>
		</Style>
		<Style id="s_ylw-pushpin_hl89">
			<IconStyle>
				<scale>1.3</scale>
				<Icon>
					<href>http://maps.google.com/mapfiles/kml/pushpin/ylw-pushpin.png</href>
				</Icon>
				<hotSpot x="20" y="2" xunits="pixels" yunits="pixels"/>
			</IconStyle>
			<LineStyle>
				<color>ffffff55</color>
				<width>3</width>
			</LineStyle>
			<PolyStyle>
				<fill>0</fill>
			</PolyStyle>
		</Style>
		<Placemark>
			<name>Ward No 86</name>
			<styleUrl>#m_ylw-pushpin89</styleUrl>
			<Polygon>
				<tessellate>1</tessellate>
				<outerBoundaryIs>
					<LinearRing>
						<coordinates>
							75.852659,30.936413,0 75.852508,30.936452,0 75.852189,30.935783,0 75.851904,30.935264,0 75.85177899999999,30.934936,0 75.85154,30.934364,0 75.851343,30.933966,0 75.851212,30.933616,0 75.851096,30.933452,0 75.85083299999999,30.933033,0 75.85062000000001,30.932667,0 75.850414,30.932369,0 75.850083,30.931973,0 75.84986000000001,30.931703,0 75.84969700000001,30.931445,0 75.849621,30.931273,0 75.849549,30.931134,0 75.849478,30.931099,0 75.849453,30.930951,0 75.849429,30.930806,0 75.84948900000001,30.930726,0 75.849706,30.930728,0 75.849709,30.93046,0 75.849858,30.930463,0 75.849872,30.930304,0 75.849879,30.930255,0 75.85001200000001,30.930243,0 75.850031,30.930129,0 75.850292,30.930134,0 75.850295,30.929908,0 75.85058600000001,30.929903,0 75.850641,30.929415,0 75.850902,30.929452,0 75.851782,30.92957,0 75.852563,30.929691,0 75.85347899999999,30.929839,0 75.854241,30.929973,0 75.854797,30.930115,0 75.85501499999999,30.93015,0 75.85524100000001,30.930179,0 75.85538099999999,30.930184,0 75.856126,30.930006,0 75.856176,30.929992,0 75.85623,30.929977,0 75.856722,30.929613,0 75.85691199999999,30.929417,0 75.85707600000001,30.929213,0 75.857314,30.92887,0 75.857589,30.928379,0 75.857916,30.927827,0 75.858181,30.927383,0 75.858532,30.926807,0 75.858807,30.926381,0 75.859021,30.926072,0 75.859241,30.925731,0 75.859397,30.925455,0 75.859487,30.925296,0 75.85964,30.925096,0 75.85990099999999,30.924852,0 75.860061,30.924726,0 75.860169,30.924851,0 75.860207,30.924951,0 75.860237,30.925089,0 75.860339,30.925424,0 75.860418,30.92569599999999,0 75.86047499999999,30.925809,0 75.860551,30.926079,0 75.86051399999999,30.926209,0 75.860429,30.926468,0 75.86039100000001,30.92674,0 75.860331,30.927389,0 75.860148,30.927958,0 75.860041,30.928277,0 75.85997,30.928515,0 75.859934,30.928901,0 75.859972,30.929502,0 75.85998600000001,30.929744,0 75.859954,30.930295,0 75.85988,30.931048,0 75.859829,30.931679,0 75.85983299999999,30.93218,0 75.85985700000001,30.932442,0 75.859281,30.932832,0 75.858626,30.933286,0 75.85838,30.933464,0 75.858287,30.933507,0 75.858074,30.933586,0 75.857795,30.933669,0 75.85713199999999,30.933871,0 75.857259,30.934778,0 75.857338,30.935253,0 75.857298,30.935263,0 75.857252,30.935274,0 75.856847,30.935372,0 75.85646699999999,30.935469,0 75.856022,30.935587,0 75.85568499999999,30.935668,0 75.855277,30.935765,0 75.854957,30.935843,0 75.854535,30.935951,0 75.853796,30.936128,0 75.853505,30.936199,0 75.852901,30.93635,0 75.852659,30.936413,0 
						</coordinates>
					</LinearRing>
				</outerBoundaryIs>
			</Polygon>
		</Placemark>
	</Document>
	<Document>
		<name>Ward No 87.kml</name>
		<StyleMap id="m_ylw-pushpin90">
			<Pair>
				<key>normal</key>
				<styleUrl>#s_ylw-pushpin90</styleUrl>
			</Pair>
			<Pair>
				<key>highlight</key>
				<styleUrl>#s_ylw-pushpin_hl90</styleUrl>
			</Pair>
		</StyleMap>
		<Style id="s_ylw-pushpin90">
			<IconStyle>
				<scale>1.1</scale>
				<Icon>
					<href>http://maps.google.com/mapfiles/kml/pushpin/ylw-pushpin.png</href>
				</Icon>
				<hotSpot x="20" y="2" xunits="pixels" yunits="pixels"/>
			</IconStyle>
			<LineStyle>
				<color>ffffff55</color>
				<width>3</width>
			</LineStyle>
			<PolyStyle>
				<fill>0</fill>
			</PolyStyle>
		</Style>
		<Style id="s_ylw-pushpin_hl90">
			<IconStyle>
				<scale>1.3</scale>
				<Icon>
					<href>http://maps.google.com/mapfiles/kml/pushpin/ylw-pushpin.png</href>
				</Icon>
				<hotSpot x="20" y="2" xunits="pixels" yunits="pixels"/>
			</IconStyle>
			<LineStyle>
				<color>ffffff55</color>
				<width>3</width>
			</LineStyle>
			<PolyStyle>
				<fill>0</fill>
			</PolyStyle>
		</Style>
		<Placemark>
			<name>Ward No 87</name>
			<styleUrl>#m_ylw-pushpin90</styleUrl>
			<Polygon>
				<tessellate>1</tessellate>
				<outerBoundaryIs>
					<LinearRing>
						<coordinates>
							75.845523,30.936727,0 75.84529000000001,30.936728,0 75.84454599999999,30.936719,0 75.843408,30.936699,0 75.842536,30.936688,0 75.842,30.936678,0 75.84140600000001,30.936681,0 75.840236,30.936678,0 75.83960399999999,30.936673,0 75.83906899999999,30.936664,0 75.838915,30.936669,0 75.838752,30.936681,0 75.83859699999999,30.936694,0 75.838384,30.936726,0 75.83806300000001,30.936801,0 75.83789400000001,30.936855,0 75.837709,30.936918,0 75.837521,30.936992,0 75.837323,30.937089,0 75.83710600000001,30.937216,0 75.836808,30.937433,0 75.836715,30.937518,0 75.837042,30.93695,0 75.83739799999999,30.936508,0 75.83789299999999,30.936011,0 75.83834299999999,30.935424,0 75.838639,30.935043,0 75.838981,30.9346,0 75.840075,30.93319,0 75.84039799999999,30.932763,0 75.840827,30.932221,0 75.84150099999999,30.931348,0 75.841796,30.930954,0 75.84227199999999,30.930338,0 75.84267199999999,30.929824,0 75.84278999999999,30.929671,0 75.843356,30.928865,0 75.843836,30.928116,0 75.843919,30.928009,0 75.844492,30.92833,0 75.844965,30.928413,0 75.845495,30.928493,0 75.84675799999999,30.92866,0 75.847531,30.928813,0 75.848365,30.929011,0 75.84896000000001,30.92913,0 75.849707,30.92923,0 75.850127,30.929302,0 75.850588,30.929407,0 75.850641,30.929415,0 75.85058600000001,30.929903,0 75.850295,30.929908,0 75.850292,30.930134,0 75.850031,30.930129,0 75.85001200000001,30.930243,0 75.849879,30.930255,0 75.849872,30.930304,0 75.849858,30.930463,0 75.849709,30.93046,0 75.849706,30.930728,0 75.84948900000001,30.930726,0 75.849429,30.930806,0 75.849453,30.930951,0 75.849478,30.931099,0 75.849549,30.931134,0 75.849621,30.931273,0 75.84969700000001,30.931445,0 75.84986000000001,30.931703,0 75.850083,30.931973,0 75.850414,30.932369,0 75.85062000000001,30.932667,0 75.85083299999999,30.933033,0 75.851096,30.933452,0 75.851212,30.933616,0 75.851343,30.933966,0 75.85154,30.934364,0 75.85177899999999,30.934936,0 75.851904,30.935264,0 75.852189,30.935783,0 75.852508,30.936452,0 75.852384,30.936484,0 75.851716,30.936621,0 75.851207,30.936705,0 75.85090099999999,30.936728,0 75.85073800000001,30.936735,0 75.85020900000001,30.936744,0 75.849667,30.936736,0 75.849283,30.936732,0 75.848473,30.936726,0 75.847855,30.936723,0 75.847469,30.936723,0 75.847202,30.936728,0 75.846817,30.936727,0 75.846408,30.936723,0 75.84593099999999,30.936725,0 75.845523,30.936727,0 
						</coordinates>
					</LinearRing>
				</outerBoundaryIs>
			</Polygon>
		</Placemark>
	</Document>
	<Document>
		<name>Ward No 88.kml</name>
		<StyleMap id="m_ylw-pushpin91">
			<Pair>
				<key>normal</key>
				<styleUrl>#s_ylw-pushpin91</styleUrl>
			</Pair>
			<Pair>
				<key>highlight</key>
				<styleUrl>#s_ylw-pushpin_hl91</styleUrl>
			</Pair>
		</StyleMap>
		<Style id="s_ylw-pushpin91">
			<IconStyle>
				<scale>1.1</scale>
				<Icon>
					<href>http://maps.google.com/mapfiles/kml/pushpin/ylw-pushpin.png</href>
				</Icon>
				<hotSpot x="20" y="2" xunits="pixels" yunits="pixels"/>
			</IconStyle>
			<LineStyle>
				<color>ffffff55</color>
				<width>3</width>
			</LineStyle>
			<PolyStyle>
				<fill>0</fill>
			</PolyStyle>
		</Style>
		<Style id="s_ylw-pushpin_hl91">
			<IconStyle>
				<scale>1.3</scale>
				<Icon>
					<href>http://maps.google.com/mapfiles/kml/pushpin/ylw-pushpin.png</href>
				</Icon>
				<hotSpot x="20" y="2" xunits="pixels" yunits="pixels"/>
			</IconStyle>
			<LineStyle>
				<color>ffffff55</color>
				<width>3</width>
			</LineStyle>
			<PolyStyle>
				<fill>0</fill>
			</PolyStyle>
		</Style>
		<Placemark>
			<name>Ward No 88</name>
			<styleUrl>#m_ylw-pushpin91</styleUrl>
			<Polygon>
				<tessellate>1</tessellate>
				<outerBoundaryIs>
					<LinearRing>
						<coordinates>
							75.856176,30.929992,0 75.856126,30.930006,0 75.85538099999999,30.930184,0 75.85524100000001,30.930179,0 75.85501499999999,30.93015,0 75.854797,30.930115,0 75.854241,30.929973,0 75.85347899999999,30.929839,0 75.852563,30.929691,0 75.851782,30.92957,0 75.850902,30.929452,0 75.850641,30.929415,0 75.850588,30.929407,0 75.850127,30.929302,0 75.849707,30.92923,0 75.84896000000001,30.92913,0 75.848365,30.929011,0 75.847531,30.928813,0 75.84675799999999,30.92866,0 75.845495,30.928493,0 75.844965,30.928413,0 75.844492,30.92833,0 75.843919,30.928009,0 75.84435999999999,30.927449,0 75.84487900000001,30.926918,0 75.845348,30.926349,0 75.845573,30.926067,0 75.845782,30.925794,0 75.846062,30.925434,0 75.846278,30.925154,0 75.846608,30.924727,0 75.846858,30.924401,0 75.847069,30.924127,0 75.847336,30.923784,0 75.84795,30.923962,0 75.848263,30.924053,0 75.848619,30.924156,0 75.849244,30.924345,0 75.849689,30.924474,0 75.850168,30.924604,0 75.849968,30.925608,0 75.849958,30.925703,0 75.8505,30.925896,0 75.851,30.926084,0 75.851208,30.926086,0 75.85134499999999,30.926085,0 75.851713,30.926013,0 75.851733,30.92605500000001,0 75.85189699999999,30.926048,0 75.85208900000001,30.926036,0 75.85225199999999,30.92602,0 75.85273599999999,30.92593,0 75.852771,30.926052,0 75.85319800000001,30.925912,0 75.853329,30.92618,0 75.85337199999999,30.926311,0 75.85382,30.926209,0 75.85409900000001,30.926141,0 75.85432,30.926083,0 75.85428,30.92596,0 75.854556,30.925893,0 75.854484,30.925659,0 75.85504,30.925472,0 75.855287,30.925772,0 75.855515,30.926086,0 75.85564100000001,30.926249,0 75.855716,30.9264,0 75.855772,30.927005,0 75.85583800000001,30.927476,0 75.85590000000001,30.927889,0 75.855904,30.928189,0 75.85597,30.928896,0 75.855968,30.929232,0 75.855993,30.929431,0 75.856126,30.929836,0 75.856176,30.929992,0 
						</coordinates>
					</LinearRing>
				</outerBoundaryIs>
			</Polygon>
		</Placemark>
	</Document>
	<Document>
		<name>Ward No 89.kml</name>
		<StyleMap id="m_ylw-pushpin92">
			<Pair>
				<key>normal</key>
				<styleUrl>#s_ylw-pushpin92</styleUrl>
			</Pair>
			<Pair>
				<key>highlight</key>
				<styleUrl>#s_ylw-pushpin_hl92</styleUrl>
			</Pair>
		</StyleMap>
		<Style id="s_ylw-pushpin92">
			<IconStyle>
				<scale>1.1</scale>
				<Icon>
					<href>http://maps.google.com/mapfiles/kml/pushpin/ylw-pushpin.png</href>
				</Icon>
				<hotSpot x="20" y="2" xunits="pixels" yunits="pixels"/>
			</IconStyle>
			<LineStyle>
				<color>ffffff55</color>
				<width>3</width>
			</LineStyle>
			<PolyStyle>
				<fill>0</fill>
			</PolyStyle>
		</Style>
		<Style id="s_ylw-pushpin_hl92">
			<IconStyle>
				<scale>1.3</scale>
				<Icon>
					<href>http://maps.google.com/mapfiles/kml/pushpin/ylw-pushpin.png</href>
				</Icon>
				<hotSpot x="20" y="2" xunits="pixels" yunits="pixels"/>
			</IconStyle>
			<LineStyle>
				<color>ffffff55</color>
				<width>3</width>
			</LineStyle>
			<PolyStyle>
				<fill>0</fill>
			</PolyStyle>
		</Style>
		<Placemark>
			<name>Ward No 89</name>
			<styleUrl>#m_ylw-pushpin92</styleUrl>
			<Polygon>
				<tessellate>1</tessellate>
				<outerBoundaryIs>
					<LinearRing>
						<coordinates>
							75.843919,30.928009,0 75.843836,30.928116,0 75.843356,30.928865,0 75.84278999999999,30.929671,0 75.84267199999999,30.929824,0 75.84211000000001,30.929652,0 75.841797,30.929555,0 75.84086600000001,30.929288,0 75.840744,30.92954,0 75.839562,30.92953,0 75.838319,30.929541,0 75.83778599999999,30.92963,0 75.83733700000001,30.92975,0 75.837062,30.929855,0 75.836917,30.929562,0 75.836461,30.928682,0 75.83689,30.928243,0 75.83750499999999,30.927648,0 75.837673,30.927486,0 75.839026,30.926178,0 75.839872,30.925326,0 75.840412,30.924815,0 75.841269,30.923969,0 75.842142,30.923037,0 75.84278999999999,30.922197,0 75.843069,30.921753,0 75.843221,30.921511,0 75.84378,30.92055,0 75.844126,30.919953,0 75.84483,30.918676,0 75.84518,30.918109,0 75.84571200000001,30.91679,0 75.845795,30.916796,0 75.847283,30.916758,0 75.848505,30.91674,0 75.84853699999999,30.916936,0 75.848636,30.917514,0 75.848703,30.917904,0 75.84881799999999,30.918328,0 75.848907,30.918662,0 75.84898,30.919076,0 75.849018,30.919429,0 75.849047,30.91970999999999,0 75.84908299999999,30.919953,0 75.849127,30.92011,0 75.849161,30.920274,0 75.849159,30.9204,0 75.849125,30.920541,0 75.84894199999999,30.920977,0 75.848792,30.921314,0 75.84866,30.921634,0 75.848495,30.922022,0 75.848327,30.9224,0 75.848229,30.9226,0 75.848078,30.922841,0 75.84788500000001,30.923082,0 75.847587,30.923471,0 75.84733900000001,30.923781,0 75.847336,30.923784,0 75.847069,30.924127,0 75.846858,30.924401,0 75.846608,30.924727,0 75.846278,30.925154,0 75.846062,30.925434,0 75.845782,30.925794,0 75.845573,30.926067,0 75.845348,30.926349,0 75.84487900000001,30.926918,0 75.84435999999999,30.927449,0 75.843919,30.928009,0 
						</coordinates>
					</LinearRing>
				</outerBoundaryIs>
			</Polygon>
		</Placemark>
	</Document>
	<Document>
		<name>Ward No 90.kml</name>
		<StyleMap id="m_ylw-pushpin93">
			<Pair>
				<key>normal</key>
				<styleUrl>#s_ylw-pushpin93</styleUrl>
			</Pair>
			<Pair>
				<key>highlight</key>
				<styleUrl>#s_ylw-pushpin_hl93</styleUrl>
			</Pair>
		</StyleMap>
		<Style id="s_ylw-pushpin93">
			<IconStyle>
				<scale>1.1</scale>
				<Icon>
					<href>http://maps.google.com/mapfiles/kml/pushpin/ylw-pushpin.png</href>
				</Icon>
				<hotSpot x="20" y="2" xunits="pixels" yunits="pixels"/>
			</IconStyle>
			<LineStyle>
				<color>ffffff55</color>
				<width>3</width>
			</LineStyle>
			<PolyStyle>
				<fill>0</fill>
			</PolyStyle>
		</Style>
		<Style id="s_ylw-pushpin_hl93">
			<IconStyle>
				<scale>1.3</scale>
				<Icon>
					<href>http://maps.google.com/mapfiles/kml/pushpin/ylw-pushpin.png</href>
				</Icon>
				<hotSpot x="20" y="2" xunits="pixels" yunits="pixels"/>
			</IconStyle>
			<LineStyle>
				<color>ffffff55</color>
				<width>3</width>
			</LineStyle>
			<PolyStyle>
				<fill>0</fill>
			</PolyStyle>
		</Style>
		<Placemark>
			<name>Ward No 90</name>
			<styleUrl>#m_ylw-pushpin93</styleUrl>
			<Polygon>
				<tessellate>1</tessellate>
				<outerBoundaryIs>
					<LinearRing>
						<coordinates>
							75.850793,30.919831,0 75.850368,30.919859,0 75.850042,30.919878,0 75.849564,30.919911,0 75.84908299999999,30.919953,0 75.849047,30.91970999999999,0 75.849018,30.919429,0 75.84898,30.919076,0 75.848907,30.918662,0 75.84881799999999,30.918328,0 75.848703,30.917904,0 75.848636,30.917514,0 75.84853699999999,30.916936,0 75.848505,30.91674,0 75.847283,30.916758,0 75.845795,30.916796,0 75.84571200000001,30.91679,0 75.84578500000001,30.91661,0 75.84747,30.913228,0 75.849249,30.910297,0 75.84971,30.909614,0 75.850371,30.908705,0 75.851562,30.907315,0 75.85200500000001,30.906814,0 75.85235299999999,30.90637,0 75.85284,30.905691,0 75.85307299999999,30.905349,0 75.85328199999999,30.904999,0 75.85346800000001,30.904636,0 75.853487,30.90459,0 75.853904,30.904754,0 75.854592,30.904971,0 75.85453099999999,30.905489,0 75.85447499999999,30.905917,0 75.854434,30.906469,0 75.854387,30.907104,0 75.85434100000001,30.907837,0 75.854901,30.907787,0 75.85578700000001,30.907716,0 75.856047,30.907697,0 75.856163,30.907922,0 75.856522,30.9084,0 75.856875,30.908859,0 75.857299,30.909477,0 75.857468,30.909757,0 75.856724,30.91024,0 75.85608000000001,30.910631,0 75.855559,30.910876,0 75.854771,30.911191,0 75.85473500000001,30.911208,0 75.854833,30.91172,0 75.85487999999999,30.9121,0 75.854941,30.912449,0 75.855012,30.913026,0 75.855092,30.913519,0 75.854542,30.913557,0 75.854105,30.913564,0 75.853888,30.913597,0 75.853993,30.914214,0 75.85402499999999,30.914513,0 75.854027,30.914553,0 75.85477,30.914457,0 75.85518999999999,30.914303,0 75.855375,30.914247,0 75.855763,30.914212,0 75.856093,30.914186,0 75.856472,30.914174,0 75.85690700000001,30.914196,0 75.857411,30.914198,0 75.857308,30.914638,0 75.85718199999999,30.915115,0 75.857122,30.91543,0 75.85700199999999,30.916068,0 75.856942,30.916215,0 75.85687,30.916554,0 75.856655,30.916546,0 75.856582,30.917144,0 75.85653600000001,30.917589,0 75.855828,30.917553,0 75.854984,30.917538,0 75.854336,30.91751,0 75.853444,30.917482,0 75.852402,30.917458,0 75.851619,30.917417,0 75.85139599999999,30.917979,0 75.851056,30.918646,0 75.85092899999999,30.91895,0 75.850841,30.919301,0 75.850786,30.919738,0 75.850793,30.919831,0 
						</coordinates>
					</LinearRing>
				</outerBoundaryIs>
			</Polygon>
		</Placemark>
	</Document>
	<atom:link rel="app" href="https://www.google.com/earth/about/versions/#earth-pro" title="Google Earth Pro 7.3.6.10441"></atom:link>
</Folder>
</kml>
