<?xml version="1.0" encoding="UTF-8"?>
<kml xmlns="http://www.opengis.net/kml/2.2" xmlns:gx="http://www.google.com/kml/ext/2.2" xmlns:kml="http://www.opengis.net/kml/2.2" xmlns:atom="http://www.w3.org/2005/Atom">
<Folder>
	<name>Temporary Places</name>
	<open>1</open>
	<Document>
		<name>Ward no.1.kml</name>
		<StyleMap id="m_ylw-pushpin">
			<Pair>
				<key>normal</key>
				<styleUrl>#s_ylw-pushpin</styleUrl>
			</Pair>
			<Pair>
				<key>highlight</key>
				<styleUrl>#s_ylw-pushpin_hl</styleUrl>
			</Pair>
		</StyleMap>
		<Style id="s_ylw-pushpin">
			<IconStyle>
				<scale>1.1</scale>
				<Icon>
					<href>http://maps.google.com/mapfiles/kml/pushpin/ylw-pushpin.png</href>
				</Icon>
				<hotSpot x="20" y="2" xunits="pixels" yunits="pixels"/>
			</IconStyle>
			<LineStyle>
				<color>ffffff55</color>
				<width>3</width>
			</LineStyle>
			<PolyStyle>
				<fill>0</fill>
			</PolyStyle>
		</Style>
		<Style id="s_ylw-pushpin_hl">
			<IconStyle>
				<scale>1.3</scale>
				<Icon>
					<href>http://maps.google.com/mapfiles/kml/pushpin/ylw-pushpin.png</href>
				</Icon>
				<hotSpot x="20" y="2" xunits="pixels" yunits="pixels"/>
			</IconStyle>
			<LineStyle>
				<color>ffffff55</color>
				<width>3</width>
			</LineStyle>
			<PolyStyle>
				<fill>0</fill>
			</PolyStyle>
		</Style>
		<Placemark>
			<name>Ward no.1.kml</name>
			<styleUrl>#m_ylw-pushpin</styleUrl>
			<Polygon>
				<tessellate>1</tessellate>
				<outerBoundaryIs>
					<LinearRing>
						<coordinates>
							77.29094930323626,19.21085726375249,0 77.28749782839934,19.21107605334527,0 77.28768240975194,19.20950872807626,0 77.28780261571971,19.20598224554386,0 77.2877843369948,19.20430752889141,0 77.2876646956104,19.20207842466281,0 77.28760941060101,19.20169529565452,0 77.2874344746222,19.19914304832577,0 77.28730548278226,19.19823746968772,0 77.28689088073391,19.19522448700047,0 77.28680795325332,19.19470203598383,0 77.28792414823751,19.19416611364301,0 77.2884108618901,19.19379794483872,0 77.29030420099386,19.19191212539979,0 77.29244624173532,19.18971588568544,0 77.29296860304787,19.1886500532376,0 77.2933467428076,19.18792076546427,0 77.29365233125772,19.18739774120143,0 77.29360026102161,19.18652997472979,0 77.29400142475542,19.18643690760021,0 77.29440936648224,19.18634250300905,0 77.29462705928715,19.1862918637715,0 77.29501378338368,19.18620221397704,0 77.29549996967053,19.18608948014812,0 77.29625642149333,19.1859141296149,0 77.29668182012614,19.18581566663379,0 77.29715893416423,19.18570500878818,0 77.29717047384172,19.18570228495589,0 77.29725873727158,19.18566495890261,0 77.29743057729152,19.18559217097562,0 77.29780915064026,19.18543159644873,0 77.29809642396175,19.18530996821212,0 77.29852977059691,19.18512637900651,0 77.29882785117366,19.18500003013959,0 77.2988469090724,19.18499194150089,0 77.29896359418606,19.18494250181277,0 77.29907722096188,19.18489438975412,0 77.29914678714155,19.1848649644584,0 77.29917077393084,19.18485475598724,0 77.2992198688021,19.18483385248638,0 77.29974288449081,19.18461389944001,0 77.29988851523137,19.18455266218793,0 77.30020805972468,19.18441816905398,0 77.30032119067442,19.18437052204082,0 77.30101512875399,19.18423934250851,0 77.30193036244343,19.18411181428809,0 77.30198463542334,19.18410410897576,0 77.30237472289095,19.18406661934025,0 77.30239317746967,19.18406487450611,0 77.30239419632024,19.18408192461206,0 77.30240016868304,19.18420650400454,0 77.3024122629557,19.18445766612743,0 77.30242350182753,19.18469087428269,0 77.30242792633949,19.18475644233365,0 77.30244400599958,19.18499854120654,0 77.30245928733791,19.18522470098654,0 77.30246623268926,19.18532959084495,0 77.30246731401824,19.18534436486706,0 77.30246145624756,19.18566831482446,0 77.30245860352862,19.18582642969164,0 77.30245632365406,19.18594699787803,0 77.30245253824958,19.18616819305847,0 77.30244883839183,19.18636656814843,0 77.30244681785378,19.1865479696038,0 77.30244051331478,19.18717798647221,0 77.30243916062562,19.18728308225131,0 77.30243398766547,19.18762457549145,0 77.30243079361352,19.18782160538482,0 77.30242714420379,19.18805553858018,0 77.3023995905253,19.18874342545879,0 77.30239690375944,19.1888114826152,0 77.3023799249946,19.18930432651462,0 77.3023670204467,19.18968147564493,0 77.30234615568772,19.19016485573861,0 77.30233642770919,19.19038704573235,0 77.30233297740689,19.19046573496941,0 77.30233325894075,19.1904951728765,0 77.30233993625815,19.19135768405037,0 77.30234294924135,19.19176548573016,0 77.30234566326295,19.19217322062994,0 77.30234757156242,19.19246847112041,0 77.30234768642076,19.19248742028752,0 77.30236807577569,19.19307304178896,0 77.30237471613968,19.19326474339111,0 77.30237791423214,19.19335361330994,0 77.30239160647437,19.1937427020465,0 77.30239149483772,19.19374369143996,0 77.30245060610883,19.1942694207963,0 77.30245329706656,19.1942934580729,0 77.30245696238421,19.19433894703328,0 77.30249602252015,19.19483666798982,0 77.30253823734114,19.1953273811388,0 77.30262273842581,19.1959071668037,0 77.30265570116968,19.19613721056841,0 77.30269734794545,19.19653864488587,0 77.30274153859166,19.19696741913355,0 77.302795826908,19.197491973084,0 77.30279633124498,19.19749915587558,0 77.30287129030557,19.19800423243431,0 77.30290923189014,19.19826006546295,0 77.30297469131041,19.1987165014032,0 77.30307877381206,19.19945080515097,0 77.30312148620487,19.19968322410266,0 77.30325499342999,19.20041214410433,0 77.30326113575191,19.2004442591038,0 77.30334253324543,19.20091603753089,0 77.30342619249021,19.20140197886166,0 77.30353561399362,19.20203436883538,0 77.30365897813252,19.20274123461539,0 77.30366087586135,19.20275199062071,0 77.30370156007203,19.20293659318277,0 77.30371928663958,19.20301690823214,0 77.30383697601738,19.20355139826688,0 77.3039313894491,19.20398008735622,0 77.30396823993935,19.20414740040733,0 77.30396904151338,19.20415067231867,0 77.30394009672432,19.20415947017023,0 77.30382075718865,19.2041955603712,0 77.30369935070654,19.20423219131618,0 77.303462936797,19.20430363051488,0 77.30295260104053,19.20445763801365,0 77.30280097366594,19.20450256923946,0 77.30198789961906,19.20474129185485,0 77.30164300486429,19.20484277384037,0 77.30164128065971,19.20484333908119,0 77.30129862827756,19.20489202501296,0 77.30110337157291,19.20491974242795,0 77.3009111411877,19.20494714241131,0 77.30090064493234,19.20494846215661,0 77.30065044825882,19.2050353220462,0 77.30046343187065,19.205100038101,0 77.30021672951582,19.20518569636548,0 77.30007436070217,19.20523473101265,0 77.29975412967839,19.20534579772292,0 77.29943096600827,19.20545774626689,0 77.29913483681101,19.20556050646402,0 77.29881874799193,19.20562420428288,0 77.29862931724001,19.20566220548682,0 77.29826453864138,19.20573563490274,0 77.29761075071774,19.20586707060044,0 77.29723386788365,19.20594287935111,0 77.29721707464834,19.20594599741068,0 77.29672740314498,19.20599167551677,0 77.29614486476379,19.20604591506339,0 77.2960659427106,19.20605306081519,0 77.29538335077886,19.20611656963681,0 77.29537609098034,19.20611716901596,0 77.29529654590861,19.20613753344282,0 77.29520115012065,19.20616200684852,0 77.29509232997839,19.20618988140987,0 77.29493733978697,19.20622960339665,0 77.29478150880998,19.2062694995393,0 77.29464363520324,19.20630493006023,0 77.29440580858818,19.20636585208097,0 77.29410778843284,19.20644219050617,0 77.29379998523197,19.20652113574123,0 77.2935971193089,19.20657310483833,0 77.29347672867077,19.20660383518937,0 77.29347336041151,19.20660479603177,0 77.29349313924956,19.20675909136391,0 77.29350410676923,19.20684462184692,0 77.29351399729725,19.20692168735139,0 77.29355062375055,19.2072080028694,0 77.29360378728697,19.2076232334801,0 77.29364249809841,19.20792466176533,0 77.29365876439861,19.20805274920766,0 77.29369773375586,19.2083570232896,0 77.29374239633749,19.20870871891893,0 77.29377284035527,19.20894689504668,0 77.29387982584122,19.20978591387556,0 77.29388138377637,19.20979831333297,0 77.29393804966051,19.21024268090719,0 77.29094930323626,19.21085726375249,0 
						</coordinates>
					</LinearRing>
				</outerBoundaryIs>
			</Polygon>
		</Placemark>
	</Document>
	<Document>
		<name>Ward no.2.kml</name>
		<StyleMap id="m_ylw-pushpin0">
			<Pair>
				<key>normal</key>
				<styleUrl>#s_ylw-pushpin0</styleUrl>
			</Pair>
			<Pair>
				<key>highlight</key>
				<styleUrl>#s_ylw-pushpin_hl0</styleUrl>
			</Pair>
		</StyleMap>
		<Style id="s_ylw-pushpin0">
			<IconStyle>
				<scale>1.1</scale>
				<Icon>
					<href>http://maps.google.com/mapfiles/kml/pushpin/ylw-pushpin.png</href>
				</Icon>
				<hotSpot x="20" y="2" xunits="pixels" yunits="pixels"/>
			</IconStyle>
			<LineStyle>
				<color>ffffff55</color>
				<width>3</width>
			</LineStyle>
			<PolyStyle>
				<fill>0</fill>
			</PolyStyle>
		</Style>
		<Style id="s_ylw-pushpin_hl0">
			<IconStyle>
				<scale>1.3</scale>
				<Icon>
					<href>http://maps.google.com/mapfiles/kml/pushpin/ylw-pushpin.png</href>
				</Icon>
				<hotSpot x="20" y="2" xunits="pixels" yunits="pixels"/>
			</IconStyle>
			<LineStyle>
				<color>ffffff55</color>
				<width>3</width>
			</LineStyle>
			<PolyStyle>
				<fill>0</fill>
			</PolyStyle>
		</Style>
		<Placemark>
			<name>Ward no.2.kml</name>
			<styleUrl>#m_ylw-pushpin0</styleUrl>
			<Polygon>
				<tessellate>1</tessellate>
				<outerBoundaryIs>
					<LinearRing>
						<coordinates>
							77.30442593320747,19.18388990570912,0 77.3044878838253,19.18389666373272,0 77.30460390418108,19.1839093020122,0 77.30476104903771,19.18392650923357,0 77.30495838188011,19.18394737745658,0 77.30572166992633,19.18402775465664,0 77.30630135417726,19.18408851166923,0 77.30642998667334,19.18410220708246,0 77.30650050125843,19.1841089044372,0 77.30686088699285,19.1841430320585,0 77.30730525849272,19.1841849678061,0 77.30732381772145,19.18418675474692,0 77.30742697891279,19.18419653705556,0 77.30756264566502,19.18420943261102,0 77.30767823510521,19.18421999470262,0 77.30787999365,19.18423831572282,0 77.30922468859498,19.18436040681777,0 77.30925441211269,19.18436309311691,0 77.30954158717238,19.18438913572021,0 77.30992818479849,19.18442247640941,0 77.3102932559309,19.1844595152245,0 77.31031995759004,19.18446144141784,0 77.31039985119483,19.18446707863048,0 77.3105703058818,19.18447924821309,0 77.31097014372257,19.18450746722699,0 77.31212673813506,19.18460010585414,0 77.31215154780524,19.18460223250008,0 77.31221453228001,19.18460084335971,0 77.31228522772105,19.18459934752473,0 77.31237178320893,19.18459753537633,0 77.31244812190468,19.18459595573917,0 77.31251479300337,19.1845945339844,0 77.31255251749771,19.18459368819985,0 77.31265759886546,19.18459149654674,0 77.31314343817576,19.18458128311081,0 77.31327719322741,19.18457858148201,0 77.31328597550682,19.18457838063167,0 77.31332314062458,19.18457153265991,0 77.31347232407971,19.18454373889642,0 77.31381709255,19.18447963176791,0 77.31455455248465,19.18434255439455,0 77.31483507390001,19.18429032128321,0 77.31566811588884,19.18412031820127,0 77.31568099984905,19.18411776818356,0 77.31630204507749,19.18412509853591,0 77.3163084957167,19.18412494313197,0 77.31631069042081,19.18412485870845,0 77.3163254412289,19.18423651659545,0 77.31634512709074,19.18438659858951,0 77.31636330089216,19.18452477371513,0 77.31643280365529,19.185053122585,0 77.31650815735615,19.18562775485459,0 77.3165269290927,19.18577024650311,0 77.31671790780311,19.18580398926383,0 77.31676758036242,19.18614207004668,0 77.3168590810385,19.18676547479689,0 77.31703798287167,19.18798273970717,0 77.31704051450926,19.18800002295892,0 77.31739832705762,19.18796267230179,0 77.31810771645465,19.18788887548277,0 77.31812026766647,19.18788760859945,0 77.31813000580179,19.18792923144896,0 77.31814985296135,19.18801385403781,0 77.31821727297792,19.1883019473286,0 77.31825936970428,19.18848171889425,0 77.31830929978236,19.18869427711059,0 77.3183692205415,19.18895069139181,0 77.31859236726542,19.18990276212984,0 77.31859938916284,19.18993276171932,0 77.31860350882052,19.18993246927925,0 77.31904097255691,19.18990101823934,0 77.31953547691776,19.18986544720605,0 77.31954561115703,19.18986473050421,0 77.31955502072783,19.18989552795438,0 77.31960900503969,19.19006949042884,0 77.3200677485971,19.1915519083936,0 77.32018819173196,19.19194105839708,0 77.32030479226229,19.19232716447253,0 77.32042138844426,19.19271249753182,0 77.32051251428619,19.19301262774357,0 77.32066589933991,19.19352448305436,0 77.32103029674245,19.19474969742404,0 77.32105019453472,19.19481747664637,0 77.32055239272884,19.19508193239802,0 77.32055153051186,19.19508232221478,0 77.32057039236369,19.19511088302038,0 77.32069357447797,19.19529750618097,0 77.32100600089981,19.1957706609978,0 77.32119088324826,19.19605094820794,0 77.32155362930685,19.19660057774548,0 77.32160317754119,19.19667522550656,0 77.32261493162552,19.19832211038666,0 77.32285036321503,19.19870517032603,0 77.32302125738886,19.1989837423404,0 77.32302306996696,19.19898608412182,0 77.32315508115001,19.20008430372099,0 77.32256316329999,19.20020388851606,0 77.32120651256754,19.20084285045677,0 77.32124988881046,19.20176251730409,0 77.32048527174018,19.20215089268169,0 77.31976393381336,19.20248476077218,0 77.31968461228598,19.20278451045303,0 77.31928788284216,19.20304341271543,0 77.31996263555583,19.20532766452063,0 77.32092564085269,19.20792953494769,0 77.32073822883773,19.20940609613232,0 77.31936041361467,19.21000570250797,0 77.31866794766349,19.21091861380119,0 77.31764895691819,19.21151009880835,0 77.31660595292389,19.21156467152423,0 77.31647607150411,19.21119681329999,0 77.31571003782111,19.21131632429873,0 77.31564538121178,19.21196665834593,0 77.31552278190114,19.21260703270915,0 77.31102795244927,19.21303476951216,0 77.3097225935602,19.21313185989051,0 77.30790253514161,19.21400980494796,0 77.30553577166819,19.20998267038727,0 77.30490092671353,19.20879732670118,0 77.30328729103975,19.20900758867307,0 77.30154930894287,19.20924962463032,0 77.30064038084754,19.2093717434051,0 77.30004338789755,19.2094468830014,0 77.29914474250255,19.20955170204007,0 77.29778101212347,19.20975582290371,0 77.29622798349706,19.20994742132357,0 77.29528755975196,19.21007344288788,0 77.29393808938408,19.21024267041856,0 77.29366706399264,19.20811718566036,0 77.29347338533395,19.20660478683354,0 77.29537586559137,19.20611722106794,0 77.29721717445629,19.20594613290283,0 77.29913363282731,19.20556089901363,0 77.30090028111901,19.20494859482805,0 77.30164117191522,19.20484330452457,0 77.30292268270721,19.20446677323237,0 77.30396903538619,19.20415074148497,0 77.30366095880656,19.20275242731779,0 77.30354786943967,19.20210548168328,0 77.3034856859297,19.20174554643126,0 77.30326047170746,19.2004413437233,0 77.30307826449993,19.19944844742349,0 77.30292968489839,19.19839936513198,0 77.30279675469502,19.19750130009782,0 77.30265491642888,19.19612787469261,0 77.30253868269521,19.19533044839216,0 77.30249649969383,19.19484303166358,0 77.30245332771419,19.19429369978787,0 77.30239155824292,19.19374419460847,0 77.30234768851841,19.19248760294231,0 77.30234132216445,19.1915325987525,0 77.30233307397278,19.19046665053731,0 77.30236559713811,19.18971920345079,0 77.30239790968952,19.18878582509578,0 77.30242726501614,19.18805300766838,0 77.30244022400737,19.18720831217516,0 77.30244855628415,19.1863873787963,0 77.30246718793488,19.18534457456083,0 77.30242336032487,19.18468750159142,0 77.30239413482624,19.18408177653011,0 77.30239317009887,19.18406494186932,0 77.3024534428977,19.18405961008678,0 77.30256571138214,19.18404966492092,0 77.30271477144996,19.18403642009725,0 77.30296459257364,19.18401443280068,0 77.30308346224253,19.18400396069589,0 77.30328834319755,19.18398585431019,0 77.30349159632814,19.18396777666618,0 77.30371774413889,19.18394772837346,0 77.30388464458242,19.18393329931262,0 77.30442593320747,19.18388990570912,0 
						</coordinates>
					</LinearRing>
				</outerBoundaryIs>
			</Polygon>
		</Placemark>
	</Document>
	<Document>
		<name>Ward no.3.kml</name>
		<StyleMap id="m_ylw-pushpin1">
			<Pair>
				<key>normal</key>
				<styleUrl>#s_ylw-pushpin1</styleUrl>
			</Pair>
			<Pair>
				<key>highlight</key>
				<styleUrl>#s_ylw-pushpin_hl1</styleUrl>
			</Pair>
		</StyleMap>
		<Style id="s_ylw-pushpin1">
			<IconStyle>
				<scale>1.1</scale>
				<Icon>
					<href>http://maps.google.com/mapfiles/kml/pushpin/ylw-pushpin.png</href>
				</Icon>
				<hotSpot x="20" y="2" xunits="pixels" yunits="pixels"/>
			</IconStyle>
			<LineStyle>
				<color>ffffff55</color>
				<width>3</width>
			</LineStyle>
			<PolyStyle>
				<fill>0</fill>
			</PolyStyle>
		</Style>
		<Style id="s_ylw-pushpin_hl1">
			<IconStyle>
				<scale>1.3</scale>
				<Icon>
					<href>http://maps.google.com/mapfiles/kml/pushpin/ylw-pushpin.png</href>
				</Icon>
				<hotSpot x="20" y="2" xunits="pixels" yunits="pixels"/>
			</IconStyle>
			<LineStyle>
				<color>ffffff55</color>
				<width>3</width>
			</LineStyle>
			<PolyStyle>
				<fill>0</fill>
			</PolyStyle>
		</Style>
		<Placemark>
			<name>Ward no.3.kml</name>
			<styleUrl>#m_ylw-pushpin1</styleUrl>
			<Polygon>
				<tessellate>1</tessellate>
				<outerBoundaryIs>
					<LinearRing>
						<coordinates>
							77.3170612492714,19.18410553507803,0 77.3175740170424,19.18404976013224,0 77.31839595802006,19.18396004860202,0 77.31902028274583,19.18389770333398,0 77.31973240985978,19.18382667084495,0 77.3200501653621,19.18379482304498,0 77.32066348395978,19.18373335811925,0 77.32184239410367,19.18361561288553,0 77.32274427175267,19.18352596770806,0 77.32297159085624,19.18350095192949,0 77.32329727894349,19.1834652318771,0 77.32352939235098,19.18343957941828,0 77.3235583721754,19.1834363355009,0 77.32401499229296,19.18338548095876,0 77.32584280009739,19.1831819528149,0 77.32630076946302,19.18313092087087,0 77.32656912270323,19.18309903792927,0 77.32706459282078,19.18304066932084,0 77.32740927837845,19.18299993414513,0 77.3281053935319,19.18291773074306,0 77.32913171681922,19.18279649039771,0 77.32913579342085,19.18279602628947,0 77.32907454375743,19.18268196075335,0 77.32896960834702,19.18248757599301,0 77.32887046511766,19.18230336692045,0 77.32844955751497,19.18152197838085,0 77.32775425674605,19.18023103550168,0 77.32773635479504,19.18019765850737,0 77.3277355267728,19.18019618558564,0 77.32750454282947,19.17985915912821,0 77.32731799030522,19.17958668197453,0 77.32683362111278,19.17888039760149,0 77.32681796646322,19.17885720084142,0 77.32675730810561,19.17879946670544,0 77.32644668081348,19.178503617768,0 77.32607878300934,19.17815346015647,0 77.32605012174361,19.17812623121684,0 77.32596963488176,19.17799395700418,0 77.32580469482537,19.17772297765744,0 77.32558809992123,19.17736683072329,0 77.32507885330401,19.17652952093067,0 77.3247300199501,19.17595614545856,0 77.32465348062142,19.17583050181411,0 77.32421132307257,19.17510344780797,0 77.3240820822565,19.17489083491801,0 77.32393794645223,19.17465406256735,0 77.32386186219436,19.1745287643581,0 77.32338168813529,19.17373955147477,0 77.32376227581038,19.17368115287742,0 77.32376387057975,19.17368088661701,0 77.32404639877942,19.17366933969192,0 77.32427227909398,19.17366032179212,0 77.32455857301152,19.17364901885052,0 77.32486014598744,19.17363715555261,0 77.32543817156217,19.17361289838606,0 77.32689147209292,19.17355422602569,0 77.32693104596423,19.17365079774534,0 77.32698003775999,19.17364763425958,0 77.32739794068735,19.17362155198019,0 77.32910533367618,19.17351427221115,0 77.32997975743925,19.17345888413056,0 77.32997474266645,19.173149091093,0 77.32995320022664,19.17186947003604,0 77.32994536554155,19.17143066985806,0 77.32993314249495,19.17084603662594,0 77.32991881497809,19.17004284639511,0 77.32990305818774,19.16904000457529,0 77.32989054698639,19.1682341535874,0 77.32987593616299,19.16738685620046,0 77.32984835777233,19.16559819625126,0 77.32984742108063,19.16558268683902,0 77.33041824257792,19.16585994471417,0 77.33183035706152,19.16654457378101,0 77.33302016746516,19.16711659439413,0 77.33568526582411,19.16840875264414,0 77.33994887787084,19.17047781228877,0 77.34141890533296,19.1711937896059,0 77.34210771826451,19.17152633867597,0 77.34403773974709,19.17246697214336,0 77.34720261836297,19.17400401421054,0 77.34825940338263,19.17449522650104,0 77.34931438554835,19.1749857462213,0 77.35093225608547,19.17573741569529,0 77.35152416372857,19.17853789667905,0 77.35038751015716,19.17882327305137,0 77.34781883991367,19.17951538995885,0 77.34718907187647,19.17968613745964,0 77.3450280902225,19.18030802304871,0 77.34347237118519,19.1808077973206,0 77.34258518176203,19.18143623810177,0 77.34293522825632,19.18366012483335,0 77.34328755176176,19.18540389479986,0 77.34372906600764,19.18606578523483,0 77.34411320994921,19.18634452627254,0 77.34439705766302,19.18670450049322,0 77.34474122995408,19.1875924172714,0 77.34491037726158,19.18826395775413,0 77.34549512587327,19.18837481541432,0 77.34627188065309,19.18832861984036,0 77.34692207480305,19.18974117068864,0 77.3471324424537,19.19077868716964,0 77.34650764016811,19.19099810264641,0 77.34579975816742,19.1913880782026,0 77.34595784675973,19.19310872139911,0 77.34583178328174,19.19332884818825,0 77.34532362827763,19.19396276677349,0 77.3452960155295,19.19447356994842,0 77.34414495364932,19.19459170748943,0 77.34277192509094,19.19433006389819,0 77.34096910136597,19.19450070417627,0 77.33943971882674,19.19494630203531,0 77.3376785965512,19.195719371292,0 77.33519630704546,19.19636156946607,0 77.33513562242601,19.1968970578137,0 77.33545133706872,19.19911337486304,0 77.33592538701052,19.19980889252289,0 77.33615054262135,19.2011540580429,0 77.33279017365389,19.20194727832084,0 77.33053958421507,19.20272410019733,0 77.33053986124339,19.20441727473781,0 77.32919394232796,19.20457629131633,0 77.32748676218513,19.20477082891852,0 77.32748686806623,19.20551683583008,0 77.32597146421433,19.20565405473565,0 77.32484253767515,19.20209167894482,0 77.32461678211233,19.20158930856504,0 77.32315514712285,19.20008455340064,0 77.3230230776217,19.19898648578103,0 77.32160300168549,19.19667521040575,0 77.32055152797928,19.19508231653711,0 77.32105054025845,19.19481738487664,0 77.32059046222795,19.19327049450762,0 77.32019068826112,19.1919487078216,0 77.31954552929099,19.18986473227908,0 77.31859937559915,19.18993278382617,0 77.31812025119358,19.18788759860188,0 77.31704053034848,19.18800001324722,0 77.31671788497542,19.18580389918326,0 77.31652691643718,19.18577027624404,0 77.31631073209515,19.18412488004432,0 77.3170612492714,19.18410553507803,0 
						</coordinates>
					</LinearRing>
				</outerBoundaryIs>
			</Polygon>
		</Placemark>
	</Document>
	<Document>
		<name>Ward no.4.kml</name>
		<StyleMap id="m_ylw-pushpin2">
			<Pair>
				<key>normal</key>
				<styleUrl>#s_ylw-pushpin2</styleUrl>
			</Pair>
			<Pair>
				<key>highlight</key>
				<styleUrl>#s_ylw-pushpin_hl2</styleUrl>
			</Pair>
		</StyleMap>
		<Style id="s_ylw-pushpin2">
			<IconStyle>
				<scale>1.1</scale>
				<Icon>
					<href>http://maps.google.com/mapfiles/kml/pushpin/ylw-pushpin.png</href>
				</Icon>
				<hotSpot x="20" y="2" xunits="pixels" yunits="pixels"/>
			</IconStyle>
			<LineStyle>
				<color>ffffff55</color>
				<width>3</width>
			</LineStyle>
			<PolyStyle>
				<fill>0</fill>
			</PolyStyle>
		</Style>
		<Style id="s_ylw-pushpin_hl2">
			<IconStyle>
				<scale>1.3</scale>
				<Icon>
					<href>http://maps.google.com/mapfiles/kml/pushpin/ylw-pushpin.png</href>
				</Icon>
				<hotSpot x="20" y="2" xunits="pixels" yunits="pixels"/>
			</IconStyle>
			<LineStyle>
				<color>ffffff55</color>
				<width>3</width>
			</LineStyle>
			<PolyStyle>
				<fill>0</fill>
			</PolyStyle>
		</Style>
		<Placemark>
			<name>Ward no.4.kml</name>
			<styleUrl>#m_ylw-pushpin2</styleUrl>
			<Polygon>
				<tessellate>1</tessellate>
				<outerBoundaryIs>
					<LinearRing>
						<coordinates>
							77.3207642614905,19.169521028311,0 77.32124346072639,19.17029233714907,0 77.32337966834962,19.17373608561543,0 77.32338160527554,19.17373940866119,0 77.32526096455548,19.17682879206225,0 77.32604983545063,19.17812593210211,0 77.32681728403583,19.17885658161673,0 77.32773519225758,19.18019570100688,0 77.32773542337443,19.18019605020694,0 77.32913584417683,19.18279603048131,0 77.32628615925321,19.18313258254463,0 77.32335830496898,19.18345862901043,0 77.32272877636841,19.18352763532097,0 77.32144441774032,19.18365502577506,0 77.3196958552591,19.18383033188292,0 77.31839716663322,19.18395991708776,0 77.31706169636195,19.18410554064584,0 77.31630203865029,19.18412509137039,0 77.31568145025423,19.18411769756925,0 77.31484203750942,19.18428897678518,0 77.31328643815507,19.18457831830999,0 77.31215166221158,19.18460216859662,0 77.31096868260325,19.18450756283656,0 77.31029421283966,19.18445956796137,0 77.31031728317309,19.1843352448422,0 77.31035895859155,19.18410692935365,0 77.31038425190705,19.18396798251907,0 77.31046217954638,19.18366859939376,0 77.31054258790545,19.18335907333405,0 77.3106049428394,19.18311957186118,0 77.31071325585347,19.18269520406182,0 77.31079077366194,19.1823858626116,0 77.31083734592586,19.18212606182928,0 77.3108788248495,19.18188908509052,0 77.31096791078667,19.18163802530368,0 77.31096989218187,19.18163247333631,0 77.31102137122178,19.18143410471179,0 77.31102264212858,19.18141041519799,0 77.31105125045734,19.18085154831542,0 77.31105974809881,19.18068409815153,0 77.31107176899135,19.18044652409002,0 77.31107171163528,19.18044500615891,0 77.31110609052179,19.18034539734822,0 77.31113991741235,19.1802469494377,0 77.31116673547011,19.18016841603367,0 77.31122167308058,19.18000807381313,0 77.31128516599888,19.17982365091374,0 77.31134296578082,19.17965451116232,0 77.31142336207074,19.17941991804745,0 77.31150972217384,19.17916925870909,0 77.3116108303782,19.17887463574778,0 77.3117302238803,19.1785265671416,0 77.31173399083404,19.17851541425787,0 77.31175254219784,19.17851523958559,0 77.31203309547769,19.17851331569312,0 77.31237300174526,19.17851033351026,0 77.31274302028152,19.178508131132,0 77.31311158986234,19.17850529316035,0 77.31325080187834,19.17850412603188,0 77.31356229323086,19.17849016726647,0 77.31356633242487,19.1783988728103,0 77.31357172208749,19.17827827799095,0 77.31357957982863,19.17810673700056,0 77.31360179964291,19.1776209248153,0 77.31363177873267,19.17694381559322,0 77.31370912637645,19.17647414504247,0 77.31382026248032,19.17580024788732,0 77.3138214171712,19.17579317721288,0 77.31382969851794,19.17537694509942,0 77.31383983221917,19.17483284580687,0 77.31383425916268,19.17473150748921,0 77.31380029640057,19.17418653193152,0 77.31432921580979,19.17383140192436,0 77.31468898743356,19.17359009983467,0 77.3151146018716,19.17330473126021,0 77.31568562280191,19.17292147273263,0 77.3175448200269,19.17167410571165,0 77.31879297626588,19.17083398492838,0 77.31915096103197,19.17059888730375,0 77.32004484528461,19.1699963079444,0 77.32006770762501,19.16998085695612,0 77.3207642614905,19.169521028311,0 
						</coordinates>
					</LinearRing>
				</outerBoundaryIs>
			</Polygon>
		</Placemark>
	</Document>
	<Document>
		<name>Ward no.5.kml</name>
		<StyleMap id="m_ylw-pushpin3">
			<Pair>
				<key>normal</key>
				<styleUrl>#s_ylw-pushpin3</styleUrl>
			</Pair>
			<Pair>
				<key>highlight</key>
				<styleUrl>#s_ylw-pushpin_hl3</styleUrl>
			</Pair>
		</StyleMap>
		<Style id="s_ylw-pushpin3">
			<IconStyle>
				<scale>1.1</scale>
				<Icon>
					<href>http://maps.google.com/mapfiles/kml/pushpin/ylw-pushpin.png</href>
				</Icon>
				<hotSpot x="20" y="2" xunits="pixels" yunits="pixels"/>
			</IconStyle>
			<LineStyle>
				<color>ffffff55</color>
				<width>3</width>
			</LineStyle>
			<PolyStyle>
				<fill>0</fill>
			</PolyStyle>
		</Style>
		<Style id="s_ylw-pushpin_hl3">
			<IconStyle>
				<scale>1.3</scale>
				<Icon>
					<href>http://maps.google.com/mapfiles/kml/pushpin/ylw-pushpin.png</href>
				</Icon>
				<hotSpot x="20" y="2" xunits="pixels" yunits="pixels"/>
			</IconStyle>
			<LineStyle>
				<color>ffffff55</color>
				<width>3</width>
			</LineStyle>
			<PolyStyle>
				<fill>0</fill>
			</PolyStyle>
		</Style>
		<Placemark>
			<name>Ward no.5.kml</name>
			<styleUrl>#m_ylw-pushpin3</styleUrl>
			<Polygon>
				<tessellate>1</tessellate>
				<outerBoundaryIs>
					<LinearRing>
						<coordinates>
							77.3042448477256,19.17997979119761,0 77.30425960387775,19.17962948811534,0 77.30428509814773,19.17903217336622,0 77.304306710018,19.17848871680872,0 77.30435100214321,19.17739167867868,0 77.30436582345061,19.1769616565098,0 77.30441060304136,19.17572420276197,0 77.30443917470734,19.17505526080538,0 77.30449066244356,19.17380459650994,0 77.30449324241582,19.17375487189135,0 77.30448115149261,19.17340697520057,0 77.30446483853402,19.17291184710111,0 77.30444948366709,19.17247251969017,0 77.30443656342366,19.17205301623217,0 77.30443464274252,19.17202964382311,0 77.30534538589298,19.17199188756891,0 77.30667982936897,19.17193941799098,0 77.30763557355499,19.17198911890323,0 77.30840468820203,19.17204320307986,0 77.30928178025746,19.17203716328743,0 77.30929205387628,19.17203828518963,0 77.31155390602919,19.17250069996612,0 77.31229691621888,19.17265066175589,0 77.31264437805669,19.17272112072896,0 77.3128985972927,19.1727715805321,0 77.31291271965387,19.17277436286344,0 77.31288656426442,19.17285879963299,0 77.31285992553019,19.17294428985226,0 77.31282337094952,19.17306142890056,0 77.31277521159562,19.17321572657164,0 77.31270470670484,19.1734422881703,0 77.31264883464297,19.17362174187532,0 77.31257098445163,19.1738727831986,0 77.31245884010438,19.17427815208082,0 77.31236865560231,19.17460553187104,0 77.31235269681848,19.17485367991365,0 77.31233401725007,19.17516501653444,0 77.31233400425694,19.17516662472148,0 77.31240068513706,19.17512192970079,0 77.31255583771365,19.1750184765875,0 77.31276764006721,19.17487681143228,0 77.31297358322685,19.17473904245039,0 77.3132218161564,19.17457363567244,0 77.31359617956603,19.17432308915837,0 77.31380023098262,19.17418665416675,0 77.31380104697952,19.17419839531161,0 77.31383949192151,19.17482794762954,0 77.31383981143961,19.1748324175265,0 77.31382139931978,19.17579278621491,0 77.31363245346769,19.17694059519708,0 77.31356217552504,19.17849017591724,0 77.31324835155471,19.17850403738805,0 77.31173403863008,19.17851538911912,0 77.31107191775418,19.18044470537005,0 77.31102145739725,19.18143397414993,0 77.31096995447854,19.18163217180322,0 77.31087920698828,19.18188745759903,0 77.31079084541311,19.18238770575678,0 77.31061597553222,19.18307697397968,0 77.31038420068226,19.18396854009199,0 77.31029788714459,19.18444116874174,0 77.31029423489157,19.18445959513376,0 77.30992903046679,19.18442243006336,0 77.3095483387543,19.18438972834872,0 77.30760294843969,19.18421319201568,0 77.30643152098968,19.18410240298427,0 77.3047958959543,19.18393024925672,0 77.3044260348213,19.18388989972044,0 77.30442058278337,19.18378261005974,0 77.3044145767191,19.18366687930575,0 77.30440913887176,19.1835592880579,0 77.30440438550484,19.18346336889911,0 77.30439817729825,19.18334022854588,0 77.30438898976895,19.18315510921514,0 77.30437909549205,19.18295982597844,0 77.30437082133652,19.18277756950565,0 77.30436265255592,19.18259657581692,0 77.30434690562083,19.18225786267782,0 77.30433303978305,19.18197149513012,0 77.30432776616045,19.18185027260338,0 77.30430336122681,19.18133373703298,0 77.30427985915202,19.18079059640644,0 77.30425470852028,19.18019562579464,0 77.3042448477256,19.17997979119761,0 
						</coordinates>
					</LinearRing>
				</outerBoundaryIs>
			</Polygon>
		</Placemark>
	</Document>
	<Document>
		<name>Ward no.6.kml</name>
		<StyleMap id="m_ylw-pushpin4">
			<Pair>
				<key>normal</key>
				<styleUrl>#s_ylw-pushpin4</styleUrl>
			</Pair>
			<Pair>
				<key>highlight</key>
				<styleUrl>#s_ylw-pushpin_hl4</styleUrl>
			</Pair>
		</StyleMap>
		<Style id="s_ylw-pushpin4">
			<IconStyle>
				<scale>1.1</scale>
				<Icon>
					<href>http://maps.google.com/mapfiles/kml/pushpin/ylw-pushpin.png</href>
				</Icon>
				<hotSpot x="20" y="2" xunits="pixels" yunits="pixels"/>
			</IconStyle>
			<LineStyle>
				<color>ffffff55</color>
				<width>3</width>
			</LineStyle>
			<PolyStyle>
				<fill>0</fill>
			</PolyStyle>
		</Style>
		<Style id="s_ylw-pushpin_hl4">
			<IconStyle>
				<scale>1.3</scale>
				<Icon>
					<href>http://maps.google.com/mapfiles/kml/pushpin/ylw-pushpin.png</href>
				</Icon>
				<hotSpot x="20" y="2" xunits="pixels" yunits="pixels"/>
			</IconStyle>
			<LineStyle>
				<color>ffffff55</color>
				<width>3</width>
			</LineStyle>
			<PolyStyle>
				<fill>0</fill>
			</PolyStyle>
		</Style>
		<Placemark>
			<name>Ward no.6.kml</name>
			<styleUrl>#m_ylw-pushpin4</styleUrl>
			<Polygon>
				<tessellate>1</tessellate>
				<outerBoundaryIs>
					<LinearRing>
						<coordinates>
							77.29345046062389,19.18433246107007,0 77.29278572400703,19.18431395658363,0 77.28933169471927,19.18396904319795,0 77.28931267658695,19.18314954136388,0 77.28929567894605,19.18051282199875,0 77.28929346172563,19.17952184197177,0 77.28931250246019,19.17792906457731,0 77.28917094901485,19.17683403144803,0 77.28898700185857,19.1752594275975,0 77.28909669191492,19.17460493893537,0 77.28924661917166,19.17399154201533,0 77.28934656451473,19.17362979701932,0 77.28968936913276,19.17359365906484,0 77.29122819099516,19.17327570525488,0 77.29212335088295,19.17307445474466,0 77.29187116106024,19.17285918180576,0 77.29191373779142,19.17281757560842,0 77.29197078295492,19.17276177345282,0 77.29206450401853,19.17267043851994,0 77.29213573257378,19.17260073532609,0 77.29227265896442,19.17246684908392,0 77.292278326418,19.17246136312842,0 77.29228896848984,19.17247668031384,0 77.29235732108774,19.17257561642034,0 77.29243494872964,19.1726877229693,0 77.29250503427207,19.17278912774077,0 77.29264353613684,19.17298905849026,0 77.29289893440591,19.17335893400357,0 77.29291011993132,19.17337521879048,0 77.2928872144505,19.17339966674125,0 77.29280180716688,19.17349058069277,0 77.29279938097584,19.17349297591616,0 77.29295034155338,19.17359527910266,0 77.29314656374757,19.17372767967805,0 77.2933077545793,19.17383652521008,0 77.29349840676886,19.17396556073928,0 77.29368784583036,19.17409342875614,0 77.29375880414359,19.17414130048834,0 77.29376292044331,19.17414412141354,0 77.29378170399312,19.1741182297782,0 77.29384740618325,19.17402749825387,0 77.29392483673649,19.17391977695691,0 77.29410581660736,19.17366841508908,0 77.29426466136708,19.17344904139288,0 77.29458531084929,19.17300315821529,0 77.29494914567177,19.17249985599563,0 77.29546871188387,19.17178713726374,0 77.29599453924592,19.1710671927591,0 77.29661942998055,19.17027444500896,0 77.29696782240512,19.16983233369489,0 77.29824325556727,19.16840103333489,0 77.29878518319202,19.16779260622662,0 77.29943869789825,19.16782031970418,0 77.29945149233956,19.16782076725453,0 77.29940657577855,19.16786630736984,0 77.29930675817091,19.16796754873434,0 77.29930425231092,19.16797027011706,0 77.29930862985522,19.16798740736355,0 77.29933850090298,19.16810293584382,0 77.29939781797324,19.16833388298459,0 77.29954756212601,19.1689137145665,0 77.29961286393585,19.16916804706531,0 77.29981014725131,19.16993544694724,0 77.29992005745277,19.17036177962192,0 77.29995508869855,19.17049910562222,0 77.29998220899519,19.17038580439343,0 77.30007585223085,19.16999531428485,0 77.30007814648721,19.16998543789911,0 77.30018474505883,19.16999842509736,0 77.30045288564412,19.17003156997852,0 77.30046533742109,19.17003303601543,0 77.30048675242126,19.16993651443492,0 77.30051357737652,19.1698152267164,0 77.30053944146346,19.16969996036668,0 77.30054125269324,19.16969165947492,0 77.30056215079047,19.16969704062055,0 77.30087091162143,19.16977509427915,0 77.3012662035097,19.16984747099427,0 77.30208576219937,19.1699975099736,0 77.30253908843883,19.17007727976647,0 77.30426858014707,19.17038151958175,0 77.30428763502788,19.17038519855135,0 77.30430052906391,19.17052344475828,0 77.30432751385166,19.17080840427248,0 77.30434840683593,19.17102972190918,0 77.30438187542715,19.17138191366379,0 77.30443445228894,19.17203048377359,0 77.30443610030134,19.17205388423898,0 77.30449324468685,19.17375514887843,0 77.30449071158137,19.17380395959884,0 77.30447343545519,19.17422459690838,0 77.30446437169877,19.17444729178203,0 77.30441081108731,19.1757201355219,0 77.30434465534009,19.17756331168049,0 77.30424482134951,19.17997902445887,0 77.30425513850375,19.18020698805143,0 77.30430166064147,19.18129059070236,0 77.30438309024262,19.18304225879471,0 77.30442606406902,19.18388984116885,0 77.3038491530607,19.18393634208881,0 77.30238718622718,19.18406544280278,0 77.30198434931857,19.18410417563843,0 77.30101275628991,19.18423984651183,0 77.30032136253797,19.18437052180787,0 77.29926181066769,19.18481614391955,0 77.29717062373938,19.18570220885819,0 77.29360024646282,19.18652987497495,0 77.29345046062389,19.18433246107007,0 
						</coordinates>
					</LinearRing>
				</outerBoundaryIs>
			</Polygon>
		</Placemark>
	</Document>
	<Document>
		<name>Ward no.7.kml</name>
		<StyleMap id="m_ylw-pushpin5">
			<Pair>
				<key>normal</key>
				<styleUrl>#s_ylw-pushpin5</styleUrl>
			</Pair>
			<Pair>
				<key>highlight</key>
				<styleUrl>#s_ylw-pushpin_hl5</styleUrl>
			</Pair>
		</StyleMap>
		<Style id="s_ylw-pushpin5">
			<IconStyle>
				<scale>1.1</scale>
				<Icon>
					<href>http://maps.google.com/mapfiles/kml/pushpin/ylw-pushpin.png</href>
				</Icon>
				<hotSpot x="20" y="2" xunits="pixels" yunits="pixels"/>
			</IconStyle>
			<LineStyle>
				<color>ffffff55</color>
				<width>3</width>
			</LineStyle>
			<PolyStyle>
				<fill>0</fill>
			</PolyStyle>
		</Style>
		<Style id="s_ylw-pushpin_hl5">
			<IconStyle>
				<scale>1.3</scale>
				<Icon>
					<href>http://maps.google.com/mapfiles/kml/pushpin/ylw-pushpin.png</href>
				</Icon>
				<hotSpot x="20" y="2" xunits="pixels" yunits="pixels"/>
			</IconStyle>
			<LineStyle>
				<color>ffffff55</color>
				<width>3</width>
			</LineStyle>
			<PolyStyle>
				<fill>0</fill>
			</PolyStyle>
		</Style>
		<Placemark>
			<name>Ward no.7.kml</name>
			<styleUrl>#m_ylw-pushpin5</styleUrl>
			<Polygon>
				<tessellate>1</tessellate>
				<outerBoundaryIs>
					<LinearRing>
						<coordinates>
							77.29028543246881,19.17122137284622,0 77.28983948089048,19.17066756179257,0 77.28949754279189,19.16982828388063,0 77.28894762180519,19.1668139509903,0 77.28849519225591,19.16500368491559,0 77.28818337700746,19.16263151977427,0 77.28808097653973,19.16027902416649,0 77.29075204304685,19.16032010575296,0 77.29061782824547,19.15958933324808,0 77.29095332841757,19.15961138211265,0 77.29129543162578,19.15963345125519,0 77.29199568192548,19.15966118446065,0 77.29281716995548,19.15969260884823,0 77.29310549718318,19.15970365765293,0 77.29338847597975,19.15971475454363,0 77.29363790414725,19.15972426985434,0 77.29519379709352,19.15979665603254,0 77.29523847399605,19.15979877340513,0 77.29638561895771,19.15985216944448,0 77.29700065170347,19.15987695315843,0 77.29798590608523,19.15991189495637,0 77.2980473335864,19.1601868301073,0 77.29808431843355,19.1603509565407,0 77.29815789721795,19.16068061516471,0 77.2982325118154,19.16101375671477,0 77.29833289362584,19.16146045564885,0 77.29833557229567,19.16147238916695,0 77.29836601887605,19.16151148267807,0 77.29849453754865,19.16167827793892,0 77.29850002195272,19.16168545894122,0 77.2985287557363,19.16174475088598,0 77.29860264960028,19.16189766395005,0 77.2987080608832,19.1621156791052,0 77.29873867982442,19.16217905637038,0 77.29882307267536,19.16235378556671,0 77.29890280620532,19.16251895236916,0 77.29916621477649,19.16304936184126,0 77.29927563214524,19.16326941177214,0 77.29941567940162,19.16355105384091,0 77.29957064355212,19.16386411305317,0 77.29975245176014,19.1642297188863,0 77.30012075292825,19.16497152078318,0 77.30012348331536,19.16497695180803,0 77.30018638016399,19.16493244853514,0 77.30039067702856,19.1647881127019,0 77.3005688608585,19.16466283068699,0 77.30069524466033,19.1645735366967,0 77.30074897137537,19.16452702263988,0 77.30108448286964,19.16423503090971,0 77.30136220545255,19.16399422872975,0 77.30136940904629,19.16398820796937,0 77.30144027397171,19.16418753641205,0 77.30145403844666,19.16425622526616,0 77.30149155590742,19.16444536063794,0 77.30152543962308,19.16461410364604,0 77.30156487604324,19.16481016522064,0 77.30157150665627,19.16483504281329,0 77.30159207405212,19.16491334689084,0 77.30165694448409,19.16515953957663,0 77.30170349232556,19.16542631292597,0 77.30174992196143,19.16569196247251,0 77.30177634955126,19.16607019839275,0 77.30177652160286,19.16607214264832,0 77.30188018609314,19.16605347432674,0 77.30188300363758,19.1660529556579,0 77.30189389356491,19.1660977800671,0 77.30192910323531,19.16624342500456,0 77.30196282333281,19.16638289178999,0 77.30196446917657,19.16638950719832,0 77.30197024544421,19.1665189104056,0 77.30198278224883,19.16680046132243,0 77.30198314124439,19.16680654553886,0 77.30194294584214,19.16692355372551,0 77.30188075895072,19.16710454168533,0 77.30181421493889,19.16729720587622,0 77.30172967566838,19.16754188032922,0 77.30166372094209,19.16773495403056,0 77.30130917406299,19.16769531426719,0 77.30130038516197,19.16773705633845,0 77.30123565119411,19.16804297063189,0 77.30107970138029,19.16878186704082,0 77.30100968106478,19.16911635344959,0 77.30087042445572,19.16977507083167,0 77.30054120966668,19.16969172770889,0 77.30046531316455,19.1700330299946,0 77.30007817786925,19.16998555970899,0 77.299955272471,19.17049856703261,0 77.29930426314371,19.1679701881153,0 77.29945122668778,19.16782083151038,0 77.2987853783756,19.16779231307228,0 77.2969715838118,19.16982743205254,0 77.29599260765634,19.17106998670479,0 77.29493830625529,19.17251433764173,0 77.29376296722722,19.1741441377738,0 77.29279928275155,19.1734930832263,0 77.29291007051604,19.17337522723686,0 77.29227837330872,19.17246137638056,0 77.29187119099538,19.17285918083298,0 77.29028543246881,19.17122137284622,0 
						</coordinates>
					</LinearRing>
				</outerBoundaryIs>
			</Polygon>
		</Placemark>
	</Document>
	<Document>
		<name>Ward no.8.kml</name>
		<StyleMap id="m_ylw-pushpin6">
			<Pair>
				<key>normal</key>
				<styleUrl>#s_ylw-pushpin6</styleUrl>
			</Pair>
			<Pair>
				<key>highlight</key>
				<styleUrl>#s_ylw-pushpin_hl6</styleUrl>
			</Pair>
		</StyleMap>
		<Style id="s_ylw-pushpin6">
			<IconStyle>
				<scale>1.1</scale>
				<Icon>
					<href>http://maps.google.com/mapfiles/kml/pushpin/ylw-pushpin.png</href>
				</Icon>
				<hotSpot x="20" y="2" xunits="pixels" yunits="pixels"/>
			</IconStyle>
			<LineStyle>
				<color>ffffff55</color>
				<width>3</width>
			</LineStyle>
			<PolyStyle>
				<fill>0</fill>
			</PolyStyle>
		</Style>
		<Style id="s_ylw-pushpin_hl6">
			<IconStyle>
				<scale>1.3</scale>
				<Icon>
					<href>http://maps.google.com/mapfiles/kml/pushpin/ylw-pushpin.png</href>
				</Icon>
				<hotSpot x="20" y="2" xunits="pixels" yunits="pixels"/>
			</IconStyle>
			<LineStyle>
				<color>ffffff55</color>
				<width>3</width>
			</LineStyle>
			<PolyStyle>
				<fill>0</fill>
			</PolyStyle>
		</Style>
		<Placemark>
			<name>Ward no.8.kml</name>
			<styleUrl>#m_ylw-pushpin6</styleUrl>
			<Polygon>
				<tessellate>1</tessellate>
				<outerBoundaryIs>
					<LinearRing>
						<coordinates>
							77.31142376149236,19.16066588304198,0 77.31146752808768,19.16125007370718,0 77.31148875861457,19.16157132430701,0 77.31134646982305,19.16211143057955,0 77.31176926986618,19.16228383742568,0 77.31223512880938,19.1624736974006,0 77.31224999416028,19.16247966142185,0 77.31219921776396,19.1626380199459,0 77.31213635226941,19.16283518952943,0 77.3120456438878,19.1631184625351,0 77.31194894305948,19.16342002676033,0 77.31191362352266,19.16353164034578,0 77.3116842279597,19.16424869362502,0 77.3116750103072,19.16427666857305,0 77.31163553165312,19.16452516689976,0 77.31158168777272,19.16486557338527,0 77.31149866122783,19.16538674590904,0 77.31140879275881,19.16595578735125,0 77.31135367465946,19.16631287392018,0 77.31113067385201,19.16679511731779,0 77.31092915608727,19.16723250898011,0 77.3108304575933,19.16744598065123,0 77.3103914874405,19.16771593313279,0 77.31018378133297,19.16784208169293,0 77.30978071949006,19.16809342245346,0 77.30954046807902,19.17004047119685,0 77.30929224217711,19.17203695600599,0 77.30929203738368,19.17203829772253,0 77.30928200639593,19.17203709632459,0 77.30841015255017,19.17204327408144,0 77.30759279741079,19.17198680392818,0 77.30668180409602,19.17193969157106,0 77.305576520535,19.17198273696631,0 77.30443428760124,19.17202941079167,0 77.30438328418529,19.17139892483441,0 77.30428754511006,19.170385012338,0 77.30201524614601,19.16998475957945,0 77.30087032831455,19.16977511398582,0 77.30130916221675,19.16769529338056,0 77.30166368086427,19.16773484598814,0 77.30198306445372,19.16680688988894,0 77.30196442227702,19.16638971246513,0 77.30188294539153,19.16605300111153,0 77.30177648403931,19.16607210276154,0 77.30174965580763,19.16569252417937,0 77.30165645042108,19.16515762510485,0 77.30156487451124,19.1648101489633,0 77.30144015208548,19.16418763351412,0 77.30136933578795,19.16398815114145,0 77.30069494289141,19.16457378284004,0 77.30012350594404,19.16497692580145,0 77.29890526544055,19.16252378696545,0 77.29850015490098,19.16168553367207,0 77.29833561913874,19.16147218890824,0 77.29798590728537,19.15991186805424,0 77.29866011274379,19.15995203813637,0 77.30016023901484,19.16003612476083,0 77.30222753602393,19.16015367047826,0 77.30363367625884,19.16023245900671,0 77.30416615855056,19.16026282620398,0 77.30517155059303,19.16032042550006,0 77.30663804358429,19.16041087475733,0 77.30686886573267,19.16042247940194,0 77.30712040843113,19.16043483251826,0 77.3074875386164,19.16045293042359,0 77.30788744245203,19.160472952596,0 77.30833178685022,19.16049497934916,0 77.30899795132416,19.16052822438555,0 77.30913727588614,19.1605350933055,0 77.30925173494309,19.16054136412556,0 77.30946026994624,19.16055337806086,0 77.3096910905692,19.16056641233214,0 77.31017961510393,19.16059455418305,0 77.31098437732923,19.16064052207046,0 77.31142376149236,19.16066588304198,0 
						</coordinates>
					</LinearRing>
				</outerBoundaryIs>
			</Polygon>
		</Placemark>
	</Document>
	<Document>
		<name>Ward no.9.kml</name>
		<StyleMap id="m_ylw-pushpin7">
			<Pair>
				<key>normal</key>
				<styleUrl>#s_ylw-pushpin7</styleUrl>
			</Pair>
			<Pair>
				<key>highlight</key>
				<styleUrl>#s_ylw-pushpin_hl7</styleUrl>
			</Pair>
		</StyleMap>
		<Style id="s_ylw-pushpin7">
			<IconStyle>
				<scale>1.1</scale>
				<Icon>
					<href>http://maps.google.com/mapfiles/kml/pushpin/ylw-pushpin.png</href>
				</Icon>
				<hotSpot x="20" y="2" xunits="pixels" yunits="pixels"/>
			</IconStyle>
			<LineStyle>
				<color>ffffff55</color>
				<width>3</width>
			</LineStyle>
			<PolyStyle>
				<fill>0</fill>
			</PolyStyle>
		</Style>
		<Style id="s_ylw-pushpin_hl7">
			<IconStyle>
				<scale>1.3</scale>
				<Icon>
					<href>http://maps.google.com/mapfiles/kml/pushpin/ylw-pushpin.png</href>
				</Icon>
				<hotSpot x="20" y="2" xunits="pixels" yunits="pixels"/>
			</IconStyle>
			<LineStyle>
				<color>ffffff55</color>
				<width>3</width>
			</LineStyle>
			<PolyStyle>
				<fill>0</fill>
			</PolyStyle>
		</Style>
		<Placemark>
			<name>Ward no.9.kml</name>
			<styleUrl>#m_ylw-pushpin7</styleUrl>
			<Polygon>
				<tessellate>1</tessellate>
				<outerBoundaryIs>
					<LinearRing>
						<coordinates>
							77.31558662152183,19.16074290340469,0 77.31559989752607,19.160807726237,0 77.31561387133375,19.16087688121159,0 77.31567610921822,19.16118433805551,0 77.31567846089172,19.16119654853941,0 77.31573302294447,19.16132988179153,0 77.31582260142586,19.16154906432985,0 77.31582580563376,19.1615571681901,0 77.31588875108348,19.16164167572278,0 77.31593649487039,19.16170577001582,0 77.31602531322106,19.16182501284442,0 77.31623925128812,19.1621122081458,0 77.3166612401084,19.16267843868859,0 77.31667952566347,19.16270287519106,0 77.31681222442883,19.16295454299431,0 77.31700489631795,19.16332025547586,0 77.31742195156447,19.16411183681543,0 77.31757488136901,19.16440259540488,0 77.3179310339,19.16496356630984,0 77.31825193499958,19.16547157445362,0 77.31848114553995,19.16583216102329,0 77.31870218574338,19.16618716558685,0 77.31903138275139,19.16672022868437,0 77.31920207560086,19.16699666303249,0 77.31949229296239,19.16746527822462,0 77.31964908042333,19.16771759698225,0 77.31998597827283,19.16826351612714,0 77.32027994943871,19.16873787527794,0 77.32076423603245,19.16952093641361,0 77.32057566899955,19.16964556930484,0 77.3203065176797,19.16982310028272,0 77.32006776114254,19.16998080606959,0 77.31952984158622,19.17034356818856,0 77.3191373747897,19.17060799406443,0 77.31878451325939,19.17083958399179,0 77.31779973987517,19.17150306783497,0 77.31380904192393,19.17418047825729,0 77.31379312594056,19.17419157003184,0 77.31233396778858,19.17516663695413,0 77.31236837965109,19.17460828335348,0 77.3123683611939,19.17460639236305,0 77.31257003389914,19.17387552152651,0 77.31291271657021,19.17277437053124,0 77.31194126376582,19.1725790479353,0 77.31072195734326,19.17233047567846,0 77.30979562806081,19.17214115512474,0 77.3092920923888,19.17203825338821,0 77.30954798048262,19.16997989839293,0 77.30978068163481,19.16809338071415,0 77.31003821095054,19.16793287194592,0 77.31017843830418,19.16784549160403,0 77.3103533434563,19.16773918603137,0 77.31083047080034,19.16744598432568,0 77.31135337584007,19.16631330428731,0 77.31140266557261,19.16599555373042,0 77.31144508914154,19.1657255609794,0 77.31167485430824,19.1642778357064,0 77.31167500759189,19.1642765294948,0 77.31169524829598,19.16421415416465,0 77.31225006505412,19.16247976039424,0 77.31134652272949,19.16211139242885,0 77.31148872287791,19.16157148410136,0 77.31146455719038,19.16120984773445,0 77.31142359627928,19.16066577487165,0 77.31143374038466,19.16066634790992,0 77.3123978315996,19.16068406969877,0 77.31325931174403,19.1607000251338,0 77.31403774411575,19.16071461102785,0 77.31478483000998,19.16072834344561,0 77.31541223861642,19.16073956690176,0 77.31558662152183,19.16074290340469,0 
						</coordinates>
					</LinearRing>
				</outerBoundaryIs>
			</Polygon>
		</Placemark>
	</Document>
	<Document>
		<name>Ward no.10.kml</name>
		<StyleMap id="m_ylw-pushpin8">
			<Pair>
				<key>normal</key>
				<styleUrl>#s_ylw-pushpin8</styleUrl>
			</Pair>
			<Pair>
				<key>highlight</key>
				<styleUrl>#s_ylw-pushpin_hl8</styleUrl>
			</Pair>
		</StyleMap>
		<Style id="s_ylw-pushpin8">
			<IconStyle>
				<scale>1.1</scale>
				<Icon>
					<href>http://maps.google.com/mapfiles/kml/pushpin/ylw-pushpin.png</href>
				</Icon>
				<hotSpot x="20" y="2" xunits="pixels" yunits="pixels"/>
			</IconStyle>
			<LineStyle>
				<color>ffffff55</color>
				<width>3</width>
			</LineStyle>
			<PolyStyle>
				<fill>0</fill>
			</PolyStyle>
		</Style>
		<Style id="s_ylw-pushpin_hl8">
			<IconStyle>
				<scale>1.3</scale>
				<Icon>
					<href>http://maps.google.com/mapfiles/kml/pushpin/ylw-pushpin.png</href>
				</Icon>
				<hotSpot x="20" y="2" xunits="pixels" yunits="pixels"/>
			</IconStyle>
			<LineStyle>
				<color>ffffff55</color>
				<width>3</width>
			</LineStyle>
			<PolyStyle>
				<fill>0</fill>
			</PolyStyle>
		</Style>
		<Placemark>
			<name>Ward no.10.kml</name>
			<styleUrl>#m_ylw-pushpin8</styleUrl>
			<Polygon>
				<tessellate>1</tessellate>
				<outerBoundaryIs>
					<LinearRing>
						<coordinates>
							77.31895096060771,19.16090845294941,0 77.31898090695367,19.16091007068516,0 77.31928700011466,19.16098678303999,0 77.31954485528529,19.1610511322413,0 77.32005163641115,19.16117812184265,0 77.32024361385176,19.16122637380938,0 77.32102746472515,19.16142239957232,0 77.32137556450247,19.16150983738165,0 77.32294829786926,19.1621740355462,0 77.32295213212159,19.16217565584838,0 77.32406932635475,19.16272763396609,0 77.32509689975386,19.16323505325256,0 77.32656428686826,19.16395978448237,0 77.32792708935288,19.16463274712471,0 77.32895073173789,19.16513832219736,0 77.32984745455427,19.16558272897964,0 77.32984845854628,19.16559919067267,0 77.32986229495152,19.16649568159881,0 77.32987878631801,19.16756552372722,0 77.32989206486144,19.16833216709814,0 77.32990828555307,19.16936861328381,0 77.32991276558946,19.16965601125748,0 77.32991658460804,19.16990357808356,0 77.32992177796932,19.17021382641183,0 77.32992677712704,19.17048768289188,0 77.32993603573553,19.17098537516545,0 77.32994726798351,19.17153856870332,0 77.32995622676631,19.17204786807691,0 77.32995980656983,19.17225749030581,0 77.32997980524058,19.17345894716313,0 77.32960709155527,19.17348238070677,0 77.32939655006737,19.17349609630051,0 77.32849544898515,19.17355267034053,0 77.32753760543557,19.173612753116,0 77.32694974560285,19.17364962676757,0 77.32693106790347,19.17365080125884,0 77.32689159875775,19.17355463535702,0 77.32689157640046,19.17355422081898,0 77.3268255959874,19.17355688294927,0 77.3266950311706,19.17356227840885,0 77.32646661503458,19.17357141621369,0 77.32606407950688,19.17358765156568,0 77.32557334697249,19.17360740659622,0 77.3248401956739,19.17363786059753,0 77.32410099691675,19.17366706079503,0 77.32377610692038,19.17368045301151,0 77.32376410699096,19.17368088711701,0 77.32338182147052,19.17373951208943,0 77.3217868982365,19.17116840293254,0 77.32123706209291,19.17028206839187,0 77.32111083392613,19.17007911077835,0 77.32098464489911,19.1698752102126,0 77.32088933896901,19.16972316445347,0 77.32076619982561,19.16952413245173,0 77.31974807253852,19.16787802447062,0 77.31931033408513,19.16717162946704,0 77.31876280814241,19.16628517374865,0 77.31868381672531,19.16615755040081,0 77.31850878431878,19.16587657883749,0 77.31848024612188,19.16583060201707,0 77.31822566099092,19.16542998570235,0 77.31811323169526,19.16525198959102,0 77.31794280145537,19.16498223507809,0 77.31771107595216,19.16461723012086,0 77.31757805567455,19.16440772088978,0 77.31757544295948,19.16440349751027,0 77.3172823412866,19.16384681386565,0 77.31667962791212,19.16270301267735,0 77.31649773178117,19.16245920699234,0 77.315929483549,19.16169641044021,0 77.31582645675758,19.16155810930509,0 77.31582583483058,19.16155731478848,0 77.31579904495277,19.16149160699451,0 77.31567865769941,19.1611969475654,0 77.31558795806626,19.1607492989577,0 77.31558664958023,19.16074292017322,0 77.31559362527217,19.16074307035788,0 77.31586826645886,19.16075553111033,0 77.31604255513929,19.16076346208557,0 77.31632721518699,19.16077641457283,0 77.31657252709589,19.16078754383651,0 77.31694890377611,19.16080469518037,0 77.3176414987996,19.16083612962928,0 77.31895096060771,19.16090845294941,0 
						</coordinates>
					</LinearRing>
				</outerBoundaryIs>
			</Polygon>
		</Placemark>
	</Document>
	<Document>
		<name>Ward no.11.kml</name>
		<StyleMap id="m_ylw-pushpin9">
			<Pair>
				<key>normal</key>
				<styleUrl>#s_ylw-pushpin9</styleUrl>
			</Pair>
			<Pair>
				<key>highlight</key>
				<styleUrl>#s_ylw-pushpin_hl9</styleUrl>
			</Pair>
		</StyleMap>
		<Style id="s_ylw-pushpin9">
			<IconStyle>
				<scale>1.1</scale>
				<Icon>
					<href>http://maps.google.com/mapfiles/kml/pushpin/ylw-pushpin.png</href>
				</Icon>
				<hotSpot x="20" y="2" xunits="pixels" yunits="pixels"/>
			</IconStyle>
			<LineStyle>
				<color>ffffff55</color>
				<width>3</width>
			</LineStyle>
			<PolyStyle>
				<fill>0</fill>
			</PolyStyle>
		</Style>
		<Style id="s_ylw-pushpin_hl9">
			<IconStyle>
				<scale>1.3</scale>
				<Icon>
					<href>http://maps.google.com/mapfiles/kml/pushpin/ylw-pushpin.png</href>
				</Icon>
				<hotSpot x="20" y="2" xunits="pixels" yunits="pixels"/>
			</IconStyle>
			<LineStyle>
				<color>ffffff55</color>
				<width>3</width>
			</LineStyle>
			<PolyStyle>
				<fill>0</fill>
			</PolyStyle>
		</Style>
		<Placemark>
			<name>Ward no.11.kml</name>
			<styleUrl>#m_ylw-pushpin9</styleUrl>
			<Polygon>
				<tessellate>1</tessellate>
				<outerBoundaryIs>
					<LinearRing>
						<coordinates>
							77.32294155745937,19.16141672111533,0 77.32294102674621,19.1613739069185,0 77.32275170739646,19.16005769785606,0 77.32275140843832,19.16005610407367,0 77.32274270593419,19.15996184716177,0 77.32269675840858,19.15949030688506,0 77.32264791402285,19.15898756008983,0 77.32259098264737,19.15841057383071,0 77.32254431185862,19.15793171248574,0 77.32796043853565,19.15434676540375,0 77.33166124927489,19.15183312176727,0 77.33183406148981,19.15229533983589,0 77.33241298718949,19.15360651753725,0 77.33252929361923,19.15393788401215,0 77.33270377795964,19.15427573880903,0 77.33453950411275,19.15400079807809,0 77.33480822307554,19.15455189764785,0 77.33646003625046,19.15421181849472,0 77.33722307557065,19.15396138197836,0 77.3374212499622,19.15513313975304,0 77.33710321055942,19.15515826004759,0 77.3367940596025,19.15507253562765,0 77.33762780638018,19.15553659164587,0 77.34175918401843,19.15928564463286,0 77.34553477432871,19.16268982437257,0 77.34666382706364,19.16354766617142,0 77.34743937222841,19.16413786387562,0 77.34957969474155,19.16540378793361,0 77.34907560306348,19.16812914618474,0 77.34966201048138,19.17092238460084,0 77.35093251249147,19.17573773615951,0 77.34721211269429,19.17400842560677,0 77.34720164587446,19.1740036243703,0 77.34712958920549,19.1739685482891,0 77.34675729139509,19.1737877147627,0 77.34650058905926,19.1736631141714,0 77.34599684160379,19.17341843502363,0 77.34566600773572,19.17325780440859,0 77.34135993289986,19.17116510863233,0 77.34059983855803,19.17079500757023,0 77.34030338138105,19.17065052085368,0 77.33986391036137,19.17043666134265,0 77.33939633734624,19.17020968364865,0 77.33899980550693,19.17001720018826,0 77.33873671055352,19.16988950501745,0 77.33838419683745,19.16971839518019,0 77.337892302735,19.16947967671425,0 77.33696724977341,19.16903105681231,0 77.33621465856092,19.16866558094729,0 77.33574667381251,19.16843816579556,0 77.33364138102544,19.16741786650407,0 77.33292783495824,19.16707206088727,0 77.33270232008817,19.16696371459575,0 77.33263079893177,19.16692941263077,0 77.33230895821559,19.16677468755899,0 77.33219333382837,19.16671902061652,0 77.33211535248813,19.16668155411496,0 77.33197507742899,19.166614124151,0 77.33179657011223,19.16652828495211,0 77.33126607739756,19.16627102921442,0 77.32986190173578,19.16558968971619,0 77.32982999655339,19.16557406681416,0 77.32948826675299,19.1654046960663,0 77.32860023718405,19.16496480872182,0 77.32590297417393,19.16363364820364,0 77.32414091025632,19.16276295905008,0 77.3229521741719,19.16217566389957,0 77.32294155745937,19.16141672111533,0 
						</coordinates>
					</LinearRing>
				</outerBoundaryIs>
			</Polygon>
		</Placemark>
	</Document>
	<Document>
		<name>Ward no.12.kml</name>
		<StyleMap id="m_ylw-pushpin10">
			<Pair>
				<key>normal</key>
				<styleUrl>#s_ylw-pushpin10</styleUrl>
			</Pair>
			<Pair>
				<key>highlight</key>
				<styleUrl>#s_ylw-pushpin_hl10</styleUrl>
			</Pair>
		</StyleMap>
		<Style id="s_ylw-pushpin10">
			<IconStyle>
				<scale>1.1</scale>
				<Icon>
					<href>http://maps.google.com/mapfiles/kml/pushpin/ylw-pushpin.png</href>
				</Icon>
				<hotSpot x="20" y="2" xunits="pixels" yunits="pixels"/>
			</IconStyle>
			<LineStyle>
				<color>ffffff55</color>
				<width>3</width>
			</LineStyle>
			<PolyStyle>
				<fill>0</fill>
			</PolyStyle>
		</Style>
		<Style id="s_ylw-pushpin_hl10">
			<IconStyle>
				<scale>1.3</scale>
				<Icon>
					<href>http://maps.google.com/mapfiles/kml/pushpin/ylw-pushpin.png</href>
				</Icon>
				<hotSpot x="20" y="2" xunits="pixels" yunits="pixels"/>
			</IconStyle>
			<LineStyle>
				<color>ffffff55</color>
				<width>3</width>
			</LineStyle>
			<PolyStyle>
				<fill>0</fill>
			</PolyStyle>
		</Style>
		<Placemark>
			<name>Ward no.12.kml</name>
			<styleUrl>#m_ylw-pushpin10</styleUrl>
			<Polygon>
				<tessellate>1</tessellate>
				<outerBoundaryIs>
					<LinearRing>
						<coordinates>
							77.33650149880982,19.14955628234463,0 77.3379171806326,19.14844265900599,0 77.3379181656456,19.14844181824767,0 77.33801259367667,19.14835233473818,0 77.33921797244115,19.14721129964646,0 77.33968266307809,19.14770254344315,0 77.34236576113916,19.1484115928242,0 77.34378175918665,19.14867118690976,0 77.34516504853289,19.14902836556021,0 77.34852591012897,19.14992025776262,0 77.3515173890674,19.15112007313218,0 77.35247582422801,19.15174507778024,0 77.35373098126881,19.15284265290569,0 77.35471460699119,19.15466983886308,0 77.35370070369774,19.15576791178764,0 77.35265714045133,19.15747103493311,0 77.35213284074364,19.15840861562409,0 77.35206036038055,19.1590624208903,0 77.35140682516445,19.16073700135261,0 77.35047834004604,19.16069825360716,0 77.34983272224407,19.16382407904939,0 77.34957967949356,19.16540377840845,0 77.34952532860845,19.16537163845425,0 77.34941625913018,19.16530708956201,0 77.34934709024225,19.16526628904332,0 77.34917507238502,19.16516439005947,0 77.3488410775979,19.16496668473508,0 77.34842246401777,19.16471899602484,0 77.34774668382602,19.16431937101451,0 77.34743981554416,19.16413817933166,0 77.34691856512342,19.1637414627779,0 77.34554961357486,19.16270111767776,0 77.34553522799084,19.16269026454685,0 77.34501624236187,19.16222231038229,0 77.34456566683437,19.16181602740737,0 77.3433473052214,19.16071964960791,0 77.34173018527834,19.15925956461436,0 77.34023858357044,19.15790727409002,0 77.33988293732706,19.1575825194418,0 77.33941600249761,19.15715925797489,0 77.33810219866093,19.1559672068203,0 77.33764531806403,19.15555250031439,0 77.33762881769765,19.15553756558462,0 77.33762776292548,19.15553662203273,0 77.33756549699336,19.15550188394168,0 77.33733548063005,19.15537393908021,0 77.33708660619129,19.15523518158189,0 77.3368426479479,19.15509968224178,0 77.33679392954943,19.15507246950104,0 77.33684724618121,19.15508736226911,0 77.33709312063999,19.15515541356938,0 77.33710301494108,19.15515823324235,0 77.33716615302014,19.15515330057646,0 77.33741450788253,19.15513373015806,0 77.337421211185,19.15513318096712,0 77.33741672393631,19.15510599610773,0 77.33738905095063,19.15494263742669,0 77.33736038436996,19.15477232981491,0 77.3372296726042,19.1540012071658,0 77.3372231184126,19.15396156427691,0 77.33713878297527,19.15398903289655,0 77.33696741436226,19.1540452554598,0 77.33647225226062,19.15420766023922,0 77.33646043634874,19.15421178774874,0 77.33634001631086,19.1542366144295,0 77.33619123918417,19.15426725642179,0 77.33584380388652,19.15433879347029,0 77.33575993361382,19.15435596586444,0 77.33546575639875,19.15441636159454,0 77.33482472932903,19.15454869161943,0 77.33480815879666,19.15455199574889,0 77.33469797155463,19.15432671488549,0 77.33454345443185,19.15400902974365,0 77.33453933721596,19.15400082610399,0 77.33437998102765,19.15402448766257,0 77.33381068815549,19.15411008702153,0 77.33361814811845,19.15413881129639,0 77.33273598260772,19.15427104498666,0 77.33270428169359,19.15427557017462,0 77.33265149085437,19.15417373340955,0 77.33252965990128,19.15393894747304,0 77.33250549654932,19.15386980907424,0 77.33241981894093,19.15362584077628,0 77.33241321240929,19.15360709480742,0 77.33230405038861,19.15335932828568,0 77.33210110570427,19.15290007194348,0 77.33183348892751,19.15229398688163,0 77.33183124631897,19.15228722028628,0 77.3317524150636,19.152076521799,0 77.33166125787076,19.15183313934726,0 77.33650149880982,19.14955628234463,0 
						</coordinates>
					</LinearRing>
				</outerBoundaryIs>
			</Polygon>
		</Placemark>
	</Document>
	<Document>
		<name>Ward no.13.kml</name>
		<StyleMap id="m_ylw-pushpin11">
			<Pair>
				<key>normal</key>
				<styleUrl>#s_ylw-pushpin11</styleUrl>
			</Pair>
			<Pair>
				<key>highlight</key>
				<styleUrl>#s_ylw-pushpin_hl11</styleUrl>
			</Pair>
		</StyleMap>
		<Style id="s_ylw-pushpin11">
			<IconStyle>
				<scale>1.1</scale>
				<Icon>
					<href>http://maps.google.com/mapfiles/kml/pushpin/ylw-pushpin.png</href>
				</Icon>
				<hotSpot x="20" y="2" xunits="pixels" yunits="pixels"/>
			</IconStyle>
			<LineStyle>
				<color>ffffff55</color>
				<width>3</width>
			</LineStyle>
			<PolyStyle>
				<fill>0</fill>
			</PolyStyle>
		</Style>
		<Style id="s_ylw-pushpin_hl11">
			<IconStyle>
				<scale>1.3</scale>
				<Icon>
					<href>http://maps.google.com/mapfiles/kml/pushpin/ylw-pushpin.png</href>
				</Icon>
				<hotSpot x="20" y="2" xunits="pixels" yunits="pixels"/>
			</IconStyle>
			<LineStyle>
				<color>ffffff55</color>
				<width>3</width>
			</LineStyle>
			<PolyStyle>
				<fill>0</fill>
			</PolyStyle>
		</Style>
		<Placemark>
			<name>Ward no.13.kml</name>
			<styleUrl>#m_ylw-pushpin11</styleUrl>
			<Polygon>
				<tessellate>1</tessellate>
				<outerBoundaryIs>
					<LinearRing>
						<coordinates>
							77.32791684026054,19.15435752960942,0 77.32786635187561,19.15426926687657,0 77.32784190637652,19.15422680331584,0 77.32784128991274,19.15422580514086,0 77.32790777279888,19.15390642262208,0 77.32817383711422,19.15262735904357,0 77.32834608138363,19.15157933684924,0 77.32827648694736,19.15070473353926,0 77.32825272162,19.15023562521625,0 77.32814319316103,19.14848235603384,0 77.32812032532263,19.14769393398401,0 77.32938254734387,19.1475092850308,0 77.32896326333822,19.14723796580429,0 77.32861200299254,19.14696583967874,0 77.32835657490742,19.1469144991069,0 77.32836570913648,19.14689436689352,0 77.32838460204506,19.14685119803203,0 77.32852197419784,19.14656071484769,0 77.32852220424428,19.14656001319011,0 77.32894056027466,19.14625071319228,0 77.32899188553058,19.14617667807675,0 77.32928671572229,19.14575231437364,0 77.32928696738634,19.14575186354913,0 77.32932369251655,19.14536429478914,0 77.32915634203383,19.14462517659346,0 77.32966614725125,19.14484474198185,0 77.3298397297973,19.14490509815573,0 77.33022105261486,19.1450981008736,0 77.33073413957038,19.14523485067141,0 77.33074602093171,19.14537611690182,0 77.33087925808948,19.14541208860975,0 77.3308895662867,19.14550354415764,0 77.33100719765007,19.14560299093461,0 77.33134211706691,19.14576065347473,0 77.33134721885591,19.14626788201537,0 77.33183156789379,19.14651150667072,0 77.3319565907502,19.14652340389323,0 77.33221831703355,19.14649809640224,0 77.33374114955011,19.14703574776205,0 77.33450119256267,19.14748931955889,0 77.33494887779261,19.14633071709381,0 77.33506425099793,19.14610711654305,0 77.33620778897118,19.14477904366489,0 77.33670161221616,19.1442140392188,0 77.33676570562268,19.14414100404241,0 77.3380168850214,19.14523267035484,0 77.33921786727193,19.14721130440292,0 77.33793523344812,19.14842557923508,0 77.3379184597342,19.14844163205936,0 77.33706250142275,19.14911520107467,0 77.33651674062354,19.14954417845505,0 77.3365016127601,19.1495561755971,0 77.33170236623933,19.15181377865233,0 77.33166110977737,19.151833105677,0 77.33145821081804,19.1519710042802,0 77.33117272061716,19.15216499195516,0 77.3307784575303,19.15243280703228,0 77.33022676445518,19.15280748358241,0 77.32993578519907,19.15300523775848,0 77.32876064973503,19.15380337409753,0 77.32822496969962,19.15416713000432,0 77.32799241861692,19.15432513082266,0 77.32796432900318,19.15434415203952,0 77.32792441512825,19.15437064105636,0 77.32791684026054,19.15435752960942,0 
						</coordinates>
					</LinearRing>
				</outerBoundaryIs>
			</Polygon>
		</Placemark>
	</Document>
	<Document>
		<name>Ward no.14.kml</name>
		<StyleMap id="m_ylw-pushpin12">
			<Pair>
				<key>normal</key>
				<styleUrl>#s_ylw-pushpin12</styleUrl>
			</Pair>
			<Pair>
				<key>highlight</key>
				<styleUrl>#s_ylw-pushpin_hl12</styleUrl>
			</Pair>
		</StyleMap>
		<Style id="s_ylw-pushpin12">
			<IconStyle>
				<scale>1.1</scale>
				<Icon>
					<href>http://maps.google.com/mapfiles/kml/pushpin/ylw-pushpin.png</href>
				</Icon>
				<hotSpot x="20" y="2" xunits="pixels" yunits="pixels"/>
			</IconStyle>
			<LineStyle>
				<color>ffffff55</color>
				<width>3</width>
			</LineStyle>
			<PolyStyle>
				<fill>0</fill>
			</PolyStyle>
		</Style>
		<Style id="s_ylw-pushpin_hl12">
			<IconStyle>
				<scale>1.3</scale>
				<Icon>
					<href>http://maps.google.com/mapfiles/kml/pushpin/ylw-pushpin.png</href>
				</Icon>
				<hotSpot x="20" y="2" xunits="pixels" yunits="pixels"/>
			</IconStyle>
			<LineStyle>
				<color>ffffff55</color>
				<width>3</width>
			</LineStyle>
			<PolyStyle>
				<fill>0</fill>
			</PolyStyle>
		</Style>
		<Placemark>
			<name>Ward no.14.kml</name>
			<styleUrl>#m_ylw-pushpin12</styleUrl>
			<Polygon>
				<tessellate>1</tessellate>
				<outerBoundaryIs>
					<LinearRing>
						<coordinates>
							77.3273874087371,19.14013369519679,0 77.32821186831123,19.13976507087518,0 77.32859867691714,19.13976467863345,0 77.32901358845177,19.13981615634794,0 77.3300928918076,19.14006834873596,0 77.33082401525877,19.14040229458996,0 77.33200742746736,19.14104209520053,0 77.33390729347691,19.14213002244797,0 77.33453977895874,19.1425702354616,0 77.33554003257784,19.14322281903172,0 77.3360495608846,19.14364309044717,0 77.33676568410549,19.14414103864952,0 77.33670208301803,19.14421368579483,0 77.33666447450213,19.1442565049367,0 77.33657714026519,19.14435638229597,0 77.33646324965285,19.14448664327789,0 77.33621731496517,19.14476820530367,0 77.33620740963997,19.14477944680473,0 77.3360770227092,19.14493081354092,0 77.33557356006988,19.14551569880312,0 77.33543315943287,19.14567876598383,0 77.33537427349852,19.1457471056262,0 77.3350666844843,19.14610431205828,0 77.33506434708127,19.14610672746736,0 77.33503444743,19.1461649394218,0 77.33495233070046,19.14632391129355,0 77.33494895849846,19.14633053858919,0 77.33489871341786,19.14646071752204,0 77.33479686398665,19.14672413208359,0 77.33467200660714,19.14704719751323,0 77.33450594358874,19.14747698824348,0 77.33450117607212,19.14748932036667,0 77.33446666474931,19.14746874083719,0 77.33410031975542,19.14725013048585,0 77.33377300534738,19.14705482281612,0 77.33375840554235,19.14704608617069,0 77.3337420549136,19.14703631498624,0 77.3337413678579,19.14703579192389,0 77.33368083065379,19.14701444675532,0 77.33360003957581,19.14698588228364,0 77.3335776803919,19.1469780425019,0 77.33339526756987,19.14691364209971,0 77.33308279484882,19.14680332256209,0 77.33304549914106,19.14679007009848,0 77.33290888191189,19.14674187168809,0 77.33273671858957,19.1466811076878,0 77.33255324090246,19.14661643024537,0 77.33251311267061,19.14660209191346,0 77.3322331364009,19.14650329646925,0 77.33221961236138,19.1464986034993,0 77.33221816137083,19.14649804193421,0 77.33219442569005,19.14650044583201,0 77.33196567593893,19.14652247690989,0 77.33195666452995,19.14652341260408,0 77.33183638216464,19.14651191483295,0 77.33183181613673,19.14651160526993,0 77.33171534513083,19.14645301180759,0 77.33135494596502,19.14627185181006,0 77.33134715440114,19.14626789371165,0 77.33134537326886,19.14607269224103,0 77.33134357301824,19.14589574121074,0 77.33134186547002,19.14576053283859,0 77.33133692268188,19.14575806486187,0 77.33126811930931,19.14572590650714,0 77.33100833679009,19.14560350451077,0 77.33100733198881,19.14560305327064,0 77.33089001043415,19.14550392358981,0 77.33088955800764,19.14550362906102,0 77.33087925769132,19.14541201684172,0 77.3308251758192,19.14539752262311,0 77.33074962439751,19.14537710929352,0 77.33074597538447,19.14537615232219,0 77.33074219318888,19.14533022787388,0 77.33073447731587,19.14523923915874,0 77.33073408528115,19.14523476814012,0 77.33071489656206,19.14522975862347,0 77.33052124552086,19.14517804466087,0 77.33044031444398,19.14515656102096,0 77.33022408484801,19.14509883037335,0 77.33022118677009,19.14509813815434,0 77.33000040386543,19.14498635111584,0 77.32988491937432,19.14492795528352,0 77.32984014537169,19.14490523183736,0 77.32966591859909,19.14484467134333,0 77.32917556723839,19.14463343178569,0 77.32915639129067,19.14462522777103,0 77.32917385426896,19.14470263794935,0 77.32923994889558,19.14499452511407,0 77.32932327588483,19.14536264415772,0 77.3293236928117,19.14536405738129,0 77.32929483596475,19.14566858077719,0 77.3292869311932,19.14575198255275,0 77.32895091919983,19.14623566643709,0 77.32894061399514,19.14625069850145,0 77.3285300331158,19.14655419635331,0 77.32852244511558,19.14655972663147,0 77.32842682109526,19.14676193964237,0 77.32839656560793,19.14682608600819,0 77.32838554876373,19.14684987605636,0 77.32835656989033,19.14691453888108,0 77.3277972656506,19.14686901471605,0 77.32753223413788,19.14684752538537,0 77.32741595878929,19.14683765584549,0 77.32740422848813,19.14683662301503,0 77.32640138745271,19.146693718158,0 77.32632798211256,19.14668342595487,0 77.32632336083307,19.14668257994172,0 77.32607998701695,19.1466771238543,0 77.32543197314186,19.14666357328125,0 77.32491114982044,19.14660037207278,0 77.32504031092714,19.14631425683604,0 77.32505875037015,19.14616005427085,0 77.32500085734539,19.14548938502953,0 77.32475851688497,19.14547838706906,0 77.32463633791133,19.14498065230861,0 77.32446020864218,19.14422086379045,0 77.32438490428713,19.14393118528019,0 77.32428346388605,19.14354006206517,0 77.32429002115784,19.14337334335471,0 77.32432374049775,19.14319763045243,0 77.32446366271492,19.14315122389065,0 77.32474571163327,19.14315100279963,0 77.32492273268655,19.14316399108666,0 77.32499912075369,19.14298894835289,0 77.32499039599486,19.14270923979347,0 77.32501656905532,19.14261450424175,0 77.32520430514722,19.14254808304133,0 77.32540905054857,19.14252604525403,0 77.32543733580957,19.14271790229843,0 77.32545662349516,19.14281967881933,0 77.32582085096443,19.14286520484366,0 77.32613082166775,19.14281736943867,0 77.32656591359012,19.1428238713591,0 77.32666173884,19.14261223823289,0 77.32664841717074,19.14246340575856,0 77.326667310765,19.14211223048965,0 77.32660974963659,19.14140449942512,0 77.32665004362859,19.14094335124325,0 77.32666423128677,19.14034781359253,0 77.32666594488857,19.14011627975725,0 77.3273874087371,19.14013369519679,0 
						</coordinates>
					</LinearRing>
				</outerBoundaryIs>
			</Polygon>
		</Placemark>
	</Document>
	<Document>
		<name>Ward no.15.kml</name>
		<StyleMap id="m_ylw-pushpin13">
			<Pair>
				<key>normal</key>
				<styleUrl>#s_ylw-pushpin13</styleUrl>
			</Pair>
			<Pair>
				<key>highlight</key>
				<styleUrl>#s_ylw-pushpin_hl13</styleUrl>
			</Pair>
		</StyleMap>
		<Style id="s_ylw-pushpin13">
			<IconStyle>
				<scale>1.1</scale>
				<Icon>
					<href>http://maps.google.com/mapfiles/kml/pushpin/ylw-pushpin.png</href>
				</Icon>
				<hotSpot x="20" y="2" xunits="pixels" yunits="pixels"/>
			</IconStyle>
			<LineStyle>
				<color>ffffff55</color>
				<width>3</width>
			</LineStyle>
			<PolyStyle>
				<fill>0</fill>
			</PolyStyle>
		</Style>
		<Style id="s_ylw-pushpin_hl13">
			<IconStyle>
				<scale>1.3</scale>
				<Icon>
					<href>http://maps.google.com/mapfiles/kml/pushpin/ylw-pushpin.png</href>
				</Icon>
				<hotSpot x="20" y="2" xunits="pixels" yunits="pixels"/>
			</IconStyle>
			<LineStyle>
				<color>ffffff55</color>
				<width>3</width>
			</LineStyle>
			<PolyStyle>
				<fill>0</fill>
			</PolyStyle>
		</Style>
		<Placemark>
			<name>Ward no.15.kml</name>
			<styleUrl>#m_ylw-pushpin13</styleUrl>
			<Polygon>
				<tessellate>1</tessellate>
				<outerBoundaryIs>
					<LinearRing>
						<coordinates>
							77.32542460536027,19.14666268173594,0 77.32543006704272,19.14666345896769,0 77.32616460394486,19.14667898511638,0 77.32632313512605,19.1466826424105,0 77.32691222828466,19.14676650538688,0 77.32740248387137,19.1468364078957,0 77.32740434592129,19.14683664135503,0 77.32750631746373,19.1468453014269,0 77.32766041178193,19.14685795073899,0 77.32795025140797,19.14688144735691,0 77.3283541063218,19.14691437098819,0 77.32835672978743,19.14691449878852,0 77.32843738851848,19.14693077171878,0 77.3286061665349,19.14696468897163,0 77.32861203682694,19.14696580881768,0 77.32866166370326,19.14700429187795,0 77.32896075098392,19.14723604835898,0 77.32896317937019,19.14723789664969,0 77.32932419947318,19.14747154641357,0 77.3293674710208,19.14749950842608,0 77.32938255649893,19.14750930689435,0 77.32929373684843,19.14752226875316,0 77.32906803883577,19.14755532813178,0 77.328975276751,19.14756893015232,0 77.32857511877359,19.14762743898643,0 77.32812033065514,19.14769389925151,0 77.32813512004159,19.14820248283868,0 77.32814321803747,19.14848256903051,0 77.32814383411619,19.14849178851903,0 77.32815433687026,19.14866127659383,0 77.32816125097202,19.14877166439476,0 77.32817019273736,19.14891423029925,0 77.32817545915023,19.14899885646891,0 77.32818412642878,19.14913762337334,0 77.32818733332721,19.14918970462299,0 77.32819301107106,19.14927990539046,0 77.32820682447407,19.14950072121837,0 77.32821665183033,19.14965782916765,0 77.32822571243751,19.14980372917529,0 77.3282331283813,19.14992101211092,0 77.3282395850202,19.1500251677092,0 77.32824505074514,19.15011315305799,0 77.32824819722107,19.15016280852586,0 77.32825082365657,19.15020500170818,0 77.32825334848661,19.15024796279276,0 77.32827624451882,19.15069968700341,0 77.32827638965757,19.15070499225357,0 77.32828688558271,19.15083482898793,0 77.32834604478178,19.15157943586717,0 77.32822372856255,19.15232439588549,0 77.3281741485753,19.15262524917451,0 77.32804911179078,19.15322695585463,0 77.32784134785817,19.15422573385854,0 77.32792443361787,19.15437062694564,0 77.32764281813671,19.15455702737718,0 77.3272670829605,19.15480560122779,0 77.32702999564083,19.15496268467083,0 77.32687844624651,19.15506294158401,0 77.3268366458291,19.15509059678606,0 77.32669652319369,19.15518344224435,0 77.32650128712322,19.15531262820603,0 77.32641307391971,19.15537103771036,0 77.32610734139318,19.15557338238166,0 77.3258096346861,19.15577039795895,0 77.32560782553334,19.15590406138067,0 77.32523407288495,19.15615139114389,0 77.32495450913231,19.15633634350604,0 77.32469959488448,19.15650533213847,0 77.32460120106511,19.15657022342585,0 77.32351827241799,19.15728704577314,0 77.32254576460846,19.15793073643673,0 77.32254430222655,19.15793169330451,0 77.32253882638886,19.15793404378253,0 77.32253814648172,19.15793424934927,0 77.32239094456999,19.15800273587118,0 77.3222881988351,19.15805057239196,0 77.32226679591554,19.15806049972693,0 77.32226365376602,19.15806195913061,0 77.32186583395993,19.15827124244715,0 77.32053251725459,19.15897268325947,0 77.32053145091426,19.15776113229796,0 77.32054367551369,19.15692054906464,0 77.32055742491843,19.15601155953082,0 77.32091118238911,19.15432243948231,0 77.32091186436138,19.15431909187501,0 77.32095312396387,19.1540908007011,0 77.32095378793012,19.15408745475063,0 77.32101424059641,19.15357455648848,0 77.32101767287688,19.15281770373657,0 77.32075865084983,19.15170972308078,0 77.32045891146477,19.15077919704579,0 77.32006066673264,19.14983798412825,0 77.3200395537,19.14984531185155,0 77.31984946738751,19.14990835452509,0 77.31957684865121,19.14999874125324,0 77.31948475573677,19.15002935217588,0 77.31948373540693,19.15002973013107,0 77.31907717037068,19.15024118357038,0 77.31907614690088,19.15024182318742,0 77.31894089788463,19.14988980934887,0 77.3189171549384,19.14982814984369,0 77.3189124006315,19.14981587415805,0 77.318884505808,19.14973959616228,0 77.31850992047262,19.14872250185962,0 77.31941367183454,19.14843222912398,0 77.31941436765985,19.14843207061941,0 77.31952216958723,19.14838811222173,0 77.3207319985014,19.14789535085627,0 77.3219605632088,19.1474862834255,0 77.32363031046108,19.14696485071549,0 77.3246179765577,19.14662629629991,0 77.32491147579999,19.1466004828185,0 77.32542460536027,19.14666268173594,0 
						</coordinates>
					</LinearRing>
				</outerBoundaryIs>
			</Polygon>
		</Placemark>
	</Document>
	<Document>
		<name>Ward no.16.kml</name>
		<StyleMap id="m_ylw-pushpin14">
			<Pair>
				<key>normal</key>
				<styleUrl>#s_ylw-pushpin14</styleUrl>
			</Pair>
			<Pair>
				<key>highlight</key>
				<styleUrl>#s_ylw-pushpin_hl14</styleUrl>
			</Pair>
		</StyleMap>
		<Style id="s_ylw-pushpin14">
			<IconStyle>
				<scale>1.1</scale>
				<Icon>
					<href>http://maps.google.com/mapfiles/kml/pushpin/ylw-pushpin.png</href>
				</Icon>
				<hotSpot x="20" y="2" xunits="pixels" yunits="pixels"/>
			</IconStyle>
			<LineStyle>
				<color>ffffff55</color>
				<width>3</width>
			</LineStyle>
			<PolyStyle>
				<fill>0</fill>
			</PolyStyle>
		</Style>
		<Style id="s_ylw-pushpin_hl14">
			<IconStyle>
				<scale>1.3</scale>
				<Icon>
					<href>http://maps.google.com/mapfiles/kml/pushpin/ylw-pushpin.png</href>
				</Icon>
				<hotSpot x="20" y="2" xunits="pixels" yunits="pixels"/>
			</IconStyle>
			<LineStyle>
				<color>ffffff55</color>
				<width>3</width>
			</LineStyle>
			<PolyStyle>
				<fill>0</fill>
			</PolyStyle>
		</Style>
		<Placemark>
			<name>Ward no.16.kml</name>
			<styleUrl>#m_ylw-pushpin14</styleUrl>
			<Polygon>
				<tessellate>1</tessellate>
				<outerBoundaryIs>
					<LinearRing>
						<coordinates>
							77.32666596208199,19.14011627112401,0 77.32666434505445,19.14034993078226,0 77.32665542517853,19.14071064634401,0 77.326650083646,19.14093962420575,0 77.32665003993255,19.14094413726329,0 77.32661337785925,19.14136057827546,0 77.32660967230265,19.14140350725214,0 77.32665323238066,19.14194017006053,0 77.32666714135937,19.14211162845006,0 77.32665015830723,19.14243040900815,0 77.32664829694342,19.14246277085877,0 77.32666065437184,19.14260001285316,0 77.32666169255617,19.14261242813975,0 77.32665295170051,19.14263170749754,0 77.32657222471812,19.14280995809688,0 77.32656674842353,19.14282211085363,0 77.32656595765519,19.14282387977904,0 77.32648948460741,19.14282269434745,0 77.32614055127152,19.14281749479192,0 77.32613098622684,19.14281735038307,0 77.32604408269867,19.1428307795895,0 77.32583223630003,19.14286340741792,0 77.32582100909704,19.14286523956128,0 77.32569147619643,19.1428489913055,0 77.32546469999548,19.14282076623239,0 77.32545652220213,19.14281950199713,0 77.32543744340022,19.14271880403742,0 77.32540950390954,19.14252933232446,0 77.32540902991435,19.14252609321646,0 77.32537441860892,19.14252974412839,0 77.32521210557408,19.14254728299104,0 77.3252045847464,19.14254803696171,0 77.32502237178207,19.14261245575531,0 77.32501642324394,19.14261442304765,0 77.32499085215034,19.14270761491342,0 77.32499024680372,19.14270944255689,0 77.32499896988934,19.1429830558888,0 77.32499935262156,19.14298884796035,0 77.3249227578895,19.14316422689677,0 77.3247489789193,19.14315122507059,0 77.32468308277024,19.14315128700401,0 77.32446526171461,19.14315116082481,0 77.32446387754621,19.14315121217666,0 77.3243247101894,19.1431973892048,0 77.32432368599703,19.14319748208295,0 77.32429222166168,19.14336260096113,0 77.32428998689161,19.14337313327716,0 77.3242837326066,19.14353431088405,0 77.32428311679973,19.14353907236042,0 77.32444958771806,19.14417829037339,0 77.3244607761895,19.14422365779246,0 77.32458135895203,19.14474221298073,0 77.32463821599842,19.14498878747229,0 77.32475852057519,19.14547817167211,0 77.32500083587742,19.14548908914995,0 77.32505873159272,19.14615894757616,0 77.3250398896744,19.1463145859388,0 77.32491095758118,19.14660046775124,0 77.32463395697491,19.14662483312236,0 77.32461742321624,19.14662630985772,0 77.32363390267396,19.14696401213678,0 77.32334188470145,19.1470550515992,0 77.32197671357035,19.14748124767728,0 77.32196082673251,19.14748614117504,0 77.32074923890606,19.14788955917355,0 77.32073189615413,19.14789544350303,0 77.31941427430428,19.14843203948762,0 77.31850981356082,19.1487226044962,0 77.31857825874364,19.14890820050704,0 77.31864328702186,19.14908487135374,0 77.31878566256262,19.1494711974688,0 77.31882854086537,19.14958762593974,0 77.31891297127707,19.14981725584503,0 77.31897620541844,19.14998193841773,0 77.31907614201565,19.15024186692651,0 77.31906221238704,19.15025205163873,0 77.31750550313228,19.15132972853155,0 77.31428169922168,19.15256269446587,0 77.31314895070045,19.15306938595958,0 77.31423371080693,19.15106990569605,0 77.31361993664372,19.15140800226027,0 77.31267209351869,19.14986598719405,0 77.31180175530355,19.14846980906574,0 77.31144311943649,19.14786367224332,0 77.31122959040879,19.14748112216874,0 77.31421597141016,19.14626858255394,0 77.31438965763043,19.14619732823082,0 77.31804846421485,19.14466491004367,0 77.32518512735351,19.14073328834539,0 77.32519508229018,19.14072886858776,0 77.32666596208199,19.14011627112401,0 
						</coordinates>
					</LinearRing>
				</outerBoundaryIs>
			</Polygon>
		</Placemark>
	</Document>
	<Document>
		<name>Ward no.17.kml</name>
		<StyleMap id="m_ylw-pushpin15">
			<Pair>
				<key>normal</key>
				<styleUrl>#s_ylw-pushpin15</styleUrl>
			</Pair>
			<Pair>
				<key>highlight</key>
				<styleUrl>#s_ylw-pushpin_hl15</styleUrl>
			</Pair>
		</StyleMap>
		<Style id="s_ylw-pushpin15">
			<IconStyle>
				<scale>1.1</scale>
				<Icon>
					<href>http://maps.google.com/mapfiles/kml/pushpin/ylw-pushpin.png</href>
				</Icon>
				<hotSpot x="20" y="2" xunits="pixels" yunits="pixels"/>
			</IconStyle>
			<LineStyle>
				<color>ffffff55</color>
				<width>3</width>
			</LineStyle>
			<PolyStyle>
				<fill>0</fill>
			</PolyStyle>
		</Style>
		<Style id="s_ylw-pushpin_hl15">
			<IconStyle>
				<scale>1.3</scale>
				<Icon>
					<href>http://maps.google.com/mapfiles/kml/pushpin/ylw-pushpin.png</href>
				</Icon>
				<hotSpot x="20" y="2" xunits="pixels" yunits="pixels"/>
			</IconStyle>
			<LineStyle>
				<color>ffffff55</color>
				<width>3</width>
			</LineStyle>
			<PolyStyle>
				<fill>0</fill>
			</PolyStyle>
		</Style>
		<Placemark>
			<name>Ward no.17.kml</name>
			<styleUrl>#m_ylw-pushpin15</styleUrl>
			<Polygon>
				<tessellate>1</tessellate>
				<outerBoundaryIs>
					<LinearRing>
						<coordinates>
							77.30632333179841,19.1486051461671,0 77.30746643859025,19.14859964803286,0 77.30857999554584,19.14833295621625,0 77.31122948430546,19.1474812533302,0 77.31142470850187,19.14783066446521,0 77.31144469826651,19.14786639153712,0 77.3117035424297,19.14830351443771,0 77.31180710364848,19.14847812230813,0 77.31205255462554,19.14887260348939,0 77.31246886997094,19.14953994735476,0 77.31259349563243,19.14973983550536,0 77.31267334563418,19.1498683123502,0 77.31309282637552,19.15055041506001,0 77.31361035342582,19.15139253775608,0 77.313619974415,19.15140800551339,0 77.3136834157403,19.15137300381596,0 77.31377963326021,19.15132016572621,0 77.31417121589898,19.15110427570422,0 77.31423170120726,19.15107098468572,0 77.31423363208508,19.15106986689171,0 77.31422639144368,19.15108337029978,0 77.31420772816038,19.15111773793295,0 77.31417276972527,19.15118230689508,0 77.3140590018745,19.15139227451694,0 77.31378665025588,19.15189398807518,0 77.31344656932365,19.15252059023524,0 77.31315492647084,19.15305868784504,0 77.31314874314246,19.15306947758454,0 77.31325847771535,19.15302046302715,0 77.31340938610447,19.15295292945687,0 77.31371816530314,19.15281476255702,0 77.31428217631094,19.15256238059253,0 77.3148819878391,19.15233298779715,0 77.31563928616939,19.15204361910937,0 77.3174867280696,19.1513371663937,0 77.31750535928295,19.15132968616573,0 77.31906194519851,19.15025222975556,0 77.31907698853422,19.15024127555564,0 77.31948384123456,19.15002963671785,0 77.320040303401,19.14984509610624,0 77.32006064152235,19.14983803879149,0 77.320178529496,19.15011596281515,0 77.32045923450023,19.15078034222052,0 77.3206340703863,19.15132351645754,0 77.32075899003181,19.15171115606946,0 77.32101299812481,19.15279734233835,0 77.32101758191254,19.15281769407267,0 77.32101435391766,19.15355489314408,0 77.32101416030829,19.15357481246005,0 77.32100937198982,19.15361570295178,0 77.32095377761605,19.15408748370205,0 77.3209118285601,19.15431912029432,0 77.32056585136175,19.15597155548909,0 77.32055743612798,19.15601144868724,0 77.32055540551063,19.15614349013562,0 77.3205528826683,19.15631648537835,0 77.32055058149248,19.15646727835431,0 77.32054093621709,19.15709444886687,0 77.3205373863468,19.15735301575064,0 77.32053193886378,19.15772533991953,0 77.32053119007922,19.15778988463476,0 77.32053167149596,19.15825065900211,0 77.32053246553023,19.15891107387272,0 77.32053251512257,19.15897262762778,0 77.32058644384279,19.15894430175937,0 77.3222636818618,19.15806196159906,0 77.32253801544016,19.15793430453305,0 77.32254436391239,19.15793170911616,0 77.32258267369275,19.15832674764409,0 77.32265986714629,19.15910995347074,0 77.32274685497474,19.16000501079991,0 77.32275140255599,19.16005606854389,0 77.32294089694254,19.16137345930517,0 77.32295207797895,19.16217102020889,0 77.32295226722232,19.16217574153362,0 77.32284764013799,19.16213131499616,0 77.32196811860085,19.16176001612441,0 77.32137472606075,19.16150945159541,0 77.31898115006126,19.1609101011732,0 77.31765022273353,19.16083654569794,0 77.3155952658088,19.16074313111044,0 77.31406242211544,19.16071501897053,0 77.3114344550638,19.16066630821673,0 77.30916635402335,19.1605365184945,0 77.30663800500048,19.16041086883195,0 77.30680979667935,19.15879572716334,0 77.30709635190098,19.15827399396986,0 77.30714532476088,19.15816273118048,0 77.30627042628657,19.15800964826304,0 77.30566071042736,19.15738933580522,0 77.30536784834169,19.15686514142751,0 77.30464700183796,19.15528216311386,0 77.30626504816907,19.15461663798823,0 77.30618432711786,19.15432068506618,0 77.30587662301524,19.15442801902518,0 77.30550485378173,19.15277240259991,0 77.30511380494563,19.15089422351498,0 77.30502672595674,19.14994732429508,0 77.30504600004086,19.14955921616162,0 77.30532526583707,19.1495434953778,0 77.30534063298899,19.14833257504868,0 77.30632333179841,19.1486051461671,0 
						</coordinates>
					</LinearRing>
				</outerBoundaryIs>
			</Polygon>
		</Placemark>
	</Document>
	<Document>
		<name>Ward no.18.kml</name>
		<StyleMap id="m_ylw-pushpin16">
			<Pair>
				<key>normal</key>
				<styleUrl>#s_ylw-pushpin16</styleUrl>
			</Pair>
			<Pair>
				<key>highlight</key>
				<styleUrl>#s_ylw-pushpin_hl16</styleUrl>
			</Pair>
		</StyleMap>
		<Style id="s_ylw-pushpin16">
			<IconStyle>
				<scale>1.1</scale>
				<Icon>
					<href>http://maps.google.com/mapfiles/kml/pushpin/ylw-pushpin.png</href>
				</Icon>
				<hotSpot x="20" y="2" xunits="pixels" yunits="pixels"/>
			</IconStyle>
			<LineStyle>
				<color>ffffff55</color>
				<width>3</width>
			</LineStyle>
			<PolyStyle>
				<fill>0</fill>
			</PolyStyle>
		</Style>
		<Style id="s_ylw-pushpin_hl16">
			<IconStyle>
				<scale>1.3</scale>
				<Icon>
					<href>http://maps.google.com/mapfiles/kml/pushpin/ylw-pushpin.png</href>
				</Icon>
				<hotSpot x="20" y="2" xunits="pixels" yunits="pixels"/>
			</IconStyle>
			<LineStyle>
				<color>ffffff55</color>
				<width>3</width>
			</LineStyle>
			<PolyStyle>
				<fill>0</fill>
			</PolyStyle>
		</Style>
		<Placemark>
			<name>Ward no.18.kml</name>
			<styleUrl>#m_ylw-pushpin16</styleUrl>
			<Polygon>
				<tessellate>1</tessellate>
				<outerBoundaryIs>
					<LinearRing>
						<coordinates>
							77.30534070937561,19.14833259400416,0 77.30534068284096,19.14833342974695,0 77.30533625185646,19.14867678809548,0 77.30533321716415,19.14890939256687,0 77.30533204060586,19.14900927397375,0 77.30533117063757,19.14908347173978,0 77.30532994794467,19.14917708726581,0 77.30532558416438,19.14952961547925,0 77.30532525533773,19.14954348260376,0 77.30529233603778,19.14954539394689,0 77.3050520996738,19.14955884781879,0 77.30504593312355,19.14955929073178,0 77.30504278329209,19.14962553239973,0 77.30502671085108,19.14994579733963,0 77.30502676306178,19.1499475677295,0 77.30503917920025,19.1500823307028,0 77.30505413162193,19.15024581503539,0 77.30505838019668,19.15029083174131,0 77.30511304498698,19.15088757376201,0 77.30511354480355,19.15089260000957,0 77.3053043301836,19.15180888650604,0 77.3053874571039,19.15220932765353,0 77.30547717002551,19.15263798569382,0 77.30550543321209,19.15277615734952,0 77.30555188726146,19.152981058089,0 77.30563284067371,19.15334217896391,0 77.30574597877364,19.15384592419869,0 77.30579350309365,19.15405829018586,0 77.30587662708946,19.1544280458019,0 77.30596758674255,19.15439636839785,0 77.30617447174616,19.15432411228277,0 77.30618433013105,19.15432078710404,0 77.30620704344928,19.15440414972555,0 77.30626340873266,19.15461051719598,0 77.30626505661412,19.15461660246951,0 77.30621549064122,19.15463696542623,0 77.30596641277751,19.15473967420652,0 77.30561374028778,19.15488449723756,0 77.30519873809877,19.15505527941482,0 77.30505173871593,19.15511566146879,0 77.30464700556759,19.15528224253933,0 77.3046889436268,19.15537411794115,0 77.30472365539354,19.1554505961077,0 77.30491905928484,19.15587952509387,0 77.30512902907829,19.15634080659569,0 77.30536759124681,19.15686453768277,0 77.30536890990533,19.15686702032682,0 77.30565900393484,19.15738623297164,0 77.30566072148606,19.1573892204528,0 77.30604392261452,19.15777952419585,0 77.3062664159976,19.1580055851179,0 77.30627038661142,19.15800965049383,0 77.30640851958218,19.15803374743926,0 77.30645356944814,19.15804175787671,0 77.30674930357982,19.15809336638605,0 77.30683486880061,19.15810839366563,0 77.30713155593926,19.15816031898111,0 77.30714529116077,19.15816277228347,0 77.30709608710806,19.15827446032245,0 77.30701040778202,19.15843042689082,0 77.30685156897235,19.15871944645716,0 77.30681054020182,19.15879446935037,0 77.3068098531691,19.1587957995879,0 77.30675502005219,19.15931051568062,0 77.30670964215203,19.15973709371251,0 77.30663801778863,19.16041087315036,0 77.30542571748717,19.16033604957012,0 77.30518564845218,19.16032136839281,0 77.30446089785434,19.16027951576165,0 77.3034843178221,19.16022390704437,0 77.30209193419384,19.16014596113645,0 77.30114655287791,19.16009223155183,0 77.29990746600485,19.16002170288547,0 77.29933673903982,19.15998967244791,0 77.29880180728333,19.1599599254222,0 77.29865619469045,19.15995184825244,0 77.29843480218091,19.15993852041793,0 77.29828457806951,19.15992965005354,0 77.29817578945547,19.1599231082547,0 77.29801027881368,19.15991319086806,0 77.29798609667692,19.15991183685254,0 77.29787087456793,19.1599079012032,0 77.29701144815019,19.15987742723015,0 77.29657583644865,19.15985984015928,0 77.29637421701194,19.15985156205614,0 77.29363729122569,19.15972431082646,0 77.29129837963815,19.15963364094021,0 77.29067087798244,19.15959276352979,0 77.29061378002339,19.15958900596529,0 77.28810042760887,19.1594911559121,0 77.28804673433942,19.15874779200941,0 77.28791442000332,19.15768258525084,0 77.28786253311452,19.15703672412542,0 77.28856017025845,19.1567401762178,0 77.28871660308266,19.15576813788316,0 77.29025139438829,19.15570538173214,0 77.29158848058381,19.15542696874764,0 77.29261578883866,19.15528736768438,0 77.29341403195836,19.15519581155927,0 77.29402806008461,19.15508484681366,0 77.29485437556554,19.15492761943996,0 77.2949814118525,19.1542720478984,0 77.29503830101775,19.15339988953536,0 77.29510155802453,19.15216152665876,0 77.29517106882375,19.150329197873,0 77.29535362404889,19.14815533031129,0 77.29563305824958,19.14647678791887,0 77.29582866032368,19.14650772250825,0 77.29636838841616,19.1465932777589,0 77.29809512484434,19.14686747434859,0 77.29867288929037,19.14711149246364,0 77.29900883718523,19.14725323740689,0 77.29915119305966,19.14731361852497,0 77.29918852892516,19.14732946739682,0 77.30027439581842,19.14740182984357,0 77.30239543051226,19.14794610158101,0 77.30534070937561,19.14833259400416,0 
						</coordinates>
					</LinearRing>
				</outerBoundaryIs>
			</Polygon>
		</Placemark>
	</Document>
	<Document>
		<name>Ward no.19.kml</name>
		<StyleMap id="m_ylw-pushpin17">
			<Pair>
				<key>normal</key>
				<styleUrl>#s_ylw-pushpin17</styleUrl>
			</Pair>
			<Pair>
				<key>highlight</key>
				<styleUrl>#s_ylw-pushpin_hl17</styleUrl>
			</Pair>
		</StyleMap>
		<Style id="s_ylw-pushpin17">
			<IconStyle>
				<scale>1.1</scale>
				<Icon>
					<href>http://maps.google.com/mapfiles/kml/pushpin/ylw-pushpin.png</href>
				</Icon>
				<hotSpot x="20" y="2" xunits="pixels" yunits="pixels"/>
			</IconStyle>
			<LineStyle>
				<color>ffffff55</color>
				<width>3</width>
			</LineStyle>
			<PolyStyle>
				<fill>0</fill>
			</PolyStyle>
		</Style>
		<Style id="s_ylw-pushpin_hl17">
			<IconStyle>
				<scale>1.3</scale>
				<Icon>
					<href>http://maps.google.com/mapfiles/kml/pushpin/ylw-pushpin.png</href>
				</Icon>
				<hotSpot x="20" y="2" xunits="pixels" yunits="pixels"/>
			</IconStyle>
			<LineStyle>
				<color>ffffff55</color>
				<width>3</width>
			</LineStyle>
			<PolyStyle>
				<fill>0</fill>
			</PolyStyle>
		</Style>
		<Placemark>
			<name>Ward no.19.kml</name>
			<styleUrl>#m_ylw-pushpin17</styleUrl>
			<Polygon>
				<tessellate>1</tessellate>
				<outerBoundaryIs>
					<LinearRing>
						<coordinates>
							77.30112010022343,19.11831338995072,0 77.3019214484471,19.11879549438445,0 77.30338733162829,19.11969980515715,0 77.30386711483268,19.11999538615896,0 77.30551204619746,19.12100641845267,0 77.30552435712815,19.11994744131334,0 77.30515395073805,19.1173202019255,0 77.30683738462358,19.11718522366239,0 77.30861847438389,19.11689516093759,0 77.31070846677005,19.11667918665839,0 77.31213397384681,19.11677961961101,0 77.31386411626887,19.11712534206682,0 77.31574850931462,19.11720601979376,0 77.31812917231925,19.11730962821931,0 77.31868765032792,19.11661734744821,0 77.31901465577155,19.11640473657523,0 77.32090925352961,19.11611199635461,0 77.32169625835428,19.11598958069447,0 77.32243255163912,19.1159447135089,0 77.32298334536253,19.11601166652222,0 77.32416434315394,19.11659437412862,0 77.32455675423049,19.11665061198516,0 77.32494605995142,19.11659904458953,0 77.32508750453381,19.1165416234736,0 77.32490673278211,19.11597477125406,0 77.32431984882304,19.11615646538217,0 77.32416834460379,19.11572997212825,0 77.32395171705363,19.11520093055327,0 77.32371076890787,19.11439244295738,0 77.32528882011097,19.11409106835813,0 77.32689035755253,19.11365435267665,0 77.32732851342705,19.11521110909394,0 77.32756815511092,19.11614638231515,0 77.32757186499914,19.11847351028453,0 77.32754179985629,19.12052510358685,0 77.32723705480008,19.12209103347596,0 77.32723047099807,19.1232352916043,0 77.3272239698407,19.12496352735803,0 77.32721053297671,19.12536513519806,0 77.32723262647275,19.1288462212982,0 77.32703545483673,19.13032430429772,0 77.32688837077669,19.13349696076414,0 77.32678323841894,19.13587743915124,0 77.32706662140342,19.13765334592354,0 77.32738596818051,19.14013431888598,0 77.32667722926976,19.14011648576112,0 77.32666598434076,19.1401160703193,0 77.32661639936946,19.14013698997634,0 77.3251955374765,19.1407286756722,0 77.32518493905633,19.14073341496624,0 77.32162222758448,19.14269609088331,0 77.32092415551485,19.14308066943324,0 77.31804930470139,19.14466401977799,0 77.31711359248412,19.14505649570093,0 77.31546013851397,19.14574873492282,0 77.31440209520441,19.14619251081291,0 77.31276058740069,19.1468615940804,0 77.31123834921897,19.14747753464896,0 77.31122984770815,19.14748109593452,0 77.31042725954345,19.14773929105896,0 77.3095861329072,19.14800943361711,0 77.30899837532331,19.14819841451971,0 77.30858769866724,19.14833049663328,0 77.30857987053869,19.14833298987412,0 77.30836839101539,19.1483835832491,0 77.30777613445449,19.14852547255857,0 77.30747351523956,19.14859793514418,0 77.30746643690172,19.1485996609578,0 77.30693989759661,19.14860225896603,0 77.3063434934452,19.14860514752041,0 77.30632330263808,19.14860524520561,0 77.30615023687648,19.14855723013046,0 77.30587212357382,19.1484798162697,0 77.3053427236532,19.14833317440346,0 77.30534055236116,19.1483325525181,0 77.3036494775892,19.14811088637874,0 77.30244182700905,19.14795226744635,0 77.30239520636654,19.14794601144052,0 77.30030810958762,19.14741036040447,0 77.30027492370867,19.14740196421577,0 77.29991683123524,19.14737828527538,0 77.29923784596703,19.14733268616942,0 77.29918884434079,19.14732953809077,0 77.29902620330833,19.14726052894291,0 77.29834863714763,19.14697460786735,0 77.29809551143674,19.14686756623851,0 77.29742024615125,19.14676001158428,0 77.29569823410378,19.14648706387695,0 77.29563304868198,19.14647683214049,0 77.29604454944668,19.14475307240443,0 77.29379104965389,19.14490431460719,0 77.29140322112958,19.14502691539584,0 77.28939791533165,19.14575080187472,0 77.2872820013022,19.14603532283747,0 77.28518045598467,19.14595019943352,0 77.28293673721673,19.14512366822078,0 77.28181185802892,19.1442949529092,0 77.27993425239531,19.14098175423599,0 77.27959385964415,19.13852626382858,0 77.28063466902202,19.13310975704154,0 77.28213094173002,19.1281371016966,0 77.28310396291927,19.12447525435518,0 77.2830608093236,19.12278791949867,0 77.28384850637222,19.12187049161976,0 77.28396478801848,19.12060789514647,0 77.2848789396691,19.12033158029319,0 77.28584608154736,19.11978783289683,0 77.28642782537359,19.11972126422997,0 77.28663941061392,19.11929655766685,0 77.28717706494002,19.1194215251185,0 77.28769256058003,19.11942989983108,0 77.28803631801269,19.11937163358979,0 77.28912928798358,19.11920516311115,0 77.29120928308791,19.11874727698179,0 77.29227582371458,19.11837258332687,0 77.29672007880684,19.11790642438331,0 77.29664405268763,19.11619763859621,0 77.2966386681766,19.11560361341754,0 77.29673810360212,19.11566322463862,0 77.29684501552558,19.11572735013529,0 77.29694965191793,19.11579029925408,0 77.29702465924102,19.11583529602204,0 77.29710354130266,19.11588261501458,0 77.29716941201968,19.11592222761027,0 77.29721271477143,19.11594819614762,0 77.2972636181068,19.11597875761747,0 77.29732829258803,19.11601752454848,0 77.29739893106438,19.11605990880334,0 77.29745692177352,19.11609473778292,0 77.29753255207889,19.11614013714182,0 77.29757240149948,19.11616404313518,0 77.29761931527476,19.11619213181342,0 77.2977256836739,19.11625652938135,0 77.29783267480488,19.11632132238582,0 77.29793324657894,19.11638225961123,0 77.29805304792865,19.11645474840104,0 77.29818627980032,19.11653542380569,0 77.29830284177977,19.1166060381133,0 77.29842738241766,19.11668145619579,0 77.29856178764213,19.11676280732189,0 77.29865999923906,19.1168223003565,0 77.29882443312421,19.11692184740759,0 77.2991044429388,19.11709155914317,0 77.29951451557132,19.11733962964234,0 77.29989985770835,19.11757317265901,0 77.30112010022343,19.11831338995072,0 
						</coordinates>
					</LinearRing>
				</outerBoundaryIs>
			</Polygon>
		</Placemark>
	</Document>
	<Document>
		<name>Ward no.20.kml</name>
		<StyleMap id="m_ylw-pushpin18">
			<Pair>
				<key>normal</key>
				<styleUrl>#s_ylw-pushpin18</styleUrl>
			</Pair>
			<Pair>
				<key>highlight</key>
				<styleUrl>#s_ylw-pushpin_hl18</styleUrl>
			</Pair>
		</StyleMap>
		<Style id="s_ylw-pushpin18">
			<IconStyle>
				<scale>1.1</scale>
				<Icon>
					<href>http://maps.google.com/mapfiles/kml/pushpin/ylw-pushpin.png</href>
				</Icon>
				<hotSpot x="20" y="2" xunits="pixels" yunits="pixels"/>
			</IconStyle>
			<LineStyle>
				<color>ffffff55</color>
				<width>3</width>
			</LineStyle>
			<PolyStyle>
				<fill>0</fill>
			</PolyStyle>
		</Style>
		<Style id="s_ylw-pushpin_hl18">
			<IconStyle>
				<scale>1.3</scale>
				<Icon>
					<href>http://maps.google.com/mapfiles/kml/pushpin/ylw-pushpin.png</href>
				</Icon>
				<hotSpot x="20" y="2" xunits="pixels" yunits="pixels"/>
			</IconStyle>
			<LineStyle>
				<color>ffffff55</color>
				<width>3</width>
			</LineStyle>
			<PolyStyle>
				<fill>0</fill>
			</PolyStyle>
		</Style>
		<Placemark>
			<name>Ward no.20.kml</name>
			<styleUrl>#m_ylw-pushpin18</styleUrl>
			<Polygon>
				<tessellate>1</tessellate>
				<outerBoundaryIs>
					<LinearRing>
						<coordinates>
							77.29663934069859,19.11555638607107,0 77.29634758450588,19.11297814179647,0 77.29687465191525,19.11181671982358,0 77.29709567731474,19.11137497449273,0 77.29789100341755,19.11154367464122,0 77.29779752941438,19.1108449015449,0 77.29727058026045,19.10930278680389,0 77.29720264412971,19.10761612087109,0 77.29573217254344,19.10613598699375,0 77.29549427544892,19.10426456294022,0 77.29662481572643,19.10343733701211,0 77.2976023262863,19.10275467577672,0 77.29805282748478,19.10238523111708,0 77.29844382967804,19.10195152865483,0 77.29871592848437,19.09838182121409,0 77.29897095147568,19.09710303135093,0 77.29993142779807,19.0955374030184,0 77.30021192664398,19.09473005536575,0 77.30027144705269,19.09364971219704,0 77.30136786712704,19.09303529521627,0 77.30287990458946,19.09237947470952,0 77.30290222983231,19.09182370232612,0 77.30335268871157,19.09159881597489,0 77.30360910078477,19.09050018765801,0 77.30335412494895,19.08942393354351,0 77.30927799167108,19.08860460782498,0 77.31163585713993,19.08857239525064,0 77.31267275843241,19.08839564044716,0 77.31281328300933,19.08922291758346,0 77.31363606789076,19.0890381471616,0 77.3152763619949,19.08864449502509,0 77.31694216745599,19.0882588491699,0 77.31803030341965,19.09094941809629,0 77.31820029507766,19.09096546965432,0 77.31964538537008,19.09229866641313,0 77.32055624389068,19.09377616225271,0 77.3208537927616,19.0943945826553,0 77.32098470003676,19.09477012518425,0 77.32159588264477,19.09495318875686,0 77.32267366726288,19.09544187112888,0 77.32268895459801,19.09574998253725,0 77.32272727911467,19.09666995833398,0 77.32276988982281,19.097093261832,0 77.322843792431,19.09770194765115,0 77.32291421271088,19.09823774046207,0 77.32300152282463,19.09895512012944,0 77.32304846909361,19.09930279452594,0 77.32311020976508,19.09988427455223,0 77.32334340087047,19.10224422931563,0 77.32347274909129,19.10340987855623,0 77.32371798959748,19.10425605089407,0 77.32420330163608,19.10595513265793,0 77.32480621283462,19.10811062134113,0 77.32520541318443,19.10946699364439,0 77.32606580897324,19.11138765614763,0 77.32644157288259,19.112334089915,0 77.32689070383353,19.11365436987492,0 77.32528841758193,19.11409116785931,0 77.32373785084836,19.11438759605022,0 77.32371045106829,19.11439228578886,0 77.32393725083951,19.11515195618456,0 77.32395146154057,19.1152003044969,0 77.3240157821223,19.11535689417248,0 77.32411301189843,19.11559483364022,0 77.32416635428172,19.11572497291121,0 77.32416856447733,19.11573045224582,0 77.32419330190308,19.11580007558536,0 77.32420667471472,19.11583792789559,0 77.32430036053104,19.11610137772901,0 77.32431508702756,19.11614304732471,0 77.32431993402307,19.11615642730817,0 77.32445123531217,19.1161158204018,0 77.32452867437483,19.11609180113486,0 77.32457398822203,19.11607783115839,0 77.32460303107011,19.11606880800691,0 77.32463787619015,19.1160580369274,0 77.32467532677528,19.1160463640377,0 77.32470206696556,19.1160380798551,0 77.32489189051492,19.11597937154016,0 77.32490585458581,19.1159750586958,0 77.32490677239763,19.11597482543578,0 77.32491157817906,19.11598968210355,0 77.32508108782147,19.11652146103904,0 77.32508746592755,19.11654159681591,0 77.32495467143465,19.11659556542266,0 77.32494612673253,19.11659901732827,0 77.32481209177915,19.11661679984732,0 77.32456542324991,19.11664946259143,0 77.32455665734956,19.11665061599555,0 77.32451745471157,19.11664495450986,0 77.32417350103545,19.11659566637065,0 77.32416457700909,19.1165943987244,0 77.32412322283828,19.1165740856568,0 77.32404664748348,19.11653629435145,0 77.32363327662512,19.11633233333269,0 77.32316497057808,19.1161011801874,0 77.32298503809515,19.11601242027842,0 77.32298305973779,19.11601158815616,0 77.32282005552366,19.11599185040931,0 77.32244294082905,19.11594593609879,0 77.32243278196727,19.11594469988108,0 77.3223454484241,19.11595003855501,0 77.32170856295357,19.11598877522736,0 77.321696581138,19.1159896954637,0 77.3215478534589,19.11601284430164,0 77.32134506570564,19.11604442959592,0 77.32051527269093,19.11617332618362,0 77.3195029133791,19.11632980578654,0 77.31901960382262,19.11640387604606,0 77.31901462609605,19.11640475356709,0 77.31891797823381,19.11646760640376,0 77.31868783577495,19.11661720890876,0 77.31866396138892,19.11664672630543,0 77.31830298409277,19.11709427180344,0 77.31813950871677,19.11729675798467,0 77.31812911239834,19.11730956011921,0 77.31804837381564,19.11730617521954,0 77.31752221299085,19.11728317684808,0 77.31640895745761,19.11723449643642,0 77.31388644203278,19.11712630762007,0 77.31386312756221,19.11712540414051,0 77.31361995324258,19.11707647240645,0 77.31308776185628,19.11697044398257,0 77.31215201042254,19.11678320766459,0 77.31213408709236,19.1167798292275,0 77.31194523044756,19.11676615597161,0 77.31136496339268,19.11672579040742,0 77.31074416870733,19.11668166231495,0 77.31070996438183,19.11667902229818,0 77.30943673862781,19.11681060128188,0 77.30862461506234,19.11689432538836,0 77.30709691296678,19.11714278485782,0 77.30684192589911,19.11718483593206,0 77.30562645406918,19.1172822413691,0 77.30515391007687,19.11732021056948,0 77.30517890471289,19.11749753552625,0 77.30537892320008,19.11891569346435,0 77.30552071135259,19.1199233327515,0 77.30552461405452,19.11994656856209,0 77.30551223050345,19.12098636314317,0 77.30551223047706,19.12100663169634,0 77.30518649048845,19.12080653072815,0 77.30467215754324,19.12048992659663,0 77.30381679600451,19.11996467251316,0 77.30260648400638,19.1192205808478,0 77.30193103430256,19.11880309059926,0 77.29763498181399,19.11620161081383,0 77.29663867780549,19.11560358272482,0 77.29663934069859,19.11555638607107,0 
						</coordinates>
					</LinearRing>
				</outerBoundaryIs>
			</Polygon>
		</Placemark>
	</Document>
</Folder>
</kml>
