<?xml version="1.0" encoding="UTF-8"?>
<kml xmlns="http://www.opengis.net/kml/2.2" xmlns:gx="http://www.google.com/kml/ext/2.2" xmlns:kml="http://www.opengis.net/kml/2.2" xmlns:atom="http://www.w3.org/2005/Atom">
<Document>
	<name>Panvel ward boundary.kml</name>
	<Style id="PolyStyle00">
		<LabelStyle>
			<color>00000000</color>
			<scale>0</scale>
		</LabelStyle>
		<LineStyle>
			<color>ffffff00</color>
			<width>3</width>
		</LineStyle>
		<PolyStyle>
			<color>00ffffff</color>
			<fill>0</fill>
		</PolyStyle>
	</Style>
	<Style id="PolyStyle000">
		<LabelStyle>
			<color>00000000</color>
			<scale>0</scale>
		</LabelStyle>
		<LineStyle>
			<color>ffffff00</color>
			<width>3</width>
		</LineStyle>
		<PolyStyle>
			<color>00ffffff</color>
			<fill>0</fill>
		</PolyStyle>
	</Style>
	<StyleMap id="PolyStyle001">
		<Pair>
			<key>normal</key>
			<styleUrl>#PolyStyle000</styleUrl>
		</Pair>
		<Pair>
			<key>highlight</key>
			<styleUrl>#PolyStyle00</styleUrl>
		</Pair>
	</StyleMap>
	<Folder id="FeatureLayer0">
		<name>Ward_Boundry</name>
		<open>1</open>
		<Snippet maxLines="0"></Snippet>
		<Placemark id="ID_00000">
			<name>1</name>
			<Snippet maxLines="0"></Snippet>
			<description><![CDATA[<html xmlns:fo="http://www.w3.org/1999/XSL/Format" xmlns:msxsl="urn:schemas-microsoft-com:xslt">

<head>

<META http-equiv="Content-Type" content="text/html">

<meta http-equiv="content-type" content="text/html; charset=UTF-8">

</head>

<body style="margin:0px 0px 0px 0px;overflow:auto;background:#FFFFFF;">

<table style="font-family:Arial,Verdana,Times;font-size:12px;text-align:left;width:100%;border-collapse:collapse;padding:3px 3px 3px 3px">

<tr style="text-align:center;font-weight:bold;background:#9CBCE2">

<td>1</td>

</tr>

<tr>

<td>

<table style="font-family:Arial,Verdana,Times;font-size:12px;text-align:left;width:100%;border-spacing:0px; padding:3px 3px 3px 3px">

<tr>

<td>FID</td>

<td>0</td>

</tr>

<tr bgcolor="#D4E4F3">

<td>Id</td>

<td>1</td>

</tr>

</table>

</td>

</tr>

</table>

</body>

</html>]]></description>
			<styleUrl>#PolyStyle001</styleUrl>
			<MultiGeometry>
				<Polygon>
					<outerBoundaryIs>
						<LinearRing>
							<coordinates>
								73.10986467858868,19.09369852916563,0 73.10986506911051,19.0937070673128,0 73.10986528751947,19.09371185018995,0 73.10987840746297,19.0939988049083,0 73.10988299981258,19.09409923996564,0 73.10988381198555,19.09411700585051,0 73.10990120271551,19.09415781882564,0 73.10992421915319,19.09421183266844,0 73.10993620353777,19.09441050831884,0 73.10993691443961,19.09442229736978,0 73.10997643973447,19.09445872398528,0 73.10998543378071,19.09446701346773,0 73.10982541062594,19.09468059371866,0 73.10982460109915,19.09468167397133,0 73.10980650148481,19.09472570637291,0 73.10972076598911,19.09485867605779,0 73.10964115171959,19.09500604952236,0 73.10963676011914,19.09506951226669,0 73.10963363152462,19.09511472454125,0 73.10960960757521,19.09516272061697,0 73.10959375691033,19.09519438635156,0 73.10956728703265,19.09531123295582,0 73.10954427700845,19.09545560190823,0 73.10950325065212,19.09585792478543,0 73.10950158571984,19.09587600219449,0 73.10949369148778,19.09596170697421,0 73.10945922789507,19.09633586596232,0 73.10948215725277,19.09644222473722,0 73.10949638734097,19.09648305228051,0 73.10954415014795,19.09662008968013,0 73.10956542953646,19.09668114105903,0 73.10958560191938,19.09676452592763,0 73.10960184209014,19.09722269848172,0 73.10960273878435,19.0972479939138,0 73.1096368281174,19.09730140600352,0 73.10963974345027,19.09730852377132,0 73.10976599865377,19.0976168002704,0 73.10965277598235,19.0978895514968,0 73.10966771786667,19.09805754377902,0 73.10969137454863,19.09832350925943,0 73.10974240328045,19.09889721132387,0 73.10981091963021,19.09896646238245,0 73.10985712882605,19.09901316668262,0 73.10998824206791,19.09914568364578,0 73.11028218780477,19.09916543192516,0 73.11034723942149,19.09919358637097,0 73.11043010713462,19.09919133641975,0 73.11050694538974,19.09918925040128,0 73.11068719202555,19.09925802431771,0 73.11089179242884,19.09939636352981,0 73.11094688264981,19.09941605036777,0 73.11106953777436,19.09953265914447,0 73.11123915646036,19.09969391809175,0 73.11143964765041,19.09952985742746,0 73.11154233858191,19.09944033784502,0 73.11157989812025,19.09943809244286,0 73.11162010417691,19.0994400341963,0 73.11168420241975,19.09946363717217,0 73.11171776471174,19.09948386816372,0 73.11174513453642,19.09948261853567,0 73.11175732078871,19.09947601249194,0 73.11176179187541,19.0994794432725,0 73.11178697072214,19.09949876259922,0 73.11165917335751,19.09976782900629,0 73.11165817938203,19.09976992095564,0 73.11156383789738,19.10010716265277,0 73.11156288652668,19.10011102654766,0 73.11149398981064,19.10039087694562,0 73.11147079182628,19.10068531029376,0 73.11147000195237,19.10069533478553,0 73.11146755224135,19.10072642468168,0 73.11140959981964,19.10091733210885,0 73.11137352160743,19.10103618342351,0 73.11137785288736,19.10120831989342,0 73.11145709699959,19.10125992384375,0 73.11158393286115,19.10127198034008,0 73.1116971629815,19.10131975017297,0 73.11171831815898,19.10133089882825,0 73.1118521234587,19.10140141055369,0 73.11188754122044,19.1014376258365,0 73.11194300792273,19.10153499712164,0 73.111984051899,19.10159612813151,0 73.1120729243556,19.10167448091279,0 73.11207759462266,19.10185448924496,0 73.11207764287177,19.10185635068297,0 73.11207817170434,19.10187674337161,0 73.1121130424815,19.10192801219835,0 73.11211730305035,19.1021770410614,0 73.11212075145015,19.10237863825411,0 73.11230269672805,19.10256406969486,0 73.11269998994472,19.10256144981712,0 73.1129617525939,19.10258182013182,0 73.11306062521911,19.1026430657886,0 73.11318090852434,19.10267871791103,0 73.11326108734202,19.10271211788993,0 73.11345268111522,19.10279192839411,0 73.11383873660014,19.10293786053525,0 73.11394579970562,19.10307519751224,0 73.11412502641754,19.10310141283712,0 73.11420435481661,19.1031567222187,0 73.11426229561022,19.10324592018243,0 73.11431407671108,19.10332563558639,0 73.11440076652613,19.10353016690346,0 73.1144105650085,19.10354568510238,0 73.11443645779568,19.10358669325626,0 73.11444272375007,19.10359661682878,0 73.11445727024167,19.10361965544048,0 73.11445843343972,19.10362149758452,0 73.1144635371282,19.10362958082871,0 73.11446779408294,19.10363632383107,0 73.11447568290383,19.10363788525514,0 73.11452510876425,19.10376301516668,0 73.11452499981804,19.10377262772884,0 73.11453263864018,19.10378207753925,0 73.11463410169765,19.10390759493764,0 73.114758090254,19.10408390557173,0 73.11479797862395,19.10415306604221,0 73.11478948395825,19.10423347486576,0 73.1147861275622,19.10426524910494,0 73.11477262970978,19.10439301923419,0 73.11442740579872,19.10434885078856,0 73.1144827750789,19.10467687192992,0 73.11457552161129,19.10502506152719,0 73.11458045112592,19.10504356879458,0 73.11496648803055,19.10481448042744,0 73.11501924333338,19.10481860611482,0 73.11527309450929,19.10493832380982,0 73.11550698302844,19.10504469095649,0 73.11551779649926,19.10516650388325,0 73.11552259174782,19.1052205285249,0 73.1152568226069,19.10551275209115,0 73.11519414590776,19.10558166724431,0 73.1152349671485,19.1056021716774,0 73.11524357173673,19.10560649388071,0 73.11524415570821,19.10560678713204,0 73.11570417685796,19.10583785718712,0 73.11570838982185,19.105815103729,0 73.11576341797598,19.10551793828462,0 73.11579344988573,19.10535575802191,0 73.11583273044874,19.10514363193931,0 73.11588301335293,19.1051708159414,0 73.11591983296746,19.10519072098081,0 73.1162450780011,19.10536655295448,0 73.1162228900378,19.10552264085482,0 73.11614126041765,19.10609688476736,0 73.11627801643851,19.10599412010514,0 73.11635935342323,19.10593299919447,0 73.11642998524863,19.10593438231566,0 73.11647150773761,19.10593519473801,0 73.11661513527274,19.10593800673461,0 73.11676081383317,19.10585921090132,0 73.11688077223192,19.1057943257345,0 73.11724038479164,19.10583272714897,0 73.1172892318871,19.1058379432616,0 73.11729834296122,19.10583891633244,0 73.11730194885953,19.10583930101104,0 73.11731397957927,19.10584058579468,0 73.11742408538535,19.10588103749535,0 73.11749292236172,19.1059063276686,0 73.11775914167187,19.10600413540822,0 73.11778610413289,19.10601404105745,0 73.11796077669858,19.10617644667784,0 73.11813629156664,19.1063469179469,0 73.11813061008412,19.10634880753378,0 73.1180225531411,19.10638474647931,0 73.11788920705875,19.10642909554494,0 73.11787467328944,19.10643392903839,0 73.11768073054996,19.10650795383722,0 73.11755116534982,19.106492287822,0 73.1172984082726,19.10656427615823,0 73.11690595832583,19.10670000942949,0 73.11676679465602,19.10674814050291,0 73.11640795752376,19.10686206529547,0 73.11619523154378,19.10686275653644,0 73.11598299032062,19.10695380050094,0 73.1158544699843,19.10717930602527,0 73.11582291028587,19.10723468147294,0 73.11572410172093,19.10735006412213,0 73.11569142791215,19.10738821856382,0 73.11549759402257,19.10758557479263,0 73.1154408704092,19.10766530374416,0 73.11561344628198,19.10801268969009,0 73.11534606271414,19.10835999306797,0 73.11544821014239,19.10875398382202,0 73.11540573444756,19.10877458299886,0 73.11529007182187,19.10886326872712,0 73.11520906459465,19.10900011295858,0 73.11493845458133,19.10909390469986,0 73.11493048109652,19.10926495945259,0 73.11488202160047,19.10945854605265,0 73.1148098872675,19.1097886071902,0 73.11469993405734,19.11026073521903,0 73.11455636929344,19.110415103188,0 73.11428453069865,19.11046547962473,0 73.1140470004223,19.11053670741497,0 73.11394694931916,19.11056671017349,0 73.11378698309169,19.11057080715042,0 73.11336497843782,19.11053349677774,0 73.11302358744028,19.1105715861187,0 73.11280130165115,19.11061663260265,0 73.11241778565886,19.11064424967392,0 73.11197383225486,19.1106798505191,0 73.11129410690256,19.11066379263763,0 73.11095540948779,19.11055323733549,0 73.1099999093898,19.1103770718369,0 73.10941961676764,19.11028506482849,0 73.10887937600199,19.11020876613849,0 73.10875937590349,19.11019940633235,0 73.10854625815936,19.11014582716171,0 73.1078637249063,19.10996801419805,0 73.10764261029072,19.11000960021713,0 73.10713239374574,19.10982509088442,0 73.10714430195775,19.10977302851107,0 73.1069707447338,19.10977841346325,0 73.10651673877977,19.10979166955368,0 73.10654275078315,19.10861119597249,0 73.10628685540206,19.10856075976828,0 73.10610392277002,19.10850629429214,0 73.10588514014043,19.10850882263912,0 73.10574281616657,19.10842131218449,0 73.10564870508503,19.10851595056456,0 73.10555838668409,19.10849828969108,0 73.1052928441773,19.10841190000656,0 73.10514970284436,19.10839608547077,0 73.10505246900962,19.10832337966425,0 73.10462834635263,19.10825208849999,0 73.10454283984055,19.10825359736037,0 73.10381183321138,19.10819348468153,0 73.10266379486801,19.10744070389642,0 73.10158575293879,19.10672449138264,0 73.10092891447235,19.10633528960286,0 73.10024483407159,19.10590995359101,0 73.10000815470877,19.10571868758586,0 73.09999130926094,19.10566280408279,0 73.0999882154,19.10566343973553,0 73.09964963885601,19.10573297092892,0 73.09900430673873,19.10586549623851,0 73.09900478856893,19.10591205973142,0 73.09924855438378,19.10746339866681,0 73.09917920015774,19.10781164591382,0 73.09906817268551,19.10829295469938,0 73.09906809070061,19.10829330977828,0 73.09906576570199,19.10829559928237,0 73.09898162732232,19.10837846223699,0 73.09870830141682,19.10853338899626,0 73.09871562540501,19.10877248042262,0 73.09863222288146,19.10902975611154,0 73.09853887323582,19.10927736776222,0 73.09843579504908,19.10949619700929,0 73.09833883728756,19.10961948367355,0 73.09842852571917,19.10969211489803,0 73.09831271166109,19.10970525916252,0 73.09813185911119,19.10968904946334,0 73.09809274496519,19.10972822796701,0 73.09806572642168,19.10975529087598,0 73.09793455426188,19.10979217738765,0 73.09773790621728,19.10983794826153,0 73.09771103747546,19.10985556437772,0 73.09765177034645,19.10989442155124,0 73.09754431722438,19.11005584134397,0 73.0974674171183,19.1101841145021,0 73.09740920840578,19.11043686924303,0 73.09736788798547,19.11053204866074,0 73.09736774412994,19.11054462199605,0 73.09736646613592,19.1106563214468,0 73.09729295346376,19.11092803939301,0 73.09718992621812,19.11114208763001,0 73.09714833294179,19.11126116534012,0 73.09706596570831,19.11142762470998,0 73.09695819525882,19.11149738096541,0 73.09689877411375,19.11153584327609,0 73.09683946882386,19.11188419201545,0 73.09666265063133,19.11236568253502,0 73.09635154111098,19.1132128507295,0 73.09626381493773,19.11340793590966,0 73.09595555309575,19.11353859506267,0 73.09573299140993,19.11365101907741,0 73.09548523324521,19.11376796261176,0 73.09524730777852,19.1138977052295,0 73.09514111428928,19.11395561268648,0 73.09473577788721,19.11421911317805,0 73.0947337874685,19.11422677566481,0 73.09471473295974,19.11430015993439,0 73.09455382463084,19.1142984937505,0 73.0943980545634,19.1142873203572,0 73.09424124355472,19.11436696188079,0 73.09410028460938,19.11437984278212,0 73.09401994002906,19.11436944938801,0 73.09393445812962,19.11436856392635,0 73.09381853108503,19.11439126508819,0 73.09376393180544,19.11432855539828,0 73.09358488281734,19.11415460910759,0 73.09349060525216,19.11404368596592,0 73.0934783924491,19.11404375274852,0 73.09318884825717,19.11404533891077,0 73.09259369182951,19.11419692096225,0 73.09238703502922,19.11423780124132,0 73.09212539562385,19.11424942948335,0 73.09155565457218,19.11437736953079,0 73.09125236076395,19.11451285247225,0 73.09097580056184,19.11450998340721,0 73.09078947646006,19.11453195134182,0 73.09055860974615,19.11449131379054,0 73.09027658180051,19.11452662889285,0 73.09012136122877,19.11446765446317,0 73.0900636565448,19.11423760108335,0 73.09003605012676,19.11392659561704,0 73.09006451599254,19.11390012180439,0 73.09012538316051,19.11385486285928,0 73.09015000329627,19.11381305161052,0 73.09011428148276,19.11377061406577,0 73.09005364331368,19.11372801997705,0 73.09004244447095,19.1137201538096,0 73.09005785929006,19.11363137165509,0 73.09005792642577,19.11363098752041,0 73.08960630901572,19.11364373337595,0 73.08925823342723,19.11365355683863,0 73.08923536915302,19.11365718037984,0 73.08886903883298,19.11371524357122,0 73.08884062265642,19.1137169611258,0 73.08860787629244,19.11373102815928,0 73.08858218951295,19.11373258070577,0 73.08785781394577,19.11364139921186,0 73.08772959257755,19.11362168340137,0 73.08741604858804,19.11357346998057,0 73.08699296235476,19.11352126897122,0 73.08685719678441,19.11351985749345,0 73.08658838502558,19.11371783403929,0 73.08643914989545,19.11404003695982,0 73.0864065983548,19.11411031761618,0 73.08608028407248,19.11417026190422,0 73.0853396769074,19.11439679161694,0 73.08482268340684,19.11442009295672,0 73.084283539407,19.11462003246831,0 73.08412737850375,19.11464716134609,0 73.0838657962918,19.11430319142841,0 73.08375135516663,19.11415270535309,0 73.083532540958,19.11386497180591,0 73.08343214556301,19.11373295556295,0 73.08346668346023,19.11306271586114,0 73.08342086285614,19.11267503604029,0 73.08337171670136,19.11227321383621,0 73.08336709287488,19.11223540803558,0 73.08323914022674,19.11216715099013,0 73.08319623858414,19.11211806373811,0 73.08308229645006,19.11198769131457,0 73.0827412015237,19.11156347326015,0 73.08218403835912,19.11121157619289,0 73.08201811271661,19.1111178599194,0 73.08197019746309,19.11109079641698,0 73.08173832048026,19.11096409300238,0 73.08155767835284,19.11092970359616,0 73.0814468806164,19.11094384600758,0 73.0809773928009,19.11118752496752,0 73.08087600523646,19.11124035293136,0 73.08081549582283,19.11127188141226,0 73.08055308177128,19.11152536725896,0 73.08022911297746,19.11188337657871,0 73.08017761609459,19.11198800539484,0 73.07992218054598,19.11198534040595,0 73.07958293525665,19.11258455762688,0 73.07936364368385,19.11297189546098,0 73.07928493748702,19.11299401920484,0 73.07920736023881,19.11326664083591,0 73.07898991728266,19.11328349230714,0 73.07895499627833,19.11334622714814,0 73.07875640524581,19.11329826334085,0 73.07870444300484,19.11344304092558,0 73.07843236283705,19.11348800186887,0 73.0781437051883,19.11357485671531,0 73.07780284148735,19.11347951544848,0 73.07782993873698,19.11304957463196,0 73.07695546103814,19.11265419235443,0 73.07697528991825,19.11198325103861,0 73.07682782581377,19.11168915757669,0 73.07669105794662,19.11151372670591,0 73.07652025452319,19.1113245550056,0 73.07630613084518,19.11105462210019,0 73.07616748487656,19.11104170016931,0 73.07554967800415,19.11002182589921,0 73.07530532501008,19.10958331080121,0 73.07516106916735,19.10935999789393,0 73.07473381708027,19.109342962425,0 73.0745759898688,19.10933666902026,0 73.07427424103962,19.10933651563245,0 73.07419179291784,19.10933647318024,0 73.07391221198893,19.10931246051091,0 73.07386223319762,19.10930816776704,0 73.07381204121185,19.10929807776275,0 73.07325014914676,19.10918512264191,0 73.07286052973629,19.10912059638062,0 73.07280645789963,19.10911164165137,0 73.0723613982216,19.10898269384207,0 73.07207135538386,19.10901598599809,0 73.07170442703149,19.10905347583599,0 73.071596077755,19.10906454581677,0 73.07154484861957,19.10897222747084,0 73.07139011537402,19.10895913353234,0 73.07134339634206,19.10882479686594,0 73.0712577155132,19.10877633565716,0 73.07124207169711,19.10872329846999,0 73.07124178186064,19.10872231439135,0 73.07123369050011,19.1087248068637,0 73.07122340271634,19.10872797641653,0 73.07121260470156,19.10873130232196,0 73.07121302942468,19.10880284238844,0 73.07081136560515,19.10931155361134,0 73.07049620956003,19.10960223509396,0 73.07037260278879,19.10963679051426,0 73.07008931661034,19.10956450681329,0 73.06966926613791,19.10968558356299,0 73.06888239176762,19.1095661875599,0 73.06866104415789,19.10978973174047,0 73.06791907063932,19.11024228100617,0 73.06776835068379,19.1102299433434,0 73.06772553890829,19.11012876114506,0 73.06760683675118,19.10984821846784,0 73.06744046906198,19.10955965663579,0 73.06735733761208,19.10957312439108,0 73.06689861577955,19.10977624734203,0 73.06680641456509,19.10972405345181,0 73.06666630678036,19.10964474084676,0 73.06610357708765,19.10971053207983,0 73.06577905299166,19.10972504781513,0 73.06556464178361,19.10967618683398,0 73.06544069550139,19.10963186195142,0 73.06530966535787,19.10954802495597,0 73.06517532371781,19.10942471730446,0 73.06506007148268,19.10940715951933,0 73.06492398636621,19.10938642776589,0 73.06486566160916,19.10937754254265,0 73.06476148920299,19.1092545518323,0 73.06464284349801,19.10907882486715,0 73.06457972986304,19.10897108438168,0 73.06447303612855,19.10880552194597,0 73.0644056770729,19.10871685707598,0 73.06428796996964,19.10863339894173,0 73.06413390582544,19.10856294327478,0 73.06401858886927,19.10844700488466,0 73.06350396926777,19.10839773252897,0 73.06345839168183,19.10799332286418,0 73.06343022670609,19.10782093840014,0 73.06339594814311,19.10774170355798,0 73.06311097954557,19.10738257745627,0 73.06290725078084,19.10717249325673,0 73.06288968343372,19.10715145003378,0 73.06273614838179,19.10696753278598,0 73.06201989962372,19.10611848062909,0 73.06163894766118,19.10609965086824,0 73.0615988895769,19.10604186636317,0 73.06136820336077,19.10603083253485,0 73.06124223036001,19.10590187338143,0 73.06116864865733,19.10574335105056,0 73.06090407224517,19.10514542521617,0 73.06024537105891,19.10481797082613,0 73.0600225978822,19.10462441414212,0 73.0598398265998,19.10445039910386,0 73.05987191757627,19.10428581930464,0 73.05975388810555,19.10424912521874,0 73.05973663652158,19.10424376178134,0 73.05956949073361,19.10423901262014,0 73.05953415104867,19.10403548065974,0 73.05948226227378,19.10390347753005,0 73.05931937017492,19.10358805730507,0 73.05941524719526,19.10345163619415,0 73.05939865124742,19.10298837683562,0 73.05926250371954,19.10270813487904,0 73.05894173933872,19.10244470898905,0 73.05836110946019,19.10204278336162,0 73.05826751936362,19.10178939994165,0 73.05741337630538,19.10138458765969,0 73.05743114725223,19.10108995406664,0 73.05721814444424,19.10107241015716,0 73.05683282948947,19.10082550866131,0 73.05643674477754,19.10063967918403,0 73.05643786139689,19.10054408700426,0 73.05589793690972,19.10027451805277,0 73.05521176035521,19.09995560139525,0 73.05369258079466,19.0993396309722,0 73.05333622204836,19.09928328174829,0 73.05280031752459,19.09910074722751,0 73.05215103618836,19.09893852235567,0 73.05137181826014,19.0987079976892,0 73.05085060962328,19.09855907502367,0 73.05000860473781,19.09832309970635,0 73.04916383735916,19.09810860278995,0 73.04835971351883,19.09785868101075,0 73.04732959828364,19.09758484913094,0 73.0473170139861,19.09712192971218,0 73.04718910231347,19.09241675470813,0 73.04716443140971,19.09130509516441,0 73.04707784145457,19.08947096805709,0 73.04723806613572,19.08909981032359,0 73.04746937564653,19.08866965321528,0 73.04761367458319,19.08837002918496,0 73.04787886520535,19.08783745690486,0 73.04801299598657,19.08754728477481,0 73.04919568101015,19.08723953863802,0 73.05043910949637,19.08685993565126,0 73.05044014319054,19.08685961957891,0 73.05044028282664,19.08685970416443,0 73.05045049100775,19.08685885735402,0 73.05047878915339,19.08685651000738,0 73.05049013295485,19.0868555686172,0 73.05055370178631,19.08685029456968,0 73.05060139075395,19.08685098618836,0 73.05117305712363,19.08685927648362,0 73.05169395476655,19.08686682846644,0 73.05238523116562,19.08687771143983,0 73.05241196809638,19.08687813230752,0 73.05326593419164,19.08689157282349,0 73.05459972278803,19.0870337722502,0 73.05504761103747,19.08708630289931,0 73.05582660468679,19.08717426127543,0 73.05700672695281,19.08730750651709,0 73.057650703242,19.08738241618767,0 73.05840415199926,19.08744772127103,0 73.05898083766535,19.08740762084683,0 73.0594549444796,19.08738207598285,0 73.05966181765562,19.08737092967809,0 73.05978231318369,19.08736443717537,0 73.05980827477013,19.08741706334201,0 73.05985133218105,19.08750434229102,0 73.0598816004574,19.08744871840062,0 73.05991065013872,19.0873953337218,0 73.0601087249667,19.08703133061109,0 73.06049393686808,19.08632341902033,0 73.06067892531244,19.08598345908328,0 73.06068044500094,19.08597633048112,0 73.06072444119769,19.08576997781948,0 73.0607789854397,19.08551415486084,0 73.06088444007838,19.08501954391895,0 73.06091932174316,19.08485594024392,0 73.06118976696854,19.08373829797173,0 73.06121173898744,19.08361101757819,0 73.06140327011212,19.08250150545501,0 73.0615292832415,19.08249976971035,0 73.06202141417045,19.08249298955507,0 73.06203286826988,19.08249283178995,0 73.0620502407059,19.08249138485527,0 73.06286831461424,19.08242322100582,0 73.06386733165837,19.08238072197704,0 73.06391203688811,19.08237882040497,0 73.06407196122073,19.08237201639079,0 73.06410278061651,19.08237070511596,0 73.0641048468128,19.08237106648395,0 73.0641241915917,19.08237445765,0 73.06413161905361,19.08237575972457,0 73.0654119782709,19.08260018283083,0 73.06541202378912,19.08260019053552,0 73.06567537021171,19.08264634959558,0 73.06604877429558,19.08271179825921,0 73.06604917823908,19.08271186934696,0 73.06608126926189,19.08271749348522,0 73.06662029753461,19.08282484775287,0 73.06667921868245,19.08283658264429,0 73.06670973256803,19.0828426092845,0 73.06678657091045,19.08285778600954,0 73.06680604523174,19.082859032797,0 73.06682552049314,19.08286028049563,0 73.06706038582379,19.08287532543652,0 73.0671165538201,19.08287892371305,0 73.06716137770586,19.08288179501998,0 73.06720038560816,19.08289392159429,0 73.06726959194715,19.08291543549034,0 73.06727392978486,19.08291565172411,0 73.06744464468261,19.08292417136822,0 73.06748447623275,19.08292615915202,0 73.06763340512084,19.08293359194485,0 73.06767947887116,19.08294937160883,0 73.06767658131305,19.08302582546896,0 73.06768799441373,19.08302863353774,0 73.06779622000046,19.08305525477394,0 73.06800948783608,19.08310771299831,0 73.06802879740671,19.08309974010939,0 73.06834596192454,19.08296878898751,0 73.06839547695022,19.08303580033445,0 73.06841512114151,19.08306238510422,0 73.06842785211757,19.08307961453634,0 73.06847268886214,19.08314029399763,0 73.0684743005616,19.08314011125131,0 73.06875495557838,19.08310824320213,0 73.06880457298173,19.0831026086899,0 73.06891976114204,19.08308952937747,0 73.06896128400376,19.08306415119482,0 73.06905813140806,19.08303744037969,0 73.06907698010043,19.08305962735219,0 73.06910285663811,19.08308284371847,0 73.06914703111711,19.08308904292724,0 73.06916735043156,19.08307109120359,0 73.0692127849512,19.08305531414932,0 73.06930420573111,19.0830629641389,0 73.06936711841607,19.08307596767268,0 73.06939426421575,19.08308157827613,0 73.06940653092093,19.08308411333798,0 73.06943796927347,19.08297449727285,0 73.06967819932478,19.08296007980753,0 73.06974992013883,19.08295577597178,0 73.06981181945434,19.0829507034524,0 73.0698217904505,19.08294988647978,0 73.0699168810785,19.08294209472023,0 73.06992685492432,19.08294127777164,0 73.06993613164062,19.08294051765854,0 73.06994577833308,19.0829198017994,0 73.06995032882956,19.08291003090212,0 73.06998401033086,19.08283770520097,0 73.06999594491506,19.08281207737223,0 73.07000797652583,19.08281276076375,0 73.07013046515159,19.08281972127581,0 73.07014521338914,19.08282055958075,0 73.0701657528673,19.08282172683451,0 73.07018946665384,19.08282307457806,0 73.07026969702082,19.08282763303777,0 73.07029706179215,19.08282918793079,0 73.07036724034897,19.08283317494821,0 73.07037125690117,19.08283340310157,0 73.07038786719532,19.08283434670579,0 73.07039998325502,19.0828217543501,0 73.07042247461079,19.08279837889366,0 73.0704235199406,19.08278811417872,0 73.0704258786258,19.08276495337284,0 73.07045356642909,19.08276568957175,0 73.07048519050292,19.08276653022025,0 73.07051545422188,19.08275824267099,0 73.07056475475413,19.08276223411648,0 73.07056970522,19.08276263464839,0 73.07061625543787,19.0827373087074,0 73.07065507671221,19.08271282866901,0 73.07066994421241,19.08270345304213,0 73.07070631915883,19.08267689134128,0 73.07071253928318,19.08267234935747,0 73.07071222305949,19.08265748676027,0 73.07071193569976,19.08264398762795,0 73.07071123670126,19.08261114877534,0 73.07071231212242,19.08257950015271,0 73.07071276323617,19.08256623007429,0 73.07071699518156,19.08254810881799,0 73.07074743601248,19.08252452657032,0 73.07076987597661,19.0825181308902,0 73.07078544066678,19.08251369486995,0 73.07084126554827,19.08249778317132,0 73.07093210174398,19.08246909688542,0 73.07096117863202,19.08246056376607,0 73.07098557906954,19.08245340356662,0 73.07102349927078,19.08247865816155,0 73.07111469849127,19.08250542623326,0 73.07116595000834,19.08253260718998,0 73.07120664827937,19.08255419159106,0 73.07123436239738,19.08257095075698,0 73.07123560694428,19.0825717036321,0 73.07124998867756,19.08257145217787,0 73.07125065107033,19.08257144104422,0 73.07125202623979,19.0825714165943,0 73.07126980454353,19.08257110583914,0 73.07130309567889,19.08256189318976,0 73.07134059653677,19.08253647233196,0 73.07139116909246,19.08251118828133,0 73.0714405141546,19.08250501269018,0 73.07154459608573,19.08254816765471,0 73.0716277071145,19.08257867563905,0 73.07172595553831,19.08260456144105,0 73.07173968729248,19.08258962542781,0 73.07177993181469,19.08254585080729,0 73.07187766106973,19.08252966454074,0 73.07195466070571,19.08255212909296,0 73.07195583304929,19.08255247108453,0 73.07199717926642,19.08254238774346,0 73.07208299875994,19.08251269173124,0 73.07209739635034,19.08250310780964,0 73.0721438026068,19.08247221799111,0 73.07225649765198,19.08228381157353,0 73.07234757535645,19.08212988313985,0 73.07242102183913,19.08204154354515,0 73.0724723966633,19.08197975030965,0 73.07256031456961,19.08198167718794,0 73.07257252863494,19.08198194496601,0 73.07261359950861,19.0819675595215,0 73.07262341644821,19.08196412104792,0 73.07301275706905,19.08184930590503,0 73.07313077142254,19.08181450421513,0 73.07312720086041,19.08171338494627,0 73.07312556264269,19.08166699132095,0 73.07312963088783,19.0816123184861,0 73.07313507616371,19.08153914305627,0 73.07314461433359,19.08141096893455,0 73.07318552797406,19.08125343950122,0 73.07321197131748,19.08115162590907,0 73.07329705634427,19.08109967191119,0 73.073442875675,19.08101063229432,0 73.07370048650863,19.08097317116456,0 73.07370060176369,19.08096846317246,0 73.07370574268305,19.08075815862943,0 73.07370974763268,19.08059431989506,0 73.07371176847722,19.0805116739684,0 73.07371398821246,19.08042086648774,0 73.07371411244567,19.0804157927298,0 73.07371427155667,19.08040926402924,0 73.0737167475871,19.08041084001871,0 73.07371678535513,19.08040929030579,0 73.07373876591407,19.08042328089453,0 73.07377937979949,19.08044747001813,0 73.07381444497514,19.08046835452253,0 73.07381670506311,19.08046970061028,0 73.07382633450051,19.08041960806414,0 73.0740358354156,19.08037637902975,0 73.07403801178411,19.08037592995007,0 73.0742177961808,19.08062919942709,0 73.07421827102203,19.08062986835377,0 73.07435030466931,19.08058825283628,0 73.07435195730947,19.08058773170507,0 73.07440669325186,19.08057047902404,0 73.07440726869052,19.08057029764657,0 73.07440888479977,19.08057047081443,0 73.07449249465542,19.0805794159477,0 73.07449297777566,19.08057946766968,0 73.07449529983728,19.08057971626547,0 73.07449545970496,19.08057953094103,0 73.07450177716369,19.08057219621429,0 73.07450215310072,19.08057175974198,0 73.07450393398418,19.0805721451128,0 73.07450754691753,19.08057292813266,0 73.07452548745336,19.08057681392982,0 73.07452757067887,19.08057726479106,0 73.07455790249513,19.08058383474928,0 73.07455908342435,19.0805840909945,0 73.07459283388974,19.08059140128493,0 73.07459305282667,19.08059144874029,0 73.07460862296855,19.08059482104712,0 73.07460979726856,19.08059507541601,0 73.07463194974946,19.08059987333608,0 73.07463245111936,19.08059998246046,0 73.07464433913201,19.08060255747359,0 73.07464649628383,19.08060302446302,0 73.0746580885948,19.08060553495751,0 73.07466008082622,19.08060596679952,0 73.07468256503076,19.08061083683464,0 73.07468352323374,19.08061104468089,0 73.0747011585872,19.08061486494145,0 73.07470226749146,19.08061510507619,0 73.07472139276811,19.08061924713907,0 73.07472260782626,19.08061951006331,0 73.07474001855503,19.0806232819023,0 73.07474073508286,19.08062343663535,0 73.07475959592726,19.08062752173033,0 73.07476684549847,19.08062909252475,0 73.07476739142645,19.08062921024446,0 73.07478495190891,19.08063301435798,0 73.07478720099623,19.08063350127678,0 73.07481022828756,19.08063848898689,0 73.07481366115533,19.0806392321788,0 73.07482939716803,19.08064264052801,0 73.0748299866831,19.08064276863989,0 73.07483257602054,19.08064332957456,0 73.07485743916712,19.08064871496466,0 73.07485782207478,19.08064879755686,0 73.07487649336707,19.08065284181573,0 73.07488064180319,19.08065374063231,0 73.07489390979394,19.08065661460356,0 73.07489615793199,19.08065710151115,0 73.07492121822192,19.08066252960347,0 73.0749225707129,19.08066282196621,0 73.07493746605023,19.0806660480799,0 73.07494052441244,19.08066671082822,0 73.0749421480858,19.08066706267888,0 73.07498682314574,19.080650721507,0 73.0750440438524,19.08062979133335,0 73.07526415664836,19.08054927610339,0 73.0753296853902,19.08052530699338,0 73.07534543709275,19.08051954548426,0 73.07538853005049,19.08050378209381,0 73.07542813830703,19.08048929397414,0 73.07545797846389,19.08046909398449,0 73.07559472403612,19.08037652681214,0 73.07566568719099,19.08032848926373,0 73.07568893393309,19.08031275252483,0 73.07573672882492,19.0802803992059,0 73.0757549948641,19.08026803417373,0 73.07589159294034,19.08022357983404,0 73.07593260013726,19.08021023464451,0 73.07593289642844,19.08021013822085,0 73.07606605115794,19.08021750412397,0 73.07618708235945,19.08022870278527,0 73.07619302776173,19.08022925266486,0 73.0762911752761,19.08023833338193,0 73.07650911814675,19.08025849852292,0 73.07651154903247,19.08025872343887,0 73.07651190375246,19.08025787346836,0 73.07651881746092,19.08024129946009,0 73.07657825582939,19.08009880269747,0 73.07657535169602,19.07995129924494,0 73.07657368008373,19.07986640230942,0 73.07656969930625,19.07966418569453,0 73.07653882406352,19.07940638572035,0 73.07653805710221,19.07939998374952,0 73.07664349019312,19.07935661725634,0 73.07675831156084,19.07930938925637,0 73.07706479720547,19.0791833268687,0 73.07706850231737,19.07918180271917,0 73.0770913461745,19.07906306702205,0 73.07711503703655,19.07893992815522,0 73.07714813703647,19.07892636360404,0 73.07760303620844,19.07873994513236,0 73.07761849259568,19.07873488856092,0 73.07824350394168,19.07853041341158,0 73.07824449752584,19.07853008835413,0 73.07874882941563,19.0786466231988,0 73.07892877763896,19.07873812938719,0 73.07931206492042,19.07883638259515,0 73.07964313685233,19.07892125061325,0 73.07977974643694,19.0790278801476,0 73.0798268217026,19.07906462424431,0 73.07985852790296,19.07908937238988,0 73.07990192125312,19.0791232424636,0 73.07990419915559,19.07912502142329,0 73.0799110997639,19.07913040687732,0 73.07994089395892,19.07913713023829,0 73.08042411676827,19.07924617597337,0 73.08086670684058,19.07936238274427,0 73.08086774272802,19.07936265472622,0 73.08088076667387,19.07936048859192,0 73.08130517148089,19.07928991672432,0 73.08130600804178,19.07928977761631,0 73.0815101591196,19.07930989517714,0 73.08171280408061,19.07932986494748,0 73.08203294207628,19.07942928016567,0 73.08214793899648,19.07965993129563,0 73.08224263047713,19.07982010049524,0 73.08226282540946,19.07984375374706,0 73.08233875638204,19.07993268744388,0 73.08243164518051,19.0800414826895,0 73.08243279377902,19.08005329794462,0 73.08244984473308,19.08022874168502,0 73.08245187508321,19.08024963585061,0 73.08264669127085,19.08049115542119,0 73.08263429290773,19.08054726782002,0 73.08263380376252,19.08054948047987,0 73.08262866856715,19.08057272380572,0 73.08260132578408,19.08069646975792,0 73.08259895317985,19.08070720589741,0 73.08260157453347,19.08071349074787,0 73.08268828036115,19.08092141864572,0 73.0827041563913,19.0809594888188,0 73.08274940904928,19.08106800964626,0 73.08275173201197,19.08107314321989,0 73.08295180042768,19.08151541403318,0 73.08296711137977,19.08154925961946,0 73.08309424492073,19.08184550400496,0 73.08311547985373,19.08189498423503,0 73.08317059244332,19.08207561892167,0 73.08320414663437,19.08218559253678,0 73.08331271887882,19.082450593441,0 73.08351837339286,19.08270499948899,0 73.08353134105035,19.08272104163451,0 73.08357840267387,19.08274171036603,0 73.08376546758439,19.0828238633972,0 73.08377615399361,19.08283073166602,0 73.083793591787,19.08284194032911,0 73.08399905104527,19.08297400268096,0 73.08403651851133,19.08299520299078,0 73.08405367431055,19.08300491002439,0 73.08421335749971,19.08309526047707,0 73.0842222808248,19.08310209413095,0 73.08428466132663,19.08314985837501,0 73.08432813368302,19.08318314388941,0 73.08433297587034,19.08318685193877,0 73.08428579570464,19.08315262558577,0 73.08432561982701,19.0831831177539,0 73.08433046201428,19.08318682580332,0 73.08437033469117,19.0832324589594,0 73.0844307561469,19.08330160973136,0 73.08456847922332,19.08345922891642,0 73.08459680920993,19.08349165144036,0 73.08463268969392,19.083532714502,0 73.0849385286355,19.08382701325085,0 73.0851005431325,19.08390470406733,0 73.08548151583618,19.08396172463674,0 73.08570217210433,19.08410536799717,0 73.08571657734259,19.08411474549455,0 73.08584319530716,19.08417649851825,0 73.08605207776253,19.08427837152019,0 73.08606226923267,19.08430079131292,0 73.08611749603,19.0844222943454,0 73.08615057447784,19.08449507125808,0 73.08615336354733,19.08449570281468,0 73.08620706680854,19.08450786336608,0 73.08620696678861,19.08450565270538,0 73.08620664160445,19.08449847844555,0 73.0862053734687,19.08447049991712,0 73.08620226500746,19.08446863470947,0 73.08624743357947,19.08445839632759,0 73.0862898989147,19.0844548536502,0 73.08637788541816,19.08444751341414,0 73.08659545836952,19.08441612007902,0 73.08675506151421,19.08438871270705,0 73.08690817709468,19.0843658278119,0 73.08714668129957,19.08433312084397,0 73.08739004690432,19.08429740523998,0 73.08763984724874,19.08426175518932,0 73.08788469824592,19.08423676188176,0 73.08807485099743,19.08421120066336,0 73.08844377140315,19.08417066705989,0 73.08861461411001,19.08415159613955,0 73.08870742782443,19.08414123529422,0 73.08873214706318,19.08413847628729,0 73.08888659088977,19.08414007828361,0 73.08889850212972,19.08416261967279,0 73.08891178696786,19.08418775982854,0 73.08893476030086,19.08428895790025,0 73.08901680816092,19.08428980888791,0 73.08915680820905,19.08428820207667,0 73.08930337923687,19.08429359389828,0 73.08934939323687,19.08429528698695,0 73.08938840261078,19.08429672223973,0 73.08950856501802,19.08430048048919,0 73.0895347673209,19.08430129961565,0 73.08964033288072,19.08435593377594,0 73.0897281499076,19.08441497204765,0 73.08975529705629,19.08443489712644,0 73.08981271306327,19.08447703714102,0 73.0898798031478,19.0844832847456,0 73.08992361487124,19.08448736503611,0 73.090021645156,19.08449755943631,0 73.0901707340566,19.08450141025255,0 73.09021949153758,19.08450266994753,0 73.09040147746818,19.08448772923214,0 73.09053541027846,19.08445393400534,0 73.090604631772,19.08442304359234,0 73.09062788674714,19.08441266554955,0 73.0906761110318,19.08439114490697,0 73.09091015684631,19.08432626320611,0 73.09091189845958,19.08432552332978,0 73.09109286136565,19.0842486123271,0 73.09119624390428,19.08421297068571,0 73.0913088210865,19.08422634678328,0 73.09132318063095,19.08422805293391,0 73.09136142332169,19.08426057269408,0 73.09136370556631,19.08429239114006,0 73.09136533945046,19.08431517280172,0 73.09136598748992,19.08432420863267,0 73.09136925715931,19.08436980092979,0 73.09136936361908,19.08437128987226,0 73.09137055074028,19.08438784185139,0 73.09138368865787,19.08447392484984,0 73.09138546291062,19.08447406789324,0 73.09142008590335,19.08447686743218,0 73.09144473415981,19.08447524939271,0 73.09147409409393,19.0844733221541,0 73.09154084999886,19.08446894017261,0 73.0917648924723,19.08443454796907,0 73.09227344464129,19.0844245175613,0 73.09234226326642,19.08444702284633,0 73.09263090829489,19.08454141622348,0 73.09288474770156,19.08457463714985,0 73.09298261711304,19.08458040816395,0 73.09310502939105,19.0845876255766,0 73.09324389072832,19.08468543357363,0 73.09328060264863,19.08469384892088,0 73.09346053450557,19.08473509576213,0 73.09368658473534,19.08494700351833,0 73.09371345889269,19.08496102987425,0 73.09375536076307,19.08498289843479,0 73.09400563115554,19.08518740855197,0 73.09401474689686,19.08518735741185,0 73.09406922091753,19.08518704918463,0 73.0942513781054,19.08518601918208,0 73.09429365662484,19.0851857798693,0 73.09431161919704,19.085185678392,0 73.09431614333548,19.08518565291724,0 73.09433414867159,19.08518555097669,0 73.09433968482698,19.08518551970819,0 73.09434032244162,19.0851855163661,0 73.09434614392515,19.08525105967439,0 73.0943576703733,19.0852472655178,0 73.09435744826555,19.08524384037188,0 73.09435332994376,19.08518033550617,0 73.094353154744,19.0851776272136,0 73.09435313045884,19.08517725838965,0 73.09435430074899,19.08517695612309,0 73.09435636494935,19.08517642371065,0 73.09437631032823,19.08517127756959,0 73.09443136809153,19.0851570733932,0 73.0951726139253,19.08496583722106,0 73.09520868076619,19.08496520555253,0 73.09546430108639,19.08496072682768,0 73.09547774083697,19.08495571566804,0 73.09551958020634,19.08494011612859,0 73.09557034281754,19.08492118957554,0 73.09560371399756,19.08473044024724,0 73.09561856500881,19.08464555365607,0 73.09561876122208,19.08464443189783,0 73.09598733321033,19.08467712797658,0 73.09604571425631,19.08468230681927,0 73.09604743602189,19.08497153342464,0 73.09612874971916,19.08511578384193,0 73.09616566973014,19.08530591453795,0 73.09617386084673,19.08534809510251,0 73.09617262112671,19.0854149783057,0 73.09617192010896,19.08545277599965,0 73.09616802296226,19.08566300756904,0 73.09616730424743,19.08570177077663,0 73.0964181061422,19.08597445045136,0 73.09641988244998,19.08603900252093,0 73.0963849481102,19.08612764925921,0 73.09635522564952,19.08620307127198,0 73.0963551532369,19.08620325481033,0 73.09635532792825,19.08620326745574,0 73.09698567211173,19.08624801173789,0 73.09699640251281,19.086248773901,0 73.09745793220014,19.08628157108413,0 73.0977351543645,19.08627703057792,0 73.09774501448918,19.08627686950571,0 73.09778149838938,19.08627627237441,0 73.09781903340289,19.08627565808394,0 73.09790552027916,19.08627424201304,0 73.09828083524366,19.08621119149666,0 73.09833073184451,19.08619505749261,0 73.09845751140499,19.08615406322033,0 73.09845848229311,19.0861537489326,0 73.0984585764304,19.08615349334817,0 73.09851038057168,19.08601307397202,0 73.0986113783831,19.08573930866939,0 73.09865876590148,19.08561085932251,0 73.09870878843498,19.08519309700804,0 73.09883835038265,19.08485503103114,0 73.09883786589839,19.08485460506319,0 73.09852721956298,19.0845813334776,0 73.09843263609493,19.08427800241361,0 73.09835101125005,19.08404018620572,0 73.09829638299098,19.08388102467641,0 73.09822949265607,19.08368434082115,0 73.09818151154883,19.08347613003986,0 73.09815164412441,19.08334652473888,0 73.0980365697318,19.08307644363737,0 73.09767626561401,19.08232101779131,0 73.09798306638739,19.08214784682477,0 73.09816588921608,19.08222031836139,0 73.09835982361821,19.0822971944871,0 73.09859078996472,19.08238874922893,0 73.09873587217353,19.08244625949172,0 73.09898714202251,19.08248023036622,0 73.09910335629647,19.08249594185899,0 73.09911569167561,19.08249584055871,0 73.09951569315024,19.08249254716649,0 73.09977946643819,19.08232149035343,0 73.09983785813134,19.08228362260384,0 73.09993644335455,19.08224223512434,0 73.09998538269525,19.08222168948638,0 73.1000594748035,19.08219058445216,0 73.10006980324619,19.08218624818491,0 73.10007857163178,19.08218256703385,0 73.10008958461654,19.08217794422906,0 73.10010442717513,19.08217212239162,0 73.10017453849727,19.08187673318757,0 73.09991914139317,19.08169818356971,0 73.09977688249788,19.08147490928754,0 73.09979077094832,19.08096260207534,0 73.10003784298067,19.08046034610746,0 73.10022120160966,19.08021542199047,0 73.10022112873449,19.08018190449775,0 73.10022097954837,19.08011283780295,0 73.10021991682744,19.07962264787544,0 73.10021921211708,19.07960654079413,0 73.10024493080348,19.07959647861879,0 73.10023069117707,19.07934115758853,0 73.10022844695845,19.07930091020527,0 73.100216452507,19.07908583656407,0 73.10021544946368,19.07908464190931,0 73.09997834667968,19.07880229911249,0 73.0997274804478,19.0786118636818,0 73.09964970170222,19.07855282069954,0 73.09963901475476,19.07854470847491,0 73.09867709720943,19.07781449756296,0 73.09866836121526,19.07780786615956,0 73.09838548043147,19.07753695660896,0 73.09773488244254,19.07691388656186,0 73.09772172714067,19.07690128793901,0 73.0977025755048,19.07688294615343,0 73.09770505828976,19.07687977837685,0 73.09769980467817,19.0768758911689,0 73.09769223517758,19.0768702907624,0 73.09767920456997,19.07685251351906,0 73.09767651199637,19.07684884064368,0 73.09751004916758,19.07662174513294,0 73.09749251835051,19.07660000713989,0 73.09745738177959,19.07655643823279,0 73.09715706526615,19.07618404811656,0 73.09695348099299,19.07587218097765,0 73.09694559130207,19.07585618762096,0 73.09681180471763,19.07558499237665,0 73.0967923006454,19.07554545479958,0 73.09670597756275,19.07537489859014,0 73.09651892523833,19.07500532400471,0 73.09620784867045,19.07459674018968,0 73.09620749447126,19.07459414477342,0 73.09619997387064,19.074538954526,0 73.09618919914395,19.07445989173493,0 73.09617444810343,19.0743516425668,0 73.09615508734089,19.07432336959172,0 73.09575509176445,19.07373925330185,0 73.09569463748078,19.07364777995877,0 73.0955814390588,19.07347649764737,0 73.09533539405783,19.07310420242879,0 73.09511786056541,19.07278167260379,0 73.09492008144132,19.0724904198014,0 73.0946506011862,19.07193335654027,0 73.09455965015486,19.07174534478704,0 73.09455170960295,19.07172893166642,0 73.09436577248638,19.07146563170005,0 73.0941033097445,19.07109396406999,0 73.09395072326798,19.07087788780768,0 73.09394810816651,19.07087418497586,0 73.09382115932803,19.07058844324584,0 73.0936029761217,19.0702792913828,0 73.09366140142437,19.0700436527387,0 73.09367887508053,19.06997317937584,0 73.09371898900271,19.06976278200492,0 73.09382711457829,19.06954018048983,0 73.09402853067732,19.06907331378684,0 73.09463629293442,19.06769437732126,0 73.0945656956023,19.06694313740065,0 73.0931971989427,19.06571239928241,0 73.09318588858434,19.0657053119576,0 73.09310342766159,19.06565364402519,0 73.0930284793621,19.06560668259598,0 73.09295097101264,19.06578992375222,0 73.09233331957527,19.06550627597866,0 73.09171569868947,19.06522023720141,0 73.09129800588379,19.06503665238974,0 73.09112201856553,19.06459982254346,0 73.09068245659296,19.06367004205352,0 73.09001777092114,19.06233662142632,0 73.09010206875003,19.0615606936348,0 73.09032238627159,19.06086982836484,0 73.09046863572716,19.0603909211992,0 73.09067343831597,19.05940829547093,0 73.09028145045002,19.05873738324137,0 73.08979614751988,19.05787429150703,0 73.08945892139816,19.05719605774194,0 73.08952243441749,19.05709346089179,0 73.08984336904861,19.05628604202208,0 73.08976511070816,19.05601056619988,0 73.08965708033442,19.05563028529315,0 73.08925870210749,19.05447589579217,0 73.0892450245197,19.05374974389785,0 73.08922580495617,19.05350754142994,0 73.08914706723513,19.05324978360868,0 73.08993491874642,19.05325493501751,0 73.09004632975552,19.05325566286609,0 73.09122142120967,19.05326333998451,0 73.09125898729599,19.05326358498133,0 73.09133935359537,19.05326411012712,0 73.09166551269126,19.05343548200099,0 73.0916667592047,19.05343613718721,0 73.09203022494749,19.05363349934611,0 73.09235595207221,19.05383405611746,0 73.09252024799294,19.05391045416682,0 73.09266348601972,19.05397705960419,0 73.09313607794503,19.05419347427641,0 73.0936613266509,19.05442118740708,0 73.09379808699623,19.05465553095058,0 73.09379815128024,19.05465564182558,0 73.09394342764209,19.05495710853378,0 73.09400552780484,19.05500944890272,0 73.09418211883103,19.05515828356014,0 73.09429944300129,19.05525716666702,0 73.09436058181744,19.05540598836711,0 73.0944542136705,19.05580967662483,0 73.09450312128689,19.05602053717546,0 73.09470135801541,19.05601626105634,0 73.09479080658151,19.05601433110221,0 73.09487774076968,19.05601245553865,0 73.09490303499311,19.05614663915727,0 73.09490695390252,19.05616742907267,0 73.09493462097113,19.05631420393637,0 73.09521767351993,19.0564184836356,0 73.0953150886989,19.05645437207196,0 73.09533157073753,19.05646027410961,0 73.09583923045508,19.05664206084028,0 73.09607111033952,19.05672509416768,0 73.09678834267802,19.05709102021972,0 73.09692641946299,19.0571524265383,0 73.0970084250808,19.05718889683334,0 73.09730407850742,19.05731986887031,0 73.09751112421054,19.05741158770545,0 73.09760896979844,19.05745190504811,0 73.09765539814278,19.0574710365935,0 73.09778652398491,19.05726922481137,0 73.09783228538184,19.05730226853503,0 73.0979922040118,19.05741774369573,0 73.09816475788689,19.05744043663122,0 73.09837839110399,19.0574426389899,0 73.09839358906036,19.05748761087679,0 73.09853998136201,19.05748361385985,0 73.09926734715995,19.05746375130897,0 73.09933657601255,19.05773037040303,0 73.09937713756075,19.05773455175698,0 73.10007722970471,19.05780671768601,0 73.10024247991991,19.05791896491774,0 73.10037108450301,19.05793821578359,0 73.10065947250149,19.05799795219383,0 73.10066639921077,19.05800120608487,0 73.10098159042103,19.05814925949294,0 73.10119804806898,19.05834509162786,0 73.10138157800583,19.05834220008718,0 73.10140814674818,19.05835739179749,0 73.10175618667093,19.05855639066638,0 73.10177081879219,19.05857403771105,0 73.1019520772298,19.05879264304867,0 73.10201481542592,19.05879653711516,0 73.10269056996914,19.05883848373338,0 73.10279060794312,19.0588682561104,0 73.10356305717802,19.05909814302672,0 73.10378032375738,19.05916280227535,0 73.10380631812589,19.05916879957589,0 73.10406722751145,19.05922899370207,0 73.10452020854166,19.0593335005001,0 73.1050815041874,19.0594629941785,0 73.10588537803125,19.0595071036727,0 73.10659023688189,19.05982969480707,0 73.10670810130581,19.05988363718255,0 73.10744804908155,19.060244976947,0 73.10805774013038,19.0612312047213,0 73.10810724694332,19.06124407790256,0 73.10868932944317,19.0613954337453,0 73.10941283359242,19.06165621046171,0 73.11039829844935,19.06209176207442,0 73.11081114355183,19.06207199596732,0 73.11164425585355,19.06203210513332,0 73.11175150783286,19.06203434959436,0 73.11179465140043,19.06203525291833,0 73.11181556685371,19.06203569017856,0 73.11182319026135,19.06203584952805,0 73.11224453084412,19.06196639666665,0 73.11306829342315,19.06183060709308,0 73.11341036059368,19.06185951651221,0 73.11348014918322,19.06186541482939,0 73.1138096937172,19.06191490710028,0 73.11397200152956,19.06193928227784,0 73.1151603288472,19.06213117207188,0 73.11548247835404,19.06213459862407,0 73.11555215953877,19.06199525037338,0 73.1158650452538,19.06216293360098,0 73.11687730936148,19.06270542353239,0 73.11767687493636,19.06312660353088,0 73.11776819148596,19.06317470518918,0 73.11979801204252,19.0642439098201,0 73.12146007118523,19.06558596976001,0 73.12273693437447,19.0657768026548,0 73.12397867301057,19.06824804535773,0 73.1239936308728,19.06827781390103,0 73.12403123466379,19.06835264932371,0 73.12417221870733,19.06863322308155,0 73.12411038094049,19.06864690618092,0 73.12391372213359,19.06919265693306,0 73.12389241059793,19.06925179744984,0 73.12387323504798,19.06932493676494,0 73.12383447882071,19.06947276326494,0 73.12375514348305,19.06977536632692,0 73.12369804118516,19.06999316874122,0 73.12268244027867,19.07074942216672,0 73.12221322436591,19.07109881280583,0 73.12175125469412,19.07157502875914,0 73.12174116691391,19.07158542774279,0 73.12171292277949,19.07204344125133,0 73.1217078399204,19.07212586237035,0 73.12170718311609,19.07213650830077,0 73.12170702155134,19.07213912554475,0 73.12169933306167,19.0722638153246,0 73.1216621954288,19.0725254018193,0 73.12160739177101,19.07279281483898,0 73.12080080259432,19.07341124868794,0 73.12034791125416,19.0737584891971,0 73.12019130960969,19.07387855812834,0 73.11996212807593,19.07405427271903,0 73.11995725160038,19.07405801174384,0 73.11990894690207,19.07409504713289,0 73.11984186561185,19.07414648051898,0 73.12029663509294,19.07575506655223,0 73.12045961644098,19.07668412099212,0 73.12052880823803,19.07708725534219,0 73.12052964541864,19.07709213217315,0 73.12053224075241,19.07710725224695,0 73.12055397337987,19.07723387063491,0 73.12057598469502,19.07726562201034,0 73.12066331106625,19.07739159031217,0 73.12064619110598,19.07751979814554,0 73.12061333441601,19.07776586166066,0 73.12061807484271,19.0777758769478,0 73.12079749302934,19.07815494996337,0 73.12090942041981,19.07838438065636,0 73.12094983700608,19.07846722761371,0 73.1211668565937,19.07861763177156,0 73.12133429234935,19.07871747689752,0 73.12159554759332,19.07887326756296,0 73.12161135561071,19.07888269370992,0 73.12166781940172,19.07891705185425,0 73.121751179353,19.0789677750368,0 73.12165017092022,19.0790722066579,0 73.12154070996272,19.07918537714322,0 73.12153844496429,19.07918771909616,0 73.12153532627285,19.07919094307677,0 73.12149935935349,19.07922812892517,0 73.12150864375619,19.07924579513358,0 73.1215897868712,19.07940018443827,0 73.12169133244927,19.0795933946772,0 73.12179593774322,19.07968050739412,0 73.12179276756677,19.07984150825747,0 73.1217803623625,19.08047150854152,0 73.12177929981259,19.08052546451246,0 73.12177829227888,19.08057664767833,0 73.12203139579297,19.08064854321189,0 73.12203885101825,19.08065889599594,0 73.1221897061294,19.08086837876975,0 73.12269724400595,19.08157315995877,0 73.12271409861857,19.08163307467148,0 73.12282682728073,19.08203378876379,0 73.1228916772167,19.08226430864752,0 73.12319760495785,19.08335177680087,0 73.12301707292984,19.08467003935066,0 73.12294210600743,19.08527543581202,0 73.1229385371372,19.08530425961938,0 73.12293326859005,19.08534680375545,0 73.12292538121331,19.0853484678194,0 73.12254416874806,19.08542888582685,0 73.12235649627317,19.08548433772808,0 73.12208769221347,19.0856001517798,0 73.12208914828494,19.08582771258917,0 73.12186482746155,19.08613939793325,0 73.12186374531903,19.08614090186322,0 73.12185683562315,19.08614981459521,0 73.12185417930606,19.08615364944839,0 73.12185387794518,19.08615408361021,0 73.12182197612094,19.08620013319749,0 73.12181531312012,19.08620975126881,0 73.12180937457013,19.08621832338888,0 73.12180997444844,19.08621863394195,0 73.12204743437698,19.08624285300834,0 73.12205672880431,19.0862421383223,0 73.122160899116,19.08623412208075,0 73.12212507239555,19.08632429415972,0 73.12208976980796,19.0864131481247,0 73.12210821491037,19.08642067606364,0 73.12211758264536,19.08642449978003,0 73.12188613691229,19.08694229084529,0 73.12185639742189,19.08700882391002,0 73.12183134190833,19.08706487860456,0 73.12180311810083,19.08712912894062,0 73.12174817522181,19.08725420487987,0 73.12156427387643,19.08767284854094,0 73.12137757202487,19.08806228163325,0 73.12135958492057,19.08809979968188,0 73.12117984406152,19.08854373635784,0 73.12103212428417,19.08886417914547,0 73.12074171592894,19.08949414584869,0 73.12065212964687,19.08975191516464,0 73.12063907329305,19.08978948160874,0 73.12061667856831,19.08979964916873,0 73.12015766110383,19.09000805173767,0 73.11980618323857,19.0901861187468,0 73.11945351610105,19.09035819706041,0 73.11922048259547,19.09048195874515,0 73.11919299477238,19.09049655756229,0 73.11915388222189,19.09049808509579,0 73.118903978449,19.09050784711756,0 73.11885343433939,19.09050982155163,0 73.11887935220693,19.0907942913967,0 73.11888895580344,19.0908996994244,0 73.11889348961614,19.09094946202476,0 73.11889985953721,19.09101938500848,0 73.11890040653768,19.09102538538625,0 73.11887301609144,19.09101394808769,0 73.11881532601525,19.09098985944464,0 73.11860341744202,19.09094228161963,0 73.11852395089255,19.09098268999352,0 73.11849974047571,19.09099500140404,0 73.11809132298858,19.09089431178604,0 73.11805471757016,19.09088528708719,0 73.11794173676746,19.09085689511386,0 73.11794138333211,19.0908568065855,0 73.11788563866594,19.09084279751327,0 73.11784039368861,19.09083142696475,0 73.11782465506761,19.09082747197624,0 73.11775149750838,19.09080908695899,0 73.11774993975791,19.09080869523763,0 73.11774770166912,19.09080813305348,0 73.11774577722272,19.09080764905434,0 73.11774568815645,19.09080762646323,0 73.11729132581387,19.09069344260894,0 73.11714006540539,19.09066403377028,0 73.11710317783978,19.09065686153481,0 73.11694846719593,19.09066484042566,0 73.1168438988565,19.09068528344641,0 73.11681553522138,19.09072562630572,0 73.11681540768052,19.09072564487602,0 73.11677903251469,19.09073105367548,0 73.1167430953699,19.09073639765399,0 73.11636710473229,19.09079230832263,0 73.11553788875472,19.09091561091623,0 73.11553115453739,19.09091661251807,0 73.11545925276285,19.09093858318129,0 73.11534930439088,19.09099004269268,0 73.11517113182057,19.09084958893169,0 73.11482154299588,19.09086035245751,0 73.11472401251369,19.09085505330436,0 73.11463184088659,19.0908500456341,0 73.11456535859129,19.09083741442956,0 73.11441032471419,19.09076292621173,0 73.1141635640912,19.0905739665789,0 73.11408374451963,19.09050362674652,0 73.11403367555825,19.09046139728901,0 73.11394448048583,19.09038616811885,0 73.1139259645428,19.09037055164486,0 73.11386219037027,19.09031676319173,0 73.11385758680328,19.09031288033524,0 73.11382293910394,19.0902836573957,0 73.11321984286548,19.09029396416912,0 73.11264231907207,19.09030383205929,0 73.1126266529708,19.09030204818419,0 73.11220905779291,19.09025449567602,0 73.11214641622384,19.09024736206368,0 73.11208692240083,19.09016853028163,0 73.11195222900274,19.08999005733074,0 73.11184918634852,19.08985352163003,0 73.11109619514212,19.08985416704437,0 73.11089423988774,19.08983823380905,0 73.11078888293376,19.08990599018239,0 73.11053075691763,19.09032018873114,0 73.11049746902953,19.09065857416516,0 73.11047931571864,19.09084310936267,0 73.11046928345365,19.09095175874615,0 73.11043905862138,19.09106737284637,0 73.110407522497,19.0911877523164,0 73.11041748165982,19.09138375223802,0 73.11042396347626,19.09151131144541,0 73.11038473247591,19.0916007799173,0 73.11038295165675,19.09160798680705,0 73.11016417320123,19.09249355498676,0 73.1098575850726,19.09264920163088,0 73.10978164043833,19.09268775590342,0 73.10975683305188,19.09270034994863,0 73.1097315391853,19.09271319103783,0 73.10970638390413,19.09272596127586,0 73.10967504014049,19.09274187405761,0 73.10963263011546,19.09283474971259,0 73.10964843189225,19.09284359689609,0 73.10964499267061,19.09286630033161,0 73.10964459406878,19.09286893408185,0 73.10964128941629,19.09289074907857,0 73.1096388925172,19.09299111150147,0 73.1096499477774,19.09303360387456,0 73.10965701687293,19.09306077573027,0 73.10969189171796,19.09319481982173,0 73.10971277163611,19.09323805712942,0 73.10971131374455,19.09347705948986,0 73.10971145408752,19.09347842411599,0 73.10971326014223,19.09349602765797,0 73.10972150066669,19.09357635590476,0 73.10986467858868,19.09369852916563,0 
							</coordinates>
						</LinearRing>
					</outerBoundaryIs>
				</Polygon>
			</MultiGeometry>
		</Placemark>
		<Placemark id="ID_00001">
			<name>2</name>
			<Snippet maxLines="0"></Snippet>
			<description><![CDATA[<html xmlns:fo="http://www.w3.org/1999/XSL/Format" xmlns:msxsl="urn:schemas-microsoft-com:xslt">

<head>

<META http-equiv="Content-Type" content="text/html">

<meta http-equiv="content-type" content="text/html; charset=UTF-8">

</head>

<body style="margin:0px 0px 0px 0px;overflow:auto;background:#FFFFFF;">

<table style="font-family:Arial,Verdana,Times;font-size:12px;text-align:left;width:100%;border-collapse:collapse;padding:3px 3px 3px 3px">

<tr style="text-align:center;font-weight:bold;background:#9CBCE2">

<td>2</td>

</tr>

<tr>

<td>

<table style="font-family:Arial,Verdana,Times;font-size:12px;text-align:left;width:100%;border-spacing:0px; padding:3px 3px 3px 3px">

<tr>

<td>FID</td>

<td>1</td>

</tr>

<tr bgcolor="#D4E4F3">

<td>Id</td>

<td>2</td>

</tr>

</table>

</td>

</tr>

</table>

</body>

</html>]]></description>
			<styleUrl>#PolyStyle001</styleUrl>
			<MultiGeometry>
				<Polygon>
					<outerBoundaryIs>
						<LinearRing>
							<coordinates>
								73.11545892451478,19.0525024252419,0 73.11605829143933,19.05280789690172,0 73.11628083031511,19.05260097047758,0 73.11634273068505,19.05249750809783,0 73.11641749187189,19.0523725493296,0 73.11652965653352,19.0521850728736,0 73.11656854650249,19.05212006988801,0 73.11675503468088,19.05180836429218,0 73.11677365460898,19.05177724148356,0 73.11677755190421,19.05177072816439,0 73.11678046432583,19.05163911420456,0 73.1168021745513,19.05065810768439,0 73.11680567004929,19.05061034116741,0 73.11680844315661,19.05057245744842,0 73.11680930684219,19.05056066093286,0 73.11684818694982,19.05048570884998,0 73.11688330683177,19.05041800411832,0 73.11686234596591,19.05021631817627,0 73.11682134714027,19.04982183589885,0 73.1168054362691,19.04966874444844,0 73.11679535436427,19.04957173540693,0 73.11679079973639,19.04952790946995,0 73.11683721437254,19.04946815859227,0 73.11687037786203,19.04942546555105,0 73.11687039652601,19.04942381165813,0 73.11687161435897,19.04931589401409,0 73.11687386791034,19.04911619479226,0 73.11687406730817,19.0490985249644,0 73.11689438391896,19.04900414598868,0 73.11691226430843,19.0489210849519,0 73.11699590702204,19.04882217939334,0 73.117272991872,19.04849453115494,0 73.11729224985314,19.04845783459626,0 73.11737779610161,19.04829482471264,0 73.11737791961367,19.04828387613556,0 73.11737792708288,19.04828321403613,0 73.11737831374916,19.04824893842298,0 73.11749340321555,19.04810809609164,0 73.11749453411404,19.04810671190933,0 73.11758486958672,19.04805076484361,0 73.11764033153986,19.04801641591231,0 73.11770036114446,19.04793412974886,0 73.11786219363175,19.047712298196,0 73.11788541687723,19.04768046422487,0 73.11792613477073,19.04767535622021,0 73.11801227679742,19.04766454858402,0 73.11800087440213,19.04751508048837,0 73.11799687608868,19.04746266729715,0 73.11799675023633,19.04746102276972,0 73.11799415066731,19.0474269416316,0 73.11798606867544,19.04732100864362,0 73.11798599920456,19.04732009281359,0 73.11817537568754,19.04710977527737,0 73.11820260772291,19.04707768672409,0 73.11820523995299,19.04707458426219,0 73.11826707976535,19.04700171777032,0 73.11837161077072,19.04674136312471,0 73.1183725930898,19.04673891595172,0 73.1183728077508,19.04671987583723,0 73.11837561192569,19.04647114757093,0 73.11837589103423,19.046446390634,0 73.11838232577375,19.04644533153059,0 73.11857506161526,19.04641359585163,0 73.11859324659349,19.04641060133635,0 73.11860554788704,19.04640857579009,0 73.11855171456779,19.04636787186575,0 73.11862791014867,19.04603019799912,0 73.11863741921798,19.04583418600008,0 73.11864020362238,19.04577679025,0 73.11865399786923,19.04549246160445,0 73.11865934252475,19.04538229762595,0 73.11866168959662,19.04537094711537,0 73.11867355539614,19.04531357798043,0 73.11868238597543,19.04527087857927,0 73.11870902026735,19.04514209796584,0 73.11877418254892,19.04482703143811,0 73.11885153175442,19.04470641838138,0 73.11897135936833,19.04451956615026,0 73.11904647945288,19.04440242724754,0 73.11906419700404,19.04437480000279,0 73.11915070189372,19.04423990733118,0 73.1192656186182,19.0440607115309,0 73.11937244943003,19.04389412481989,0 73.11937855088391,19.04388461117141,0 73.11938820106143,19.04386956254261,0 73.11949701996463,19.04326497930137,0 73.11953551943979,19.04305108104939,0 73.11960453163792,19.04266765297688,0 73.11961415771572,19.04261416983206,0 73.11965203665228,19.04240371520213,0 73.11965083920155,19.04239802526875,0 73.11964896367671,19.04238911330308,0 73.11953106468145,19.04182880756738,0 73.11949836064058,19.04167338505598,0 73.11948947910155,19.04163117364107,0 73.11948191938072,19.04159524875353,0 73.11948026477853,19.04158738695678,0 73.11947488344195,19.0415719421765,0 73.11938644570512,19.04131812771428,0 73.11934586953353,19.04120167444302,0 73.11940161955286,19.04097621880617,0 73.1194149444092,19.04092233429768,0 73.11942932628129,19.04086417221546,0 73.11944067051016,19.04081829675837,0 73.11986151764253,19.04094304891421,0 73.12020369636588,19.04097947884114,0 73.12039773847303,19.04100013738469,0 73.12075425281981,19.04123475289963,0 73.12085463137335,19.04130080988906,0 73.12090960434627,19.04133698610161,0 73.12096277816185,19.04137197862686,0 73.12103437756383,19.04141909593715,0 73.12118776798498,19.04137426859261,0 73.12201452970019,19.04113264992965,0 73.12201891960082,19.04113136661911,0 73.12197224617535,19.04152670859896,0 73.12233636248521,19.04186886380926,0 73.12234584501137,19.04209841967189,0 73.12258272158375,19.0427698116261,0 73.12258552670603,19.04277776099142,0 73.12273589664694,19.0433529383916,0 73.12272215638944,19.04350194668793,0 73.12276366576056,19.04357790585977,0 73.12276944142972,19.04358847452061,0 73.12312549894867,19.0435748858564,0 73.1230407034046,19.04414193442591,0 73.12289271900266,19.04442725360611,0 73.12290402701365,19.04444747964873,0 73.12295135996602,19.04453214065506,0 73.12296368024447,19.04455417742528,0 73.12299530601713,19.04464572053889,0 73.12305715464922,19.04482474263673,0 73.12296461625388,19.04500736840564,0 73.12298967873383,19.04546080472364,0 73.12279971988637,19.04560863242671,0 73.12267293607773,19.04570729646001,0 73.12265496962016,19.04572127870991,0 73.1226581916287,19.04575804561344,0 73.12269773909517,19.04620931385789,0 73.12278379452202,19.04713949767726,0 73.12255104086638,19.04745263631232,0 73.12253165519691,19.04756716830663,0 73.12235992665838,19.04781782545516,0 73.12237268865701,19.04786115309451,0 73.12244127432291,19.04809400403776,0 73.12242600145865,19.04811729948247,0 73.12235534473835,19.0482250683583,0 73.12205233759599,19.04834818822974,0 73.12198982549559,19.04854259167831,0 73.12199358003953,19.04854975122442,0 73.12211384598436,19.04877904941315,0 73.12188270147962,19.04894879091747,0 73.12188272255068,19.04895071713628,0 73.12188569920013,19.04921843583513,0 73.12180463922896,19.04945280559667,0 73.12179143813171,19.04950437162257,0 73.12172261056222,19.04977321319561,0 73.12153575400336,19.04975983829183,0 73.12147143261417,19.0501148447055,0 73.12141598400497,19.0502175364398,0 73.12127692848968,19.05024480304554,0 73.12112985120575,19.05061460418261,0 73.12092926434481,19.05111894244673,0 73.12079072481201,19.05110032224589,0 73.12065892608345,19.05121754024918,0 73.12024230098663,19.05158807204513,0 73.11993634411181,19.0519963226164,0 73.11992341675895,19.05201357189264,0 73.11990471679211,19.05203852417361,0 73.11998307665743,19.05205140888183,0 73.12033729456006,19.05227564606689,0 73.12033665231385,19.05227564946149,0 73.12064357554269,19.05247030108523,0 73.12126736242806,19.05283841966394,0 73.12139085799137,19.05291129784304,0 73.12173812495773,19.05304985675249,0 73.12217252826809,19.0532231822207,0 73.12235618530913,19.05339457939586,0 73.12235708801093,19.05342123735825,0 73.12237270682536,19.05388250440609,0 73.12237538983041,19.05396175352501,0 73.12236958480149,19.05401125291264,0 73.1223147540543,19.05447879963686,0 73.1223121940522,19.05450063264097,0 73.12229560920001,19.05491356001579,0 73.12227536953559,19.05507192229579,0 73.12229990915446,19.05526229986205,0 73.12230025054065,19.05526303055652,0 73.12237933562498,19.05543210600855,0 73.12259052396102,19.05588360490973,0 73.12269939827461,19.05628656465849,0 73.12272051701704,19.05640496500408,0 73.1227383123193,19.0565047300553,0 73.12277922291541,19.05673408333276,0 73.12278886992345,19.05678816651492,0 73.1228173247604,19.05694769645883,0 73.12282613621763,19.05699709524857,0 73.12283105220004,19.05702465767448,0 73.12282824410156,19.05704219710849,0 73.12281479436768,19.05712619372503,0 73.12280998177924,19.05715647118015,0 73.12280144858595,19.05721015345473,0 73.12277597070648,19.05735211040647,0 73.12274590514417,19.05746434286462,0 73.12272222162858,19.05754140216559,0 73.12270161585421,19.05760844992093,0 73.12265708197897,19.05767484763993,0 73.12261085806081,19.05774376663933,0 73.12260211726209,19.05787640117454,0 73.12258123570878,19.05791712977707,0 73.12234133123675,19.05803283909121,0 73.12233994804038,19.05803511146315,0 73.12233097754148,19.05803841776101,0 73.12209958081189,19.05843338798128,0 73.12211014746455,19.05847716125144,0 73.122183451467,19.05878083466761,0 73.1222243784039,19.05895038271057,0 73.12221997053227,19.05899591689399,0 73.12270312594478,19.05923795894782,0 73.12334379841039,19.05955890821611,0 73.12335914175411,19.05956659488472,0 73.12351549925951,19.05964492220538,0 73.12351553894382,19.05964494158006,0 73.1235906265125,19.05968302853938,0 73.12361214219267,19.05969394161094,0 73.12366027852885,19.05971835726836,0 73.12366326839368,19.05971987374072,0 73.12367833579148,19.0597275169258,0 73.12368380485101,19.05971801119561,0 73.12377695333394,19.05966706409412,0 73.12399087112456,19.05957302097253,0 73.12427294342831,19.05944901448091,0 73.1247561240382,19.05923659496012,0 73.12491611624013,19.05913270938761,0 73.12496252116487,19.05910257731277,0 73.1253525417663,19.05884932939265,0 73.12555156408096,19.05877825222094,0 73.12555389918464,19.0587774177387,0 73.12557442953546,19.05877008584881,0 73.12574587407957,19.05870885781686,0 73.1258565987154,19.05871249240102,0 73.12592459247516,19.05874060168971,0 73.12597869830546,19.05876297071395,0 73.12601673813711,19.05881110170597,0 73.12609659135727,19.05910853504599,0 73.12617412772858,19.05939733471364,0 73.12622739876495,19.05959575402878,0 73.1262470975111,19.05966912791584,0 73.12631109717634,19.05990750700252,0 73.12631549162468,19.05992387391165,0 73.12636510167945,19.06010865472395,0 73.12638855392174,19.0601960076894,0 73.12643166862098,19.06035659594185,0 73.1264497811909,19.06044076987253,0 73.12646900618395,19.06053011249812,0 73.12646980799407,19.06053493656137,0 73.12649259444359,19.06067209061327,0 73.1264901311217,19.0608913565723,0 73.12647098238466,19.06097331905674,0 73.12649745670898,19.06113037318291,0 73.12649227691642,19.0612596773536,0 73.12654594343408,19.06136985486197,0 73.12657417896598,19.06142782337652,0 73.12665837624216,19.06157806601241,0 73.12669678575698,19.06170194908316,0 73.12670736590199,19.06171986216322,0 73.12677490156725,19.06183420414195,0 73.12679037684467,19.06185174686353,0 73.12682991425874,19.06191456294253,0 73.12696249421788,19.06204383795665,0 73.12707765682059,19.06208564058927,0 73.12719415642194,19.06209908788251,0 73.12723205122431,19.06210346199937,0 73.12727933653417,19.06212238644508,0 73.12754786259086,19.06215735899757,0 73.1275488660917,19.06215004365037,0 73.12759271780008,19.06216584630937,0 73.1284770806305,19.06248454190809,0 73.12847192041566,19.06249769516349,0 73.12852051302085,19.06253399826144,0 73.1286848102819,19.06270754528619,0 73.12887884564745,19.06290865883275,0 73.12913623863129,19.06317596334163,0 73.129246230565,19.06331047954372,0 73.12934806165083,19.06338764940357,0 73.12952915770521,19.06352489036727,0 73.1295706379282,19.06356082477967,0 73.12960095584016,19.06358708910955,0 73.12961370270357,19.06359813213251,0 73.12970857446155,19.06365330979126,0 73.12980145460791,19.06370732894882,0 73.1303257189487,19.06392295817752,0 73.13067193490919,19.06404700781406,0 73.13068820865358,19.0640481303527,0 73.13085394509528,19.06405956402329,0 73.13085529937196,19.06405978191351,0 73.13091191470265,19.06406886376437,0 73.13127639272713,19.06412733121871,0 73.13139474017861,19.0641174775234,0 73.1314276745609,19.06412216552413,0 73.13169812168954,19.0641606632113,0 73.13200287442822,19.06433265836841,0 73.13225245382648,19.0643511074388,0 73.13251142456113,19.06437815481214,0 73.13269322117948,19.06440305179587,0 73.13269325342817,19.06440305663931,0 73.13285061487211,19.06442888406281,0 73.13296428152748,19.0644288658828,0 73.13322242939432,19.06443074745237,0 73.13339523131579,19.06443200694352,0 73.1336727369851,19.06440021690378,0 73.13374101341205,19.06440001621993,0 73.13382933448338,19.06439975636853,0 73.13417823391299,19.06430908279736,0 73.13442706476697,19.06424239378149,0 73.13442711717751,19.06424237985755,0 73.13461849976996,19.06419235318981,0 73.13470814504588,19.06416892097653,0 73.13473232024397,19.06416745358225,0 73.13483969677903,19.06416093761975,0 73.13499624322291,19.06415143811332,0 73.13502438391134,19.06414973073388,0 73.13548377221625,19.06414659588004,0 73.13557231578147,19.06421216246406,0 73.13585749274958,19.06442333573953,0 73.13600637549199,19.06452521467525,0 73.13624787166655,19.06476882184365,0 73.13649953571398,19.06486169441333,0 73.13678853014602,19.06505828371349,0 73.13713324643737,19.06515248496527,0 73.13755761235377,19.06539662881488,0 73.1377708959935,19.06554779236109,0 73.13834096733524,19.06620243033555,0 73.13868810068085,19.06649053678481,0 73.13880767195772,19.06658830735728,0 73.13891809269715,19.06669350437781,0 73.13903348673075,19.06680343919529,0 73.13926692916883,19.06702583780466,0 73.13929993541267,19.06705728162803,0 73.13935882095295,19.06711338158328,0 73.13952138367901,19.06721078966967,0 73.1396671679146,19.06729583626845,0 73.13967159672312,19.06729639949315,0 73.13967476464234,19.0672994406287,0 73.14065873747754,19.06731653625512,0 73.14101771725042,19.06724844948179,0 73.14155675887881,19.06731817973806,0 73.14244887118282,19.06793141480545,0 73.14296779293636,19.06828656924282,0 73.14340314947498,19.06801942440367,0 73.14363593079526,19.06788409204358,0 73.14389054389841,19.06759409260833,0 73.1448443422972,19.06754750956926,0 73.14485781929429,19.06743125369695,0 73.14497016931084,19.06750889725413,0 73.14533136573506,19.06775851478693,0 73.1454939566221,19.06787087917847,0 73.14566526904962,19.06800705229169,0 73.14637224188299,19.06801117233115,0 73.14725429602123,19.06668151558021,0 73.14799937588509,19.06636631989798,0 73.1487377861778,19.06665159782559,0 73.14994996124872,19.06728522089948,0 73.15063000682308,19.06745039500209,0 73.15080234426368,19.06777779069432,0 73.15080400395703,19.06779630513737,0 73.15098410369669,19.06980532738379,0 73.15161004174723,19.07060037636251,0 73.15192833530541,19.07108460036068,0 73.15210619615632,19.07176460822417,0 73.15269636200429,19.07238600572521,0 73.15315413481018,19.07304491566186,0 73.15348510548546,19.07352030020106,0 73.15397341282559,19.07397634555797,0 73.1537096750215,19.07423961704457,0 73.15381583392882,19.0762867118661,0 73.15427920871488,19.07757585815009,0 73.15384780124207,19.07766714678928,0 73.15355635390377,19.07801415607859,0 73.15345686029917,19.07828086339164,0 73.15326781911408,19.07813232933422,0 73.15233742569461,19.07900141113243,0 73.15030296418381,19.07968014293231,0 73.14818532135597,19.0799247877083,0 73.146422691106,19.07989511691487,0 73.14575576345638,19.07985668362199,0 73.14560353490111,19.07984791037179,0 73.14510367527718,19.07981910283893,0 73.14443475768613,19.07977950379842,0 73.14368588153346,19.08042926979613,0 73.14349909393461,19.08055287472248,0 73.14353203952179,19.08098045631503,0 73.14322386163811,19.0815629536297,0 73.14166609478031,19.081872916545,0 73.14009366284557,19.08220124259695,0 73.13915149205023,19.08282274561518,0 73.13874359586978,19.08310305972397,0 73.13854862028896,19.08334011084604,0 73.13837857935644,19.08337066091731,0 73.13826365557115,19.08353083854461,0 73.13747790503393,19.08264091278523,0 73.13669258645791,19.08306141684455,0 73.13583692309099,19.08403872133312,0 73.13510235696064,19.08464078963766,0 73.13469042368494,19.08505609946596,0 73.13415185480477,19.08499328156837,0 73.13290035095945,19.08461131789953,0 73.13251277237448,19.08428455255714,0 73.13250491721037,19.08427793066102,0 73.13250460991722,19.08427703229648,0 73.13247741625887,19.08419753834486,0 73.13246079114684,19.08414893690651,0 73.13245655178403,19.0841461874103,0 73.13220583250238,19.08398357970153,0 73.13210116348843,19.08417038832021,0 73.13162074956016,19.08463877658684,0 73.13084351590827,19.08480729012957,0 73.130788737727,19.08486367172405,0 73.13076924721497,19.08488373228033,0 73.13076915702987,19.08488364012403,0 73.13072492299398,19.08485496074576,0 73.13071496164599,19.08487107896199,0 73.13069852973751,19.08489766584023,0 73.13065307120624,19.08497121942834,0 73.13061937117016,19.08502574698045,0 73.1305514445539,19.08513565402503,0 73.13046433927953,19.08527659264844,0 73.13039886868711,19.08538252527905,0 73.13039920623793,19.08539367731013,0 73.13040569381988,19.08560793531143,0 73.13040940796395,19.08573059501423,0 73.13041836264102,19.08602632582902,0 73.13042179480972,19.08613965346759,0 73.13041502636572,19.08617013165492,0 73.1304107609473,19.08618933757898,0 73.1303725382859,19.08633740474583,0 73.13022830952178,19.08689611481071,0 73.13017823189095,19.08709010592105,0 73.13016731909467,19.08713237900549,0 73.13005698048048,19.08740700926305,0 73.12999370934284,19.08749568413467,0 73.12992450373383,19.08759267667589,0 73.1299700893513,19.08767975087572,0 73.13023389798627,19.08809832262008,0 73.13040732593264,19.08837113083059,0 73.13055170009405,19.08854469062677,0 73.13091070528952,19.08909461236128,0 73.1310807169253,19.08934730780175,0 73.1312219773524,19.08964153971888,0 73.13141271217006,19.09000798007449,0 73.13159218513124,19.09025778364671,0 73.13177574028961,19.09042397101569,0 73.13203477921491,19.09058494875515,0 73.13226145295661,19.09071464459258,0 73.13257024097355,19.09142766385497,0 73.13278256491085,19.09199916155594,0 73.13304838650186,19.09264290713907,0 73.13316378335091,19.09297966075302,0 73.13321237510576,19.09348926475245,0 73.1333824558602,19.09392696062487,0 73.1335155041655,19.09430404823095,0 73.13320715404674,19.0943582876376,0 73.13282690196391,19.09436734044832,0 73.13212381030399,19.09437742039799,0 73.1315719261153,19.09435604663691,0 73.13154067867042,19.09435732951286,0 73.13142437350851,19.09436210280678,0 73.1308828803505,19.09440058731152,0 73.13033524531019,19.09444856921139,0 73.13002296447749,19.0948526878359,0 73.13000585731831,19.09512212833714,0 73.1299630958342,19.09588464325942,0 73.1299252621796,19.09602958283817,0 73.12972104733487,19.09684017446727,0 73.1296018334108,19.09724625259235,0 73.12957972206624,19.09731925583256,0 73.12941591775505,19.09786007767695,0 73.12922666625489,19.0984126800526,0 73.12959897358384,19.099290316817,0 73.12997171327922,19.10012971383502,0 73.13023055601305,19.10072319786769,0 73.13028928220557,19.10176209356614,0 73.13031958114131,19.10264581636073,0 73.13034156758431,19.10373214285267,0 73.13032565050206,19.1037309892906,0 73.13038201241754,19.10383821267418,0 73.13047384356931,19.10469475699222,0 73.13053197307316,19.10514753037069,0 73.13061403414254,19.1055914750482,0 73.13064448310782,19.10570210746768,0 73.13072095035274,19.10597994002052,0 73.13087586129791,19.10654278621097,0 73.13089450544908,19.10659947548561,0 73.13089661713683,19.10660589735978,0 73.13090525324978,19.10663215500383,0 73.13090692832634,19.10663210154933,0 73.1309322671906,19.10671960707062,0 73.1309810410602,19.10779102866357,0 73.1306297552938,19.10827304207723,0 73.13058264567766,19.10833768267265,0 73.13019048210832,19.10832987517952,0 73.12994403271038,19.10831851918903,0 73.12885952711173,19.10826854546244,0 73.12772585183275,19.10855148788937,0 73.12751062068631,19.10861318242431,0 73.12582853405382,19.10909533334796,0 73.1252295012216,19.1092670347631,0 73.12501729847637,19.10935474447565,0 73.12479356749452,19.10939453257048,0 73.12461945049813,19.10949410179109,0 73.12444965845157,19.10956694519524,0 73.12442509340677,19.10957837730577,0 73.1241038664846,19.10972786597207,0 73.12337821787769,19.11003788431512,0 73.122808527865,19.10971848261946,0 73.12150804172394,19.10963064012814,0 73.12134144702081,19.10959834513221,0 73.12113551472295,19.10966508093261,0 73.12084676932314,19.10958373464782,0 73.12031651478279,19.10951330683164,0 73.12027219776813,19.10916293169436,0 73.12008332495625,19.10878813534003,0 73.12000492638683,19.10860568067261,0 73.11989986103288,19.10846884494347,0 73.11975145561968,19.10825125655876,0 73.11947853585838,19.10815130605421,0 73.11938085578574,19.108115532692,0 73.11904976945696,19.10822114145703,0 73.11894624104724,19.10812638832214,0 73.11896540163872,19.10785506008551,0 73.11915387921614,19.10773078496467,0 73.11916185648383,19.10755596716036,0 73.11916190220326,19.10755494952626,0 73.11888680851308,19.10751198337664,0 73.118600858665,19.10753965530028,0 73.11851564797686,19.10742469827214,0 73.11825809583068,19.10707723727214,0 73.11812967724597,19.10669349606997,0 73.11820039722902,19.10648770718905,0 73.11813061008412,19.10634880753378,0 73.11813629156664,19.1063469179469,0 73.11796077669858,19.10617644667784,0 73.11778610413289,19.10601404105745,0 73.11775914167187,19.10600413540822,0 73.11749292236172,19.1059063276686,0 73.11742408538535,19.10588103749535,0 73.11731397957927,19.10584058579468,0 73.11730194885953,19.10583930101104,0 73.11729834296122,19.10583891633244,0 73.1172892318871,19.1058379432616,0 73.11724038479164,19.10583272714897,0 73.11688077223192,19.1057943257345,0 73.11676081383317,19.10585921090132,0 73.11661513527274,19.10593800673461,0 73.11647150773761,19.10593519473801,0 73.11642998524863,19.10593438231566,0 73.11635935342323,19.10593299919447,0 73.11627801643851,19.10599412010514,0 73.11614126041765,19.10609688476736,0 73.1162228900378,19.10552264085482,0 73.1162450780011,19.10536655295448,0 73.11591983296746,19.10519072098081,0 73.11588301335293,19.1051708159414,0 73.11583273044874,19.10514363193931,0 73.11579344988573,19.10535575802191,0 73.11576341797598,19.10551793828462,0 73.11570838982185,19.105815103729,0 73.11570417685796,19.10583785718712,0 73.11524415570821,19.10560678713204,0 73.11524357173673,19.10560649388071,0 73.1152349671485,19.1056021716774,0 73.11519414590776,19.10558166724431,0 73.1152568226069,19.10551275209115,0 73.11552259174782,19.1052205285249,0 73.11551779649926,19.10516650388325,0 73.11550698302844,19.10504469095649,0 73.11527309450929,19.10493832380982,0 73.11501924333338,19.10481860611482,0 73.11496648803055,19.10481448042744,0 73.11458045112592,19.10504356879458,0 73.11457552161129,19.10502506152719,0 73.1144827750789,19.10467687192992,0 73.11442740579872,19.10434885078856,0 73.11477262970978,19.10439301923419,0 73.1147861275622,19.10426524910494,0 73.11478948395825,19.10423347486576,0 73.11479797862395,19.10415306604221,0 73.114758090254,19.10408390557173,0 73.11463410169765,19.10390759493764,0 73.11453263864018,19.10378207753925,0 73.11452499981804,19.10377262772884,0 73.11452510876425,19.10376301516668,0 73.11447568290383,19.10363788525514,0 73.11446779408294,19.10363632383107,0 73.1144635371282,19.10362958082871,0 73.11445843343972,19.10362149758452,0 73.11445727024167,19.10361965544048,0 73.11444272375007,19.10359661682878,0 73.11443645779568,19.10358669325626,0 73.1144105650085,19.10354568510238,0 73.11440076652613,19.10353016690346,0 73.11431407671108,19.10332563558639,0 73.11426229561022,19.10324592018243,0 73.11420435481661,19.1031567222187,0 73.11412502641754,19.10310141283712,0 73.11394579970562,19.10307519751224,0 73.11383873660014,19.10293786053525,0 73.11345268111522,19.10279192839411,0 73.11326108734202,19.10271211788993,0 73.11318090852434,19.10267871791103,0 73.11306062521911,19.1026430657886,0 73.1129617525939,19.10258182013182,0 73.11269998994472,19.10256144981712,0 73.11230269672805,19.10256406969486,0 73.11212075145015,19.10237863825411,0 73.11211730305035,19.1021770410614,0 73.1121130424815,19.10192801219835,0 73.11207817170434,19.10187674337161,0 73.11207764287177,19.10185635068297,0 73.11207759462266,19.10185448924496,0 73.1120729243556,19.10167448091279,0 73.111984051899,19.10159612813151,0 73.11194300792273,19.10153499712164,0 73.11188754122044,19.1014376258365,0 73.1118521234587,19.10140141055369,0 73.11171831815898,19.10133089882825,0 73.1116971629815,19.10131975017297,0 73.11158393286115,19.10127198034008,0 73.11145709699959,19.10125992384375,0 73.11137785288736,19.10120831989342,0 73.11137352160743,19.10103618342351,0 73.11140959981964,19.10091733210885,0 73.11146755224135,19.10072642468168,0 73.11147000195237,19.10069533478553,0 73.11147079182628,19.10068531029376,0 73.11149398981064,19.10039087694562,0 73.11156288652668,19.10011102654766,0 73.11156383789738,19.10010716265277,0 73.11165817938203,19.09976992095564,0 73.11165917335751,19.09976782900629,0 73.11178697072214,19.09949876259922,0 73.11176179187541,19.0994794432725,0 73.11175732078871,19.09947601249194,0 73.11174513453642,19.09948261853567,0 73.11171776471174,19.09948386816372,0 73.11168420241975,19.09946363717217,0 73.11162010417691,19.0994400341963,0 73.11157989812025,19.09943809244286,0 73.11154233858191,19.09944033784502,0 73.11143964765041,19.09952985742746,0 73.11123915646036,19.09969391809175,0 73.11106953777436,19.09953265914447,0 73.11094688264981,19.09941605036777,0 73.11089179242884,19.09939636352981,0 73.11068719202555,19.09925802431771,0 73.11050694538974,19.09918925040128,0 73.11043010713462,19.09919133641975,0 73.11034723942149,19.09919358637097,0 73.11028218780477,19.09916543192516,0 73.10998824206791,19.09914568364578,0 73.10985712882605,19.09901316668262,0 73.10981091963021,19.09896646238245,0 73.10974240328045,19.09889721132387,0 73.10969137454863,19.09832350925943,0 73.10966771786667,19.09805754377902,0 73.10965277598235,19.0978895514968,0 73.10976599865377,19.0976168002704,0 73.10963974345027,19.09730852377132,0 73.1096368281174,19.09730140600352,0 73.10960273878435,19.0972479939138,0 73.10960184209014,19.09722269848172,0 73.10958560191938,19.09676452592763,0 73.10956542953646,19.09668114105903,0 73.10954415014795,19.09662008968013,0 73.10949638734097,19.09648305228051,0 73.10948215725277,19.09644222473722,0 73.10945922789507,19.09633586596232,0 73.10949369148778,19.09596170697421,0 73.10950158571984,19.09587600219449,0 73.10950325065212,19.09585792478543,0 73.10954427700845,19.09545560190823,0 73.10956728703265,19.09531123295582,0 73.10959375691033,19.09519438635156,0 73.10960960757521,19.09516272061697,0 73.10963363152462,19.09511472454125,0 73.10963676011914,19.09506951226669,0 73.10964115171959,19.09500604952236,0 73.10972076598911,19.09485867605779,0 73.10980650148481,19.09472570637291,0 73.10982460109915,19.09468167397133,0 73.10982541062594,19.09468059371866,0 73.10998543378071,19.09446701346773,0 73.10997643973447,19.09445872398528,0 73.10993691443961,19.09442229736978,0 73.10993620353777,19.09441050831884,0 73.10992421915319,19.09421183266844,0 73.10990120271551,19.09415781882564,0 73.10988381198555,19.09411700585051,0 73.10988299981258,19.09409923996564,0 73.10987840746297,19.0939988049083,0 73.10986528751947,19.09371185018995,0 73.10986506911051,19.0937070673128,0 73.10986467858868,19.09369852916563,0 73.10972150066669,19.09357635590476,0 73.10971326014223,19.09349602765797,0 73.10971145408752,19.09347842411599,0 73.10971131374455,19.09347705948986,0 73.10971277163611,19.09323805712942,0 73.10969189171796,19.09319481982173,0 73.10965701687293,19.09306077573027,0 73.1096499477774,19.09303360387456,0 73.1096388925172,19.09299111150147,0 73.10964128941629,19.09289074907857,0 73.10964459406878,19.09286893408185,0 73.10964499267061,19.09286630033161,0 73.10964843189225,19.09284359689609,0 73.10963263011546,19.09283474971259,0 73.10967504014049,19.09274187405761,0 73.10970638390413,19.09272596127586,0 73.1097315391853,19.09271319103783,0 73.10975683305188,19.09270034994863,0 73.10978164043833,19.09268775590342,0 73.1098575850726,19.09264920163088,0 73.11016417320123,19.09249355498676,0 73.11038295165675,19.09160798680705,0 73.11038473247591,19.0916007799173,0 73.11042396347626,19.09151131144541,0 73.11041748165982,19.09138375223802,0 73.110407522497,19.0911877523164,0 73.11043905862138,19.09106737284637,0 73.11046928345365,19.09095175874615,0 73.11047931571864,19.09084310936267,0 73.11049746902953,19.09065857416516,0 73.11053075691763,19.09032018873114,0 73.11078888293376,19.08990599018239,0 73.11089423988774,19.08983823380905,0 73.11109619514212,19.08985416704437,0 73.11184918634852,19.08985352163003,0 73.11195222900274,19.08999005733074,0 73.11208692240083,19.09016853028163,0 73.11214641622384,19.09024736206368,0 73.11220905779291,19.09025449567602,0 73.1126266529708,19.09030204818419,0 73.11264231907207,19.09030383205929,0 73.11321984286548,19.09029396416912,0 73.11382293910394,19.0902836573957,0 73.11385758680328,19.09031288033524,0 73.11386219037027,19.09031676319173,0 73.1139259645428,19.09037055164486,0 73.11394448048583,19.09038616811885,0 73.11403367555825,19.09046139728901,0 73.11408374451963,19.09050362674652,0 73.1141635640912,19.0905739665789,0 73.11441032471419,19.09076292621173,0 73.11456535859129,19.09083741442956,0 73.11463184088659,19.0908500456341,0 73.11472401251369,19.09085505330436,0 73.11482154299588,19.09086035245751,0 73.11517113182057,19.09084958893169,0 73.11534930439088,19.09099004269268,0 73.11545925276285,19.09093858318129,0 73.11553115453739,19.09091661251807,0 73.11553788875472,19.09091561091623,0 73.11636710473229,19.09079230832263,0 73.1167430953699,19.09073639765399,0 73.11677903251469,19.09073105367548,0 73.11681540768052,19.09072564487602,0 73.11681553522138,19.09072562630572,0 73.1168438988565,19.09068528344641,0 73.11694846719593,19.09066484042566,0 73.11710317783978,19.09065686153481,0 73.11714006540539,19.09066403377028,0 73.11729132581387,19.09069344260894,0 73.11774568815645,19.09080762646323,0 73.11774577722272,19.09080764905434,0 73.11774770166912,19.09080813305348,0 73.11774993975791,19.09080869523763,0 73.11775149750838,19.09080908695899,0 73.11782465506761,19.09082747197624,0 73.11784039368861,19.09083142696475,0 73.11788563866594,19.09084279751327,0 73.11794138333211,19.0908568065855,0 73.11794173676746,19.09085689511386,0 73.11805471757016,19.09088528708719,0 73.11809132298858,19.09089431178604,0 73.11849974047571,19.09099500140404,0 73.11852395089255,19.09098268999352,0 73.11860341744202,19.09094228161963,0 73.11881532601525,19.09098985944464,0 73.11887301609144,19.09101394808769,0 73.11890040653768,19.09102538538625,0 73.11889985953721,19.09101938500848,0 73.11889348961614,19.09094946202476,0 73.11888895580344,19.0908996994244,0 73.11887935220693,19.0907942913967,0 73.11885343433939,19.09050982155163,0 73.118903978449,19.09050784711756,0 73.11915388222189,19.09049808509579,0 73.11919299477238,19.09049655756229,0 73.11922048259547,19.09048195874515,0 73.11945351610105,19.09035819706041,0 73.11980618323857,19.0901861187468,0 73.12015766110383,19.09000805173767,0 73.12061667856831,19.08979964916873,0 73.12063907329305,19.08978948160874,0 73.12065212964687,19.08975191516464,0 73.12074171592894,19.08949414584869,0 73.12103212428417,19.08886417914547,0 73.12117984406152,19.08854373635784,0 73.12135958492057,19.08809979968188,0 73.12137757202487,19.08806228163325,0 73.12156427387643,19.08767284854094,0 73.12174817522181,19.08725420487987,0 73.12180311810083,19.08712912894062,0 73.12183134190833,19.08706487860456,0 73.12185639742189,19.08700882391002,0 73.12188613692037,19.08694229084856,0 73.12211758264536,19.08642449978003,0 73.12210821491037,19.08642067606364,0 73.12208976980796,19.0864131481247,0 73.12212507239555,19.08632429415972,0 73.122160899116,19.08623412208075,0 73.12205672880431,19.0862421383223,0 73.12204743437698,19.08624285300834,0 73.12180997444844,19.08621863394195,0 73.12180937457013,19.08621832338888,0 73.12181531312012,19.08620975126881,0 73.12182197612094,19.08620013319749,0 73.12185387794518,19.08615408361021,0 73.12185417930606,19.08615364944839,0 73.12185683562315,19.08614981459521,0 73.12186374531903,19.08614090186322,0 73.12186482746155,19.08613939793325,0 73.12208914828494,19.08582771258917,0 73.12208769221347,19.0856001517798,0 73.12235649627317,19.08548433772808,0 73.12254416874806,19.08542888582685,0 73.12292538121331,19.0853484678194,0 73.12293326859005,19.08534680375545,0 73.1229385371372,19.08530425961938,0 73.12294210600743,19.08527543581202,0 73.12301707292984,19.08467003935066,0 73.12319760495785,19.08335177680087,0 73.1228916772167,19.08226430864752,0 73.12282682728073,19.08203378876379,0 73.12271409861857,19.08163307467148,0 73.12269724400595,19.08157315995877,0 73.1221897061294,19.08086837876975,0 73.12203885101825,19.08065889599594,0 73.12203139579297,19.08064854321189,0 73.12177829227888,19.08057664767833,0 73.12177929981259,19.08052546451246,0 73.1217803623625,19.08047150854152,0 73.12179276756677,19.07984150825747,0 73.12179593774322,19.07968050739412,0 73.12169133244927,19.0795933946772,0 73.1215897868712,19.07940018443827,0 73.12150864375619,19.07924579513358,0 73.12149935935349,19.07922812892517,0 73.12153532627285,19.07919094307677,0 73.12153844496429,19.07918771909616,0 73.12154070996272,19.07918537714322,0 73.12165017092022,19.0790722066579,0 73.121751179353,19.0789677750368,0 73.12166781940172,19.07891705185425,0 73.12161135561071,19.07888269370992,0 73.12159554759332,19.07887326756296,0 73.12133429234935,19.07871747689752,0 73.1211668565937,19.07861763177156,0 73.12094983700608,19.07846722761371,0 73.12090942041981,19.07838438065636,0 73.12079749302934,19.07815494996337,0 73.12073482206345,19.0780225395447,0 73.12061807484271,19.0777758769478,0 73.12061333441601,19.07776586166066,0 73.12064619110598,19.07751979814554,0 73.12066331106625,19.07739159031217,0 73.12057598469502,19.07726562201034,0 73.12055397337987,19.07723387063491,0 73.12053224075241,19.07710725224695,0 73.12052964541864,19.07709213217315,0 73.12052880823803,19.07708725534219,0 73.12045961644098,19.07668412099212,0 73.12029663509294,19.07575506655223,0 73.11984186561185,19.07414648051898,0 73.11990894690207,19.07409504713289,0 73.11995725160038,19.07405801174384,0 73.11996212807593,19.07405427271903,0 73.12019130960969,19.07387855812834,0 73.12034791125416,19.0737584891971,0 73.12080080259432,19.07341124868794,0 73.12160739177101,19.07279281483898,0 73.1216621954288,19.0725254018193,0 73.12169933306167,19.0722638153246,0 73.12170702155134,19.07213912554475,0 73.12170718311609,19.07213650830077,0 73.1217078399204,19.07212586237035,0 73.12171292277949,19.07204344125133,0 73.12174116691391,19.07158542774279,0 73.12175125469412,19.07157502875914,0 73.12221322436591,19.07109881280583,0 73.12268244027867,19.07074942216672,0 73.12369804118516,19.06999316874122,0 73.12375514348305,19.06977536632692,0 73.12383447882071,19.06947276326494,0 73.12387323504798,19.06932493676494,0 73.12389241059793,19.06925179744984,0 73.12391372213359,19.06919265693306,0 73.12411038094049,19.06864690618092,0 73.12417221870733,19.06863322308155,0 73.12403123466379,19.06835264932371,0 73.1239936308728,19.06827781390103,0 73.12397867301057,19.06824804535773,0 73.12273693437447,19.0657768026548,0 73.12146007118523,19.06558596976001,0 73.11979801204252,19.0642439098201,0 73.11776819148599,19.06317470518918,0 73.11767687493636,19.06312660353088,0 73.11687730936148,19.06270542353239,0 73.1158650452538,19.06216293360098,0 73.11555215953877,19.06199525037338,0 73.11548247835404,19.06213459862407,0 73.1151603288472,19.06213117207188,0 73.11397200152956,19.06193928227784,0 73.1138096937172,19.06191490710028,0 73.11348014918322,19.06186541482939,0 73.11341036059368,19.06185951651221,0 73.11306829342315,19.06183060709308,0 73.11224453084412,19.06196639666665,0 73.11182319026135,19.06203584952805,0 73.11181556685371,19.06203569017856,0 73.11179465140043,19.06203525291833,0 73.11175150783286,19.06203434959436,0 73.11164425585355,19.06203210513332,0 73.11081114355183,19.06207199596732,0 73.11039829844935,19.06209176207442,0 73.10941283359242,19.06165621046171,0 73.10868932944317,19.0613954337453,0 73.10810724694332,19.06124407790256,0 73.10805774013038,19.0612312047213,0 73.10744804908155,19.060244976947,0 73.10670810130581,19.05988363718255,0 73.10659023688189,19.05982969480707,0 73.10588537803125,19.0595071036727,0 73.1050815041874,19.0594629941785,0 73.10452020854166,19.0593335005001,0 73.10406722751145,19.05922899370207,0 73.10380631812589,19.05916879957589,0 73.10378032375738,19.05916280227535,0 73.10356305717802,19.05909814302672,0 73.10279060794312,19.0588682561104,0 73.10269056996914,19.05883848373338,0 73.10201481542592,19.05879653711516,0 73.1019520772298,19.05879264304867,0 73.10177081879219,19.05857403771105,0 73.10175618667093,19.05855639066638,0 73.10140814674818,19.05835739179749,0 73.10138157800583,19.05834220008718,0 73.10119804806898,19.05834509162786,0 73.10098159042103,19.05814925949294,0 73.10066639921077,19.05800120608487,0 73.10065947250149,19.05799795219383,0 73.10037108450301,19.05793821578359,0 73.10024247991991,19.05791896491774,0 73.10007722970471,19.05780671768601,0 73.09937713756075,19.05773455175698,0 73.09933657601255,19.05773037040303,0 73.09926734715995,19.05746375130897,0 73.09853998136201,19.05748361385985,0 73.09839358906036,19.05748761087679,0 73.09837839110399,19.0574426389899,0 73.09816475788689,19.05744043663122,0 73.0979922040118,19.05741774369573,0 73.09783228538184,19.05730226853503,0 73.09778652398491,19.05726922481137,0 73.09765539814278,19.0574710365935,0 73.09760896979844,19.05745190504811,0 73.09751112421054,19.05741158770545,0 73.09730407850742,19.05731986887031,0 73.0970084250808,19.05718889683334,0 73.09692641946299,19.0571524265383,0 73.09678834267802,19.05709102021972,0 73.09607111033952,19.05672509416768,0 73.09583923045508,19.05664206084028,0 73.09533157073753,19.05646027410961,0 73.0953150886989,19.05645437207196,0 73.09521767351993,19.0564184836356,0 73.09493462097113,19.05631420393637,0 73.09490695390252,19.05616742907267,0 73.09490303499311,19.05614663915727,0 73.09487774076968,19.05601245553865,0 73.09479080658151,19.05601433110221,0 73.09470135801541,19.05601626105634,0 73.09450312128689,19.05602053717546,0 73.0944542136705,19.05580967662483,0 73.09436058181744,19.05540598836711,0 73.09429944300129,19.05525716666702,0 73.09418211883103,19.05515828356014,0 73.09400552780484,19.05500944890272,0 73.09394342764209,19.05495710853378,0 73.09379815128024,19.05465564182558,0 73.09379808699623,19.05465553095058,0 73.0936613266509,19.05442118740708,0 73.09313607794503,19.05419347427641,0 73.09266348601972,19.05397705960419,0 73.09252024799294,19.05391045416682,0 73.09235595207221,19.05383405611746,0 73.09203022494749,19.05363349934611,0 73.0916667592047,19.05343613718721,0 73.09166551269126,19.05343548200099,0 73.09133935359537,19.05326411012712,0 73.09125898729599,19.05326358498133,0 73.09122142120967,19.05326333998451,0 73.09004632975552,19.05325566286609,0 73.08993491874642,19.05325493501751,0 73.08914706723513,19.05324978360868,0 73.08915285759635,19.05323219182001,0 73.0892181517904,19.0530338268477,0 73.08928635458702,19.05256546430568,0 73.08931941848185,19.05214752954311,0 73.08935514445459,19.05177144903535,0 73.08935156745713,19.05170691844654,0 73.089318689051,19.05111377739321,0 73.08926741843862,19.05047105478322,0 73.08924450676012,19.0501838354656,0 73.08918415082778,19.04950675950875,0 73.08916933278879,19.04934052501599,0 73.08907166071104,19.04826692956245,0 73.08914683330568,19.04801362910976,0 73.08925809411357,19.0476066675384,0 73.0892989693989,19.04745715639843,0 73.08932063998309,19.04737618533098,0 73.08932229821258,19.04737033062061,0 73.08964805397814,19.04622034655961,0 73.08932090879502,19.0457060632785,0 73.08881221911902,19.04485826515782,0 73.08850310240503,19.04436811746666,0 73.08842341399207,19.04424176049061,0 73.08805038746971,19.0436194428619,0 73.08775084010354,19.04316519730827,0 73.08746397731751,19.04294946648953,0 73.08721507563139,19.04276228292904,0 73.08653300516295,19.04224132920267,0 73.08643394433668,19.04154901754088,0 73.08639979671463,19.04131036487454,0 73.0859890811801,19.038439920062,0 73.086644521195,19.03881599335367,0 73.08762602700043,19.03936036351803,0 73.08823477832637,19.03968871826203,0 73.0884053783215,19.03978073740341,0 73.08943893245488,19.04039017237718,0 73.08956773608091,19.04046541246574,0 73.09062610562995,19.04108365128037,0 73.09155678355589,19.0416093560428,0 73.09157006627532,19.04161685851536,0 73.09170532291478,19.04165769417303,0 73.09222669611025,19.04174413142606,0 73.09242028329641,19.04177622586491,0 73.09269008876036,19.04208571610605,0 73.09312361304833,19.04258300284226,0 73.0934556231569,19.04296555682706,0 73.093826908547,19.04339336270939,0 73.09417076132924,19.0437669075793,0 73.09425896287665,19.04386272520268,0 73.09433336378108,19.04394354983976,0 73.0948020439989,19.04450051683592,0 73.09501119949502,19.04474466543288,0 73.09502475153857,19.04476048506813,0 73.09574459513094,19.04560075758633,0 73.09627688132156,19.0457790766156,0 73.09701739871386,19.04604326645608,0 73.0970281532378,19.0460471028363,0 73.09714952692261,19.04609040426049,0 73.09754347424796,19.04629992142158,0 73.09765741805583,19.04636052045129,0 73.09772662402946,19.04642871275212,0 73.09773070439378,19.04643273324724,0 73.09799564096858,19.04669378768063,0 73.09894785889722,19.04641207825666,0 73.09943416162953,19.04619599589501,0 73.0998985656298,19.04652345060197,0 73.10026582409709,19.04682899040645,0 73.10055972855014,19.04695451249276,0 73.10070197943361,19.04687829562455,0 73.10143384074514,19.04689478903978,0 73.10166064398965,19.04690782380546,0 73.10238903900496,19.04691941180478,0 73.10275786346254,19.04677993255839,0 73.10292040479455,19.04685330850395,0 73.10303332968286,19.0469058957772,0 73.10308172651381,19.04692843349247,0 73.10330167277219,19.04703085881763,0 73.10353037538614,19.04713736149857,0 73.1036555760703,19.04719566521221,0 73.10372069879024,19.04722601553321,0 73.1041892629146,19.0474459646946,0 73.10425199097588,19.04745557230885,0 73.10478208488782,19.04735645678699,0 73.10481243173956,19.04735078267597,0 73.10512428683816,19.0472792913043,0 73.10528381812239,19.04725186407721,0 73.10569697981737,19.04718083176133,0 73.10582943890522,19.04715805858876,0 73.10606885286933,19.04711034591584,0 73.1063427223538,19.04705576760378,0 73.10635674663634,19.04702028698818,0 73.10653258230235,19.04695548717196,0 73.1066375928752,19.04673858057277,0 73.10654186759147,19.04666876149554,0 73.10656876534655,19.04579276373574,0 73.10656892063668,19.04578770011563,0 73.10658174115453,19.04572156831415,0 73.10684490065115,19.0454283353497,0 73.10707678056274,19.04516995578972,0 73.10709598743716,19.04514855401393,0 73.1071865261687,19.04514374609835,0 73.10731796657744,19.04516248211865,0 73.10743982026639,19.04517985141143,0 73.10762015057593,19.04520555667379,0 73.10776830605225,19.0454552052645,0 73.10777304049761,19.04546318271298,0 73.10822495844583,19.04622467899475,0 73.1082298327498,19.04623289274496,0 73.10834118310314,19.04652085523139,0 73.10835078635151,19.04652873712801,0 73.1086101375034,19.04674159669974,0 73.10872592104616,19.04684440737302,0 73.10895652923726,19.04704917676107,0 73.10902641875488,19.04717882421019,0 73.10907062498688,19.0472608274289,0 73.10907469280431,19.04726837253185,0 73.10949060767697,19.0478290676881,0 73.10963141561193,19.04805066595495,0 73.10972175038442,19.04819283109772,0 73.10983186013938,19.04823401631209,0 73.10983765046028,19.04823618228619,0 73.10983979309587,19.04823698384335,0 73.10984071353795,19.04823732751909,0 73.10984372458746,19.04823845324822,0 73.11022633560383,19.04838156442547,0 73.11045441470041,19.04845497914762,0 73.11052085112573,19.04847636381141,0 73.11071635189984,19.0484502387807,0 73.11072022229355,19.04844972192489,0 73.11106811335357,19.0483633133085,0 73.11125257284543,19.04831749673886,0 73.1113717271091,19.04827154014015,0 73.11137714763778,19.04826944919402,0 73.11140230284441,19.04825974691719,0 73.11172006027238,19.0481371890343,0 73.1119190469021,19.04806044068442,0 73.1119736206681,19.04804356025345,0 73.11217550423211,19.04798111547789,0 73.11242376091867,19.0479043249047,0 73.11243965559734,19.04789940869777,0 73.11260921857522,19.04788542686489,0 73.11268721560658,19.04787899480546,0 73.11277597509125,19.04792337833412,0 73.11279273665886,19.04792202935703,0 73.11283075484651,19.04792767215777,0 73.11294850246802,19.04799379274776,0 73.11309820617666,19.0480778576343,0 73.11319974486601,19.04847843714536,0 73.11322220491233,19.04856704220769,0 73.11313721470013,19.04880351892975,0 73.11304230486147,19.04906759707355,0 73.1129423118978,19.04934581789841,0 73.11293946152995,19.04935374929558,0 73.11293674676308,19.04941588731614,0 73.11293198976971,19.04952479387975,0 73.11292451502557,19.04969593147683,0 73.11291884778947,19.0498256813421,0 73.11291643920983,19.04988081862007,0 73.1129085893145,19.05006051004674,0 73.11290202851895,19.05021071763933,0 73.11290500051879,19.05023857018653,0 73.11292375249801,19.05041430494724,0 73.11294770375068,19.05063876944928,0 73.11296809727983,19.05082988560038,0 73.11297030736796,19.05085060001345,0 73.11298459622257,19.05098450982426,0 73.11299470963775,19.05107929149804,0 73.11299737243358,19.0511042455638,0 73.11301397535205,19.0512598428802,0 73.11301902010275,19.05130711570359,0 73.11303410182472,19.05144845575026,0 73.11290131348387,19.05170780554562,0 73.11281631313516,19.05187381942785,0 73.11273437466667,19.05203385351458,0 73.11273105120925,19.05204278551992,0 73.11270129677871,19.0521227578069,0 73.11266262711611,19.05222669396785,0 73.11260347274134,19.05238568725793,0 73.11259817790659,19.05239991816645,0 73.11255306264252,19.05245226075139,0 73.11240972674499,19.05261855571272,0 73.11240856674519,19.05261990252164,0 73.11232965989365,19.05280932525094,0 73.11232374500962,19.05282352541353,0 73.112323302655,19.05282458596692,0 73.11227419241253,19.05294745472206,0 73.11224302565822,19.05302542863838,0 73.11231896850767,19.05318237564089,0 73.11240130312892,19.053310695019,0 73.11242713235902,19.05351328723375,0 73.11285936993967,19.05355439930608,0 73.11307059138194,19.05339920519259,0 73.11375438335094,19.05331656502105,0 73.11454242220212,19.05309157667116,0 73.11498782465739,19.05282194036552,0 73.11531730607544,19.05258150660913,0 73.11545892451478,19.0525024252419,0 
							</coordinates>
						</LinearRing>
					</outerBoundaryIs>
				</Polygon>
			</MultiGeometry>
		</Placemark>
		<Placemark id="ID_00002">
			<name>3</name>
			<Snippet maxLines="0"></Snippet>
			<description><![CDATA[<html xmlns:fo="http://www.w3.org/1999/XSL/Format" xmlns:msxsl="urn:schemas-microsoft-com:xslt">

<head>

<META http-equiv="Content-Type" content="text/html">

<meta http-equiv="content-type" content="text/html; charset=UTF-8">

</head>

<body style="margin:0px 0px 0px 0px;overflow:auto;background:#FFFFFF;">

<table style="font-family:Arial,Verdana,Times;font-size:12px;text-align:left;width:100%;border-collapse:collapse;padding:3px 3px 3px 3px">

<tr style="text-align:center;font-weight:bold;background:#9CBCE2">

<td>3</td>

</tr>

<tr>

<td>

<table style="font-family:Arial,Verdana,Times;font-size:12px;text-align:left;width:100%;border-spacing:0px; padding:3px 3px 3px 3px">

<tr>

<td>FID</td>

<td>2</td>

</tr>

<tr bgcolor="#D4E4F3">

<td>Id</td>

<td>3</td>

</tr>

</table>

</td>

</tr>

</table>

</body>

</html>]]></description>
			<styleUrl>#PolyStyle001</styleUrl>
			<MultiGeometry>
				<Polygon>
					<outerBoundaryIs>
						<LinearRing>
							<coordinates>
								73.085114616292,19.04483449506873,0 73.08508243100916,19.04453150881831,0 73.08508242310307,19.04453145272769,0 73.08503288847584,19.0441652451971,0 73.08502607274391,19.04411485818244,0 73.08500079390481,19.04392797782459,0 73.08477317619739,19.04322948368023,0 73.08461471961392,19.04281405351054,0 73.08453405667538,19.0426025736392,0 73.08429523454687,19.04205932251774,0 73.0841831880947,19.04183792673173,0 73.08403283434545,19.04154083790711,0 73.08400338915183,19.04148265646408,0 73.08379440710299,19.0410771487946,0 73.08361628968716,19.04071976376545,0 73.08351147364787,19.04054538966285,0 73.08334144482983,19.04030460881049,0 73.08316264451635,19.03996415714866,0 73.08310163560286,19.03984798976684,0 73.08298231407275,19.03956889503108,0 73.08287289711426,19.03924807553975,0 73.082729166698,19.03890598589388,0 73.08245278813165,19.03841619707331,0 73.08246475245596,19.03844430935144,0 73.08245247253825,19.03841563732347,0 73.08243372132625,19.03838240739894,0 73.08266262336494,19.03821437689149,0 73.08271656203105,19.03817478250472,0 73.08275128053184,19.038149296893,0 73.08273340215791,19.03807798668717,0 73.08274437441541,19.03806749784518,0 73.08279071834693,19.0380231966312,0 73.0828230581146,19.03805422694707,0 73.08317778059579,19.03839459290252,0 73.08317852473131,19.03839530705898,0 73.0831914118004,19.03837573487031,0 73.0832910731956,19.03822438375305,0 73.08416754095913,19.03894096772595,0 73.0859890811801,19.038439920062,0 73.08628267606935,19.04049182859906,0 73.08639979671463,19.04131036487454,0 73.08643394433668,19.04154901754088,0 73.08653300516295,19.04224132920267,0 73.08721507563139,19.04276228292904,0 73.08746397731751,19.04294946648953,0 73.08775084010354,19.04316519730827,0 73.08805038746971,19.0436194428619,0 73.08842341399207,19.04424176049061,0 73.08850310240503,19.04436811746666,0 73.08881221911902,19.04485826515782,0 73.08932090879502,19.0457060632785,0 73.08964805397814,19.04622034655961,0 73.08932229821258,19.04737033062061,0 73.08932063998309,19.04737618533098,0 73.0892989693989,19.04745715639843,0 73.08925809411357,19.0476066675384,0 73.08914683330568,19.04801362910976,0 73.08907166071104,19.04826692956245,0 73.08916933278879,19.04934052501599,0 73.08918415082778,19.04950675950875,0 73.08924450676012,19.0501838354656,0 73.08926741843862,19.05047105478322,0 73.08927997592468,19.05062847419567,0 73.08931777031727,19.0511022602683,0 73.089318689051,19.05111377739321,0 73.08933799061103,19.05146198618147,0 73.08935156745713,19.05170691844654,0 73.08935514445459,19.05177144903535,0 73.08931941848185,19.05214752954311,0 73.08928635458702,19.05256546430568,0 73.0892181517904,19.0530338268477,0 73.08915285759635,19.05323219182001,0 73.08914706723513,19.05324978360868,0 73.08922580495617,19.05350754142994,0 73.0892450245197,19.05374974389785,0 73.08925870210749,19.05447589579217,0 73.08965708033442,19.05563028529315,0 73.08976511070816,19.05601056619988,0 73.08984336904861,19.05628604202208,0 73.08952243441749,19.05709346089179,0 73.08945892139816,19.05719605774194,0 73.08979614751988,19.05787429150703,0 73.09028145045002,19.05873738324137,0 73.09067343831597,19.05940829547093,0 73.09046863572716,19.0603909211992,0 73.09032238627159,19.06086982836484,0 73.09021151372195,19.06121750015137,0 73.09010206875003,19.0615606936348,0 73.09010133919938,19.06156740890202,0 73.09001777092114,19.06233662142632,0 73.09068245659296,19.06367004205352,0 73.09112201856553,19.06459982254346,0 73.09129800588379,19.06503665238974,0 73.09171569868947,19.06522023720141,0 73.09233331957527,19.06550627597866,0 73.09295097101264,19.06578992375222,0 73.0930284793621,19.06560668259598,0 73.09310342766159,19.06565364402519,0 73.09318588858434,19.0657053119576,0 73.0931971989427,19.06571239928241,0 73.09350669506662,19.06599074259288,0 73.0945656956023,19.06694313740065,0 73.09463629293442,19.06769437732126,0 73.09402853067732,19.06907331378684,0 73.09382711457829,19.06954018048983,0 73.09371898900271,19.06976278200492,0 73.09367887508053,19.06997317937584,0 73.09366140142437,19.0700436527387,0 73.0936029761217,19.0702792913828,0 73.09382115932803,19.07058844324584,0 73.09394810816651,19.07087418497586,0 73.09395072326798,19.07087788780768,0 73.0941033097445,19.07109396406999,0 73.09436577248638,19.07146563170005,0 73.09455170960295,19.07172893166642,0 73.09455965015486,19.07174534478704,0 73.0946506011862,19.07193335654027,0 73.09492008144132,19.0724904198014,0 73.09511786056541,19.07278167260379,0 73.09533539405783,19.07310420242879,0 73.0955814390588,19.07347649764737,0 73.09569463748078,19.07364777995877,0 73.09575509176445,19.07373925330185,0 73.09615508734089,19.07432336959172,0 73.09617444810343,19.0743516425668,0 73.09618919914395,19.07445989173493,0 73.09619997387064,19.074538954526,0 73.09620749447126,19.07459414477342,0 73.09620784867045,19.07459674018968,0 73.09651892523833,19.07500532400471,0 73.09670597756275,19.07537489859014,0 73.0967923006454,19.07554545479958,0 73.09681180471763,19.07558499237665,0 73.09694559130207,19.07585618762096,0 73.09695348099299,19.07587218097765,0 73.09715706526615,19.07618404811656,0 73.09745738177959,19.07655643823279,0 73.09749251835051,19.07660000713989,0 73.09751004916758,19.07662174513294,0 73.09767651199637,19.07684884064368,0 73.09767920456997,19.07685251351906,0 73.09769223517758,19.0768702907624,0 73.09769980467817,19.0768758911689,0 73.09770505828976,19.07687977837685,0 73.0977025755048,19.07688294615343,0 73.09772172714067,19.07690128793901,0 73.09773488244254,19.07691388656186,0 73.09838548043147,19.07753695660896,0 73.09866836121526,19.07780786615956,0 73.09867709720943,19.07781449756296,0 73.09963901475476,19.07854470847491,0 73.09964970170222,19.07855282069954,0 73.0997274804478,19.0786118636818,0 73.09997834667968,19.07880229911249,0 73.10021544946368,19.07908464190931,0 73.100216452507,19.07908583656407,0 73.10022844695845,19.07930091020527,0 73.10023069117707,19.07934115758853,0 73.10024493080348,19.07959647861879,0 73.10021921211708,19.07960654079413,0 73.10021991682744,19.07962264787544,0 73.10022097954837,19.08011283780295,0 73.10022112873449,19.08018190449775,0 73.10022120160966,19.08021542199047,0 73.10003784298067,19.08046034610746,0 73.09979077094832,19.08096260207534,0 73.09977688249788,19.08147490928754,0 73.09991914139317,19.08169818356971,0 73.10017453849727,19.08187673318757,0 73.10010442717513,19.08217212239162,0 73.10008958461654,19.08217794422906,0 73.10007857163178,19.08218256703385,0 73.10006980324619,19.08218624818491,0 73.1000594748035,19.08219058445216,0 73.09998538269525,19.08222168948638,0 73.09993644335455,19.08224223512434,0 73.09983785813134,19.08228362260384,0 73.09977946643819,19.08232149035343,0 73.09951569315024,19.08249254716649,0 73.09911569167561,19.08249584055871,0 73.09910335629647,19.08249594185899,0 73.09898714202251,19.08248023036622,0 73.09873587217353,19.08244625949172,0 73.09859078996472,19.08238874922893,0 73.09835982361821,19.0822971944871,0 73.09816588921608,19.08222031836139,0 73.09798306638739,19.08214784682477,0 73.09767626561401,19.08232101779131,0 73.0980365697318,19.08307644363737,0 73.09815164412441,19.08334652473888,0 73.09818151154883,19.08347613003986,0 73.09822949265607,19.08368434082115,0 73.09829638299098,19.08388102467641,0 73.09835101125005,19.08404018620572,0 73.09843263609493,19.08427800241361,0 73.09852721956298,19.0845813334776,0 73.09883786589839,19.08485460506319,0 73.09883835038265,19.08485503103114,0 73.09870878843498,19.08519309700804,0 73.09865876590148,19.08561085932251,0 73.0986113783831,19.08573930866939,0 73.09851038057168,19.08601307397202,0 73.0984585764304,19.08615349334817,0 73.09845848229311,19.0861537489326,0 73.09845751140499,19.08615406322033,0 73.09833073184451,19.08619505749261,0 73.09828083524366,19.08621119149666,0 73.09790552027916,19.08627424201304,0 73.09781903340289,19.08627565808394,0 73.09778149838938,19.08627627237441,0 73.09774501448918,19.08627686950571,0 73.0977351543645,19.08627703057792,0 73.09745793220014,19.08628157108413,0 73.09699640251281,19.086248773901,0 73.09698567211173,19.08624801173789,0 73.09635532792825,19.08620326745574,0 73.0963551532369,19.08620325481033,0 73.09635522564952,19.08620307127198,0 73.0963849481102,19.08612764925921,0 73.09641988244998,19.08603900252093,0 73.0964181061422,19.08597445045136,0 73.09616730424743,19.08570177077663,0 73.09616802296226,19.08566300756904,0 73.09617192010896,19.08545277599965,0 73.09617262112671,19.0854149783057,0 73.09617386084673,19.08534809510251,0 73.09616566973014,19.08530591453795,0 73.09612874971916,19.08511578384193,0 73.09604743602189,19.08497153342464,0 73.09604571425631,19.08468230681927,0 73.09598733321033,19.08467712797658,0 73.09561876122208,19.08464443189783,0 73.09561856500881,19.08464555365607,0 73.09560371399756,19.08473044024724,0 73.09557034281754,19.08492118957554,0 73.09551958020634,19.08494011612859,0 73.09547774083697,19.08495571566804,0 73.09546430108639,19.08496072682768,0 73.09520868076619,19.08496520555253,0 73.0951726139253,19.08496583722106,0 73.09443136809153,19.0851570733932,0 73.09437631032823,19.08517127756959,0 73.09435636494935,19.08517642371065,0 73.09435430074899,19.08517695612309,0 73.09435313045884,19.08517725838965,0 73.094353154744,19.0851776272136,0 73.09435332994376,19.08518033550617,0 73.09435744826555,19.08524384037188,0 73.0943576703733,19.0852472655178,0 73.09434614392515,19.08525105967439,0 73.09434032244162,19.0851855163661,0 73.09433968482698,19.08518551970819,0 73.09433414867159,19.08518555097669,0 73.09431614333548,19.08518565291724,0 73.09431161919704,19.085185678392,0 73.09429365662484,19.0851857798693,0 73.0942513781054,19.08518601918208,0 73.09406922091753,19.08518704918463,0 73.09401474689686,19.08518735741185,0 73.09400563115554,19.08518740855197,0 73.09375536076307,19.08498289843479,0 73.09371345889269,19.08496102987425,0 73.09368658473534,19.08494700351833,0 73.09346053450557,19.08473509576213,0 73.09328060264863,19.08469384892088,0 73.09324389072832,19.08468543357363,0 73.09310502939105,19.0845876255766,0 73.09298261711304,19.08458040816395,0 73.09288474770156,19.08457463714985,0 73.09263090829489,19.08454141622348,0 73.09234226326642,19.08444702284633,0 73.09227344464129,19.0844245175613,0 73.0917648924723,19.08443454796907,0 73.09154084999886,19.08446894017261,0 73.09147409409394,19.08447332215423,0 73.09144473415984,19.08447524939284,0 73.09142008590335,19.08447686743218,0 73.09138546291062,19.08447406789324,0 73.09138368865787,19.08447392484984,0 73.09137055074028,19.08438784185139,0 73.09136936361908,19.08437128987226,0 73.09136925715931,19.08436980092979,0 73.09136598748992,19.08432420863267,0 73.09136533945046,19.08431517280172,0 73.09136370556607,19.08429239114012,0 73.09136142332169,19.08426057269408,0 73.09132318063095,19.08422805293391,0 73.0913088210865,19.08422634678328,0 73.09119624390428,19.08421297068571,0 73.09109286136565,19.0842486123271,0 73.09091189845958,19.08432552332978,0 73.09091015684631,19.08432626320611,0 73.0906761110318,19.08439114490697,0 73.09062788674714,19.08441266554955,0 73.090604631772,19.08442304359234,0 73.09053541027846,19.08445393400534,0 73.09040147746818,19.08448772923214,0 73.09021949153758,19.08450266994753,0 73.0901707340566,19.08450141025255,0 73.090021645156,19.08449755943631,0 73.08992361487124,19.08448736503611,0 73.0898798031478,19.0844832847456,0 73.08981271306327,19.08447703714102,0 73.08975529705629,19.08443489712644,0 73.0897281499076,19.08441497204765,0 73.08964033288072,19.08435593377594,0 73.0895347673209,19.08430129961565,0 73.08950856501802,19.08430048048919,0 73.08938840261078,19.08429672223973,0 73.08934939323687,19.08429528698695,0 73.08930337923687,19.08429359389828,0 73.08915680820905,19.08428820207667,0 73.08901680816092,19.08428980888791,0 73.08893476030086,19.08428895790025,0 73.08891178696786,19.08418775982854,0 73.08889850212972,19.08416261967279,0 73.08888659088977,19.08414007828361,0 73.08873214706318,19.08413847628729,0 73.08870742782443,19.08414123529422,0 73.08861461411001,19.08415159613955,0 73.08844377140315,19.08417066705989,0 73.08807485099743,19.08421120066336,0 73.08788469824592,19.08423676188176,0 73.08763984724874,19.08426175518932,0 73.08739004690432,19.08429740523998,0 73.08714668129957,19.08433312084397,0 73.08690817709468,19.0843658278119,0 73.08675506151421,19.08438871270705,0 73.08659545836952,19.08441612007902,0 73.08637788541816,19.08444751341414,0 73.08628989891486,19.08445485365158,0 73.08624743357947,19.08445839632759,0 73.08620226500746,19.08446863470947,0 73.0862053734687,19.08447049991712,0 73.08620664160445,19.08449847844555,0 73.08620696678861,19.08450565270538,0 73.08620706680854,19.08450786336608,0 73.08615336354733,19.08449570281468,0 73.08615057447784,19.08449507125808,0 73.08611749603,19.0844222943454,0 73.08606226923267,19.08430079131292,0 73.08605207776253,19.08427837152019,0 73.08584319530716,19.08417649851825,0 73.08571657734259,19.08411474549455,0 73.08570217210433,19.08410536799717,0 73.08548151583618,19.08396172463674,0 73.0851005431325,19.08390470406733,0 73.0849385286355,19.08382701325085,0 73.08463268969392,19.083532714502,0 73.08459680920993,19.08349165144036,0 73.08456847922332,19.08345922891642,0 73.0844307561469,19.08330160973136,0 73.08437033469117,19.0832324589594,0 73.08433046201428,19.08318682580332,0 73.08432561982701,19.0831831177539,0 73.08428579570464,19.08315262558577,0 73.0842821474712,19.08314983223893,0 73.08421976697019,19.08310206799409,0 73.0842108436452,19.08309523434011,0 73.08405116045766,19.08300488388537,0 73.08403400465859,19.08299517685153,0 73.08399653719289,19.08297397654123,0 73.08379107793695,19.08284191418676,0 73.08377364014372,19.08283070552344,0 73.08376295373465,19.08282383725448,0 73.08357588882565,19.08274168422087,0 73.08352882720249,19.08272101548873,0 73.08351585954527,19.08270497334305,0 73.08331020503537,19.08245056729259,0 73.0832016327951,19.08218556638725,0 73.08316807860574,19.08207559277183,0 73.08311296601893,19.08189495808467,0 73.08309173108672,19.08184547785437,0 73.08296459755043,19.08154923346754,0 73.08294928659886,19.08151538788108,0 73.08274921819014,19.08107311706565,0 73.0827468952275,19.08106798349199,0 73.08270164257122,19.08095946266405,0 73.08268576654169,19.08092139249081,0 73.08259906071726,19.08071346459206,0 73.08259643936377,19.08070717974157,0 73.08259881196817,19.08069644360213,0 73.08262615475303,19.08057269765045,0 73.08263128994874,19.08054945432472,0 73.082631779094,19.08054724166486,0 73.08264417745795,19.08049112926628,0 73.0824493612742,19.08024960969336,0 73.08244733092444,19.08022871552777,0 73.08243027997302,19.08005327178737,0 73.08242913137468,19.08004145653226,0 73.08233624257801,19.07993266128551,0 73.08226031160689,19.07984372758778,0 73.08224011667492,19.0798200743357,0 73.08214542519684,19.07965990513502,0 73.08203042828028,19.0794292540038,0 73.08171029028661,19.07932983878137,0 73.0815076453262,19.07930986900829,0 73.08130517148089,19.07928991672432,0 73.08088076667387,19.07936048859192,0 73.08086774272802,19.07936265472622,0 73.08086670684058,19.07936238274427,0 73.08042411676827,19.07924617597337,0 73.07994089395892,19.07913713023829,0 73.0799110997639,19.07913040687732,0 73.07990419915559,19.07912502142329,0 73.07990192125312,19.0791232424636,0 73.07985852790296,19.07908937238988,0 73.0798268217026,19.07906462424431,0 73.07977974643694,19.0790278801476,0 73.07964313685233,19.07892125061325,0 73.07931206492042,19.07883638259515,0 73.07892877763896,19.07873812938719,0 73.07874882941563,19.0786466231988,0 73.07824449752584,19.07853008835413,0 73.07824350394168,19.07853041341163,0 73.07761849259568,19.07873488856092,0 73.07760303620844,19.07873994513236,0 73.07714813703647,19.07892636360404,0 73.07711503703655,19.07893992815522,0 73.0770913461745,19.07906306702205,0 73.07706850231737,19.07918180271917,0 73.07706479720547,19.0791833268687,0 73.07675831156084,19.07930938925637,0 73.07664349019312,19.07935661725634,0 73.07653805710221,19.07939998374952,0 73.07653882406352,19.07940638572035,0 73.07656969930625,19.07966418569453,0 73.07657368008373,19.07986640230942,0 73.07657535169602,19.07995129924494,0 73.07657825582939,19.08009880269747,0 73.07651881746092,19.08024129946009,0 73.07651190375246,19.08025787346836,0 73.07651154903247,19.08025872343887,0 73.07650911814675,19.08025849852292,0 73.0762911752761,19.08023833338193,0 73.07619302776173,19.08022925266486,0 73.07618708235945,19.08022870278527,0 73.07606605115794,19.08021750412397,0 73.07593289642844,19.08021013822085,0 73.07593260013726,19.08021023464451,0 73.07589159294034,19.08022357983404,0 73.0757549948641,19.08026803417373,0 73.07573672882492,19.0802803992059,0 73.07568893393309,19.08031275252483,0 73.07566568719099,19.08032848926373,0 73.07559472403612,19.08037652681214,0 73.07545797846389,19.08046909398449,0 73.07542813830703,19.08048929397414,0 73.07538853005049,19.08050378209381,0 73.07534543709275,19.08051954548426,0 73.0753296853902,19.08052530699338,0 73.07526415664836,19.08054927610339,0 73.0750440438524,19.08062979133335,0 73.07498682314574,19.080650721507,0 73.0749421480858,19.08066706267888,0 73.07494052441244,19.08066671082822,0 73.07493746605023,19.0806660480799,0 73.0749225707129,19.08066282196621,0 73.07492121822192,19.08066252960347,0 73.07489615793199,19.08065710151115,0 73.07489390979394,19.08065661460356,0 73.07488064180319,19.08065374063231,0 73.07487649336707,19.08065284181573,0 73.07485782207478,19.08064879755686,0 73.07485743916712,19.08064871496466,0 73.07483257602054,19.08064332957456,0 73.0748299866831,19.08064276863989,0 73.07482939716803,19.08064264052801,0 73.07481366115533,19.0806392321788,0 73.07481022828756,19.08063848898689,0 73.07478720099623,19.08063350127678,0 73.07478495190891,19.08063301435798,0 73.07476739142645,19.08062921024446,0 73.07476684549847,19.08062909252475,0 73.07475959592726,19.08062752173033,0 73.07474073508286,19.08062343663535,0 73.07474001855503,19.0806232819023,0 73.07472260782626,19.08061951006331,0 73.07472139276811,19.08061924713907,0 73.07470226749146,19.08061510507619,0 73.0747011585872,19.08061486494145,0 73.07468352323374,19.08061104468089,0 73.07468256503076,19.08061083683464,0 73.07466008082622,19.08060596679952,0 73.0746580885948,19.08060553495751,0 73.07464649628383,19.08060302446302,0 73.07464433913201,19.08060255747359,0 73.07463245111936,19.08059998246046,0 73.07463194974946,19.08059987333608,0 73.07460979726856,19.08059507541601,0 73.07460862296855,19.08059482104712,0 73.07459305282667,19.08059144874029,0 73.07459283388974,19.08059140128493,0 73.07455908342435,19.0805840909945,0 73.07455790249513,19.08058383474928,0 73.07452757067887,19.08057726479106,0 73.07452548745336,19.08057681392982,0 73.07450754691753,19.08057292813266,0 73.07450393398418,19.0805721451128,0 73.07450215310072,19.08057175974198,0 73.07450177716369,19.08057219621429,0 73.07449545970496,19.08057953094103,0 73.07449529983728,19.08057971626547,0 73.07449297777566,19.08057946766968,0 73.07449249465542,19.0805794159477,0 73.07440888479977,19.08057047081443,0 73.07440726869052,19.08057029764657,0 73.07440669325186,19.08057047902404,0 73.07435195730947,19.08058773170507,0 73.07435030466931,19.08058825283628,0 73.07421827102203,19.08062986835377,0 73.0742177961808,19.08062919942709,0 73.07403801178411,19.08037592995007,0 73.0740358354156,19.08037637902975,0 73.07382633450051,19.08041960806414,0 73.07381670506311,19.08046970061028,0 73.07381444497514,19.08046835452253,0 73.07377937979949,19.08044747001813,0 73.07373876591407,19.08042328089453,0 73.07371678535513,19.08040929030579,0 73.0737167475871,19.08041084001871,0 73.07371662624423,19.08041581900639,0 73.07371650201108,19.08042089276433,0 73.07371428227724,19.08051170024513,0 73.07370882819383,19.08073480209135,0 73.07370874144785,19.08073835046231,0 73.07370825648674,19.08075818490656,0 73.07370756418881,19.08078649970015,0 73.07370706475346,19.08080692840145,0 73.07370612689753,19.08084530311504,0 73.07370311557055,19.08096848944995,0 73.07370300031558,19.08097319744206,0 73.07344538948213,19.08101065857538,0 73.07339691617926,19.08104025717527,0 73.07329957015253,19.08109969819436,0 73.0732685679945,19.08111862851508,0 73.07326773764221,19.08111757429151,0 73.07321197131748,19.08115162590907,0 73.07318552797406,19.08125343950122,0 73.07314461433359,19.08141096893455,0 73.07314008313863,19.08147185926595,0 73.07313507616371,19.08153914305627,0 73.07312963088783,19.0816123184861,0 73.07312556264269,19.08166699132095,0 73.07312720086041,19.08171338494627,0 73.07313077142254,19.08181450421513,0 73.07301275706905,19.08184930590503,0 73.07291315852244,19.08187867725275,0 73.07272803561133,19.08193326933369,0 73.07262341644821,19.08196412104792,0 73.07261359950861,19.0819675595215,0 73.07257252863494,19.08198194496601,0 73.07256031456961,19.08198167718794,0 73.07252095086687,19.08198081446714,0 73.0724723966633,19.08197975030965,0 73.07242102183913,19.08204154354515,0 73.07234757535645,19.08212988313985,0 73.07225649765198,19.08228381157353,0 73.0721438026068,19.08247221799111,0 73.07209739635034,19.08250310780964,0 73.07208299875994,19.08251269173124,0 73.07199717926642,19.08254238774346,0 73.07197232614735,19.08254844881865,0 73.07195583304929,19.08255247108453,0 73.07195466070571,19.08255212909296,0 73.07187766106973,19.08252966454074,0 73.07177993181469,19.08254585080729,0 73.07173968729248,19.08258962542781,0 73.07172595553831,19.08260456144105,0 73.0716277071145,19.08257867563905,0 73.07154459608573,19.08254816765471,0 73.0714405141546,19.08250501269018,0 73.07139116909246,19.08251118828133,0 73.07135493216295,19.08252930515252,0 73.07134059653677,19.08253647233196,0 73.07130309567889,19.08256189318976,0 73.07126980454353,19.08257110583914,0 73.07125202623979,19.0825714165943,0 73.07125065107033,19.08257144104422,0 73.07124998867756,19.08257145217787,0 73.07123560694428,19.0825717036321,0 73.07123436239738,19.08257095075698,0 73.07120664827937,19.08255419159106,0 73.07116595000834,19.08253260718998,0 73.07111469849127,19.08250542623326,0 73.07102349927078,19.08247865816155,0 73.07098557906954,19.08245340356662,0 73.07096117863202,19.08246056376607,0 73.07093210174398,19.08246909688542,0 73.07084126554827,19.08249778317132,0 73.07078544066678,19.08251369486995,0 73.07076987597661,19.0825181308902,0 73.07074743601248,19.08252452657032,0 73.07071699518156,19.08254810881799,0 73.07071276323617,19.08256623007429,0 73.07071231212242,19.08257950015271,0 73.07071123670126,19.08261114877534,0 73.07071193569976,19.08264398762795,0 73.07071222305949,19.08265748676027,0 73.07071253928318,19.08267234935747,0 73.07070631915883,19.08267689134128,0 73.07066994421241,19.08270345304213,0 73.07065507671221,19.08271282866901,0 73.07061625543787,19.0827373087074,0 73.07059190427908,19.08275055711218,0 73.07056970522,19.08276263464839,0 73.07056475475413,19.08276223411648,0 73.07051545422188,19.08275824267099,0 73.07048519050292,19.08276653022025,0 73.07045356642909,19.08276568957175,0 73.0704258786258,19.08276495337284,0 73.0704235199406,19.08278811417872,0 73.07042247461079,19.08279837889366,0 73.07039998325502,19.0828217543501,0 73.07038786719532,19.08283434670579,0 73.07037125690117,19.08283340310157,0 73.07036724034897,19.08283317494821,0 73.07029706179215,19.08282918793079,0 73.07026969702082,19.08282763303777,0 73.07018946665384,19.08282307457806,0 73.0701657528673,19.08282172683451,0 73.07014521338914,19.08282055958075,0 73.07013046515159,19.08281972127581,0 73.07000797652583,19.08281276076375,0 73.06999594491506,19.08281207737223,0 73.06998401033086,19.08283770520097,0 73.06995032882956,19.08291003090212,0 73.06994577833308,19.0829198017994,0 73.06993613164062,19.08294051765854,0 73.06992685492432,19.08294127777164,0 73.0699168810785,19.08294209472023,0 73.0698217904505,19.08294988647978,0 73.06981181945434,19.0829507034524,0 73.06974992013883,19.08295577597178,0 73.06967819932478,19.08296007980753,0 73.06943796927347,19.08297449727285,0 73.06940653092093,19.08308411333798,0 73.06939426421575,19.08308157827613,0 73.06936711841607,19.08307596767268,0 73.06930420573111,19.0830629641389,0 73.0692127849512,19.08305531414932,0 73.06916735043156,19.08307109120359,0 73.06914703111711,19.08308904292724,0 73.06910285663811,19.08308284371847,0 73.06907698010043,19.08305962735219,0 73.06905813140806,19.08303744037969,0 73.06896128400376,19.08306415119482,0 73.06891976114204,19.08308952937747,0 73.06880457298173,19.0831026086899,0 73.06875495557838,19.08310824320213,0 73.0684743005616,19.08314011125131,0 73.06847268886214,19.08314029399763,0 73.06842785211757,19.08307961453634,0 73.06841512114151,19.08306238510422,0 73.06839547695022,19.08303580033445,0 73.06834596192454,19.08296878898751,0 73.06802879740671,19.08309974010939,0 73.06800948783608,19.08310771299831,0 73.06779622000046,19.08305525477394,0 73.06768799441373,19.08302863353774,0 73.06767658131305,19.08302582546896,0 73.06767947887116,19.08294937160883,0 73.06763340512084,19.08293359194485,0 73.06748447623275,19.08292615915202,0 73.06744464468261,19.08292417136822,0 73.06727392978486,19.08291565172411,0 73.06726959194715,19.08291543549034,0 73.06720038560816,19.08289392159429,0 73.06716137770586,19.08288179501998,0 73.0671165538201,19.08287892371305,0 73.06706038582379,19.08287532543652,0 73.06682552049314,19.08286028049563,0 73.06680604523174,19.082859032797,0 73.06678657091045,19.08285778600954,0 73.06670973256803,19.0828426092845,0 73.06667921868245,19.08283658264429,0 73.06662029753461,19.08282484775287,0 73.06608126926189,19.08271749348522,0 73.06604917823908,19.08271186934696,0 73.06604877429558,19.08271179825921,0 73.06567537021171,19.08264634959558,0 73.06541202378912,19.08260019053552,0 73.0654119782709,19.08260018283083,0 73.06437059250811,19.08241764802705,0 73.06413161905361,19.08237575972457,0 73.0641241915917,19.08237445765,0 73.0641048468128,19.08237106648395,0 73.06410278061651,19.08237070511596,0 73.06407196122073,19.08237201639079,0 73.06391203688811,19.08237882040497,0 73.06386733165837,19.08238072197704,0 73.06286831461424,19.08242322100582,0 73.0620502407059,19.08249138485527,0 73.06203286826988,19.08249283178995,0 73.06202141417045,19.08249298955507,0 73.0615292832415,19.08249976971035,0 73.06140327011212,19.08250150545501,0 73.06121173898744,19.08361101757819,0 73.06118976696854,19.08373829797173,0 73.06091932174316,19.08485594024392,0 73.06088444007838,19.08501954391895,0 73.0607789854397,19.08551415486084,0 73.06072444119769,19.08576997781948,0 73.06068044500094,19.08597633048112,0 73.06067892531244,19.08598345908328,0 73.06049393686808,19.08632341902033,0 73.0601087249667,19.08703133061109,0 73.05991065013872,19.0873953337218,0 73.0598816004574,19.08744871840062,0 73.05985133218105,19.08750434229102,0 73.05980827477013,19.08741706334201,0 73.05978231318369,19.08736443717537,0 73.05966181765562,19.08737092967809,0 73.0594549444796,19.08738207598285,0 73.05898083766535,19.08740762084683,0 73.05840415199926,19.08744772127103,0 73.057650703242,19.08738241618767,0 73.05700672695281,19.08730750651709,0 73.05582660468679,19.08717426127543,0 73.05504761103747,19.08708630289931,0 73.05459972278803,19.0870337722502,0 73.05326593419164,19.08689157282349,0 73.05241196809638,19.08687813230752,0 73.05238523116562,19.08687771143983,0 73.05169395476655,19.08686682846644,0 73.05117305712363,19.08685927648362,0 73.05043910949637,19.08685993565126,0 73.05044014319054,19.08685961957891,0 73.05032139801132,19.08678751170173,0 73.04983541808731,19.08681144394077,0 73.04896307815079,19.08685440020359,0 73.04812084902582,19.08599938132586,0 73.04759231343938,19.08572847939989,0 73.04742174016842,19.08516021663713,0 73.04708942674679,19.08423530896845,0 73.04684487518472,19.08354436708927,0 73.04641828546916,19.0825483786375,0 73.04640278002034,19.08251217678104,0 73.04591626267064,19.08137625674367,0 73.04524013403739,19.07772417732286,0 73.0451485561148,19.07685201319848,0 73.04485720915073,19.07565148083408,0 73.04480935407931,19.07330269604077,0 73.04475768292626,19.07192186230018,0 73.0445105766437,19.07080784251929,0 73.04416190575007,19.06935215520813,0 73.04381517391192,19.06773157073171,0 73.04419007370596,19.06630865455505,0 73.04463787229865,19.06445629161689,0 73.04509357678137,19.062571742766,0 73.04545349614664,19.06113790842448,0 73.0463446045194,19.0607063738061,0 73.04675279481515,19.05965665843414,0 73.04715972766013,19.05839181880244,0 73.04659572536322,19.05718601161622,0 73.04576180930698,19.05531393711008,0 73.04567843594666,19.05512676846119,0 73.0463607515937,19.05495476207927,0 73.04720555660145,19.0547417898861,0 73.0510095126656,19.05341554035586,0 73.05339103992955,19.05316514706536,0 73.05446245587504,19.05305248818838,0 73.05652695155841,19.05283538927673,0 73.05652860656367,19.05283521519899,0 73.0567633271561,19.05282236315574,0 73.05689605105519,19.05281509577159,0 73.05751704770758,19.05278109140803,0 73.06033446268498,19.05228606584413,0 73.06126480998508,19.05212259225875,0 73.06211577043028,19.05200246402297,0 73.06249605625236,19.05193487134629,0 73.06342874701868,19.05176909039756,0 73.06373794344888,19.05171413124335,0 73.0639695350993,19.05167296545644,0 73.06414180621007,19.05164650965963,0 73.06449435764728,19.05159236720153,0 73.06449641613028,19.05159205093937,0 73.06454657435962,19.05158434840929,0 73.0645814143747,19.05157899742211,0 73.06478536386651,19.05154767628035,0 73.06486734642209,19.05154464786343,0 73.06500072901687,19.05153972066237,0 73.06512329415443,19.05176564390038,0 73.06961956451826,19.05310341225463,0 73.07074692461546,19.05342592178064,0 73.07583124572712,19.05282172644946,0 73.08211097685273,19.052086408179,0 73.08242595473736,19.05201797732655,0 73.08192290448038,19.04767462370851,0 73.08192872736215,19.04760536981873,0 73.08355945334429,19.04743109873753,0 73.08458848551288,19.0462467040361,0 73.08444748169562,19.04495455678256,0 73.08505896676068,19.04489158741797,0 73.0851138068531,19.04487650085045,0 73.085114616292,19.04483449506873,0 
							</coordinates>
						</LinearRing>
					</outerBoundaryIs>
				</Polygon>
			</MultiGeometry>
		</Placemark>
		<Placemark id="ID_00003">
			<name>4</name>
			<Snippet maxLines="0"></Snippet>
			<description><![CDATA[<html xmlns:fo="http://www.w3.org/1999/XSL/Format" xmlns:msxsl="urn:schemas-microsoft-com:xslt">

<head>

<META http-equiv="Content-Type" content="text/html">

<meta http-equiv="content-type" content="text/html; charset=UTF-8">

</head>

<body style="margin:0px 0px 0px 0px;overflow:auto;background:#FFFFFF;">

<table style="font-family:Arial,Verdana,Times;font-size:12px;text-align:left;width:100%;border-collapse:collapse;padding:3px 3px 3px 3px">

<tr style="text-align:center;font-weight:bold;background:#9CBCE2">

<td>4</td>

</tr>

<tr>

<td>

<table style="font-family:Arial,Verdana,Times;font-size:12px;text-align:left;width:100%;border-spacing:0px; padding:3px 3px 3px 3px">

<tr>

<td>FID</td>

<td>3</td>

</tr>

<tr bgcolor="#D4E4F3">

<td>Id</td>

<td>4</td>

</tr>

</table>

</td>

</tr>

</table>

</body>

</html>]]></description>
			<styleUrl>#PolyStyle001</styleUrl>
			<MultiGeometry>
				<Polygon>
					<outerBoundaryIs>
						<LinearRing>
							<coordinates>
								73.07033583548785,19.03515009354242,0 73.07203890423449,19.03637299367662,0 73.07218266650722,19.03697270654845,0 73.07224280769134,19.03709687612918,0 73.07233995579188,19.03729745158293,0 73.07240013430734,19.03742169739865,0 73.0724239916004,19.03747095373014,0 73.07243286130496,19.03748926709353,0 73.07248547004913,19.03759788523486,0 73.07261543488421,19.03786621458673,0 73.07267458136999,19.03798832958735,0 73.0726821601891,19.0380039769539,0 73.07324587361215,19.03916782168056,0 73.07331504771926,19.03932815914789,0 73.07335348582968,19.03941725576989,0 73.07340146070321,19.03952845414175,0 73.07365027213132,19.0401051691556,0 73.0737314024194,19.04027696410072,0 73.07374135050891,19.04029802934755,0 73.07415436346035,19.04117258659138,0 73.07424234646687,19.04135889018601,0 73.07434950855695,19.04156168139984,0 73.07446293062081,19.04176137068472,0 73.07458251400668,19.04195778265298,0 73.07470815432053,19.0421507454701,0 73.07483974048679,19.04234008994144,0 73.07497715758716,19.04252565044536,0 73.07512028591073,19.04270726492339,0 73.07526900096451,19.0428847739769,0 73.07542317059244,19.0430580235473,0 73.07558266262623,19.04322686047902,0 73.07574733437463,19.04339113783011,0 73.07591704500236,19.04355071229146,0 73.0760916431929,19.04370544315459,0 73.07627097850468,19.04385519604381,0 73.07721984205075,19.04492635313744,0 73.07726965364407,19.04499199895074,0 73.07743830402076,19.04520306269825,0 73.07761238935042,19.04541009792942,0 73.0777918028077,19.04561297794988,0 73.07797643468464,19.04581157874524,0 73.07842945038169,19.0461197204411,0 73.07971772192494,19.04725031820049,0 73.0797243351884,19.04725646211978,0 73.07972985960144,19.04726097136826,0 73.07980738130776,19.04732440081301,0 73.07984480351001,19.04735501575594,0 73.07998797717765,19.04747214379021,0 73.08010848064735,19.04757353239155,0 73.08013897112274,19.04759918617625,0 73.08015674210382,19.04761413830339,0 73.08020898154861,19.047658090987,0 73.08012809497633,19.04773741659594,0 73.08004933457912,19.04781465854577,0 73.08014527161924,19.04790684105247,0 73.08015376827819,19.0479150045956,0 73.08024807055557,19.04800561626776,0 73.08070031423719,19.04838557410501,0 73.08078368486454,19.04845684600994,0 73.08078499142133,19.04845796295886,0 73.08189230239616,19.04940457238536,0 73.08215330608935,19.04966393591291,0 73.08242595473736,19.05201797732655,0 73.08211097685273,19.052086408179,0 73.07660531863252,19.05273109926949,0 73.07583124572712,19.05282172644946,0 73.07074692461546,19.05342592178064,0 73.06961956451826,19.05310341225463,0 73.06512329415443,19.05176564390038,0 73.06500072901687,19.05153972066237,0 73.06468387535963,19.04894748630889,0 73.06455753776886,19.0479138830055,0 73.06992330460317,19.04730083978588,0 73.06964652187227,19.04515399053154,0 73.06954710427564,19.0449485938591,0 73.06942688355841,19.0448577062175,0 73.06926977159985,19.04377332996773,0 73.06960622506165,19.04336813516523,0 73.07038596044983,19.0424477185161,0 73.07046139393444,19.04244492182461,0 73.07106334288852,19.04233648621984,0 73.07102440347923,19.04135612140479,0 73.07010479220006,19.04133216887921,0 73.06925587868059,19.04128026955206,0 73.06905522175671,19.04124470883172,0 73.06878480781437,19.04115583509525,0 73.0684365896972,19.0408402788175,0 73.06803990975725,19.04036885583326,0 73.06735605039881,19.03952036946027,0 73.06615657841813,19.03805460596256,0 73.06545285529158,19.03718678468454,0 73.06607149574656,19.03692876000708,0 73.06619430550303,19.0368775377392,0 73.07033583548785,19.03515009354242,0 
							</coordinates>
						</LinearRing>
					</outerBoundaryIs>
				</Polygon>
			</MultiGeometry>
		</Placemark>
		<Placemark id="ID_00004">
			<name>5</name>
			<Snippet maxLines="0"></Snippet>
			<description><![CDATA[<html xmlns:fo="http://www.w3.org/1999/XSL/Format" xmlns:msxsl="urn:schemas-microsoft-com:xslt">

<head>

<META http-equiv="Content-Type" content="text/html">

<meta http-equiv="content-type" content="text/html; charset=UTF-8">

</head>

<body style="margin:0px 0px 0px 0px;overflow:auto;background:#FFFFFF;">

<table style="font-family:Arial,Verdana,Times;font-size:12px;text-align:left;width:100%;border-collapse:collapse;padding:3px 3px 3px 3px">

<tr style="text-align:center;font-weight:bold;background:#9CBCE2">

<td>5</td>

</tr>

<tr>

<td>

<table style="font-family:Arial,Verdana,Times;font-size:12px;text-align:left;width:100%;border-spacing:0px; padding:3px 3px 3px 3px">

<tr>

<td>FID</td>

<td>4</td>

</tr>

<tr bgcolor="#D4E4F3">

<td>Id</td>

<td>5</td>

</tr>

</table>

</td>

</tr>

</table>

</body>

</html>]]></description>
			<styleUrl>#PolyStyle001</styleUrl>
			<MultiGeometry>
				<Polygon>
					<outerBoundaryIs>
						<LinearRing>
							<coordinates>
								73.04478768043353,19.05364788006285,0 73.0465109120739,19.05082924817485,0 73.04763924017277,19.04884786239628,0 73.04767163992707,19.04879096635098,0 73.05006749720945,19.0445835510851,0 73.0511666175411,19.04462503600658,0 73.05180639103824,19.04364586622351,0 73.05214596253118,19.04248190007209,0 73.05214180187046,19.04248043339033,0 73.05148825175407,19.04224997191805,0 73.05198913560093,19.04010965515501,0 73.0509848189561,19.03679351929449,0 73.05042080975065,19.03472967190376,0 73.05015811688138,19.03371229287329,0 73.04992402575661,19.03277468610568,0 73.04994080818511,19.03214446917325,0 73.04997653850668,19.03123660147113,0 73.0500098943474,19.03026297897391,0 73.05006543759899,19.02846500013192,0 73.05024592628679,19.02726586948398,0 73.04909686758191,19.02613038076345,0 73.04853586586752,19.0255614915704,0 73.04851630594993,19.02554165693982,0 73.04840403114574,19.02466508893678,0 73.04821092045945,19.02241487472172,0 73.04930750125854,19.02223402271184,0 73.04991069667309,19.02222843974632,0 73.05056275311405,19.02234287650169,0 73.05152625608855,19.02268765763725,0 73.05268758099845,19.02330938360812,0 73.05377436708518,19.02385861389416,0 73.05575672264921,19.02519405729268,0 73.07033583548785,19.03515009354242,0 73.06545285529158,19.03718678468455,0 73.06615657841812,19.03805460596256,0 73.06735605039883,19.03952036946029,0 73.06803990975725,19.04036885583327,0 73.06843658969721,19.04084027881752,0 73.06878480781437,19.04115583509525,0 73.06905522175671,19.04124470883174,0 73.06925587868061,19.04128026955206,0 73.07010479220007,19.04133216887921,0 73.07102440347923,19.04135612140479,0 73.07106334288852,19.04233648621985,0 73.07046139393445,19.04244492182461,0 73.07038596044983,19.04244771851612,0 73.06960622506168,19.04336813516523,0 73.06926977159985,19.04377332996773,0 73.06942688355841,19.0448577062175,0 73.06954710427566,19.04494859385913,0 73.06964652187229,19.04515399053156,0 73.06992330460317,19.04730083978588,0 73.06455753776888,19.04791388300551,0 73.06500072901687,19.05153972066237,0 73.06486734642209,19.05154464786342,0 73.06478536386651,19.05154767628034,0 73.06458141437471,19.05157899742211,0 73.06454657435965,19.05158434840931,0 73.0644964161303,19.05159205093937,0 73.06449435764729,19.05159236720153,0 73.06414180621007,19.05164650965965,0 73.06396953509932,19.05167296545644,0 73.06373794344888,19.05171413124337,0 73.06342874701866,19.05176909039757,0 73.06249605625237,19.0519348713463,0 73.06211577043028,19.05200246402297,0 73.06202478705987,19.05201530814604,0 73.06126480998508,19.05212259225877,0 73.06033446268498,19.05228606584413,0 73.05751704770758,19.05278109140803,0 73.0568960510552,19.05281509577161,0 73.05676332715612,19.05282236315574,0 73.05652860656367,19.05283521519899,0 73.05652695155841,19.05283538927675,0 73.05446245587507,19.05305248818839,0 73.05339103992956,19.05316514706537,0 73.0510095126656,19.05341554035589,0 73.04720555660145,19.0547417898861,0 73.0463607515937,19.05495476207928,0 73.04631846443259,19.05496542242414,0 73.04567843594666,19.05512676846119,0 73.04566559105957,19.05510544258568,0 73.04478768043353,19.05364788006285,0 
							</coordinates>
						</LinearRing>
					</outerBoundaryIs>
				</Polygon>
			</MultiGeometry>
		</Placemark>
		<Placemark id="ID_00005">
			<name>6</name>
			<Snippet maxLines="0"></Snippet>
			<description><![CDATA[<html xmlns:fo="http://www.w3.org/1999/XSL/Format" xmlns:msxsl="urn:schemas-microsoft-com:xslt">

<head>

<META http-equiv="Content-Type" content="text/html">

<meta http-equiv="content-type" content="text/html; charset=UTF-8">

</head>

<body style="margin:0px 0px 0px 0px;overflow:auto;background:#FFFFFF;">

<table style="font-family:Arial,Verdana,Times;font-size:12px;text-align:left;width:100%;border-collapse:collapse;padding:3px 3px 3px 3px">

<tr style="text-align:center;font-weight:bold;background:#9CBCE2">

<td>6</td>

</tr>

<tr>

<td>

<table style="font-family:Arial,Verdana,Times;font-size:12px;text-align:left;width:100%;border-spacing:0px; padding:3px 3px 3px 3px">

<tr>

<td>FID</td>

<td>5</td>

</tr>

<tr bgcolor="#D4E4F3">

<td>Id</td>

<td>6</td>

</tr>

</table>

</td>

</tr>

</table>

</body>

</html>]]></description>
			<styleUrl>#PolyStyle001</styleUrl>
			<MultiGeometry>
				<Polygon>
					<outerBoundaryIs>
						<LinearRing>
							<coordinates>
								73.05615455338659,19.01922191007611,0 73.05618774064125,19.01920382403927,0 73.05628672301046,19.01924152518225,0 73.05633065278373,19.0192715209091,0 73.05756839421356,19.02011665589204,0 73.0593598218254,19.02112140984146,0 73.06130058035608,19.02225319659885,0 73.06218616480375,19.0228181932288,0 73.06264697029798,19.02308481475138,0 73.06278329908039,19.02316369386944,0 73.06340624527166,19.02352412576911,0 73.06344120289056,19.02352967365523,0 73.06378316679286,19.02358394334244,0 73.06397065061314,19.02361369662183,0 73.06404684734869,19.02362648563062,0 73.06443592347709,19.02369178900132,0 73.06499588048764,19.02378577180476,0 73.06601786764989,19.02396677062364,0 73.06690463496167,19.02412332248828,0 73.0669197490996,19.02412599107088,0 73.06731038046975,19.02419495262158,0 73.06874152655547,19.02444759757207,0 73.06886000941353,19.02447020213656,0 73.06966932827912,19.02462460382571,0 73.07017630890363,19.02511749080085,0 73.07062289501489,19.02554316834902,0 73.07063303408056,19.02555283268851,0 73.07072381677524,19.02563936472148,0 73.07112398533997,19.02602079497717,0 73.07131055106612,19.02619862360739,0 73.07160226383351,19.0264766739086,0 73.07160475062801,19.02647904417165,0 73.07195612108644,19.0268139567391,0 73.07204271007045,19.02689808248971,0 73.07235220830276,19.02719877493779,0 73.07246069724992,19.02730417711241,0 73.07247450219299,19.02731758906419,0 73.07258185069085,19.02742188285684,0 73.07261305683612,19.02745220095089,0 73.07370857336393,19.02851653205111,0 73.07392261776063,19.02872448115973,0 73.07449848474532,19.02918461313193,0 73.07505348568625,19.02964697035581,0 73.07569334444857,19.03018001523988,0 73.07589794219422,19.0303608389865,0 73.07592097473827,19.03038119499422,0 73.07605097435525,19.03049608841235,0 73.07630909296783,19.03072421270895,0 73.07635033305181,19.03076157420532,0 73.07640167802164,19.03080809013633,0 73.07669663564251,19.03107530583894,0 73.07703972635443,19.03138612569963,0 73.07796278007989,19.03225320060442,0 73.07928121879111,19.03316023698262,0 73.07953048651075,19.03333910353245,0 73.08047191343368,19.03397630723012,0 73.08078099341959,19.03419941380489,0 73.08168332777106,19.03484935144471,0 73.08207951512625,19.03538921268039,0 73.08209002841639,19.03540353856747,0 73.08262365997058,19.03613068042948,0 73.08267543963197,19.03642310857699,0 73.08267619342216,19.03642736582867,0 73.08274991973272,19.03684374297863,0 73.08276527483872,19.03693046276166,0 73.08276200312369,19.03697979311531,0 73.08270039658896,19.03790846285414,0 73.08269840932962,19.03793841402488,0 73.08272510559321,19.03804489613203,0 73.08273340215791,19.0380779866872,0 73.08275128053184,19.038149296893,0 73.08271656203105,19.03817478250472,0 73.08266262336495,19.03821437689149,0 73.08243372132625,19.03838240739894,0 73.08245247253825,19.03841563732348,0 73.08246475245598,19.03844430935144,0 73.08245278813166,19.03841619707335,0 73.082729166698,19.03890598589388,0 73.08287289711424,19.03924807553977,0 73.08298231407275,19.0395688950311,0 73.08310163560286,19.03984798976684,0 73.08316264451635,19.03996415714866,0 73.08334144482983,19.04030460881049,0 73.08351147364789,19.04054538966285,0 73.08361628968716,19.04071976376545,0 73.08379440710299,19.0410771487946,0 73.08400338915183,19.04148265646409,0 73.08403283434546,19.04154083790712,0 73.0841831880947,19.04183792673176,0 73.08429523454689,19.04205932251775,0 73.08453405667539,19.0426025736392,0 73.08461471961392,19.04281405351054,0 73.0847731761974,19.04322948368025,0 73.08500079390483,19.04392797782461,0 73.08502607274391,19.04411485818246,0 73.08503288847584,19.0441652451971,0 73.08508242310307,19.04453145272769,0 73.08508243100916,19.04453150881832,0 73.08511461629203,19.04483449506873,0 73.0851138068531,19.04487650085045,0 73.0850589667607,19.04489158741799,0 73.08444748169565,19.04495455678258,0 73.08458848551288,19.04624670403611,0 73.08355945334428,19.04743109873753,0 73.0822198413272,19.04757426038654,0 73.08192872736215,19.04760536981873,0 73.08192290448039,19.04767462370852,0 73.08215330608935,19.04966393591291,0 73.0820743118995,19.04958543824516,0 73.08189230239616,19.04940457238539,0 73.08177982064011,19.0493084156058,0 73.08148812113426,19.04905905095091,0 73.08134159088169,19.04893378645413,0 73.08078499142134,19.04845796295888,0 73.08078368486454,19.04845684600996,0 73.08070031423721,19.04838557410503,0 73.08024807055558,19.04800561626778,0 73.08015376827819,19.04791500459562,0 73.08014527161926,19.0479068410525,0 73.08004933457913,19.04781465854579,0 73.08012809497633,19.04773741659596,0 73.08020898154862,19.04765809098701,0 73.08015674210384,19.04761413830339,0 73.08013897112274,19.04759918617625,0 73.08010848064735,19.04757353239155,0 73.07998797717765,19.04747214379024,0 73.07995378806797,19.04744417426293,0 73.07984480351001,19.04735501575596,0 73.07980738130776,19.04732440081301,0 73.07972985960146,19.04726097136829,0 73.0797243351884,19.04725646211978,0 73.07971772192494,19.04725031820049,0 73.07941876058891,19.04698794931258,0 73.07872189663404,19.04637637571174,0 73.07842945038169,19.04611972044112,0 73.07797643468464,19.04581157874527,0 73.07779180280771,19.0456129779499,0 73.07761238935042,19.04541009792942,0 73.07743830402076,19.04520306269825,0 73.07726965364407,19.04499199895076,0 73.07721984205075,19.04492635313744,0 73.07715599280475,19.04485427527862,0 73.0762709785047,19.04385519604381,0 73.07609164319291,19.04370544315459,0 73.07591704500236,19.04355071229144,0 73.07574733437463,19.04339113783011,0 73.07558266262623,19.04322686047902,0 73.07542317059247,19.0430580235473,0 73.07526900096451,19.04288477397691,0 73.07512028591074,19.04270726492339,0 73.07497715758717,19.04252565044536,0 73.07483974048679,19.04234008994144,0 73.07470815432055,19.04215074547012,0 73.07458251400668,19.04195778265298,0 73.07446293062081,19.04176137068472,0 73.07434950855695,19.04156168139984,0 73.07424234646689,19.04135889018603,0 73.07415436346035,19.04117258659141,0 73.07374135050893,19.04029802934755,0 73.0737314024194,19.04027696410075,0 73.07365027213133,19.0401051691556,0 73.07340146070322,19.03952845414175,0 73.0733534858297,19.03941725576991,0 73.07331504771926,19.03932815914791,0 73.07324587361215,19.03916782168058,0 73.0726821601891,19.03800397695391,0 73.07267458136999,19.03798832958735,0 73.07261543488423,19.03786621458677,0 73.07248547004913,19.03759788523488,0 73.07243286130497,19.03748926709357,0 73.07242399160042,19.03747095373017,0 73.07240013430734,19.03742169739868,0 73.07233995579189,19.03729745158293,0 73.07224280769134,19.03709687612919,0 73.07218266650722,19.03697270654846,0 73.07203890423449,19.0363729936766,0 73.07033583548785,19.03515009354242,0 73.06615520167585,19.03229537846684,0 73.06610730772944,19.03226267337373,0 73.05575672264921,19.02519405729268,0 73.05377436708518,19.02385861389416,0 73.05268758099845,19.02330938360812,0 73.05152625608855,19.02268765763725,0 73.05056275311405,19.02234287650169,0 73.04991069667309,19.02222843974632,0 73.04930750125854,19.02223402271184,0 73.04821092045945,19.02241487472172,0 73.04808937064591,19.02099850713336,0 73.04792239467757,19.01910376795346,0 73.0480739894618,19.01849588842557,0 73.04855236400746,19.01892694415109,0 73.04862419986681,19.01899167448888,0 73.04862223313334,19.01894316002275,0 73.04858517618175,19.01802923854222,0 73.04863514038342,19.01807229684163,0 73.05188782915332,19.02087530885476,0 73.05191365687794,19.02089756538221,0 73.05236537868525,19.02128682619578,0 73.05615286169441,19.01922283199622,0 73.05615455338659,19.01922191007611,0 
							</coordinates>
						</LinearRing>
					</outerBoundaryIs>
				</Polygon>
			</MultiGeometry>
		</Placemark>
		<Placemark id="ID_00006">
			<name>7</name>
			<Snippet maxLines="0"></Snippet>
			<description><![CDATA[<html xmlns:fo="http://www.w3.org/1999/XSL/Format" xmlns:msxsl="urn:schemas-microsoft-com:xslt">

<head>

<META http-equiv="Content-Type" content="text/html">

<meta http-equiv="content-type" content="text/html; charset=UTF-8">

</head>

<body style="margin:0px 0px 0px 0px;overflow:auto;background:#FFFFFF;">

<table style="font-family:Arial,Verdana,Times;font-size:12px;text-align:left;width:100%;border-collapse:collapse;padding:3px 3px 3px 3px">

<tr style="text-align:center;font-weight:bold;background:#9CBCE2">

<td>7</td>

</tr>

<tr>

<td>

<table style="font-family:Arial,Verdana,Times;font-size:12px;text-align:left;width:100%;border-spacing:0px; padding:3px 3px 3px 3px">

<tr>

<td>FID</td>

<td>6</td>

</tr>

<tr bgcolor="#D4E4F3">

<td>Id</td>

<td>7</td>

</tr>

</table>

</td>

</tr>

</table>

</body>

</html>]]></description>
			<styleUrl>#PolyStyle001</styleUrl>
			<MultiGeometry>
				<Polygon>
					<outerBoundaryIs>
						<LinearRing>
							<coordinates>
								73.10481476812075,19.03675973067485,0 73.1047982195693,19.03698689467803,0 73.10479687946984,19.03699582973739,0 73.10476558946178,19.03720454368933,0 73.10475445819675,19.0372674089921,0 73.1047204734929,19.03745935214553,0 73.10471978719369,19.03751981870227,0 73.10471943187376,19.03755112415939,0 73.10471132591955,19.03760998423838,0 73.10467142537729,19.0378997218147,0 73.10467012816311,19.03790914513302,0 73.10464976954313,19.03801365965941,0 73.10457867409829,19.03837863144882,0 73.10454591632349,19.03854679407657,0 73.10454522439112,19.03855034264876,0 73.10447784856953,19.03899177065068,0 73.10447354036236,19.03901999385848,0 73.10445214947963,19.03916093437388,0 73.10444746146609,19.03919181953366,0 73.10439827264084,19.03954110405441,0 73.10439825403655,19.03954123665918,0 73.10437090013491,19.03982827169546,0 73.10435503025998,19.03999479275665,0 73.10435374269512,19.0400082985086,0 73.10433008037961,19.04049852006144,0 73.10432828946176,19.0405145247925,0 73.10428359952253,19.04091401153775,0 73.10426640644857,19.04106770101771,0 73.10426630174842,19.04106863945002,0 73.10422421091118,19.04141312298583,0 73.10418317117951,19.04174901175556,0 73.10417891500994,19.04178384725746,0 73.10417005608991,19.04185634858038,0 73.10416999534756,19.0418568457148,0 73.10416668384005,19.04188394811176,0 73.10416263189656,19.04191711085714,0 73.10415324821088,19.04199391135767,0 73.10414926234837,19.04201924705825,0 73.10410454160387,19.04230357050359,0 73.10400418397531,19.04294160703379,0 73.10400370990261,19.0429446221381,0 73.10398591411854,19.04300662750047,0 73.10398298738264,19.04301682541982,0 73.10393148123204,19.04319628335682,0 73.10392681783075,19.04323626749358,0 73.10391651655027,19.04332458285272,0 73.10391535777092,19.04333452069173,0 73.10390504071749,19.04342296868212,0 73.10390474922146,19.04342546531884,0 73.1038834696509,19.04354151344713,0 73.10387902697266,19.04356574322891,0 73.10384000188259,19.04373023848691,0 73.10383151023149,19.04376603048832,0 73.10382957707147,19.04377773820724,0 73.10382949442909,19.0437782396332,0 73.10381763232193,19.04385007498404,0 73.1038173875211,19.04385155490299,0 73.10381727427982,19.04385224120589,0 73.10381643267372,19.04385733751638,0 73.10381307847778,19.04387764971063,0 73.1037810819891,19.04407141051841,0 73.10376673174811,19.04415831022774,0 73.10374488501076,19.04430001277521,0 73.10371470064408,19.04449579765405,0 73.10371463499995,19.04449622427467,0 73.1036766719608,19.04465623858766,0 73.1036623824395,19.0447164688596,0 73.10365716127097,19.04473847556201,0 73.10363065928638,19.04485017985118,0 73.10362433558875,19.04487683481684,0 73.10361838503087,19.04490191813506,0 73.10361358190974,19.04492216213453,0 73.1035723242157,19.04509606011436,0 73.10355344583941,19.04517563388706,0 73.10355307467763,19.04517719832712,0 73.10349066800141,19.04534371794101,0 73.10348775547128,19.04535148772708,0 73.10347430630868,19.04538614470829,0 73.10344787183645,19.04545426285129,0 73.10344559752694,19.04546012314259,0 73.10333214491233,19.0457524736651,0 73.10331787265534,19.04578925141763,0 73.10331385833213,19.04579959623036,0 73.10325161383577,19.04595999071677,0 73.10318088160361,19.04607972842,0 73.10314606277336,19.04613344098443,0 73.10309409941637,19.04621360150336,0 73.10297977906879,19.04638995619406,0 73.10297717610267,19.04639397202742,0 73.10295370206825,19.04643018359852,0 73.10286111042926,19.0465677331708,0 73.10280415726038,19.04661925329434,0 73.10275786346254,19.04677993255839,0 73.10238903900496,19.04691941180478,0 73.10166064398965,19.04690782380546,0 73.10143384074514,19.04689478903978,0 73.10108530907367,19.046886934802,0 73.10070197943361,19.04687829562455,0 73.10055972855014,19.04695451249276,0 73.10026582409709,19.04682899040645,0 73.0998985656298,19.04652345060197,0 73.09943416162953,19.04619599589501,0 73.09894785889722,19.04641207825666,0 73.09799564096858,19.04669378768063,0 73.09773070439378,19.04643273324724,0 73.09772662402946,19.04642871275212,0 73.09765741805583,19.04636052045129,0 73.09754347424796,19.04629992142158,0 73.09728641416835,19.04616320659734,0 73.09714952692261,19.04609040426049,0 73.0970281532378,19.0460471028363,0 73.09701739871386,19.04604326645608,0 73.09627688132156,19.0457790766156,0 73.09574459513094,19.04560075758633,0 73.09502475153857,19.04476048506813,0 73.09501119949502,19.04474466543288,0 73.0948020439989,19.04450051683592,0 73.09433336378108,19.04394354983976,0 73.09425896287665,19.04386272520268,0 73.09417076132924,19.0437669075793,0 73.093826908547,19.04339336270939,0 73.09374780919148,19.0433022223502,0 73.0934556231569,19.04296555682706,0 73.09312361304833,19.04258300284226,0 73.09269008876036,19.04208571610605,0 73.09242028329641,19.04177622586491,0 73.09222669611025,19.04174413142606,0 73.09170532291478,19.04165769417303,0 73.09157006627532,19.04161685851536,0 73.09155678355589,19.0416093560428,0 73.09062610562995,19.04108365128037,0 73.08956773608091,19.04046541246574,0 73.08943893245488,19.04039017237718,0 73.0884053783215,19.03978073740341,0 73.08823477832637,19.03968871826203,0 73.08762602700043,19.03936036351803,0 73.086644521195,19.03881599335367,0 73.0859890811801,19.038439920062,0 73.08416754095913,19.03894096772595,0 73.0832910731956,19.03822438375305,0 73.0831914118004,19.03837573487031,0 73.08317852473131,19.03839530705898,0 73.08317778059579,19.03839459290252,0 73.0828230581146,19.03805422694707,0 73.08279071834693,19.0380231966312,0 73.08274437441541,19.03806749784518,0 73.08273340215791,19.03807798668717,0 73.08272510559321,19.03804489613203,0 73.08269840932961,19.03793841402484,0 73.08270039658896,19.03790846285415,0 73.08276200312369,19.03697979311531,0 73.08276527483872,19.03693046276165,0 73.08274991973271,19.0368437429786,0 73.08267619342216,19.03642736582867,0 73.08267543963196,19.03642310857698,0 73.08266741736016,19.0363778024579,0 73.08262365997058,19.03613068042947,0 73.08209002841639,19.03540353856744,0 73.08207951512624,19.03538921268037,0 73.08168332777105,19.03484935144469,0 73.08078099341959,19.03419941380489,0 73.08047191343368,19.0339763072301,0 73.07953048651075,19.03333910353245,0 73.07928121879108,19.03316023698262,0 73.07796278007987,19.03225320060442,0 73.07703972635443,19.03138612569963,0 73.07669663565923,19.03107530582223,0 73.07640167803534,19.03080809012262,0 73.07635033305411,19.03076157420307,0 73.07630909296783,19.03072421270892,0 73.07605097434859,19.03049608841919,0 73.07592097473825,19.03038119499422,0 73.07589794219422,19.0303608389865,0 73.07569334444855,19.03018001523988,0 73.07505348569586,19.02964697034538,0 73.07449848474531,19.02918461313192,0 73.07392261776062,19.02872448115971,0 73.07370857336392,19.02851653205109,0 73.07261305683556,19.0274522009514,0 73.0725818506904,19.02742188285728,0 73.07247450218843,19.02731758906843,0 73.07246069725856,19.02730417710435,0 73.07235220829314,19.02719877494673,0 73.07204271007517,19.02689808248529,0 73.07195612108644,19.02681395673908,0 73.0716047506118,19.02647904418706,0 73.07160226382243,19.02647667391913,0 73.07131055107295,19.02619862360093,0 73.07112398535118,19.02602079496656,0 73.07072381676545,19.0256393647307,0 73.0706330340706,19.02555283269802,0 73.07062289500448,19.02554316835885,0 73.07017630890363,19.02511749080083,0 73.0696693282791,19.02462460382571,0 73.06886000941724,19.02447020211897,0 73.06874152655546,19.02444759757206,0 73.06731038047188,19.02419495261077,0 73.0669197490996,19.02412599107086,0 73.06690463496166,19.02412332248827,0 73.06601786764989,19.02396677062366,0 73.06499588048763,19.02378577180473,0 73.06443592347611,19.02369178900644,0 73.06404684734537,19.02362648564874,0 73.06397065061314,19.02361369662181,0 73.06378316679644,19.02358394332208,0 73.06344120289299,19.02352967364131,0 73.06340624527165,19.02352412576911,0 73.0627832990815,19.02316369386769,0 73.06264697031145,19.02308481473031,0 73.06218616480373,19.02281819322879,0 73.06130058035608,19.02225319659885,0 73.05935982182538,19.02112140984146,0 73.05859793119318,19.02069409342338,0 73.05756839421356,19.02011665589202,0 73.05628672301046,19.01924152518225,0 73.05618774064123,19.01920382403927,0 73.06079017519164,19.01783883187891,0 73.06337222363831,19.01802219696495,0 73.06540722748198,19.01806741366099,0 73.06909462858354,19.01744313812921,0 73.0700421799048,19.01711201787816,0 73.0710827275295,19.0171851442833,0 73.07141184772804,19.0172082725873,0 73.07453417444209,19.0174276589384,0 73.0762880325581,19.0185087518277,0 73.07688175854864,19.01887472319471,0 73.07729361573871,19.01921028238472,0 73.07736381637588,19.01926747789108,0 73.077872566476,19.0196819768131,0 73.07806093382476,19.01983544634404,0 73.07826740770452,19.02000366818895,0 73.0786504480441,19.0203157419063,0 73.07897154807043,19.02096726937552,0 73.07908716287332,19.02120185632623,0 73.07922344750129,19.02147838177067,0 73.07928395989003,19.02160116369799,0 73.0798778823542,19.02280623830256,0 73.07992353718602,19.02289887126931,0 73.08049339660947,19.02373141075424,0 73.0811573730527,19.02470143925771,0 73.08151109875647,19.02516714750212,0 73.08165889515969,19.02536173241276,0 73.08196544314568,19.02576532384443,0 73.08291563076415,19.02706013616039,0 73.08405612266455,19.02728237557729,0 73.08440812635388,19.02735096647763,0 73.08447207811378,19.02735748473967,0 73.08691434341702,19.02760639502743,0 73.08708670517089,19.02761238525676,0 73.08713627176917,19.0276141081696,0 73.0874304094566,19.02762432941003,0 73.08774720776694,19.02763533757982,0 73.08822994401886,19.02765211074899,0 73.08879545636522,19.02767175906071,0 73.08906265904386,19.02768072426514,0 73.08928761880379,19.02768827197042,0 73.09017574440711,19.02771806613721,0 73.09045229046683,19.02772734184841,0 73.09071382507283,19.02773611418677,0 73.09077306692183,19.02773810145115,0 73.09102544239683,19.02767734940934,0 73.09166596162832,19.02752316065251,0 73.09246896430379,19.0283345040588,0 73.09317940472944,19.02924182999254,0 73.09348305228798,19.02898254210255,0 73.09399056832675,19.03030008582001,0 73.09405703921182,19.03047264700124,0 73.09428045458625,19.0310526401607,0 73.09428350655466,19.03106056313814,0 73.09442766245286,19.03143479423745,0 73.09659276041016,19.03143344230305,0 73.09923876740707,19.03147144953907,0 73.09927814847147,19.02999831194597,0 73.10169952875194,19.03000767843753,0 73.1024247597573,19.0333336543605,0 73.10244397039065,19.03385491052481,0 73.10257003182838,19.0338565449062,0 73.10295559336788,19.03386780809691,0 73.10314747864895,19.03387341343245,0 73.10340089909744,19.03388081602223,0 73.10362385019906,19.03388732806649,0 73.10382544801909,19.0338932167766,0 73.10397139923987,19.03389747969394,0 73.10417005340938,19.03390328179635,0 73.10437855481878,19.03390937086467,0 73.10491864496177,19.03392514310061,0 73.10495032504848,19.0339260680475,0 73.10500156090902,19.03392756405101,0 73.10505445668113,19.03392910907209,0 73.10505232975783,19.03395330992423,0 73.10504750780039,19.03400817110022,0 73.10503787472156,19.03411777431609,0 73.10503556458691,19.03414406046043,0 73.10503047078711,19.03420555656863,0 73.10502503742133,19.034271152088,0 73.10501087431479,19.0344421389621,0 73.10499361009343,19.03465057150564,0 73.10497266072372,19.03490349169098,0 73.10488817436095,19.03601998634171,0 73.10488409764648,19.03607386594882,0 73.10488396019691,19.03607568212515,0 73.10485816523683,19.03634563619491,0 73.10484303199941,19.03650401564717,0 73.10484289079426,19.03650549301985,0 73.10483037261992,19.03654551947437,0 73.10482210683459,19.0366589850339,0 73.10481476812075,19.03675973067485,0 
							</coordinates>
						</LinearRing>
					</outerBoundaryIs>
				</Polygon>
			</MultiGeometry>
		</Placemark>
		<Placemark id="ID_00007">
			<name>8</name>
			<Snippet maxLines="0"></Snippet>
			<description><![CDATA[<html xmlns:fo="http://www.w3.org/1999/XSL/Format" xmlns:msxsl="urn:schemas-microsoft-com:xslt">

<head>

<META http-equiv="Content-Type" content="text/html">

<meta http-equiv="content-type" content="text/html; charset=UTF-8">

</head>

<body style="margin:0px 0px 0px 0px;overflow:auto;background:#FFFFFF;">

<table style="font-family:Arial,Verdana,Times;font-size:12px;text-align:left;width:100%;border-collapse:collapse;padding:3px 3px 3px 3px">

<tr style="text-align:center;font-weight:bold;background:#9CBCE2">

<td>8</td>

</tr>

<tr>

<td>

<table style="font-family:Arial,Verdana,Times;font-size:12px;text-align:left;width:100%;border-spacing:0px; padding:3px 3px 3px 3px">

<tr>

<td>FID</td>

<td>7</td>

</tr>

<tr bgcolor="#D4E4F3">

<td>Id</td>

<td>8</td>

</tr>

</table>

</td>

</tr>

</table>

</body>

</html>]]></description>
			<styleUrl>#PolyStyle001</styleUrl>
			<MultiGeometry>
				<Polygon>
					<outerBoundaryIs>
						<LinearRing>
							<coordinates>
								73.10505232975783,19.03395330992423,0 73.10437855481878,19.03390937086467,0 73.10417005340938,19.03390328179635,0 73.10397139923987,19.03389747969394,0 73.10382544801909,19.0338932167766,0 73.10362385019906,19.03388732806649,0 73.10340089909744,19.03388081602223,0 73.10314747864895,19.03387341343245,0 73.10295559336788,19.03386780809691,0 73.10257003182838,19.0338565449062,0 73.10244397039065,19.03385491052481,0 73.1024247597573,19.0333336543605,0 73.10169952875194,19.03000767843753,0 73.09927814847147,19.02999831194597,0 73.09923876740707,19.03147144953907,0 73.09659276041016,19.03143344230305,0 73.09563840780514,19.03143404135205,0 73.09563124471494,19.03143404582971,0 73.09442766245286,19.03143479423745,0 73.09428350655466,19.03106056313814,0 73.09428045458625,19.0310526401607,0 73.09405703921182,19.03047264700124,0 73.09399056832675,19.03030008582001,0 73.09368103032548,19.02949650791227,0 73.09348305228798,19.02898254210255,0 73.09317940472944,19.02924182999254,0 73.09263289275522,19.02854386330954,0 73.09246896430379,19.0283345040588,0 73.09212827859619,19.02799028098267,0 73.09214865487702,19.02797448315656,0 73.09582312668329,19.02549799229384,0 73.09648466522732,19.02632941974973,0 73.09650218289374,19.02810071828562,0 73.10325484596677,19.0282359124236,0 73.10471895148353,19.0282210637921,0 73.10551044894963,19.02823515890767,0 73.10505232975783,19.03395330992423,0 
							</coordinates>
						</LinearRing>
					</outerBoundaryIs>
				</Polygon>
			</MultiGeometry>
		</Placemark>
		<Placemark id="ID_00008">
			<name>9</name>
			<Snippet maxLines="0"></Snippet>
			<description><![CDATA[<html xmlns:fo="http://www.w3.org/1999/XSL/Format" xmlns:msxsl="urn:schemas-microsoft-com:xslt">

<head>

<META http-equiv="Content-Type" content="text/html">

<meta http-equiv="content-type" content="text/html; charset=UTF-8">

</head>

<body style="margin:0px 0px 0px 0px;overflow:auto;background:#FFFFFF;">

<table style="font-family:Arial,Verdana,Times;font-size:12px;text-align:left;width:100%;border-collapse:collapse;padding:3px 3px 3px 3px">

<tr style="text-align:center;font-weight:bold;background:#9CBCE2">

<td>9</td>

</tr>

<tr>

<td>

<table style="font-family:Arial,Verdana,Times;font-size:12px;text-align:left;width:100%;border-spacing:0px; padding:3px 3px 3px 3px">

<tr>

<td>FID</td>

<td>8</td>

</tr>

<tr bgcolor="#D4E4F3">

<td>Id</td>

<td>9</td>

</tr>

</table>

</td>

</tr>

</table>

</body>

</html>]]></description>
			<styleUrl>#PolyStyle001</styleUrl>
			<MultiGeometry>
				<Polygon>
					<outerBoundaryIs>
						<LinearRing>
							<coordinates>
								73.1213551068839,19.00849968095701,0 73.12132457442786,19.00853147058201,0 73.1212945104464,19.00856277261815,0 73.12126731600118,19.00859108741538,0 73.12125536613787,19.00871765994095,0 73.12125581512561,19.00871928878527,0 73.12131138338951,19.00892091840123,0 73.12137169982989,19.00909936306806,0 73.12151922884574,19.00956742940832,0 73.12157381617169,19.00973714809474,0 73.12157439383014,19.00973894410397,0 73.12162412462895,19.00989356298114,0 73.1217188281401,19.01005323507465,0 73.12171898436459,19.01006824726523,0 73.12172156427843,19.01031634668968,0 73.12172366056701,19.01051793984634,0 73.12190994255744,19.01093668388986,0 73.12216420540523,19.01138862571957,0 73.1223537141712,19.01173958076961,0 73.12235523916469,19.01174240397319,0 73.12249917602153,19.01206520009782,0 73.1225042752535,19.01207663451229,0 73.12269081399592,19.01254472245036,0 73.12269784935826,19.0125623782469,0 73.12277036509606,19.01254972929969,0 73.12282129898274,19.01266880109629,0 73.12283016055706,19.01268817108469,0 73.12299005227942,19.01303765047166,0 73.12318134693892,19.01336848481597,0 73.1233688788416,19.01367633488098,0 73.1236150224577,19.01413584171305,0 73.1236647851226,19.01471764488221,0 73.12357571434771,19.01477219296302,0 73.12335460868243,19.01494777894573,0 73.12306665137052,19.01516857846997,0 73.12297369182642,19.01523617761154,0 73.12289030570439,19.0152968149764,0 73.12265658564999,19.01547185813871,0 73.12264092658282,19.01548358578188,0 73.12263472847872,19.01549210134124,0 73.12234205080576,19.01589421284086,0 73.12236040745505,19.01607310550636,0 73.12236803711939,19.01614745639688,0 73.12237726604644,19.01614401974173,0 73.12239677783418,19.01619680204542,0 73.12240992180259,19.01636903079782,0 73.12243408366949,19.0164553234259,0 73.12248893439906,19.01649412355096,0 73.12246141382306,19.01674732759112,0 73.1224609085011,19.01675198119933,0 73.12244989060264,19.01683791641717,0 73.12240770060041,19.01701436278212,0 73.12244465126186,19.01730443116815,0 73.12247159235466,19.01741178547813,0 73.12250999255329,19.01757279785831,0 73.12253568736112,19.01779104501669,0 73.12255445853538,19.01790979017358,0 73.12253777589167,19.01796316053157,0 73.12244838085239,19.0180463878823,0 73.12244234217415,19.0182260697494,0 73.12237754204423,19.01826747914693,0 73.12242907828397,19.0183330164735,0 73.12243202469313,19.01842865404207,0 73.1224390780725,19.01851668530594,0 73.12242979132682,19.01862749645065,0 73.1224364152109,19.01875376622051,0 73.12240176012348,19.01897522509919,0 73.12240136210953,19.01901065982679,0 73.12240120176331,19.0190249352463,0 73.12242852954626,19.01909787554269,0 73.12245598526144,19.01915934328155,0 73.12247209351381,19.01951516933821,0 73.12248070437577,19.01956466188607,0 73.1224834247667,19.01958029816041,0 73.12249458422744,19.01966072220337,0 73.12249675750128,19.01982519051574,0 73.12255642044445,19.01988316147426,0 73.12252720364023,19.01997847224139,0 73.12265414149218,19.02013273524046,0 73.12260092963962,19.02021633018017,0 73.12263569672838,19.02034288587943,0 73.12274291960831,19.02046252967793,0 73.12280471341676,19.02068879248104,0 73.12281967851092,19.02078837706267,0 73.12281515020091,19.02085336914113,0 73.12281488529634,19.02085716607451,0 73.12284791955618,19.02090216036807,0 73.12285448973888,19.0209111091677,0 73.12293515689824,19.02088898185564,0 73.12298720939077,19.02090863252391,0 73.12305102188452,19.02095517255942,0 73.12306213870312,19.02103942107162,0 73.12312359051911,19.02129627517102,0 73.12328329449095,19.02139732992086,0 73.12330600165417,19.02152376304242,0 73.12339320771125,19.02163555429303,0 73.12345910973866,19.02185420974001,0 73.12349050149926,19.02192336628434,0 73.1234693251713,19.02201875975947,0 73.12348274202186,19.02203319475812,0 73.12358056892695,19.02213844401613,0 73.12393937066997,19.02241361450422,0 73.1240858566423,19.02261779105377,0 73.12423230004499,19.02282579109557,0 73.12429021286884,19.02290544759756,0 73.12438016042563,19.02295225257956,0 73.12451835570528,19.02299954729591,0 73.1246824266361,19.02307005047761,0 73.12487562815464,19.02305288952209,0 73.12507678529074,19.02304345803737,0 73.12520942095176,19.02304862891404,0 73.12548154429511,19.02280663291497,0 73.12581922924308,19.02281388271525,0 73.12599138497063,19.02288064275319,0 73.12609873957452,19.02298881324724,0 73.12629869628627,19.02308644896715,0 73.12674249415306,19.02331276055369,0 73.12787159232511,19.02338539416722,0 73.12796359473361,19.02342839429332,0 73.12844914329158,19.02351744932035,0 73.12856159174929,19.02353006137396,0 73.12906831455777,19.02352372052516,0 73.1292247320542,19.02355972339816,0 73.12975852998588,19.02364926271673,0 73.12989878017689,19.02369275033245,0 73.12992303208304,19.02368152283062,0 73.13074774586893,19.0238256331753,0 73.13158767856703,19.02395746417325,0 73.13218066538383,19.02405811247046,0 73.13246039832944,19.02412404187182,0 73.13292378596272,19.02421764124392,0 73.13302615127546,19.02423301788754,0 73.13320371178467,19.02426636290985,0 73.13361009397875,19.02433357032911,0 73.13392011086138,19.02438833052847,0 73.13421787402037,19.02446017597866,0 73.13459435971028,19.02450413334261,0 73.13496484579579,19.02454516113298,0 73.13513942373208,19.02457560598249,0 73.13525969037742,19.02460837073266,0 73.13540084135178,19.02466142396421,0 73.13547327660355,19.02465641852691,0 73.13559617583316,19.02472362957926,0 73.13603569973631,19.02479403452222,0 73.13611375014305,19.02482637279197,0 73.13646200987687,19.02496756231241,0 73.13807153507288,19.02559186232921,0 73.1389030587535,19.02593869654089,0 73.1394888785162,19.02614250816921,0 73.13939456763455,19.02621613300166,0 73.1393304755927,19.02628432564133,0 73.13923129569886,19.02652426027152,0 73.13859671289858,19.02771966921465,0 73.13639510212933,19.03053508435978,0 73.1359576503524,19.03087394138771,0 73.1350889726609,19.03154682473493,0 73.1333158592812,19.03296303779419,0 73.13142542868756,19.03443923590993,0 73.13109241250305,19.03688726451218,0 73.12999165938534,19.03736524582495,0 73.12996496762132,19.03737683601187,0 73.12988388309586,19.03802064838476,0 73.12985351165241,19.03826179434881,0 73.12973177219297,19.03922839542785,0 73.12961957565794,19.04011920602241,0 73.12950872143745,19.04014415453716,0 73.12942529066312,19.04016293095028,0 73.1278056928324,19.04052741911562,0 73.12779022665075,19.04053089928619,0 73.12774407929868,19.04061169774963,0 73.12773486694508,19.0406135393663,0 73.12712942987194,19.04073453571667,0 73.12710169231862,19.04073453526946,0 73.12665690934357,19.0407345211945,0 73.12665452018135,19.0407445994693,0 73.1266410787871,19.0408012875945,0 73.12635880497938,19.04087012797992,0 73.12606276805512,19.04087151995762,0 73.12603707056699,19.04087164123555,0 73.12581537774125,19.04091719765432,0 73.12553634091344,19.04098536225371,0 73.12540204485852,19.04101816809322,0 73.12528200459802,19.04103659765084,0 73.1250511387633,19.04107204134991,0 73.12496395734358,19.04108542580537,0 73.12458104773931,19.04116280258599,0 73.12455224104039,19.04117256366321,0 73.12448517287164,19.04119529070153,0 73.12394088708744,19.04131882982634,0 73.12320823536999,19.04120621665734,0 73.1227163078884,19.04114384930235,0 73.12266703381346,19.04113423673117,0 73.12261185736853,19.04112347193576,0 73.12247898122668,19.04109754864666,0 73.12238024737739,19.04107828624817,0 73.12236705338623,19.04107686383326,0 73.12225028574261,19.04106427369627,0 73.12209320465486,19.04104733647594,0 73.12208028392975,19.04104594301867,0 73.12201452970019,19.04113264992965,0 73.12118776798498,19.04137426859261,0 73.12103437756383,19.04141909593715,0 73.12096277816185,19.04137197862686,0 73.12090960434627,19.04133698610161,0 73.12085463137335,19.04130080988906,0 73.12075425281981,19.04123475289963,0 73.12039773847303,19.04100013738469,0 73.12020369636588,19.04097947884114,0 73.11986151764253,19.04094304891421,0 73.11944067051016,19.04081829675837,0 73.11942932628129,19.04086417221546,0 73.1194149444092,19.04092233429768,0 73.11940161955286,19.04097621880617,0 73.11934586953353,19.04120167444302,0 73.11938644570512,19.04131812771428,0 73.11947488344195,19.0415719421765,0 73.11948026477853,19.04158738695678,0 73.11948191938072,19.04159524875353,0 73.11948947910155,19.04163117364107,0 73.11949836064058,19.04167338505598,0 73.11953106468145,19.04182880756738,0 73.11964896367671,19.04238911330308,0 73.11965083920155,19.04239802526875,0 73.11965203665228,19.04240371520213,0 73.11961415771572,19.04261416983206,0 73.11960453163792,19.04266765297688,0 73.11953551943979,19.04305108104939,0 73.11949701996463,19.04326497930137,0 73.11945096421007,19.04352085959341,0 73.11938820106143,19.04386956254261,0 73.11937855088391,19.04388461117141,0 73.11937244943003,19.04389412481989,0 73.1192656186182,19.0440607115309,0 73.11915070189372,19.04423990733118,0 73.11906419700404,19.04437480000279,0 73.11904647945288,19.04440242724754,0 73.11897135936833,19.04451956615026,0 73.11890416973445,19.04462433783513,0 73.11885153175442,19.04470641838138,0 73.11877418254892,19.04482703143811,0 73.11870902026735,19.04514209796584,0 73.11868238597543,19.04527087857927,0 73.11867355539614,19.04531357798043,0 73.11866168959662,19.04537094711537,0 73.11865934252475,19.04538229762595,0 73.11865399786923,19.04549246160445,0 73.11864020362238,19.04577679025,0 73.11863741921798,19.04583418600008,0 73.11862791014867,19.04603019799912,0 73.11855171456779,19.04636787186575,0 73.11860554788704,19.04640857579009,0 73.11859324659349,19.04641060133635,0 73.11857506161526,19.04641359585163,0 73.11838232577375,19.04644533153059,0 73.11837589103423,19.046446390634,0 73.11837561192569,19.04647114757093,0 73.11837401995564,19.04661235462853,0 73.1183728077508,19.04671987583723,0 73.1183725930898,19.04673891595172,0 73.11837161077072,19.04674136312471,0 73.11826707976535,19.04700171777032,0 73.11820523995299,19.04707458426219,0 73.11820260772291,19.04707768672409,0 73.11817537568754,19.04710977527737,0 73.11798599920456,19.04732009281359,0 73.11798606867544,19.04732100864362,0 73.11799415066731,19.0474269416316,0 73.11799675023633,19.04746102276972,0 73.11799687608868,19.04746266729715,0 73.11800087440213,19.04751508048837,0 73.11801227679742,19.04766454858402,0 73.11792613477073,19.04767535622021,0 73.11788541687723,19.04768046422487,0 73.11786219363175,19.047712298196,0 73.11770036114446,19.04793412974886,0 73.11764033153986,19.04801641591231,0 73.11758486958672,19.04805076484361,0 73.11749453411404,19.04810671190933,0 73.11749340321555,19.04810809609164,0 73.11737831374916,19.04824893842298,0 73.11737792708288,19.04828321403613,0 73.11737791961367,19.04828387613556,0 73.11737779610161,19.04829482471264,0 73.11729224985314,19.04845783459626,0 73.117272991872,19.04849453115494,0 73.11699590702204,19.04882217939334,0 73.11691226430843,19.0489210849519,0 73.11689438391896,19.04900414598868,0 73.11687406730817,19.0490985249644,0 73.11687386791034,19.04911619479226,0 73.11687161435897,19.04931589401409,0 73.11687039652601,19.04942381165813,0 73.11687037786203,19.04942546555105,0 73.11683721437254,19.04946815859227,0 73.11679079973639,19.04952790946995,0 73.11679371417169,19.04955595293463,0 73.11679535436427,19.04957173540693,0 73.1168054362691,19.04966874444844,0 73.11682134714027,19.04982183589885,0 73.11686234596591,19.05021631817627,0 73.11688330683177,19.05041800411832,0 73.11684818694982,19.05048570884998,0 73.11680930684219,19.05056066093286,0 73.11680844315661,19.05057245744842,0 73.11680567004929,19.05061034116741,0 73.1168021745513,19.05065810768439,0 73.11678046432583,19.05163911420456,0 73.11677755190421,19.05177072816439,0 73.11677365460898,19.05177724148356,0 73.11675503468088,19.05180836429218,0 73.11656854650249,19.05212006988801,0 73.11652965653352,19.0521850728736,0 73.11641749187189,19.0523725493296,0 73.11634273067898,19.05249750809456,0 73.11628083031511,19.05260097047758,0 73.11605829143933,19.05280789690172,0 73.11545892451478,19.0525024252419,0 73.11531730607544,19.05258150660913,0 73.11498782465739,19.05282194036552,0 73.11474090394498,19.05297142068443,0 73.11454242220212,19.05309157667116,0 73.11375438335094,19.05331656502105,0 73.11307059138194,19.05339920519259,0 73.11285936993967,19.05355439930608,0 73.11242713235902,19.05351328723375,0 73.11240130312892,19.053310695019,0 73.11231896850767,19.05318237564089,0 73.11224302565822,19.05302542863838,0 73.11227419241253,19.05294745472206,0 73.11227469183851,19.05294620521098,0 73.112323302655,19.05282458596692,0 73.11232374500962,19.05282352541353,0 73.11232965989365,19.05280932525094,0 73.11240856674519,19.05261990252164,0 73.11240972674499,19.05261855571272,0 73.11255306264252,19.05245226075139,0 73.11259817790659,19.05239991816645,0 73.11260347274134,19.05238568725793,0 73.11266262711611,19.05222669396785,0 73.11270129677871,19.0521227578069,0 73.11273105120925,19.05204278551992,0 73.11273437466667,19.05203385351458,0 73.11281631313516,19.05187381942785,0 73.11290131348387,19.05170780554562,0 73.11298312295094,19.05154802304766,0 73.11303410182472,19.05144845575026,0 73.11301902010275,19.05130711570359,0 73.11301397535205,19.0512598428802,0 73.11299737243358,19.0511042455638,0 73.11299470963775,19.05107929149804,0 73.11298459622257,19.05098450982426,0 73.11297030736796,19.05085060001345,0 73.11296809727983,19.05082988560038,0 73.11294770375068,19.05063876944928,0 73.11293959981201,19.05056282162001,0 73.11292375249801,19.05041430494724,0 73.11290500051879,19.05023857018653,0 73.11290202851895,19.05021071763933,0 73.1129085893145,19.05006051004674,0 73.11291643920983,19.04988081862007,0 73.11291884778947,19.0498256813421,0 73.11292451502557,19.04969593147683,0 73.11293198976971,19.04952479387975,0 73.11293674676308,19.04941588731614,0 73.11293946152995,19.04935374929558,0 73.1129423118978,19.04934581789841,0 73.11304230486147,19.04906759707355,0 73.11313721470013,19.04880351892975,0 73.11322220491233,19.04856704220769,0 73.11319974486601,19.04847843714536,0 73.11309820617666,19.0480778576343,0 73.11294850246802,19.04799379274776,0 73.11283075484651,19.04792767215777,0 73.11279273665886,19.04792202935703,0 73.11277597509125,19.04792337833412,0 73.11268721560658,19.04787899480546,0 73.11265651365895,19.04788152665909,0 73.11260921857522,19.04788542686489,0 73.11243965559734,19.04789940869777,0 73.11242376091867,19.0479043249047,0 73.11217550423211,19.04798111547789,0 73.1119736206681,19.04804356025345,0 73.1119190469021,19.04806044068442,0 73.11172006027238,19.0481371890343,0 73.11140230284441,19.04825974691719,0 73.11137714763778,19.04826944919402,0 73.1113717271091,19.04827154014015,0 73.11125257284543,19.04831749673886,0 73.11106811335357,19.0483633133085,0 73.11072022229355,19.04844972192489,0 73.11071635189984,19.0484502387807,0 73.11052085112573,19.04847636381141,0 73.11045441470041,19.04845497914762,0 73.11022633560383,19.04838156442547,0 73.10984372458746,19.04823845324822,0 73.10984071353795,19.04823732751909,0 73.10983979309587,19.04823698384335,0 73.10983765046028,19.04823618228619,0 73.10983186013938,19.04823401631209,0 73.10972175038442,19.04819283109772,0 73.10963141561193,19.04805066595495,0 73.10949060767697,19.0478290676881,0 73.10907469280431,19.04726837253185,0 73.10907062498688,19.0472608274289,0 73.10902641875488,19.04717882421019,0 73.10895652923726,19.04704917676107,0 73.10872592104616,19.04684440737302,0 73.1086101375034,19.04674159669974,0 73.10835078635151,19.04652873712801,0 73.10834118310314,19.04652085523139,0 73.1082298327498,19.04623289274496,0 73.10822495844583,19.04622467899475,0 73.10777304049761,19.04546318271298,0 73.10776830605225,19.0454552052645,0 73.10771332290255,19.04536255629559,0 73.10762015057593,19.04520555667379,0 73.10743982026639,19.04517985141143,0 73.10731796657744,19.04516248211865,0 73.1071865261687,19.04514374609835,0 73.10709598743716,19.04514855401393,0 73.10707678056274,19.04516995578972,0 73.10684490065115,19.0454283353497,0 73.10658174115453,19.04572156831415,0 73.10656892063668,19.04578770011563,0 73.10656876534655,19.04579276373574,0 73.10654186759147,19.04666876149554,0 73.1066375928752,19.04673858057277,0 73.10653258230235,19.04695548717196,0 73.10635674663634,19.04702028698818,0 73.1063427223538,19.04705576760378,0 73.10606885286933,19.04711034591584,0 73.10582943890522,19.04715805858876,0 73.10569697981737,19.04718083176133,0 73.10528381812239,19.04725186407721,0 73.10512428683816,19.0472792913043,0 73.10481243173956,19.04735078267597,0 73.10478208488782,19.04735645678699,0 73.10425199097588,19.04745557230885,0 73.1041892629146,19.0474459646946,0 73.10372069879024,19.04722601553321,0 73.1036555760703,19.04719566521221,0 73.10353037538614,19.04713736149857,0 73.10330167277219,19.04703085881763,0 73.1030817265102,19.0469284334995,0 73.10303332967447,19.04690589579352,0 73.10292040479455,19.04685330850395,0 73.10275786346254,19.04677993255839,0 73.10280415726035,19.04661925329434,0 73.10286111042926,19.0465677331708,0 73.10295370206825,19.04643018359852,0 73.10297717610267,19.04639397202742,0 73.10297977906879,19.04638995619406,0 73.10309409941637,19.04621360150336,0 73.10314606277336,19.04613344098443,0 73.10318088160361,19.04607972842,0 73.10325161383577,19.04595999071677,0 73.10331385833213,19.04579959623036,0 73.10331787265534,19.04578925141763,0 73.10333214491233,19.0457524736651,0 73.10344559752694,19.04546012314259,0 73.10344787183645,19.04545426285129,0 73.10347430630868,19.04538614470829,0 73.10348775547128,19.04535148772708,0 73.10349066800141,19.04534371794101,0 73.10355307467763,19.04517719832712,0 73.10355344583941,19.04517563388706,0 73.1035723242157,19.04509606011436,0 73.10361358190974,19.04492216213453,0 73.10361838503087,19.04490191813506,0 73.10362433558875,19.04487683481684,0 73.10363065928638,19.04485017985118,0 73.10365716127097,19.04473847556201,0 73.1036623824395,19.0447164688596,0 73.1036766719608,19.04465623858766,0 73.10371463499995,19.04449622427467,0 73.10371470064408,19.04449579765405,0 73.10374488501076,19.04430001277521,0 73.10376673174811,19.04415831022774,0 73.1037810819891,19.04407141051841,0 73.10381000715546,19.04389624871163,0 73.10381307847778,19.04387764971063,0 73.10381643267372,19.04385733751638,0 73.10381727427982,19.04385224120589,0 73.1038173875211,19.04385155490299,0 73.10381763232193,19.04385007498404,0 73.10382949442909,19.0437782396332,0 73.10382957707147,19.04377773820724,0 73.10383151023149,19.04376603048832,0 73.10384000188259,19.04373023848691,0 73.10387902697266,19.04356574322891,0 73.1038834696509,19.04354151344713,0 73.10390474922146,19.04342546531884,0 73.10390504071749,19.04342296868212,0 73.10391535777092,19.04333452069173,0 73.10391651655027,19.04332458285272,0 73.10392681783075,19.04323626749358,0 73.10393148123204,19.04319628335682,0 73.10398298738264,19.04301682541982,0 73.10398591411854,19.04300662750047,0 73.10400370990261,19.0429446221381,0 73.10400418397531,19.04294160703379,0 73.10408335742731,19.04243825217137,0 73.10410454160387,19.04230357050359,0 73.10414926234837,19.04201924705825,0 73.10415324821088,19.04199391135767,0 73.10416263189656,19.04191711085714,0 73.10416668384005,19.04188394811176,0 73.10416999534756,19.0418568457148,0 73.10417005608991,19.04185634858038,0 73.10417891500994,19.04178384725746,0 73.10418317117951,19.04174901175556,0 73.10422421091118,19.04141312298583,0 73.10426630174842,19.04106863945002,0 73.10426640644857,19.04106770101771,0 73.10428359952253,19.04091401153775,0 73.10432828946176,19.0405145247925,0 73.10433008037961,19.04049852006144,0 73.10435374269512,19.0400082985086,0 73.10435503025998,19.03999479275665,0 73.10437090013491,19.03982827169546,0 73.10439825403655,19.03954123665918,0 73.10439827264084,19.03954110405441,0 73.10444746146609,19.03919181953366,0 73.10445214947963,19.03916093437388,0 73.10447354036236,19.03901999385848,0 73.10447784856953,19.03899177065068,0 73.10454522439112,19.03855034264876,0 73.10454591632349,19.03854679407657,0 73.10457867409829,19.03837863144882,0 73.10464976954313,19.03801365965941,0 73.10467012816311,19.03790914513302,0 73.10467142537729,19.0378997218147,0 73.10471132591955,19.03760998423838,0 73.10471943187376,19.03755112415939,0 73.10471978719369,19.03751981870227,0 73.1047204734929,19.03745935214553,0 73.10475445819675,19.0372674089921,0 73.10476558946178,19.03720454368933,0 73.10479687946984,19.03699582973739,0 73.1047982195693,19.03698689467803,0 73.10481476812075,19.03675973067485,0 73.10482210683459,19.0366589850339,0 73.10483037261992,19.03654551947437,0 73.10484289079426,19.03650549301985,0 73.10484303199941,19.03650401564717,0 73.10485816523683,19.03634563619491,0 73.10488396019691,19.03607568212515,0 73.10488409764648,19.03607386594882,0 73.10488817436095,19.03601998634171,0 73.10497266072372,19.03490349169098,0 73.10499361009343,19.03465057150564,0 73.10501087431479,19.0344421389621,0 73.10501620397901,19.03437779561375,0 73.10502503742133,19.034271152088,0 73.10503047078711,19.03420555656863,0 73.10503556458691,19.03414406046043,0 73.10503787472156,19.03411777431609,0 73.10504750780039,19.03400817110022,0 73.10505232975783,19.03395330992423,0 73.10505445668113,19.03392910907209,0 73.10509097225811,19.03351362078952,0 73.10515609997867,19.03308979288773,0 73.10515612366902,19.03307757319538,0 73.10515632797447,19.0329729022889,0 73.10515653002166,19.03286943465193,0 73.1051565323253,19.03286847800283,0 73.1051569653137,19.03264732576652,0 73.10541410798996,19.02943771972341,0 73.10545928830614,19.02887376704017,0 73.1054643056388,19.02881113883278,0 73.10548470271317,19.02855653497396,0 73.10551044894963,19.02823515890767,0 73.10531346304674,19.02823165126759,0 73.10518815252067,19.02822941980966,0 73.10471895148353,19.0282210637921,0 73.10325484596677,19.0282359124236,0 73.10128370280518,19.0281964739403,0 73.10129798810065,19.02676456410394,0 73.10132354721389,19.02420224799661,0 73.10470939874563,19.02425494076657,0 73.10577607152375,19.02437941439095,0 73.10639039859252,19.01847114450437,0 73.1064402905136,19.01799128349983,0 73.1066952443349,19.01743238129544,0 73.10679614523268,19.01663816207586,0 73.10728378221395,19.01212468191838,0 73.10873613971023,19.01258476033382,0 73.10898662353247,19.01265663858237,0 73.10973240253144,19.01270729022382,0 73.11201026748618,19.01260867096426,0 73.11447626026511,19.01254062487213,0 73.11528177077831,19.01253151100784,0 73.11552606945205,19.00590419088595,0 73.11959807466813,19.00580223598777,0 73.11993558213703,19.00595625092805,0 73.11971289650312,19.00663089195286,0 73.11956618298544,19.00698506201536,0 73.11960838818459,19.00701009731544,0 73.11974184445408,19.00700843186347,0 73.12010238618497,19.00712539398421,0 73.12006339219003,19.00724116158636,0 73.12001151801589,19.00739111136298,0 73.12014174608221,19.0074328266507,0 73.12012401254535,19.00748291232343,0 73.12011343016898,19.00751280125522,0 73.12011238797615,19.00751574483064,0 73.12000721153373,19.00781280513134,0 73.11998013724178,19.00788811317251,0 73.12046807999543,19.00801024562568,0 73.12070443468008,19.00808046431992,0 73.1206941511936,19.00811177942177,0 73.12108974823478,19.00822930756311,0 73.121269678734,19.00828704915894,0 73.1213551068839,19.00849968095701,0 
							</coordinates>
						</LinearRing>
					</outerBoundaryIs>
				</Polygon>
			</MultiGeometry>
		</Placemark>
		<Placemark id="ID_00009">
			<name>13</name>
			<Snippet maxLines="0"></Snippet>
			<description><![CDATA[<html xmlns:fo="http://www.w3.org/1999/XSL/Format" xmlns:msxsl="urn:schemas-microsoft-com:xslt">

<head>

<META http-equiv="Content-Type" content="text/html">

<meta http-equiv="content-type" content="text/html; charset=UTF-8">

</head>

<body style="margin:0px 0px 0px 0px;overflow:auto;background:#FFFFFF;">

<table style="font-family:Arial,Verdana,Times;font-size:12px;text-align:left;width:100%;border-collapse:collapse;padding:3px 3px 3px 3px">

<tr style="text-align:center;font-weight:bold;background:#9CBCE2">

<td>13</td>

</tr>

<tr>

<td>

<table style="font-family:Arial,Verdana,Times;font-size:12px;text-align:left;width:100%;border-spacing:0px; padding:3px 3px 3px 3px">

<tr>

<td>FID</td>

<td>9</td>

</tr>

<tr bgcolor="#D4E4F3">

<td>Id</td>

<td>13</td>

</tr>

</table>

</td>

</tr>

</table>

</body>

</html>]]></description>
			<styleUrl>#PolyStyle001</styleUrl>
			<MultiGeometry>
				<Polygon>
					<outerBoundaryIs>
						<LinearRing>
							<coordinates>
								73.06077856039879,19.01780886062476,0 73.0607828285904,19.01779698339985,0 73.0607829830588,19.01779655384395,0 73.06123196204305,19.01654716977103,0 73.06162583766898,19.01561183736088,0 73.06201337876188,19.01469153416426,0 73.06233924496992,19.01391768137904,0 73.06257888938872,19.01248312240777,0 73.06269414656448,19.01186614200283,0 73.06286018861296,19.01097729600478,0 73.06326146699412,19.01043678396713,0 73.06359089940531,19.00999304390896,0 73.06421825287593,19.00908735865035,0 73.06542770160975,19.00734129076602,0 73.06597610179098,19.00650712890122,0 73.06631334412383,19.00599414954675,0 73.06709049865719,19.005879780127,0 73.06871086212233,19.0056427598508,0 73.06949494049584,19.00523303068186,0 73.0697887870338,19.00524156486154,0 73.07061561499603,19.00526557590623,0 73.07157635852778,19.00529347163394,0 73.07196925321506,19.00543380683441,0 73.07335643701954,19.00542436544489,0 73.07345663535257,19.00545170096429,0 73.07526357591416,19.00543227755161,0 73.07606928147685,19.00572987134414,0 73.07725770398453,19.00617963279995,0 73.07754101910329,19.00628953812379,0 73.07823112607012,19.00664328562888,0 73.07864325889383,19.0068596953244,0 73.07937544896458,19.00701690829446,0 73.07953813945814,19.00705184032506,0 73.07990650964173,19.0071261667997,0 73.08021253376833,19.00718791263086,0 73.0812873765672,19.00746437818702,0 73.08208663636273,19.00766866469818,0 73.08248509246837,19.00776362406584,0 73.08323660890584,19.00783872332239,0 73.08362231080284,19.00883815796049,0 73.08366538338402,19.00894976644706,0 73.08367466330644,19.00897381179935,0 73.08383740645256,19.00925850186245,0 73.0841985854737,19.00981118606087,0 73.08478019246958,19.01031615944461,0 73.0862310481163,19.01062099205108,0 73.08640928032979,19.01066014354704,0 73.08687336740472,19.01076208809073,0 73.08717823997705,19.01105244006543,0 73.08733324720899,19.01120006442341,0 73.08790244470299,19.011418080243,0 73.08822133727031,19.01127498143785,0 73.08839872294031,19.0111453568306,0 73.08864974719673,19.01089399666007,0 73.08878886302165,19.01081476691817,0 73.08893470443962,19.0106967662471,0 73.08956794163399,19.01067474354454,0 73.08957575272552,19.01067447195613,0 73.0896867843169,19.01065262865645,0 73.08971427424004,19.01064722151211,0 73.09006758023791,19.0107766686913,0 73.09009671494215,19.01078734326772,0 73.09056010104126,19.01095712112544,0 73.09125318020618,19.01122002750186,0 73.09216147202606,19.01175169214693,0 73.09217180206434,19.01175773842367,0 73.09225707088792,19.01178325518761,0 73.09254221973515,19.01186858537817,0 73.09305331758843,19.01202152904537,0 73.09311654650895,19.01204045019741,0 73.09311659762575,19.01204046517873,0 73.09320227617124,19.01206514471626,0 73.09321372122363,19.01206511733712,0 73.09381310754007,19.01206369936956,0 73.09398096092362,19.01205017323585,0 73.09408718022537,19.01204161325697,0 73.09445167153365,19.01201224042877,0 73.09402067902016,19.01502923936709,0 73.09093715567938,19.01459706096469,0 73.08682743453883,19.01749614104648,0 73.09069575122726,19.02231170400623,0 73.09192468920067,19.02142808640737,0 73.09419010263311,19.02430433585405,0 73.09291324490746,19.02520181392738,0 73.09403386185014,19.02670392585235,0 73.09214865487706,19.02797448315658,0 73.09212517812269,19.02798714830783,0 73.09166596162832,19.02752316065252,0 73.09102544239683,19.02767734940934,0 73.09077306692183,19.02773810145117,0 73.09071382507283,19.02773611418679,0 73.09045229046684,19.02772734184843,0 73.09017574440711,19.02771806613723,0 73.08928761880379,19.02768827197046,0 73.08906265904386,19.02768072426515,0 73.0887954563652,19.02767175906071,0 73.08822994401886,19.02765211074901,0 73.08774720776694,19.02763533757982,0 73.08753313839098,19.02762789911475,0 73.08743040945662,19.02762432941005,0 73.08713627176918,19.02761410816962,0 73.08708670517089,19.02761238525676,0 73.08691434341704,19.02760639502745,0 73.08447207811379,19.02735748473967,0 73.08440812635388,19.02735096647763,0 73.08405612266455,19.02728237557729,0 73.08291563076415,19.02706013616039,0 73.08196544314569,19.02576532384445,0 73.08165889515973,19.02536173241276,0 73.08151109875647,19.02516714750214,0 73.08115737305272,19.02470143925771,0 73.08049339660948,19.02373141075424,0 73.08034149104981,19.02350948433942,0 73.07992353718603,19.02289887126931,0 73.0798778823542,19.02280623830255,0 73.07928395989005,19.02160116369799,0 73.07922344750131,19.02147838177067,0 73.07908716287332,19.02120185632626,0 73.07897154807043,19.02096726937552,0 73.07865044804413,19.02031574190632,0 73.07826740770452,19.02000366818898,0 73.07806093382477,19.01983544634406,0 73.07787256647602,19.0196819768131,0 73.07736381637589,19.0192674778911,0 73.07729361573872,19.01921028238474,0 73.07688175854864,19.01887472319471,0 73.07628803255811,19.0185087518277,0 73.07453417444211,19.01742765893842,0 73.07141184772804,19.0172082725873,0 73.07108272752951,19.01718514428326,0 73.0700421799048,19.01711201787818,0 73.06909462858354,19.01744313812923,0 73.06540722748198,19.01806741366099,0 73.06337222363831,19.01802219696497,0 73.06081372025085,19.01784050406544,0 73.06079017516235,19.01783883175797,0 73.06079649212191,19.01783695795183,0 73.06077856039879,19.01780886062476,0 
							</coordinates>
						</LinearRing>
					</outerBoundaryIs>
				</Polygon>
			</MultiGeometry>
		</Placemark>
		<Placemark id="ID_00010">
			<name>12</name>
			<Snippet maxLines="0"></Snippet>
			<description><![CDATA[<html xmlns:fo="http://www.w3.org/1999/XSL/Format" xmlns:msxsl="urn:schemas-microsoft-com:xslt">

<head>

<META http-equiv="Content-Type" content="text/html">

<meta http-equiv="content-type" content="text/html; charset=UTF-8">

</head>

<body style="margin:0px 0px 0px 0px;overflow:auto;background:#FFFFFF;">

<table style="font-family:Arial,Verdana,Times;font-size:12px;text-align:left;width:100%;border-collapse:collapse;padding:3px 3px 3px 3px">

<tr style="text-align:center;font-weight:bold;background:#9CBCE2">

<td>12</td>

</tr>

<tr>

<td>

<table style="font-family:Arial,Verdana,Times;font-size:12px;text-align:left;width:100%;border-spacing:0px; padding:3px 3px 3px 3px">

<tr>

<td>FID</td>

<td>10</td>

</tr>

<tr bgcolor="#D4E4F3">

<td>Id</td>

<td>12</td>

</tr>

</table>

</td>

</tr>

</table>

</body>

</html>]]></description>
			<styleUrl>#PolyStyle001</styleUrl>
			<MultiGeometry>
				<Polygon>
					<outerBoundaryIs>
						<LinearRing>
							<coordinates>
								73.09192468920067,19.02142808640735,0 73.09069575122726,19.02231170400621,0 73.08682743453883,19.01749614104648,0 73.09093715567937,19.01459706096466,0 73.09402067902016,19.01502923936709,0 73.09436450802495,19.0126224073391,0 73.09445167153362,19.01201224042874,0 73.09923396481733,19.0119582864119,0 73.09904358030987,19.01532934989946,0 73.09789025017042,19.01531748362252,0 73.09776922982317,19.01734012015643,0 73.09413226187469,19.01987447280188,0 73.09192468920067,19.02142808640735,0 
							</coordinates>
						</LinearRing>
					</outerBoundaryIs>
				</Polygon>
			</MultiGeometry>
		</Placemark>
		<Placemark id="ID_00011">
			<name>11</name>
			<Snippet maxLines="0"></Snippet>
			<description><![CDATA[<html xmlns:fo="http://www.w3.org/1999/XSL/Format" xmlns:msxsl="urn:schemas-microsoft-com:xslt">

<head>

<META http-equiv="Content-Type" content="text/html">

<meta http-equiv="content-type" content="text/html; charset=UTF-8">

</head>

<body style="margin:0px 0px 0px 0px;overflow:auto;background:#FFFFFF;">

<table style="font-family:Arial,Verdana,Times;font-size:12px;text-align:left;width:100%;border-collapse:collapse;padding:3px 3px 3px 3px">

<tr style="text-align:center;font-weight:bold;background:#9CBCE2">

<td>11</td>

</tr>

<tr>

<td>

<table style="font-family:Arial,Verdana,Times;font-size:12px;text-align:left;width:100%;border-spacing:0px; padding:3px 3px 3px 3px">

<tr>

<td>FID</td>

<td>11</td>

</tr>

<tr bgcolor="#D4E4F3">

<td>Id</td>

<td>11</td>

</tr>

</table>

</td>

</tr>

</table>

</body>

</html>]]></description>
			<styleUrl>#PolyStyle001</styleUrl>
			<MultiGeometry>
				<Polygon>
					<outerBoundaryIs>
						<LinearRing>
							<coordinates>
								73.10669524433492,19.01743238129546,0 73.1064402905136,19.01799128349983,0 73.10120890079202,19.02169022968017,0 73.09896797293899,19.02327461649835,0 73.09582312668329,19.02549799229383,0 73.09403386185014,19.02670392585235,0 73.09291324490746,19.02520181392738,0 73.09419010263311,19.02430433585405,0 73.09192468920067,19.02142808640737,0 73.09413226187469,19.0198744728019,0 73.09776922982319,19.01734012015644,0 73.09789025017042,19.01531748362252,0 73.09904358030987,19.01532934989946,0 73.09918223844031,19.01287421008224,0 73.09921365159086,19.01231797679564,0 73.09923396481734,19.01195828641192,0 73.10351898001113,19.01107100127494,0 73.10376429491876,19.0110072904982,0 73.10386415907617,19.0109992766155,0 73.10427136426873,19.01096659988513,0 73.105532410034,19.01144991660761,0 73.10572199067003,19.0115443055175,0 73.10639031371591,19.0118364789795,0 73.10656679680727,19.01191363275104,0 73.10673970691037,19.01198922428104,0 73.10725530663127,19.012117592274,0 73.10728378221397,19.01212468191839,0 73.10679614523268,19.01663816207586,0 73.10669524433492,19.01743238129546,0 
							</coordinates>
						</LinearRing>
					</outerBoundaryIs>
				</Polygon>
			</MultiGeometry>
		</Placemark>
		<Placemark id="ID_00012">
			<name>10</name>
			<Snippet maxLines="0"></Snippet>
			<description><![CDATA[<html xmlns:fo="http://www.w3.org/1999/XSL/Format" xmlns:msxsl="urn:schemas-microsoft-com:xslt">

<head>

<META http-equiv="Content-Type" content="text/html">

<meta http-equiv="content-type" content="text/html; charset=UTF-8">

</head>

<body style="margin:0px 0px 0px 0px;overflow:auto;background:#FFFFFF;">

<table style="font-family:Arial,Verdana,Times;font-size:12px;text-align:left;width:100%;border-collapse:collapse;padding:3px 3px 3px 3px">

<tr style="text-align:center;font-weight:bold;background:#9CBCE2">

<td>10</td>

</tr>

<tr>

<td>

<table style="font-family:Arial,Verdana,Times;font-size:12px;text-align:left;width:100%;border-spacing:0px; padding:3px 3px 3px 3px">

<tr>

<td>FID</td>

<td>12</td>

</tr>

<tr bgcolor="#D4E4F3">

<td>Id</td>

<td>10</td>

</tr>

</table>

</td>

</tr>

</table>

</body>

</html>]]></description>
			<styleUrl>#PolyStyle001</styleUrl>
			<MultiGeometry>
				<Polygon>
					<outerBoundaryIs>
						<LinearRing>
							<coordinates>
								73.09582312668329,19.02549799229384,0 73.1064402905136,19.01799128349983,0 73.10577607152375,19.02437941439095,0 73.10470939874563,19.02425494076657,0 73.10132354721389,19.02420224799661,0 73.10128370280518,19.0281964739403,0 73.09650218289374,19.02810071828562,0 73.09648466522732,19.02632941974973,0 73.09613888439137,19.02589484059535,0 73.09582312668329,19.02549799229384,0 
							</coordinates>
						</LinearRing>
					</outerBoundaryIs>
				</Polygon>
			</MultiGeometry>
		</Placemark>
		<Placemark id="ID_00013">
			<name>14</name>
			<Snippet maxLines="0"></Snippet>
			<description><![CDATA[<html xmlns:fo="http://www.w3.org/1999/XSL/Format" xmlns:msxsl="urn:schemas-microsoft-com:xslt">

<head>

<META http-equiv="Content-Type" content="text/html">

<meta http-equiv="content-type" content="text/html; charset=UTF-8">

</head>

<body style="margin:0px 0px 0px 0px;overflow:auto;background:#FFFFFF;">

<table style="font-family:Arial,Verdana,Times;font-size:12px;text-align:left;width:100%;border-collapse:collapse;padding:3px 3px 3px 3px">

<tr style="text-align:center;font-weight:bold;background:#9CBCE2">

<td>14</td>

</tr>

<tr>

<td>

<table style="font-family:Arial,Verdana,Times;font-size:12px;text-align:left;width:100%;border-spacing:0px; padding:3px 3px 3px 3px">

<tr>

<td>FID</td>

<td>13</td>

</tr>

<tr bgcolor="#D4E4F3">

<td>Id</td>

<td>14</td>

</tr>

</table>

</td>

</tr>

</table>

</body>

</html>]]></description>
			<styleUrl>#PolyStyle001</styleUrl>
			<MultiGeometry>
				<Polygon>
					<outerBoundaryIs>
						<LinearRing>
							<coordinates>
								73.10873554423003,18.98593609851982,0 73.10747577501391,18.98692117243704,0 73.10606494091461,18.98802434587559,0 73.10629563914415,18.98828723793185,0 73.10633466984477,18.98839077417271,0 73.10638262837884,18.98881576314956,0 73.10642552210264,18.98968862232639,0 73.10661170493125,18.99139967444147,0 73.1069405396775,18.99445005622713,0 73.10717717001586,18.99699350885992,0 73.10737925249995,18.99916558909695,0 73.10745333996007,18.99983560074635,0 73.10739390006323,19.00064765740008,0 73.10744235578866,19.00136222277257,0 73.10747295899593,19.00232219749395,0 73.10790095263327,19.00219757016176,0 73.10797501088668,19.00215281030495,0 73.10807904050215,19.00208993654543,0 73.10808323795619,19.00208739967208,0 73.10814223325285,19.00205174384966,0 73.10818528099328,19.00202572611106,0 73.10825743259764,19.00198797490159,0 73.10952498837155,19.0013247594874,0 73.11065657510467,19.00070674272681,0 73.11074779921708,19.00065692012381,0 73.1107883780804,19.00063475741088,0 73.11131640297525,19.00032643776555,0 73.11150354511393,19.00017383214587,0 73.11160494339047,19.00008682021809,0 73.11160794752624,19.00008424230565,0 73.11168657077715,19.00001677398108,0 73.11186536295662,18.99985536417019,0 73.11203980747398,18.99968970544828,0 73.11217061481921,18.99955903994668,0 73.11217234225505,18.99955731438195,0 73.11220535722408,18.99952433516214,0 73.11220979296044,18.99951990419288,0 73.11221197625461,18.99951789116398,0 73.11290695021469,18.99887694040389,0 73.11293324011102,18.99884483882238,0 73.1130530787171,18.99895016403015,0 73.11349945756979,18.99932270216025,0 73.11329577807007,18.99956608416665,0 73.11333198312474,18.99974437382846,0 73.1139431870275,19.00129262990075,0 73.11376349258775,19.001408608227,0 73.11166930795304,19.0014989782564,0 73.11180504034185,19.00598937530485,0 73.1118063042876,19.00603119072217,0 73.10765469004708,19.00621063609465,0 73.10777504683003,19.00845506091625,0 73.10752863017375,19.01024518036002,0 73.10737915393047,19.01146264617621,0 73.10728378221395,19.01212468191843,0 73.10725530663125,19.012117592274,0 73.10673970691035,19.01198922428104,0 73.10639031371591,19.0118364789795,0 73.10572199067001,19.0115443055175,0 73.105532410034,19.01144991660761,0 73.10427136426871,19.01096659988513,0 73.10386415907617,19.0109992766155,0 73.10376429491873,19.0110072904982,0 73.10351898001112,19.01107100127494,0 73.10026090494772,19.01174565113531,0 73.09923396481744,19.0119582864119,0 73.09786680306556,19.01197372343828,0 73.09779684775258,19.01197451305186,0 73.09635113634725,19.01199082543524,0 73.09445167153362,19.01201224042874,0 73.09408718022536,19.01204161325697,0 73.09398096092362,19.01205017323583,0 73.09381310754007,19.01206369936954,0 73.09321372122365,19.0120651173371,0 73.09320227617124,19.01206514471624,0 73.09311659762575,19.0120404651787,0 73.09311654650895,19.0120404501974,0 73.09305331758843,19.01202152904538,0 73.09254221973514,19.01186858537817,0 73.09225707088792,19.01178325518757,0 73.09217180206436,19.01175773842366,0 73.09216147202606,19.01175169214693,0 73.09125318020618,19.01122002750184,0 73.09056010104126,19.01095712112542,0 73.09009671494218,19.01078734326773,0 73.09006758023791,19.0107766686913,0 73.08971427424004,19.01064722151209,0 73.0896867843169,19.01065262865645,0 73.08957575272549,19.01067447195611,0 73.08956794163399,19.01067474354454,0 73.08893470443961,19.01069676624707,0 73.08878886302165,19.01081476691816,0 73.08864974719673,19.01089399666005,0 73.08839872294031,19.01114535683058,0 73.0882213372703,19.01127498143781,0 73.08790244470299,19.01141808024299,0 73.08733324720897,19.01120006442341,0 73.08717823997705,19.01105244006544,0 73.08687336740472,19.01076208809073,0 73.08640928032978,19.01066014354704,0 73.08633236544775,19.01064324801199,0 73.0862310481163,19.01062099205108,0 73.08478019246957,19.01031615944457,0 73.08419858547369,19.00981118606085,0 73.08383740645256,19.00925850186247,0 73.08367466330643,19.00897381179935,0 73.083665383384,19.00894976644706,0 73.08362231080282,19.00883815796049,0 73.08323660890584,19.00783872332239,0 73.08441507975124,19.00696657720639,0 73.08490568367066,19.00664002442163,0 73.08498519227616,19.00655420417463,0 73.08541896530387,19.00583177996922,0 73.08547191154464,19.00574360123595,0 73.085578259503,19.00556527095229,0 73.08591969304651,19.0049927325332,0 73.08593753020563,19.00496282147195,0 73.08607397875301,19.00473401323589,0 73.08640819030764,19.00401546163469,0 73.08673672243035,19.00330911334702,0 73.08682299714187,19.00312362116118,0 73.08711620658423,19.00247832208866,0 73.08718486654216,19.00240726055963,0 73.08761930760767,19.00195762118187,0 73.08782503036383,19.00174470057076,0 73.08860645696609,19.00097896071199,0 73.08882985517022,19.00076583232191,0 73.08898752442958,19.00061541073612,0 73.0890685652387,19.00050333323281,0 73.08929309551229,19.00019281159906,0 73.08980450735058,18.99948553146661,0 73.08986173245194,18.99940323647182,0 73.09056771377016,18.99838795797076,0 73.09090620583414,18.99817633607954,0 73.09131109103504,18.99792655911995,0 73.09166169131565,18.99758945772287,0 73.09200149964744,18.99726961695083,0 73.09207011952631,18.99720502819663,0 73.09232270639633,18.99686918443888,0 73.09248481637542,18.99666721375509,0 73.09285264959661,18.99614038779906,0 73.09298985375999,18.99597401188646,0 73.09308236381729,18.99590283496217,0 73.09312166988232,18.99587259327015,0 73.09338999913568,18.99569848618985,0 73.09385355098108,18.99537102850795,0 73.09386300803691,18.9953670933044,0 73.09441402350504,18.99513778515162,0 73.0946513583896,18.9950374522716,0 73.09485990443308,18.9948173135915,0 73.09508409534182,18.9945471425318,0 73.09547032807767,18.99416869084589,0 73.09579528813067,18.99380411749699,0 73.09587882528832,18.99371039598056,0 73.09624251142722,18.99332573448202,0 73.09674892606454,18.99276327686935,0 73.09678766070174,18.99272094397157,0 73.09750075281539,18.9919416167675,0 73.09782100211706,18.99161984492833,0 73.09789868480691,18.99141064250305,0 73.09788194135214,18.9914028756985,0 73.09775833981226,18.99134646476662,0 73.09782616492146,18.99126691084984,0 73.09791427903193,18.99116339299798,0 73.09830138031312,18.99078202972126,0 73.09830194347261,18.99078110864736,0 73.0983025482216,18.99078012115127,0 73.09834701962701,18.9907704098547,0 73.09842998759284,18.99075229172342,0 73.09846331567654,18.99074501338667,0 73.09848134230056,18.99074021834964,0 73.0986730047813,18.9903917608717,0 73.09874268617024,18.99026507488328,0 73.09895197500376,18.9898845693355,0 73.09897263659609,18.98984700429079,0 73.09898920329026,18.98981688434207,0 73.09911533684644,18.98958756124835,0 73.09918927819824,18.98945312899179,0 73.09928664828603,18.98927609841715,0 73.09931692094872,18.98922105869305,0 73.09939824102243,18.9890732102108,0 73.09942328807963,18.98902131834854,0 73.09947294839017,18.98891843443221,0 73.09952260768529,18.9888155504864,0 73.09969254173583,18.98850866394297,0 73.09969846737658,18.98849796288835,0 73.09976035112565,18.98838620587388,0 73.09977015479333,18.98836850102367,0 73.09977484916314,18.9883600222719,0 73.09982953122554,18.98828881063803,0 73.09983544464785,18.98828110956155,0 73.09994458501774,18.98813897572132,0 73.09995889713409,18.98808565279403,0 73.0999682635716,18.98805801986132,0 73.09998585416324,18.98802927259421,0 73.10008150936005,18.98759344018525,0 73.100212806708,18.9873707086025,0 73.10043511200205,18.98727076476293,0 73.10045219414616,18.98725172182972,0 73.100454050715,18.98724965215256,0 73.10049318888233,18.98721683497358,0 73.10053681420642,18.98718961328108,0 73.10058404776818,18.98716853453005,0 73.10084687556444,18.98705868682356,0 73.10106255074217,18.98696854593353,0 73.10141249965007,18.98682228491147,0 73.1014943745372,18.98676829177954,0 73.10152135391226,18.98675050104195,0 73.10156971038394,18.98669602217023,0 73.10162788603873,18.9866000724457,0 73.10166188599193,18.98654399634854,0 73.10167625909273,18.98651773448898,0 73.10169513394557,18.98649419189741,0 73.10171795572253,18.98647406028759,0 73.10198227732374,18.98627875769916,0 73.10198341117588,18.98627792015455,0 73.10215909460511,18.98620658187519,0 73.10227610427599,18.98619105038095,0 73.10243317541115,18.98618788037026,0 73.1026951118796,18.98624315070944,0 73.10274808292264,18.98626185888705,0 73.10276558815235,18.98626506376251,0 73.10330713160204,18.98636419937903,0 73.10332808319625,18.98636412232528,0 73.1037503041011,18.98636257006581,0 73.10375266615739,18.98636262498429,0 73.10383096346128,18.98636443905024,0 73.10404637412498,18.98636942851481,0 73.104467824791,18.98617157184116,0 73.10455154160813,18.98613226967808,0 73.10459149203972,18.98611351370898,0 73.10463252985261,18.98609424852203,0 73.10463650522705,18.98609238220766,0 73.10468241159832,18.98606440591668,0 73.10482562412898,18.98597712839509,0 73.10494590252064,18.98587873291137,0 73.10507742894708,18.98576935632244,0 73.10517187760685,18.98566177713623,0 73.10523699215261,18.9855876098113,0 73.10524539447678,18.98557803782569,0 73.10526020480954,18.98556116891774,0 73.10526504090261,18.98555565994737,0 73.10541850641813,18.98538085741401,0 73.1054273922817,18.98536992446114,0 73.10548831151688,18.98529496969603,0 73.10557648343908,18.98518647863419,0 73.10567771104975,18.98506443588283,0 73.10588299821279,18.98481693638521,0 73.10588402450988,18.98481569842038,0 73.10589709381793,18.98479994175738,0 73.10592962604295,18.9847607193899,0 73.10593819738355,18.98475038574101,0 73.10607799572517,18.98455926586829,0 73.10619850123395,18.98439452041489,0 73.10622421244148,18.98434036669578,0 73.10650787354709,18.98441328538913,0 73.10658729309648,18.98438900088409,0 73.10689253142884,18.98439212340712,0 73.10707418322978,18.98432586089228,0 73.10751941847997,18.98428022011154,0 73.10752736284014,18.98491131273547,0 73.10770050617566,18.98493100963861,0 73.10779767425396,18.98500370898704,0 73.10806523000777,18.98500644437654,0 73.1081056699321,18.98509649010481,0 73.10822314138795,18.98504002748405,0 73.10902021088819,18.98491208473289,0 73.10900391988382,18.98494979783396,0 73.10901901986701,18.98498924280365,0 73.10904943758936,18.98505456710974,0 73.10907369558386,18.98504238536881,0 73.10909673311419,18.98504931389095,0 73.10913583380682,18.98511173310296,0 73.10917875821529,18.98517183716838,0 73.10922535204838,18.98522941402109,0 73.10931699720227,18.985343174285,0 73.10932747478991,18.98535618068306,0 73.10932760870473,18.98535634736961,0 73.10935636028015,18.98539203731729,0 73.10873554423003,18.98593609851982,0 
							</coordinates>
						</LinearRing>
					</outerBoundaryIs>
				</Polygon>
			</MultiGeometry>
		</Placemark>
		<Placemark id="ID_00014">
			<name>15</name>
			<Snippet maxLines="0"></Snippet>
			<description><![CDATA[<html xmlns:fo="http://www.w3.org/1999/XSL/Format" xmlns:msxsl="urn:schemas-microsoft-com:xslt">

<head>

<META http-equiv="Content-Type" content="text/html">

<meta http-equiv="content-type" content="text/html; charset=UTF-8">

</head>

<body style="margin:0px 0px 0px 0px;overflow:auto;background:#FFFFFF;">

<table style="font-family:Arial,Verdana,Times;font-size:12px;text-align:left;width:100%;border-collapse:collapse;padding:3px 3px 3px 3px">

<tr style="text-align:center;font-weight:bold;background:#9CBCE2">

<td>15</td>

</tr>

<tr>

<td>

<table style="font-family:Arial,Verdana,Times;font-size:12px;text-align:left;width:100%;border-spacing:0px; padding:3px 3px 3px 3px">

<tr>

<td>FID</td>

<td>14</td>

</tr>

<tr bgcolor="#D4E4F3">

<td>Id</td>

<td>15</td>

</tr>

</table>

</td>

</tr>

</table>

</body>

</html>]]></description>
			<styleUrl>#PolyStyle001</styleUrl>
			<MultiGeometry>
				<Polygon>
					<outerBoundaryIs>
						<LinearRing>
							<coordinates>
								73.11544577297204,19.00808260273094,0 73.11542974368348,19.00851745534044,0 73.11541800239335,19.00883597712608,0 73.11531914449021,19.01151771761502,0 73.11528177077831,19.01253151100784,0 73.11447626026512,19.01254062487213,0 73.1120102674862,19.01260867096426,0 73.10973240253145,19.01270729022382,0 73.10951858676273,19.01269276864409,0 73.10909906430766,19.0126642755018,0 73.10898662353249,19.01265663858237,0 73.10873613971023,19.01258476033381,0 73.10728378221397,19.01212468191839,0 73.10737915393048,19.01146264617621,0 73.10752863017376,19.01024518036002,0 73.10777504683004,19.00845506091625,0 73.10765469004708,19.00621063609467,0 73.1118063042876,19.00603119072217,0 73.11166930795305,19.00149897825643,0 73.11376349258776,19.00140860822702,0 73.11403065781101,19.00123617440881,0 73.11403081636438,19.00123676864305,0 73.11438546252145,19.00124592271512,0 73.11456883595793,19.00125065603596,0 73.11476018094166,19.0012555951048,0 73.11495120789733,19.00126052531427,0 73.11509967893943,19.00126435760638,0 73.11513661037995,19.00126531037417,0 73.11523802979032,19.00126792769884,0 73.11523843315264,19.00126793810823,0 73.1155301251723,19.00127546547609,0 73.11553022689911,19.00127537165775,0 73.11564316439065,19.00125898255351,0 73.11563476966792,19.00166047949782,0 73.11563227199815,19.00177993508166,0 73.11562312220548,19.00213527986616,0 73.11560774155537,19.00273259882588,0 73.11558461706584,19.00363063254341,0 73.11557982140985,19.00381686717547,0 73.11557176701666,19.00412964902413,0 73.11555644785359,19.00472453948502,0 73.11555242328254,19.00488082401084,0 73.11554759274034,19.0050684053801,0 73.11552966098121,19.00576472742742,0 73.11552645490873,19.00588922316406,0 73.11552606945205,19.00590419088596,0 73.11549173777517,19.00683561175848,0 73.1154908708496,19.00685913120236,0 73.11548293904833,19.00707431800156,0 73.1154721415689,19.0073672475251,0 73.11544577297204,19.00808260273094,0 
							</coordinates>
						</LinearRing>
					</outerBoundaryIs>
				</Polygon>
			</MultiGeometry>
		</Placemark>
		<Placemark id="ID_00015">
			<name>16</name>
			<Snippet maxLines="0"></Snippet>
			<description><![CDATA[<html xmlns:fo="http://www.w3.org/1999/XSL/Format" xmlns:msxsl="urn:schemas-microsoft-com:xslt">

<head>

<META http-equiv="Content-Type" content="text/html">

<meta http-equiv="content-type" content="text/html; charset=UTF-8">

</head>

<body style="margin:0px 0px 0px 0px;overflow:auto;background:#FFFFFF;">

<table style="font-family:Arial,Verdana,Times;font-size:12px;text-align:left;width:100%;border-collapse:collapse;padding:3px 3px 3px 3px">

<tr style="text-align:center;font-weight:bold;background:#9CBCE2">

<td>16</td>

</tr>

<tr>

<td>

<table style="font-family:Arial,Verdana,Times;font-size:12px;text-align:left;width:100%;border-spacing:0px; padding:3px 3px 3px 3px">

<tr>

<td>FID</td>

<td>15</td>

</tr>

<tr bgcolor="#D4E4F3">

<td>Id</td>

<td>16</td>

</tr>

</table>

</td>

</tr>

</table>

</body>

</html>]]></description>
			<styleUrl>#PolyStyle001</styleUrl>
			<MultiGeometry>
				<Polygon>
					<outerBoundaryIs>
						<LinearRing>
							<coordinates>
								73.12744045313774,18.99963554519336,0 73.12748536835446,18.99992208717467,0 73.12757309296396,19.00048173477037,0 73.12757520798785,19.00049523018158,0 73.12809129076301,19.00052196681921,0 73.12799394292477,19.00080063631475,0 73.12775468915339,19.00129776861171,0 73.12879041511647,19.00125805634177,0 73.1289471546072,19.00162295520848,0 73.128801851047,19.00253725563731,0 73.12879848789071,19.00255841504282,0 73.12890948552634,19.00267961654728,0 73.12901943306727,19.00279967119857,0 73.12916684582845,19.00309993950709,0 73.12791433541615,19.00349725528883,0 73.12790383596651,19.00350058583242,0 73.12776850937772,19.0035435128822,0 73.12638268265739,19.00312808636185,0 73.12625832971601,19.003090808413,0 73.12624058601276,19.00311954055204,0 73.12607790153331,19.00338297586207,0 73.12602723018956,19.00392666678612,0 73.12602649177813,19.00393459373128,0 73.12592282739587,19.00511311148417,0 73.12574459884985,19.0055451282993,0 73.12549466260531,19.0055366187416,0 73.12546773866504,19.0056070961429,0 73.12481852773877,19.00559668920317,0 73.1247978332816,19.00559706381613,0 73.12461544562366,19.00560036599795,0 73.12405048051728,19.00578585139121,0 73.1238427527108,19.0057361191128,0 73.1238419684247,19.00573593138133,0 73.12349383936986,19.00576681751215,0 73.1230086395489,19.00583073045889,0 73.12258620204697,19.00597779983231,0 73.12250030733179,19.00600770320172,0 73.12233380508344,19.00600100224091,0 73.12231616101974,19.00600029187085,0 73.122299089387,19.00599960538008,0 73.12230302774236,19.00639468213819,0 73.12230381707909,19.0064738698706,0 73.12217523080382,19.006521109042,0 73.12212220877328,19.00654058768364,0 73.12199879145767,19.00685578283802,0 73.12198256209605,19.00689723141656,0 73.12171140589567,19.0075897383416,0 73.12170913154721,19.00759554566758,0 73.1213551068839,19.00849968095701,0 73.121269678734,19.00828704915894,0 73.12108974823478,19.00822930756311,0 73.1206941511936,19.00811177942177,0 73.12070443468008,19.00808046431992,0 73.12046807999543,19.00801024562568,0 73.11998013724178,19.00788811317251,0 73.12000721153373,19.00781280513134,0 73.12011238797615,19.00751574483064,0 73.12011343016898,19.00751280125522,0 73.12012401254535,19.00748291232343,0 73.12014174608221,19.0074328266507,0 73.12001151801589,19.00739111136298,0 73.12006339219003,19.00724116158636,0 73.12010238618497,19.00712539398421,0 73.11974184445408,19.00700843186347,0 73.11960838818459,19.00701009731544,0 73.11956618298544,19.00698506201536,0 73.11971289650312,19.00663089195286,0 73.11993558213703,19.00595625092805,0 73.11959807466813,19.00580223598777,0 73.11700368518447,19.00586720474409,0 73.11552606945205,19.00590419088595,0 73.11563227199814,19.00177993508166,0 73.11729166778952,19.0016964477736,0 73.12067968194584,19.00274913602785,0 73.12161550808226,18.99996927363935,0 73.11825769086397,18.99891691333669,0 73.11901444911877,18.9966443563688,0 73.12063309884647,18.99749977162728,0 73.12378174194811,18.99848954161362,0 73.12509186255598,18.99889673355835,0 73.12605742624061,18.99919716878617,0 73.12683666264336,18.99944217144645,0 73.12744045313774,18.99963554519336,0 
							</coordinates>
						</LinearRing>
					</outerBoundaryIs>
				</Polygon>
			</MultiGeometry>
		</Placemark>
		<Placemark id="ID_00016">
			<name>17</name>
			<Snippet maxLines="0"></Snippet>
			<description><![CDATA[<html xmlns:fo="http://www.w3.org/1999/XSL/Format" xmlns:msxsl="urn:schemas-microsoft-com:xslt">

<head>

<META http-equiv="Content-Type" content="text/html">

<meta http-equiv="content-type" content="text/html; charset=UTF-8">

</head>

<body style="margin:0px 0px 0px 0px;overflow:auto;background:#FFFFFF;">

<table style="font-family:Arial,Verdana,Times;font-size:12px;text-align:left;width:100%;border-collapse:collapse;padding:3px 3px 3px 3px">

<tr style="text-align:center;font-weight:bold;background:#9CBCE2">

<td>17</td>

</tr>

<tr>

<td>

<table style="font-family:Arial,Verdana,Times;font-size:12px;text-align:left;width:100%;border-spacing:0px; padding:3px 3px 3px 3px">

<tr>

<td>FID</td>

<td>16</td>

</tr>

<tr bgcolor="#D4E4F3">

<td>Id</td>

<td>17</td>

</tr>

</table>

</td>

</tr>

</table>

</body>

</html>]]></description>
			<styleUrl>#PolyStyle001</styleUrl>
			<MultiGeometry>
				<Polygon>
					<outerBoundaryIs>
						<LinearRing>
							<coordinates>
								73.11554552173837,18.99253831083537,0 73.11572691637741,18.98989305760704,0 73.11574993153137,18.98955742053863,0 73.11585325548222,18.98718823581436,0 73.11585829346039,18.98707271299426,0 73.11604693363844,18.98459838257677,0 73.11611796066327,18.9825246074666,0 73.11615168253397,18.98153998718993,0 73.11638389201784,18.98160464444826,0 73.11758378547566,18.98198957456233,0 73.11756272077808,18.98207540775478,0 73.11755772323239,18.9821329563851,0 73.11755986355151,18.98219066515385,0 73.11756911212959,18.98224773561,0 73.11758534101165,18.98230337813337,0 73.11760832566355,18.98235682285966,0 73.1176377480782,18.9824073303323,0 73.11767320117512,18.98245420173358,0 73.11771419443265,18.98249678855353,0 73.11776016067445,18.98253450156282,0 73.11781046391687,18.98256681896544,0 73.11786440816836,18.98259329361837,0 73.11792124705919,18.98261355921844,0 73.11796704760705,18.98262486481189,0 73.118013744172,18.98263213193615,0 73.11819692288474,18.98265311606574,0 73.12003182496147,18.98258571499278,0 73.12004126357431,18.98344409495528,0 73.12004763189097,18.98402326815129,0 73.12004819611639,18.9840745828626,0 73.11986653959741,18.98559649519768,0 73.12039990823227,18.9856522791638,0 73.12072921585226,18.98538098384243,0 73.12072095470519,18.98531110629559,0 73.12078400307234,18.98528999031325,0 73.12091767493808,18.98524522170382,0 73.12099619427461,18.98531402932078,0 73.12098725780457,18.9854654090374,0 73.12119923253802,18.98553289390546,0 73.12118302627159,18.98556927940588,0 73.12220062296342,18.98587209456618,0 73.12227127781077,18.98591442800869,0 73.12169780974372,18.98649062449757,0 73.12110414204191,18.98800835603933,0 73.12089717103589,18.98865161064977,0 73.11946847712468,18.98925126011392,0 73.11887881495993,18.98949874767991,0 73.11857125427089,18.98947769407682,0 73.11854437125211,18.98967566385075,0 73.11855735471673,18.98968081912839,0 73.11860389641073,18.98970549219498,0 73.11882162449568,18.98985749226721,0 73.11911318767294,18.99007282726905,0 73.11915993854136,18.99010859834907,0 73.11951710253479,18.99038187887585,0 73.11961004190616,18.99045299012004,0 73.11963281091472,18.9904704120002,0 73.11991107968829,18.99068332522001,0 73.12094973469135,18.99135626646358,0 73.12138173250631,18.99092444037121,0 73.12225180789106,18.99014000206245,0 73.12319558560023,18.98928910180307,0 73.12393779888779,18.98861991988462,0 73.12440615384392,18.98912820581131,0 73.12453666995349,18.98930269959659,0 73.12517358154402,18.99015421379022,0 73.12516530656447,18.99016954681263,0 73.12510686848267,18.99027782884346,0 73.12589509997143,18.99124189971248,0 73.12581715526181,18.99161032869112,0 73.12555550696847,18.99284707261479,0 73.12679874483332,18.99312019805649,0 73.12699596894817,18.99310248036051,0 73.12745836216938,18.99299552246841,0 73.12765972363925,18.99306757562393,0 73.12779471196129,18.99312989141256,0 73.12782576979411,18.99338595893045,0 73.1279703181534,18.99342795663118,0 73.12814782328594,18.99340379843729,0 73.12816795949411,18.99341534583392,0 73.12820255676671,18.99343518549117,0 73.12825814776521,18.99346706315994,0 73.1282679124503,18.99347266267523,0 73.12828100909178,18.99348017313826,0 73.12828537338657,18.99348267540854,0 73.12828784192672,18.99348409069568,0 73.12828798252434,18.9934841716162,0 73.12833173176185,18.9935798853266,0 73.12834759454728,18.99361458867264,0 73.12845959837503,18.99385962625517,0 73.12849814169047,18.99394395067664,0 73.12853192087364,18.99401785071903,0 73.12855354896843,18.99406516667482,0 73.12857154037621,18.99410452946221,0 73.12858153721618,18.99414237498991,0 73.12858552141009,18.99417759859941,0 73.12859558665548,18.99426658733725,0 73.1286116100876,18.99440825140164,0 73.12861720705133,18.99445773501526,0 73.12861982139498,18.99448085383189,0 73.12865938952177,18.99452414328589,0 73.12866486492182,18.99453013392454,0 73.12873148548529,18.99460302004938,0 73.12884260192773,18.99471896988712,0 73.12903729870064,18.99477850293734,0 73.12911939521236,18.99482236877799,0 73.12914736139571,18.99483731205352,0 73.12915314596654,18.99484040294406,0 73.12925214482753,18.99489330099127,0 73.12930438864205,18.99492121639136,0 73.12946484027148,18.99504778183051,0 73.12948420282194,18.99506305514329,0 73.12950123897382,18.99505883604158,0 73.1295143686923,18.99505558381158,0 73.12964222700917,18.99502391291151,0 73.12970913025697,18.99508711004924,0 73.12978347091747,18.9951573321156,0 73.12979239311018,18.99516576058189,0 73.12981152868188,18.99518383576409,0 73.12971458452944,18.99540480420823,0 73.12961898885553,18.99558782864535,0 73.12947711617711,18.99585945264435,0 73.12947707528072,18.99585953094281,0 73.12925129039174,18.9961082202578,0 73.12906783419116,18.99622288814286,0 73.12881605376423,18.99626814587266,0 73.12876054860335,18.99627656856576,0 73.12854103170596,18.9963098803649,0 73.12853295452578,18.99637205945682,0 73.12852917208663,18.99640117437286,0 73.12852889981187,18.9964032719917,0 73.12851627318496,18.99650047419503,0 73.12849988896598,18.99662660455999,0 73.12848975204449,18.99670464401953,0 73.12848968790725,18.99670494419832,0 73.12846198057143,18.99683470813916,0 73.12846136019976,18.9968376152834,0 73.12839951530249,18.99712726021167,0 73.12835518139981,18.99733489671722,0 73.12828730688359,18.99746909269649,0 73.12807017833983,18.99789838063955,0 73.12801983221436,18.99799792111425,0 73.1280159970058,18.9980055041672,0 73.12797585140258,18.99811194042249,0 73.12798599586633,18.9980817910817,0 73.12778081426053,18.99862577441743,0 73.1277793583501,18.99862840660089,0 73.12739226955642,18.99932814953598,0 73.12739581526748,18.99935077188598,0 73.12744045313774,18.99963554519336,0 73.12715671810909,18.99954467471942,0 73.12714021504344,18.9995393893447,0 73.12683666264336,18.99944217144645,0 73.12605742624061,18.99919716878617,0 73.12509186255598,18.99889673355835,0 73.12378174194811,18.99848954161362,0 73.12248452037872,18.99808177018599,0 73.12063309884647,18.99749977162728,0 73.11901444911877,18.9966443563688,0 73.1195902914678,18.99490414038236,0 73.1191658832582,18.99493866658658,0 73.11858853070747,18.99446883168285,0 73.11767930531099,18.99390472177761,0 73.11689522292637,18.99324541184675,0 73.11697252432711,18.99316772034247,0 73.11678705199218,18.99290291011986,0 73.11554552173837,18.99253831083537,0 
							</coordinates>
						</LinearRing>
					</outerBoundaryIs>
				</Polygon>
			</MultiGeometry>
		</Placemark>
		<Placemark id="ID_00017">
			<name>18</name>
			<Snippet maxLines="0"></Snippet>
			<description><![CDATA[<html xmlns:fo="http://www.w3.org/1999/XSL/Format" xmlns:msxsl="urn:schemas-microsoft-com:xslt">

<head>

<META http-equiv="Content-Type" content="text/html">

<meta http-equiv="content-type" content="text/html; charset=UTF-8">

</head>

<body style="margin:0px 0px 0px 0px;overflow:auto;background:#FFFFFF;">

<table style="font-family:Arial,Verdana,Times;font-size:12px;text-align:left;width:100%;border-collapse:collapse;padding:3px 3px 3px 3px">

<tr style="text-align:center;font-weight:bold;background:#9CBCE2">

<td>18</td>

</tr>

<tr>

<td>

<table style="font-family:Arial,Verdana,Times;font-size:12px;text-align:left;width:100%;border-spacing:0px; padding:3px 3px 3px 3px">

<tr>

<td>FID</td>

<td>17</td>

</tr>

<tr bgcolor="#D4E4F3">

<td>Id</td>

<td>18</td>

</tr>

</table>

</td>

</tr>

</table>

</body>

</html>]]></description>
			<styleUrl>#PolyStyle001</styleUrl>
			<MultiGeometry>
				<Polygon>
					<outerBoundaryIs>
						<LinearRing>
							<coordinates>
								73.11554552173837,18.99253831083537,0 73.11625425232062,18.99274644441489,0 73.11678705199218,18.99290291011986,0 73.11697252432711,18.99316772034247,0 73.11689522292637,18.99324541184675,0 73.11767930531099,18.99390472177761,0 73.11858853070747,18.99446883168285,0 73.1191658832582,18.99493866658658,0 73.1195902914678,18.99490414038236,0 73.11901444911877,18.9966443563688,0 73.11874119316688,18.99746495696294,0 73.11847412622713,18.99826696219789,0 73.11825769086397,18.99891691333669,0 73.12011317363209,18.99949844184376,0 73.12161550808226,18.99996927363935,0 73.12124009458596,19.00108444925473,0 73.12067968194584,19.00274913602785,0 73.11729166778952,19.0016964477736,0 73.11694058235261,19.00171411279469,0 73.11563227199814,19.00177993508166,0 73.11564316439063,19.00125898255349,0 73.11553022689911,19.00127537165775,0 73.11553012517227,19.00127546547609,0 73.11523843315264,19.00126793810823,0 73.11523802979029,19.00126792769883,0 73.11513661037995,19.00126531037417,0 73.11509967893943,19.00126435760636,0 73.11495120789733,19.00126052531427,0 73.11476018094166,19.0012555951048,0 73.11456883595793,19.00125065603596,0 73.11438546252145,19.00124592271509,0 73.11403081636436,19.00123676864305,0 73.11403065781101,19.0012361744088,0 73.1139431870275,19.00129262990075,0 73.11333198312474,18.99974437382846,0 73.11329577807007,18.99956608416665,0 73.11349945756979,18.99932270216025,0 73.1130530787171,18.99895016403015,0 73.11293324011102,18.99884483882238,0 73.11290695021469,18.99887694040389,0 73.11221197625461,18.99951789116398,0 73.11220979296044,18.99951990419288,0 73.11220535722408,18.99952433516214,0 73.11217234225505,18.99955731438195,0 73.11217061481921,18.99955903994668,0 73.11203980747398,18.99968970544828,0 73.11186536295662,18.99985536417019,0 73.11168657077715,19.00001677398108,0 73.11160794752624,19.00008424230565,0 73.11160494339047,19.00008682021809,0 73.11150354511393,19.00017383214587,0 73.11131640297525,19.00032643776555,0 73.1107883780804,19.00063475741088,0 73.11074779921708,19.00065692012381,0 73.11065657510467,19.00070674272681,0 73.10952498837155,19.0013247594874,0 73.10825743259764,19.00198797490159,0 73.10818528099328,19.00202572611106,0 73.10814223325285,19.00205174384966,0 73.10808323795619,19.00208739967208,0 73.10807904050215,19.00208993654543,0 73.10797501088668,19.00215281030495,0 73.10790095263327,19.00219757016176,0 73.10747295899593,19.00232219749395,0 73.10744235578866,19.00136222277257,0 73.10739390006323,19.00064765740008,0 73.10745333996007,18.99983560074635,0 73.10737925249995,18.99916558909695,0 73.1069405396775,18.99445005622713,0 73.10661170493125,18.99139967444147,0 73.10642552210264,18.98968862232639,0 73.10638262837884,18.98881576314956,0 73.10633466984477,18.98839077417271,0 73.10629563914415,18.98828723793185,0 73.10606494091461,18.98802434587559,0 73.10873554423003,18.98593609851982,0 73.1087451601788,18.98610805185954,0 73.10874535136617,18.98631361063639,0 73.1087926956663,18.98657104050907,0 73.10882479090954,18.98684385080653,0 73.10889536678496,18.98704654358168,0 73.10898293392925,18.98719085017969,0 73.10910424181976,18.98735103779579,0 73.10925981538462,18.98736935880738,0 73.1093561895443,18.9875125601492,0 73.10948671081481,18.98774693776706,0 73.10955919978242,18.98800283176992,0 73.10956403890469,18.98816398042304,0 73.10945609520667,18.98851136817592,0 73.10939460564931,18.98871961116939,0 73.10936675974472,18.98918302461335,0 73.10940026196515,18.98955384724716,0 73.10946378009773,18.99015921572644,0 73.1095345386932,18.9907909503137,0 73.10960240469848,18.99123382988661,0 73.10971851854845,18.99163178868475,0 73.10982129516287,18.99178676731506,0 73.11002591760098,18.99195664946574,0 73.11028461645452,18.99197429049461,0 73.11053411542171,18.99177462812385,0 73.11097697410392,18.99158506636888,0 73.11109495402521,18.99152842815823,0 73.11108470666962,18.99136770230148,0 73.11121816817574,18.99129735891082,0 73.11123085840696,18.99124155784767,0 73.11128007946401,18.99102120609429,0 73.11129431685286,18.99085995418083,0 73.11129939533022,18.99082874047447,0 73.11164503198006,18.99087721704654,0 73.11209542497942,18.99091049568629,0 73.11252340104294,18.99092633512618,0 73.11302365235673,18.99095008131265,0 73.11328428961978,18.99096564639239,0 73.11336656319102,18.99098375454186,0 73.11342500600355,18.99127375583818,0 73.11347588164229,18.99193205751179,0 73.11346405015207,18.99226847694543,0 73.11414227725189,18.99237482391736,0 73.1145511674042,18.99246077613819,0 73.11486797742798,18.99199552516889,0 73.11553831442119,18.99257769049976,0 73.11554552173837,18.99253831083537,0 
							</coordinates>
						</LinearRing>
					</outerBoundaryIs>
				</Polygon>
			</MultiGeometry>
		</Placemark>
		<Placemark id="ID_00018">
			<name>19</name>
			<Snippet maxLines="0"></Snippet>
			<description><![CDATA[<html xmlns:fo="http://www.w3.org/1999/XSL/Format" xmlns:msxsl="urn:schemas-microsoft-com:xslt">

<head>

<META http-equiv="Content-Type" content="text/html">

<meta http-equiv="content-type" content="text/html; charset=UTF-8">

</head>

<body style="margin:0px 0px 0px 0px;overflow:auto;background:#FFFFFF;">

<table style="font-family:Arial,Verdana,Times;font-size:12px;text-align:left;width:100%;border-collapse:collapse;padding:3px 3px 3px 3px">

<tr style="text-align:center;font-weight:bold;background:#9CBCE2">

<td>19</td>

</tr>

<tr>

<td>

<table style="font-family:Arial,Verdana,Times;font-size:12px;text-align:left;width:100%;border-spacing:0px; padding:3px 3px 3px 3px">

<tr>

<td>FID</td>

<td>18</td>

</tr>

<tr bgcolor="#D4E4F3">

<td>Id</td>

<td>19</td>

</tr>

</table>

</td>

</tr>

</table>

</body>

</html>]]></description>
			<styleUrl>#PolyStyle001</styleUrl>
			<MultiGeometry>
				<Polygon>
					<outerBoundaryIs>
						<LinearRing>
							<coordinates>
								73.10622421244148,18.98434036669578,0 73.10641985037284,18.98392830678239,0 73.10645276752989,18.98384677669814,0 73.10646135900626,18.9838254987938,0 73.10646276586563,18.98382201259585,0 73.10647928646023,18.98378109415743,0 73.10654742330298,18.98361233279382,0 73.1065485067741,18.98360964819669,0 73.10657961832975,18.98353259210717,0 73.10658231868878,18.98352590220967,0 73.10661027461127,18.9834566614788,0 73.10662604391769,18.98343616253102,0 73.10662617564397,18.98343568237782,0 73.10663128403414,18.98341699585447,0 73.10664176228212,18.98337866970728,0 73.10668900150765,18.98326166585278,0 73.10671969870252,18.98318563443672,0 73.10672449777866,18.9831709557461,0 73.10676185951091,18.98305668020398,0 73.10676848317365,18.98303642193761,0 73.10680435370405,18.98292670493366,0 73.10682804013838,18.98285425594407,0 73.10691888856645,18.98257638080779,0 73.10693310272704,18.9825329038349,0 73.10695490140904,18.98247825104332,0 73.10702951914321,18.98229117192829,0 73.10703960192872,18.98226589190839,0 73.10710767452552,18.98209522072644,0 73.10714633436064,18.98199829146293,0 73.10713967797497,18.98192808956896,0 73.10713917030994,18.98188410518124,0 73.1072548615617,18.98187537728895,0 73.10731419791396,18.98187090073072,0 73.10737353521438,18.98186642416277,0 73.10737563702175,18.98186219254574,0 73.10739931085426,18.98181452209982,0 73.10744212391957,18.98169801744089,0 73.10750939675761,18.98155529294171,0 73.10753332931641,18.98150959357932,0 73.1076317004088,18.98132174887307,0 73.1076737420547,18.98124146800798,0 73.1077041692716,18.98119623520887,0 73.10773784066743,18.98114617900142,0 73.10779323955094,18.98106395242819,0 73.10781301445077,18.98104029271728,0 73.10782122357575,18.98103047198407,0 73.10783913004964,18.98100904710124,0 73.10787433267069,18.98096692915121,0 73.10787851231018,18.98096192921248,0 73.10810621420933,18.98068949470977,0 73.10811228825884,18.98068222677004,0 73.10811976865901,18.98067327756069,0 73.10812065852495,18.98067226041664,0 73.10812411121826,18.98066831270534,0 73.10813381872119,18.98067413663714,0 73.10814575112801,18.98066263932608,0 73.10815939818643,18.98065302050028,0 73.10816205208779,18.98065169526518,0 73.10817443538801,18.9806455099146,0 73.10818603068562,18.98064368254254,0 73.10819778258411,18.98064354428305,0 73.10820942231722,18.98064509780961,0 73.10822068058725,18.98064830875173,0 73.10823129899994,18.98065310219838,0 73.1082548062854,18.98066311249092,0 73.1082849828282,18.98067596250721,0 73.10838141308673,18.98058863720289,0 73.1083977396581,18.98057197498849,0 73.10844258746178,18.98052621006335,0 73.10844786153316,18.9805208274197,0 73.10882588293445,18.98015209006926,0 73.10886043173301,18.98011839013524,0 73.10892746909832,18.98005313911539,0 73.10912307252245,18.97986274898945,0 73.10917852652932,18.97980877206366,0 73.10919033051088,18.97979728329937,0 73.10921879584224,18.97976957650274,0 73.10926804677766,18.97972900106382,0 73.10929521561937,18.9797066190834,0 73.10941768501013,18.97960015088639,0 73.10947445430931,18.9795567514165,0 73.10951433561085,18.97952180312438,0 73.1095664834763,18.9794761061054,0 73.10961441365646,18.97944408834309,0 73.10975506417947,18.97926282589751,0 73.10992392081519,18.97904336821092,0 73.10996289844744,18.97900483499776,0 73.11008856417826,18.97888060322076,0 73.11020823799963,18.97878430503166,0 73.11024232906242,18.97875434643802,0 73.11027138102408,18.97872881626135,0 73.11038858816453,18.97862581677539,0 73.11038891617693,18.97862552833161,0 73.11063787126749,18.97842532092301,0 73.11067620908086,18.97839448955104,0 73.11068876730225,18.97838439054402,0 73.11075402116602,18.97833191421913,0 73.11095029714193,18.97815949782655,0 73.11102468181019,18.97809415646884,0 73.11112005378089,18.97800501102714,0 73.11126810628859,18.97786662399851,0 73.11139088765538,18.97776417569786,0 73.11163040120552,18.97756432482851,0 73.11169826317195,18.97750770110113,0 73.11181041663367,18.97745434854134,0 73.11192257002884,18.9774009959071,0 73.11198154736122,18.97737995146299,0 73.11211437529766,18.97724844211523,0 73.11255563546119,18.97688485037232,0 73.11319039588714,18.97674033930921,0 73.11338383141847,18.97674231059171,0 73.11385360175932,18.97674709713378,0 73.1146806740966,18.97692761573073,0 73.11498828238486,18.9769698057364,0 73.11526569424117,18.97700785387847,0 73.11547798695254,18.97706209859739,0 73.1155783258039,18.97708773621856,0 73.11596807207984,18.97728291927311,0 73.11646017834252,18.97753955676727,0 73.11662249656537,18.97762420737594,0 73.11615255001072,18.97939379109727,0 73.11615173569244,18.98140865792982,0 73.11615168253397,18.98153998718993,0 73.11611796066327,18.9825246074666,0 73.11604693363844,18.98459838257677,0 73.11585829346039,18.98707271299426,0 73.11585325548222,18.98718823581436,0 73.11574993153137,18.98955742053863,0 73.11572691637741,18.98989305760704,0 73.11554552173837,18.99253831083537,0 73.11553831442119,18.99257769049976,0 73.11486797742798,18.99199552516889,0 73.1145511674042,18.99246077613819,0 73.11414227725189,18.99237482391736,0 73.11346405015207,18.99226847694543,0 73.11347588164229,18.99193205751179,0 73.11342500600355,18.99127375583818,0 73.11336656319102,18.99098375454186,0 73.11328428961978,18.99096564639239,0 73.11302365235673,18.99095008131265,0 73.11252340104294,18.99092633512618,0 73.11209542497942,18.99091049568629,0 73.11164503198006,18.99087721704654,0 73.11129939533022,18.99082874047447,0 73.11129431685286,18.99085995418083,0 73.11128007946401,18.99102120609429,0 73.11123085840696,18.99124155784767,0 73.11121816817574,18.99129735891082,0 73.11108470666962,18.99136770230148,0 73.11109495402521,18.99152842815823,0 73.11097697410392,18.99158506636888,0 73.11053411542171,18.99177462812385,0 73.11028461645452,18.99197429049461,0 73.11002591760098,18.99195664946574,0 73.10982129516287,18.99178676731506,0 73.10971851854845,18.99163178868475,0 73.10960240469848,18.99123382988661,0 73.1095345386932,18.9907909503137,0 73.10946378009773,18.99015921572644,0 73.10940026196515,18.98955384724716,0 73.10936675974472,18.98918302461335,0 73.10939460564931,18.98871961116939,0 73.10945609520667,18.98851136817592,0 73.10956403890469,18.98816398042304,0 73.10955919978242,18.98800283176992,0 73.10948671081481,18.98774693776706,0 73.1093561895443,18.9875125601492,0 73.10925981538462,18.98736935880738,0 73.10910424181976,18.98735103779579,0 73.10898293392925,18.98719085017969,0 73.10889536678496,18.98704654358168,0 73.10882479090954,18.98684385080653,0 73.1087926956663,18.98657104050907,0 73.10874535136617,18.98631361063639,0 73.1087451601788,18.98610805185954,0 73.10873554423003,18.98593609851982,0 73.10935636028015,18.98539203731729,0 73.10932760870473,18.98535634736961,0 73.10932747478991,18.98535618068306,0 73.10931699720227,18.985343174285,0 73.10922535204838,18.98522941402109,0 73.10917875821529,18.98517183716838,0 73.10913583380682,18.98511173310296,0 73.10909673311419,18.98504931389095,0 73.10907369558386,18.98504238536881,0 73.10904943758936,18.98505456710974,0 73.10901901986701,18.98498924280365,0 73.10900391988382,18.98494979783396,0 73.10902021088819,18.98491208473289,0 73.10822314138795,18.98504002748405,0 73.1081056699321,18.98509649010481,0 73.10806523000777,18.98500644437654,0 73.10779767425396,18.98500370898704,0 73.10770050617566,18.98493100963861,0 73.10752736284014,18.98491131273547,0 73.10751941847997,18.98428022011154,0 73.10707418322978,18.98432586089228,0 73.10689253142884,18.98439212340712,0 73.10658729309648,18.98438900088409,0 73.10650787354709,18.98441328538913,0 73.10622421244148,18.98434036669578,0 
							</coordinates>
						</LinearRing>
					</outerBoundaryIs>
				</Polygon>
			</MultiGeometry>
		</Placemark>
		<Placemark id="ID_00019">
			<name>20</name>
			<Snippet maxLines="0"></Snippet>
			<description><![CDATA[<html xmlns:fo="http://www.w3.org/1999/XSL/Format" xmlns:msxsl="urn:schemas-microsoft-com:xslt">

<head>

<META http-equiv="Content-Type" content="text/html">

<meta http-equiv="content-type" content="text/html; charset=UTF-8">

</head>

<body style="margin:0px 0px 0px 0px;overflow:auto;background:#FFFFFF;">

<table style="font-family:Arial,Verdana,Times;font-size:12px;text-align:left;width:100%;border-collapse:collapse;padding:3px 3px 3px 3px">

<tr style="text-align:center;font-weight:bold;background:#9CBCE2">

<td>20</td>

</tr>

<tr>

<td>

<table style="font-family:Arial,Verdana,Times;font-size:12px;text-align:left;width:100%;border-spacing:0px; padding:3px 3px 3px 3px">

<tr>

<td>FID</td>

<td>19</td>

</tr>

<tr bgcolor="#D4E4F3">

<td>Id</td>

<td>20</td>

</tr>

</table>

</td>

</tr>

</table>

</body>

</html>]]></description>
			<styleUrl>#PolyStyle001</styleUrl>
			<MultiGeometry>
				<Polygon>
					<outerBoundaryIs>
						<LinearRing>
							<coordinates>
								73.12668205702126,18.98637961490666,0 73.12676376545453,18.98641972758454,0 73.12684200406323,18.986458137497,0 73.12692111997693,18.98649697805766,0 73.12695603835446,18.98651412002268,0 73.12701742696891,18.98654425770688,0 73.12725786933036,18.98666229750304,0 73.12725766613107,18.98666560726264,0 73.12728582285017,18.98668336912381,0 73.1280547661454,18.98716842919854,0 73.12820948919158,18.98724716160767,0 73.12854710932589,18.98743228995855,0 73.12867464868486,18.98749781420146,0 73.12888070760299,18.98760593838785,0 73.12921140963155,18.98777946574165,0 73.12963949869999,18.98788125602579,0 73.12965598357091,18.98788517531888,0 73.12966351234273,18.9878869651418,0 73.12966889993686,18.98788651911958,0 73.1297000470135,18.98790484206231,0 73.12972246716485,18.98791803227969,0 73.12981962376263,18.98797518687479,0 73.12982328247317,18.98797733868253,0 73.12986499152353,18.98800187524626,0 73.12992490637912,18.98803712206543,0 73.12996801460518,18.98806248128021,0 73.13019579346219,18.98819647801627,0 73.1302265396851,18.98821456556061,0 73.1302558631902,18.98823181573832,0 73.1302994959883,18.98825749185222,0 73.13030114645252,18.98826004614531,0 73.13030183157396,18.98826204955506,0 73.13038863309744,18.98839052380845,0 73.13039882257623,18.98840560493142,0 73.1306981877064,18.98884868955436,0 73.13070083901229,18.98885261445768,0 73.13076423423726,18.98894644387197,0 73.13076989319119,18.98895342370067,0 73.13077029076746,18.98895889773144,0 73.1307696113421,18.98897492871539,0 73.13075198390497,18.98939065240774,0 73.13074968285277,18.9894449281995,0 73.13074471117893,18.98956216935045,0 73.13030853120864,18.99008958587501,0 73.1296493418168,18.99061773533526,0 73.12924225437871,18.99102641170987,0 73.12899816769624,18.99127144904448,0 73.12863347245825,18.99171825264911,0 73.12863475150655,18.99171945625027,0 73.12843066793165,18.99202250536731,0 73.12835082763209,18.99216074968995,0 73.12834648061846,18.99218737007686,0 73.12834466396801,18.99219849136081,0 73.12834355479885,18.99220528264204,0 73.12834174523918,18.99221636424854,0 73.12827067313343,18.99265156093226,0 73.12821915923891,18.99296699110178,0 73.12819692850792,18.99310311883912,0 73.12815726568766,18.99334598328363,0 73.12815066659799,18.99338639003871,0 73.12814782328594,18.99340379843731,0 73.1279703181534,18.9934279566312,0 73.12782576979411,18.99338595893044,0 73.1277947119613,18.99312989141256,0 73.12765972363928,18.99306757562393,0 73.12745836216939,18.99299552246839,0 73.12699596894818,18.99310248036053,0 73.12679874483331,18.99312019805653,0 73.12555550696848,18.99284707261481,0 73.12581715526181,18.99161032869112,0 73.12589509997144,18.9912418997125,0 73.12510686848269,18.99027782884346,0 73.12516530656448,18.99016954681263,0 73.12517358154403,18.99015421379024,0 73.12453666995349,18.98930269959661,0 73.12440615384392,18.98912820581133,0 73.12393779888779,18.98861991988462,0 73.12319558560023,18.98928910180309,0 73.12225180789109,18.99014000206245,0 73.12138173250631,18.99092444037121,0 73.12094973469137,18.99135626646359,0 73.11991107968829,18.99068332522001,0 73.11963281091474,18.99047041200021,0 73.11961004190617,18.99045299012004,0 73.1195171025348,18.99038187887585,0 73.11915993854134,18.99010859834907,0 73.11911318767294,18.99007282726906,0 73.11882162449569,18.98985749226721,0 73.11860389641073,18.989705492195,0 73.11855735471674,18.9896808191284,0 73.1185443712521,18.98967566385075,0 73.1185712542709,18.98947769407685,0 73.11887881495993,18.98949874767993,0 73.11946847712468,18.98925126011394,0 73.12089717103589,18.98865161064977,0 73.12110414204191,18.98800835603934,0 73.12169780974372,18.98649062449757,0 73.12227127781078,18.98591442800869,0 73.12220062296343,18.98587209456621,0 73.12118302627159,18.9855692794059,0 73.12119923253802,18.98553289390548,0 73.12098725780459,18.98546540903742,0 73.12099619427461,18.98531402932078,0 73.1209176749381,18.98524522170382,0 73.12078400307233,18.98528999031327,0 73.12072095470521,18.98531110629561,0 73.12072921585226,18.98538098384244,0 73.1203999082323,18.98565227916382,0 73.11986653959742,18.9855964951977,0 73.12004819611639,18.9840745828626,0 73.12004763189098,18.98402326815132,0 73.12004126357431,18.98344409495529,0 73.12003182496149,18.98258571499279,0 73.11819692288474,18.98265311606576,0 73.11801374417202,18.98263213193616,0 73.11796704760705,18.98262486481193,0 73.1179212470592,18.98261355921845,0 73.11786440816836,18.9825932936184,0 73.11781046391688,18.98256681896543,0 73.11776016067446,18.98253450156285,0 73.11771419443266,18.98249678855352,0 73.11767320117514,18.98245420173359,0 73.11763774807821,18.9824073303323,0 73.11760832566355,18.98235682285967,0 73.11758534101166,18.98230337813338,0 73.11756911212959,18.98224773561,0 73.11755986355152,18.98219066515385,0 73.11755772323242,18.9821329563851,0 73.11756272077807,18.9820754077548,0 73.11758378547566,18.98198957456234,0 73.11676866366186,18.98172808158157,0 73.11615168253397,18.98153998718993,0 73.11615255001072,18.97939379109727,0 73.11662249656538,18.97762420737595,0 73.11646017834254,18.97753955676729,0 73.11596807207985,18.97728291927311,0 73.1155783258039,18.97708773621859,0 73.11547798695256,18.97706209859739,0 73.11526569424117,18.97700785387847,0 73.11498828238487,18.97696980573641,0 73.11468067409662,18.97692761573074,0 73.11385360175932,18.97674709713379,0 73.11338383141849,18.97674231059172,0 73.11319039588714,18.97674033930923,0 73.11255563546121,18.97688485037232,0 73.11280933478898,18.97603032250464,0 73.11282280362519,18.97598495464705,0 73.1128071609064,18.97598557843109,0 73.11280337503638,18.97592562304469,0 73.1127943679261,18.97578299746255,0 73.11294633341384,18.97567459760487,0 73.11294203646757,18.97561001801568,0 73.11324696237834,18.97530478962408,0 73.11336979431378,18.97517876289402,0 73.11346502077654,18.975021980099,0 73.11363194014858,18.97470544904873,0 73.11366564878682,18.97465703241638,0 73.1137346705935,18.97455160985444,0 73.11395291423629,18.97417952742689,0 73.1139694928051,18.97415445759978,0 73.11401885656645,18.97407981073923,0 73.11410684975043,18.97390708862363,0 73.11473547538824,18.97347207933251,0 73.11517437867268,18.97317707427761,0 73.11519093163625,18.97316472549584,0 73.1153020737443,18.97308180963038,0 73.11536875357564,18.97296106639426,0 73.11537723236354,18.97292195309108,0 73.11555569676644,18.97278035640835,0 73.11569045706941,18.97268229601243,0 73.11576030642669,18.97263711401668,0 73.1157908597952,18.97260109445228,0 73.11600538439045,18.97255929690288,0 73.11605602854556,18.97243456528112,0 73.11634370025955,18.97223289080593,0 73.11665570301095,18.97201234046176,0 73.11686369562732,18.9717467524064,0 73.11703854571701,18.97156878684296,0 73.11716873174876,18.97143052238432,0 73.11739010346655,18.97122625945212,0 73.11752963117154,18.97109876585497,0 73.11753774396568,18.97104745841369,0 73.11756990974713,18.97097966480015,0 73.1176816134721,18.97076448579947,0 73.11778064942887,18.97055873937209,0 73.1178487086185,18.97042677453112,0 73.11804508298954,18.97027818781415,0 73.11821660612439,18.97010544478762,0 73.11826989521441,18.97005818276694,0 73.11835725905756,18.96999692481242,0 73.11840509540066,18.9699878494215,0 73.11855910826802,18.96992009835207,0 73.11870655888177,18.9698773774134,0 73.11892981421721,18.96979598816714,0 73.11919658757775,18.96975447877166,0 73.11940804164342,18.96971718705286,0 73.11948594195269,18.9697155877282,0 73.11978706642275,18.96974732854661,0 73.11984933157211,18.96979576422098,0 73.12001098531242,18.96985309719991,0 73.12023785655263,18.96989722958135,0 73.12049172485581,18.96977431966176,0 73.12067868832351,18.96968060811438,0 73.12081253745752,18.96961862635338,0 73.12089255117468,18.96954056092248,0 73.12100687849622,18.96942699092632,0 73.12121283200901,18.96920798574206,0 73.12125611333259,18.96915703480346,0 73.12135274860296,18.96905284560849,0 73.12154467084488,18.9688528196188,0 73.1216132460488,18.96878658869301,0 73.12171021407943,18.96876486553671,0 73.12182626260854,18.96872182349251,0 73.12201661768006,18.96866160806282,0 73.12233944087147,18.9686624908656,0 73.12259101751505,18.96874391863641,0 73.12265368468216,18.96875650478145,0 73.12290194830194,18.96879726514397,0 73.12301166196991,18.96887127858734,0 73.12325283173877,18.96887252745025,0 73.12357870277518,18.96882563448544,0 73.12372426982523,18.96880129137412,0 73.12397858626181,18.96876891109145,0 73.12411323415901,18.96874756742148,0 73.12419990009423,18.96874844521996,0 73.12445278884394,18.96860042257364,0 73.1251212383745,18.96866964997051,0 73.12546642448648,18.96871521211614,0 73.12566798633085,18.969023199698,0 73.12575504272974,18.96914645995208,0 73.12578089054693,18.96953106872691,0 73.12568500492608,18.96983795837537,0 73.12562469456859,18.97001900476518,0 73.1253437275094,18.97052097463393,0 73.12523012101011,18.97076111662052,0 73.12517419229269,18.97090970055793,0 73.12522316106465,18.97124865036643,0 73.12525556662243,18.97131638287101,0 73.12535817077179,18.9714421911169,0 73.12546257242352,18.97154220231439,0 73.12566629128941,18.97165756092431,0 73.12589890481846,18.97188507371955,0 73.12614813151228,18.97197507810871,0 73.12646855255205,18.97216905972384,0 73.12661151682479,18.97219058391512,0 73.12697614655593,18.97234055353922,0 73.12743693613221,18.9725187438276,0 73.12788914658277,18.97252044799994,0 73.12789270413914,18.97252150840932,0 73.12814305696959,18.97259615590948,0 73.12836314982061,18.97259551237904,0 73.12866620731683,18.97272477868074,0 73.12890579755606,18.97282281808489,0 73.12893931312507,18.97283653231963,0 73.12915775980478,18.97311839522485,0 73.12926344757241,18.97323849622449,0 73.1294513625141,18.9734196613018,0 73.12954518457479,18.97352243274067,0 73.12982394086528,18.97384840599633,0 73.13001991845049,18.97407267591946,0 73.13119918009187,18.97421365359669,0 73.1317279080109,18.97433850049048,0 73.13194024135959,18.97444820313759,0 73.13245905911968,18.97467333725949,0 73.13235557632771,18.97486231611379,0 73.1322171612241,18.97524383429437,0 73.13213860017905,18.97552986801037,0 73.13213657980749,18.97598160030859,0 73.13223411118888,18.97615754825288,0 73.13231183522268,18.97621713216681,0 73.13238128201696,18.97661365385229,0 73.13228483523129,18.97674605555694,0 73.13224588952501,18.97685895856686,0 73.13222237367498,18.97707527557108,0 73.13229567219129,18.97773484085318,0 73.13238741099208,18.97784452091004,0 73.1323732399695,18.97803392264601,0 73.13231766105729,18.97833166208598,0 73.13234658567106,18.97853177644494,0 73.13216718396863,18.97857777109251,0 73.13203703517392,18.97871317865143,0 73.13196627028587,18.97884058056276,0 73.13193477554799,18.97896120761601,0 73.13181397676884,18.97897911062497,0 73.13174693293,18.978998033956,0 73.13173212717419,18.97906169543527,0 73.13165509480275,18.9793929279853,0 73.13168903835432,18.9796385073152,0 73.13168733506143,18.97973529911792,0 73.13168560999948,18.97983327594653,0 73.13172948390589,18.97995442419863,0 73.13174983531103,18.98017978851332,0 73.13179487353034,18.98036548572754,0 73.13183763268596,18.98114991000941,0 73.13181396302255,18.98146996050161,0 73.13174944260938,18.98201726805047,0 73.13175057891131,18.98232842114937,0 73.13175130225642,18.98252640343737,0 73.13186013582916,18.98268047641537,0 73.1318343385948,18.98382079156468,0 73.13183040167803,18.98399479782664,0 73.13176650825419,18.98431683343743,0 73.13170659340862,18.98455238167995,0 73.13149355708101,18.98449346384617,0 73.13083018484802,18.98449823829403,0 73.1303417324953,18.98449904100387,0 73.13017765603749,18.98461211369182,0 73.13011090488507,18.98464968241215,0 73.12988311078725,18.98470857083185,0 73.12957430186067,18.98464234847958,0 73.129449673631,18.98482274573326,0 73.12938478196244,18.98487371846317,0 73.12937128595601,18.98488628729705,0 73.12929337872229,18.9849588422619,0 73.12921467506072,18.9849867292618,0 73.12876678322348,18.9851351754175,0 73.12855260174331,18.98509644328669,0 73.12836357565941,18.98506225911764,0 73.12811698693045,18.98518405679458,0 73.1276464943839,18.98537625111138,0 73.12722303913448,18.98549625803155,0 73.12679334001913,18.98563532181673,0 73.12677680292251,18.98561945808533,0 73.12656732532332,18.98582239103178,0 73.12658982868358,18.98584974211573,0 73.12658505511703,18.98593011326536,0 73.12658227650637,18.98597688688496,0 73.1265677454092,18.98622152230633,0 73.12656543705003,18.98626038340462,0 73.12656312868893,18.98629924450264,0 73.12656217509848,18.98631530248182,0 73.12656426968128,18.98631337869507,0 73.1265638415172,18.98632058338506,0 73.12656976839494,18.98632549095763,0 73.12658157980653,18.98633527134501,0 73.12660174177867,18.98634416873982,0 73.12668205702126,18.98637961490666,0 
							</coordinates>
						</LinearRing>
					</outerBoundaryIs>
				</Polygon>
			</MultiGeometry>
		</Placemark>
	</Folder>
</Document>
</kml>
