<?xml version="1.0" encoding="UTF-8"?>
<kml xmlns="http://www.opengis.net/kml/2.2" xmlns:gx="http://www.google.com/kml/ext/2.2" xmlns:kml="http://www.opengis.net/kml/2.2" xmlns:atom="http://www.w3.org/2005/Atom">
<Folder>
	<name>Temporary Places</name>
	<open>1</open>
	<Document>
		<name>Ward no.1.kml</name>
		<StyleMap id="m_ylw-pushpin">
			<Pair>
				<key>normal</key>
				<styleUrl>#s_ylw-pushpin</styleUrl>
			</Pair>
			<Pair>
				<key>highlight</key>
				<styleUrl>#s_ylw-pushpin_hl</styleUrl>
			</Pair>
		</StyleMap>
		<Style id="s_ylw-pushpin">
			<IconStyle>
				<scale>1.1</scale>
				<Icon>
					<href>https://maps.google.com/mapfiles/kml/pushpin/ylw-pushpin.png</href>
				</Icon>
				<hotSpot x="20" y="2" xunits="pixels" yunits="pixels"/>
			</IconStyle>
			<LineStyle>
				<color>ffffff55</color>
				<width>3</width>
			</LineStyle>
			<PolyStyle>
				<fill>0</fill>
			</PolyStyle>
		</Style>
		<Style id="s_ylw-pushpin_hl">
			<IconStyle>
				<scale>1.3</scale>
				<Icon>
					<href>https://maps.google.com/mapfiles/kml/pushpin/ylw-pushpin.png</href>
				</Icon>
				<hotSpot x="20" y="2" xunits="pixels" yunits="pixels"/>
			</IconStyle>
			<LineStyle>
				<color>ffffff55</color>
				<width>3</width>
			</LineStyle>
			<PolyStyle>
				<fill>0</fill>
			</PolyStyle>
		</Style>
		<Placemark>
			<name>Ward no.1.kml</name>
			<styleUrl>#m_ylw-pushpin</styleUrl>
			<Polygon>
				<tessellate>1</tessellate>
				<outerBoundaryIs>
					<LinearRing>
						<coordinates>
							74.62040073728159,16.87472265036276,0 74.62048904856587,16.87534567773599,0 74.620612264792,16.87621793114136,0 74.62068574138728,16.87710275076154,0 74.62071185026298,16.87741151262952,0 74.62074864065048,16.87785025077021,0 74.6207558420903,16.87794122403641,0 74.62081353013282,16.87848125680957,0 74.62082293103197,16.8785704874116,0 74.62083882087926,16.87871919976631,0 74.62084460493735,16.87877424028216,0 74.62085203553653,16.87884289790952,0 74.62084893792228,16.87906289593854,0 74.62084519511322,16.87932547796323,0 74.62084445185485,16.87937446566372,0 74.62084393341829,16.87940619270003,0 74.62084003822081,16.87952941424172,0 74.62083935522706,16.87954583461733,0 74.62083711802103,16.87961728252451,0 74.62083437833361,16.87970342787262,0 74.62081433043528,16.88032483400363,0 74.62081199508648,16.8803974451168,0 74.62080984838765,16.88044694073302,0 74.62080611174125,16.880530053146,0 74.62080453200809,16.88056597608178,0 74.62079647623223,16.8807466691915,0 74.62079007507688,16.88089165502622,0 74.62077834044244,16.88115430378759,0 74.62076309222765,16.88143079201565,0 74.62076813524806,16.88159049154848,0 74.62077667897955,16.88184267180711,0 74.62078512265997,16.88209170514531,0 74.62079567373775,16.88241095942872,0 74.62080737985713,16.88272353747284,0 74.62085137859412,16.88372966964401,0 74.62087979681806,16.88444453833202,0 74.62089429794236,16.88484394152799,0 74.62089797468613,16.88494261528053,0 74.62091480700597,16.88518629452636,0 74.62092975776744,16.88540417461991,0 74.62092995427543,16.88540855397861,0 74.62096144207261,16.88557219297516,0 74.6210207485482,16.88588288039282,0 74.62114208438017,16.8865203687853,0 74.62122963448998,16.88717508353584,0 74.62127850236338,16.88754305617053,0 74.62131251703572,16.88774478441189,0 74.62146709776223,16.88867718344543,0 74.62157599715788,16.88934775782291,0 74.62156833960407,16.88951474920901,0 74.62155190382639,16.88987173309377,0 74.62153471587327,16.89001382653913,0 74.62142604401427,16.89090699839758,0 74.62138799837528,16.89200890507692,0 74.62136875909671,16.89205724284539,0 74.62113941467038,16.8926344142192,0 74.62093835210938,16.89293082713522,0 74.62045697769413,16.89363939970877,0 74.62042833074973,16.89368156541519,0 74.62041227061329,16.89368569080946,0 74.61920848338823,16.89395884257829,0 74.61745373868173,16.89422360441645,0 74.60957658687613,16.89586018539455,0 74.60945873561319,16.89588594492352,0 74.60936146038729,16.89590253092181,0 74.60891431777517,16.89597998365663,0 74.6087618751951,16.89600656095132,0 74.60857825019255,16.89603836092065,0 74.60843390164574,16.89606343294616,0 74.60833446648455,16.89608060341659,0 74.60824257135714,16.8960965378866,0 74.60794921279694,16.89614733733368,0 74.60741392764209,16.89623982080472,0 74.60667609845963,16.89636779292841,0 74.60666304617256,16.89637008837277,0 74.60666128667545,16.89635736807532,0 74.60661241875626,16.8959907602487,0 74.60653957766648,16.89544294013773,0 74.60648892927658,16.89506368756403,0 74.60641713660948,16.89452346955762,0 74.60633691130271,16.89392189918016,0 74.60621774484214,16.89302523145843,0 74.60614823308869,16.89250505693244,0 74.60607133754696,16.89192635104654,0 74.60602827567435,16.89160140348457,0 74.6059559215244,16.89105877408185,0 74.60594547362309,16.89098014747028,0 74.60594392834881,16.89097016659493,0 74.60593201388299,16.890967210669,0 74.60583410497772,16.89094477847276,0 74.60531919094055,16.89082515250098,0 74.60392249824069,16.89050183602733,0 74.60300639693216,16.89024570722209,0 74.60245476171654,16.89011303447819,0 74.60176384592981,16.88994663619338,0 74.60130063942081,16.88984500242779,0 74.59966351439797,16.88948445727907,0 74.5988367747386,16.88930120344566,0 74.59870198664116,16.8892746034654,0 74.59792186840221,16.88911988039247,0 74.59789225471441,16.88911403593524,0 74.59641113273481,16.88873787896267,0 74.59629279787816,16.88870771210595,0 74.59593098742185,16.88861569471882,0 74.59521136668759,16.8885346669047,0 74.59512807314657,16.88852585604726,0 74.59510069482803,16.88851988068224,0 74.59410539647814,16.88830950478862,0 74.59407822775253,16.88830383305289,0 74.59408093842515,16.88826441444958,0 74.59420799434189,16.88659847096279,0 74.59425439206258,16.88586091905271,0 74.59429312782346,16.88520377505409,0 74.59431106544925,16.88501980752863,0 74.59437399681667,16.88434947486029,0 74.59438038149635,16.88428216632586,0 74.59439983484768,16.88389881650428,0 74.59441907479017,16.88352612665205,0 74.59443627874407,16.88317687314992,0 74.59447970503585,16.88295320168581,0 74.59466124888773,16.8819969057559,0 74.59507656436331,16.88108323777138,0 74.59522922445953,16.88042879514771,0 74.59523243760766,16.88041688712937,0 74.59527376301817,16.88028996082031,0 74.59604200971178,16.87792689339864,0 74.59623130999242,16.87731745582131,0 74.59626988165559,16.87719390627655,0 74.59641703561044,16.87667579512619,0 74.59648367934913,16.87644141100126,0 74.59685333817821,16.87498443527269,0 74.59701242948945,16.87430404211601,0 74.59722708920204,16.87341938408076,0 74.59741057572526,16.87262442309282,0 74.59748336152242,16.8722696086148,0 74.59758324023022,16.87178483743814,0 74.59762825598227,16.87157054085397,0 74.59762906334241,16.87156542474461,0 74.59763318682442,16.87152708099691,0 74.59784923623984,16.86948279036319,0 74.5979174047006,16.86885214354444,0 74.59795938463988,16.86853468570497,0 74.59811920082851,16.86731779408034,0 74.59861210941727,16.86287889455159,0 74.5986140650561,16.86286212534263,0 74.59863530137005,16.8628682067364,0 74.59881409514243,16.86292114128613,0 74.59897187128439,16.86296066456121,0 74.59987396520971,16.86318853109605,0 74.60023968459556,16.86327904034581,0 74.60042570463668,16.86332509397355,0 74.60072904181362,16.86340528839366,0 74.60086159343091,16.86343986433408,0 74.60126143798574,16.86353620364151,0 74.60158228876934,16.86362289518508,0 74.60191996607897,16.86372595626965,0 74.60200363261107,16.86375112585458,0 74.602124935647,16.86378635165003,0 74.60226388578886,16.86382442362549,0 74.60252227351792,16.86390178709802,0 74.60284681808696,16.8639881541844,0 74.60326270315562,16.86408849694683,0 74.60359565016545,16.86417055418361,0 74.60398116632363,16.86426042470659,0 74.60434247800968,16.8643448596133,0 74.60446134591477,16.86437211985814,0 74.60480764006357,16.86444174591598,0 74.60496978959956,16.86447210119993,0 74.60509411104212,16.86449641799083,0 74.60528189255724,16.86453510371202,0 74.6054243329949,16.8645652655567,0 74.6055911380476,16.86460144992212,0 74.60574270844009,16.86463509037533,0 74.60583324944268,16.86465372201609,0 74.60617359276257,16.86472318882333,0 74.60644791627391,16.86477895705902,0 74.60664247967711,16.86478474375619,0 74.60668332180067,16.8647863779059,0 74.60680362062581,16.86479350449701,0 74.60694547488198,16.86480183818085,0 74.60714096520101,16.86480914197116,0 74.60744558110852,16.86482140344179,0 74.60757080178703,16.86482645384878,0 74.60799197383569,16.8649824792754,0 74.60826518675528,16.86509047865895,0 74.60848520055396,16.86517200438226,0 74.60863366782135,16.86522725586299,0 74.6087422491338,16.86526826854304,0 74.60898932771764,16.86536759126899,0 74.60916642372206,16.86543292185343,0 74.60927413608299,16.8654717809904,0 74.6095472307464,16.86554938410358,0 74.60964474767295,16.86557764355953,0 74.6098548871729,16.86563341333653,0 74.61002691724067,16.86567752217916,0 74.61007498122423,16.86569008650908,0 74.61021366139813,16.86572964484519,0 74.61040613827772,16.8657847335637,0 74.61056466420649,16.86583015871052,0 74.61070062060799,16.86586523532662,0 74.61089121677031,16.86591412759739,0 74.6109594452232,16.86593440126757,0 74.61104590748268,16.8659599789006,0 74.61112860890086,16.86600288024854,0 74.61134067441094,16.86611302775087,0 74.61143336233255,16.86616156203872,0 74.61161774575149,16.86626022832182,0 74.61181123026495,16.86636361135136,0 74.61208557448063,16.86651278150922,0 74.61235783642279,16.86666204777369,0 74.61264600490618,16.86681664562117,0 74.61330913215576,16.86717135870329,0 74.61492591642788,16.8680385031162,0 74.6151669068775,16.86816840099658,0 74.61565027216764,16.86842911709644,0 74.61618803399853,16.86871672628991,0 74.61633137961111,16.868792434154,0 74.61637746875687,16.86881785950055,0 74.61640944896045,16.86883408576801,0 74.61649250661914,16.8688934576434,0 74.61649600909273,16.86889614139852,0 74.61649595835978,16.86891142562262,0 74.61649576889602,16.86893738085596,0 74.61649332067446,16.86935572677766,0 74.6164893083497,16.86993594986392,0 74.61648514241378,16.87065644088856,0 74.61648492633898,16.87068012330267,0 74.61646868928599,16.87069383298211,0 74.61621887441916,16.87090524635735,0 74.61621200060293,16.87091105965158,0 74.61621331555844,16.87091875310448,0 74.61622265971046,16.87097385873035,0 74.61627394100728,16.871271466954,0 74.61627608829708,16.87128403909096,0 74.6162929303658,16.87129822206374,0 74.61666312679957,16.87160793442736,0 74.6166675648675,16.87161176446338,0 74.61667702258241,16.87161590669864,0 74.61669987595889,16.87162629319223,0 74.61778645367133,16.87211090300546,0 74.61781224747425,16.87212299219908,0 74.61813674610298,16.8721281581097,0 74.61831010543605,16.87213056650439,0 74.61833929022384,16.87213127669808,0 74.6188284897891,16.87231754719269,0 74.61904909646836,16.87240132659134,0 74.61924508909385,16.87247610573491,0 74.61943049642856,16.8725467241189,0 74.61973703146332,16.8726628725857,0 74.61986082184907,16.87271039773757,0 74.61987617968012,16.87271624178356,0 74.61988894570115,16.87275209426388,0 74.62015196532245,16.87348616826869,0 74.6202799442277,16.87412158173668,0 74.62040073728159,16.87472265036276,0 
						</coordinates>
					</LinearRing>
				</outerBoundaryIs>
			</Polygon>
		</Placemark>
	</Document>
	<Document>
		<name>Ward no.2.kml</name>
		<StyleMap id="m_ylw-pushpin0">
			<Pair>
				<key>normal</key>
				<styleUrl>#s_ylw-pushpin0</styleUrl>
			</Pair>
			<Pair>
				<key>highlight</key>
				<styleUrl>#s_ylw-pushpin_hl0</styleUrl>
			</Pair>
		</StyleMap>
		<Style id="s_ylw-pushpin0">
			<IconStyle>
				<scale>1.1</scale>
				<Icon>
					<href>https://maps.google.com/mapfiles/kml/pushpin/ylw-pushpin.png</href>
				</Icon>
				<hotSpot x="20" y="2" xunits="pixels" yunits="pixels"/>
			</IconStyle>
			<LineStyle>
				<color>ffffff55</color>
				<width>3</width>
			</LineStyle>
			<PolyStyle>
				<fill>0</fill>
			</PolyStyle>
		</Style>
		<Style id="s_ylw-pushpin_hl0">
			<IconStyle>
				<scale>1.3</scale>
				<Icon>
					<href>https://maps.google.com/mapfiles/kml/pushpin/ylw-pushpin.png</href>
				</Icon>
				<hotSpot x="20" y="2" xunits="pixels" yunits="pixels"/>
			</IconStyle>
			<LineStyle>
				<color>ffffff55</color>
				<width>3</width>
			</LineStyle>
			<PolyStyle>
				<fill>0</fill>
			</PolyStyle>
		</Style>
		<Placemark>
			<name>Ward no.2.kml</name>
			<styleUrl>#m_ylw-pushpin0</styleUrl>
			<Polygon>
				<tessellate>1</tessellate>
				<outerBoundaryIs>
					<LinearRing>
						<coordinates>
							74.6202799442277,16.87412158173668,0 74.62015196532245,16.87348616826869,0 74.61988894570115,16.87275209426388,0 74.61987617968012,16.87271624178356,0 74.61986082184907,16.87271039773757,0 74.61973703146332,16.8726628725857,0 74.61943049642856,16.8725467241189,0 74.61924508909385,16.87247610573491,0 74.61904909646836,16.87240132659134,0 74.6188284897891,16.87231754719269,0 74.61833929022384,16.87213127669808,0 74.61831010543605,16.87213056650439,0 74.61813674610298,16.8721281581097,0 74.61781224747425,16.87212299219908,0 74.61778645367133,16.87211090300546,0 74.61669987595889,16.87162629319223,0 74.61667702258241,16.87161590669864,0 74.6166675648675,16.87161176446338,0 74.61666312679957,16.87160793442736,0 74.6162929303658,16.87129822206374,0 74.61627608829708,16.87128403909096,0 74.61627394100728,16.871271466954,0 74.61622265971046,16.87097385873035,0 74.61621331555844,16.87091875310448,0 74.61621200060293,16.87091105965158,0 74.61621887441916,16.87090524635735,0 74.61646868928599,16.87069383298211,0 74.61648492633898,16.87068012330267,0 74.61648514241378,16.87065644088856,0 74.6164893083497,16.86993594986392,0 74.61649332067446,16.86935572677766,0 74.61649576889602,16.86893738085596,0 74.61649595835978,16.86891142562262,0 74.61649600909273,16.86889614139852,0 74.61649250661914,16.8688934576434,0 74.61640910505267,16.86883394021105,0 74.61655488935074,16.86805859258607,0 74.61741977965198,16.86642110397952,0 74.61743533778524,16.86639046794207,0 74.61747691258145,16.86633928636294,0 74.61769974709424,16.86606209966677,0 74.61770794057766,16.86605196371595,0 74.61771593647541,16.86601955338853,0 74.61776115810339,16.86583569427173,0 74.61776200639497,16.86583223171235,0 74.6177605383654,16.86582322234228,0 74.61772473846219,16.86561109943314,0 74.61772398902322,16.8656060171017,0 74.6177193084861,16.86560136976237,0 74.61734837461508,16.86523998872379,0 74.61734385164235,16.86523573605283,0 74.61734253328667,16.8652204229153,0 74.61730543662014,16.86486222033008,0 74.61710955090983,16.8633851001546,0 74.61710799488843,16.8633731720692,0 74.61710150351036,16.86334772681631,0 74.61675844638332,16.86210512422695,0 74.61675435682524,16.86208996596816,0 74.61674997804144,16.86207847319509,0 74.61642766169678,16.8612061260491,0 74.61636821498024,16.86104525111955,0 74.61620285743567,16.86064285512962,0 74.61600736590003,16.8601685047252,0 74.61591682839705,16.85996090198446,0 74.61583371637185,16.85977133167871,0 74.61573686157766,16.85955103156478,0 74.61572889616023,16.85953286218174,0 74.61571302660651,16.85950440131425,0 74.61533378538282,16.85883360725069,0 74.6151596341836,16.85852495793138,0 74.61512315194946,16.85844762047215,0 74.61477689792254,16.85771286146018,0 74.61423892549919,16.85665369031867,0 74.614237888208,16.85665189180573,0 74.61423563025767,16.85664414399151,0 74.61400735704885,16.85590529938295,0 74.61400202692474,16.85588808974101,0 74.61400559812043,16.85588304588366,0 74.61440893843034,16.85532164801861,0 74.61453777726318,16.85514224297616,0 74.61486189142754,16.85469427330218,0 74.61521650861108,16.8542036818903,0 74.61667874540873,16.85217783437682,0 74.61824700829632,16.85000882768648,0 74.61910845131695,16.84881628350779,0 74.62250109517151,16.84411563456186,0 74.62251998197139,16.84408880776002,0 74.62250155220053,16.84405868129232,0 74.62069366878112,16.8410728139644,0 74.6206857841353,16.84106009417321,0 74.62067346356062,16.84105144603967,0 74.62016628885529,16.84070526057373,0 74.62015987738032,16.84070100843793,0 74.62015355251846,16.84069103264146,0 74.61999344406273,16.84044630857798,0 74.61944504693139,16.83960811282051,0 74.61944088337805,16.83960202912668,0 74.61945590994549,16.83959671663229,0 74.62334028564099,16.83824384318803,0 74.62395296822406,16.83803043173498,0 74.62427599688976,16.83791733382465,0 74.624628649066,16.8377946948901,0 74.62487345154943,16.83770993874527,0 74.62503747813209,16.83765530013929,0 74.62525082344229,16.83758481828676,0 74.62551234021237,16.83749820349408,0 74.62585258201995,16.83738574060744,0 74.62625568850345,16.83725234601174,0 74.62674144917879,16.83709241706831,0 74.62689959591728,16.83703815843276,0 74.62707528034095,16.83697734328208,0 74.62725067643278,16.83691636601964,0 74.62758880437919,16.83679886896749,0 74.63054704494657,16.83577148601657,0 74.63070128554617,16.83571768975015,0 74.63071444440045,16.83571312000093,0 74.63070129937817,16.83576211672414,0 74.63049139257058,16.83653446180104,0 74.63019818357618,16.83761421876043,0 74.63011674501362,16.83791294426069,0 74.6299620474344,16.83845915988384,0 74.62993059731647,16.83856887950617,0 74.62990958359605,16.83868215990914,0 74.62983878710246,16.83906030709916,0 74.62982345207779,16.83911713091885,0 74.62965186423931,16.83973359371487,0 74.62964730529869,16.83975008776326,0 74.6296415519645,16.83979543490459,0 74.62957080107373,16.84033472852334,0 74.62945902800197,16.84105616637033,0 74.62931342805277,16.84199765700658,0 74.6293083504859,16.84203048825452,0 74.62931228506494,16.84205124599243,0 74.62943766836833,16.8427036901285,0 74.62944220744272,16.84272718063215,0 74.62944295009964,16.84273089685673,0 74.62944626604802,16.8427313817907,0 74.63141425753572,16.8429712430296,0 74.63142811179165,16.8429730526522,0 74.63143666032559,16.8429841417523,0 74.6316847359217,16.8433131249585,0 74.63169305604984,16.84332404688011,0 74.63171779304234,16.84337247046268,0 74.63190490042818,16.84373618647143,0 74.6319109885154,16.84374800453742,0 74.631927924,16.84374864398077,0 74.63480825114416,16.84383686674032,0 74.63485300114563,16.84383801179887,0 74.63485887746073,16.84382613096119,0 74.6357179622416,16.84205486931802,0 74.63572700686576,16.8420361011324,0 74.63574673873143,16.84203597875311,0 74.638526738262,16.84206068556785,0 74.64036237059715,16.84206058625543,0 74.64089230284429,16.8420625258313,0 74.64167827252548,16.84210286406184,0 74.6418602392137,16.84210704237993,0 74.64218807640498,16.84211681014754,0 74.64237351075612,16.84212203358947,0 74.64271710160314,16.8421307213838,0 74.64294186589096,16.84213950891982,0 74.64386988458827,16.84216683110937,0 74.64440589967381,16.84217812742441,0 74.64549066457484,16.84220919178659,0 74.64552285657872,16.8422107904307,0 74.64552471187196,16.84224763072206,0 74.6455659664505,16.84294934290974,0 74.6455759660178,16.84312432031545,0 74.6456497538134,16.84312142801072,0 74.64958698444009,16.84299272560701,0 74.64963199521959,16.84299075009006,0 74.64971265957786,16.84294595616565,0 74.65060757683672,16.84244867341465,0 74.65062983808447,16.84243589878426,0 74.65064088042043,16.84245284040965,0 74.65193836106728,16.8444582108879,0 74.65195735379261,16.84447582436817,0 74.6524733255925,16.84495060417325,0 74.65428902191573,16.84569790721148,0 74.6543544165305,16.84572451993642,0 74.65443522163262,16.8458122807927,0 74.65468776065171,16.84608832953208,0 74.65469319163292,16.846094238553,0 74.65469837668866,16.84611494532902,0 74.65481306043304,16.84654980440018,0 74.65481907146669,16.84657190906072,0 74.65481893711846,16.8466060968149,0 74.65481659581771,16.84847527953733,0 74.6548458322258,16.84882649391345,0 74.65484588402278,16.8488307342911,0 74.65485151287461,16.84884243472784,0 74.65502787922561,16.84921762555343,0 74.65503368321505,16.84923044975621,0 74.65504591651023,16.84924949854156,0 74.65532904908436,16.84968719403797,0 74.65544091523249,16.84985951447718,0 74.65557210789872,16.85004590590384,0 74.65579536339901,16.85036341527393,0 74.65609776049817,16.85078990353857,0 74.65615302660024,16.85087063165458,0 74.65627472560612,16.85103806394599,0 74.65635079584303,16.85114203380312,0 74.65641002433446,16.85122395747291,0 74.65652502252881,16.85138169381644,0 74.65660332496267,16.85148923318584,0 74.65671413428409,16.85164171947877,0 74.6569737583431,16.85199866583117,0 74.65716623431653,16.85224217198249,0 74.657430052995,16.85257570247496,0 74.65760708431363,16.85279996639113,0 74.65779247804736,16.85303384565993,0 74.65787560967347,16.85313927097713,0 74.65803202247756,16.85333613866618,0 74.65819034921549,16.85353549935737,0 74.65826632162901,16.85363081335144,0 74.658382041187,16.8537748743119,0 74.65850959769737,16.85393507083576,0 74.65858996115068,16.85403572485086,0 74.65867491652548,16.85414325570382,0 74.65880112308228,16.85430141160755,0 74.65890311288085,16.85442941192187,0 74.65913985611944,16.85472726257991,0 74.6592122849361,16.85481769937073,0 74.6592891906712,16.85491418426977,0 74.65939253753891,16.85503969700306,0 74.65955701520001,16.8552411619986,0 74.6596352912461,16.85533628386321,0 74.66033048959268,16.8561866544606,0 74.66040821384694,16.85628248871632,0 74.66047964874316,16.85635318559498,0 74.66066070970579,16.85653364681714,0 74.66122526177563,16.85709847617857,0 74.66151314582903,16.85737644271509,0 74.66192213071508,16.85777084599937,0 74.662040001493,16.85788560072934,0 74.66358615465411,16.85935663429555,0 74.66363302338651,16.85940114670078,0 74.66363589867396,16.8594039524707,0 74.6635937715627,16.8594000732004,0 74.66182022652994,16.85922825627083,0 74.66177735931963,16.85922410485972,0 74.66175043151938,16.85922556938193,0 74.65925395559628,16.85933546145994,0 74.65904094655767,16.859357886821,0 74.6589269631379,16.85934600631627,0 74.65123216044111,16.85854941326707,0 74.65120966016292,16.85854706252294,0 74.65117619291418,16.85855065055525,0 74.65037198702711,16.85863672739873,0 74.65035087447444,16.85863922276862,0 74.65034483664748,16.85861029588273,0 74.65019261222115,16.85787219323126,0 74.65019014285112,16.85785910593172,0 74.65017544513094,16.85785930300199,0 74.64488644193088,16.85802217329338,0 74.64485808411892,16.85802300181234,0 74.64483200661786,16.8580271033109,0 74.64268826690996,16.85835907494284,0 74.64266952298034,16.85836194264813,0 74.64265397994659,16.85835974278823,0 74.63427509884613,16.85719018893071,0 74.63425417830136,16.85718732220002,0 74.6342711274485,16.85720558648476,0 74.63511439499824,16.85813159920312,0 74.63548190576704,16.85855317009778,0 74.63599374166253,16.85913779773838,0 74.63604411287382,16.85919517101233,0 74.63605760244803,16.85925804463346,0 74.63719739705637,16.86456522138105,0 74.63721261254105,16.86463500324414,0 74.6372129797181,16.86463655143368,0 74.63717372810757,16.86464668847254,0 74.63555495894632,16.86507130506184,0 74.6353242532487,16.86513159877119,0 74.63358413034125,16.86553328070096,0 74.63240540334866,16.86544260404403,0 74.63150861223453,16.86537223311743,0 74.63150837107165,16.86538449998703,0 74.63146524492704,16.86642368503913,0 74.63146479651523,16.86644270580082,0 74.63147150006313,16.86644411779261,0 74.63161075940829,16.86647193284025,0 74.63167209889194,16.86648368923152,0 74.63166783851293,16.86652201207563,0 74.63132769579403,16.86943665791441,0 74.63132053206442,16.86949938325948,0 74.63130220836258,16.86949880139837,0 74.63072577028032,16.86945379298625,0 74.62771176687714,16.8692156940298,0 74.626856228279,16.86924842971825,0 74.62667559788508,16.8692559545236,0 74.6266080268323,16.86926158184565,0 74.62555031074039,16.86935671596414,0 74.62549680726818,16.86936189473352,0 74.62412836911386,16.86957245639789,0 74.62412394119494,16.8695731905881,0 74.62412910761614,16.86957869228948,0 74.62520375010946,16.87074703981421,0 74.62534844032081,16.87090431376618,0 74.62536550212427,16.87123908569488,0 74.62537307839537,16.87139257757303,0 74.62539403467871,16.87139914025099,0 74.62583160183212,16.87154037336262,0 74.62606128330503,16.87161452295382,0 74.62607216198141,16.87161986410545,0 74.6266009275129,16.87187847209428,0 74.62739307944078,16.87226657750452,0 74.62747273753946,16.87230567986455,0 74.62751362938519,16.87232569323716,0 74.62755874234757,16.87234773325786,0 74.62764377593497,16.87238942018536,0 74.62778008999749,16.87245627166056,0 74.62786240366071,16.87249644962815,0 74.62792628520185,16.8725279690532,0 74.62790558033817,16.87257835979696,0 74.62743771772787,16.87373443236148,0 74.62742100021237,16.87377518975383,0 74.62758354816857,16.87388134716891,0 74.62768101481734,16.87394503086696,0 74.62781904659558,16.8740300222834,0 74.62832667099329,16.87434371751965,0 74.62925778928944,16.87491945377406,0 74.62927836638954,16.87493209926508,0 74.62927574052799,16.87496109554637,0 74.62915479511729,16.87625849136076,0 74.62912123321529,16.87662302420104,0 74.62907382235791,16.8766699441566,0 74.62816379933371,16.87758975867349,0 74.62814416475419,16.87760920653589,0 74.62813467901718,16.87760376209164,0 74.62803084772418,16.8775468226016,0 74.62729331680288,16.87714096472649,0 74.62682712682759,16.87688474355118,0 74.62666675182251,16.87679281914269,0 74.62619358554582,16.87651994219813,0 74.62595262057772,16.87638225354654,0 74.62588553734989,16.87633891060109,0 74.62501344127894,16.87577852623375,0 74.62409182584196,16.87509040480295,0 74.62387079292894,16.87492584788987,0 74.62331523914024,16.87450714862873,0 74.62326126662172,16.87446608921394,0 74.62319446359892,16.87443579551262,0 74.62281326376929,16.87426205502331,0 74.62271769363224,16.8742186063615,0 74.6213948392718,16.87301695062803,0 74.62137695948469,16.87300067528776,0 74.62134906514613,16.87297504120908,0 74.62134004249195,16.87299176106671,0 74.62040822246399,16.87470971710815,0 74.62040104986716,16.87472280333733,0 74.62040050678068,16.87472099362468,0 74.6202799442277,16.87412158173668,0 
						</coordinates>
					</LinearRing>
				</outerBoundaryIs>
			</Polygon>
		</Placemark>
	</Document>
	<Document>
		<name>Ward no.3.kml</name>
		<StyleMap id="m_ylw-pushpin1">
			<Pair>
				<key>normal</key>
				<styleUrl>#s_ylw-pushpin1</styleUrl>
			</Pair>
			<Pair>
				<key>highlight</key>
				<styleUrl>#s_ylw-pushpin_hl1</styleUrl>
			</Pair>
		</StyleMap>
		<Style id="s_ylw-pushpin1">
			<IconStyle>
				<scale>1.1</scale>
				<Icon>
					<href>https://maps.google.com/mapfiles/kml/pushpin/ylw-pushpin.png</href>
				</Icon>
				<hotSpot x="20" y="2" xunits="pixels" yunits="pixels"/>
			</IconStyle>
			<LineStyle>
				<color>ffffff55</color>
				<width>3</width>
			</LineStyle>
			<PolyStyle>
				<fill>0</fill>
			</PolyStyle>
		</Style>
		<Style id="s_ylw-pushpin_hl1">
			<IconStyle>
				<scale>1.3</scale>
				<Icon>
					<href>https://maps.google.com/mapfiles/kml/pushpin/ylw-pushpin.png</href>
				</Icon>
				<hotSpot x="20" y="2" xunits="pixels" yunits="pixels"/>
			</IconStyle>
			<LineStyle>
				<color>ffffff55</color>
				<width>3</width>
			</LineStyle>
			<PolyStyle>
				<fill>0</fill>
			</PolyStyle>
		</Style>
		<Placemark>
			<name>Ward no.3.kml</name>
			<styleUrl>#m_ylw-pushpin1</styleUrl>
			<Polygon>
				<tessellate>1</tessellate>
				<outerBoundaryIs>
					<LinearRing>
						<coordinates>
							74.63138090854247,16.83547943663865,0 74.6325355325024,16.83508678515372,0 74.63396303996808,16.83460221258599,0 74.63521380632007,16.83418268942374,0 74.63627547622694,16.83382842492975,0 74.63781278612308,16.83332255042854,0 74.63823939788088,16.83318261732468,0 74.63917724931423,16.83287087483314,0 74.63995821454176,16.83261181657112,0 74.64086210464335,16.83230100974731,0 74.64157791009301,16.83205283900809,0 74.64272446869786,16.8316554349027,0 74.64286957065977,16.83160658717388,0 74.64390715324993,16.8312534801255,0 74.64476694915871,16.83098046110043,0 74.6447846273843,16.83097826507018,0 74.64526531641442,16.83090674143042,0 74.64531607581597,16.83089892840575,0 74.64532183095595,16.83089296177673,0 74.64562687891105,16.83059132203749,0 74.64578195149822,16.83041671931142,0 74.64582238953858,16.83037355603951,0 74.6459381498164,16.83024843812689,0 74.64607610087013,16.83009388885707,0 74.64609983257692,16.83006725839925,0 74.64610774894795,16.83004989199743,0 74.6462643653071,16.82970037708748,0 74.64627584482345,16.82967524769001,0 74.64628801040604,16.82966845640774,0 74.64659581034729,16.82950245895031,0 74.64662716601268,16.82948557745767,0 74.64665722155945,16.82947566415745,0 74.64763865390614,16.82915428382585,0 74.64765688389744,16.82915227820399,0 74.64798477457074,16.82911694925772,0 74.64800072001037,16.82911804178496,0 74.64865224681051,16.82914611046455,0 74.64877408347378,16.82915100379619,0 74.64883306975355,16.82905799042076,0 74.64884210065868,16.82905835325326,0 74.64952954811977,16.82909388197286,0 74.65025653208333,16.82931173302394,0 74.6509076711083,16.82943980491829,0 74.65098954060731,16.8294560155043,0 74.65114394511258,16.8294721045786,0 74.65208737077131,16.82949864363415,0 74.65213248550634,16.82950012977198,0 74.6521687352834,16.82950547533545,0 74.65302698343287,16.82963515375307,0 74.65306493262813,16.82964107085798,0 74.65306707993047,16.82966732710405,0 74.65315406348493,16.83081503346163,0 74.65316203307493,16.83092071944478,0 74.65316595354935,16.83092976192481,0 74.65326407014128,16.83116675317819,0 74.65330581777299,16.83123372881019,0 74.65356101549482,16.83165006751133,0 74.6561412138014,16.83584581196211,0 74.65623484548965,16.83599639890637,0 74.65669538660124,16.83673891988674,0 74.65708654310235,16.83727948523644,0 74.65723105821245,16.83747903503756,0 74.65727244737582,16.83753194156888,0 74.65756527929614,16.83791368499352,0 74.6579142010965,16.8383673152622,0 74.65801896910151,16.83850376682859,0 74.65815074074251,16.83867637904217,0 74.6584195989826,16.83903592829225,0 74.65842425026413,16.83904216428124,0 74.65843162619741,16.83904443621575,0 74.65862209305602,16.83910398619901,0 74.65880992706442,16.83913509953738,0 74.6587838714058,16.83945376618873,0 74.65883184173227,16.83975074762344,0 74.65893265017374,16.84013940636714,0 74.6589341596777,16.84014606843931,0 74.6589368374525,16.84014991657899,0 74.65900896676557,16.84025440868315,0 74.65903021717122,16.84028514867415,0 74.6592600180355,16.84046448638956,0 74.65932581742186,16.84051593211067,0 74.65952542249225,16.84062798770466,0 74.65957206144016,16.84065398745226,0 74.65958013300917,16.84065488050713,0 74.65992520547552,16.84070113440855,0 74.66004343020633,16.84069176307652,0 74.66109979036668,16.84061081144879,0 74.66227324329459,16.84052042049226,0 74.66233506694039,16.84051597185834,0 74.66238332178419,16.84055406461497,0 74.66263007309999,16.84074805534056,0 74.66333751355145,16.84130463267021,0 74.66341856588632,16.84136848070499,0 74.66343984820378,16.84140364344652,0 74.66385802720245,16.84209406046805,0 74.66393416431397,16.84222002015431,0 74.6639705884019,16.84221742647851,0 74.66645483238244,16.8420376374129,0 74.66647608092006,16.84203608266261,0 74.66647690630397,16.84204802070784,0 74.66657257350188,16.8433946406419,0 74.66657309181517,16.8434010992215,0 74.66658671182611,16.84339989989046,0 74.66807408285641,16.84326766056766,0 74.6686694536333,16.84323064810281,0 74.668729003653,16.8432270649812,0 74.66872941025173,16.84323289762487,0 74.66873449673757,16.84329127571708,0 74.6690454159184,16.84695997311018,0 74.66904705891984,16.84697918803454,0 74.6690533162957,16.84698941041785,0 74.66964568861211,16.84794300892743,0 74.6696548769315,16.8479580967856,0 74.66963969396792,16.84796705760053,0 74.66904045735647,16.84832151152581,0 74.66898207098363,16.84835593054051,0 74.66898152601499,16.84836300781516,0 74.66897658674608,16.84842895096968,0 74.66897375276913,16.84846707228445,0 74.66894402286088,16.84886630443292,0 74.66842627548647,16.85597791012898,0 74.66796424013172,16.85994451806608,0 74.66795710065067,16.8600051785208,0 74.66795281217256,16.86000444274713,0 74.66787425239285,16.85999227619163,0 74.66617256024136,16.85971754942437,0 74.66569437284838,16.85966094876754,0 74.6635937715627,16.8594000732004,0 74.66363589867396,16.8594039524707,0 74.66363302338651,16.85940114670078,0 74.66358615465411,16.85935663429555,0 74.662040001493,16.85788560072934,0 74.66192213071508,16.85777084599937,0 74.66125108445215,16.85712373812017,0 74.66051617672223,16.85638943549369,0 74.66040821384694,16.85628248871632,0 74.66033048959268,16.8561866544606,0 74.65965897036483,16.8553656589842,0 74.65939028935561,16.85503747792258,0 74.65926727303876,16.85488684846906,0 74.65921597658763,16.854822359202,0 74.65879986732122,16.85429988005623,0 74.65867324920744,16.85414098213051,0 74.65842287673871,16.8538261188422,0 74.65815214276691,16.85348765370805,0 74.65787715980598,16.85314097846947,0 74.65697314103771,16.85199795512173,0 74.65675898633056,16.85170318633764,0 74.65661067041877,16.85149959980162,0 74.65631165673568,16.85108873371146,0 74.65615076702261,16.85086747330138,0 74.65609776027024,16.85078998278572,0 74.65579536339901,16.85036341527393,0 74.65557204481563,16.85004594199003,0 74.65543939861422,16.84985730991513,0 74.65531917686253,16.84967248387233,0 74.65504591651023,16.84924949854156,0 74.65503368321505,16.84923044975621,0 74.65502787922561,16.84921762555343,0 74.65485151287461,16.84884243472784,0 74.65484588402278,16.8488307342911,0 74.6548458322258,16.84882649391345,0 74.65481672509837,16.84848420686037,0 74.65481893711846,16.8466060968149,0 74.65481907146669,16.84657190906072,0 74.65481306043304,16.84654980440018,0 74.65469837668866,16.84611494532902,0 74.65469319163292,16.846094238553,0 74.65468776065171,16.84608832953208,0 74.65443522163262,16.8458122807927,0 74.6543544165305,16.84572451993642,0 74.65428902191573,16.84569790721148,0 74.6524733255925,16.84495060417325,0 74.65195735379261,16.84447582436817,0 74.65193836106728,16.8444582108879,0 74.65064088042043,16.84245284040965,0 74.65062983808447,16.84243589878426,0 74.65060757683672,16.84244867341465,0 74.64971265957786,16.84294595616565,0 74.64963199521959,16.84299075009006,0 74.64958698444009,16.84299272560701,0 74.6456497538134,16.84312142801072,0 74.6455759660178,16.84312432031545,0 74.6455659664505,16.84294934290974,0 74.64552471187196,16.84224763072206,0 74.64552285657872,16.8422107904307,0 74.64549066457484,16.84220919178659,0 74.64440589967381,16.84217812742441,0 74.64386988458827,16.84216683110937,0 74.64294186589096,16.84213950891982,0 74.64271710160314,16.8421307213838,0 74.64237351075612,16.84212203358947,0 74.64218807640498,16.84211681014754,0 74.6418602392137,16.84210704237993,0 74.64167827252548,16.84210286406184,0 74.64089230284429,16.8420625258313,0 74.64036237059715,16.84206058625543,0 74.638526738262,16.84206068556785,0 74.63574673873143,16.84203597875311,0 74.63572700686576,16.8420361011324,0 74.6357179622416,16.84205486931802,0 74.63485887746073,16.84382613096119,0 74.63485300114563,16.84383801179887,0 74.63480825114416,16.84383686674032,0 74.631927924,16.84374864398077,0 74.6319109885154,16.84374800453742,0 74.63190490042818,16.84373618647143,0 74.63171779304234,16.84337247046268,0 74.63169305604984,16.84332404688011,0 74.6316847359217,16.8433131249585,0 74.63143666032559,16.8429841417523,0 74.63142811179165,16.8429730526522,0 74.63141425753572,16.8429712430296,0 74.62944626604802,16.8427313817907,0 74.62944295009964,16.84273089685673,0 74.62944220744272,16.84272718063215,0 74.62943766836833,16.8427036901285,0 74.62936446678164,16.84232108007791,0 74.62934351356404,16.84221460409858,0 74.62930815503998,16.84203156463562,0 74.62931194742319,16.84200784974723,0 74.62932789705459,16.8419048215667,0 74.62939155155614,16.84149206880462,0 74.62945831635429,16.841061505549,0 74.62949069318556,16.84084999271397,0 74.62957032051044,16.8403374380563,0 74.62961488226129,16.8399982928372,0 74.62963679026792,16.83983115884593,0 74.62964225878629,16.83978866861825,0 74.62964744820304,16.83975036087153,0 74.62965332391035,16.8397283556752,0 74.62982099296789,16.83912610769908,0 74.62983901421748,16.83905944547976,0 74.62986787973959,16.83890479775924,0 74.6299082418242,16.83868882063401,0 74.62993046043272,16.83856933891389,0 74.62996085891885,16.83846280499937,0 74.63011674501362,16.83791294426069,0 74.63019768952016,16.83761545970069,0 74.63066946524779,16.83587990256969,0 74.63071248860247,16.83572084706695,0 74.63071429981764,16.83571335697205,0 74.63076030250382,16.83569365596233,0 74.63138090854247,16.83547943663865,0 
						</coordinates>
					</LinearRing>
				</outerBoundaryIs>
			</Polygon>
		</Placemark>
	</Document>
	<Document>
		<name>Ward no.4.kml</name>
		<StyleMap id="m_ylw-pushpin2">
			<Pair>
				<key>normal</key>
				<styleUrl>#s_ylw-pushpin2</styleUrl>
			</Pair>
			<Pair>
				<key>highlight</key>
				<styleUrl>#s_ylw-pushpin_hl2</styleUrl>
			</Pair>
		</StyleMap>
		<Style id="s_ylw-pushpin2">
			<IconStyle>
				<scale>1.1</scale>
				<Icon>
					<href>https://maps.google.com/mapfiles/kml/pushpin/ylw-pushpin.png</href>
				</Icon>
				<hotSpot x="20" y="2" xunits="pixels" yunits="pixels"/>
			</IconStyle>
			<LineStyle>
				<color>ffffff55</color>
				<width>3</width>
			</LineStyle>
			<PolyStyle>
				<fill>0</fill>
			</PolyStyle>
		</Style>
		<Style id="s_ylw-pushpin_hl2">
			<IconStyle>
				<scale>1.3</scale>
				<Icon>
					<href>https://maps.google.com/mapfiles/kml/pushpin/ylw-pushpin.png</href>
				</Icon>
				<hotSpot x="20" y="2" xunits="pixels" yunits="pixels"/>
			</IconStyle>
			<LineStyle>
				<color>ffffff55</color>
				<width>3</width>
			</LineStyle>
			<PolyStyle>
				<fill>0</fill>
			</PolyStyle>
		</Style>
		<Placemark>
			<name>Ward no.4.kml</name>
			<styleUrl>#m_ylw-pushpin2</styleUrl>
			<Polygon>
				<tessellate>1</tessellate>
				<outerBoundaryIs>
					<LinearRing>
						<coordinates>
							74.64893135688691,16.82841965937164,0 74.64897849961024,16.82816594208744,0 74.64908876131727,16.82795591745332,0 74.64918468216355,16.82775128815181,0 74.64920286058023,16.82771330309777,0 74.64920487699428,16.82770781448826,0 74.64932653242725,16.82730673083671,0 74.6493739139401,16.82713639263383,0 74.64943537686196,16.82691523970419,0 74.64950662919534,16.82670522668913,0 74.64961983629883,16.82636937155004,0 74.64965253215667,16.82627388851504,0 74.64966481234137,16.82624565155569,0 74.64971597564322,16.82613241513162,0 74.64980151493627,16.82588788531189,0 74.64989222283118,16.82562651618542,0 74.64998080928832,16.82532438362612,0 74.65003274246531,16.82505817302249,0 74.65009037816982,16.82476300828437,0 74.65010820394458,16.82469018451414,0 74.65021167053294,16.82426242047508,0 74.65021494935814,16.82424772853047,0 74.65023249921144,16.82425098316997,0 74.65058125253574,16.82430909377454,0 74.65062411833728,16.82431592093053,0 74.65061092975225,16.82428865770334,0 74.650330956611,16.82370718527766,0 74.65032699088987,16.82369905445016,0 74.65032792894202,16.82369171221141,0 74.65034746042974,16.82353311084407,0 74.6503587987136,16.82344083218534,0 74.65038592718817,16.82331384812692,0 74.65039922588933,16.8232503605348,0 74.65041648497083,16.82321652481848,0 74.65058240375248,16.82289044646075,0 74.65088556636206,16.82228089888904,0 74.65090890004073,16.82223416322577,0 74.65093305957974,16.82224367161082,0 74.65240944258083,16.82282985575486,0 74.65242167532202,16.82283475255038,0 74.65242959918969,16.82283670215003,0 74.65264991740455,16.82288374877613,0 74.65268254147739,16.8228909005926,0 74.65269488710518,16.82288875980671,0 74.65309884999198,16.82281747126956,0 74.653162092626,16.82280645430604,0 74.65341459642589,16.82277724112382,0 74.65353702171933,16.82276317315782,0 74.65389117542311,16.82264825871648,0 74.65393207104694,16.82263496700408,0 74.6539524119075,16.82264361861045,0 74.65444359847702,16.82284622281754,0 74.65446525450857,16.82285510138294,0 74.65447574441367,16.82285510292451,0 74.65490596149047,16.82285515711083,0 74.65496993181249,16.8228548384805,0 74.65497558799315,16.82285584307225,0 74.65583792051834,16.82297095775925,0 74.65591297996218,16.82298097941203,0 74.65598622181733,16.82298797073167,0 74.65712630823771,16.8230961468429,0 74.65735933886344,16.82311705871166,0 74.65770848978202,16.82316264026367,0 74.65771935093866,16.82316411562964,0 74.65772397581998,16.82316536935439,0 74.65859119567691,16.82341139565857,0 74.65860397790935,16.82341500777454,0 74.65860596272573,16.82341545685296,0 74.65864577858414,16.82342339584068,0 74.65957235095942,16.82360850050505,0 74.65962022524678,16.82361795341662,0 74.65963075059879,16.82361842230276,0 74.66080279817264,16.82363896977862,0 74.66103459215353,16.8236441750935,0 74.66186120578212,16.82366070954543,0 74.66201957759969,16.8236640080957,0 74.66331291794444,16.82375426575163,0 74.6636053907794,16.82377175275671,0 74.6639052995971,16.82379084995163,0 74.66406002944508,16.82380011514347,0 74.66413285609296,16.8238096891594,0 74.66518080082135,16.82396078079945,0 74.66529673298334,16.82397726080951,0 74.66584552817416,16.82405615492148,0 74.66597358549843,16.82407727652766,0 74.66791300764564,16.82439609118563,0 74.66792509008093,16.82439799305724,0 74.66792672373415,16.82439816103568,0 74.668596979957,16.82444524062443,0 74.66862224503662,16.82444708726751,0 74.66863151663802,16.8244461630761,0 74.67199494936085,16.82413481005575,0 74.67215245241728,16.82412097586276,0 74.67318822332942,16.82425291848161,0 74.67324173300688,16.82426007400731,0 74.67357804499854,16.82433079397201,0 74.67358500590748,16.82433204732165,0 74.67358335970515,16.82434726890376,0 74.67320907982371,16.83116705854941,0 74.67320082034664,16.83133343005477,0 74.67320057601658,16.83138691528662,0 74.67317568906627,16.83427744273919,0 74.67317486301772,16.83436048456252,0 74.67317836526706,16.83441571663594,0 74.67335219727467,16.83736964353762,0 74.6733529574893,16.83738394034306,0 74.67336337647731,16.83739687943732,0 74.67386190649255,16.8380234255456,0 74.67386800943849,16.83803094597668,0 74.67386625017636,16.83803455723044,0 74.67356158001228,16.83865640782469,0 74.67353658350034,16.83870780444511,0 74.67352786428168,16.83872948835648,0 74.6729580926269,16.84016154088813,0 74.67295602904274,16.84016706438598,0 74.67295362072053,16.84016513140094,0 74.6726906780128,16.83996307651987,0 74.67268808107772,16.83996099947348,0 74.67268745225266,16.83996137611351,0 74.6726764639581,16.83996969604415,0 74.66973180870504,16.84217885502747,0 74.66954829105305,16.84231138072926,0 74.6694535042447,16.84237994335265,0 74.668729003653,16.8432270649812,0 74.6686694536333,16.84323064810281,0 74.66807408285641,16.84326766056766,0 74.66658671182611,16.84339989989046,0 74.66657309181517,16.8434010992215,0 74.66657257350188,16.8433946406419,0 74.66647690630397,16.84204802070784,0 74.66647608092006,16.84203608266261,0 74.66645483238244,16.8420376374129,0 74.6639705884019,16.84221742647851,0 74.66393416431397,16.84222002015431,0 74.66385802720245,16.84209406046805,0 74.66343984820378,16.84140364344652,0 74.66341856588632,16.84136848070499,0 74.66333751355145,16.84130463267021,0 74.66263007309999,16.84074805534056,0 74.66238332178419,16.84055406461497,0 74.66233506694039,16.84051597185834,0 74.66227726724337,16.84052031736257,0 74.66005908835595,16.84069069851396,0 74.65999253879065,16.84069574032643,0 74.65992538274411,16.84070117406672,0 74.65958013300917,16.84065488050713,0 74.65957206144016,16.84065398745226,0 74.65952542249225,16.84062798770466,0 74.65932581742186,16.84051593211067,0 74.6592600180355,16.84046448638956,0 74.65903021717122,16.84028514867415,0 74.65900896676557,16.84025440868315,0 74.6589368374525,16.84014991657899,0 74.6589341596777,16.84014606843931,0 74.65893301848939,16.84014106663864,0 74.65889561575631,16.8399969318089,0 74.65883191697161,16.8397504887912,0 74.6588069282315,16.83959389737416,0 74.65878409506823,16.83945381466157,0 74.65880992706442,16.83913509953738,0 74.65862196080229,16.83910399973655,0 74.65843584716839,16.8390459360365,0 74.65842425026413,16.83904216428124,0 74.6584195989826,16.83903592829225,0 74.65815649111926,16.83868394816765,0 74.65803778868658,16.83852820384647,0 74.65740659791631,16.83770693961617,0 74.65723150982656,16.83747934996282,0 74.65710621756774,16.83730699101626,0 74.6569048997313,16.83702866056434,0 74.65669568954289,16.83673981520533,0 74.65645149068706,16.83634592820128,0 74.65628775102019,16.83608204740291,0 74.656165294185,16.83588446454304,0 74.65581790664008,16.83532339185272,0 74.65564038347816,16.8350344307185,0 74.65534383108027,16.83455237273993,0 74.65517326404982,16.83427388873293,0 74.65498385765611,16.83396563709188,0 74.65483518233526,16.83372378811254,0 74.65466982565481,16.8334539978807,0 74.65452017268288,16.83321110195032,0 74.65421451896621,16.83271296446021,0 74.65386165227125,16.83213927805818,0 74.65328027943492,16.83119204733265,0 74.65326407014128,16.83116675317819,0 74.65316595354935,16.83092976192481,0 74.65316203307493,16.83092071944478,0 74.65315406348493,16.83081503346163,0 74.65306707993047,16.82966732710405,0 74.65306493262813,16.82964107085798,0 74.65302698343287,16.82963515375307,0 74.65287348001921,16.82961182009885,0 74.65276340710716,16.82959589599278,0 74.65264143227957,16.8295766772819,0 74.65233608369485,16.82953082384197,0 74.65217128112256,16.82950597778497,0 74.65213394516245,16.82950005423831,0 74.65206994887173,16.82949806776454,0 74.65153337842808,16.82948301683723,0 74.65114168436422,16.82947181948816,0 74.65098954060731,16.8294560155043,0 74.6509076711083,16.82943980491829,0 74.65025669651824,16.82931138188749,0 74.64983221994397,16.82918433512636,0 74.64952954811977,16.82909388197286,0 74.64917815759323,16.82907552887428,0 74.64884068787664,16.82905839626868,0 74.64883306975355,16.82905799042076,0 74.64893135688691,16.82841965937164,0 
						</coordinates>
					</LinearRing>
				</outerBoundaryIs>
			</Polygon>
		</Placemark>
	</Document>
	<Document>
		<name>Ward no.5.kml</name>
		<StyleMap id="m_ylw-pushpin3">
			<Pair>
				<key>normal</key>
				<styleUrl>#s_ylw-pushpin3</styleUrl>
			</Pair>
			<Pair>
				<key>highlight</key>
				<styleUrl>#s_ylw-pushpin_hl3</styleUrl>
			</Pair>
		</StyleMap>
		<Style id="s_ylw-pushpin3">
			<IconStyle>
				<scale>1.1</scale>
				<Icon>
					<href>https://maps.google.com/mapfiles/kml/pushpin/ylw-pushpin.png</href>
				</Icon>
				<hotSpot x="20" y="2" xunits="pixels" yunits="pixels"/>
			</IconStyle>
			<LineStyle>
				<color>ffffff55</color>
				<width>3</width>
			</LineStyle>
			<PolyStyle>
				<fill>0</fill>
			</PolyStyle>
		</Style>
		<Style id="s_ylw-pushpin_hl3">
			<IconStyle>
				<scale>1.3</scale>
				<Icon>
					<href>https://maps.google.com/mapfiles/kml/pushpin/ylw-pushpin.png</href>
				</Icon>
				<hotSpot x="20" y="2" xunits="pixels" yunits="pixels"/>
			</IconStyle>
			<LineStyle>
				<color>ffffff55</color>
				<width>3</width>
			</LineStyle>
			<PolyStyle>
				<fill>0</fill>
			</PolyStyle>
		</Style>
		<Placemark>
			<name>Ward no.5.kml</name>
			<styleUrl>#m_ylw-pushpin3</styleUrl>
			<Polygon>
				<tessellate>1</tessellate>
				<outerBoundaryIs>
					<LinearRing>
						<coordinates>
							74.64269748330845,16.77629681874795,0 74.64285881325128,16.78198304252339,0 74.6429476745992,16.78509337246928,0 74.64295034984498,16.78611573237174,0 74.6429561435794,16.78768254408962,0 74.6429588738829,16.78880175886735,0 74.64295867333121,16.78881626683722,0 74.64297574031622,16.7888114795683,0 74.64374386047643,16.78860535586579,0 74.64376302807806,16.78859993942759,0 74.64378442829224,16.78859095400125,0 74.64454518806821,16.78827219136839,0 74.64460641084699,16.7882485557748,0 74.64530016434112,16.78797706238633,0 74.64530804021206,16.78797396933059,0 74.64531180313737,16.78797329633953,0 74.64634927826157,16.78777010426215,0 74.6463601551855,16.78776793658103,0 74.64636463252614,16.78776817287757,0 74.64732677448835,16.78780721815314,0 74.64736858612348,16.78780908901004,0 74.64768625139735,16.78792729521678,0 74.64796663691932,16.78803191898729,0 74.64814213274296,16.7880976185725,0 74.64880816416044,16.7885613615245,0 74.64884871395397,16.78858964165751,0 74.64885923375292,16.78859490914661,0 74.64928667742517,16.78880021368326,0 74.64929883302901,16.78880584910576,0 74.64930608881932,16.78880785321968,0 74.64989631195262,16.78897554517425,0 74.64998635106735,16.78900119943265,0 74.65006813038612,16.78901901946201,0 74.65083022771765,16.78918741267578,0 74.65109813084919,16.78924625615618,0 74.651155873939,16.78926085771585,0 74.65144469342452,16.78933507431853,0 74.65178780082483,16.7894233136743,0 74.65221516280856,16.78953294024003,0 74.65226068193863,16.78954483019614,0 74.65227350349862,16.78955524934944,0 74.65279130209724,16.78992888676366,0 74.65282889751902,16.78995612471578,0 74.6528427868664,16.7899802983344,0 74.65321394135985,16.79063385769565,0 74.65323755002758,16.79067479579855,0 74.65322299534486,16.79079950112677,0 74.6531617101372,16.79133552675035,0 74.65306582153183,16.79193596547895,0 74.65305443202688,16.79200532558118,0 74.6530443250126,16.7920726301664,0 74.65322356564567,16.79252115724682,0 74.65323672478937,16.79255479870427,0 74.65324940067919,16.79256550748898,0 74.65366351151742,16.79291432554092,0 74.65368849517789,16.79293533318196,0 74.65370618085819,16.79294224215749,0 74.65420742799544,16.79314170441921,0 74.65425588204022,16.79316099139513,0 74.65427657481865,16.79316305293511,0 74.65480455321432,16.7932179837083,0 74.65484620798463,16.79322175634712,0 74.65486465681322,16.79321835882742,0 74.65546228438123,16.7930988990701,0 74.65562512096311,16.79306660965559,0 74.65642502135491,16.79286096281152,0 74.65645638625779,16.79285296318791,0 74.65647814235423,16.79285184417052,0 74.65741998550924,16.79280188962494,0 74.65744406684486,16.79280119489755,0 74.65746107944344,16.79280408428095,0 74.65821919867112,16.79293208347063,0 74.65823590236884,16.79293490092829,0 74.65824391072292,16.79293866881188,0 74.65879594940786,16.79319272071401,0 74.65881662938847,16.79320232696355,0 74.65882112516387,16.79320525297301,0 74.65915757272698,16.79341035158354,0 74.65916980929526,16.79341780397572,0 74.65917671220232,16.79342121632966,0 74.65947032525722,16.793557249032,0 74.65950246462866,16.79357212643328,0 74.65951654922765,16.79357341517558,0 74.66008996327791,16.79362515312335,0 74.66017790953593,16.79363303847704,0 74.66084855051464,16.79379882189315,0 74.66088648985115,16.79380825989978,0 74.66091234255576,16.79382592307128,0 74.66148138227429,16.79421772991814,0 74.66149758667939,16.79422881104017,0 74.66150420877422,16.79423994252923,0 74.66172199573637,16.79462442775078,0 74.66176649624531,16.79470280234831,0 74.66177237692007,16.79470921539338,0 74.66214735920411,16.79512348615313,0 74.66224609092711,16.79523331228491,0 74.66225770189629,16.79524361690771,0 74.662595555249,16.79555140883867,0 74.66276959861693,16.79570834649055,0 74.66313264710874,16.79582655099169,0 74.66325837239498,16.7958673562619,0 74.6635628714384,16.79590342725681,0 74.66399860960719,16.79585504811309,0 74.66416912038119,16.79583598184869,0 74.66420933020567,16.79582843762867,0 74.66479780695988,16.79571502613533,0 74.66555003548829,16.79557695411943,0 74.66559548056026,16.79556916670006,0 74.66566672551701,16.79556828317749,0 74.66624559624233,16.79556370177808,0 74.66628274899604,16.79556423139653,0 74.66630674999931,16.79557421408883,0 74.66681505481586,16.79578902736767,0 74.66684056683722,16.79579974069278,0 74.66686699858603,16.79582782512363,0 74.6672061206197,16.79619109496754,0 74.66720836833166,16.79619846786923,0 74.66739456933172,16.79674819528821,0 74.6674581015052,16.79693357204074,0 74.66757633308497,16.79742196367821,0 74.6675931364135,16.79748888531238,0 74.6675950526167,16.79752767665426,0 74.66767565318074,16.79859243040897,0 74.66768282308173,16.79869137410964,0 74.66797777203882,16.79936430534607,0 74.66846625879325,16.80005419136732,0 74.6685826054064,16.80021649681083,0 74.66890032727159,16.80055149049479,0 74.66908135824801,16.80074052676088,0 74.6692722345051,16.80092839841179,0 74.66941736640152,16.80107193844242,0 74.66963363245911,16.8014040014676,0 74.66979430398639,16.80165145682242,0 74.66985464693653,16.80175074072902,0 74.67019298859533,16.80231978900884,0 74.67020407342609,16.80233817482987,0 74.67020946720511,16.8023433324646,0 74.67120227047219,16.80337313287031,0 74.67122782717044,16.80340007518242,0 74.67124701158571,16.80341666460514,0 74.67252497186287,16.8044995086391,0 74.6725498267826,16.80452048496798,0 74.67259058757945,16.80453067254347,0 74.67377135875536,16.80482829660218,0 74.67586644423503,16.80559815871862,0 74.67589623823989,16.80560910626344,0 74.67591659166331,16.80562588845472,0 74.67797662766529,16.80731834383674,0 74.67817099023155,16.80747799603036,0 74.6782389432809,16.80762031052242,0 74.6788805652109,16.80895770571877,0 74.67889968823394,16.80899794056059,0 74.67794910661597,16.809340121481,0 74.67685585779942,16.80973384447675,0 74.67548173209866,16.81029701148174,0 74.67448227336804,16.81070571388113,0 74.67431385501006,16.81077493539468,0 74.67431757402908,16.81080619965953,0 74.6743566380668,16.81116315266955,0 74.67449452240351,16.81242082014451,0 74.67461344095847,16.81389528886554,0 74.67461943155101,16.81397234385465,0 74.67461509286618,16.81402716988076,0 74.67426305646477,16.81825795736281,0 74.67412790740127,16.81946845941273,0 74.67388980048432,16.82157356087741,0 74.67358335970515,16.82434726890376,0 74.67358500590748,16.82433204732165,0 74.67357804499854,16.82433079397201,0 74.67324173300688,16.82426007400731,0 74.67318822332942,16.82425291848161,0 74.67215245241728,16.82412097586276,0 74.67199494936085,16.82413481005575,0 74.66863151663802,16.8244461630761,0 74.66862224503662,16.82444708726751,0 74.668596979957,16.82444524062443,0 74.66792672373415,16.82439816103568,0 74.66792509008093,16.82439799305724,0 74.66791300764564,16.82439609118563,0 74.66597358549843,16.82407727652766,0 74.66584552817416,16.82405615492148,0 74.66529673298334,16.82397726080951,0 74.66518080082135,16.82396078079945,0 74.66413285609296,16.8238096891594,0 74.66406002944508,16.82380011514347,0 74.6639052995971,16.82379084995163,0 74.6636053907794,16.82377175275671,0 74.66331291794444,16.82375426575163,0 74.66201957759969,16.8236640080957,0 74.66186120578212,16.82366070954543,0 74.66103459215353,16.8236441750935,0 74.66080279817264,16.82363896977862,0 74.65963075059879,16.82361842230276,0 74.65962022524678,16.82361795341662,0 74.65957235095942,16.82360850050505,0 74.65864577858414,16.82342339584068,0 74.65860596272573,16.82341545685296,0 74.65860397790935,16.82341500777454,0 74.65859119567691,16.82341139565857,0 74.65772397581998,16.82316536935439,0 74.65771935093866,16.82316411562964,0 74.65770848978202,16.82316264026367,0 74.65735933886344,16.82311705871166,0 74.65712630823771,16.8230961468429,0 74.65594843621663,16.82298415608789,0 74.65591313289679,16.82298111520997,0 74.65583792051834,16.82297095775925,0 74.65497558799315,16.82285584307225,0 74.65496993181249,16.8228548384805,0 74.65490596149047,16.82285515711083,0 74.65447574441367,16.82285510292451,0 74.65446525450857,16.82285510138294,0 74.65444359847702,16.82284622281754,0 74.6539524119075,16.82264361861045,0 74.65393207104694,16.82263496700408,0 74.65389117542311,16.82264825871648,0 74.65353702171933,16.82276317315782,0 74.65341459642589,16.82277724112382,0 74.653162092626,16.82280645430604,0 74.65309884999198,16.82281747126956,0 74.65269488710518,16.82288875980671,0 74.65268254147739,16.8228909005926,0 74.65264991740455,16.82288374877613,0 74.65242959918969,16.82283670215003,0 74.65242167532202,16.82283475255038,0 74.65240944258083,16.82282985575486,0 74.65093305957974,16.82224367161082,0 74.65090890004073,16.82223416322577,0 74.65064278462812,16.82211492089775,0 74.6501551614399,16.82178204488124,0 74.64991674344583,16.82167671545076,0 74.64949265212057,16.82150123393939,0 74.64931769289241,16.82138301572915,0 74.64898419285886,16.82114999138363,0 74.64870139579733,16.82095246984302,0 74.64842511153688,16.8207991602794,0 74.64808596381548,16.82066353835256,0 74.64754110319993,16.82047038920865,0 74.64695941643846,16.82032368488017,0 74.64695013777077,16.82032141192272,0 74.64695346080089,16.82030674154876,0 74.6471289086642,16.81951916054546,0 74.64714295817618,16.81945583161984,0 74.64717880647591,16.81945735357638,0 74.64936312177458,16.81952452560219,0 74.64948177459513,16.81952780886446,0 74.64945228265474,16.81941175125935,0 74.64899820620022,16.81765571687935,0 74.64898422905745,16.81760419286752,0 74.64887860211051,16.81726211786858,0 74.64874404432571,16.81682007525525,0 74.64862009610593,16.81641934710106,0 74.64846085195565,16.81590010758917,0 74.64819156564579,16.81502719374835,0 74.64808121122475,16.81466590451005,0 74.6478763715551,16.81386158194499,0 74.64787498544554,16.81385627333156,0 74.64787730044009,16.81383481670846,0 74.64790644735659,16.8135734641008,0 74.64791021115117,16.81354242741766,0 74.64785259890218,16.81352823349184,0 74.64755422867421,16.81345039783372,0 74.64754615872454,16.81344893209573,0 74.64751718996149,16.81341838580061,0 74.6470443483278,16.81291343346919,0 74.64654576675839,16.81250371388186,0 74.64583808787394,16.81189660741517,0 74.64581802265019,16.81187929931428,0 74.64570890205279,16.81176507313179,0 74.64484919969836,16.81086648930699,0 74.64461973940541,16.81062165539167,0 74.64445838744612,16.81036794567231,0 74.64442005674111,16.81022196860051,0 74.64444386362979,16.81010657397214,0 74.64456361591604,16.80953821342568,0 74.64456303721529,16.80915820034311,0 74.64448204470479,16.80895011007078,0 74.6444661832808,16.80893758810654,0 74.64421761882849,16.80874189969359,0 74.64353192140045,16.80847373854895,0 74.64349167025199,16.80845775692893,0 74.64336152577543,16.80837668284611,0 74.64329430212203,16.808245052565,0 74.64254904000202,16.80675580676516,0 74.64228389122562,16.80622143818697,0 74.64172987913851,16.8051083347313,0 74.64103937416459,16.8037015510214,0 74.64085947968032,16.80333490539943,0 74.64085429046119,16.80332200679385,0 74.64080638745004,16.80327062560161,0 74.6398377798749,16.80221636305223,0 74.63798499959152,16.800432654792,0 74.63795318960022,16.8004016684675,0 74.63792623563438,16.80037541242418,0 74.63698293040962,16.79955313102893,0 74.63640216235878,16.79904523121438,0 74.63500845947097,16.79787024698118,0 74.63498423467036,16.79785031370717,0 74.63494885064316,16.79781049471958,0 74.63442484846522,16.79722841488461,0 74.6344141381372,16.79721659728571,0 74.63435794754457,16.7971433176046,0 74.63419988637823,16.79693791531282,0 74.63403848238811,16.79672825766267,0 74.6336928200527,16.79627910914141,0 74.63344085708768,16.79589151338846,0 74.63334528300766,16.79566840970399,0 74.63320298241287,16.79534045334666,0 74.63315404729111,16.79519458702484,0 74.632933519622,16.79453235597463,0 74.63285340961568,16.79430716609968,0 74.63254353522611,16.79344157105377,0 74.63247692629746,16.79324870472873,0 74.63230934210519,16.7927652223394,0 74.63215522099895,16.7923205821174,0 74.63205532196152,16.79205047676787,0 74.63181482365549,16.79139870789779,0 74.63173075902112,16.79117240380654,0 74.6316817415304,16.79103857957804,0 74.63156143044978,16.79068665657113,0 74.6314675035035,16.79041108294464,0 74.6313730073242,16.79013470828307,0 74.6313339400855,16.790020407067,0 74.63132580863095,16.78997229392549,0 74.63124970001267,16.78952376568317,0 74.63124803092924,16.78951383402566,0 74.63125109652594,16.7894985533641,0 74.63138080472351,16.78884594747798,0 74.63138454804813,16.78882558247168,0 74.63147515554249,16.78851404023231,0 74.63170617355676,16.78771995467322,0 74.63173592053988,16.78748286902023,0 74.63169320030637,16.78722921316324,0 74.63166820677594,16.78717699635753,0 74.63160224549307,16.78704066938848,0 74.63123306865823,16.78644241112672,0 74.63108474883728,16.78624335609493,0 74.63107099076956,16.7862248855974,0 74.6309854835373,16.78608846564231,0 74.63166284552972,16.78532555768544,0 74.63198563597572,16.78493938427615,0 74.63269808648552,16.78345506777049,0 74.63317494349302,16.78265318393456,0 74.63375107331072,16.78160197240965,0 74.63441853525028,16.78056685658299,0 74.63495459965117,16.77990691723958,0 74.63565051964974,16.77921948251541,0 74.63637804364279,16.77857684124634,0 74.63745545308136,16.77775570570238,0 74.63761768114931,16.77773986240214,0 74.63823699530496,16.77712765302314,0 74.63865599151478,16.77678654013055,0 74.63928123180754,16.77615943225079,0 74.63947819889923,16.77595877473041,0 74.64014657407409,16.77538058588366,0 74.64043559859739,16.77486948696771,0 74.64044829625983,16.77485612261637,0 74.64046684583369,16.77486584405759,0 74.64104537394527,16.77517103246437,0 74.6426564079476,16.77602041290035,0 74.64268978119587,16.77603828471785,0 74.64269748330845,16.77629681874795,0 
						</coordinates>
					</LinearRing>
				</outerBoundaryIs>
			</Polygon>
		</Placemark>
	</Document>
	<Document>
		<name>Ward no.6.kml</name>
		<StyleMap id="m_ylw-pushpin4">
			<Pair>
				<key>normal</key>
				<styleUrl>#s_ylw-pushpin4</styleUrl>
			</Pair>
			<Pair>
				<key>highlight</key>
				<styleUrl>#s_ylw-pushpin_hl4</styleUrl>
			</Pair>
		</StyleMap>
		<Style id="s_ylw-pushpin4">
			<IconStyle>
				<scale>1.1</scale>
				<Icon>
					<href>https://maps.google.com/mapfiles/kml/pushpin/ylw-pushpin.png</href>
				</Icon>
				<hotSpot x="20" y="2" xunits="pixels" yunits="pixels"/>
			</IconStyle>
			<LineStyle>
				<color>ffffff55</color>
				<width>3</width>
			</LineStyle>
			<PolyStyle>
				<fill>0</fill>
			</PolyStyle>
		</Style>
		<Style id="s_ylw-pushpin_hl4">
			<IconStyle>
				<scale>1.3</scale>
				<Icon>
					<href>https://maps.google.com/mapfiles/kml/pushpin/ylw-pushpin.png</href>
				</Icon>
				<hotSpot x="20" y="2" xunits="pixels" yunits="pixels"/>
			</IconStyle>
			<LineStyle>
				<color>ffffff55</color>
				<width>3</width>
			</LineStyle>
			<PolyStyle>
				<fill>0</fill>
			</PolyStyle>
		</Style>
		<Placemark>
			<name>Ward no.6.kml</name>
			<styleUrl>#m_ylw-pushpin4</styleUrl>
			<Polygon>
				<tessellate>1</tessellate>
				<outerBoundaryIs>
					<LinearRing>
						<coordinates>
							74.65062371299781,16.82431561820984,0 74.65060661227444,16.82431294182853,0 74.65021496445158,16.82424806905442,0 74.65021311892103,16.8242563039788,0 74.65015895498327,16.82448007530673,0 74.6501095820806,16.82468416349494,0 74.65010554959301,16.82470109917717,0 74.65010406323815,16.82470095601698,0 74.65009892938612,16.82470096363813,0 74.64924002678734,16.82469508212171,0 74.6492147149149,16.82469463809957,0 74.64921154957506,16.82468618368031,0 74.64912298168541,16.82449018462701,0 74.64911772466112,16.824478725868,0 74.64910757874392,16.82448094434799,0 74.64879476744883,16.82454122132457,0 74.64877933713393,16.82454407965687,0 74.64877366616909,16.82453300793704,0 74.64869938644536,16.82439169751094,0 74.64869320986294,16.82438007057403,0 74.64868407079531,16.82438332654632,0 74.64861816796493,16.82440646316373,0 74.6484432587185,16.8244673137763,0 74.64837855083627,16.82448538695337,0 74.64832239421655,16.82450050931611,0 74.64828893518606,16.82450962358693,0 74.64807409531079,16.82451638540122,0 74.64789967018221,16.82451843300309,0 74.64787977410458,16.82451871716261,0 74.64787615095067,16.82451119919303,0 74.64780003924901,16.82435565068166,0 74.6477907683208,16.8243366589279,0 74.64777403366686,16.82433628141109,0 74.64736766231042,16.8243323616228,0 74.64734690514351,16.82433208093624,0 74.64734311344587,16.82433103517951,0 74.64719698387245,16.82430004949185,0 74.6471779589407,16.82429611838876,0 74.6471751113328,16.82429604871435,0 74.64683515739561,16.82428870723103,0 74.64682180250588,16.82428832754927,0 74.64682138585925,16.82428217409104,0 74.64681109178881,16.82408933209278,0 74.64681083144134,16.82406902799777,0 74.64680126234136,16.82406816452411,0 74.6466812904565,16.82405602003715,0 74.64662288250602,16.82405031113376,0 74.64660188630461,16.82403634976447,0 74.64616362716805,16.82374599371069,0 74.64606938277444,16.82368320949312,0 74.64581699175505,16.82362928101787,0 74.64577442909344,16.82362003657972,0 74.64576867565741,16.82360752424429,0 74.64557789568509,16.82323244774429,0 74.64554180853602,16.8231606556522,0 74.64536638276401,16.82291739443009,0 74.64535130132407,16.8228962292949,0 74.64533617239121,16.82288356741032,0 74.64507177532654,16.82266182870809,0 74.64504855152657,16.8226424610508,0 74.64504149893803,16.822635163961,0 74.64447345372189,16.82203062421411,0 74.64445001111989,16.82200598843971,0 74.6444476586049,16.82199854253178,0 74.64439933682213,16.82184575890014,0 74.64438765869988,16.82180933243124,0 74.64438797505578,16.8218052606239,0 74.64438638583937,16.82163890839029,0 74.64438583025539,16.82162592373409,0 74.64437759589529,16.82162114552373,0 74.64418215000593,16.82151083516687,0 74.64415821128689,16.82149709739057,0 74.64415169932792,16.82149654654639,0 74.64399231585524,16.82148546661292,0 74.64390210125153,16.8214789716059,0 74.64365891709052,16.821504858268,0 74.64335516865975,16.82157680412976,0 74.64333410592029,16.82158206747632,0 74.64332714235246,16.82157229029285,0 74.6429515813587,16.82103573962565,0 74.64268152696395,16.82057342935243,0 74.64266883955125,16.82055213139191,0 74.64266867012681,16.8205495286046,0 74.64260209964991,16.82010933327393,0 74.64262596682345,16.81959540732342,0 74.64274335541978,16.81875893297508,0 74.64274687340298,16.81873206320185,0 74.64279329959884,16.81873207007096,0 74.64407438810977,16.81873104507851,0 74.64410488809317,16.81873106127566,0 74.64410520821558,16.81872526412753,0 74.64411875259059,16.8181094295621,0 74.64411910779199,16.81809357905217,0 74.64411954470381,16.81809204977064,0 74.64418995343286,16.81786052027518,0 74.6441980593291,16.81783398989614,0 74.64421392822472,16.81782558547238,0 74.64438275965922,16.81773400256015,0 74.64441843685765,16.81771511404774,0 74.64453873359662,16.81772006126346,0 74.64453916901002,16.81771717848063,0 74.64454197318172,16.81759401115203,0 74.64447751708299,16.817554220817,0 74.64436183031715,16.81751015588274,0 74.64422052686655,16.81746212400404,0 74.64324308738054,16.81712866751788,0 74.64320971879005,16.81711770361051,0 74.64322754011097,16.81709860003133,0 74.64342313763954,16.8168877101555,0 74.64382236208588,16.8164613451151,0 74.64386321781504,16.81641748260949,0 74.64386665468886,16.81641121576896,0 74.64406463916957,16.81596240994147,0 74.64409055993274,16.8159045365359,0 74.64415646801574,16.81591065310937,0 74.64517192457838,16.81600443849803,0 74.64518462653652,16.8160053397073,0 74.64529904834757,16.81599937508691,0 74.64562810525983,16.81597929092266,0 74.6456316782956,16.81597916586917,0 74.64563243947613,16.81598226685675,0 74.64564014760184,16.81601283072537,0 74.64572206232071,16.81634138934129,0 74.6457242464261,16.81636044239362,0 74.64575695083718,16.81663967546978,0 74.64575859178633,16.81665680020992,0 74.64575231461845,16.81665819192372,0 74.64556576144544,16.81670198622021,0 74.64552664604358,16.81671124774957,0 74.64555294250997,16.81687861127332,0 74.64559577275315,16.81710174864256,0 74.64555732559354,16.81761731112063,0 74.64555431466947,16.81765348054625,0 74.6455158860077,16.81779806448461,0 74.64550870631162,16.81782499769236,0 74.6461148168231,16.81792281184617,0 74.64668060627596,16.81800439599065,0 74.64669165986496,16.81800605003651,0 74.64705495505571,16.81803102099226,0 74.64745947629486,16.81807192099737,0 74.64798952021377,16.81804098881682,0 74.64809609060401,16.81802923400704,0 74.64859682759324,16.81797495637752,0 74.64901482466928,16.81790801462424,0 74.64905236823176,16.817897397051,0 74.64906016364172,16.81789521211154,0 74.64945228265474,16.81941175125935,0 74.64948177459513,16.81952780886446,0 74.64936312177458,16.81952452560219,0 74.64717880647591,16.81945735357638,0 74.64714295817618,16.81945583161984,0 74.6471289086642,16.81951916054546,0 74.64695346080089,16.82030674154876,0 74.64695013777077,16.82032141192272,0 74.64695941643846,16.82032368488017,0 74.64754110319993,16.82047038920865,0 74.64808596381548,16.82066353835256,0 74.64842511153688,16.8207991602794,0 74.64870139579733,16.82095246984302,0 74.64898419285886,16.82114999138363,0 74.64931769289241,16.82138301572915,0 74.64949265212057,16.82150123393939,0 74.64991674344583,16.82167671545076,0 74.6501551614399,16.82178204488124,0 74.65064278462812,16.82211492089775,0 74.65090890004073,16.82223416322577,0 74.6508574077242,16.82233693612318,0 74.65064195210168,16.82276997774199,0 74.65053078585015,16.82299161308977,0 74.65039898645857,16.8232508822001,0 74.65035838518612,16.82344044737747,0 74.65032705207864,16.8236990707375,0 74.65059591757009,16.82425771589401,0 74.65062371299781,16.82431561820984,0 
						</coordinates>
					</LinearRing>
				</outerBoundaryIs>
			</Polygon>
		</Placemark>
	</Document>
	<Document>
		<name>Ward no.7.kml</name>
		<StyleMap id="m_ylw-pushpin5">
			<Pair>
				<key>normal</key>
				<styleUrl>#s_ylw-pushpin5</styleUrl>
			</Pair>
			<Pair>
				<key>highlight</key>
				<styleUrl>#s_ylw-pushpin_hl5</styleUrl>
			</Pair>
		</StyleMap>
		<Style id="s_ylw-pushpin5">
			<IconStyle>
				<scale>1.1</scale>
				<Icon>
					<href>https://maps.google.com/mapfiles/kml/pushpin/ylw-pushpin.png</href>
				</Icon>
				<hotSpot x="20" y="2" xunits="pixels" yunits="pixels"/>
			</IconStyle>
			<LineStyle>
				<color>ffffff55</color>
				<width>3</width>
			</LineStyle>
			<PolyStyle>
				<fill>0</fill>
			</PolyStyle>
		</Style>
		<Style id="s_ylw-pushpin_hl5">
			<IconStyle>
				<scale>1.3</scale>
				<Icon>
					<href>https://maps.google.com/mapfiles/kml/pushpin/ylw-pushpin.png</href>
				</Icon>
				<hotSpot x="20" y="2" xunits="pixels" yunits="pixels"/>
			</IconStyle>
			<LineStyle>
				<color>ffffff55</color>
				<width>3</width>
			</LineStyle>
			<PolyStyle>
				<fill>0</fill>
			</PolyStyle>
		</Style>
		<Placemark>
			<name>Ward no.7.kml</name>
			<styleUrl>#m_ylw-pushpin5</styleUrl>
			<Polygon>
				<tessellate>1</tessellate>
				<outerBoundaryIs>
					<LinearRing>
						<coordinates>
							74.63076030250382,16.83569365596233,0 74.63071538591799,16.83571325282125,0 74.62854112308467,16.83646818019121,0 74.6267782228813,16.83708033548088,0 74.62487206031797,16.83771010887367,0 74.62484943312161,16.83766295357494,0 74.62376017771948,16.83538382896352,0 74.6237496921856,16.83536244189048,0 74.62374087109407,16.83533235205096,0 74.62300244232289,16.83275687612968,0 74.62276281304625,16.8318507045526,0 74.62274746359995,16.83179368907571,0 74.62281389564525,16.831783090738,0 74.62533236210623,16.83137502091726,0 74.62536568104956,16.8313693483171,0 74.62536250082889,16.83133152745955,0 74.62517542324363,16.82901491218223,0 74.62516110181998,16.82884070275174,0 74.62506659687539,16.8278095513652,0 74.6250002884978,16.82709297328122,0 74.62499982402966,16.8270844176316,0 74.62498170911253,16.82708609002329,0 74.62391992038529,16.82719639055725,0 74.62389083858298,16.82719918953819,0 74.62388962196404,16.82718827898241,0 74.62364722226452,16.82476841159076,0 74.62362961227105,16.82459540280809,0 74.62362899599009,16.82458216990858,0 74.62364669090799,16.82457929096783,0 74.62507030546102,16.82429752072319,0 74.62582495506985,16.82415010177759,0 74.62601291140942,16.82411275664287,0 74.62781820996649,16.82379814839926,0 74.62819552892121,16.82373183512514,0 74.62971053624466,16.82346736917988,0 74.62986011731667,16.82342659481736,0 74.63010250358963,16.82335823748783,0 74.63071934981262,16.82318576406722,0 74.63123924937264,16.82304054095406,0 74.63204406091282,16.82281463979309,0 74.63214538263399,16.8227914136951,0 74.63446370109527,16.82225750090612,0 74.63453608561932,16.82224024721419,0 74.63472517200513,16.82222959420936,0 74.63507031350711,16.82220901465552,0 74.63614218316393,16.82214818686407,0 74.63616499640682,16.82214668705992,0 74.63618267521332,16.8221811490065,0 74.63632342946468,16.82245735525355,0 74.636403631638,16.82263415250809,0 74.63648414873371,16.82281192099716,0 74.63651534002142,16.82284229935557,0 74.63665246666159,16.82297344297339,0 74.63668975505811,16.82299447203783,0 74.63696729741368,16.82314846661218,0 74.63699284606108,16.82316221018287,0 74.63695894917052,16.8232085599158,0 74.63642948486063,16.82392801451579,0 74.6363156545993,16.82408280899348,0 74.63629310412422,16.82411448046365,0 74.63631117291987,16.82416137723086,0 74.63653656853215,16.82473450384734,0 74.63654293148832,16.82475044841507,0 74.63654452248591,16.82475468376706,0 74.63655991388163,16.82473822475074,0 74.63707468125997,16.82417926306583,0 74.63732045975712,16.8239143541119,0 74.63746224482227,16.82376070581279,0 74.63753350058468,16.82366579131999,0 74.6390433824499,16.82166370466733,0 74.63907788456618,16.8216175967369,0 74.63909086656844,16.82160093219071,0 74.63912240911438,16.82151903406732,0 74.63952614109951,16.82046932605926,0 74.63954572677613,16.82041593584286,0 74.63958455757833,16.82028676145351,0 74.63962712261542,16.82014307459811,0 74.63962959339194,16.82004565759757,0 74.63963775387239,16.81974262771395,0 74.63963808278689,16.81973611274928,0 74.63964620908131,16.81970420085905,0 74.63973948228195,16.8193530106602,0 74.63977337639513,16.81926112059068,0 74.64048354374189,16.81735059296015,0 74.64054901981478,16.81717758275574,0 74.64060194202392,16.8170284950986,0 74.64069124627436,16.8167758988209,0 74.64073566159072,16.81665060108756,0 74.64081370230387,16.81643065072638,0 74.64081824565854,16.81641902524105,0 74.64083754581765,16.81642430014807,0 74.6421467626688,16.81677806834108,0 74.64218652336199,16.8167881756117,0 74.64270231855676,16.81695644105151,0 74.64320961775249,16.8171176631839,0 74.64324243200235,16.8171283197307,0 74.64333180742275,16.81715885010357,0 74.64409789536504,16.81742018662607,0 74.64435099256683,16.81750629442595,0 74.64447770497959,16.8175543233695,0 74.64453848920544,16.81759184832152,0 74.64454204406529,16.81759398940271,0 74.644539231366,16.81771474980104,0 74.64453912407734,16.8177175507625,0 74.64453874692573,16.81772013170755,0 74.64453137605905,16.81771983853526,0 74.64443918223429,16.81771594381415,0 74.64442460815459,16.81771533929791,0 74.64441848837855,16.81771508166947,0 74.64441364547349,16.8177177065788,0 74.64420167140065,16.81783202322022,0 74.64419822177075,16.81783391471564,0 74.6441952813102,16.81784315672026,0 74.64412288609284,16.81808189418032,0 74.64411906300094,16.81809391779937,0 74.64411857612552,16.81812599334992,0 74.64410510800981,16.81872724621957,0 74.64410522843616,16.81873122612076,0 74.64409531867729,16.81873092942781,0 74.6427636769178,16.81873211106948,0 74.64274659428732,16.81873193338826,0 74.64274251271372,16.8187645583594,0 74.64262621588415,16.81959453508054,0 74.64260204630419,16.82011018364279,0 74.64260724575806,16.8201455681979,0 74.6426679992548,16.82054523658106,0 74.64266888377983,16.82055288935878,0 74.6426772901653,16.8205664855275,0 74.64295202509251,16.82103667716842,0 74.64307410555611,16.82121205475288,0 74.64333070187142,16.82157767512114,0 74.64333377205443,16.82158205884072,0 74.64337527003464,16.8215720746533,0 74.64365971367356,16.82150507663041,0 74.6437404761904,16.82149629854361,0 74.64390149142505,16.82147879773961,0 74.64401747125251,16.82148704970982,0 74.64415772779408,16.82149697149549,0 74.64422126815199,16.82153268246608,0 74.64438591396285,16.82162605738805,0 74.64438669915154,16.82164908870046,0 74.644387940852,16.82180529138359,0 74.64438770723696,16.82180907930704,0 74.6443927474272,16.82182547436812,0 74.64444854243639,16.82200148997732,0 74.6444498924153,16.822006056969,0 74.64445739622082,16.82201399436674,0 74.64504104487025,16.82263458562903,0 74.64504795133189,16.82264188424179,0 74.64506629614202,16.82265743742971,0 74.64534215035415,16.82288855623039,0 74.64535166738983,16.82289656466414,0 74.64536490128778,16.82291514075483,0 74.6455366161774,16.82315334810092,0 74.64554160707667,16.82316029309908,0 74.64555515591555,16.82318718688081,0 74.64576534537764,16.82360095983055,0 74.6457740171533,16.82361993698543,0 74.64586478420789,16.82363959101748,0 74.64606475171614,16.823682233171,0 74.64606917149608,16.8236831617165,0 74.64608385552809,16.82369256961841,0 74.64661236918396,16.82404313153965,0 74.64662265478451,16.82405016799486,0 74.64663757325668,16.82405173361518,0 74.64679520847021,16.82406752804325,0 74.64681070676281,16.82406908009402,0 74.64681096618003,16.82407769902423,0 74.6468212893276,16.82428094027518,0 74.64682190288876,16.82428836908154,0 74.64684394912302,16.82428887876981,0 74.64718046461554,16.82429632527907,0 74.64734731215435,16.82433227130156,0 74.64741421968125,16.82433295578433,0 74.64776434667533,16.82433611836655,0 74.64778047617159,16.82433651210291,0 74.64779070042098,16.82433655096632,0 74.64779460698371,16.82434454264546,0 74.64787683491225,16.82451269864044,0 74.64787959889644,16.82451875649756,0 74.64789486116605,16.8245182593134,0 74.64802902459802,16.82451665346015,0 74.64806397647268,16.82451691756432,0 74.64828857501183,16.82450956530279,0 74.64832744789254,16.82449924544074,0 74.64844416640122,16.82446670167977,0 74.64850807201381,16.82444516897703,0 74.64868301864085,16.82438377413057,0 74.64869326035799,16.82437991292771,0 74.64870638124019,16.82440498860625,0 74.64877470764945,16.82453507376614,0 74.6487793730664,16.82454410450433,0 74.64880253060292,16.82453955857683,0 74.64910503866254,16.8244814267623,0 74.64911742795928,16.82447865668847,0 74.64912711050535,16.82449855676906,0 74.64921160895788,16.82468648613968,0 74.6492148717111,16.82469469955393,0 74.64924522749007,16.82469510529515,0 74.65010577467638,16.82470093100622,0 74.65009080468668,16.82476197359571,0 74.65000021282292,16.82522501621924,0 74.64998009009554,16.82532757267033,0 74.649933285313,16.82548736203945,0 74.64989033821631,16.82563217224811,0 74.64982462345468,16.82582107442471,0 74.64971684129841,16.82612974756335,0 74.64965113308558,16.8262762569738,0 74.64950490342318,16.82671090418929,0 74.64943516920546,16.82691432310173,0 74.64932585406059,16.82730958467962,0 74.64929171090614,16.82742058733223,0 74.64920369769995,16.82771068413455,0 74.64908639215902,16.82796149116391,0 74.64898725051556,16.82814908068753,0 74.64897834014492,16.82816608186008,0 74.6489743526416,16.82818851133477,0 74.64893139609316,16.82842135431817,0 74.64892056502542,16.82849238912524,0 74.64883306975355,16.82905799042076,0 74.64877408347378,16.82915100379619,0 74.64865224681051,16.82914611046455,0 74.64800072001037,16.82911804178496,0 74.64798477457074,16.82911694925772,0 74.64765688389744,16.82915227820399,0 74.64763865390614,16.82915428382585,0 74.64665722155945,16.82947566415745,0 74.64662716601268,16.82948557745767,0 74.64659581034729,16.82950245895031,0 74.64628801040604,16.82966845640774,0 74.64627584482345,16.82967524769001,0 74.6462643653071,16.82970037708748,0 74.64610774894795,16.83004989199743,0 74.64609983257692,16.83006725839925,0 74.64607610087013,16.83009388885707,0 74.6459381498164,16.83024843812689,0 74.64582238953858,16.83037355603951,0 74.64578195149822,16.83041671931142,0 74.64562687891105,16.83059132203749,0 74.64532183095595,16.83089296177673,0 74.64531607581597,16.83089892840575,0 74.64526531641442,16.83090674143042,0 74.6447846273843,16.83097826507018,0 74.64476694915871,16.83098046110043,0 74.64390715324993,16.8312534801255,0 74.64286957065977,16.83160658717388,0 74.64272446869786,16.8316554349027,0 74.64157791009301,16.83205283900809,0 74.64086210464335,16.83230100974731,0 74.63995821454176,16.83261181657112,0 74.63917724931423,16.83287087483314,0 74.63823939788088,16.83318261732468,0 74.63781278612308,16.83332255042854,0 74.63627547622694,16.83382842492975,0 74.63521380632007,16.83418268942374,0 74.63396303996808,16.83460221258599,0 74.6325355325024,16.83508678515372,0 74.63138090854247,16.83547943663865,0 74.63076030250382,16.83569365596233,0 
						</coordinates>
					</LinearRing>
				</outerBoundaryIs>
			</Polygon>
		</Placemark>
	</Document>
	<Document>
		<name>Ward no.8.kml</name>
		<StyleMap id="m_ylw-pushpin6">
			<Pair>
				<key>normal</key>
				<styleUrl>#s_ylw-pushpin6</styleUrl>
			</Pair>
			<Pair>
				<key>highlight</key>
				<styleUrl>#s_ylw-pushpin_hl6</styleUrl>
			</Pair>
		</StyleMap>
		<Style id="s_ylw-pushpin6">
			<IconStyle>
				<scale>1.1</scale>
				<Icon>
					<href>https://maps.google.com/mapfiles/kml/pushpin/ylw-pushpin.png</href>
				</Icon>
				<hotSpot x="20" y="2" xunits="pixels" yunits="pixels"/>
			</IconStyle>
			<LineStyle>
				<color>ffffff55</color>
				<width>3</width>
			</LineStyle>
			<PolyStyle>
				<fill>0</fill>
			</PolyStyle>
		</Style>
		<Style id="s_ylw-pushpin_hl6">
			<IconStyle>
				<scale>1.3</scale>
				<Icon>
					<href>https://maps.google.com/mapfiles/kml/pushpin/ylw-pushpin.png</href>
				</Icon>
				<hotSpot x="20" y="2" xunits="pixels" yunits="pixels"/>
			</IconStyle>
			<LineStyle>
				<color>ffffff55</color>
				<width>3</width>
			</LineStyle>
			<PolyStyle>
				<fill>0</fill>
			</PolyStyle>
		</Style>
		<Placemark>
			<name>Ward no.8.kml</name>
			<styleUrl>#m_ylw-pushpin6</styleUrl>
			<Polygon>
				<tessellate>1</tessellate>
				<outerBoundaryIs>
					<LinearRing>
						<coordinates>
							74.59890649977638,16.86294404802816,0 74.59879293086509,16.86291474122414,0 74.59879268656113,16.86286467462445,0 74.59878994867449,16.86231449452647,0 74.59878784395949,16.86205733372582,0 74.59878939060059,16.86203701815659,0 74.59879210753205,16.8619268505989,0 74.59881887464002,16.86112649932941,0 74.59885008021989,16.86026953471726,0 74.59886296434846,16.85981194681079,0 74.59885808712666,16.85879294348333,0 74.59885801860445,16.85878298746503,0 74.5988604033646,16.8587827002345,0 74.59888178620143,16.8587802170791,0 74.59912603622362,16.85875207606263,0 74.59912600074327,16.85874698016493,0 74.59912007414647,16.85820597622514,0 74.5991177022299,16.85792556752999,0 74.59911561515671,16.85764689733638,0 74.5991210397606,16.85730624442763,0 74.5991320487707,16.85661648005479,0 74.59914150555548,16.8559859620865,0 74.59915586057643,16.85564214220143,0 74.59918617791652,16.85492503954297,0 74.59920125656058,16.85457172871317,0 74.59921620198585,16.85371650743913,0 74.59922637252606,16.8531457735108,0 74.59923387865267,16.85271958843737,0 74.5992387397382,16.85245698524508,0 74.59924571444046,16.85220096713911,0 74.59925339793431,16.85191516112923,0 74.59925496952494,16.85185814332473,0 74.59931201705156,16.85140561432159,0 74.59931409172395,16.85139005609875,0 74.59931342993634,16.85138632878713,0 74.59927386038207,16.85108240291859,0 74.5992485961773,16.8508951780464,0 74.59921258256875,16.85062164706831,0 74.59914382822903,16.85010096561831,0 74.59905292353506,16.84943826271831,0 74.59902885853768,16.84928309843747,0 74.59888167654597,16.84832692197134,0 74.59887922191126,16.84831018197486,0 74.59887555979958,16.84829669338151,0 74.59870358644795,16.8476237700964,0 74.59867404529298,16.84750861723191,0 74.59867001041067,16.84749302851741,0 74.59871556989152,16.84747591248876,0 74.60247879802061,16.8460661043128,0 74.60255857136556,16.84603623157206,0 74.60465653466633,16.84525034635598,0 74.60628325150694,16.84469631258404,0 74.60886496780141,16.84381660935617,0 74.60888383826824,16.84381015730367,0 74.60889399849364,16.84380550464163,0 74.61027270097092,16.8432099971104,0 74.61082255024459,16.84297058549689,0 74.61167095389784,16.84260037987855,0 74.61227763490325,16.84233493045413,0 74.61503191890527,16.84113295772912,0 74.61512375876976,16.84109286145055,0 74.61513188609176,16.84108948948885,0 74.61568125609415,16.8408975652431,0 74.61568582958111,16.84089599127281,0 74.61568924441947,16.84090314830247,0 74.61601991259477,16.84159526008298,0 74.61610226791809,16.84176855869207,0 74.61615405227042,16.8418781360992,0 74.61637130483953,16.84234142901387,0 74.61641033529781,16.84242446937741,0 74.61642924386715,16.84246471662352,0 74.61643037484903,16.84246721080781,0 74.6164344384171,16.84247239052267,0 74.61654281790364,16.84261296554983,0 74.61654399013226,16.84261451698048,0 74.61654567850314,16.84261603571824,0 74.61665187401618,16.84270308151801,0 74.61677236750909,16.84280167956453,0 74.61702781121106,16.84301098641284,0 74.61711266711974,16.84308032892438,0 74.61711918617576,16.84308566384621,0 74.61712715364618,16.84308611951815,0 74.61750656476546,16.84311170553917,0 74.61757515740858,16.8431163354595,0 74.6175922992503,16.8431172942664,0 74.61761795171304,16.84311637386131,0 74.61838872604402,16.84309218891522,0 74.61843233031502,16.84309076390782,0 74.61848254617955,16.84308064720724,0 74.61918423811554,16.84293487961588,0 74.61923366143088,16.84257533388234,0 74.61928881725912,16.84217588930777,0 74.61930162503354,16.84215271401347,0 74.62015987738032,16.84070100843793,0 74.62016628885529,16.84070526057373,0 74.62067346356062,16.84105144603967,0 74.6206857841353,16.84106009417321,0 74.62069366878112,16.8410728139644,0 74.62250155220053,16.84405868129232,0 74.62251998197139,16.84408880776002,0 74.62250109517151,16.84411563456186,0 74.61910845131695,16.84881628350779,0 74.61824700829632,16.85000882768648,0 74.61667874540873,16.85217783437682,0 74.61521650861108,16.8542036818903,0 74.61486189142754,16.85469427330218,0 74.61453777726318,16.85514224297616,0 74.61440893843034,16.85532164801861,0 74.61400559812043,16.85588304588366,0 74.61400202692474,16.85588808974101,0 74.61400735704885,16.85590529938295,0 74.61423563025767,16.85664414399151,0 74.614237888208,16.85665189180573,0 74.61423892549919,16.85665369031867,0 74.61477689792254,16.85771286146018,0 74.61512315194946,16.85844762047215,0 74.6151596341836,16.85852495793138,0 74.61533378538282,16.85883360725069,0 74.61571302660651,16.85950440131425,0 74.61572889616023,16.85953286218174,0 74.61573686157766,16.85955103156478,0 74.61583371637185,16.85977133167871,0 74.61591682839705,16.85996090198446,0 74.61600736590003,16.8601685047252,0 74.61620285743567,16.86064285512962,0 74.61636821498024,16.86104525111955,0 74.61642766169678,16.8612061260491,0 74.61674997804144,16.86207847319509,0 74.61675435682524,16.86208996596816,0 74.61675844638332,16.86210512422695,0 74.61710150351036,16.86334772681631,0 74.61710799488843,16.8633731720692,0 74.61710955090983,16.8633851001546,0 74.61730543662014,16.86486222033008,0 74.61734253328667,16.8652204229153,0 74.61734385164235,16.86523573605283,0 74.61734837461508,16.86523998872379,0 74.6177193084861,16.86560136976237,0 74.61772398902322,16.8656060171017,0 74.61772473846219,16.86561109943314,0 74.6177605383654,16.86582322234228,0 74.61776200639497,16.86583223171235,0 74.61776115810339,16.86583569427173,0 74.61771593647541,16.86601955338853,0 74.61770794057766,16.86605196371595,0 74.61769974709424,16.86606209966677,0 74.61747691258145,16.86633928636294,0 74.61743533778524,16.86639046794207,0 74.61741977965198,16.86642110397952,0 74.61655488935074,16.86805859258607,0 74.61640931245832,16.86883348814436,0 74.61638480376031,16.86882163924357,0 74.61629571855357,16.86877405517098,0 74.6159318748861,16.86857982406062,0 74.61531363606801,16.86824744392211,0 74.61450819914387,16.86781437332711,0 74.61412139679616,16.86760702198245,0 74.61377874256095,16.86742334200092,0 74.61326803315575,16.86714883970024,0 74.61258905265649,16.86678618103,0 74.61212040909277,16.86653191033028,0 74.61197971246187,16.86645538822172,0 74.61179930058034,16.86635741775652,0 74.61153163800412,16.86621361567139,0 74.61105559920846,16.86596502063136,0 74.61104555131445,16.8659597897752,0 74.61101767130654,16.86595165023826,0 74.61088365596608,16.86591227149526,0 74.61078081831951,16.86588573618593,0 74.6105796789325,16.86583423053419,0 74.61039967776703,16.86578271747731,0 74.61009634720804,16.86569652628008,0 74.61005221414852,16.8656839178477,0 74.60989577051879,16.86564394478876,0 74.60963831158531,16.86557577907985,0 74.60942892960115,16.86551543340951,0 74.60927679077496,16.86547253086801,0 74.6092666027821,16.86546939259066,0 74.60923760236894,16.8654587593279,0 74.60899247260822,16.86536869789346,0 74.60886724757881,16.86531864270813,0 74.60868174197442,16.86524477727701,0 74.60823846255718,16.86507998319553,0 74.60798354009263,16.86497917674007,0 74.60760699500005,16.86483980218783,0 74.60756945022843,16.86482620084503,0 74.60747310236931,16.86482267414717,0 74.60722877527999,16.86481255532452,0 74.60695863388416,16.8648026465438,0 74.60689815176248,16.86479906202451,0 74.60666690393236,16.864785350006,0 74.60654419092963,16.86478159116259,0 74.60644804904102,16.86477859824232,0 74.60626964720983,16.86474321311873,0 74.60575113288733,16.86463680704604,0 74.60549821945517,16.8645813031347,0 74.60523903078537,16.86452642677318,0 74.60515282318059,16.86450845975133,0 74.60462782849581,16.86440525200671,0 74.6044633719914,16.86437271933553,0 74.60427757659704,16.86432956635892,0 74.60284466445692,16.86398766223886,0 74.60251628848231,16.86389967303837,0 74.60233437925045,16.86384605168212,0 74.60201962477979,16.86375740869046,0 74.60158999058818,16.86362376930871,0 74.60125288930129,16.86353397183428,0 74.60085149706383,16.86343779297647,0 74.60042117661943,16.86332415858404,0 74.59998705269079,16.86321655264751,0 74.59952454274674,16.86310040110445,0 74.59890649977638,16.86294404802816,0 
						</coordinates>
					</LinearRing>
				</outerBoundaryIs>
			</Polygon>
		</Placemark>
	</Document>
	<Document>
		<name>Ward no.9.kml</name>
		<StyleMap id="m_ylw-pushpin7">
			<Pair>
				<key>normal</key>
				<styleUrl>#s_ylw-pushpin7</styleUrl>
			</Pair>
			<Pair>
				<key>highlight</key>
				<styleUrl>#s_ylw-pushpin_hl7</styleUrl>
			</Pair>
		</StyleMap>
		<Style id="s_ylw-pushpin7">
			<IconStyle>
				<scale>1.1</scale>
				<Icon>
					<href>https://maps.google.com/mapfiles/kml/pushpin/ylw-pushpin.png</href>
				</Icon>
				<hotSpot x="20" y="2" xunits="pixels" yunits="pixels"/>
			</IconStyle>
			<LineStyle>
				<color>ffffff55</color>
				<width>3</width>
			</LineStyle>
			<PolyStyle>
				<fill>0</fill>
			</PolyStyle>
		</Style>
		<Style id="s_ylw-pushpin_hl7">
			<IconStyle>
				<scale>1.3</scale>
				<Icon>
					<href>https://maps.google.com/mapfiles/kml/pushpin/ylw-pushpin.png</href>
				</Icon>
				<hotSpot x="20" y="2" xunits="pixels" yunits="pixels"/>
			</IconStyle>
			<LineStyle>
				<color>ffffff55</color>
				<width>3</width>
			</LineStyle>
			<PolyStyle>
				<fill>0</fill>
			</PolyStyle>
		</Style>
		<Placemark>
			<name>Ward no.9.kml</name>
			<styleUrl>#m_ylw-pushpin7</styleUrl>
			<Polygon>
				<tessellate>1</tessellate>
				<outerBoundaryIs>
					<LinearRing>
						<coordinates>
							74.59798786777981,16.86831672946241,0 74.59791620375172,16.8688599215051,0 74.59781983203686,16.86976261655558,0 74.59774161400399,16.87050249369404,0 74.59774034040475,16.87051414469778,0 74.59772049238178,16.87051471593465,0 74.5951965317948,16.87065802167355,0 74.5949571645087,16.87067093933968,0 74.59457844176696,16.87062884871295,0 74.59444680337334,16.87061430062771,0 74.59305873249615,16.87054213263486,0 74.59302188679536,16.87054038674874,0 74.59302215429597,16.87052381211783,0 74.59303254332291,16.87011566553124,0 74.59303341349504,16.87005242180351,0 74.5928901611544,16.87005701370367,0 74.59138468198429,16.87010088189689,0 74.59135841968167,16.87010189553988,0 74.59135750050008,16.87008891825336,0 74.59132312143852,16.86950709966263,0 74.59132211901714,16.86949128547334,0 74.59129146901779,16.86949312478107,0 74.59011070083839,16.86956178274475,0 74.58939530573292,16.8696022078617,0 74.58815585682731,16.86967455889852,0 74.58812647356659,16.86967587392767,0 74.58812640115558,16.86966034621211,0 74.58814952149481,16.86833263824454,0 74.58815152135291,16.86820711845932,0 74.58812800581718,16.86820682940701,0 74.58679660445461,16.86818309472987,0 74.58671645427059,16.86818054630228,0 74.58671347579791,16.86819139941954,0 74.58668501141615,16.86833606620452,0 74.58663005952342,16.86833521311923,0 74.58476305175131,16.86826271578432,0 74.58472110438039,16.86826100649415,0 74.5846976053506,16.86825959497255,0 74.58470392216113,16.86824807154055,0 74.5849157990276,16.86780736071618,0 74.58498973770919,16.86765312717721,0 74.58505547953418,16.86751751101521,0 74.58530715295386,16.86685610221865,0 74.58561116323837,16.86605998957217,0 74.58598303059718,16.86508241393737,0 74.58619895625553,16.86451405693718,0 74.58676625278288,16.86292787629601,0 74.58716955811653,16.86180423756965,0 74.58751852376236,16.8609303334779,0 74.58824752339797,16.85912256254998,0 74.58837946182344,16.85879560732417,0 74.58854799411758,16.85837796484971,0 74.58890494955951,16.85748781046667,0 74.58911172269126,16.85686297318546,0 74.58912725775824,16.8568170317914,0 74.58901800620441,16.85681202893317,0 74.58705395176948,16.85672159277184,0 74.58567173909736,16.85665810165829,0 74.58567015668208,16.85664983201299,0 74.58555933724315,16.85610309216161,0 74.58545672907104,16.85596712450226,0 74.58514087740474,16.85554810922791,0 74.58502290431956,16.85500476474443,0 74.58500664899721,16.85472215800428,0 74.58498932471771,16.85441762939893,0 74.58498312449116,16.85430539188379,0 74.58496794163895,16.85402464464246,0 74.58496433321118,16.85395937732626,0 74.58495384968344,16.85376410204163,0 74.58494765592388,16.8536593667441,0 74.5849448394266,16.85363533355603,0 74.58486522407398,16.85294648571247,0 74.58483960916634,16.85272265492632,0 74.58476850705112,16.85246409728013,0 74.58474698428823,16.85238587219783,0 74.58480431050107,16.85236530789859,0 74.58499272040227,16.85229762961263,0 74.5876978008083,16.85131670420112,0 74.58871790754229,16.85094792135384,0 74.58915387239806,16.85078899520229,0 74.59021501619897,16.85040483390861,0 74.5903097501329,16.85037077797357,0 74.59088690057715,16.8501614758134,0 74.59129131665424,16.85001540810326,0 74.59239449516701,16.84961568024919,0 74.5927925196867,16.8494727777997,0 74.59328753859504,16.84931450652705,0 74.59401926048324,16.84908053427162,0 74.59451938717116,16.84891978035231,0 74.59494076760085,16.84878482986705,0 74.59521395990311,16.84869846724423,0 74.59545368774967,16.84862099074931,0 74.59596688249702,16.84845721249,0 74.59606931438927,16.84842481963792,0 74.5961228738125,16.84840611103315,0 74.59633861914158,16.84832875055319,0 74.59867001041067,16.84749302851741,0 74.59867404529298,16.84750861723191,0 74.59870358644795,16.8476237700964,0 74.59887555979958,16.84829669338151,0 74.59887922191126,16.84831018197486,0 74.59888167654597,16.84832692197134,0 74.59902885853768,16.84928309843747,0 74.59905292353506,16.84943826271831,0 74.59914382822903,16.85010096561831,0 74.59921258256875,16.85062164706831,0 74.5992485961773,16.8508951780464,0 74.59927386038207,16.85108240291859,0 74.59931342993634,16.85138632878713,0 74.59931409172395,16.85139005609875,0 74.59931201705156,16.85140561432159,0 74.59925496952494,16.85185814332473,0 74.59925339793431,16.85191516112923,0 74.59924571444046,16.85220096713911,0 74.5992387397382,16.85245698524508,0 74.59923387865267,16.85271958843737,0 74.59922637252606,16.8531457735108,0 74.59921620198585,16.85371650743913,0 74.59920125656058,16.85457172871317,0 74.59918617791652,16.85492503954297,0 74.59915586057643,16.85564214220143,0 74.59914150555548,16.8559859620865,0 74.5991320487707,16.85661648005479,0 74.5991210397606,16.85730624442763,0 74.59911561515671,16.85764689733638,0 74.5991177022299,16.85792556752999,0 74.59912007414647,16.85820597622514,0 74.59912600074327,16.85874698016493,0 74.59912603622362,16.85875207606263,0 74.59888178620143,16.8587802170791,0 74.5988604033646,16.8587827002345,0 74.59885801860445,16.85878298746503,0 74.59885808712666,16.85879294348333,0 74.59886296434846,16.85981194681079,0 74.59885008021989,16.86026953471726,0 74.59881887464002,16.86112649932941,0 74.59879210753205,16.8619268505989,0 74.59878939060059,16.86203701815659,0 74.59878784395949,16.86205733372582,0 74.59878994867449,16.86231449452647,0 74.59879268656113,16.86286467462445,0 74.59879293086509,16.86291474122414,0 74.59861397880375,16.8628624700607,0 74.59858703063225,16.86310168264869,0 74.59852652546327,16.86364537482525,0 74.59841919839435,16.86461290822447,0 74.59834185292972,16.86530547168458,0 74.5982267303622,16.86635075890096,0 74.59811725988615,16.86733268720487,0 74.59805273546759,16.86782529354922,0 74.59798786777981,16.86831672946241,0 
						</coordinates>
					</LinearRing>
				</outerBoundaryIs>
			</Polygon>
		</Placemark>
	</Document>
	<Document>
		<name>Ward no.10.kml</name>
		<StyleMap id="m_ylw-pushpin8">
			<Pair>
				<key>normal</key>
				<styleUrl>#s_ylw-pushpin8</styleUrl>
			</Pair>
			<Pair>
				<key>highlight</key>
				<styleUrl>#s_ylw-pushpin_hl8</styleUrl>
			</Pair>
		</StyleMap>
		<Style id="s_ylw-pushpin8">
			<IconStyle>
				<scale>1.1</scale>
				<Icon>
					<href>https://maps.google.com/mapfiles/kml/pushpin/ylw-pushpin.png</href>
				</Icon>
				<hotSpot x="20" y="2" xunits="pixels" yunits="pixels"/>
			</IconStyle>
			<LineStyle>
				<color>ffffff55</color>
				<width>3</width>
			</LineStyle>
			<PolyStyle>
				<fill>0</fill>
			</PolyStyle>
		</Style>
		<Style id="s_ylw-pushpin_hl8">
			<IconStyle>
				<scale>1.3</scale>
				<Icon>
					<href>https://maps.google.com/mapfiles/kml/pushpin/ylw-pushpin.png</href>
				</Icon>
				<hotSpot x="20" y="2" xunits="pixels" yunits="pixels"/>
			</IconStyle>
			<LineStyle>
				<color>ffffff55</color>
				<width>3</width>
			</LineStyle>
			<PolyStyle>
				<fill>0</fill>
			</PolyStyle>
		</Style>
		<Placemark>
			<name>Ward no.10.kml</name>
			<styleUrl>#m_ylw-pushpin8</styleUrl>
			<Polygon>
				<tessellate>1</tessellate>
				<outerBoundaryIs>
					<LinearRing>
						<coordinates>
							74.58474698428823,16.85238587219783,0 74.58476850705112,16.85246409728013,0 74.58483960916634,16.85272265492632,0 74.58486522407398,16.85294648571247,0 74.5849448394266,16.85363533355603,0 74.58494765592388,16.8536593667441,0 74.58495384968344,16.85376410204163,0 74.58496433321118,16.85395937732626,0 74.58496794163895,16.85402464464246,0 74.58498312449116,16.85430539188379,0 74.58498932471771,16.85441762939893,0 74.58500664899721,16.85472215800428,0 74.58502290431956,16.85500476474443,0 74.58514087740474,16.85554810922791,0 74.58545672907104,16.85596712450226,0 74.58555933724315,16.85610309216161,0 74.58567015668208,16.85664983201299,0 74.58567173909736,16.85665810165829,0 74.58705395176948,16.85672159277184,0 74.58901800620441,16.85681202893317,0 74.58912725775824,16.8568170317914,0 74.58911172269126,16.85686297318546,0 74.58890494955951,16.85748781046667,0 74.58854799411758,16.85837796484971,0 74.58837946182344,16.85879560732417,0 74.58824752339797,16.85912256254998,0 74.58751852376236,16.8609303334779,0 74.58716955811653,16.86180423756965,0 74.58676625278288,16.86292787629601,0 74.58619895625553,16.86451405693718,0 74.58598303059718,16.86508241393737,0 74.58561116323837,16.86605998957217,0 74.58530715295386,16.86685610221865,0 74.58505547953418,16.86751751101521,0 74.58498973770919,16.86765312717721,0 74.5849157990276,16.86780736071618,0 74.58470392216113,16.86824807154055,0 74.5846976053506,16.86825959497255,0 74.58458959444755,16.86843436454374,0 74.58435254347026,16.86880389889653,0 74.58423771810867,16.86896855228472,0 74.58409078574083,16.86916652818828,0 74.58403565833341,16.86923985222871,0 74.58382109600144,16.86951800293323,0 74.58366497591631,16.86968594750116,0 74.5835973627468,16.86976524583655,0 74.58353592305919,16.86983766861414,0 74.58350821177966,16.86986939918768,0 74.58348897961957,16.86989221725401,0 74.58344417989743,16.86993550032739,0 74.58336507631385,16.87001199762256,0 74.58329768735474,16.87007728533806,0 74.58325543128025,16.87011333287108,0 74.58316485289377,16.87019047574196,0 74.58312766534122,16.87022219892548,0 74.58301096551459,16.87032248993323,0 74.58296208165947,16.87036458643653,0 74.5829213420495,16.87040004639739,0 74.58278828756148,16.87051643534122,0 74.58275211328363,16.87054817077706,0 74.582705107173,16.87058918781061,0 74.5827029454644,16.8705910962619,0 74.58270089207795,16.87059261761744,0 74.58268411466703,16.87060478235368,0 74.58267517762758,16.87061144025547,0 74.58266051220255,16.87062209370899,0 74.5825391902996,16.87071067167284,0 74.58236281881773,16.87084149376915,0 74.5822860011094,16.87089877545457,0 74.58214133737539,16.87100659203339,0 74.5820955272478,16.87103573623113,0 74.58184282113422,16.8712006013337,0 74.58163513050327,16.87133536790152,0 74.58160675236392,16.87135389938202,0 74.58157408063262,16.87137287348521,0 74.58113202124109,16.87163660700166,0 74.58110309204071,16.87165335133963,0 74.58102890903551,16.87170278737295,0 74.58069955509995,16.87191944729186,0 74.58069787579369,16.87192061501613,0 74.58068514922913,16.87192700332417,0 74.5804686780821,16.87203259477013,0 74.58043536378631,16.87205388701843,0 74.58016882092873,16.87222520118202,0 74.58008436753119,16.87228261990792,0 74.58000507663508,16.87233708666239,0 74.57994122900797,16.87238063416782,0 74.57970710801644,16.87253622090286,0 74.57941864195776,16.87274765321437,0 74.57938151949483,16.87278014495165,0 74.57922471771357,16.87291927149378,0 74.57920691738254,16.87293502819246,0 74.57917125394867,16.87296866085736,0 74.57910684438635,16.87302844620611,0 74.57904834300943,16.87308355584147,0 74.57897242425705,16.87315455359016,0 74.57884981896292,16.87328587244759,0 74.57875587542422,16.87338688312618,0 74.57863197696607,16.8735195359193,0 74.57862818461707,16.87352374299438,0 74.57859863328368,16.8735659158929,0 74.57843818809401,16.87379341229137,0 74.57839621487635,16.87385293932177,0 74.57838606483597,16.87386718566904,0 74.57835899279354,16.87390817397143,0 74.57832151858214,16.87396500335592,0 74.57826304013894,16.87405372547344,0 74.57819952967326,16.87415032979557,0 74.57815225938815,16.87422247809499,0 74.57813172850069,16.87425361322976,0 74.57812277435373,16.87427163633299,0 74.57809308969506,16.87433273221903,0 74.57794238095285,16.87464128386872,0 74.57793624882423,16.8746533206326,0 74.57792050839151,16.87469216920676,0 74.5778452263411,16.8748759098097,0 74.57783106831747,16.8749082863805,0 74.57780180589143,16.87498041768725,0 74.57760537252959,16.87551207986259,0 74.57759896724271,16.87552934122905,0 74.57757679193146,16.87561914070742,0 74.57747982910479,16.87601563240236,0 74.57742388779127,16.87630052541876,0 74.57740119405702,16.87641676386967,0 74.57739684529689,16.87643816087861,0 74.57737929722317,16.87642293372824,0 74.57735250448206,16.87639953788004,0 74.57697059674625,16.87606617586429,0 74.57694983308456,16.8760492922629,0 74.57679696002231,16.87590089532513,0 74.57614091022798,16.8752715233242,0 74.57608250899364,16.87521565748199,0 74.5759753646943,16.87512150865668,0 74.57558638809037,16.87478455589152,0 74.57506963356352,16.87433358515456,0 74.57477412790146,16.87407697212928,0 74.57455934360286,16.87389456662367,0 74.5742775210331,16.87365726838247,0 74.57402115190003,16.87344091175046,0 74.57388520128079,16.8733054335994,0 74.57367734465002,16.87309686001907,0 74.57344454251131,16.87286484903083,0 74.57336564394706,16.87278362320803,0 74.57321029882297,16.87262162376828,0 74.57300372137007,16.87240482741221,0 74.57271925684181,16.87210704037955,0 74.57271461627265,16.87210210362306,0 74.57269780801198,16.87208185230228,0 74.57263081125429,16.8719996464258,0 74.57234007248034,16.87164104683167,0 74.57207539598258,16.87128094315331,0 74.57176972262305,16.87086641970524,0 74.57175923289802,16.87085236724225,0 74.57175318609902,16.87081814142547,0 74.57166426607229,16.87029595231348,0 74.57157537140246,16.86978630267436,0 74.57144429640908,16.86903095713559,0 74.57141973156257,16.8687857010386,0 74.57134624465911,16.86813707612094,0 74.57129918187439,16.86768642016667,0 74.57129347753148,16.86755865219984,0 74.57126931178315,16.86687510842118,0 74.57124758499195,16.86626055552297,0 74.57123983806837,16.86602884154401,0 74.57123863966245,16.86600612891838,0 74.57124044719977,16.86577755824292,0 74.57124252036662,16.86526675612597,0 74.57124681049433,16.86451215566757,0 74.57124822010026,16.86446138657836,0 74.57126218860948,16.86405018755514,0 74.57127727861312,16.86358380371264,0 74.57131527280488,16.86249652556775,0 74.57131495913573,16.86200483952397,0 74.57131594851255,16.86151519821927,0 74.57131575762124,16.86098327975893,0 74.57131717322621,16.86073959147572,0 74.57132339003104,16.86049923959849,0 74.57132970798585,16.86024077066799,0 74.57133274045765,16.86009416992203,0 74.57133291379832,16.86008694990293,0 74.57133731942049,16.86008702624439,0 74.57186881028363,16.86008716340832,0 74.57187829206148,16.86008720334586,0 74.57215892212858,16.86006098176598,0 74.57242488920451,16.86000194177362,0 74.57248434334829,16.85997954809887,0 74.57256692000608,16.85994794358668,0 74.57281490445919,16.8598097071933,0 74.57326735425836,16.85955761514406,0 74.57399952739229,16.85923606194941,0 74.5740198692564,16.85922682505317,0 74.57402580453333,16.85911631811548,0 74.5740546167862,16.85851993370974,0 74.57404535506714,16.85840310611066,0 74.57398544228677,16.85762239898584,0 74.57398292171973,16.85759194458064,0 74.57398428709465,16.85746759321001,0 74.57399058649672,16.85653878309215,0 74.57399088404621,16.85649724289498,0 74.57399095862327,16.85649273881709,0 74.57401810841873,16.85648319527721,0 74.57481877115538,16.85619654242181,0 74.57510023506292,16.85609484503463,0 74.57525845693895,16.85603844447108,0 74.57590627689216,16.85580582997389,0 74.57663261196355,16.85554506346242,0 74.58008040262693,16.85427254733037,0 74.58012109656839,16.85425784969177,0 74.58014905700196,16.85423660793682,0 74.5802347378697,16.85417302618036,0 74.58047483949898,16.85407455765028,0 74.58083171319677,16.85392859385696,0 74.58385626183164,16.85268820644511,0 74.58474698428823,16.85238587219783,0 
						</coordinates>
					</LinearRing>
				</outerBoundaryIs>
			</Polygon>
		</Placemark>
	</Document>
	<Document>
		<name>Ward no.11.kml</name>
		<StyleMap id="m_ylw-pushpin9">
			<Pair>
				<key>normal</key>
				<styleUrl>#s_ylw-pushpin9</styleUrl>
			</Pair>
			<Pair>
				<key>highlight</key>
				<styleUrl>#s_ylw-pushpin_hl9</styleUrl>
			</Pair>
		</StyleMap>
		<Style id="s_ylw-pushpin9">
			<IconStyle>
				<scale>1.1</scale>
				<Icon>
					<href>https://maps.google.com/mapfiles/kml/pushpin/ylw-pushpin.png</href>
				</Icon>
				<hotSpot x="20" y="2" xunits="pixels" yunits="pixels"/>
			</IconStyle>
			<LineStyle>
				<color>ffffff55</color>
				<width>3</width>
			</LineStyle>
			<PolyStyle>
				<fill>0</fill>
			</PolyStyle>
		</Style>
		<Style id="s_ylw-pushpin_hl9">
			<IconStyle>
				<scale>1.3</scale>
				<Icon>
					<href>https://maps.google.com/mapfiles/kml/pushpin/ylw-pushpin.png</href>
				</Icon>
				<hotSpot x="20" y="2" xunits="pixels" yunits="pixels"/>
			</IconStyle>
			<LineStyle>
				<color>ffffff55</color>
				<width>3</width>
			</LineStyle>
			<PolyStyle>
				<fill>0</fill>
			</PolyStyle>
		</Style>
		<Placemark>
			<name>Ward no.11.kml</name>
			<styleUrl>#m_ylw-pushpin9</styleUrl>
			<Polygon>
				<tessellate>1</tessellate>
				<outerBoundaryIs>
					<LinearRing>
						<coordinates>
							74.59508666965455,16.88104146988464,0 74.59507778289758,16.88107735438232,0 74.59507266102082,16.88107928853527,0 74.59505848234535,16.88108896230423,0 74.59488068621167,16.88120886190087,0 74.59463368768222,16.88137616217883,0 74.59381949144358,16.88192167757225,0 74.59346114958419,16.88216181887065,0 74.5933766351465,16.88221798242577,0 74.59320508072936,16.88234944615737,0 74.59314913338966,16.88239288334141,0 74.59300061057402,16.88245608206996,0 74.59278170413739,16.88255168263433,0 74.59264149615211,16.88261308069365,0 74.59219418258921,16.88279451172501,0 74.59204494084341,16.88285630150295,0 74.5919298755252,16.88290010938671,0 74.59097234020368,16.88331558285463,0 74.5907192049242,16.88342492395287,0 74.58984380409403,16.88381212336994,0 74.58920638464181,16.88409559073252,0 74.5876561700553,16.88477805218244,0 74.58692620218207,16.88511594621784,0 74.58653870749937,16.88530001421038,0 74.58588354326007,16.88561251041836,0 74.58536701927912,16.8858584956261,0 74.58535067559913,16.88586710026464,0 74.58534762961125,16.88586132497358,0 74.58484179847167,16.88481761604864,0 74.58479545184798,16.88472043553503,0 74.58456203918512,16.88440978716564,0 74.58441534800446,16.88420929293025,0 74.58431676833615,16.88407700433661,0 74.58419966820489,16.88392192066418,0 74.58398469197758,16.88364364472659,0 74.583665154093,16.8832253806152,0 74.58329677636232,16.88274336661715,0 74.58277464239083,16.88209219998888,0 74.58252093763237,16.88179662441951,0 74.58239634841161,16.88164963052431,0 74.58231894201204,16.88155848975327,0 74.58225003880557,16.8814810545006,0 74.58209402368854,16.88130331857396,0 74.5820718781124,16.88127775146611,0 74.58203697701236,16.88124441530466,0 74.58189067504151,16.88110324246326,0 74.58179640039214,16.88101309538185,0 74.58173184156419,16.88095094456115,0 74.58159704517864,16.88082028883232,0 74.58144913519565,16.88067476584035,0 74.58138859195246,16.88061617544827,0 74.5812775236304,16.88050695933547,0 74.58113808368891,16.88036883437712,0 74.58094976602244,16.88018242613291,0 74.58073755957994,16.87997227642805,0 74.58062279733927,16.87985627528233,0 74.58048409480192,16.87971654322665,0 74.58044511434179,16.87967672548682,0 74.58025336788165,16.87948273896827,0 74.58000518214216,16.87923673143298,0 74.57989704635949,16.87913043481808,0 74.57988323778444,16.87911515079445,0 74.57974377529686,16.87896831211586,0 74.57961476720136,16.87883284755332,0 74.57946610415205,16.87867476586383,0 74.5793632504278,16.87856585439482,0 74.57932319250257,16.87852383883717,0 74.57917880046503,16.87835114681985,0 74.57901769747674,16.87816278476534,0 74.57888203525663,16.87800825086309,0 74.57880488915086,16.87791133281125,0 74.5786998868526,16.87778081131119,0 74.57868687005011,16.87776625590867,0 74.57851212947251,16.87758059415031,0 74.57831326212782,16.87735798885451,0 74.57816051692213,16.87718182844717,0 74.5781033331842,16.87711519383395,0 74.5780117658224,16.87702630556317,0 74.57786642355472,16.87689172937509,0 74.57766883849249,16.87671345931111,0 74.57739684529689,16.87643816087861,0 74.57740119405702,16.87641676386967,0 74.57742388779127,16.87630052541876,0 74.57747982910479,16.87601563240236,0 74.57757679193146,16.87561914070742,0 74.57759896724271,16.87552934122905,0 74.57760537252959,16.87551207986259,0 74.57780180589143,16.87498041768725,0 74.57783106831747,16.8749082863805,0 74.5778452263411,16.8748759098097,0 74.57792050839151,16.87469216920676,0 74.57793624882423,16.8746533206326,0 74.57794238095285,16.87464128386872,0 74.57809308969506,16.87433273221903,0 74.57812277435373,16.87427163633299,0 74.57813172850069,16.87425361322976,0 74.57815225938815,16.87422247809499,0 74.57819952967326,16.87415032979557,0 74.57826304013894,16.87405372547344,0 74.57832151858214,16.87396500335592,0 74.57835899279354,16.87390817397143,0 74.57838606483597,16.87386718566904,0 74.57839621487635,16.87385293932177,0 74.57843818809401,16.87379341229137,0 74.57859863328368,16.8735659158929,0 74.57862818461707,16.87352374299438,0 74.57863197696607,16.8735195359193,0 74.57875587542422,16.87338688312618,0 74.57884981896292,16.87328587244759,0 74.57897242425705,16.87315455359016,0 74.57904834300943,16.87308355584147,0 74.57910684438635,16.87302844620611,0 74.57917125394867,16.87296866085736,0 74.57920691738254,16.87293502819246,0 74.57922471771357,16.87291927149378,0 74.57938151949483,16.87278014495165,0 74.57941864195776,16.87274765321437,0 74.57970710801644,16.87253622090286,0 74.57994122900797,16.87238063416782,0 74.58000507663508,16.87233708666239,0 74.58008436753119,16.87228261990792,0 74.58016882092873,16.87222520118202,0 74.58043536378631,16.87205388701843,0 74.5804686780821,16.87203259477013,0 74.58068514922913,16.87192700332417,0 74.58069787579369,16.87192061501613,0 74.58069955509995,16.87191944729186,0 74.58102890903551,16.87170278737295,0 74.58110309204071,16.87165335133963,0 74.58113202124109,16.87163660700166,0 74.58157408063262,16.87137287348521,0 74.58160675236392,16.87135389938202,0 74.58163513050327,16.87133536790152,0 74.58184282113422,16.8712006013337,0 74.5820955272478,16.87103573623113,0 74.58214133737539,16.87100659203339,0 74.5822860011094,16.87089877545457,0 74.58236281881773,16.87084149376915,0 74.5825391902996,16.87071067167284,0 74.58266051220255,16.87062209370899,0 74.58267517762758,16.87061144025547,0 74.58268411466703,16.87060478235368,0 74.58270089207795,16.87059261761744,0 74.5827029454644,16.8705910962619,0 74.582705107173,16.87058918781061,0 74.58275211328363,16.87054817077706,0 74.58278828756148,16.87051643534122,0 74.5829213420495,16.87040004639739,0 74.58296208165947,16.87036458643653,0 74.58301096551459,16.87032248993323,0 74.58312766534122,16.87022219892548,0 74.58316485289377,16.87019047574196,0 74.58325543128025,16.87011333287108,0 74.58329768735474,16.87007728533806,0 74.58336507631385,16.87001199762256,0 74.58344417989743,16.86993550032739,0 74.58348897961957,16.86989221725401,0 74.58350821177966,16.86986939918768,0 74.58353592305919,16.86983766861414,0 74.5835973627468,16.86976524583655,0 74.58366497591631,16.86968594750116,0 74.58382109600144,16.86951800293323,0 74.58403565833341,16.86923985222871,0 74.58409078574083,16.86916652818828,0 74.58423771810867,16.86896855228472,0 74.58435254347026,16.86880389889653,0 74.58458959444755,16.86843436454374,0 74.5846976053506,16.86825959497255,0 74.58649368109505,16.86832975024585,0 74.58663241497177,16.86833559095507,0 74.58668026431465,16.86833595374635,0 74.58668503444669,16.86833620125237,0 74.58668699363314,16.86832676164677,0 74.58671276057815,16.86819418792674,0 74.58671646845514,16.86818057235205,0 74.5867499153923,16.86818155800644,0 74.58679615945242,16.86818282882789,0 74.58707345929569,16.86818801384454,0 74.58813957558569,16.8682071079453,0 74.58815108964413,16.86820712287143,0 74.58815116386123,16.86824065909078,0 74.58812681818982,16.86963425621925,0 74.58812638424678,16.86966042809717,0 74.5881264344504,16.8696759915759,0 74.58813596129377,16.86967567791814,0 74.58962912054677,16.86958895419883,0 74.5900689949145,16.86956428900853,0 74.59055027379021,16.86953613884876,0 74.59125070090246,16.86949533579468,0 74.59131825610109,16.86949137699062,0 74.59132216421767,16.86949121812264,0 74.59132322973136,16.86950965238256,0 74.59135766972128,16.87008966599997,0 74.59135836915074,16.87010210636421,0 74.59136980408186,16.8701015254302,0 74.5919433463624,16.87008431137128,0 74.5924904240063,16.87006873415859,0 74.59301027627367,16.8700531998754,0 74.59303334808502,16.87005252747731,0 74.5930333868438,16.8700594993068,0 74.59302218905694,16.87053010899288,0 74.59302187904882,16.87054053372427,0 74.59303076858325,16.87054100638049,0 74.59442169760905,16.87061315937459,0 74.59444970919778,16.87061463446081,0 74.59451756127068,16.87062199194021,0 74.59494918086904,16.87066997097653,0 74.59495703011744,16.87067081843378,0 74.5949830931204,16.87066939931724,0 74.59758760428288,16.87052251609223,0 74.59772192480817,16.87051473008756,0 74.5977402986349,16.87051412801785,0 74.59773878983782,16.87052783079946,0 74.59762894269397,16.87156695332451,0 74.59762116658764,16.8716049682636,0 74.59755001007805,16.8719468038287,0 74.59742407826367,16.87256316690518,0 74.59722455023342,16.87342888956608,0 74.59699727955488,16.87436397752,0 74.59685329352043,16.8749878960467,0 74.59672665499784,16.8754811683264,0 74.59648670015105,16.8764298498852,0 74.59627808933426,16.87716560392085,0 74.59615302789661,16.87757246454584,0 74.59605160317898,16.87789525791731,0 74.59592040693171,16.87830233960497,0 74.59563955259647,16.87916488703782,0 74.59523183172576,16.88041811588462,0 74.59508666965455,16.88104146988464,0 
						</coordinates>
					</LinearRing>
				</outerBoundaryIs>
			</Polygon>
		</Placemark>
	</Document>
	<Document>
		<name>Ward no.12.kml</name>
		<StyleMap id="m_ylw-pushpin10">
			<Pair>
				<key>normal</key>
				<styleUrl>#s_ylw-pushpin10</styleUrl>
			</Pair>
			<Pair>
				<key>highlight</key>
				<styleUrl>#s_ylw-pushpin_hl10</styleUrl>
			</Pair>
		</StyleMap>
		<Style id="s_ylw-pushpin10">
			<IconStyle>
				<scale>1.1</scale>
				<Icon>
					<href>https://maps.google.com/mapfiles/kml/pushpin/ylw-pushpin.png</href>
				</Icon>
				<hotSpot x="20" y="2" xunits="pixels" yunits="pixels"/>
			</IconStyle>
			<LineStyle>
				<color>ffffff55</color>
				<width>3</width>
			</LineStyle>
			<PolyStyle>
				<fill>0</fill>
			</PolyStyle>
		</Style>
		<Style id="s_ylw-pushpin_hl10">
			<IconStyle>
				<scale>1.3</scale>
				<Icon>
					<href>https://maps.google.com/mapfiles/kml/pushpin/ylw-pushpin.png</href>
				</Icon>
				<hotSpot x="20" y="2" xunits="pixels" yunits="pixels"/>
			</IconStyle>
			<LineStyle>
				<color>ffffff55</color>
				<width>3</width>
			</LineStyle>
			<PolyStyle>
				<fill>0</fill>
			</PolyStyle>
		</Style>
		<Placemark>
			<name>Ward no.12.kml</name>
			<styleUrl>#m_ylw-pushpin10</styleUrl>
			<Polygon>
				<tessellate>1</tessellate>
				<outerBoundaryIs>
					<LinearRing>
						<coordinates>
							74.5853418346673,16.88584934560703,0 74.58534743027258,16.88586102190038,0 74.58535066879841,16.88586708973851,0 74.5853440597409,16.88586974815045,0 74.58418557688215,16.88645383462521,0 74.58385416608616,16.88662079979741,0 74.58360896012216,16.88673976067707,0 74.58280950858314,16.887125171538,0 74.58259636893517,16.88722611546472,0 74.58215340519943,16.88742875712087,0 74.58153180378137,16.88771669612392,0 74.58067864786548,16.88812766009816,0 74.58017671070139,16.88836989771795,0 74.57996644304762,16.88845967501119,0 74.57958057522202,16.88862599553949,0 74.57935815160293,16.88872167562567,0 74.57909319865635,16.88883533112109,0 74.57889502610793,16.88892061973441,0 74.57875999126806,16.88898092590036,0 74.57850837938501,16.88909485680828,0 74.57803541379855,16.8893082401353,0 74.57774945873497,16.88942061434972,0 74.57705859953219,16.88969220701036,0 74.57695888576139,16.88972450214413,0 74.57671071504734,16.88980442593414,0 74.57641382813625,16.88989091707627,0 74.57610701288992,16.88998128731688,0 74.57596682412618,16.89002183406184,0 74.57559959065036,16.89012786685692,0 74.57507398234934,16.89027718695591,0 74.57472878200153,16.89037518766872,0 74.57449033862842,16.89044351574925,0 74.57403381501612,16.89056962154902,0 74.57308009705687,16.89083146780432,0 74.57244884158857,16.89096294491337,0 74.57220781206831,16.89101285302864,0 74.57192389550792,16.89107238146491,0 74.57183998035096,16.89108742246794,0 74.57112448911464,16.8912083802396,0 74.56998823642969,16.89140308769506,0 74.56950520172786,16.89149996626743,0 74.56920310399799,16.89156165528354,0 74.56908808139472,16.89158444103033,0 74.56885312478302,16.89163203379966,0 74.56875883607464,16.89165101710938,0 74.56851886612334,16.89169947354054,0 74.56828434481591,16.89174761276194,0 74.56779281735342,16.89190136272147,0 74.56748891150367,16.89199641930893,0 74.56726692334118,16.8920692434105,0 74.56664557180552,16.89227220790583,0 74.5658442408628,16.89245760825379,0 74.56506696835794,16.89263765989785,0 74.56414467608217,16.89283931893288,0 74.56391120439463,16.89289084070073,0 74.56370432367945,16.8929360526652,0 74.56359857302846,16.89295933175743,0 74.56349812794714,16.89299111940998,0 74.56318926271079,16.8930871084297,0 74.5626686073464,16.89324978971493,0 74.56265591486722,16.89325404846358,0 74.56265517029384,16.89324395647753,0 74.56257808549714,16.89217866198702,0 74.56256496191375,16.89200431421214,0 74.56255957228841,16.89180560208608,0 74.56253450635926,16.8907363630325,0 74.56251449773779,16.89018879762283,0 74.56249596131725,16.88971814290014,0 74.56248147866074,16.88932783516837,0 74.56247848785191,16.88925956521853,0 74.56246003408354,16.88902153644855,0 74.56240172449239,16.88827479428077,0 74.56238361692583,16.88797798659168,0 74.56233680570095,16.88720319686302,0 74.56232940801888,16.88695762494673,0 74.56230755359987,16.88623006869759,0 74.56230694201017,16.88620676656356,0 74.56230349196134,16.88619271447184,0 74.56209310645788,16.88544834730363,0 74.56193048532103,16.88487081163083,0 74.56168562054992,16.88399688592623,0 74.56141837057191,16.88304173420707,0 74.56141112494086,16.88301536268998,0 74.56141086905156,16.88278455552341,0 74.56141091595556,16.88274378392295,0 74.5614266189757,16.88268396244354,0 74.56142986449318,16.88267192372451,0 74.56137964723386,16.8826619457268,0 74.56117587182924,16.88262249929453,0 74.56058913119482,16.88250785317812,0 74.55983598624917,16.88236003933992,0 74.55961987429491,16.88231766486131,0 74.55915137498435,16.88221951354669,0 74.55879720527336,16.88214542567215,0 74.55858926501044,16.88210112686384,0 74.55805411115473,16.88198345842569,0 74.55749486498478,16.88186040927463,0 74.55712981842078,16.88178562657265,0 74.55663480075468,16.88168269142802,0 74.55649279476566,16.88165343390042,0 74.55644461543459,16.88164553125378,0 74.5562967367255,16.88161931480914,0 74.55566928736039,16.88151205635603,0 74.55552793934825,16.88148790314716,0 74.55542678778137,16.88147036073559,0 74.55528976824002,16.88144749393389,0 74.55455826903371,16.88133237461911,0 74.55443133866603,16.8813060761413,0 74.55414528104427,16.88124798189463,0 74.55407592202782,16.8812297284111,0 74.55325541069044,16.88101020608319,0 74.55309960562785,16.88096880704309,0 74.55285089245889,16.8809088288303,0 74.55208799926741,16.88064599465311,0 74.55194667495124,16.88058652453135,0 74.55153212997232,16.8804108832513,0 74.55139827546891,16.88034319222217,0 74.5511092235938,16.8801974048762,0 74.55105078446792,16.88015986883657,0 74.55073112298453,16.87995476209407,0 74.55043758152478,16.87976872049832,0 74.55026261308753,16.87966031468088,0 74.54994070229183,16.87946141345557,0 74.54992409049527,16.87945091320753,0 74.54991334771933,16.87943752958999,0 74.54952476473349,16.87894901145615,0 74.54951603142767,16.87893791011659,0 74.54952452861941,16.87892219549246,0 74.54963842488075,16.87870827862477,0 74.5496451604827,16.87869614506435,0 74.54965279821414,16.87869249350764,0 74.54968307175537,16.87868015776789,0 74.54982942621237,16.87861943810071,0 74.54985331711306,16.87860940808569,0 74.54987568463591,16.87859155369726,0 74.55005830179562,16.87844702349281,0 74.55010135742799,16.87841370446613,0 74.55016480740998,16.87836326347836,0 74.55023167018068,16.8783061213808,0 74.55040097980286,16.87816236507855,0 74.55051805094722,16.87803192729914,0 74.55059086417201,16.87794984723881,0 74.5506252088482,16.87791141558559,0 74.5509952822015,16.87756332361972,0 74.55125841654079,16.8773251762028,0 74.55147688768402,16.87713059644282,0 74.55166218550198,16.87697169005994,0 74.55185805617319,16.87680576011972,0 74.55194234520285,16.87673295294228,0 74.55216458175252,16.87648793142729,0 74.55225037603792,16.87639262287512,0 74.55233288280498,16.87630985552042,0 74.55273259486057,16.8759084427471,0 74.55297935777841,16.87565809855845,0 74.55315582739684,16.87547978457115,0 74.55322226106577,16.87541098331527,0 74.55346089259955,16.8751199461298,0 74.5537072684796,16.8748159186276,0 74.5538028755652,16.87469547363444,0 74.55383911822223,16.87464518939128,0 74.55418025544084,16.87414493076598,0 74.55435238181859,16.8738436507426,0 74.55444314382616,16.87373606214595,0 74.55466404135773,16.87335407054228,0 74.55474663260443,16.87321060346799,0 74.55483613164475,16.87305631486497,0 74.5548672678224,16.8729970698173,0 74.55498719103949,16.87276247443455,0 74.55511559914177,16.8725156063821,0 74.55524137534682,16.87229196183991,0 74.55552682137952,16.87177230576932,0 74.55578512405761,16.87130854039565,0 74.55583857664581,16.87116141846639,0 74.55615228822701,16.87027843450636,0 74.55632887880346,16.87000703375231,0 74.55644707425444,16.86958185808817,0 74.55650139622377,16.8693874166586,0 74.55656449063613,16.86915934027796,0 74.55663670254779,16.8689117403598,0 74.55668441828237,16.86874913987774,0 74.55671893263776,16.86866195555945,0 74.55684796308185,16.86833325730509,0 74.55690035341617,16.86819877707989,0 74.55693502740888,16.86811026761929,0 74.55700023900758,16.86766840591687,0 74.55704876980506,16.86733952151722,0 74.55706309424292,16.86722746974674,0 74.55714734393776,16.86639778646405,0 74.55719490451527,16.86591502886291,0 74.55722478448011,16.86562081244052,0 74.55726764229961,16.86523963543679,0 74.55732167823653,16.86475456481967,0 74.55732754830881,16.86470498158982,0 74.55742313802631,16.86418477362863,0 74.55751168439477,16.86369914289068,0 74.55751401430901,16.86368620915228,0 74.55751453400548,16.86367931920998,0 74.55756623435111,16.86303945221634,0 74.55756804539919,16.86301788467262,0 74.55757914179337,16.86301778823317,0 74.55772884664032,16.86301705659051,0 74.55848071328326,16.86301202338218,0 74.55915981212674,16.86300599038827,0 74.55983462433782,16.86300008732599,0 74.56062537526959,16.86299066569366,0 74.56207495116374,16.86296518899545,0 74.56303128100831,16.86294324642565,0 74.5640771290323,16.86291499486793,0 74.56416288290194,16.86291311631588,0 74.56415473989045,16.86267345897603,0 74.56414245527975,16.86233280853018,0 74.56413542166059,16.86213268474997,0 74.56412536914574,16.86185620833361,0 74.56411001288686,16.86110024269377,0 74.56410394121467,16.86079997149478,0 74.56410287552549,16.86074882400856,0 74.56410235347978,16.86072954814993,0 74.56410201826721,16.86071966697242,0 74.56410193289138,16.86071796224841,0 74.56412863565332,16.86071815349557,0 74.56464005936724,16.86071766651249,0 74.56574060307125,16.86071627740702,0 74.56580748633665,16.86071622462803,0 74.56581581551306,16.8607149582063,0 74.56656766451894,16.86060442166774,0 74.56677227939493,16.86057450015975,0 74.5668036115427,16.86056980790635,0 74.56691208504674,16.86053960232803,0 74.56705515298879,16.86049863355628,0 74.56729164384969,16.86043209561899,0 74.56748716098083,16.86037700319462,0 74.56765615723457,16.86033734115327,0 74.56787114350105,16.86028675646989,0 74.5680150916812,16.86025294728168,0 74.56813523399171,16.86022483901485,0 74.56825260265072,16.86019714186624,0 74.5683186463047,16.86018155882816,0 74.5684263588798,16.86015629207096,0 74.56843732906262,16.86015368558856,0 74.5685003487441,16.86014878442136,0 74.5688546797431,16.86011919769118,0 74.56910469556061,16.86009862879562,0 74.56927783651368,16.86008422158677,0 74.56932153399543,16.86008274128415,0 74.57012791486177,16.86006006921563,0 74.57133731942049,16.86008702624439,0 74.57133291379832,16.86008694990293,0 74.57133274045765,16.86009416992203,0 74.57132970798585,16.86024077066799,0 74.57132339003104,16.86049923959849,0 74.57131717322621,16.86073959147572,0 74.57131575762124,16.86098327975893,0 74.57131594851255,16.86151519821927,0 74.57131495913573,16.86200483952397,0 74.57131527280488,16.86249652556775,0 74.57127727861312,16.86358380371264,0 74.57126218860948,16.86405018755514,0 74.57124822010026,16.86446138657836,0 74.57124681049433,16.86451215566757,0 74.57124252036662,16.86526675612597,0 74.57124044719977,16.86577755824292,0 74.57123863966245,16.86600612891838,0 74.57123983806837,16.86602884154401,0 74.57124758499195,16.86626055552297,0 74.57126931178315,16.86687510842118,0 74.57129347753148,16.86755865219984,0 74.57129918187439,16.86768642016667,0 74.57134624465911,16.86813707612094,0 74.57141973156257,16.8687857010386,0 74.57144429640908,16.86903095713559,0 74.57157537140246,16.86978630267436,0 74.57166426607229,16.87029595231348,0 74.57175318609902,16.87081814142547,0 74.57175923289802,16.87085236724225,0 74.57176972262305,16.87086641970524,0 74.57207539598258,16.87128094315331,0 74.57234007248034,16.87164104683167,0 74.57263081125429,16.8719996464258,0 74.57269780801198,16.87208185230228,0 74.57271461627265,16.87210210362306,0 74.57271925684181,16.87210704037955,0 74.57300372137007,16.87240482741221,0 74.57321029882297,16.87262162376828,0 74.57336564394706,16.87278362320803,0 74.57344454251131,16.87286484903083,0 74.57367734465002,16.87309686001907,0 74.57388520128079,16.8733054335994,0 74.57402115190003,16.87344091175046,0 74.5742775210331,16.87365726838247,0 74.57455934360286,16.87389456662367,0 74.57477412790146,16.87407697212928,0 74.57506963356352,16.87433358515456,0 74.57558638809037,16.87478455589152,0 74.5759753646943,16.87512150865668,0 74.57608250899364,16.87521565748199,0 74.57614091022798,16.8752715233242,0 74.57679696002231,16.87590089532513,0 74.57694983308456,16.8760492922629,0 74.57697059674625,16.87606617586429,0 74.57735250448206,16.87639953788004,0 74.57737929722317,16.87642293372824,0 74.57739684529689,16.87643816087861,0 74.5776700324797,16.87671473362491,0 74.57778257188589,16.87681588683891,0 74.57800971922993,16.87702424617512,0 74.57810310068986,16.8771147596864,0 74.57823882327648,16.87727220879217,0 74.57851152173795,16.87757986754914,0 74.57869850299421,16.87777959210637,0 74.57888260851263,16.87800831321897,0 74.57897101973462,16.87810860984141,0 74.57907652375251,16.87823130426163,0 74.57932233908514,16.87852309379116,0 74.5793773075001,16.87858026097058,0 74.57990797517274,16.87914190549658,0 74.57998978092952,16.87922179922256,0 74.58022856221618,16.87945757391001,0 74.58052990801201,16.87976247991937,0 74.58101213986095,16.88024480898412,0 74.58166902281737,16.88088994134584,0 74.58206069977722,16.88126714015305,0 74.58222334917203,16.88145051230613,0 74.5827390401906,16.88205188451873,0 74.58279813259874,16.88211979530007,0 74.58328996216362,16.88273587521209,0 74.58344870480985,16.88294351193624,0 74.58406377194206,16.88374559543434,0 74.58431022311591,16.88406887373279,0 74.58457137648081,16.88442190309488,0 74.58465541760671,16.88453349228828,0 74.58479596923985,16.88472071282721,0 74.58488916105951,16.88491599853938,0 74.5853418346673,16.88584934560703,0 
						</coordinates>
					</LinearRing>
				</outerBoundaryIs>
			</Polygon>
		</Placemark>
	</Document>
	<Document>
		<name>Ward no.13.kml</name>
		<StyleMap id="m_ylw-pushpin11">
			<Pair>
				<key>normal</key>
				<styleUrl>#s_ylw-pushpin11</styleUrl>
			</Pair>
			<Pair>
				<key>highlight</key>
				<styleUrl>#s_ylw-pushpin_hl11</styleUrl>
			</Pair>
		</StyleMap>
		<Style id="s_ylw-pushpin11">
			<IconStyle>
				<scale>1.1</scale>
				<Icon>
					<href>https://maps.google.com/mapfiles/kml/pushpin/ylw-pushpin.png</href>
				</Icon>
				<hotSpot x="20" y="2" xunits="pixels" yunits="pixels"/>
			</IconStyle>
			<LineStyle>
				<color>ffffff55</color>
				<width>3</width>
			</LineStyle>
			<PolyStyle>
				<fill>0</fill>
			</PolyStyle>
		</Style>
		<Style id="s_ylw-pushpin_hl11">
			<IconStyle>
				<scale>1.3</scale>
				<Icon>
					<href>https://maps.google.com/mapfiles/kml/pushpin/ylw-pushpin.png</href>
				</Icon>
				<hotSpot x="20" y="2" xunits="pixels" yunits="pixels"/>
			</IconStyle>
			<LineStyle>
				<color>ffffff55</color>
				<width>3</width>
			</LineStyle>
			<PolyStyle>
				<fill>0</fill>
			</PolyStyle>
		</Style>
		<Placemark>
			<name>Ward no.13.kml</name>
			<styleUrl>#m_ylw-pushpin11</styleUrl>
			<Polygon>
				<tessellate>1</tessellate>
				<outerBoundaryIs>
					<LinearRing>
						<coordinates>
							74.54462739674447,16.85109801967857,0 74.54482394723206,16.85106845436816,0 74.54486491808784,16.85096769720115,0 74.54501850077204,16.85093585760564,0 74.54509326302455,16.85095789396895,0 74.54574356880366,16.85065847620789,0 74.54604012816672,16.85061571814046,0 74.54643412730428,16.85055785512587,0 74.54659594635109,16.85055779730656,0 74.54679179694224,16.8504943535879,0 74.54693987043038,16.85056846915158,0 74.5471059826554,16.85053350117067,0 74.54724985531902,16.85049351619914,0 74.54748869080237,16.85043340010284,0 74.54807879036962,16.85040043049472,0 74.54842157806878,16.85037197106161,0 74.54867301964768,16.85045925694302,0 74.54888746982735,16.85045990852307,0 74.5489969361593,16.85047953724684,0 74.549307336114,16.85049126629354,0 74.54969317500417,16.85044834841946,0 74.55011986467267,16.85040087411994,0 74.55038395038973,16.85041092679465,0 74.55051921820728,16.85039694615135,0 74.55079819362716,16.85042405440826,0 74.55095349480881,16.85042594851923,0 74.55133177646306,16.85046722348648,0 74.55160105047391,16.85053931587267,0 74.55197557270481,16.85053115458671,0 74.55234847791628,16.85051699459973,0 74.55277682636012,16.8505383596702,0 74.55353363703,16.85073507964569,0 74.55423470519736,16.85101547106028,0 74.55466438997792,16.85138460140483,0 74.55502585339893,16.85164779824385,0 74.55511735366348,16.85175618208676,0 74.55552275891971,16.85150880666051,0 74.55624767081156,16.85235550494599,0 74.55651703818667,16.8527863069674,0 74.55691653647905,16.85394678515248,0 74.55710012952336,16.85447089049437,0 74.55761259260167,16.8550221772739,0 74.55781578191124,16.85500784471906,0 74.55783241423806,16.85506134654391,0 74.55785083593891,16.85520761424396,0 74.5578700887574,16.85547645657689,0 74.55782340589714,16.85560203644242,0 74.55778173976026,16.85678483425062,0 74.55771991945116,16.85758798762399,0 74.55773195593348,16.85823691785569,0 74.55770689186116,16.85832265934106,0 74.55773816569697,16.85841663497523,0 74.55776452855915,16.8590355965815,0 74.55776244789921,16.86037342013694,0 74.55760195745057,16.86252861963661,0 74.55757662283976,16.86285747111202,0 74.55756689785369,16.86298804397271,0 74.5575648246741,16.86301786853301,0 74.55756804539919,16.86301788467262,0 74.55756623435111,16.86303945221634,0 74.55751453400548,16.86367931920998,0 74.55751401430901,16.86368620915228,0 74.55751168439477,16.86369914289068,0 74.55742313802631,16.86418477362863,0 74.55732754830881,16.86470498158982,0 74.55732167823653,16.86475456481967,0 74.55726764229961,16.86523963543679,0 74.55722478448011,16.86562081244052,0 74.55719490451527,16.86591502886291,0 74.55714734393776,16.86639778646405,0 74.55706309424292,16.86722746974674,0 74.55704876980506,16.86733952151722,0 74.55700023900758,16.86766840591687,0 74.55693502740888,16.86811026761929,0 74.55690035341617,16.86819877707989,0 74.55684796308185,16.86833325730509,0 74.55671893263776,16.86866195555945,0 74.55668441828237,16.86874913987774,0 74.55663670254779,16.8689117403598,0 74.55656449063613,16.86915934027796,0 74.55650139622377,16.8693874166586,0 74.55644707425444,16.86958185808817,0 74.55632887880346,16.87000703375231,0 74.5561520288738,16.87027909182958,0 74.55582289332378,16.8712053122597,0 74.55578512405761,16.87130854039565,0 74.55552682137952,16.87177230576932,0 74.55524137534682,16.87229196183991,0 74.55511559914177,16.8725156063821,0 74.55498719103949,16.87276247443455,0 74.5548672678224,16.8729970698173,0 74.55483613164475,16.87305631486497,0 74.55474663260443,16.87321060346799,0 74.55466404135773,16.87335407054228,0 74.55444314382616,16.87373606214595,0 74.55435262815058,16.87384312149512,0 74.55418025544084,16.87414493076598,0 74.55383911822223,16.87464518939128,0 74.5538028755652,16.87469547363444,0 74.5537072684796,16.8748159186276,0 74.55339302188072,16.87520289327526,0 74.55322226106577,16.87541098331527,0 74.55315582739684,16.87547978457115,0 74.55297935777841,16.87565809855845,0 74.55273259486057,16.8759084427471,0 74.55233288280498,16.87630985552042,0 74.55225037603792,16.87639262287512,0 74.55216458175252,16.87648793142729,0 74.55194234520285,16.87673295294228,0 74.55185805617319,16.87680576011972,0 74.55166218550198,16.87697169005994,0 74.55147688768402,16.87713059644282,0 74.55125841654079,16.8773251762028,0 74.5509952822015,16.87756332361972,0 74.5506252088482,16.87791141558559,0 74.55059086417201,16.87794984723881,0 74.55051805094722,16.87803192729914,0 74.55040097980286,16.87816236507855,0 74.55023167018068,16.8783061213808,0 74.55016480740998,16.87836326347836,0 74.55010135742799,16.87841370446613,0 74.55005830179562,16.87844702349281,0 74.54987568463591,16.87859155369726,0 74.54985331711306,16.87860940808569,0 74.54982942621237,16.87861943810071,0 74.54968307175537,16.87868015776789,0 74.54965279821414,16.87869249350764,0 74.5496451604827,16.87869614506435,0 74.54963842488075,16.87870827862477,0 74.54952452861941,16.87892219549246,0 74.54951603142767,16.87893791011659,0 74.54940297833544,16.87887966855795,0 74.54863127646088,16.87852673386636,0 74.54783419310162,16.87922019900032,0 74.54776500227365,16.87936797775313,0 74.54762020502233,16.87946414015211,0 74.54705726680513,16.87997914281743,0 74.54695204547907,16.8800274178968,0 74.54652033064009,16.88043688307737,0 74.54573995484624,16.88116331394325,0 74.54557677454352,16.88137751882417,0 74.54467331036312,16.88235842575222,0 74.54445148580858,16.88278667911216,0 74.54413177065993,16.88310937410696,0 74.5432975958756,16.88452832288148,0 74.54301836871163,16.8851649615755,0 74.54276210739792,16.88580340096071,0 74.54249426985781,16.8857662028579,0 74.5410003818378,16.88539323388428,0 74.53901197086591,16.88484515001463,0 74.53862358356663,16.88476378974314,0 74.53650356983314,16.88432285406617,0 74.53624060203913,16.8842686448634,0 74.53564608451308,16.88417556869457,0 74.53363009269401,16.88386146859609,0 74.53358395044593,16.88385338634097,0 74.53325899638193,16.88379032079041,0 74.53304648099808,16.88374851936357,0 74.53280335350196,16.88370056360653,0 74.53209754473436,16.88356213388026,0 74.53129197782798,16.88340348776799,0 74.53089411418468,16.88332873664981,0 74.52834890987377,16.88284805244161,0 74.52823820131563,16.88283359222853,0 74.52718369935246,16.88269377798531,0 74.52646780390576,16.88259834230843,0 74.52603443381709,16.88254064466511,0 74.52576716611222,16.88252431183356,0 74.52471982933211,16.88245946255598,0 74.52428671022821,16.8824328034151,0 74.52415713687293,16.88242861929605,0 74.52379208560696,16.8824145959478,0 74.52275322689178,16.88237661977774,0 74.52225710135622,16.88233787022095,0 74.52218644792036,16.88233223074596,0 74.52146149674815,16.88227511125751,0 74.52087689980758,16.88222890820791,0 74.52086399242657,16.88222792220904,0 74.52086220133906,16.8821879884876,0 74.52085963673126,16.88212792962628,0 74.5208415541324,16.88170912848791,0 74.52079938336877,16.88071825556966,0 74.52049810944824,16.87379812267895,0 74.52047796189375,16.87333494369355,0 74.5204785582379,16.87106217755305,0 74.52047828270936,16.86828517492589,0 74.52047773129807,16.86572348004545,0 74.51998367849593,16.86181177412897,0 74.519939449972,16.86133994336443,0 74.5197812307206,16.85966618157789,0 74.51964133354979,16.85819113197089,0 74.51964096364308,16.8581879710049,0 74.51960814434037,16.85816919689074,0 74.51883749470898,16.85772616799112,0 74.51845466638225,16.85750622993321,0 74.51821739723349,16.8573772296187,0 74.5182061734625,16.85737074090811,0 74.51819514328628,16.85691460019336,0 74.51828225396397,16.85673044522956,0 74.5182932402915,16.85656988161189,0 74.51834318007757,16.85650405760896,0 74.5183557801454,16.85643377178574,0 74.51836918819492,16.85638378219541,0 74.51833264781477,16.85617420569461,0 74.51832975439807,16.85564754567174,0 74.51827146339248,16.855388800527,0 74.51818506137562,16.85496132889904,0 74.51817475242319,16.85474318214579,0 74.51806840346079,16.85439063314155,0 74.51806968670412,16.85411010211257,0 74.51811990601109,16.85401129191003,0 74.51814848869957,16.85382802140428,0 74.51822399375008,16.85362781886332,0 74.51821822082108,16.85342362355973,0 74.51827824467583,16.8532650030062,0 74.51840263857537,16.85309373999232,0 74.51858175058204,16.85290165267782,0 74.51881235423699,16.85271731506533,0 74.51899741305432,16.8526203958235,0 74.51922718892162,16.85250968744285,0 74.51952376025993,16.8524208189521,0 74.51980123025301,16.85241030780614,0 74.52005191386603,16.85244644199084,0 74.52024506570858,16.85238656304561,0 74.5205247231181,16.85233560215774,0 74.52061732755755,16.85230402361052,0 74.52083215062915,16.85225796296597,0 74.52102513143737,16.85218200895146,0 74.52130660743825,16.85209395229392,0 74.52143944282611,16.85202527984311,0 74.52149677190785,16.85201720051256,0 74.52163132407364,16.85194261815133,0 74.52170343022584,16.85196170886158,0 74.52180732593733,16.85188447078134,0 74.52189946913047,16.85184660317024,0 74.52196796677886,16.85180972677666,0 74.52203327165201,16.8517132606366,0 74.52212349222069,16.85168245943008,0 74.52241200581405,16.85146364820142,0 74.52254810183534,16.8513207157324,0 74.52262595324959,16.85124098267539,0 74.52268851133319,16.85123562471885,0 74.52277132745002,16.85117327275059,0 74.52280991715917,16.85113950694361,0 74.52283960457163,16.85105296926436,0 74.52294451046453,16.85099062682033,0 74.52315545115562,16.85082524823616,0 74.52330359634809,16.85067491147716,0 74.5233783016817,16.85057654168679,0 74.52345951058119,16.85053651219425,0 74.52359102512457,16.85037127738184,0 74.52362577474399,16.85027539312975,0 74.52369886430863,16.85026280195069,0 74.52378419977639,16.85013088615285,0 74.5239216969603,16.8499925600252,0 74.52407352129546,16.84978839059582,0 74.52408775881754,16.8497071309132,0 74.52409977677176,16.84961552805346,0 74.52419532702898,16.84952913682308,0 74.52422405372083,16.84953575793091,0 74.52442702702702,16.8492344984217,0 74.5246477545911,16.84887269920202,0 74.52482457594739,16.84872854085651,0 74.52486880840986,16.84860896625381,0 74.52498729856038,16.84850114174379,0 74.52522867838654,16.84819911152081,0 74.52544612549009,16.84797139832708,0 74.52552210017915,16.84795043689822,0 74.52568985209165,16.84775477454665,0 74.52580698525215,16.84768142541392,0 74.52583288965468,16.84759628458071,0 74.52596538322086,16.84746206758384,0 74.52634073105254,16.84703463680959,0 74.52650237431783,16.84686937974051,0 74.52676633306152,16.8466855875708,0 74.5273721476091,16.8463330951637,0 74.52799117014246,16.84609410888693,0 74.52861155616961,16.84591161065595,0 74.5291809914155,16.84574556607902,0 74.52964273815529,16.84571682008215,0 74.53014931884171,16.84568183677504,0 74.53048465932349,16.84570580998342,0 74.53097479649639,16.84581375994641,0 74.53139631629166,16.84601783476651,0 74.53167598736525,16.84616264894229,0 74.53205794218891,16.84619318261096,0 74.53249568838686,16.84622602976803,0 74.53270010862556,16.84624836550628,0 74.53285378822468,16.84628014501508,0 74.53314443271644,16.84625900099005,0 74.53343062510257,16.84630136057746,0 74.53372421668513,16.84625238195488,0 74.53395167443927,16.84633673245482,0 74.53395397604748,16.8464339626,0 74.53388767375066,16.84654643043241,0 74.53375354401969,16.84683816274298,0 74.53361232982085,16.8470580341361,0 74.53334424974078,16.84746393378917,0 74.53307673513848,16.84813084880405,0 74.53273472605798,16.84898698881746,0 74.53255496531433,16.84950918385019,0 74.53240393381719,16.85012471205896,0 74.5323243350573,16.85026951163665,0 74.53219121665046,16.85075684545695,0 74.53227931204424,16.8508929930961,0 74.53210738034208,16.85105909476062,0 74.53203521238132,16.85147814711335,0 74.5318470992617,16.85173823949013,0 74.53179387535579,16.85225104258752,0 74.53171945871618,16.85248659978624,0 74.53169059857211,16.85293892876028,0 74.53164079652976,16.85329489620805,0 74.53167506111205,16.85355622087085,0 74.53179829896897,16.85389453038369,0 74.53182532787991,16.85420296831965,0 74.53189854665,16.85444924786026,0 74.53186339345025,16.85456055372856,0 74.53151167787539,16.85500246381573,0 74.53150463952477,16.85513829520921,0 74.53143387731561,16.85525559604975,0 74.53151032023705,16.85556268571867,0 74.53147996003497,16.85575232027764,0 74.53153470992392,16.85595102887623,0 74.53152607959926,16.85607659749289,0 74.53166465977392,16.8562556713429,0 74.53165122527039,16.85638417678948,0 74.5317091143464,16.85650981919626,0 74.53206566777313,16.85691699433082,0 74.53221040528382,16.85703199910861,0 74.53263860567122,16.85725860460182,0 74.53297426183164,16.85728513069105,0 74.53320480025081,16.85749226151714,0 74.53339787914695,16.8575025949448,0 74.53380707984293,16.85744614214889,0 74.53394870693521,16.85745799981196,0 74.53407204362126,16.85740702193943,0 74.53449203395478,16.85749674809534,0 74.53462412442282,16.85744734722883,0 74.53482413353581,16.85749560003609,0 74.53508478905584,16.8574413246964,0 74.53523033288604,16.85750387123883,0 74.53533692884777,16.85747845806464,0 74.53541684505252,16.85747016115632,0 74.53564672628873,16.85736703213331,0 74.53607103441568,16.85733439369081,0 74.53618654740441,16.85725066104248,0 74.53634686135187,16.85720240043426,0 74.53653975457345,16.85711139002717,0 74.53666707601054,16.8569680151612,0 74.53676571207356,16.85693234690304,0 74.5368500140077,16.85685942879623,0 74.53693187225201,16.85686180978076,0 74.53708569262436,16.85680716427355,0 74.53717975335768,16.85664060005854,0 74.53745246577658,16.85654753602469,0 74.53775713909846,16.85626377614854,0 74.53796819672404,16.85617310274782,0 74.53815046420178,16.85600859626111,0 74.53828760160764,16.85596159831352,0 74.53841808578839,16.85582934643694,0 74.53854518590535,16.85577196054933,0 74.5386835654068,16.85567587903214,0 74.53884527580828,16.85551874177445,0 74.53896675181841,16.85546975439455,0 74.53956250844379,16.8548919410238,0 74.53968532940841,16.85475912456046,0 74.53986180413345,16.85468912973663,0 74.54012862146325,16.85445216934049,0 74.54029242620932,16.854240255783,0 74.54032212153368,16.85410278511965,0 74.54043133108755,16.85396540984159,0 74.54067773824002,16.85379551970655,0 74.54095048199707,16.85352539738532,0 74.54108143647069,16.85351273576722,0 74.54128520596259,16.85337310651039,0 74.54150802519698,16.85329328797587,0 74.54166056934969,16.85315679312001,0 74.54178774154977,16.85302027159592,0 74.54189419896065,16.85293705859134,0 74.54201094241662,16.85277076217408,0 74.54221112917513,16.85275769229974,0 74.54229264983631,16.85265892148189,0 74.54238177666009,16.85261997233626,0 74.54257645260788,16.85246371064025,0 74.54270847318467,16.8523614413988,0 74.54285471707561,16.85224518641949,0 74.54297879545646,16.85211611628129,0 74.54308498017755,16.85200312955895,0 74.543246153597,16.85192025992625,0 74.54336958118084,16.85178320242338,0 74.54353613824024,16.85169436875373,0 74.54374073971263,16.8515620727682,0 74.54386419086296,16.8514899492629,0 74.54430462944821,16.85126598144529,0 74.54462739674447,16.85109801967857,0 
						</coordinates>
					</LinearRing>
				</outerBoundaryIs>
			</Polygon>
		</Placemark>
	</Document>
	<Document>
		<name>Ward no.14.kml</name>
		<StyleMap id="m_ylw-pushpin12">
			<Pair>
				<key>normal</key>
				<styleUrl>#s_ylw-pushpin12</styleUrl>
			</Pair>
			<Pair>
				<key>highlight</key>
				<styleUrl>#s_ylw-pushpin_hl12</styleUrl>
			</Pair>
		</StyleMap>
		<Style id="s_ylw-pushpin12">
			<IconStyle>
				<scale>1.1</scale>
				<Icon>
					<href>https://maps.google.com/mapfiles/kml/pushpin/ylw-pushpin.png</href>
				</Icon>
				<hotSpot x="20" y="2" xunits="pixels" yunits="pixels"/>
			</IconStyle>
			<LineStyle>
				<color>ffffff55</color>
				<width>3</width>
			</LineStyle>
			<PolyStyle>
				<fill>0</fill>
			</PolyStyle>
		</Style>
		<Style id="s_ylw-pushpin_hl12">
			<IconStyle>
				<scale>1.3</scale>
				<Icon>
					<href>https://maps.google.com/mapfiles/kml/pushpin/ylw-pushpin.png</href>
				</Icon>
				<hotSpot x="20" y="2" xunits="pixels" yunits="pixels"/>
			</IconStyle>
			<LineStyle>
				<color>ffffff55</color>
				<width>3</width>
			</LineStyle>
			<PolyStyle>
				<fill>0</fill>
			</PolyStyle>
		</Style>
		<Placemark>
			<name>Ward no.14.kml</name>
			<styleUrl>#m_ylw-pushpin12</styleUrl>
			<Polygon>
				<tessellate>1</tessellate>
				<outerBoundaryIs>
					<LinearRing>
						<coordinates>
							74.56410192750587,16.86071817721373,0 74.56410288229463,16.86075106196453,0 74.56412115689531,16.86164910396137,0 74.56412238669643,16.8617069733349,0 74.56412527522605,16.86184233972624,0 74.5641265254739,16.86188779953815,0 74.56412963933876,16.86196999108638,0 74.56413928618805,16.86224040385192,0 74.56414390056653,16.86237366445353,0 74.5641506488187,16.86256015493043,0 74.56415593751554,16.86270900191819,0 74.56416140039734,16.86287120902841,0 74.5641628008474,16.86291306373564,0 74.56415434365465,16.86291295644824,0 74.56388574155078,16.86291996725461,0 74.56335836966775,16.86293464077304,0 74.56309602857868,16.86294153958912,0 74.56264892647263,16.86295156848188,0 74.56232110644231,16.86295958241824,0 74.56201527060372,16.86296597360895,0 74.56194745800167,16.86296726976038,0 74.5618234094653,16.86296973261079,0 74.56162974575624,16.86297323404603,0 74.56141003340198,16.86297642777971,0 74.56098407259802,16.86298433229332,0 74.56058933103456,16.86299104919213,0 74.56025293660845,16.86299531591045,0 74.55990540992357,16.86299918045583,0 74.55984215710274,16.86300014826093,0 74.55967251803254,16.86300145204509,0 74.55922925642552,16.86300533085764,0 74.55897880254324,16.86300746796569,0 74.55882212493637,16.86300859084975,0 74.55872380716661,16.86300936159179,0 74.55865801635844,16.86301003055911,0 74.55849486818354,16.86301152009138,0 74.55837110204995,16.86301257428263,0 74.55756804539919,16.86301788467262,0 74.5575648246741,16.86301786853301,0 74.55756689785369,16.86298804397271,0 74.55757662283976,16.86285747111202,0 74.55760195745057,16.86252861963661,0 74.55776244789921,16.86037342013694,0 74.55776452855915,16.8590355965815,0 74.55773846083979,16.8584209776993,0 74.55773808513666,16.85841618119184,0 74.55772773159012,16.85838560557317,0 74.5577068380793,16.85832264727846,0 74.55771357985917,16.85829974067833,0 74.55773195290796,16.85823686907998,0 74.55773163466972,16.85822938271589,0 74.55772544994051,16.85788685938632,0 74.55772000879755,16.85758822286031,0 74.55778232123134,16.85677874994769,0 74.55779153132845,16.85650407213716,0 74.55782207517326,16.85564208560401,0 74.55782345917977,16.85560264672989,0 74.55783191870505,16.85557925823689,0 74.55787019533496,16.85547653605735,0 74.55786248887603,16.85537077471619,0 74.55785096815629,16.85520829315465,0 74.55783267507709,16.85506187484694,0 74.5578159204418,16.85500780980415,0 74.55761723228133,16.85502181473191,0 74.55761271509945,16.85502255776078,0 74.55757064461467,16.85497692198836,0 74.55710723267146,16.85447861507017,0 74.55710027372395,16.85447125960216,0 74.5570842286003,16.85442610237574,0 74.55694646614361,16.85403174631022,0 74.55677259922373,16.85353172619842,0 74.5565317679724,16.85282868196632,0 74.55651732611679,16.85278588365238,0 74.55648265949489,16.85273152862296,0 74.55639702271944,16.85259351177982,0 74.55624611727664,16.85235289698862,0 74.55558560561911,16.85158160826487,0 74.55552314239003,16.85150888547206,0 74.55576452535342,16.85126185374279,0 74.55655342600021,16.85056643761368,0 74.556807340446,16.85034314662672,0 74.55705930778406,16.85012094372402,0 74.55712599402004,16.8500617542071,0 74.55712800848615,16.85006000369764,0 74.55712774627381,16.85004584516381,0 74.55712805475984,16.84992816198643,0 74.55712796622834,16.84943444731653,0 74.55712813071285,16.84921168654703,0 74.55712787428541,16.84898888993643,0 74.55712603947246,16.84879596566399,0 74.55712394372743,16.84861131531174,0 74.55712147145674,16.84838584566559,0 74.55712034745004,16.84825718927217,0 74.55712007172505,16.84824114941333,0 74.55711989899847,16.84823287507774,0 74.55712162379312,16.84820929619847,0 74.55713990108431,16.84792973342744,0 74.55714297104741,16.84788108950027,0 74.55715181399718,16.84777153770284,0 74.55716063271876,16.84766745221026,0 74.55717227551352,16.84752750214181,0 74.55721297183761,16.8470401734474,0 74.55725600653267,16.84652498948281,0 74.55725684759523,16.84651487642637,0 74.55725704043981,16.84651301540639,0 74.55726133306696,16.84651336550652,0 74.5579091482798,16.8465445611581,0 74.55818070938024,16.84655767429686,0 74.55846720598508,16.84657178930777,0 74.55901481428147,16.84659839332317,0 74.55931410548421,16.84661294036141,0 74.55951534015185,16.84662260641486,0 74.55952309594187,16.84662298234952,0 74.55952714485176,16.84663282854589,0 74.5595685979504,16.84673259334272,0 74.55957004929361,16.84673602831782,0 74.55958141598242,16.84673575425146,0 74.56040204323966,16.84671814404173,0 74.56057918180302,16.84672326209074,0 74.56111806632396,16.8467384368354,0 74.56282359949792,16.84678667921812,0 74.5628358231656,16.84678688438751,0 74.56283176502572,16.84681958099709,0 74.56276384122667,16.84736301332635,0 74.56264158737216,16.84835001508547,0 74.56264002201229,16.84836415869595,0 74.56266600874686,16.84836295218741,0 74.56301500531028,16.84834953047926,0 74.56421397161101,16.84830313797707,0 74.56424090929904,16.84830180144661,0 74.56423976528723,16.84831594788929,0 74.56417079460734,16.84914832038646,0 74.56408631173885,16.84990110359742,0 74.56408245127371,16.85007471651501,0 74.5640719412411,16.85054505338648,0 74.56405037269214,16.85082979359165,0 74.56398842739526,16.85167105679954,0 74.56393068024539,16.85253150031085,0 74.56392752651108,16.85257950393248,0 74.56391959473301,16.85295026032625,0 74.56391406877557,16.85322196134288,0 74.56391683701312,16.85358580833203,0 74.5639168743722,16.85360797034366,0 74.56392990489549,16.85360935967952,0 74.56414365230192,16.85363284839912,0 74.56415280696433,16.8536339572388,0 74.56415383084382,16.85366648779932,0 74.56417085718394,16.85455219032817,0 74.56417109357554,16.85456296984129,0 74.56414759055515,16.85456457680047,0 74.56397537938675,16.85457627133233,0 74.56394898488233,16.85457806452452,0 74.56394993997711,16.85465782400744,0 74.56395391563993,16.85499678985174,0 74.56395384955425,16.85501215582947,0 74.56393854985807,16.85501283882911,0 74.56369602729239,16.85502561329675,0 74.56361825996505,16.85502975781857,0 74.56361416308219,16.85503015295449,0 74.56361484055029,16.85503922860423,0 74.56362937631673,16.85520086055095,0 74.56363955174595,16.85531587499974,0 74.56365014098738,16.85543447515076,0 74.56365905834063,16.85553372811174,0 74.5636714551642,16.85568030871102,0 74.563699681884,16.85600865360959,0 74.56377152689539,16.85632536702612,0 74.56384044039548,16.85649568533587,0 74.56399143889095,16.85687070898465,0 74.56399697191108,16.85688468637606,0 74.56399411349732,16.85692213912848,0 74.56394354617109,16.85763880176231,0 74.56393306197636,16.85805210861321,0 74.56397225018901,16.85862373114772,0 74.56397293835435,16.85863739691525,0 74.56395842013589,16.85867541836974,0 74.56386967624779,16.85890963910137,0 74.56386785518625,16.85891381461923,0 74.56387127256289,16.85895844520997,0 74.5639593089529,16.8601118801792,0 74.56396029366452,16.86011989453111,0 74.56407257463729,16.86014011409094,0 74.5640780306927,16.86014098606463,0 74.56410192750587,16.86071817721373,0 
						</coordinates>
					</LinearRing>
				</outerBoundaryIs>
			</Polygon>
		</Placemark>
	</Document>
	<Document>
		<name>Ward no.15.kml</name>
		<StyleMap id="m_ylw-pushpin13">
			<Pair>
				<key>normal</key>
				<styleUrl>#s_ylw-pushpin13</styleUrl>
			</Pair>
			<Pair>
				<key>highlight</key>
				<styleUrl>#s_ylw-pushpin_hl13</styleUrl>
			</Pair>
		</StyleMap>
		<Style id="s_ylw-pushpin13">
			<IconStyle>
				<scale>1.1</scale>
				<Icon>
					<href>https://maps.google.com/mapfiles/kml/pushpin/ylw-pushpin.png</href>
				</Icon>
				<hotSpot x="20" y="2" xunits="pixels" yunits="pixels"/>
			</IconStyle>
			<LineStyle>
				<color>ffffff55</color>
				<width>3</width>
			</LineStyle>
			<PolyStyle>
				<fill>0</fill>
			</PolyStyle>
		</Style>
		<Style id="s_ylw-pushpin_hl13">
			<IconStyle>
				<scale>1.3</scale>
				<Icon>
					<href>https://maps.google.com/mapfiles/kml/pushpin/ylw-pushpin.png</href>
				</Icon>
				<hotSpot x="20" y="2" xunits="pixels" yunits="pixels"/>
			</IconStyle>
			<LineStyle>
				<color>ffffff55</color>
				<width>3</width>
			</LineStyle>
			<PolyStyle>
				<fill>0</fill>
			</PolyStyle>
		</Style>
		<Placemark>
			<name>Ward no.15.kml</name>
			<styleUrl>#m_ylw-pushpin13</styleUrl>
			<Polygon>
				<tessellate>1</tessellate>
				<outerBoundaryIs>
					<LinearRing>
						<coordinates>
							74.56401820809333,16.84831070823369,0 74.56396502822932,16.84831278320262,0 74.56396538560732,16.84830098005363,0 74.56400719391097,16.84712813796162,0 74.56400808215213,16.84710791878741,0 74.5640194345081,16.84710855037197,0 74.56526142012487,16.84716958212349,0 74.56527102941041,16.84717004060578,0 74.56527253526548,16.84716405752336,0 74.56530355073559,16.84704527264488,0 74.56530593781089,16.84703592746573,0 74.56531241474134,16.84703646235445,0 74.56548985273254,16.84705073845153,0 74.5659376709542,16.84708680313067,0 74.56616296523211,16.8471050566287,0 74.56635888821822,16.84712063149115,0 74.56707859608264,16.84718062149205,0 74.56813699240388,16.84726929289483,0 74.56814399479107,16.84727012169371,0 74.56814664624855,16.84725442134731,0 74.56828860413985,16.84641517841624,0 74.56835167230007,16.84604561232692,0 74.56839135599898,16.84582236832056,0 74.56843835964646,16.84555774810388,0 74.56849192111562,16.84525628888051,0 74.56854029902087,16.84498398712185,0 74.56854099744052,16.84498002174064,0 74.56854851600566,16.84498081337189,0 74.56920662656023,16.84504612166464,0 74.56978961097889,16.84510409191718,0 74.56983595953913,16.84510893158091,0 74.5698583399155,16.84511099972624,0 74.57026920477328,16.84513438279963,0 74.57085015156485,16.84516918930859,0 74.57129300529093,16.84520069094629,0 74.57162603074758,16.84522023258998,0 74.57200039192486,16.84524196849274,0 74.57207390468771,16.84524374614447,0 74.5723652831192,16.84525031719321,0 74.57267353881176,16.84524243785469,0 74.57283744123207,16.84523858718225,0 74.57322549172807,16.84523426166009,0 74.57323695060497,16.84523407024272,0 74.57323740265353,16.84524486659613,0 74.57327483056145,16.84637833831246,0 74.57327498926556,16.84638399127699,0 74.57327656110223,16.84638400655523,0 74.5733986586016,16.84637958874106,0 74.57341690560754,16.8463791153107,0 74.57341678294475,16.84638791564288,0 74.57341235691733,16.84670178749278,0 74.57341195448652,16.84670991575824,0 74.57342054097356,16.84670853303291,0 74.57364064990487,16.84666774708939,0 74.57366098969212,16.84666397521593,0 74.57366182701567,16.84667085786807,0 74.57366899129926,16.84672293072018,0 74.57370377604886,16.84697890385748,0 74.57376211332127,16.84740962497517,0 74.573846902125,16.84803284266624,0 74.57386181257422,16.84813172413851,0 74.57403382212017,16.84934892703437,0 74.57407908065586,16.84976177348103,0 74.57409003880365,16.84986042399036,0 74.5740894828232,16.84990290761575,0 74.57407191568026,16.85134218944819,0 74.57405758843429,16.85168465505524,0 74.57403073384019,16.85228135263094,0 74.57403001454335,16.85234778339605,0 74.57401209270449,16.85353656867763,0 74.57401214113581,16.853540734691,0 74.57400983196781,16.85354109998158,0 74.57281542209533,16.85359487731522,0 74.57246746164289,16.85359481302367,0 74.57234869509452,16.85359490565003,0 74.57220657262449,16.85359495546081,0 74.57197016771654,16.85359493539153,0 74.5717670665216,16.85359495704141,0 74.5716183112626,16.85359431687348,0 74.57155450064161,16.85359378292746,0 74.5714040294,16.85359299194285,0 74.57137676819089,16.85359191136445,0 74.57007257680614,16.8535407421168,0 74.57005392821117,16.85354000619474,0 74.57005341024026,16.85354832580912,0 74.57003925236066,16.85376907196039,0 74.57003782405324,16.85378804165691,0 74.57002307018423,16.85378790651699,0 74.56924108351058,16.85378304557353,0 74.56923501509995,16.85378301963092,0 74.56923496558238,16.8537803124381,0 74.56923499231424,16.85352453418396,0 74.56923495366473,16.85350798857019,0 74.56922448010137,16.85350767947491,0 74.56831177318575,16.85348023081898,0 74.56830493320773,16.85347997272605,0 74.56830506766759,16.85348399111599,0 74.56830995873588,16.85407477174273,0 74.56830999264295,16.85408796788555,0 74.56830559820513,16.85408792107066,0 74.56818014773668,16.85408666059581,0 74.56520463609689,16.85405261625992,0 74.56514215786548,16.85405166201869,0 74.56514445423221,16.85409835041742,0 74.56521001859205,16.85535140235404,0 74.56521489861345,16.85544613249925,0 74.5651291957075,16.85545634540158,0 74.56418614143804,16.8555718716982,0 74.56410298872676,16.85558263752824,0 74.56390231196934,16.85560693877337,0 74.56366763809292,16.85563550739023,0 74.56365905834063,16.85553372811174,0 74.56365014098738,16.85543447515076,0 74.56363955174595,16.85531587499974,0 74.56362937631673,16.85520086055095,0 74.56361484055029,16.85503922860423,0 74.56361416308219,16.85503015295449,0 74.56361825996505,16.85502975781857,0 74.56369602729239,16.85502561329675,0 74.56393854985807,16.85501283882911,0 74.56395384955425,16.85501215582947,0 74.56395391563993,16.85499678985174,0 74.56394993997711,16.85465782400744,0 74.56394898488233,16.85457806452452,0 74.56397537938675,16.85457627133233,0 74.56414759055515,16.85456457680047,0 74.56417109357554,16.85456296984129,0 74.56417085718394,16.85455219032817,0 74.56415383084382,16.85366648779932,0 74.56415280696433,16.8536339572388,0 74.56414365230192,16.85363284839912,0 74.56392990489549,16.85360935967952,0 74.5639168743722,16.85360797034366,0 74.56391683701312,16.85358580833203,0 74.56391406877557,16.85322196134288,0 74.56391959473301,16.85295026032625,0 74.56392752651108,16.85257950393248,0 74.56393068024539,16.85253150031085,0 74.56398842739526,16.85167105679954,0 74.56405037269214,16.85082979359165,0 74.5640719412411,16.85054505338648,0 74.56408245127371,16.85007471651501,0 74.56408631173885,16.84990110359742,0 74.56417079460734,16.84914832038646,0 74.56423976528723,16.84831594788929,0 74.56424090929904,16.84830180144661,0 74.56421397161101,16.84830313797707,0 74.56401820809333,16.84831070823369,0 
						</coordinates>
					</LinearRing>
				</outerBoundaryIs>
			</Polygon>
		</Placemark>
	</Document>
	<Document>
		<name>Ward no.16.kml</name>
		<StyleMap id="m_ylw-pushpin14">
			<Pair>
				<key>normal</key>
				<styleUrl>#s_ylw-pushpin14</styleUrl>
			</Pair>
			<Pair>
				<key>highlight</key>
				<styleUrl>#s_ylw-pushpin_hl14</styleUrl>
			</Pair>
		</StyleMap>
		<Style id="s_ylw-pushpin14">
			<IconStyle>
				<scale>1.1</scale>
				<Icon>
					<href>https://maps.google.com/mapfiles/kml/pushpin/ylw-pushpin.png</href>
				</Icon>
				<hotSpot x="20" y="2" xunits="pixels" yunits="pixels"/>
			</IconStyle>
			<LineStyle>
				<color>ffffff55</color>
				<width>3</width>
			</LineStyle>
			<PolyStyle>
				<fill>0</fill>
			</PolyStyle>
		</Style>
		<Style id="s_ylw-pushpin_hl14">
			<IconStyle>
				<scale>1.3</scale>
				<Icon>
					<href>https://maps.google.com/mapfiles/kml/pushpin/ylw-pushpin.png</href>
				</Icon>
				<hotSpot x="20" y="2" xunits="pixels" yunits="pixels"/>
			</IconStyle>
			<LineStyle>
				<color>ffffff55</color>
				<width>3</width>
			</LineStyle>
			<PolyStyle>
				<fill>0</fill>
			</PolyStyle>
		</Style>
		<Placemark>
			<name>Ward no.16.kml</name>
			<styleUrl>#m_ylw-pushpin14</styleUrl>
			<Polygon>
				<tessellate>1</tessellate>
				<outerBoundaryIs>
					<LinearRing>
						<coordinates>
							74.56413290489043,16.86071808679496,0 74.56411670290912,16.86071797100215,0 74.5641018789603,16.86071783706283,0 74.56410088925503,16.86069079236925,0 74.56408884174228,16.86040511762642,0 74.56408504086302,16.86031387104677,0 74.56407838006142,16.86014934866248,0 74.56407799922813,16.86014105728785,0 74.56406635105682,16.86013891329699,0 74.56396939087411,16.86012152006524,0 74.56396021652333,16.86011985611545,0 74.56395940588966,16.86011173515402,0 74.56395669789343,16.86007792208018,0 74.5638683019899,16.85892009812506,0 74.56386784188125,16.85891397369615,0 74.56386962945609,16.85890979765225,0 74.56397143985438,16.85864117574035,0 74.56397298345733,16.85863747301282,0 74.56397244575103,16.85862633834799,0 74.56393361760779,16.85806157214132,0 74.56393295337023,16.85805192923705,0 74.56393370182197,16.85802396784717,0 74.56394370070589,16.85763760628625,0 74.56394664557965,16.8575940243284,0 74.56399298880315,16.85693821162348,0 74.56399615342006,16.85689575655993,0 74.56399700732571,16.85688474363818,0 74.56398981809286,16.85686664025559,0 74.56395210807142,16.85677309103783,0 74.56393036092862,16.85671907652346,0 74.5638263775071,16.85646072745922,0 74.56377302748943,16.85632890165267,0 74.56377157222069,16.85632555003579,0 74.56369963517025,16.85600878113064,0 74.56366763809292,16.85563550739023,0 74.56390231196934,16.85560693877337,0 74.56410298872676,16.85558263752824,0 74.56418614143804,16.8555718716982,0 74.5651291957075,16.85545634540158,0 74.56521489861345,16.85544613249925,0 74.56521001859205,16.85535140235404,0 74.56514445423221,16.85409835041742,0 74.56514215786548,16.85405166201869,0 74.56520463609689,16.85405261625992,0 74.56818014773668,16.85408666059581,0 74.56830559820513,16.85408792107066,0 74.56830999264295,16.85408796788555,0 74.56830995873588,16.85407477174273,0 74.56830506766759,16.85348399111599,0 74.56830493320773,16.85347997272605,0 74.56831177318575,16.85348023081898,0 74.56922448010137,16.85350767947491,0 74.56923495366473,16.85350798857019,0 74.56923499231424,16.85352453418396,0 74.56923496558238,16.8537803124381,0 74.56923501509995,16.85378301963092,0 74.56924108351058,16.85378304557353,0 74.57002307018423,16.85378790651699,0 74.57003782405324,16.85378804165691,0 74.57003925236066,16.85376907196039,0 74.57005341024026,16.85354832580912,0 74.57005392821117,16.85354000619474,0 74.57007257680614,16.8535407421168,0 74.57137676819089,16.85359191136445,0 74.5714040294,16.85359299194285,0 74.57155450064161,16.85359378292746,0 74.5716183112626,16.85359431687348,0 74.5717670665216,16.85359495704141,0 74.57197016771654,16.85359493539153,0 74.57220657262449,16.85359495546081,0 74.57234869509452,16.85359490565003,0 74.57246746164289,16.85359481302367,0 74.57281542209533,16.85359487731522,0 74.57400983196781,16.85354109998158,0 74.57401218596628,16.85354073493894,0 74.5739860443591,16.8548359989278,0 74.57396244453267,16.85586749546406,0 74.57399035786945,16.85647851244879,0 74.57399103173213,16.85649264658561,0 74.57399064142454,16.85654523267646,0 74.57398295517511,16.85758820607393,0 74.57398283619415,16.85759270990489,0 74.57398784535371,16.85765317352886,0 74.57405393907646,16.85851175966558,0 74.57405475314671,16.85851890420203,0 74.57405198232307,16.85857510590315,0 74.57403205925603,16.85898896379739,0 74.57402409408544,16.85914895259923,0 74.57402022574536,16.85922068991746,0 74.57401984785361,16.85922685727314,0 74.57400443786045,16.859233832666,0 74.57339465667465,16.85950166368159,0 74.57326700825516,16.85955775215769,0 74.57322022990044,16.85958382375047,0 74.57257435374959,16.85994388087894,0 74.57256664609427,16.85994815902827,0 74.57254225351542,16.85995763221035,0 74.57242518852757,16.86000188674496,0 74.57239550834773,16.86000832406595,0 74.57235941578412,16.86001659221425,0 74.57216400467111,16.86005998817461,0 74.57215948855539,16.86006087226904,0 74.57203377897557,16.86007262819292,0 74.57187857143144,16.86008708274521,0 74.5718173108406,16.86008711537686,0 74.57134178483867,16.86008689647639,0 74.57133242026161,16.86008679501751,0 74.57129308528373,16.86008601896916,0 74.57116651523708,16.86008327401519,0 74.57093273028356,16.86007820103006,0 74.57061604149263,16.8600709517078,0 74.57038126611977,16.86006559467622,0 74.57025282745275,16.86006287221005,0 74.57012772520365,16.86006008886574,0 74.57007220966818,16.8600618312241,0 74.56979905902074,16.86006946006475,0 74.56945837079201,16.8600791184009,0 74.56929060477245,16.8600838388936,0 74.56927766111367,16.86008447151416,0 74.56921704695192,16.86008917483381,0 74.56843643278599,16.86015401555407,0 74.56828101195498,16.86019034575209,0 74.56794802083976,16.86026877602396,0 74.56756577565469,16.86035863084408,0 74.56748897505018,16.86037661885853,0 74.56741075725681,16.86039862596411,0 74.56721654615022,16.86045348915961,0 74.56713419726989,16.86047654255699,0 74.56705836346191,16.86049765778571,0 74.56692655206707,16.86053550918416,0 74.56681593800133,16.86056655394989,0 74.56680360597559,16.86056990194096,0 74.56679229051194,16.8605715701937,0 74.56580756964615,16.86071619353915,0 74.56413290489043,16.86071808679496,0 
						</coordinates>
					</LinearRing>
				</outerBoundaryIs>
			</Polygon>
		</Placemark>
	</Document>
	<Document>
		<name>Ward no.17.kml</name>
		<StyleMap id="m_ylw-pushpin15">
			<Pair>
				<key>normal</key>
				<styleUrl>#s_ylw-pushpin15</styleUrl>
			</Pair>
			<Pair>
				<key>highlight</key>
				<styleUrl>#s_ylw-pushpin_hl15</styleUrl>
			</Pair>
		</StyleMap>
		<Style id="s_ylw-pushpin15">
			<IconStyle>
				<scale>1.1</scale>
				<Icon>
					<href>https://maps.google.com/mapfiles/kml/pushpin/ylw-pushpin.png</href>
				</Icon>
				<hotSpot x="20" y="2" xunits="pixels" yunits="pixels"/>
			</IconStyle>
			<LineStyle>
				<color>ffffff55</color>
				<width>3</width>
			</LineStyle>
			<PolyStyle>
				<fill>0</fill>
			</PolyStyle>
		</Style>
		<Style id="s_ylw-pushpin_hl15">
			<IconStyle>
				<scale>1.3</scale>
				<Icon>
					<href>https://maps.google.com/mapfiles/kml/pushpin/ylw-pushpin.png</href>
				</Icon>
				<hotSpot x="20" y="2" xunits="pixels" yunits="pixels"/>
			</IconStyle>
			<LineStyle>
				<color>ffffff55</color>
				<width>3</width>
			</LineStyle>
			<PolyStyle>
				<fill>0</fill>
			</PolyStyle>
		</Style>
		<Placemark>
			<name>Ward no.17.kml</name>
			<styleUrl>#m_ylw-pushpin15</styleUrl>
			<Polygon>
				<tessellate>1</tessellate>
				<outerBoundaryIs>
					<LinearRing>
						<coordinates>
							74.58385626183164,16.85268820644511,0 74.58083171319677,16.85392859385696,0 74.58047483949898,16.85407455765028,0 74.5802347378697,16.85417302618036,0 74.58014905700196,16.85423660793682,0 74.58012109656839,16.85425784969177,0 74.58008040262693,16.85427254733037,0 74.57663261196355,16.85554506346242,0 74.57590627689216,16.85580582997389,0 74.57525845693895,16.85603844447108,0 74.57510023506292,16.85609484503463,0 74.57481877115538,16.85619654242181,0 74.57401810841873,16.85648319527721,0 74.57399095862327,16.85649273881709,0 74.57398955551282,16.85647071951031,0 74.57396232296514,16.85587279146407,0 74.5739778950215,16.85518542635311,0 74.57400544950019,16.8538961647309,0 74.57401215475794,16.85354297747092,0 74.57401218194092,16.85354075326331,0 74.57401204631415,16.85353637281871,0 74.57401508227697,16.8533326669593,0 74.57402456794003,16.85269554527599,0 74.57403050571679,16.852319906857,0 74.57403081351231,16.852282410102,0 74.57403601821379,16.85215456173937,0 74.57407195479141,16.85134021059515,0 74.57408994704973,16.84986721701492,0 74.57409040955251,16.84985936687347,0 74.5740521083459,16.84951619904488,0 74.57403479765379,16.84935616048029,0 74.57398368445121,16.84899353810729,0 74.57386091034741,16.84812591850318,0 74.57384649718728,16.8480299725058,0 74.57382494882468,16.84787269922445,0 74.57369007002126,16.84687936983089,0 74.57366258074941,16.84667588206557,0 74.57366087081823,16.84666396919583,0 74.57460756831394,16.8465074203527,0 74.57461739321535,16.84650619133268,0 74.5746228583596,16.84653345659909,0 74.57471567873294,16.84702056067414,0 74.57471842026098,16.84703556750902,0 74.57469708100878,16.84703758962603,0 74.57461071818567,16.84704672923366,0 74.57458751495788,16.84704910971376,0 74.57458599872237,16.8470492887247,0 74.57458697934976,16.84705484517434,0 74.57478035203938,16.84810617489808,0 74.57502119950644,16.84888671018562,0 74.57503199720381,16.84892295972234,0 74.57506865429727,16.84889956444058,0 74.57530439294534,16.84874938881036,0 74.57531309529122,16.84874386407691,0 74.57532303383151,16.84873537549762,0 74.57549780534032,16.8485824375711,0 74.57554340889538,16.84853439760865,0 74.57570056241097,16.84837321401009,0 74.57580012509199,16.84827992834322,0 74.57653936821826,16.84759414655161,0 74.5765871089538,16.8475510454354,0 74.57671014584746,16.84744484779922,0 74.57716878082282,16.84705038381654,0 74.57824733094601,16.84613108992174,0 74.57849374982585,16.84592030541974,0 74.57862867691414,16.84591421319748,0 74.57905691353184,16.84589554499746,0 74.58051208936429,16.84587609070736,0 74.58060597522599,16.84587537403065,0 74.58058275083735,16.84583610486929,0 74.58003589020643,16.84491641780976,0 74.57999467623064,16.84484759480143,0 74.57989514578183,16.84466199710838,0 74.57988980085979,16.84465199994855,0 74.57990874655684,16.84463420042735,0 74.5808062890797,16.8437905632573,0 74.58085984664764,16.84374010499849,0 74.58088001127911,16.84370459692804,0 74.58094109280148,16.84359596810684,0 74.58095589277141,16.84358196238201,0 74.58296003520832,16.8417298429016,0 74.58297386915874,16.84171689296637,0 74.58299215048341,16.84170422088548,0 74.58385357689768,16.84110119251807,0 74.58390194783163,16.84106093935304,0 74.58417188353712,16.8408364348241,0 74.58523972538092,16.83994796814347,0 74.58524770263331,16.83994107847022,0 74.58527264331764,16.83992671269288,0 74.58774196383847,16.83848385428786,0 74.58776950450357,16.8384701386083,0 74.58783277756335,16.83843870420861,0 74.58896591978639,16.83788211132757,0 74.59081531058582,16.83724286477973,0 74.5908809371218,16.83722017573723,0 74.59092326943465,16.83736026052683,0 74.59193160988141,16.84072028514781,0 74.59196352035521,16.84098374400673,0 74.59208574376586,16.84200767614977,0 74.59217815294902,16.84277689947091,0 74.59224441315348,16.84332918746141,0 74.59237899846728,16.84437795095429,0 74.59251746878955,16.84545936892297,0 74.59252201907175,16.84549577033642,0 74.59234006672146,16.84555843161261,0 74.59234952678383,16.84564431325419,0 74.59276365008755,16.84943049036179,0 74.59276909035546,16.84948149817901,0 74.59219390388466,16.84968812820618,0 74.59167571019287,16.84987625981114,0 74.58782304706897,16.85127053125812,0 74.58739419969861,16.85142610530455,0 74.58706167000848,16.85154708283693,0 74.58655800584451,16.85172983729218,0 74.58554828521642,16.85209562149474,0 74.58474698428823,16.85238587219783,0 74.58385626183164,16.85268820644511,0 
						</coordinates>
					</LinearRing>
				</outerBoundaryIs>
			</Polygon>
		</Placemark>
	</Document>
	<Document>
		<name>Ward no.18.kml</name>
		<StyleMap id="m_ylw-pushpin16">
			<Pair>
				<key>normal</key>
				<styleUrl>#s_ylw-pushpin16</styleUrl>
			</Pair>
			<Pair>
				<key>highlight</key>
				<styleUrl>#s_ylw-pushpin_hl16</styleUrl>
			</Pair>
		</StyleMap>
		<Style id="s_ylw-pushpin16">
			<IconStyle>
				<scale>1.1</scale>
				<Icon>
					<href>https://maps.google.com/mapfiles/kml/pushpin/ylw-pushpin.png</href>
				</Icon>
				<hotSpot x="20" y="2" xunits="pixels" yunits="pixels"/>
			</IconStyle>
			<LineStyle>
				<color>ffffff55</color>
				<width>3</width>
			</LineStyle>
			<PolyStyle>
				<fill>0</fill>
			</PolyStyle>
		</Style>
		<Style id="s_ylw-pushpin_hl16">
			<IconStyle>
				<scale>1.3</scale>
				<Icon>
					<href>https://maps.google.com/mapfiles/kml/pushpin/ylw-pushpin.png</href>
				</Icon>
				<hotSpot x="20" y="2" xunits="pixels" yunits="pixels"/>
			</IconStyle>
			<LineStyle>
				<color>ffffff55</color>
				<width>3</width>
			</LineStyle>
			<PolyStyle>
				<fill>0</fill>
			</PolyStyle>
		</Style>
		<Placemark>
			<name>Ward no.18.kml</name>
			<styleUrl>#m_ylw-pushpin16</styleUrl>
			<Polygon>
				<tessellate>1</tessellate>
				<outerBoundaryIs>
					<LinearRing>
						<coordinates>
							74.55978349897666,16.84673117504447,0 74.55961606905649,16.846734738556,0 74.55957000222558,16.8467360394008,0 74.55952307831339,16.84662326335143,0 74.55951319795638,16.84662230597552,0 74.55727843572501,16.84651428525815,0 74.55725673807093,16.84651301098079,0 74.55725737961751,16.84650952465512,0 74.5572679290716,16.84633956198503,0 74.55736144590144,16.84491580596532,0 74.55741981029821,16.84410171041077,0 74.55765336112981,16.8422392766262,0 74.55777180462404,16.84099530722898,0 74.55778935185194,16.83997445378871,0 74.55779383194657,16.83977298377538,0 74.55779619162908,16.83972403278116,0 74.557924832758,16.83788163512153,0 74.55799900710515,16.83693724723863,0 74.55801780248055,16.83670072728871,0 74.55805448071364,16.83560324994371,0 74.55811986970294,16.83468285246893,0 74.55827042877685,16.83347379430932,0 74.55829702049047,16.83311088382894,0 74.55833008269957,16.8326650140404,0 74.55825193693605,16.83125677290021,0 74.55816818067763,16.82983829225305,0 74.55817875725386,16.82810902226101,0 74.55848028758442,16.82716566953909,0 74.55870689106061,16.82557876936271,0 74.55883911126858,16.82438404482603,0 74.55889693266953,16.82363267122286,0 74.55889787204586,16.82361795826828,0 74.55890275555353,16.82361908070317,0 74.56116166579076,16.82411769409228,0 74.56184697911641,16.82427442907654,0 74.56389279064183,16.82474241203744,0 74.56803962956997,16.82581017129725,0 74.57205930730304,16.82665319573607,0 74.57332408765501,16.82692445289075,0 74.57381224435476,16.82702923613751,0 74.57390226631563,16.8270464212854,0 74.57446098233699,16.82715515837692,0 74.5751802901391,16.82729405872077,0 74.57589828472729,16.82743470646498,0 74.57641542783033,16.82753506445422,0 74.57680976471926,16.82761090939317,0 74.57815222898327,16.82783901056621,0 74.57907538338445,16.82799549342827,0 74.57964684646487,16.82809252322297,0 74.57989360820079,16.82813385546634,0 74.58057378224258,16.82821578852055,0 74.58122542226758,16.82829545824674,0 74.58206421016959,16.82840008211727,0 74.58263960793295,16.82846989019423,0 74.58272336794653,16.82848027121067,0 74.58273688995467,16.8284843289937,0 74.58401375631779,16.82885641985757,0 74.58413230800168,16.82889127413689,0 74.58446019383645,16.8289535960067,0 74.5851791870251,16.82908938296287,0 74.58534932328135,16.82912210508788,0 74.58544654500329,16.82914906478981,0 74.58577236872699,16.82923901882259,0 74.58588829585888,16.82927138212137,0 74.58611355026385,16.82931289072792,0 74.58668895492993,16.82941974069862,0 74.58744655022301,16.82955991242871,0 74.58816306685641,16.82969429494014,0 74.58940246279487,16.82995189146443,0 74.58986314420073,16.8300489044888,0 74.59043139441026,16.83014332648121,0 74.59049504560839,16.83015398276915,0 74.59049711521675,16.83016550295469,0 74.59094070266229,16.83242866714972,0 74.59106766443061,16.83307243907399,0 74.59120621474112,16.83376621780618,0 74.59128973154283,16.8341858569149,0 74.59137310854344,16.83460300441851,0 74.59142474898941,16.83486154077794,0 74.59152558703869,16.83536669777047,0 74.59154176840025,16.83544767316697,0 74.59154612673464,16.83546896132816,0 74.59154489288157,16.83546919721549,0 74.59152827993874,16.83547131190245,0 74.5904833232153,16.83560580948808,0 74.59043564639387,16.83561169886164,0 74.59044571669963,16.83564705737014,0 74.59086665990523,16.8371676609677,0 74.5908809793724,16.83721960588797,0 74.59081531058582,16.83724286477973,0 74.58896591978639,16.83788211132757,0 74.58783277756335,16.83843870420861,0 74.58776950450357,16.8384701386083,0 74.58774196383847,16.83848385428786,0 74.58527264331764,16.83992671269288,0 74.58524770263331,16.83994107847022,0 74.58523972538092,16.83994796814347,0 74.58417188353712,16.8408364348241,0 74.58390194783163,16.84106093935304,0 74.58385357689768,16.84110119251807,0 74.58299215048341,16.84170422088548,0 74.58297386915874,16.84171689296637,0 74.58296003520832,16.8417298429016,0 74.58095589277141,16.84358196238201,0 74.58094109280148,16.84359596810684,0 74.58088001127911,16.84370459692804,0 74.58085984664764,16.84374010499849,0 74.5808062890797,16.8437905632573,0 74.57990874655684,16.84463420042735,0 74.57988980085979,16.84465199994855,0 74.57989514578183,16.84466199710838,0 74.57999467623064,16.84484759480143,0 74.58003589020643,16.84491641780976,0 74.58058275083735,16.84583610486929,0 74.58060597522599,16.84587537403065,0 74.58051208936429,16.84587609070736,0 74.57905691353184,16.84589554499746,0 74.57862867691414,16.84591421319748,0 74.57849374982585,16.84592030541974,0 74.57824733094601,16.84613108992174,0 74.57716878082282,16.84705038381654,0 74.57671014584746,16.84744484779922,0 74.5765871089538,16.8475510454354,0 74.57653936821826,16.84759414655161,0 74.57580012509199,16.84827992834322,0 74.57570056241097,16.84837321401009,0 74.57554340889538,16.84853439760865,0 74.57549780534032,16.8485824375711,0 74.57532303383151,16.84873537549762,0 74.57531309529122,16.84874386407691,0 74.57530439294534,16.84874938881036,0 74.57506865429727,16.84889956444058,0 74.57503199720381,16.84892295972234,0 74.57502119950644,16.84888671018562,0 74.57478035203938,16.84810617489808,0 74.57458697934976,16.84705484517434,0 74.57458599872237,16.8470492887247,0 74.57458751495788,16.84704910971376,0 74.57461071818567,16.84704672923366,0 74.57469708100878,16.84703758962603,0 74.57471842026098,16.84703556750902,0 74.57471567873294,16.84702056067414,0 74.5746228583596,16.84653345659909,0 74.57461739321535,16.84650619133268,0 74.57460756831394,16.8465074203527,0 74.57366087081823,16.84666396919583,0 74.57341640390153,16.84670919609286,0 74.57341178209607,16.84671007811396,0 74.57341255897917,16.84668963825179,0 74.57341680018777,16.84638694531337,0 74.57341690309103,16.8463791587643,0 74.57339581866103,16.84637970253953,0 74.57327655023145,16.84638399386715,0 74.57327500746865,16.84638393201559,0 74.57327454881168,16.84637101336583,0 74.57323707892499,16.84523626606341,0 74.57323688196867,16.84523416076331,0 74.57322605297735,16.84523416647715,0 74.57316090964829,16.84523478350578,0 74.5728353026863,16.84523881488887,0 74.57264233822106,16.84524339206613,0 74.57236528366555,16.84525038218396,0 74.57232716508395,16.84524955615836,0 74.57199875789729,16.84524200867119,0 74.57184340397752,16.84523283037794,0 74.57153959196665,16.84521522463729,0 74.57125895982942,16.84519849704627,0 74.57091646860063,16.84517419877861,0 74.56983758261349,16.84510920503251,0 74.56919884614426,16.84504526562373,0 74.5685510636951,16.84498113564439,0 74.5685407313933,16.84498014900921,0 74.56853731777539,16.84500112458827,0 74.56815148835815,16.84722595006283,0 74.56814414543493,16.84727008679127,0 74.56808318743806,16.84726498288472,0 74.56768549630991,16.84723136922758,0 74.56731253034413,16.84720007728049,0 74.56693992079472,16.8471692385115,0 74.56665117779349,16.84714499399671,0 74.5663437766992,16.84711937278192,0 74.56530599658443,16.8470359621011,0 74.56527428322948,16.8471573189361,0 74.56527098672422,16.84717005499255,0 74.56525563583668,16.84716925177743,0 74.56516565388824,16.84716478253603,0 74.56402888290363,16.84710913930472,0 74.56400775577498,16.84710753531769,0 74.56396700239159,16.84825516527912,0 74.56396515117943,16.84830727663245,0 74.56396512472151,16.84831281867249,0 74.56394057544334,16.84831374781824,0 74.56275259882199,16.84835957336666,0 74.56265691000162,16.84836353167153,0 74.56263994998639,16.84836412978187,0 74.56264573254371,16.84831709162774,0 74.56275110767794,16.84746669004347,0 74.56278510536526,16.84719144695884,0 74.56282822564765,16.84684774640389,0 74.56283581438109,16.84678695678595,0 74.56243064704171,16.84677553256854,0 74.56151573171499,16.8467493773894,0 74.56040708675609,16.84671844256387,0 74.55978349897666,16.84673117504447,0 
						</coordinates>
					</LinearRing>
				</outerBoundaryIs>
			</Polygon>
		</Placemark>
	</Document>
	<Document>
		<name>Ward no.19.kml</name>
		<StyleMap id="m_ylw-pushpin17">
			<Pair>
				<key>normal</key>
				<styleUrl>#s_ylw-pushpin17</styleUrl>
			</Pair>
			<Pair>
				<key>highlight</key>
				<styleUrl>#s_ylw-pushpin_hl17</styleUrl>
			</Pair>
		</StyleMap>
		<Style id="s_ylw-pushpin17">
			<IconStyle>
				<scale>1.1</scale>
				<Icon>
					<href>https://maps.google.com/mapfiles/kml/pushpin/ylw-pushpin.png</href>
				</Icon>
				<hotSpot x="20" y="2" xunits="pixels" yunits="pixels"/>
			</IconStyle>
			<LineStyle>
				<color>ffffff55</color>
				<width>3</width>
			</LineStyle>
			<PolyStyle>
				<fill>0</fill>
			</PolyStyle>
		</Style>
		<Style id="s_ylw-pushpin_hl17">
			<IconStyle>
				<scale>1.3</scale>
				<Icon>
					<href>https://maps.google.com/mapfiles/kml/pushpin/ylw-pushpin.png</href>
				</Icon>
				<hotSpot x="20" y="2" xunits="pixels" yunits="pixels"/>
			</IconStyle>
			<LineStyle>
				<color>ffffff55</color>
				<width>3</width>
			</LineStyle>
			<PolyStyle>
				<fill>0</fill>
			</PolyStyle>
		</Style>
		<Placemark>
			<name>Ward no.19.kml</name>
			<styleUrl>#m_ylw-pushpin17</styleUrl>
			<Polygon>
				<tessellate>1</tessellate>
				<outerBoundaryIs>
					<LinearRing>
						<coordinates>
							74.62362925969661,16.82458238379731,0 74.6236297227902,16.82459497326082,0 74.62364854440604,16.82477965144,0 74.62382536169606,16.82654713250346,0 74.62389065817348,16.82719946766679,0 74.62394342804166,16.82719384336955,0 74.6249416258435,16.82709031622482,0 74.62499533994237,16.82708482451874,0 74.6249998215696,16.8270844491115,0 74.62500030860342,16.82709316087404,0 74.62500479773203,16.82714068278995,0 74.62514598089747,16.82866971459718,0 74.62518261919381,16.8291030407693,0 74.62536242253506,16.83133192973718,0 74.62536545894567,16.83136651841794,0 74.62536567042588,16.83136934217116,0 74.62536023034579,16.83137028055634,0 74.62536024074709,16.83137043060325,0 74.62533089598838,16.83137506882303,0 74.62275898864047,16.8317917885789,0 74.62274705592102,16.83179355583095,0 74.62276457682181,16.83185572811765,0 74.62299671026844,16.83273731729626,0 74.62374985679851,16.83536280789988,0 74.62385789608429,16.83558849092648,0 74.62485363381798,16.83767140468413,0 74.6248696876476,16.83770489868184,0 74.62487221767563,16.83771049491929,0 74.62480050939155,16.83773514735054,0 74.62439527021947,16.83787599032528,0 74.62403066184542,16.83800321601123,0 74.62344348597648,16.83820777101298,0 74.61944710220801,16.83959988276837,0 74.61944085369508,16.83960202451062,0 74.61944495852319,16.83960792052546,0 74.62015987738032,16.84070100843793,0 74.61930162503354,16.84215271401347,0 74.61928881725912,16.84217588930777,0 74.61923366143088,16.84257533388234,0 74.61918423811554,16.84293487961588,0 74.61848254617955,16.84308064720724,0 74.61843233031502,16.84309076390782,0 74.61838872604402,16.84309218891522,0 74.61761795171304,16.84311637386131,0 74.6175922992503,16.8431172942664,0 74.61757515740858,16.8431163354595,0 74.61750656476546,16.84311170553917,0 74.61712715364618,16.84308611951815,0 74.61711918617576,16.84308566384621,0 74.61711266711974,16.84308032892438,0 74.61702781121106,16.84301098641284,0 74.61677236750909,16.84280167956453,0 74.61665187401618,16.84270308151801,0 74.61654567850314,16.84261603571824,0 74.61654399013226,16.84261451698048,0 74.61654281790364,16.84261296554983,0 74.6164344384171,16.84247239052267,0 74.61643037484903,16.84246721080781,0 74.61642924386715,16.84246471662352,0 74.61641033529781,16.84242446937741,0 74.61637130483953,16.84234142901387,0 74.61615405227042,16.8418781360992,0 74.61610226791809,16.84176855869207,0 74.61601991259477,16.84159526008298,0 74.61568924441947,16.84090314830247,0 74.61568582958111,16.84089599127281,0 74.61568125609415,16.8408975652431,0 74.61513188609176,16.84108948948885,0 74.61512375876976,16.84109286145055,0 74.61503191890527,16.84113295772912,0 74.61227763490325,16.84233493045413,0 74.61167095389784,16.84260037987855,0 74.61082255024459,16.84297058549689,0 74.61027270097092,16.8432099971104,0 74.60889399849364,16.84380550464163,0 74.60888383826824,16.84381015730367,0 74.60886496780141,16.84381660935617,0 74.60628325150694,16.84469631258404,0 74.60465653466633,16.84525034635598,0 74.60255857136556,16.84603623157206,0 74.60247879802061,16.8460661043128,0 74.59871556989152,16.84747591248876,0 74.59867001041067,16.84749302851741,0 74.5971783090727,16.84803113594463,0 74.59600170329223,16.84844426404606,0 74.5929361978274,16.84942689237533,0 74.59276835806132,16.84948113954682,0 74.59273155720291,16.84913967291375,0 74.59234577969313,16.84560993748275,0 74.59234019657731,16.84555838466882,0 74.59251298800305,16.8454989554934,0 74.59252205893358,16.84549580681511,0 74.59251958137277,16.84547630252634,0 74.59251150407273,16.84541389384721,0 74.59237054174093,16.84431427863742,0 74.59222824238643,16.8431954956571,0 74.59206259782798,16.84181708293703,0 74.59193148632454,16.84071947744176,0 74.59171584726741,16.84000059366207,0 74.59149071906266,16.83925052472853,0 74.59088697258107,16.83723994896653,0 74.59088096713263,16.83722019693158,0 74.59086644968053,16.83716693441463,0 74.59050118492405,16.83584702811342,0 74.59043973155603,16.83562626057272,0 74.59043568683778,16.83561179428904,0 74.59046023156091,16.83560863148161,0 74.5914873902162,16.83547676747267,0 74.59154262284949,16.83546957331383,0 74.59154587087777,16.83546885124468,0 74.59154172192949,16.83544725415769,0 74.5914927383083,16.83520251414166,0 74.59114626200666,16.83346755834095,0 74.59049482330579,16.83015397363524,0 74.59051362154268,16.8301565236811,0 74.59059766787833,16.83016680979315,0 74.59109520145473,16.83022999495106,0 74.59173474647163,16.83033809144373,0 74.59222576762888,16.83042086210942,0 74.592932217735,16.83048775607998,0 74.59325879839427,16.83050962105386,0 74.59393545491874,16.83055469114588,0 74.59410457320345,16.83055576952535,0 74.59486907651787,16.83056049745993,0 74.5951495797554,16.83053295738429,0 74.59571443158417,16.83047783473426,0 74.59671928019158,16.8303683378188,0 74.59735669077631,16.83029700683522,0 74.5980923023881,16.83021573003632,0 74.59975777147234,16.83004557747749,0 74.60142026880584,16.82987135116071,0 74.60230104849056,16.8297536063563,0 74.60316525022286,16.82963953859161,0 74.60415239879308,16.82950396352043,0 74.60480395515522,16.82941246129253,0 74.60534699008481,16.82933790335708,0 74.60637883130067,16.82921931300394,0 74.60678558552682,16.82914800473105,0 74.60701633973426,16.8291776728297,0 74.60702768171637,16.82917917332375,0 74.60707563038045,16.82914387825589,0 74.60747369957173,16.82884940660444,0 74.60798037032657,16.8286054655266,0 74.608640559715,16.82829523042364,0 74.61032601652889,16.82753121684787,0 74.61163430831394,16.82705028517868,0 74.61216830541909,16.82686624338172,0 74.61250438929879,16.82675036732807,0 74.6132512709045,16.82658352453069,0 74.61435480034858,16.82635128600269,0 74.61571014069187,16.82609016524356,0 74.61760377549396,16.82571675194006,0 74.6197167253047,16.82526183672153,0 74.62362925969661,16.82458238379731,0 
						</coordinates>
					</LinearRing>
				</outerBoundaryIs>
			</Polygon>
		</Placemark>
	</Document>
	<Document>
		<name>Ward no.20.kml</name>
		<StyleMap id="m_ylw-pushpin18">
			<Pair>
				<key>normal</key>
				<styleUrl>#s_ylw-pushpin18</styleUrl>
			</Pair>
			<Pair>
				<key>highlight</key>
				<styleUrl>#s_ylw-pushpin_hl18</styleUrl>
			</Pair>
		</StyleMap>
		<Style id="s_ylw-pushpin18">
			<IconStyle>
				<scale>1.1</scale>
				<Icon>
					<href>https://maps.google.com/mapfiles/kml/pushpin/ylw-pushpin.png</href>
				</Icon>
				<hotSpot x="20" y="2" xunits="pixels" yunits="pixels"/>
			</IconStyle>
			<LineStyle>
				<color>ffffff55</color>
				<width>3</width>
			</LineStyle>
			<PolyStyle>
				<fill>0</fill>
			</PolyStyle>
		</Style>
		<Style id="s_ylw-pushpin_hl18">
			<IconStyle>
				<scale>1.3</scale>
				<Icon>
					<href>https://maps.google.com/mapfiles/kml/pushpin/ylw-pushpin.png</href>
				</Icon>
				<hotSpot x="20" y="2" xunits="pixels" yunits="pixels"/>
			</IconStyle>
			<LineStyle>
				<color>ffffff55</color>
				<width>3</width>
			</LineStyle>
			<PolyStyle>
				<fill>0</fill>
			</PolyStyle>
		</Style>
		<Placemark>
			<name>Ward no.20.kml</name>
			<styleUrl>#m_ylw-pushpin18</styleUrl>
			<Polygon>
				<tessellate>1</tessellate>
				<outerBoundaryIs>
					<LinearRing>
						<coordinates>
							74.64386818878955,16.81640761563494,0 74.64386337285936,16.81641742723934,0 74.64355393882813,16.81674853902611,0 74.64337328611933,16.81694148831862,0 74.64320961775249,16.8171176631839,0 74.64270231855676,16.81695644105151,0 74.64218652336199,16.8167881756117,0 74.6421467626688,16.81677806834108,0 74.64083754581765,16.81642430014807,0 74.64081824565854,16.81641902524105,0 74.64081370230387,16.81643065072638,0 74.64073566159072,16.81665060108756,0 74.64069124627436,16.8167758988209,0 74.64060194202392,16.8170284950986,0 74.64054901981478,16.81717758275574,0 74.64048354374189,16.81735059296015,0 74.63977337639513,16.81926112059068,0 74.63973948228195,16.8193530106602,0 74.63964620908131,16.81970420085905,0 74.63963808278689,16.81973611274928,0 74.63963775387239,16.81974262771395,0 74.63962959339194,16.82004565759757,0 74.63962712261542,16.82014307459811,0 74.63958455757833,16.82028676145351,0 74.63954572677613,16.82041593584286,0 74.63952614109951,16.82046932605926,0 74.63912240911438,16.82151903406732,0 74.63909086656844,16.82160093219071,0 74.63907788456618,16.8216175967369,0 74.6390433824499,16.82166370466733,0 74.63753350058468,16.82366579131999,0 74.63746224482227,16.82376070581279,0 74.63732045975712,16.8239143541119,0 74.63707468125997,16.82417926306583,0 74.63655991388163,16.82473822475074,0 74.63654452248591,16.82475468376706,0 74.63654293148832,16.82475044841507,0 74.63653656853215,16.82473450384734,0 74.63631117291987,16.82416137723086,0 74.63629310412422,16.82411448046365,0 74.6363156545993,16.82408280899348,0 74.63642948486063,16.82392801451579,0 74.63695894917052,16.8232085599158,0 74.63699284606108,16.82316221018287,0 74.63696729741368,16.82314846661218,0 74.63668975505811,16.82299447203783,0 74.63665246666159,16.82297344297339,0 74.63651534002142,16.82284229935557,0 74.63648414873371,16.82281192099716,0 74.636403631638,16.82263415250809,0 74.63632342946468,16.82245735525355,0 74.63618267521332,16.8221811490065,0 74.63616499640682,16.82214668705992,0 74.63614218316393,16.82214818686407,0 74.63507031350711,16.82220901465552,0 74.63472517200513,16.82222959420936,0 74.63453608561932,16.82224024721419,0 74.63446370109527,16.82225750090612,0 74.63214538263399,16.8227914136951,0 74.63204406091282,16.82281463979309,0 74.63123924937264,16.82304054095406,0 74.63071934981262,16.82318576406722,0 74.63010250358963,16.82335823748783,0 74.62986011731667,16.82342659481736,0 74.62971053624466,16.82346736917988,0 74.62819552892121,16.82373183512514,0 74.62781820996649,16.82379814839926,0 74.62601291140942,16.82411275664287,0 74.62582495506985,16.82415010177759,0 74.62507030546102,16.82429752072319,0 74.62364669090799,16.82457929096783,0 74.62362899599009,16.82458216990858,0 74.62206849818412,16.8248524481822,0 74.62140659010319,16.82496848359857,0 74.62047487650516,16.82512969856379,0 74.61972563313635,16.82525996751645,0 74.61929315648311,16.82535271702666,0 74.61923936666986,16.8249192558597,0 74.61914857158769,16.82418144169505,0 74.61902121713041,16.82315439757686,0 74.61901208232013,16.8230776556367,0 74.61890482916886,16.82097269943339,0 74.61888985747579,16.82071797813065,0 74.61888397643112,16.82063003071939,0 74.61887566084206,16.82043947411425,0 74.61886596723434,16.82021608680634,0 74.6188550588725,16.81995493699696,0 74.61884194070922,16.81968397225711,0 74.61882789350884,16.81935062245101,0 74.61881385052175,16.81905234163165,0 74.61879692268326,16.81865277378535,0 74.61878235989759,16.81832044145877,0 74.61876672188396,16.81796013628224,0 74.61875011543817,16.81754123101565,0 74.61874359798551,16.81738702082747,0 74.61873510377661,16.81725052883218,0 74.61872115180894,16.81703687245239,0 74.61870544421205,16.81680529419778,0 74.61868520604489,16.81649229981609,0 74.6186554636067,16.81604468329215,0 74.61863426557269,16.81572767633774,0 74.61861888888313,16.81550847064926,0 74.61859651378533,16.81518823896829,0 74.61856191503504,16.81470164188567,0 74.61847541903059,16.81346222409868,0 74.61847509674698,16.81345685976834,0 74.6184565914418,16.81334503110892,0 74.61823334859288,16.81200847536641,0 74.61822849070778,16.81197655667121,0 74.61821997529745,16.81181840588632,0 74.61809051497147,16.8098211459481,0 74.61808913018739,16.80980029703674,0 74.61809461382302,16.8096947392765,0 74.61818104568671,16.80813035249108,0 74.61820630682791,16.80765411471628,0 74.61824501460883,16.80693865434768,0 74.61826223462251,16.80663405330612,0 74.61829109256284,16.8061082757166,0 74.61831966844576,16.80557595177174,0 74.6183528947948,16.80498454424377,0 74.61838006809609,16.80448652460631,0 74.61841964980691,16.80375901963132,0 74.61846054501763,16.80301465285564,0 74.61849681181783,16.80234445012999,0 74.61849267211861,16.80225705846298,0 74.61847204041547,16.80178929219086,0 74.61846259436376,16.80158009188876,0 74.61845378519803,16.80137790504602,0 74.61841815483065,16.80117482478002,0 74.61771399079795,16.79718780616072,0 74.61733177248638,16.79503311043494,0 74.61724800596355,16.79457487947465,0 74.6170700877838,16.79369986237447,0 74.61688141595073,16.79276263120143,0 74.61687723635387,16.79273985789613,0 74.61692089736178,16.79273288142438,0 74.61731608257016,16.79261636656937,0 74.61738178816852,16.79260920127617,0 74.61760359057823,16.79243013271882,0 74.61762181515597,16.79241516132344,0 74.61766099590682,16.79242087374705,0 74.61784293836064,16.79234875373101,0 74.61801047431292,16.79239584468679,0 74.61843014173624,16.79226387616633,0 74.61861694203759,16.79211082167381,0 74.61882490054522,16.79196639546379,0 74.61898870774415,16.79186446305777,0 74.62017154033026,16.79143062634062,0 74.62076386357784,16.7912277933718,0 74.6209922038786,16.7910581275108,0 74.62119651976819,16.79106483449678,0 74.62140596009415,16.79097664938055,0 74.62156216616171,16.79094423993419,0 74.62190299371075,16.79081049520165,0 74.62198152076505,16.79080973852913,0 74.62237147587891,16.79071880828005,0 74.62288856065341,16.79054335917676,0 74.62317471916298,16.7904492885002,0 74.62334215119026,16.79029662468169,0 74.62378085974694,16.79016907874627,0 74.62386001277925,16.79008622337428,0 74.62405820321077,16.79010473137565,0 74.62443574877398,16.78989248076707,0 74.62514134574644,16.78969363463299,0 74.62539317787162,16.78957244896897,0 74.62572626791213,16.78944651812264,0 74.62602797581187,16.78930026969281,0 74.62635730977701,16.78918445597007,0 74.62660172779444,16.78903471362064,0 74.62670363140876,16.7890354946245,0 74.62717006900219,16.78883423868841,0 74.62790379703746,16.788509872173,0 74.62809128993524,16.78831776036421,0 74.62828708490648,16.78834225733252,0 74.62923431874012,16.78784464286095,0 74.6292541016451,16.78762005012477,0 74.62931777564012,16.78755248218422,0 74.62949337846533,16.78765495409032,0 74.6297984479162,16.78744115027767,0 74.6302667762458,16.78695549298749,0 74.63007494781382,16.7867082648261,0 74.63034710893854,16.78650213273655,0 74.63051252459603,16.78667997455501,0 74.63091911889541,16.78635833765196,0 74.63107082435769,16.78622469200331,0 74.63123315538733,16.78644264980881,0 74.63132416407174,16.78659015900132,0 74.63160268907852,16.78704228144928,0 74.63169292716793,16.78722974062593,0 74.63173594077691,16.78748183107624,0 74.63172383499844,16.78758092987611,0 74.63170601476459,16.78772025923222,0 74.63166490326212,16.78786021668699,0 74.63148083220307,16.78849440078612,0 74.63138536614903,16.78881940541475,0 74.63124888668501,16.78950997490372,0 74.63124790411803,16.78951319737629,0 74.63126313358151,16.78960333724247,0 74.63133410286675,16.79002034350156,0 74.63141354045079,16.79025310865128,0 74.63162943681455,16.79088560302345,0 74.63168599864211,16.79105027210354,0 74.63175658886745,16.79124277932317,0 74.63183659305656,16.79145810823681,0 74.63197186219223,16.79182441189767,0 74.6321695473661,16.79236032396576,0 74.63240011284152,16.79302866301656,0 74.6325893767039,16.79357083684257,0 74.63290939001877,16.79446433786039,0 74.63294484915225,16.79456575801429,0 74.63309389688368,16.79501296200023,0 74.63320188504045,16.79533848880072,0 74.63338913264387,16.79577119771886,0 74.63344086193582,16.79589173426423,0 74.63369261188674,16.79627888427832,0 74.63411860615156,16.79683250145179,0 74.63441325241071,16.79721564004398,0 74.63446871224802,16.79727627789824,0 74.63498282394457,16.7978493963907,0 74.63501734907182,16.79787797892418,0 74.63519796954635,16.79802974685506,0 74.63601378844541,16.79871771738874,0 74.63639986893959,16.7990432381466,0 74.63667012804709,16.79927934080873,0 74.63696332767627,16.79953582715854,0 74.63722373622997,16.79976285525061,0 74.6379225660806,16.8003718882458,0 74.63801687565328,16.80046372364733,0 74.63974358262112,16.80212563589524,0 74.63983684275968,16.8022149718927,0 74.64004968359411,16.80244667388057,0 74.64057689488547,16.80302142087748,0 74.64084436932737,16.80331131446606,0 74.64085429203067,16.80332192203658,0 74.64085943716177,16.80333459912487,0 74.64087606043036,16.80336834788725,0 74.64098453017296,16.80359053805055,0 74.6419712497877,16.80559601624442,0 74.64249703460115,16.80664972446822,0 74.64266646855258,16.8069893228474,0 74.6431215469192,16.80789845479988,0 74.64328465130882,16.80822585397793,0 74.64336164470032,16.80837651864229,0 74.64338077437458,16.80838898190204,0 74.64349133864384,16.80845774306374,0 74.64410176572936,16.80869720349978,0 74.64421729759167,16.80874197933169,0 74.64427629709054,16.80878758017421,0 74.64447150875128,16.80894212987112,0 74.64448155749245,16.80895011636725,0 74.64449762418465,16.8089908085202,0 74.64456306675594,16.80915831403842,0 74.6445635142276,16.80934518122471,0 74.64456366744072,16.80953900970414,0 74.64450150391767,16.80983313117077,0 74.64442301265976,16.81020613236145,0 74.64442026057444,16.81022197092689,0 74.64443103373674,16.81026418526157,0 74.64445833847311,16.81036828081002,0 74.6444767445478,16.81039703809445,0 74.6446198280522,16.81062156243243,0 74.64463972428155,16.81064352078005,0 74.64495858234429,16.81098140340204,0 74.64559143895048,16.81164232410221,0 74.64576198831266,16.81182093624286,0 74.64581762828888,16.81187912900321,0 74.64600785963012,16.8120424295038,0 74.64647989702986,16.81244677789674,0 74.64652530856372,16.81248620619275,0 74.64665239626429,16.81259154187056,0 74.64702707673176,16.81289985069535,0 74.64704491210071,16.81291450934363,0 74.64712536567784,16.81299979007128,0 74.64749185878942,16.81339202964658,0 74.64754632815743,16.81344878255396,0 74.64766257920486,16.81347905671303,0 74.64789300263,16.81353837223333,0 74.64791063055593,16.81354236733998,0 74.64790596841031,16.81357979884712,0 74.64787436674386,16.81385432109981,0 74.64790041968826,16.81395502846902,0 74.64808072729308,16.81466409484673,0 74.64899057563841,16.81762582620932,0 74.64905376159737,16.81787203639926,0 74.64905978592977,16.81789534284523,0 74.64901338346873,16.8179083262226,0 74.64893693528656,16.81792081731266,0 74.64868564198889,16.81796049470055,0 74.6485983500357,16.81797493304578,0 74.64804904493829,16.81803400823108,0 74.64794958840281,16.81804423430541,0 74.64761997700707,16.81806247948677,0 74.64745964093953,16.81807182096234,0 74.64737291370869,16.818063818049,0 74.64705357585201,16.81803041112729,0 74.64669282017663,16.81800618904495,0 74.64637877364494,16.81796089274534,0 74.64610016646049,16.81792077952835,0 74.64599773057667,16.81790396315005,0 74.64553444236105,16.81782911441468,0 74.64550862612674,16.81782504047666,0 74.64551342726335,16.81780694197537,0 74.64555407597427,16.81765468174754,0 74.64555690950954,16.81762288540982,0 74.64559455246297,16.81711527628446,0 74.64559545494465,16.81710202190837,0 74.64558527143039,16.81704795413942,0 74.6455505836432,16.8168654508595,0 74.64553677477757,16.81677450538052,0 74.64552675916636,16.81671110611681,0 74.6455753413718,16.81669966697546,0 74.64574874785414,16.81665903786462,0 74.64575852314358,16.81665673006759,0 74.64575713624876,16.81664217502674,0 74.64575630415543,16.81663374647879,0 74.64572205266899,16.81634237181311,0 74.64565982341135,16.81609136529049,0 74.64563293101627,16.81598444151384,0 74.64563169313197,16.81597914074607,0 74.64559072348028,16.81598140637698,0 74.64532997591689,16.81599762577725,0 74.64518465856406,16.81600553762858,0 74.6451633545779,16.81600334633779,0 74.64415421628259,16.81591049759657,0 74.64409056414087,16.81590452166911,0 74.6439990115118,16.81611033935261,0 74.6439437312505,16.81623737143503,0 74.64386818878955,16.81640761563494,0 
						</coordinates>
					</LinearRing>
				</outerBoundaryIs>
			</Polygon>
		</Placemark>
	</Document>
	<atom:link rel="app" href="https://www.google.com/earth/about/versions/#earth-pro" title="Google Earth Pro 7.3.6.10201"></atom:link>
</Folder>
</kml>
