<?xml version="1.0" encoding="UTF-8"?>
<kml xmlns="http://www.opengis.net/kml/2.2" xmlns:gx="http://www.google.com/kml/ext/2.2" xmlns:kml="http://www.opengis.net/kml/2.2" xmlns:atom="http://www.w3.org/2005/Atom">
<Folder>
	<name>Temporary Places</name>
	<open>1</open>
	<Document>
		<name>Ward No. 1.kml</name>
		<StyleMap id="m_ylw-pushpin">
			<Pair>
				<key>normal</key>
				<styleUrl>#s_ylw-pushpin</styleUrl>
			</Pair>
			<Pair>
				<key>highlight</key>
				<styleUrl>#s_ylw-pushpin_hl</styleUrl>
			</Pair>
		</StyleMap>
		<Style id="s_ylw-pushpin">
			<IconStyle>
				<scale>1.1</scale>
				<Icon>
					<href>http://maps.google.com/mapfiles/kml/pushpin/ylw-pushpin.png</href>
				</Icon>
				<hotSpot x="20" y="2" xunits="pixels" yunits="pixels"/>
			</IconStyle>
			<LineStyle>
				<color>ffffff55</color>
				<width>3</width>
			</LineStyle>
			<PolyStyle>
				<fill>0</fill>
			</PolyStyle>
		</Style>
		<Style id="s_ylw-pushpin_hl">
			<IconStyle>
				<scale>1.3</scale>
				<Icon>
					<href>http://maps.google.com/mapfiles/kml/pushpin/ylw-pushpin.png</href>
				</Icon>
				<hotSpot x="20" y="2" xunits="pixels" yunits="pixels"/>
			</IconStyle>
			<LineStyle>
				<color>ffffff55</color>
				<width>3</width>
			</LineStyle>
			<PolyStyle>
				<fill>0</fill>
			</PolyStyle>
		</Style>
		<Placemark>
			<name>Ward No. 1.kml</name>
			<styleUrl>#m_ylw-pushpin</styleUrl>
			<Polygon>
				<tessellate>1</tessellate>
				<outerBoundaryIs>
					<LinearRing>
						<coordinates>
							72.972257,19.253127,0 72.972413,19.253204,0 72.97263100000001,19.253406,0 72.972719,19.253522,0 72.97276100000001,19.253598,0 72.972836,19.253734,0 72.97300799999999,19.254106,0 72.97301899999999,19.25413,0 72.973265,19.254684,0 72.97339599999999,19.25497,0 72.973412,19.255012,0 72.973494,19.255217,0 72.973573,19.255466,0 72.973652,19.255712,0 72.973702,19.255929,0 72.97370600000001,19.255945,0 72.97371200000001,19.255969,0 72.97376,19.256148,0 72.97381300000001,19.256346,0 72.973821,19.256373,0 72.97384599999999,19.256459,0 72.973851,19.256476,0 72.973851,19.256476,0 72.97386400000001,19.256519,0 72.973887,19.256595,0 72.97393599999999,19.256762,0 72.97399299999999,19.256943,0 72.974018,19.25702,0 72.974025,19.257041,0 72.974074,19.257185,0 72.974113,19.257273,0 72.97412799999999,19.257306,0 72.974211,19.257425,0 72.97426299999999,19.257492,0 72.97428499999999,19.25752,0 72.974324,19.257571,0 72.974521,19.257783,0 72.974582,19.257849,0 72.974588,19.257855,0 72.974659,19.257931,0 72.97474699999999,19.25803,0 72.97475799999999,19.258045,0 72.97476899999999,19.258061,0 72.974773,19.258066,0 72.974822,19.258135,0 72.974913,19.258248,0 72.974958,19.258304,0 72.975049,19.258416,0 72.975053,19.258422,0 72.975056,19.258425,0 72.975257,19.258678,0 72.97532,19.258745,0 72.97542199999999,19.258793,0 72.975506,19.258811,0 72.975644,19.258817,0 72.975835,19.25882,0 72.975966,19.25883,0 72.976021,19.258847,0 72.976052,19.258857,0 72.97606399999999,19.258864,0 72.976156,19.258944,0 72.976294,19.259109,0 72.976361,19.259256,0 72.97638999999999,19.25933,0 72.976512,19.259659,0 72.97652600000001,19.259698,0 72.976544,19.259751,0 72.976618,19.259969,0 72.97667800000001,19.260186,0 72.97673899999999,19.260405,0 72.976767,19.260504,0 72.976923,19.261064,0 72.97694199999999,19.261138,0 72.97698699999999,19.261308,0 72.97703300000001,19.261484,0 72.97705499999999,19.261569,0 72.97712799999999,19.261848,0 72.977159,19.261996,0 72.977172,19.262151,0 72.97718399999999,19.262484,0 72.977187,19.262731,0 72.977193,19.262797,0 72.97721799999999,19.262963,0 72.977277,19.263186,0 72.977312,19.263267,0 72.977339,19.26332,0 72.977358,19.263356,0 72.97745399999999,19.263496,0 72.977531,19.263593,0 72.977575,19.263646,0 72.97765200000001,19.263734,0 72.97781000000001,19.263876,0 72.97795499999999,19.263987,0 72.978011,19.264038,0 72.97815,19.264136,0 72.97821399999999,19.264182,0 72.978391,19.264308,0 72.97854700000001,19.264411,0 72.978615,19.264449,0 72.978694,19.264481,0 72.978832,19.264527,0 72.978898,19.264549,0 72.97918799999999,19.264645,0 72.97947600000001,19.264742,0 72.979584,19.264778,0 72.97963300000001,19.264798,0 72.97969999999999,19.264829,0 72.97973500000001,19.26485,0 72.979804,19.264941,0 72.97989800000001,19.265067,0 72.980002,19.265159,0 72.980183,19.265259,0 72.980261,19.265301,0 72.98050000000001,19.265435,0 72.98060599999999,19.265494,0 72.98097199999999,19.265546,0 72.980998,19.265546,0 72.98106199999999,19.265553,0 72.981219,19.26558,0 72.982128,19.265951,0 72.98220000000001,19.265984,0 72.98228400000001,19.266021,0 72.982544,19.266137,0 72.982816,19.266254,0 72.982843,19.266198,0 72.983069,19.265658,0 72.983615,19.26435,0 72.98361199999999,19.264258,0 72.98360599999999,19.264053,0 72.983602,19.26392,0 72.983593,19.263906,0 72.983197,19.263215,0 72.98300399999999,19.26288,0 72.984561,19.261921,0 72.985782,19.261169,0 72.985024,19.260395,0 72.984623,19.259479,0 72.984661,19.259482,0 72.98466999999999,19.259481,0 72.984678,19.259478,0 72.984685,19.259472,0 72.984689,19.259464,0 72.984691,19.259456,0 72.98469,19.259447,0 72.984566,19.259047,0 72.985038,19.258815,0 72.985038,19.258812,0 72.98503700000001,19.258809,0 72.985011,19.25861,0 72.985679,19.258338,0 72.98565600000001,19.258281,0 72.985558,19.258033,0 72.98557,19.258024,0 72.985612,19.257999,0 72.985739,19.257934,0 72.98651099999999,19.257602,0 72.986514,19.257601,0 72.986722,19.257512,0 72.98674,19.257487,0 72.98675,19.257449,0 72.98666799999999,19.256746,0 72.986672,19.256521,0 72.986649,19.256241,0 72.986654,19.256067,0 72.986656,19.256011,0 72.989616,19.25727,0 72.989677,19.257208,0 72.989733,19.25713,0 72.989746,19.257075,0 72.989816,19.257158,0 72.989873,19.257225,0 72.990033,19.25727,0 72.990211,19.257295,0 72.99046300000001,19.257334,0 72.99063599999999,19.257363,0 72.990694,19.257384,0 72.990831,19.257434,0 72.99139099999999,19.257534,0 72.991893,19.25768,0 72.992604,19.257972,0 72.99260099999999,19.257978,0 72.99253400000001,19.258101,0 72.992536,19.258105,0 72.99256699999999,19.258166,0 72.99333799999999,19.259726,0 72.993335,19.259726,0 72.993717,19.260499,0 72.990787,19.271532,0 72.990658,19.272042,0 72.99001699999999,19.274592,0 72.98858,19.278496,0 72.987178,19.282306,0 72.98661199999999,19.283845,0 72.98587499999999,19.285847,0 72.983394,19.288298,0 72.978357,19.290473,0 72.977661,19.290773,0 72.976676,19.291199,0 72.976477,19.291314,0 72.97623400000001,19.291422,0 72.976028,19.291501,0 72.97587,19.291567,0 72.97569,19.291691,0 72.97566999999999,19.291734,0 72.975599,19.291937,0 72.975448,19.292055,0 72.975173,19.29223,0 72.974875,19.292455,0 72.974581,19.292666,0 72.974368,19.292833,0 72.974148,19.293093,0 72.974041,19.293184,0 72.973906,19.29323,0 72.973761,19.293278,0 72.973618,19.293358,0 72.97347600000001,19.293498,0 72.973434,19.293584,0 72.97334499999999,19.293709,0 72.973113,19.293862,0 72.97297500000001,19.293879,0 72.972737,19.294019,0 72.972483,19.294188,0 72.972156,19.294423,0 72.97197199999999,19.294618,0 72.971834,19.294736,0 72.971715,19.294764,0 72.971541,19.294762,0 72.97138200000001,19.294772,0 72.971248,19.294807,0 72.97120099999999,19.294819,0 72.97103300000001,19.294887,0 72.970894,19.295012,0 72.97075700000001,19.295135,0 72.970625,19.295289,0 72.97049699999999,19.295333,0 72.970286,19.295356,0 72.97025499999999,19.29536,0 72.970049,19.295371,0 72.969876,19.295405,0 72.969757,19.295469,0 72.969651,19.295574,0 72.96950099999999,19.295656,0 72.96938400000001,19.295666,0 72.969223,19.295714,0 72.968977,19.295797,0 72.968807,19.295879,0 72.96863500000001,19.296006,0 72.96843200000001,19.296071,0 72.96816200000001,19.296105,0 72.967996,19.296114,0 72.967843,19.296155,0 72.967617,19.296252,0 72.96739599999999,19.296331,0 72.967294,19.296346,0 72.96711999999999,19.29635,0 72.966982,19.296372,0 72.966804,19.296431,0 72.966565,19.296548,0 72.966329,19.296619,0 72.96614,19.296667,0 72.965977,19.296661,0 72.96582600000001,19.296688,0 72.965695,19.296732,0 72.96550999999999,19.296816,0 72.965362,19.296887,0 72.96517299999999,19.296941,0 72.96503,19.296969,0 72.964766,19.296968,0 72.964625,19.296998,0 72.964423,19.297093,0 72.964235,19.297159,0 72.96411999999999,19.29723,0 72.96394100000001,19.297363,0 72.96380600000001,19.2974,0 72.963639,19.297432,0 72.96343400000001,19.297428,0 72.96327700000001,19.297385,0 72.963128,19.297393,0 72.962947,19.297454,0 72.96275199999999,19.297513,0 72.962705,19.297526,0 72.96254399999999,19.297574,0 72.962474,19.29757,0 72.962289,19.297562,0 72.96210600000001,19.297515,0 72.96210600000001,19.297514,0 72.96210600000001,19.297515,0 72.961877,19.297438,0 72.961664,19.297435,0 72.961465,19.297469,0 72.96124500000001,19.29751,0 72.961051,19.297544,0 72.96087300000001,19.297519,0 72.960685,19.297474,0 72.960504,19.297477,0 72.960275,19.297485,0 72.960105,19.297522,0 72.959945,19.297572,0 72.959795,19.297591,0 72.95963500000001,19.297582,0 72.959444,19.297566,0 72.95925699999999,19.29754,0 72.95904400000001,19.297519,0 72.958861,19.297526,0 72.958682,19.297495,0 72.958568,19.297473,0 72.95836,19.297487,0 72.958274,19.297425,0 72.95814,19.297374,0 72.95795200000001,19.297372,0 72.957733,19.297383,0 72.95755,19.297329,0 72.95739500000001,19.297237,0 72.95726000000001,19.297129,0 72.957088,19.297066,0 72.95693300000001,19.297065,0 72.956765,19.297024,0 72.956521,19.297035,0 72.956283,19.29703,0 72.956175,19.296993,0 72.95603199999999,19.29686,0 72.955837,19.296822,0 72.95563900000001,19.296777,0 72.95537400000001,19.296781,0 72.95511399999999,19.296783,0 72.95491199999999,19.296785,0 72.95472599999999,19.296751,0 72.954514,19.29662,0 72.954303,19.296498,0 72.95415300000001,19.296395,0 72.954035,19.296358,0 72.953862,19.296353,0 72.95362299999999,19.296312,0 72.95338,19.296294,0 72.95318399999999,19.296285,0 72.953008,19.296249,0 72.952889,19.296212,0 72.952714,19.296174,0 72.95252000000001,19.296142,0 72.95233,19.296133,0 72.952179,19.296138,0 72.95202,19.296202,0 72.951857,19.296211,0 72.951627,19.296189,0 72.95134299999999,19.296097,0 72.95103899999999,19.296042,0 72.95080900000001,19.296042,0 72.950599,19.296123,0 72.950442,19.296157,0 72.950326,19.29616,0 72.95029599999999,19.29616,0 72.95012699999999,19.296127,0 72.94994199999999,19.296066,0 72.949746,19.29605,0 72.94974000000001,19.29605,0 72.94973899999999,19.296051,0 72.94955,19.296054,0 72.948292,19.296079,0 72.947999,19.29611,0 72.947914,19.296116,0 72.947834,19.296095,0 72.94761099999999,19.295973,0 72.94758400000001,19.295965,0 72.947416,19.295849,0 72.947298,19.295768,0 72.947073,19.295698,0 72.946887,19.29563,0 72.94678500000001,19.295555,0 72.94668,19.295443,0 72.94654800000001,19.295297,0 72.946534,19.295289,0 72.946293,19.295136,0 72.94590700000001,19.294886,0 72.945712,19.294653,0 72.945683,19.294269,0 72.945262,19.29361,0 72.945179,19.293309,0 72.944951,19.292884,0 72.944737,19.292674,0 72.944576,19.292259,0 72.94446000000001,19.292122,0 72.943746,19.291608,0 72.94354199999999,19.291532,0 72.942868,19.291414,0 72.94231600000001,19.291134,0 72.942032,19.290896,0 72.94188200000001,19.29087,0 72.941372,19.290878,0 72.94120700000001,19.290815,0 72.941101,19.290669,0 72.940625,19.290393,0 72.94041199999999,19.29033,0 72.94018699999999,19.290257,0 72.939975,19.290156,0 72.939719,19.28992,0 72.93906699999999,19.289534,0 72.938867,19.289491,0 72.93881399999999,19.289328,0 72.938537,19.289085,0 72.93789200000001,19.288678,0 72.937184,19.288183,0 72.936899,19.288179,0 72.936651,19.287901,0 72.936313,19.287707,0 72.935835,19.287688,0 72.935249,19.287422,0 72.935019,19.287423,0 72.934617,19.287498,0 72.93443600000001,19.287374,0 72.934128,19.287338,0 72.933644,19.287484,0 72.93331999999999,19.287331,0 72.933077,19.287518,0 72.93274,19.287645,0 72.932513,19.28766,0 72.931945,19.287941,0 72.93159799999999,19.288404,0 72.931275,19.288416,0 72.930617,19.28877,0 72.928983,19.286776,0 72.929446,19.286436,0 72.928752,19.285388,0 72.92737200000001,19.283304,0 72.928679,19.282587,0 72.929244,19.28228,0 72.930317,19.280164,0 72.930611,19.279594,0 72.930812,19.279314,0 72.931703,19.277376,0 72.93185699999999,19.276977,0 72.932652,19.274921,0 72.932709,19.274774,0 72.93272399999999,19.274774,0 72.937178,19.271916,0 72.937202,19.2719,0 72.9365809131298,19.26743242297454,0 72.936066,19.263192,0 72.937512,19.258567,0 72.93922000000001,19.25958,0 72.94206383391382,19.25941399995315,0 72.94429348347758,19.25772097004084,0 72.94476001688602,19.25736697618102,0 72.94535952097841,19.25634429752679,0 72.94562272606608,19.25589529823049,0 72.94714006658383,19.25488517220329,0 72.94734098222439,19.25465183395381,0 72.94763605488112,19.25397020160877,0 72.947744,19.248971,0 72.94775682908843,19.24839556688747,0 72.94803589159218,19.24731776456274,0 72.94787434964134,19.24631248429903,0 72.94787393471539,19.24631002612551,0 72.94787512970879,19.24630984205477,0 72.94816388507289,19.24596798785061,0 72.94867468202204,19.24572524928658,0 72.94894601552983,19.24550490128691,0 72.94899699599456,19.24539716951019,0 72.94901303498374,19.24521605960369,0 72.94904284406682,19.24511529316451,0 72.94910275009431,19.245017219478,0 72.94919604435921,19.24497895572802,0 72.94929670703742,19.24492419728236,0 72.94933909024707,19.2448838552656,0 72.94943617581204,19.24476585791598,0 72.94951198117417,19.24471299954387,0 72.94958911826392,19.24467975127959,0 72.94976936123321,19.24460126210907,0 72.94988116163938,19.24453793403866,0 72.94992610473858,19.24452704110679,0 72.95005955608715,19.2445170121735,0 72.95013339090787,19.24451899790288,0 72.95018609489091,19.24452690258044,0 72.95021731953354,19.24453184785864,0 72.95026722047297,19.24454300154702,0 72.95030609611172,19.24454093855226,0 72.95035783365161,19.24452412255623,0 72.95040100582519,19.24449902685207,0 72.95040326534362,19.24449896312167,0 72.95043403881313,19.2444910274446,0 72.95049456954071,19.24449401199105,0 72.95053017623411,19.2444950295927,0 72.95054685773157,19.2444890669499,0 72.95060609961646,19.24442996265231,0 72.95069899096193,19.24437795476337,0 72.95075277261577,19.24435410866981,0 72.95081381405382,19.2443399766194,0 72.95089409495534,19.2443058950406,0 72.9509577150867,19.24428613381565,0 72.95102692277214,19.24427503388845,0 72.95109499202844,19.24427194457276,0 72.95111891019356,19.24426631246339,0 72.95113869140594,19.24425953293841,0 72.95122793465927,19.24411615393096,0 72.95131864223741,19.24390502641198,0 72.95141328912032,19.24379063926493,0 72.95149603649874,19.2436690277142,0 72.95153394770736,19.24355898393623,0 72.95157497339466,19.24350492595217,0 72.95165098826048,19.24347114973974,0 72.9517828447846,19.24342144366239,0 72.95193038257077,19.24330864080869,0 72.95225942780422,19.24317502155979,0 72.95259646451009,19.24311688431815,0 72.95281018659762,19.24314404901004,0 72.95294731602077,19.24313673742085,0 72.95308837906931,19.24312907477983,0 72.95330027034214,19.2431417719844,0 72.95341884657326,19.2431426732529,0 72.9535904891887,19.24314584904938,0 72.95382486638462,19.24308054948001,0 72.95421457119984,19.24302188856417,0 72.95505547692404,19.24259468215204,0 72.95535437335309,19.24243781291254,0 72.95585540135387,19.24187519113028,0 72.960866,19.240836,0 72.960882,19.240928,0 72.960886,19.240947,0 72.960885,19.240952,0 72.960914,19.241023,0 72.96091699999999,19.241031,0 72.960919,19.241035,0 72.96092400000001,19.241048,0 72.960987,19.241209,0 72.961665,19.242825,0 72.96167,19.242859,0 72.961743,19.242879,0 72.961709,19.242888,0 72.96194,19.243022,0 72.964321,19.244401,0 72.964325,19.244403,0 72.96445300000001,19.244477,0 72.96530799999999,19.244974,0 72.96589,19.246407,0 72.96902900000001,19.246638,0 72.969036,19.246641,0 72.969038,19.246643,0 72.96587599999999,19.248132,0 72.966238,19.249311,0 72.966425,19.249666,0 72.96665400000001,19.249851,0 72.96694599999999,19.250027,0 72.967219,19.250225,0 72.96736300000001,19.250329,0 72.967743,19.250551,0 72.967923,19.250639,0 72.968045,19.250866,0 72.968045,19.250867,0 72.968401,19.251532,0 72.96877000000001,19.252327,0 72.968782,19.252341,0 72.968789,19.252342,0 72.96880299999999,19.252338,0 72.968846,19.253263,0 72.969009,19.255643,0 72.96986099999999,19.255871,0 72.970043,19.25593,0 72.97008700000001,19.255945,0 72.970114,19.255954,0 72.970201,19.255982,0 72.97026,19.255993,0 72.970304,19.255998,0 72.970341,19.255998,0 72.970377,19.255997,0 72.970523,19.255987,0 72.970552,19.255982,0 72.970618,19.25597,0 72.970697,19.255943,0 72.97074000000001,19.255916,0 72.97076199999999,19.255911,0 72.9708,19.255911,0 72.97090300000001,19.255931,0 72.970938,19.255943,0 72.97111700000001,19.256003,0 72.971132,19.255965,0 72.971152,19.25591,0 72.971244,19.255664,0 72.971378,19.255324,0 72.97142100000001,19.255215,0 72.97142700000001,19.255199,0 72.971642,19.254668,0 72.971732,19.254446,0 72.971744,19.254415,0 72.971869,19.254109,0 72.97195000000001,19.253909,0 72.972041,19.253683,0 72.972071,19.253609,0 72.972109,19.253506,0 72.972133,19.25344,0 72.972257,19.253127,0 
						</coordinates>
					</LinearRing>
				</outerBoundaryIs>
			</Polygon>
		</Placemark>
	</Document>
	<Document>
		<name>Ward No. 2.kml</name>
		<StyleMap id="m_ylw-pushpin0">
			<Pair>
				<key>normal</key>
				<styleUrl>#s_ylw-pushpin0</styleUrl>
			</Pair>
			<Pair>
				<key>highlight</key>
				<styleUrl>#s_ylw-pushpin_hl0</styleUrl>
			</Pair>
		</StyleMap>
		<Style id="s_ylw-pushpin0">
			<IconStyle>
				<scale>1.1</scale>
				<Icon>
					<href>http://maps.google.com/mapfiles/kml/pushpin/ylw-pushpin.png</href>
				</Icon>
				<hotSpot x="20" y="2" xunits="pixels" yunits="pixels"/>
			</IconStyle>
			<LineStyle>
				<color>ffffff55</color>
				<width>3</width>
			</LineStyle>
			<PolyStyle>
				<fill>0</fill>
			</PolyStyle>
		</Style>
		<Style id="s_ylw-pushpin_hl0">
			<IconStyle>
				<scale>1.3</scale>
				<Icon>
					<href>http://maps.google.com/mapfiles/kml/pushpin/ylw-pushpin.png</href>
				</Icon>
				<hotSpot x="20" y="2" xunits="pixels" yunits="pixels"/>
			</IconStyle>
			<LineStyle>
				<color>ffffff55</color>
				<width>3</width>
			</LineStyle>
			<PolyStyle>
				<fill>0</fill>
			</PolyStyle>
		</Style>
		<Placemark>
			<name>Ward No. 2.kml</name>
			<styleUrl>#m_ylw-pushpin0</styleUrl>
			<Polygon>
				<tessellate>1</tessellate>
				<outerBoundaryIs>
					<LinearRing>
						<coordinates>
							72.993717,19.260499,0 72.993335,19.259726,0 72.99333799999999,19.259726,0 72.99256699999999,19.258166,0 72.992536,19.258105,0 72.99253400000001,19.258101,0 72.99260099999999,19.257978,0 72.992604,19.257972,0 72.991893,19.25768,0 72.99139099999999,19.257534,0 72.990831,19.257434,0 72.990694,19.257384,0 72.99063599999999,19.257363,0 72.99046300000001,19.257334,0 72.990211,19.257295,0 72.990033,19.25727,0 72.989873,19.257225,0 72.989816,19.257158,0 72.989746,19.257075,0 72.989733,19.25713,0 72.989677,19.257208,0 72.989616,19.25727,0 72.986656,19.256011,0 72.986654,19.256067,0 72.986649,19.256241,0 72.986672,19.256521,0 72.98666799999999,19.256746,0 72.98675,19.257449,0 72.98674,19.257487,0 72.986722,19.257512,0 72.986514,19.257601,0 72.98651099999999,19.257602,0 72.985739,19.257934,0 72.985612,19.257999,0 72.98557,19.258024,0 72.985558,19.258033,0 72.98565600000001,19.258281,0 72.985679,19.258338,0 72.985011,19.25861,0 72.98503700000001,19.258809,0 72.985038,19.258812,0 72.985038,19.258815,0 72.984566,19.259047,0 72.98469,19.259447,0 72.984691,19.259456,0 72.984689,19.259464,0 72.984685,19.259472,0 72.984678,19.259478,0 72.98466999999999,19.259481,0 72.984661,19.259482,0 72.984623,19.259479,0 72.985024,19.260395,0 72.985782,19.261169,0 72.984561,19.261921,0 72.98300399999999,19.26288,0 72.983197,19.263215,0 72.983593,19.263906,0 72.983602,19.26392,0 72.98360599999999,19.264053,0 72.98361199999999,19.264258,0 72.983615,19.26435,0 72.983069,19.265658,0 72.982843,19.266198,0 72.982816,19.266254,0 72.982544,19.266137,0 72.98228400000001,19.266021,0 72.98220000000001,19.265984,0 72.982128,19.265951,0 72.981219,19.26558,0 72.98106199999999,19.265553,0 72.980998,19.265546,0 72.98097199999999,19.265546,0 72.98060599999999,19.265494,0 72.98050000000001,19.265435,0 72.980261,19.265301,0 72.980183,19.265259,0 72.980002,19.265159,0 72.97989800000001,19.265067,0 72.979804,19.264941,0 72.97973500000001,19.26485,0 72.97969999999999,19.264829,0 72.97963300000001,19.264798,0 72.979584,19.264778,0 72.97947600000001,19.264742,0 72.97918799999999,19.264645,0 72.978898,19.264549,0 72.978832,19.264527,0 72.978694,19.264481,0 72.978615,19.264449,0 72.97854700000001,19.264411,0 72.978391,19.264308,0 72.97821399999999,19.264182,0 72.97815,19.264136,0 72.978011,19.264038,0 72.97795499999999,19.263987,0 72.97781000000001,19.263876,0 72.97765200000001,19.263734,0 72.977575,19.263646,0 72.977531,19.263593,0 72.97745399999999,19.263496,0 72.977358,19.263356,0 72.977339,19.26332,0 72.977312,19.263267,0 72.977277,19.263186,0 72.97721799999999,19.262963,0 72.977193,19.262797,0 72.977187,19.262731,0 72.97718399999999,19.262484,0 72.977172,19.262151,0 72.977159,19.261996,0 72.97712799999999,19.261848,0 72.97705499999999,19.261569,0 72.97703300000001,19.261484,0 72.97698699999999,19.261308,0 72.97694199999999,19.261138,0 72.976923,19.261064,0 72.976767,19.260504,0 72.97673899999999,19.260405,0 72.97667800000001,19.260186,0 72.976618,19.259969,0 72.976544,19.259751,0 72.97652600000001,19.259698,0 72.976512,19.259659,0 72.97638999999999,19.25933,0 72.976361,19.259256,0 72.976294,19.259109,0 72.976156,19.258944,0 72.97606399999999,19.258864,0 72.976052,19.258857,0 72.976021,19.258847,0 72.975966,19.25883,0 72.975835,19.25882,0 72.975644,19.258817,0 72.975506,19.258811,0 72.97542199999999,19.258793,0 72.97532,19.258745,0 72.975257,19.258678,0 72.975056,19.258425,0 72.975053,19.258422,0 72.975049,19.258416,0 72.974958,19.258304,0 72.974913,19.258248,0 72.974822,19.258135,0 72.974773,19.258066,0 72.97476899999999,19.258061,0 72.97475799999999,19.258045,0 72.97474699999999,19.25803,0 72.974659,19.257931,0 72.974588,19.257855,0 72.974582,19.257849,0 72.974521,19.257783,0 72.974324,19.257571,0 72.97428499999999,19.25752,0 72.97426299999999,19.257492,0 72.974211,19.257425,0 72.97412799999999,19.257306,0 72.974113,19.257273,0 72.974074,19.257185,0 72.974025,19.257041,0 72.974018,19.25702,0 72.97399299999999,19.256943,0 72.97393599999999,19.256762,0 72.973887,19.256595,0 72.97386400000001,19.256519,0 72.973851,19.256476,0 72.973851,19.256476,0 72.97384599999999,19.256459,0 72.973821,19.256373,0 72.97381300000001,19.256346,0 72.97376,19.256148,0 72.97371200000001,19.255969,0 72.97370600000001,19.255945,0 72.973702,19.255929,0 72.973652,19.255712,0 72.973573,19.255466,0 72.973494,19.255217,0 72.973412,19.255012,0 72.97339599999999,19.25497,0 72.973265,19.254684,0 72.97301899999999,19.25413,0 72.97300799999999,19.254106,0 72.972836,19.253734,0 72.97276100000001,19.253598,0 72.972719,19.253522,0 72.97263100000001,19.253406,0 72.972413,19.253204,0 72.972257,19.253127,0 72.97229299999999,19.253036,0 72.972375,19.25283,0 72.972424,19.252695,0 72.97246,19.252598,0 72.972477,19.252552,0 72.972881,19.251589,0 72.973015,19.251268,0 72.97335,19.25073,0 72.97337,19.250698,0 72.973392,19.250664,0 72.97344699999999,19.25059,0 72.97361600000001,19.250332,0 72.97372900000001,19.250129,0 72.973753,19.250085,0 72.973878,19.24986,0 72.97388599999999,19.249846,0 72.97388599999999,19.249845,0 72.97389,19.249838,0 72.973956,19.249732,0 72.974056,19.249581,0 72.97409,19.249532,0 72.97413400000001,19.249468,0 72.974317,19.2492,0 72.974418,19.249049,0 72.974485,19.248952,0 72.974535,19.248878,0 72.974603,19.248777,0 72.974648,19.248709,0 72.974683,19.248656,0 72.97472999999999,19.248588,0 72.974773,19.24852,0 72.975286,19.247723,0 72.975461,19.247447,0 72.97553600000001,19.247275,0 72.975622,19.247087,0 72.975639,19.247049,0 72.97573199999999,19.246697,0 72.97573800000001,19.246608,0 72.975758,19.246295,0 72.97577,19.246176,0 72.97578,19.24603,0 72.97578900000001,19.245873,0 72.975803,19.245593,0 72.97581099999999,19.245461,0 72.975818,19.245166,0 72.975825,19.244925,0 72.975835,19.244711,0 72.975844,19.244532,0 72.97585100000001,19.244337,0 72.97586099999999,19.244047,0 72.97586099999999,19.243912,0 72.97586099999999,19.243855,0 72.975847,19.243757,0 72.975853,19.243508,0 72.975858,19.243233,0 72.97586099999999,19.243018,0 72.97586200000001,19.242971,0 72.975863,19.242861,0 72.975864,19.242648,0 72.975864,19.242547,0 72.975863,19.242469,0 72.97586,19.242347,0 72.975854,19.24226,0 72.975847,19.242146,0 72.97584000000001,19.242007,0 72.97583299999999,19.24192,0 72.97582800000001,19.2419,0 72.976015,19.241748,0 72.976125,19.241692,0 72.976635,19.241211,0 72.97694,19.240944,0 72.977143,19.240766,0 72.97772999999999,19.240271,0 72.977801,19.240139,0 72.97791599999999,19.239752,0 72.977998,19.239607,0 72.97816899999999,19.239444,0 72.97852399999999,19.23939,0 72.978956,19.239375,0 72.979353,19.23932,0 72.979584,19.239284,0 72.979866,19.23924,0 72.980215,19.239259,0 72.980341,19.239325,0 72.980633,19.239478,0 72.981088,19.239782,0 72.98108999999999,19.239779,0 72.981092,19.239777,0 72.981093,19.239774,0 72.981095,19.239772,0 72.98109700000001,19.239769,0 72.981098,19.239767,0 72.981099,19.239764,0 72.981101,19.239761,0 72.98110200000001,19.239758,0 72.981103,19.239756,0 72.981104,19.239753,0 72.981105,19.23975,0 72.981105,19.239747,0 72.981106,19.239744,0 72.98110699999999,19.239741,0 72.98110699999999,19.239738,0 72.98110699999999,19.239736,0 72.981295,19.239718,0 72.981376,19.23969,0 72.981469,19.239658,0 72.98148999999999,19.239651,0 72.9815,19.239648,0 72.981628,19.239598,0 72.981674,19.239582,0 72.981978,19.239463,0 72.982017,19.239447,0 72.982201,19.239376,0 72.982275,19.239349,0 72.982326,19.23933,0 72.982483,19.239295,0 72.982663,19.239296,0 72.982827,19.239305,0 72.982904,19.239303,0 72.983068,19.239298,0 72.983166,19.239292,0 72.98324700000001,19.239287,0 72.983459,19.239237,0 72.98347699999999,19.239232,0 72.983482,19.239231,0 72.983549,19.239214,0 72.983881,19.239131,0 72.984032,19.239064,0 72.984092,19.238982,0 72.984117,19.238871,0 72.984144,19.238751,0 72.984154,19.238704,0 72.98418100000001,19.238476,0 72.984241,19.238225,0 72.98429299999999,19.238005,0 72.98444600000001,19.237303,0 72.98454700000001,19.237008,0 72.984587,19.236888,0 72.984619,19.236812,0 72.98462000000001,19.236809,0 72.98465400000001,19.236748,0 72.98472700000001,19.236687,0 72.984841,19.236648,0 72.98499200000001,19.236635,0 72.98504800000001,19.23663,0 72.985276,19.236624,0 72.985342,19.236623,0 72.98534600000001,19.236623,0 72.985418,19.236623,0 72.98550899999999,19.236637,0 72.985607,19.236653,0 72.986,19.236716,0 72.986406,19.236775,0 72.98649899999999,19.236789,0 72.98667399999999,19.236807,0 72.98680400000001,19.236826,0 72.98697900000001,19.236839,0 72.98697300000001,19.236789,0 72.98698,19.236668,0 72.986994,19.236513,0 72.984523,19.235462,0 72.98448999999999,19.23537,0 72.98448999999999,19.23537,0 72.984431,19.235261,0 72.984431,19.235261,0 72.98437699999999,19.235157,0 72.98437699999999,19.235157,0 72.984331,19.235033,0 72.984331,19.235033,0 72.984315,19.234997,0 72.98430500000001,19.234973,0 72.98430500000001,19.234973,0 72.984291,19.234909,0 72.984309,19.234776,0 72.98431100000001,19.234637,0 72.984303,19.234584,0 72.984297,19.234551,0 72.98427700000001,19.23444,0 72.984267,19.234293,0 72.98426499999999,19.234199,0 72.984329,19.234102,0 72.98434899999999,19.234045,0 72.984362,19.234035,0 72.984449,19.234021,0 72.98446300000001,19.234013,0 72.98445599999999,19.233904,0 72.98445599999999,19.233904,0 72.984444,19.233888,0 72.984444,19.233888,0 72.984396,19.233885,0 72.984376,19.233874,0 72.984363,19.23382,0 72.984345,19.233718,0 72.98432099999999,19.233608,0 72.98423200000001,19.233265,0 72.98421,19.233179,0 72.984201,19.233131,0 72.98419800000001,19.233101,0 72.984195,19.232988,0 72.984286,19.232931,0 72.984433,19.232879,0 72.98469299999999,19.232806,0 72.984869,19.232793,0 72.985191,19.232843,0 72.98576300000001,19.232904,0 72.98595,19.232935,0 72.986037,19.232979,0 72.986244,19.232993,0 72.986447,19.232911,0 72.986654,19.232779,0 72.98675799999999,19.232712,0 72.986919,19.232681,0 72.987199,19.232666,0 72.987398,19.232712,0 72.987438,19.232714,0 72.98754700000001,19.232689,0 72.987568,19.23274,0 72.987578,19.232802,0 72.987588,19.232841,0 72.987649,19.23307,0 72.98773457019399,19.23334494460721,0 72.987843,19.233559,0 72.987956,19.233692,0 72.98824399999999,19.23424,0 72.98872299999999,19.235153,0 72.988997,19.235651,0 72.98942700000001,19.236432,0 72.989626,19.236631,0 72.99028300000001,19.237939,0 72.990334,19.238039,0 72.990515,19.238462,0 72.99051900000001,19.238472,0 72.99067196239648,19.23882819462279,0 72.9908326803308,19.23907635418952,0 72.99199604978651,19.2404328270997,0 72.99215553867417,19.24065492638689,0 72.99328397938547,19.24192506792455,0 72.99411080209576,19.24287197345692,0 72.99440504583431,19.24308755195757,0 72.99568919681894,19.24369406054704,0 72.99595078831497,19.24400837085844,0 72.99659155707674,19.24437533663668,0 72.99664900000001,19.244613,0 72.996706,19.244941,0 72.996765,19.245047,0 72.997007,19.245201,0 72.997675,19.245286,0 73.000046,19.245551,0 73.00020000000001,19.245569,0 72.993717,19.260499,0 
						</coordinates>
					</LinearRing>
				</outerBoundaryIs>
			</Polygon>
		</Placemark>
	</Document>
	<Document>
		<name>Ward No. 3.kml</name>
		<StyleMap id="m_ylw-pushpin1">
			<Pair>
				<key>normal</key>
				<styleUrl>#s_ylw-pushpin1</styleUrl>
			</Pair>
			<Pair>
				<key>highlight</key>
				<styleUrl>#s_ylw-pushpin_hl1</styleUrl>
			</Pair>
		</StyleMap>
		<Style id="s_ylw-pushpin1">
			<IconStyle>
				<scale>1.1</scale>
				<Icon>
					<href>http://maps.google.com/mapfiles/kml/pushpin/ylw-pushpin.png</href>
				</Icon>
				<hotSpot x="20" y="2" xunits="pixels" yunits="pixels"/>
			</IconStyle>
			<LineStyle>
				<color>ffffff55</color>
				<width>3</width>
			</LineStyle>
			<PolyStyle>
				<fill>0</fill>
			</PolyStyle>
		</Style>
		<Style id="s_ylw-pushpin_hl1">
			<IconStyle>
				<scale>1.3</scale>
				<Icon>
					<href>http://maps.google.com/mapfiles/kml/pushpin/ylw-pushpin.png</href>
				</Icon>
				<hotSpot x="20" y="2" xunits="pixels" yunits="pixels"/>
			</IconStyle>
			<LineStyle>
				<color>ffffff55</color>
				<width>3</width>
			</LineStyle>
			<PolyStyle>
				<fill>0</fill>
			</PolyStyle>
		</Style>
		<Placemark>
			<name>Ward No. 3.kml</name>
			<styleUrl>#m_ylw-pushpin1</styleUrl>
			<Polygon>
				<tessellate>1</tessellate>
				<outerBoundaryIs>
					<LinearRing>
						<coordinates>
							72.984195,19.232988,0 72.98419800000001,19.233101,0 72.984201,19.233131,0 72.98421,19.233179,0 72.98423200000001,19.233265,0 72.98432099999999,19.233608,0 72.984345,19.233718,0 72.984363,19.23382,0 72.984376,19.233874,0 72.984396,19.233885,0 72.984444,19.233888,0 72.984444,19.233888,0 72.98445599999999,19.233904,0 72.98445599999999,19.233904,0 72.98446300000001,19.234013,0 72.984449,19.234021,0 72.984362,19.234035,0 72.98434899999999,19.234045,0 72.984329,19.234102,0 72.98426499999999,19.234199,0 72.984267,19.234293,0 72.98427700000001,19.23444,0 72.984297,19.234551,0 72.984303,19.234584,0 72.98431100000001,19.234637,0 72.984309,19.234776,0 72.984291,19.234909,0 72.98430500000001,19.234973,0 72.98430500000001,19.234973,0 72.984315,19.234997,0 72.984331,19.235033,0 72.984331,19.235033,0 72.98437699999999,19.235157,0 72.98437699999999,19.235157,0 72.984431,19.235261,0 72.984431,19.235261,0 72.98448999999999,19.23537,0 72.98448999999999,19.23537,0 72.984523,19.235462,0 72.986994,19.236513,0 72.98698,19.236668,0 72.98697300000001,19.236789,0 72.98697900000001,19.236839,0 72.98680400000001,19.236826,0 72.98667399999999,19.236807,0 72.98649899999999,19.236789,0 72.986406,19.236775,0 72.986,19.236716,0 72.985607,19.236653,0 72.98550899999999,19.236637,0 72.985418,19.236623,0 72.98534600000001,19.236623,0 72.985342,19.236623,0 72.985276,19.236624,0 72.98504800000001,19.23663,0 72.98499200000001,19.236635,0 72.984841,19.236648,0 72.98472700000001,19.236687,0 72.98465400000001,19.236748,0 72.98462000000001,19.236809,0 72.984619,19.236812,0 72.984587,19.236888,0 72.98454700000001,19.237008,0 72.98444600000001,19.237303,0 72.98429299999999,19.238005,0 72.984241,19.238225,0 72.98418100000001,19.238476,0 72.984154,19.238704,0 72.984144,19.238751,0 72.984117,19.238871,0 72.984092,19.238982,0 72.984032,19.239064,0 72.983881,19.239131,0 72.983549,19.239214,0 72.983482,19.239231,0 72.98347699999999,19.239232,0 72.983459,19.239237,0 72.98324700000001,19.239287,0 72.983166,19.239292,0 72.983068,19.239298,0 72.982904,19.239303,0 72.982827,19.239305,0 72.982663,19.239296,0 72.982483,19.239295,0 72.982326,19.23933,0 72.982275,19.239349,0 72.982201,19.239376,0 72.982017,19.239447,0 72.981978,19.239463,0 72.981674,19.239582,0 72.981628,19.239598,0 72.9815,19.239648,0 72.98148999999999,19.239651,0 72.981469,19.239658,0 72.981376,19.23969,0 72.981295,19.239718,0 72.98110699999999,19.239736,0 72.98110699999999,19.239738,0 72.98110699999999,19.239741,0 72.981106,19.239744,0 72.981105,19.239747,0 72.981105,19.23975,0 72.981104,19.239753,0 72.981103,19.239756,0 72.98110200000001,19.239758,0 72.981101,19.239761,0 72.981099,19.239764,0 72.981098,19.239767,0 72.98109700000001,19.239769,0 72.981095,19.239772,0 72.981093,19.239774,0 72.981092,19.239777,0 72.98108999999999,19.239779,0 72.981088,19.239782,0 72.980633,19.239478,0 72.980341,19.239325,0 72.980215,19.239259,0 72.979866,19.23924,0 72.979584,19.239284,0 72.979353,19.23932,0 72.978956,19.239375,0 72.97852399999999,19.23939,0 72.97816899999999,19.239444,0 72.977998,19.239607,0 72.97791599999999,19.239752,0 72.977801,19.240139,0 72.97772999999999,19.240271,0 72.977143,19.240766,0 72.97694,19.240944,0 72.976635,19.241211,0 72.976125,19.241692,0 72.976015,19.241748,0 72.97582800000001,19.2419,0 72.97573300000001,19.241466,0 72.9757,19.241223,0 72.97565899999999,19.240893,0 72.97563,19.240663,0 72.975613,19.240534,0 72.975604,19.240432,0 72.97559800000001,19.240358,0 72.975594,19.240324,0 72.975593,19.240258,0 72.97559800000001,19.240165,0 72.97560199999999,19.239984,0 72.975605,19.239894,0 72.975606,19.23979,0 72.975611,19.239679,0 72.975618,19.239514,0 72.975622,19.239452,0 72.975632,19.239309,0 72.975641,19.239157,0 72.975652,19.239048,0 72.975658,19.238988,0 72.975663,19.238913,0 72.975679,19.238777,0 72.97568800000001,19.2387,0 72.975697,19.238633,0 72.975712,19.238522,0 72.975722,19.238447,0 72.975729,19.238388,0 72.97573199999999,19.238341,0 72.97575000000001,19.238187,0 72.975752,19.238171,0 72.97577699999999,19.237976,0 72.975808,19.237719,0 72.97581700000001,19.237651,0 72.975821,19.237618,0 72.97583899999999,19.237458,0 72.97586,19.23728,0 72.97586099999999,19.23727,0 72.97588500000001,19.237047,0 72.97590099999999,19.236907,0 72.97591,19.236825,0 72.975927,19.236698,0 72.975945,19.236539,0 72.97597399999999,19.236309,0 72.97599700000001,19.236017,0 72.976007,19.235884,0 72.976024,19.235763,0 72.976052,19.235551,0 72.976057,19.235508,0 72.97609,19.23524,0 72.976112,19.235063,0 72.976125,19.23495,0 72.976142,19.234838,0 72.976147,19.234799,0 72.97618199999999,19.234503,0 72.97623299999999,19.234124,0 72.976253,19.233973,0 72.97627300000001,19.233809,0 72.97630599999999,19.233572,0 72.976336,19.233314,0 72.976382,19.232969,0 72.976427,19.232563,0 72.976455,19.232332,0 72.97646,19.232295,0 72.976482,19.232084,0 72.976528,19.231703,0 72.976546,19.23153,0 72.97655399999999,19.231464,0 72.976552,19.231349,0 72.976572,19.231186,0 72.976614,19.23082,0 72.97662699999999,19.230702,0 72.976635,19.23064,0 72.97668,19.230279,0 72.976704,19.230076,0 72.97672799999999,19.229881,0 72.976752,19.229671,0 72.97676199999999,19.229601,0 72.976769,19.229496,0 72.97678000000001,19.229396,0 72.976782,19.229383,0 72.97680200000001,19.229223,0 72.976822,19.229053,0 72.976838,19.228923,0 72.976856,19.228763,0 72.976877,19.228596,0 72.97689099999999,19.228483,0 72.976895,19.22845,0 72.976924,19.228213,0 72.976945,19.228037,0 72.97695400000001,19.227962,0 72.976962,19.227803,0 72.976979,19.227687,0 72.976996,19.227541,0 72.977012,19.227434,0 72.97703199999999,19.227319,0 72.977075,19.226947,0 72.97709,19.226815,0 72.977098,19.226746,0 72.97711700000001,19.226573,0 72.977148,19.226306,0 72.97718,19.226004,0 72.977205,19.225745,0 72.977223,19.225553,0 72.977237,19.225442,0 72.977253,19.225313,0 72.977268,19.225197,0 72.97727399999999,19.225097,0 72.977276,19.225051,0 72.97733599999999,19.224569,0 72.977345,19.22449,0 72.97737100000001,19.224281,0 72.977412,19.223939,0 72.977429,19.223792,0 72.97743,19.223786,0 72.977474,19.223321,0 72.977475,19.223307,0 72.97748799999999,19.223156,0 72.97750499999999,19.22298,0 72.977569,19.222748,0 72.977569,19.222743,0 72.97760100000001,19.222438,0 72.977639,19.22212,0 72.97768499999999,19.221776,0 72.97771899999999,19.221473,0 72.977763,19.221122,0 72.97780899999999,19.220775,0 72.977853,19.22042,0 72.97791700000001,19.219947,0 72.97797199999999,19.219486,0 72.978027,19.219086,0 72.978067,19.21873,0 72.978094,19.218516,0 72.978183,19.217952,0 72.978359,19.218275,0 72.97845,19.218405,0 72.97855,19.218527,0 72.978579,19.218558,0 72.978599,19.218613,0 72.97866,19.218923,0 72.978661,19.218926,0 72.978703,19.219077,0 72.97872,19.219242,0 72.97872700000001,19.219288,0 72.978747,19.21951,0 72.97877200000001,19.219897,0 72.978798,19.22017,0 72.978803,19.220226,0 72.978865,19.220602,0 72.978877,19.220659,0 72.978899,19.220753,0 72.978917,19.220829,0 72.97896,19.221002,0 72.979009,19.221224,0 72.979023,19.221293,0 72.979033,19.221341,0 72.979046,19.221421,0 72.979062,19.221513,0 72.97908099999999,19.221709,0 72.979114,19.222003,0 72.979118,19.222073,0 72.979123,19.222208,0 72.979122,19.22226,0 72.979129,19.222347,0 72.979128,19.222596,0 72.97913200000001,19.222787,0 72.979134,19.222911,0 72.97913800000001,19.2231,0 72.97914400000001,19.223378,0 72.979135,19.223488,0 72.97913,19.223551,0 72.979091,19.223978,0 72.979089,19.224006,0 72.979088,19.224021,0 72.979068,19.2242,0 72.979049,19.224432,0 72.979046,19.224568,0 72.979046,19.224577,0 72.97906,19.224645,0 72.979074,19.224702,0 72.979116,19.224776,0 72.979198,19.224894,0 72.979247,19.224965,0 72.979288,19.22503,0 72.979377,19.225169,0 72.979597,19.225499,0 72.979681,19.225625,0 72.979698,19.225649,0 72.97984099999999,19.225895,0 72.979884,19.225983,0 72.979907,19.22603,0 72.97993896391785,19.22612192141946,0 72.97997651989441,19.22625754390676,0 72.98014509711557,19.22677857401144,0 72.98027927033982,19.22697082414001,0 72.98059492645301,19.22718496573842,0 72.98079787593448,19.22732380899351,0 72.9809742908209,19.22746398540919,0 72.980966,19.227476,0 72.980913,19.227549,0 72.980766,19.227755,0 72.980673,19.227916,0 72.980588,19.228158,0 72.98048199999999,19.228401,0 72.98038,19.228627,0 72.98026400000001,19.229025,0 72.98021900000001,19.229184,0 72.980182,19.229314,0 72.98014499999999,19.229528,0 72.98012799999999,19.229626,0 72.98004299999999,19.230086,0 72.980009,19.230269,0 72.980144,19.2303,0 72.980272,19.230357,0 72.980423,19.230467,0 72.98055600000001,19.23054,0 72.980735,19.230635,0 72.980808,19.230704,0 72.980875,19.230746,0 72.98091100000001,19.230761,0 72.980912,19.230761,0 72.980958,19.23077,0 72.98103399999999,19.230772,0 72.98112999999999,19.230772,0 72.981298,19.230759,0 72.98141,19.230758,0 72.981492,19.230774,0 72.98175500000001,19.230805,0 72.981858,19.230815,0 72.981948,19.230825,0 72.98208200000001,19.230848,0 72.982131,19.23087,0 72.982187,19.230922,0 72.98221599999999,19.23097,0 72.982202,19.231016,0 72.982184,19.231102,0 72.982124,19.231221,0 72.982124,19.231221,0 72.982119,19.231232,0 72.98209300000001,19.231283,0 72.98209300000001,19.231373,0 72.982134,19.23153,0 72.982134,19.23153,0 72.982201,19.231646,0 72.982201,19.231646,0 72.98227,19.231693,0 72.98228400000001,19.231702,0 72.98228400000001,19.231702,0 72.98244800000001,19.23178,0 72.98267800000001,19.231834,0 72.98267800000001,19.231834,0 72.98274499999999,19.23188,0 72.98274499999999,19.23188,0 72.98281799999999,19.231982,0 72.98281799999999,19.231982,0 72.982922,19.232063,0 72.982922,19.232063,0 72.982992,19.23212,0 72.983018,19.232142,0 72.983018,19.232142,0 72.983073,19.232168,0 72.983158,19.232186,0 72.98321900000001,19.232207,0 72.983232,19.232238,0 72.983232,19.232238,0 72.983262,19.232333,0 72.983262,19.232333,0 72.983311,19.232368,0 72.983311,19.232368,0 72.98344,19.232421,0 72.98344,19.232421,0 72.983495,19.232446,0 72.983495,19.232446,0 72.983542,19.232479,0 72.983542,19.232479,0 72.98360700000001,19.232554,0 72.98360700000001,19.232554,0 72.983639,19.232627,0 72.983639,19.232627,0 72.983673,19.232698,0 72.983673,19.232698,0 72.98371,19.232784,0 72.98371,19.232784,0 72.98375,19.23286,0 72.98375,19.23286,0 72.98379300000001,19.232936,0 72.98379300000001,19.232936,0 72.983819,19.232955,0 72.983834,19.232965,0 72.983914,19.232983,0 72.984195,19.232988,0 
						</coordinates>
					</LinearRing>
				</outerBoundaryIs>
			</Polygon>
		</Placemark>
	</Document>
	<Document>
		<name>Ward No. 4.kml</name>
		<StyleMap id="m_ylw-pushpin2">
			<Pair>
				<key>normal</key>
				<styleUrl>#s_ylw-pushpin2</styleUrl>
			</Pair>
			<Pair>
				<key>highlight</key>
				<styleUrl>#s_ylw-pushpin_hl2</styleUrl>
			</Pair>
		</StyleMap>
		<Style id="s_ylw-pushpin2">
			<IconStyle>
				<scale>1.1</scale>
				<Icon>
					<href>http://maps.google.com/mapfiles/kml/pushpin/ylw-pushpin.png</href>
				</Icon>
				<hotSpot x="20" y="2" xunits="pixels" yunits="pixels"/>
			</IconStyle>
			<LineStyle>
				<color>ffffff55</color>
				<width>3</width>
			</LineStyle>
			<PolyStyle>
				<fill>0</fill>
			</PolyStyle>
		</Style>
		<Style id="s_ylw-pushpin_hl2">
			<IconStyle>
				<scale>1.3</scale>
				<Icon>
					<href>http://maps.google.com/mapfiles/kml/pushpin/ylw-pushpin.png</href>
				</Icon>
				<hotSpot x="20" y="2" xunits="pixels" yunits="pixels"/>
			</IconStyle>
			<LineStyle>
				<color>ffffff55</color>
				<width>3</width>
			</LineStyle>
			<PolyStyle>
				<fill>0</fill>
			</PolyStyle>
		</Style>
		<Placemark>
			<name>Ward No. 4.kml</name>
			<styleUrl>#m_ylw-pushpin2</styleUrl>
			<Polygon>
				<tessellate>1</tessellate>
				<outerBoundaryIs>
					<LinearRing>
						<coordinates>
							72.97074000000001,19.255916,0 72.970697,19.255943,0 72.970618,19.25597,0 72.970552,19.255982,0 72.970523,19.255987,0 72.970377,19.255997,0 72.970341,19.255998,0 72.970304,19.255998,0 72.97026,19.255993,0 72.970201,19.255982,0 72.970114,19.255954,0 72.97008700000001,19.255945,0 72.970043,19.25593,0 72.96986099999999,19.255871,0 72.969009,19.255643,0 72.968846,19.253263,0 72.96880299999999,19.252338,0 72.968789,19.252342,0 72.968782,19.252341,0 72.96877000000001,19.252327,0 72.968401,19.251532,0 72.968045,19.250867,0 72.968045,19.250866,0 72.967923,19.250639,0 72.967743,19.250551,0 72.96736300000001,19.250329,0 72.967219,19.250225,0 72.96694599999999,19.250027,0 72.96665400000001,19.249851,0 72.966425,19.249666,0 72.966238,19.249311,0 72.96587599999999,19.248132,0 72.969038,19.246643,0 72.969036,19.246641,0 72.96902900000001,19.246638,0 72.96589,19.246407,0 72.96530799999999,19.244974,0 72.96445300000001,19.244477,0 72.964325,19.244403,0 72.964321,19.244401,0 72.96194,19.243022,0 72.961709,19.242888,0 72.961743,19.242879,0 72.96167,19.242859,0 72.961665,19.242825,0 72.960987,19.241209,0 72.96092400000001,19.241048,0 72.960919,19.241035,0 72.96091699999999,19.241031,0 72.960914,19.241023,0 72.960885,19.240952,0 72.960886,19.240947,0 72.960882,19.240928,0 72.960866,19.240836,0 72.960881,19.240833,0 72.96088,19.24083,0 72.959861,19.238248,0 72.95986000000001,19.238245,0 72.959486,19.237297,0 72.958502,19.235131,0 72.958504,19.235131,0 72.962222,19.234208,0 72.962574,19.234121,0 72.964939,19.234154,0 72.965232,19.234158,0 72.965317,19.234125,0 72.965333,19.234078,0 72.96535900000001,19.233761,0 72.96538200000001,19.233651,0 72.965461,19.233493,0 72.96564600000001,19.233526,0 72.965992,19.23356,0 72.96614700000001,19.233565,0 72.96632700000001,19.233537,0 72.966538,19.233475,0 72.966818,19.233379,0 72.96723,19.23324,0 72.96756000000001,19.233087,0 72.96771099999999,19.232988,0 72.967876,19.232776,0 72.96794,19.232694,0 72.96814500000001,19.232367,0 72.968296,19.232115,0 72.968328,19.232064,0 72.968469,19.231794,0 72.9686,19.231591,0 72.968705,19.231471,0 72.96879199999999,19.231438,0 72.969053,19.231565,0 72.96929299999999,19.23173,0 72.96929299999999,19.231727,0 72.96925299999999,19.230964,0 72.96925299999999,19.230964,0 72.969585,19.230911,0 72.97008700000001,19.230821,0 72.97008700000001,19.230819,0 72.97008599999999,19.230797,0 72.970068,19.230586,0 72.97006500000001,19.230548,0 72.970051,19.230035,0 72.970051,19.230026,0 72.97005,19.229962,0 72.970044,19.229809,0 72.97004200000001,19.229741,0 72.97004099999999,19.22971,0 72.970035,19.229502,0 72.970027,19.229462,0 72.97001,19.229374,0 72.969998,19.229314,0 72.969956,19.229093,0 72.969916,19.228943,0 72.96991300000001,19.22893,0 72.969847,19.228772,0 72.969764,19.22858,0 72.969667,19.228348,0 72.969662,19.228329,0 72.969652,19.228282,0 72.969613,19.22811,0 72.969613,19.228109,0 72.969627,19.228063,0 72.969714,19.227834,0 72.969758,19.227694,0 72.969782,19.227625,0 72.96986200000001,19.22739,0 72.969903,19.227225,0 72.96995800000001,19.226951,0 72.970006,19.226689,0 72.970021,19.22658,0 72.970021,19.226577,0 72.970023,19.226561,0 72.970029,19.22652,0 72.970038,19.226318,0 72.970038,19.226317,0 72.970037,19.226287,0 72.970033,19.226048,0 72.970033,19.226024,0 72.97002000000001,19.225887,0 72.970011,19.225795,0 72.970005,19.225741,0 72.969967,19.22553,0 72.96992899999999,19.225354,0 72.96991,19.225257,0 72.969885,19.225124,0 72.969885,19.225124,0 72.969858,19.22498,0 72.969814,19.224749,0 72.96979899999999,19.224653,0 72.969795,19.224624,0 72.969791,19.224598,0 72.969786,19.224423,0 72.969787,19.224423,0 72.96978799999999,19.224409,0 72.969793,19.224354,0 72.969807,19.224273,0 72.969819,19.224209,0 72.96984500000001,19.224048,0 72.96984999999999,19.223971,0 72.969852,19.223854,0 72.969857,19.223638,0 72.969857,19.223635,0 72.969859,19.223415,0 72.969859,19.223412,0 72.96986,19.223316,0 72.96986,19.223313,0 72.96986,19.223258,0 72.969853,19.222965,0 72.969853,19.222964,0 72.969857,19.222873,0 72.969857,19.222859,0 72.969863,19.222732,0 72.969863,19.222726,0 72.969864,19.222719,0 72.969866,19.222689,0 72.96986800000001,19.222651,0 72.96987,19.222631,0 72.96987,19.22263,0 72.96987,19.222628,0 72.96987,19.222628,0 72.96987,19.222628,0 72.969869,19.222628,0 72.969872,19.222554,0 72.969872,19.222554,0 72.96987300000001,19.222553,0 72.96987300000001,19.222553,0 72.969836,19.222233,0 72.96983299999999,19.22221,0 72.96983400000001,19.222209,0 72.96994599999999,19.221595,0 72.970063,19.22128,0 72.970232,19.220822,0 72.97026200000001,19.220714,0 72.970365,19.22035,0 72.970364,19.220349,0 72.970281,19.220051,0 72.97018300000001,19.21975,0 72.97012100000001,19.219563,0 72.97001899999999,19.219068,0 72.96999099999999,19.218803,0 72.969964,19.218543,0 72.969931,19.218378,0 72.969931,19.218378,0 72.970204,19.218222,0 72.97030599999999,19.218154,0 72.970314,19.218149,0 72.970313,19.218147,0 72.970308,19.21814,0 72.970309,19.218139,0 72.970315,19.218134,0 72.970499,19.218021,0 72.97068,19.217889,0 72.970815,19.21776,0 72.97090300000001,19.217677,0 72.970912,19.217682,0 72.971012,19.217581,0 72.971064,19.217516,0 72.97108799999999,19.217486,0 72.971099,19.217469,0 72.97112300000001,19.217431,0 72.971138,19.217404,0 72.97171899999999,19.217535,0 72.97247,19.217675,0 72.972494,19.217679,0 72.972679,19.217713,0 72.972775,19.217731,0 72.972925,19.217759,0 72.973016,19.217776,0 72.97322200000001,19.217814,0 72.973412,19.21785,0 72.97378,19.217921,0 72.973781,19.217915,0 72.97454,19.218069,0 72.974654,19.218092,0 72.974763,19.218108,0 72.974952,19.218145,0 72.975838,19.218315,0 72.975893,19.218326,0 72.975897,19.218327,0 72.97604800000001,19.218356,0 72.976761,19.218497,0 72.97676199999999,19.218497,0 72.976806,19.218506,0 72.976806,19.218506,0 72.977374,19.218613,0 72.977588,19.218653,0 72.977591,19.218653,0 72.978066,19.21873,0 72.978066,19.21873,0 72.978067,19.21873,0 72.978067,19.21873,0 72.978027,19.219086,0 72.97797199999999,19.219486,0 72.97791700000001,19.219947,0 72.977853,19.22042,0 72.97780899999999,19.220775,0 72.977763,19.221122,0 72.97771899999999,19.221473,0 72.97768499999999,19.221776,0 72.977639,19.22212,0 72.97760100000001,19.222438,0 72.977569,19.222743,0 72.977569,19.222748,0 72.97750499999999,19.22298,0 72.97748799999999,19.223156,0 72.977475,19.223307,0 72.977474,19.223321,0 72.97743,19.223786,0 72.977429,19.223792,0 72.977412,19.223939,0 72.97737100000001,19.224281,0 72.977345,19.22449,0 72.97733599999999,19.224569,0 72.977276,19.225051,0 72.97727399999999,19.225097,0 72.977268,19.225197,0 72.977253,19.225313,0 72.977237,19.225442,0 72.977223,19.225553,0 72.977205,19.225745,0 72.97718,19.226004,0 72.977148,19.226306,0 72.97711700000001,19.226573,0 72.977098,19.226746,0 72.97709,19.226815,0 72.977075,19.226947,0 72.97703199999999,19.227319,0 72.977012,19.227434,0 72.976996,19.227541,0 72.976979,19.227687,0 72.976962,19.227803,0 72.97695400000001,19.227962,0 72.976945,19.228037,0 72.976924,19.228213,0 72.976895,19.22845,0 72.97689099999999,19.228483,0 72.976877,19.228596,0 72.976856,19.228763,0 72.976838,19.228923,0 72.976822,19.229053,0 72.97680200000001,19.229223,0 72.976782,19.229383,0 72.97678000000001,19.229396,0 72.976769,19.229496,0 72.97676199999999,19.229601,0 72.976752,19.229671,0 72.97672799999999,19.229881,0 72.976704,19.230076,0 72.97668,19.230279,0 72.976647,19.230537,0 72.976635,19.23064,0 72.97662699999999,19.230702,0 72.976614,19.23082,0 72.976572,19.231186,0 72.976552,19.231349,0 72.97655399999999,19.231464,0 72.976546,19.23153,0 72.976528,19.231703,0 72.976482,19.232084,0 72.97646,19.232295,0 72.976455,19.232332,0 72.976427,19.232563,0 72.976382,19.232969,0 72.97636300000001,19.233108,0 72.976336,19.233314,0 72.97630599999999,19.233572,0 72.976305,19.233578,0 72.97627300000001,19.233809,0 72.976253,19.233973,0 72.976238,19.234091,0 72.97623299999999,19.234124,0 72.97618199999999,19.234503,0 72.976147,19.234799,0 72.976142,19.234838,0 72.976125,19.23495,0 72.976112,19.235063,0 72.97609,19.23524,0 72.976078,19.235342,0 72.976057,19.235508,0 72.976052,19.235551,0 72.976024,19.235763,0 72.976007,19.235884,0 72.97599700000001,19.236017,0 72.97597399999999,19.236309,0 72.975945,19.236539,0 72.975927,19.236698,0 72.97591,19.236825,0 72.97590099999999,19.236907,0 72.97588500000001,19.237047,0 72.97586099999999,19.23727,0 72.97586,19.23728,0 72.97583899999999,19.237458,0 72.975821,19.237618,0 72.97581700000001,19.237651,0 72.975808,19.237719,0 72.97578900000001,19.23788,0 72.97577699999999,19.237976,0 72.975752,19.238171,0 72.97575000000001,19.238187,0 72.97573199999999,19.238341,0 72.975729,19.238388,0 72.975722,19.238447,0 72.975712,19.238522,0 72.975697,19.238633,0 72.97568800000001,19.2387,0 72.975679,19.238777,0 72.975663,19.238913,0 72.975658,19.238988,0 72.975652,19.239048,0 72.975641,19.239157,0 72.975632,19.239309,0 72.975622,19.239452,0 72.975618,19.239514,0 72.975611,19.239679,0 72.975606,19.23979,0 72.975605,19.239894,0 72.97560199999999,19.239984,0 72.97559800000001,19.240165,0 72.975593,19.240258,0 72.975594,19.240324,0 72.97559800000001,19.240358,0 72.975604,19.240432,0 72.975613,19.240534,0 72.97563,19.240663,0 72.97565899999999,19.240893,0 72.9757,19.241223,0 72.97573300000001,19.241466,0 72.97582800000001,19.2419,0 72.97583299999999,19.24192,0 72.97584000000001,19.242007,0 72.975847,19.242146,0 72.975854,19.24226,0 72.97586,19.242347,0 72.975863,19.242469,0 72.975864,19.242547,0 72.975864,19.242648,0 72.975863,19.242861,0 72.97586200000001,19.242971,0 72.97586099999999,19.243018,0 72.975858,19.243233,0 72.975853,19.243508,0 72.975847,19.243757,0 72.97586099999999,19.243855,0 72.97586099999999,19.243912,0 72.97586099999999,19.244047,0 72.97585100000001,19.244337,0 72.975844,19.244532,0 72.975835,19.244711,0 72.975825,19.244925,0 72.975818,19.245166,0 72.97581099999999,19.245461,0 72.975803,19.245593,0 72.97578900000001,19.245873,0 72.97578,19.24603,0 72.97577,19.246176,0 72.975758,19.246295,0 72.97573800000001,19.246608,0 72.97573199999999,19.246697,0 72.975639,19.247049,0 72.975622,19.247087,0 72.97553600000001,19.247275,0 72.975461,19.247447,0 72.975286,19.247723,0 72.974773,19.24852,0 72.97472999999999,19.248588,0 72.974683,19.248656,0 72.974648,19.248709,0 72.974603,19.248777,0 72.974535,19.248878,0 72.974485,19.248952,0 72.974418,19.249049,0 72.974317,19.2492,0 72.97413400000001,19.249468,0 72.97409,19.249532,0 72.974056,19.249581,0 72.973956,19.249732,0 72.97389,19.249838,0 72.97388599999999,19.249845,0 72.97388599999999,19.249846,0 72.973878,19.24986,0 72.973753,19.250085,0 72.97372900000001,19.250129,0 72.97361600000001,19.250332,0 72.97344699999999,19.25059,0 72.973392,19.250664,0 72.97337,19.250698,0 72.97335,19.25073,0 72.973015,19.251268,0 72.972881,19.251589,0 72.972477,19.252552,0 72.97246,19.252598,0 72.972424,19.252695,0 72.972375,19.25283,0 72.97229299999999,19.253036,0 72.972257,19.253127,0 72.972133,19.25344,0 72.972109,19.253506,0 72.972071,19.253609,0 72.972041,19.253683,0 72.97195000000001,19.253909,0 72.971869,19.254109,0 72.971744,19.254415,0 72.971732,19.254446,0 72.971642,19.254668,0 72.97142700000001,19.255199,0 72.97142100000001,19.255215,0 72.971378,19.255324,0 72.971244,19.255664,0 72.971152,19.25591,0 72.971132,19.255965,0 72.97111700000001,19.256003,0 72.970938,19.255943,0 72.97090300000001,19.255931,0 72.9708,19.255911,0 72.97076199999999,19.255911,0 72.97074000000001,19.255916,0 
						</coordinates>
					</LinearRing>
				</outerBoundaryIs>
			</Polygon>
		</Placemark>
	</Document>
	<Document>
		<name>Ward No. 5.kml</name>
		<StyleMap id="m_ylw-pushpin3">
			<Pair>
				<key>normal</key>
				<styleUrl>#s_ylw-pushpin3</styleUrl>
			</Pair>
			<Pair>
				<key>highlight</key>
				<styleUrl>#s_ylw-pushpin_hl3</styleUrl>
			</Pair>
		</StyleMap>
		<Style id="s_ylw-pushpin3">
			<IconStyle>
				<scale>1.1</scale>
				<Icon>
					<href>http://maps.google.com/mapfiles/kml/pushpin/ylw-pushpin.png</href>
				</Icon>
				<hotSpot x="20" y="2" xunits="pixels" yunits="pixels"/>
			</IconStyle>
			<LineStyle>
				<color>ffffff55</color>
				<width>3</width>
			</LineStyle>
			<PolyStyle>
				<fill>0</fill>
			</PolyStyle>
		</Style>
		<Style id="s_ylw-pushpin_hl3">
			<IconStyle>
				<scale>1.3</scale>
				<Icon>
					<href>http://maps.google.com/mapfiles/kml/pushpin/ylw-pushpin.png</href>
				</Icon>
				<hotSpot x="20" y="2" xunits="pixels" yunits="pixels"/>
			</IconStyle>
			<LineStyle>
				<color>ffffff55</color>
				<width>3</width>
			</LineStyle>
			<PolyStyle>
				<fill>0</fill>
			</PolyStyle>
		</Style>
		<Placemark>
			<name>Ward No. 5.kml</name>
			<styleUrl>#m_ylw-pushpin3</styleUrl>
			<Polygon>
				<tessellate>1</tessellate>
				<outerBoundaryIs>
					<LinearRing>
						<coordinates>
							72.96996405927921,19.21854300435187,0 72.96999073882904,19.21880076593477,0 72.9700188270253,19.21906748304523,0 72.97012104182112,19.21956337027998,0 72.97018371091525,19.21975261270415,0 72.97028018047604,19.22004864337666,0 72.97036397613344,19.22034896519866,0 72.97036505519738,19.22034998500004,0 72.97026260132085,19.22071156731213,0 72.97023188573496,19.22082245973408,0 72.97006377984545,19.22127744427,0 72.97003136204808,19.22136480061215,0 72.96994590517926,19.22159541382726,0 72.96986412755868,19.22204323528981,0 72.96983401824198,19.22220889039761,0 72.96983299167474,19.22221007201302,0 72.9698356865733,19.22222989502261,0 72.96987279792873,19.22255068349167,0 72.96987300000001,19.222553,0 72.969872,19.222554,0 72.96986900098713,19.2226278171843,0 72.96987002168662,19.2226280552327,0 72.96986993472038,19.22263132922967,0 72.96986782050058,19.22265276766757,0 72.96986618297636,19.22268614639179,0 72.96986424622328,19.22271594358578,0 72.9698640111706,19.22271916582915,0 72.96986297029267,19.22272620323252,0 72.969863,19.222729,0 72.96985698827682,19.22285606041229,0 72.969857,19.22287,0 72.969853,19.222962,0 72.969853,19.222964,0 72.96986,19.223255,0 72.96986,19.223258,0 72.96986,19.223313,0 72.96986,19.223316,0 72.969859,19.223412,0 72.969859,19.223415,0 72.969857,19.223635,0 72.969852,19.223851,0 72.96984999999999,19.223968,0 72.96984500378284,19.22404849562241,0 72.96981940666599,19.22420621016393,0 72.96980736958426,19.22427078260946,0 72.96979279541785,19.22435489715943,0 72.96978795625226,19.22440874325097,0 72.96978706078858,19.22442310707965,0 72.96978606423738,19.22442291802812,0 72.969791,19.224595,0 72.969795,19.224621,0 72.96979899999999,19.22465,0 72.969814,19.224747,0 72.969858,19.224977,0 72.969885,19.225121,0 72.969885,19.225121,0 72.96991,19.225254,0 72.96992899999999,19.225351,0 72.969967,19.225528,0 72.970005,19.225739,0 72.970011,19.225792,0 72.97002000000001,19.225885,0 72.970033,19.226021,0 72.970033,19.226045,0 72.970037,19.226284,0 72.970038,19.226316,0 72.970038,19.226317,0 72.970029,19.226517,0 72.970023,19.226558,0 72.970021,19.226574,0 72.970021,19.226577,0 72.970006,19.226687,0 72.96995800000001,19.226948,0 72.969903,19.227222,0 72.96986200000001,19.227387,0 72.969782,19.227622,0 72.96976058788303,19.22768721494525,0 72.96975570548912,19.22770115764213,0 72.96971441347102,19.22783231520391,0 72.96962799537631,19.22806088647237,0 72.96961330398547,19.2281073484055,0 72.969613,19.228109,0 72.9696619767559,19.22832800971042,0 72.96966710908889,19.2283477690014,0 72.96969105522888,19.22840516848049,0 72.96976269249168,19.22857753966088,0 72.96984680125094,19.22877228213932,0 72.96991249306035,19.22892875093914,0 72.96991593621513,19.22894266318914,0 72.96995585275869,19.2290924889021,0 72.96998137791665,19.22922686825986,0 72.9699975814902,19.22931202953326,0 72.97001125676904,19.22938086538956,0 72.970027,19.229462,0 72.97003492767635,19.22950183890274,0 72.9700408493344,19.2297098332871,0 72.9700442163476,19.22981589058486,0 72.97005002675205,19.22996671962639,0 72.970051,19.230032,0 72.97006500000001,19.230545,0 72.970068,19.230583,0 72.97008599999999,19.230794,0 72.9700872224676,19.2308182713157,0 72.97008722981222,19.23082100070266,0 72.96958706140565,19.23091047429109,0 72.96925299999999,19.230964,0 72.96929315008043,19.23173051869838,0 72.96905328232579,19.23156507566254,0 72.96879197439665,19.23143802451022,0 72.96870498487637,19.23147106485983,0 72.96860029344418,19.23159050598663,0 72.96846882999786,19.23179416173176,0 72.96832811485854,19.23206369841501,0 72.96829638555363,19.23211476126984,0 72.96814592027405,19.23236556469977,0 72.96794027304956,19.23269393659957,0 72.96787592496135,19.23277607275268,0 72.96771071207547,19.23298849216908,0 72.96765359300812,19.23302561976578,0 72.96756033263543,19.23308695575588,0 72.96722973401769,19.23324010108296,0 72.96681805390827,19.23337899832546,0 72.96653773854055,19.23347531876289,0 72.96632618893932,19.23353731218998,0 72.96614700781485,19.23356502013599,0 72.96598452859796,19.23355968199932,0 72.96565529164204,19.23352703084126,0 72.96564340299079,19.23352548944047,0 72.96546094982216,19.23349308016807,0 72.96538214855042,19.23365074261729,0 72.96535900736203,19.23376091787432,0 72.96533298161337,19.23407812678977,0 72.96531686437299,19.23412517713421,0 72.96523110804178,19.23415823240226,0 72.96493393293629,19.23415380690566,0 72.96429166986916,19.23414528185953,0 72.96308202654944,19.23412800148612,0 72.96257465178712,19.23412108104782,0 72.96222122954859,19.23420812380018,0 72.95850173442653,19.23513139700021,0 72.95948558308069,19.23729541729232,0 72.95986052805588,19.23824553336017,0 72.96088101933499,19.24083297639268,0 72.96086175217332,19.24083688286428,0 72.955856,19.241875,0 72.955354,19.242438,0 72.955057,19.242594,0 72.95421399999999,19.243022,0 72.953827,19.24308,0 72.95359000000001,19.243146,0 72.953435,19.243143,0 72.953306,19.243142,0 72.95309,19.243129,0 72.952966,19.243136,0 72.95281199999999,19.243144,0 72.952596,19.243117,0 72.952259,19.243175,0 72.95193,19.243309,0 72.95178199999999,19.243422,0 72.951654,19.24347,0 72.95157500000001,19.243505,0 72.951534,19.243559,0 72.95149600000001,19.243669,0 72.951413,19.243791,0 72.951319,19.243905,0 72.951228,19.244116,0 72.951144,19.244251,0 72.951138,19.24426,0 72.951116,19.244267,0 72.951095,19.244272,0 72.951027,19.244275,0 72.950958,19.244286,0 72.95089400000001,19.244306,0 72.95081399999999,19.24434,0 72.95075300000001,19.244354,0 72.950699,19.244378,0 72.95060599999999,19.24443,0 72.950547,19.244489,0 72.95053,19.244495,0 72.95049400000001,19.244494,0 72.950434,19.244491,0 72.95040299999999,19.244499,0 72.950401,19.244499,0 72.95035799999999,19.244524,0 72.950306,19.244541,0 72.950267,19.244543,0 72.95021800000001,19.244532,0 72.950187,19.244527,0 72.95013299999999,19.244519,0 72.95005999999999,19.244517,0 72.949926,19.244527,0 72.949881,19.244538,0 72.94977,19.244601,0 72.949591,19.244679,0 72.949512,19.244713,0 72.94943600000001,19.244766,0 72.94933899999999,19.244884,0 72.949297,19.244924,0 72.949196,19.244979,0 72.94910299999999,19.245017,0 72.949043,19.245115,0 72.94901299999999,19.245216,0 72.94899700000001,19.245397,0 72.94894600000001,19.245505,0 72.94867499999999,19.245725,0 72.94816400000001,19.245968,0 72.947875,19.24631,0 72.947874,19.24631,0 72.948036,19.247318,0 72.947757,19.248396,0 72.947739,19.249198,0 72.947636,19.25397,0 72.94734099999999,19.254652,0 72.94714,19.254885,0 72.945623,19.255895,0 72.94476,19.257367,0 72.94429100000001,19.257723,0 72.942064,19.259414,0 72.93922000000001,19.25958,0 72.937512,19.258567,0 72.936066,19.263192,0 72.936581,19.267432,0 72.935599,19.267955,0 72.93558899999999,19.268005,0 72.934466,19.268655,0 72.932079,19.268378,0 72.92846400000001,19.269085,0 72.925437,19.268354,0 72.924031,19.263124,0 72.922304,19.260739,0 72.919669,19.260645,0 72.917838,19.258943,0 72.91662100000001,19.257479,0 72.916318,19.256434,0 72.914525,19.251365,0 72.915571,19.248389,0 72.91556,19.248002,0 72.915413,19.247553,0 72.91455499999999,19.246351,0 72.91371100000001,19.245069,0 72.912712,19.243585,0 72.912053,19.242457,0 72.911241,19.241189,0 72.91022700000001,19.241166,0 72.91148200000001,19.23882,0 72.913043,19.236151,0 72.915508,19.23261,0 72.91668199999999,19.230234,0 72.916999,19.229571,0 72.917654,19.22704,0 72.917846,19.226234,0 72.918488,19.223833,0 72.918823,19.222439,0 72.918834,19.222384,0 72.919223,19.220406,0 72.91941,19.219506,0 72.91971100000001,19.218062,0 72.923075,19.215711,0 72.927421,19.211426,0 72.928877,19.210028,0 72.929463,19.209411,0 72.930742,19.208176,0 72.931127,19.207754,0 72.93215499999999,19.206771,0 72.932569,19.206336,0 72.932946,19.205987,0 72.933921,19.205985,0 72.935517,19.205858,0 72.937907,19.20913,0 72.93824499999999,19.209641,0 72.938311,19.210351,0 72.938469,19.211007,0 72.93994600000001,19.213502,0 72.94009192061739,19.21375113630259,0 72.94050016060027,19.21405159944803,0 72.94097687026554,19.21440097152771,0 72.94099286715604,19.21444463088471,0 72.94117925452382,19.214966166597,0 72.94197032882498,19.21607954228617,0 72.94210999925753,19.21624197905064,0 72.942104,19.216283,0 72.942773,19.217083,0 72.942841,19.21712,0 72.943597,19.217752,0 72.944624,19.218545,0 72.944703,19.218627,0 72.944941,19.218818,0 72.94533699999999,19.219137,0 72.94694800000001,19.220349,0 72.947281,19.220636,0 72.94711700000001,19.221353,0 72.94703199999999,19.221756,0 72.947272,19.221757,0 72.948336,19.221856,0 72.94835,19.221857,0 72.948381,19.22186,0 72.94861400000001,19.22205,0 72.948959,19.222294,0 72.94939100000001,19.22257,0 72.94959,19.22272,0 72.949634,19.222753,0 72.949912,19.222962,0 72.94992000000001,19.222968,0 72.949924,19.222971,0 72.950121,19.222746,0 72.950266,19.222596,0 72.95041500000001,19.222488,0 72.950721,19.222474,0 72.950952,19.222448,0 72.95105,19.222391,0 72.951187,19.222287,0 72.95130399999999,19.222224,0 72.951487,19.222209,0 72.951723,19.222253,0 72.951858,19.222247,0 72.95192299999999,19.222195,0 72.95196799999999,19.222091,0 72.951981,19.22199,0 72.951965,19.22187,0 72.95189999999999,19.221776,0 72.95183,19.221729,0 72.951733,19.221711,0 72.95146200000001,19.221822,0 72.951156,19.221828,0 72.951037,19.221836,0 72.950975,19.221816,0 72.95097,19.221748,0 72.95100100000001,19.221704,0 72.951212,19.221571,0 72.951381,19.22145,0 72.95149600000001,19.221288,0 72.951571,19.221111,0 72.95158499999999,19.220933,0 72.95151799999999,19.22088,0 72.95142,19.220895,0 72.95132700000001,19.220941,0 72.951261,19.220942,0 72.951063,19.220726,0 72.95107299999999,19.220552,0 72.95111300000001,19.220477,0 72.951481,19.220233,0 72.95157500000001,19.220125,0 72.951679,19.219948,0 72.95174898230204,19.21980506068087,0 72.95175011339596,19.21980480926225,0 72.95176008066559,19.21978393218934,0 72.95182805773408,19.21968573598019,0 72.95187009304207,19.21957788690864,0 72.95188803516081,19.21947014493506,0 72.9518820720713,19.21944500751557,0 72.95184140538379,19.21937569009546,0 72.95180412537418,19.21932409765804,0 72.95174395773745,19.2192820689876,0 72.95171289340513,19.21925689497891,0 72.95157710384773,19.21913909450635,0 72.95157312289898,19.21913514434835,0 72.9515719015648,19.21913271970433,0 72.95154701410523,19.2190549510874,0 72.95158501683363,19.21901089971666,0 72.95161794326178,19.21898688443167,0 72.95170739151543,19.21892167922399,0 72.95181401655697,19.21882983614354,0 72.95188229490896,19.21878371205272,0 72.95197594160256,19.21875800979283,0 72.95212522790634,19.21874902235719,0 72.95225779071163,19.21876511264274,0 72.95229759978564,19.2187719771299,0 72.95243990879864,19.2187967786817,0 72.95255977345504,19.21882621933945,0 72.95265576329795,19.2188441770972,0 72.95266298449106,19.21883128014774,0 72.95269979202304,19.21877732386961,0 72.95272792349247,19.21873908710981,0 72.95284945751092,19.21861543034193,0 72.95300565216583,19.21845875569555,0 72.95313420449868,19.21832992491079,0 72.95324761402904,19.21821358119153,0 72.9532513420334,19.21821065154345,0 72.95331301729462,19.21814713841792,0 72.95341173721931,19.21803674627521,0 72.95350054235968,19.21793904340922,0 72.95356304969158,19.21786884974374,0 72.95366796667996,19.21775181620729,0 72.95371399021791,19.21771247672806,0 72.95375646348673,19.21767576636645,0 72.95383693036769,19.21761314974808,0 72.95386189044892,19.21759773841762,0 72.95395358489024,19.2175414997715,0 72.95397309901452,19.21752970774916,0 72.95406577466844,19.21747930785752,0 72.95416249096172,19.21742388103188,0 72.95423554216309,19.21738144823792,0 72.95431502637913,19.21734038965178,0 72.95434242792567,19.21732328691244,0 72.95436961110182,19.21730752282228,0 72.95442352955466,19.21726859715629,0 72.95450074252466,19.21719607655331,0 72.95455604296004,19.21712697054692,0 72.95461252095592,19.21703394094263,0 72.95462243313034,19.21701623254797,0 72.9546911005144,19.21689677724742,0 72.95471102830388,19.21686636054335,0 72.95479357822076,19.21674780404762,0 72.95486634068332,19.21664491776944,0 72.95492754911881,19.21657944892422,0 72.95498120678194,19.21652968092391,0 72.95505315087918,19.21648175305845,0 72.95512055800529,19.21644161973888,0 72.95521631036671,19.21639297987597,0 72.95531492983544,19.21635294134671,0 72.9554582620473,19.21630733784679,0 72.95567032816052,19.21624023579735,0 72.95581457808015,19.21618310108681,0 72.95594646058618,19.21612838125199,0 72.9559795449975,19.21611025619652,0 72.95608172898335,19.21604232277025,0 72.95615061614772,19.21596169114585,0 72.9561959520624,19.21591607045703,0 72.95625816463694,19.21586094094119,0 72.95628006785736,19.21584092315197,0 72.95635566599267,19.21576329630264,0 72.95643598368248,19.21566884631687,0 72.95646635280364,19.21563403882162,0 72.95648995101794,19.21560854358178,0 72.95657546568911,19.21551848944386,0 72.95665705465603,19.21545058687306,0 72.95669038329133,19.21542238644905,0 72.95676992568687,19.21537408781156,0 72.95689470005739,19.21531430200994,0 72.957010565613,19.2152736800633,0 72.95714804717518,19.21522513746396,0 72.95716385718728,19.21521874152481,0 72.95740076082332,19.21513547984648,0 72.95761721943666,19.21506904050174,0 72.95772069227522,19.21503705267451,0 72.95777242953214,19.21502054812365,0 72.95795751277872,19.21497049156783,0 72.95804300585954,19.21494674578348,0 72.95805406415818,19.21494480439359,0 72.95813800611225,19.21493499405181,0 72.958156,19.214996,0 72.95816000000001,19.215008,0 72.95818300000001,19.215085,0 72.958191,19.215119,0 72.958224,19.21526,0 72.958251,19.215376,0 72.95827199999999,19.215452,0 72.958366,19.215791,0 72.958426,19.216009,0 72.958448,19.216089,0 72.95846899999999,19.216163,0 72.958517,19.216302,0 72.958555,19.216412,0 72.958619,19.21655,0 72.958698,19.216723,0 72.958742,19.216819,0 72.95893599999999,19.217242,0 72.958945,19.217262,0 72.95896399999999,19.217302,0 72.958994,19.217358,0 72.959005,19.217387,0 72.959087,19.217601,0 72.959154,19.217777,0 72.959279,19.218078,0 72.959369,19.218285,0 72.959446,19.218458,0 72.959603,19.218817,0 72.959642,19.218907,0 72.95969100000001,19.219017,0 72.959761,19.219189,0 72.959785,19.219247,0 72.95983,19.219356,0 72.95993199999999,19.219599,0 72.959957,19.219656,0 72.96000600000001,19.219771,0 72.960043,19.219859,0 72.96014700000001,19.220105,0 72.96021500000001,19.220258,0 72.960365,19.220595,0 72.960449,19.220776,0 72.960487,19.22086,0 72.960533,19.22096,0 72.960553,19.220988,0 72.961219,19.220656,0 72.961315,19.220611,0 72.96153700000001,19.22051,0 72.96157700000001,19.220493,0 72.961876,19.220363,0 72.96221799999999,19.220229,0 72.962328,19.220191,0 72.96262299999999,19.220089,0 72.96263399999999,19.220086,0 72.96271400000001,19.220062,0 72.962954,19.219992,0 72.96322499999999,19.219933,0 72.963542,19.21988,0 72.963689,19.219855,0 72.963711,19.219852,0 72.963728,19.219849,0 72.964291,19.219759,0 72.96435200000001,19.219748,0 72.96458699999999,19.219707,0 72.96469,19.219686,0 72.964759,19.219673,0 72.96477299999999,19.21967,0 72.96529,19.219562,0 72.96545,19.219525,0 72.96561,19.219488,0 72.965829,19.219437,0 72.965963,19.219406,0 72.965992,19.219401,0 72.966072,19.219387,0 72.96636100000001,19.219334,0 72.96681700000001,19.219256,0 72.96681599999999,19.219256,0 72.966885,19.219244,0 72.966922,19.219238,0 72.967463,19.219126,0 72.96749800000001,19.219117,0 72.967843,19.219033,0 72.96879300000001,19.218778,0 72.96914099999999,19.218687,0 72.96927599999999,19.218645,0 72.969362,19.218611,0 72.969481,19.218564,0 72.969928,19.218379,0 72.969931,19.218378,0 72.969931,19.218378,0 72.969931,19.218378,0 72.96996405927921,19.21854300435187,0 
						</coordinates>
					</LinearRing>
				</outerBoundaryIs>
			</Polygon>
		</Placemark>
	</Document>
	<Document>
		<name>Ward No. 6.kml</name>
		<StyleMap id="m_ylw-pushpin4">
			<Pair>
				<key>normal</key>
				<styleUrl>#s_ylw-pushpin4</styleUrl>
			</Pair>
			<Pair>
				<key>highlight</key>
				<styleUrl>#s_ylw-pushpin_hl4</styleUrl>
			</Pair>
		</StyleMap>
		<Style id="s_ylw-pushpin4">
			<IconStyle>
				<scale>1.1</scale>
				<Icon>
					<href>http://maps.google.com/mapfiles/kml/pushpin/ylw-pushpin.png</href>
				</Icon>
				<hotSpot x="20" y="2" xunits="pixels" yunits="pixels"/>
			</IconStyle>
			<LineStyle>
				<color>ffffff55</color>
				<width>3</width>
			</LineStyle>
			<PolyStyle>
				<fill>0</fill>
			</PolyStyle>
		</Style>
		<Style id="s_ylw-pushpin_hl4">
			<IconStyle>
				<scale>1.3</scale>
				<Icon>
					<href>http://maps.google.com/mapfiles/kml/pushpin/ylw-pushpin.png</href>
				</Icon>
				<hotSpot x="20" y="2" xunits="pixels" yunits="pixels"/>
			</IconStyle>
			<LineStyle>
				<color>ffffff55</color>
				<width>3</width>
			</LineStyle>
			<PolyStyle>
				<fill>0</fill>
			</PolyStyle>
		</Style>
		<Placemark>
			<name>Ward No. 6.kml</name>
			<styleUrl>#m_ylw-pushpin4</styleUrl>
			<Polygon>
				<tessellate>1</tessellate>
				<outerBoundaryIs>
					<LinearRing>
						<coordinates>
							72.94654324614785,19.21209999841732,0 72.94649085274959,19.21197792216687,0 72.9464081350482,19.21178128844978,0 72.9462700319163,19.21109806507123,0 72.94657102380846,19.21105611537487,0 72.94657203986958,19.21105902188381,0 72.94660081683199,19.21105232885723,0 72.94671787250917,19.21101915416099,0 72.94675187602338,19.21090806923003,0 72.94742852272991,19.21077740145148,0 72.94764786701565,19.21073471297548,0 72.94779380380558,19.21069600684733,0 72.94790357853653,19.21065910696752,0 72.94798801268983,19.21061596844321,0 72.94803997725451,19.21055911474451,0 72.9481074811082,19.21052623087747,0 72.94819377219729,19.2105020522039,0 72.94844149299948,19.21045431738634,0 72.94845363032707,19.21045204938576,0 72.94848537737732,19.21044499563787,0 72.94853792507146,19.21042299803774,0 72.94860795495065,19.21039395030172,0 72.9487373985278,19.2103243742159,0 72.94882631941961,19.21026211520746,0 72.94886196784024,19.21023616026436,0 72.94900294393486,19.21016005548677,0 72.94905290391934,19.21011725071232,0 72.9491002758873,19.21003950923472,0 72.94912353427156,19.20998443212045,0 72.94913986467239,19.20994210314431,0 72.9491867686437,19.20982730426318,0 72.94921912414688,19.20977189268924,0 72.94926806098145,19.20972688197254,0 72.94939296647277,19.20965400920996,0 72.94955033070957,19.20972008386924,0 72.94966318123976,19.20974577933526,0 72.94985341117595,19.20976781830745,0 72.95004702364029,19.20977725935925,0 72.95022631944198,19.20980138537078,0 72.95039254915015,19.2098432206171,0 72.95046980144534,19.20985180245427,0 72.9507343106573,19.2098736224396,0 72.95092654458679,19.20991811542756,0 72.95122841702947,19.21003293294422,0 72.95134035631767,19.21006234424458,0 72.95153951814765,19.2100817074269,0 72.9519828007202,19.2100957069126,0 72.95199075339178,19.21009460066722,0 72.95210643872502,19.21008187043592,0 72.95231810915304,19.21006812954481,0 72.95250426270773,19.21008055581085,0 72.95257211378087,19.21008466792753,0 72.95263037328164,19.2100872498422,0 72.95266970753686,19.2100896492006,0 72.9526786605107,19.21009000139084,0 72.95273753112183,19.21009001696,0 72.95293410069738,19.21005602198368,0 72.9530584453218,19.2100359328349,0 72.95326885863565,19.21003903517832,0 72.95338623943816,19.2100521110259,0 72.95342259841463,19.21007559993123,0 72.95342477615741,19.21007676269545,0 72.95345316501546,19.21013396346181,0 72.95350475494678,19.21012699724024,0 72.9535430911609,19.21012103795486,0 72.95368013066584,19.21005992601124,0 72.95372434978678,19.21002226404317,0 72.95383096204191,19.2099229717662,0 72.95384779433132,19.20991562974749,0 72.95387208546997,19.2099069551312,0 72.95389904208413,19.20990497716799,0 72.95393801138655,19.2098979984065,0 72.95396011247234,19.20989404125576,0 72.95400141951571,19.20989798178158,0 72.95415014205517,19.20991318334555,0 72.95427430888914,19.20992596426492,0 72.95443000329485,19.20993259481703,0 72.9544361111146,19.20993301931615,0 72.95446013860708,19.20992913741215,0 72.95460106891636,19.2099056727468,0 72.95463931734209,19.20989611065462,0 72.95481201766644,19.20985487493516,0 72.95482014497124,19.20989506761154,0 72.95483863662976,19.20989000897733,0 72.95498036412467,19.20985856229841,0 72.95513707118425,19.20982396662665,0 72.95523653987226,19.2098132551944,0 72.95526830767015,19.20980995203108,0 72.95538650538344,19.20982433475501,0 72.95555031766537,19.209851127009,0 72.95575486526432,19.20984793848229,0 72.95598852321115,19.20981910746465,0 72.95628746484665,19.20979084434136,0 72.95668752159676,19.20981470112942,0 72.95675928827153,19.20982453663677,0 72.95668042613815,19.20994071860497,0 72.95642166490886,19.21030789332237,0 72.95624769683937,19.21055478181415,0 72.9560587542103,19.21082268773541,0 72.95594350875163,19.21098659573216,0 72.95583265159945,19.21114469648435,0 72.95575272904712,19.21126521482969,0 72.95587773132682,19.21127184346822,0 72.95598886510223,19.21130601748998,0 72.9560823547085,19.21134298824045,0 72.95610163421186,19.21135506229012,0 72.95618160906002,19.21140107231953,0 72.95644108953375,19.2116044074112,0 72.95649043266523,19.21165148147573,0 72.95651216579317,19.21167749182109,0 72.95654506820651,19.21173001875092,0 72.95657419864392,19.21179077216325,0 72.95659091289865,19.21184799745325,0 72.95659326536507,19.21185500015293,0 72.95660081956493,19.21187297262328,0 72.95661519190871,19.21188821028711,0 72.95663022421672,19.21189636608711,0 72.95668968123587,19.2119298790511,0 72.95673329292779,19.21194076609837,0 72.95678221561657,19.21194888213535,0 72.956814706198,19.21195512697075,0 72.95686157110823,19.21196418672254,0 72.95695626019337,19.21199094221413,0 72.95699409804581,19.21200091796559,0 72.95699841510589,19.21199200254649,0 72.95704320366926,19.21190878821753,0 72.9570653211873,19.21188380906933,0 72.95721781178005,19.21173652121155,0 72.95725885243854,19.21171322769382,0 72.95730022736609,19.21170409473627,0 72.95746986901338,19.21169004394694,0 72.9575773851186,19.21168076269999,0 72.95770415525216,19.2116620135801,0 72.9577191545353,19.2116602869895,0 72.95781902110426,19.21163107303937,0 72.95791836539355,19.21157355335275,0 72.95815709419152,19.21133082611398,0 72.9582890720516,19.2111962808392,0 72.95834962668691,19.21114288913243,0 72.95840220958767,19.21111218393242,0 72.95845485864866,19.21110005870131,0 72.9590792075395,19.21112677331685,0 72.95940938075539,19.21116342207448,0 72.95958011819813,19.2111822132408,0 72.95983638148259,19.21125078673585,0 72.95989447492728,19.21127670146425,0 72.95993233289734,19.21129621710059,0 72.95996351150411,19.2113350689594,0 72.95998296362914,19.21136096687847,0 72.96004329391565,19.21147799791489,0 72.96007638009678,19.21155306202318,0 72.96011268417966,19.21163292314621,0 72.96013774863886,19.21167465776372,0 72.96017220535987,19.21171032518002,0 72.96034881871977,19.21185377379263,0 72.96042442608979,19.21193134130957,0 72.96038188529295,19.21198623726205,0 72.96035268610188,19.21202316783634,0 72.96030476780328,19.21208276812969,0 72.96016566049371,19.21225676408272,0 72.95996277788269,19.21251027410146,0 72.95964518555651,19.21290658784717,0 72.959284220491,19.21335701857841,0 72.95912479508961,19.21355504259354,0 72.95891674710857,19.21382436697197,0 72.95883513925988,19.21395860439898,0 72.95872532915686,19.21417892171089,0 72.95864815774176,19.21439879641547,0 72.95859399304555,19.2145811252925,0 72.95854914566097,19.21467026294502,0 72.95850211668521,19.21473913060985,0 72.95840608045923,19.21481930453615,0 72.9583192157169,19.21486853287348,0 72.95818494316885,19.21491695515071,0 72.9581380194917,19.21493412416071,0 72.95813801394353,19.21493500605147,0 72.95805406415818,19.21494480439359,0 72.95804300585954,19.21494674578348,0 72.95795751277872,19.21497049156783,0 72.95777242953214,19.21502054812365,0 72.95772069227522,19.21503705267451,0 72.95761721943666,19.21506904050174,0 72.95740076082332,19.21513547984648,0 72.95716385718728,19.21521874152481,0 72.95714804717518,19.21522513746396,0 72.957010565613,19.2152736800633,0 72.95689470005739,19.21531430200994,0 72.95676992568687,19.21537408781156,0 72.95669038329133,19.21542238644905,0 72.95665705465603,19.21545058687306,0 72.95657546568911,19.21551848944386,0 72.95648995101794,19.21560854358178,0 72.95646635280364,19.21563403882162,0 72.95643598368248,19.21566884631687,0 72.95635566599267,19.21576329630264,0 72.95628006785736,19.21584092315197,0 72.95625816463694,19.21586094094119,0 72.9561959520624,19.21591607045703,0 72.95615061614772,19.21596169114585,0 72.95608172898335,19.21604232277025,0 72.9559795449975,19.21611025619652,0 72.95594646058618,19.21612838125199,0 72.95581457808015,19.21618310108681,0 72.95567032816052,19.21624023579735,0 72.9554582620473,19.21630733784679,0 72.95531492983544,19.21635294134671,0 72.95521631036671,19.21639297987597,0 72.95512055800529,19.21644161973888,0 72.95505315087918,19.21648175305845,0 72.95498120678194,19.21652968092391,0 72.95492754911881,19.21657944892422,0 72.95486634068332,19.21664491776944,0 72.95479357822076,19.21674780404762,0 72.95471102830388,19.21686636054335,0 72.9546911005144,19.21689677724742,0 72.95462243313034,19.21701623254797,0 72.95461252095592,19.21703394094263,0 72.95455604296004,19.21712697054692,0 72.95450074252466,19.21719607655331,0 72.95442352955466,19.21726859715629,0 72.95436961110182,19.21730752282228,0 72.95434242792567,19.21732328691244,0 72.95431502637913,19.21734038965178,0 72.95423554216309,19.21738144823792,0 72.95416249096172,19.21742388103188,0 72.95406577466844,19.21747930785752,0 72.95397309901452,19.21752970774916,0 72.95395358489024,19.2175414997715,0 72.95386189044892,19.21759773841762,0 72.95383693036769,19.21761314974808,0 72.95375646348673,19.21767576636645,0 72.95371399021791,19.21771247672806,0 72.95366796667996,19.21775181620729,0 72.95356304969158,19.21786884974374,0 72.95350054235968,19.21793904340922,0 72.95341173721931,19.21803674627521,0 72.95331301729462,19.21814713841792,0 72.9532513420334,19.21821065154345,0 72.95324761402904,19.21821358119153,0 72.95313420449868,19.21832992491079,0 72.95300565216583,19.21845875569555,0 72.95284945751092,19.21861543034193,0 72.95272792349247,19.21873908710981,0 72.95269979202304,19.21877732386961,0 72.95266298449106,19.21883128014774,0 72.95265576329795,19.2188441770972,0 72.95255977345504,19.21882621933945,0 72.95243990879864,19.2187967786817,0 72.95229759978564,19.2187719771299,0 72.95225779071163,19.21876511264274,0 72.95212522790634,19.21874902235719,0 72.95197594160256,19.21875800979283,0 72.95188229490896,19.21878371205272,0 72.95181401655697,19.21882983614354,0 72.95170739151543,19.21892167922399,0 72.95161794326178,19.21898688443167,0 72.95158501683363,19.21901089971666,0 72.95154701410523,19.2190549510874,0 72.9515719015648,19.21913271970433,0 72.95157312289898,19.21913514434835,0 72.95157710384773,19.21913909450635,0 72.95171289340513,19.21925689497891,0 72.95174395773745,19.2192820689876,0 72.95180412537418,19.21932409765804,0 72.95184140538379,19.21937569009546,0 72.9518820720713,19.21944500751557,0 72.95188803516081,19.21947014493506,0 72.95187009304207,19.21957788690864,0 72.95182805773408,19.21968573598019,0 72.95176008066559,19.21978393218934,0 72.95175011339596,19.21980480926225,0 72.95174898230204,19.21980506068087,0 72.951679,19.219948,0 72.95157500000001,19.220125,0 72.951481,19.220233,0 72.95111300000001,19.220477,0 72.95107299999999,19.220552,0 72.951063,19.220726,0 72.951261,19.220942,0 72.95132700000001,19.220941,0 72.95142,19.220895,0 72.95151799999999,19.22088,0 72.95158499999999,19.220933,0 72.951571,19.221111,0 72.95149600000001,19.221288,0 72.951381,19.22145,0 72.951212,19.221571,0 72.95100100000001,19.221704,0 72.95097,19.221748,0 72.950975,19.221816,0 72.951037,19.221836,0 72.951156,19.221828,0 72.95146200000001,19.221822,0 72.951733,19.221711,0 72.95183,19.221729,0 72.95189999999999,19.221776,0 72.951965,19.22187,0 72.951981,19.22199,0 72.95196799999999,19.222091,0 72.95192299999999,19.222195,0 72.951858,19.222247,0 72.951723,19.222253,0 72.951487,19.222209,0 72.95130399999999,19.222224,0 72.951187,19.222287,0 72.95105,19.222391,0 72.950952,19.222448,0 72.950721,19.222474,0 72.95041500000001,19.222488,0 72.950266,19.222596,0 72.950121,19.222746,0 72.949924,19.222971,0 72.94992000000001,19.222968,0 72.949912,19.222962,0 72.949634,19.222753,0 72.94959,19.22272,0 72.94939100000001,19.22257,0 72.948959,19.222294,0 72.94861400000001,19.22205,0 72.948381,19.22186,0 72.94835,19.221857,0 72.948336,19.221856,0 72.947272,19.221757,0 72.94703199999999,19.221756,0 72.94711700000001,19.221353,0 72.947281,19.220636,0 72.94694800000001,19.220349,0 72.94533699999999,19.219137,0 72.944941,19.218818,0 72.944703,19.218627,0 72.944624,19.218545,0 72.943597,19.217752,0 72.942841,19.21712,0 72.942773,19.217083,0 72.942104,19.216283,0 72.94210999925753,19.21624197905064,0 72.94197032882498,19.21607954228617,0 72.94117925452382,19.214966166597,0 72.94099294037454,19.2144451237997,0 72.94153896518957,19.21421415356046,0 72.94200140138332,19.21401900245112,0 72.94247688481281,19.21381798973083,0 72.94297663738882,19.21360703158789,0 72.94369475780361,19.2133033032665,0 72.94654324614785,19.21209999841732,0 
						</coordinates>
					</LinearRing>
				</outerBoundaryIs>
			</Polygon>
		</Placemark>
	</Document>
	<Document>
		<name>Ward No. 7.kml</name>
		<StyleMap id="m_ylw-pushpin5">
			<Pair>
				<key>normal</key>
				<styleUrl>#s_ylw-pushpin5</styleUrl>
			</Pair>
			<Pair>
				<key>highlight</key>
				<styleUrl>#s_ylw-pushpin_hl5</styleUrl>
			</Pair>
		</StyleMap>
		<Style id="s_ylw-pushpin5">
			<IconStyle>
				<scale>1.1</scale>
				<Icon>
					<href>http://maps.google.com/mapfiles/kml/pushpin/ylw-pushpin.png</href>
				</Icon>
				<hotSpot x="20" y="2" xunits="pixels" yunits="pixels"/>
			</IconStyle>
			<LineStyle>
				<color>ffffff55</color>
				<width>3</width>
			</LineStyle>
			<PolyStyle>
				<fill>0</fill>
			</PolyStyle>
		</Style>
		<Style id="s_ylw-pushpin_hl5">
			<IconStyle>
				<scale>1.3</scale>
				<Icon>
					<href>http://maps.google.com/mapfiles/kml/pushpin/ylw-pushpin.png</href>
				</Icon>
				<hotSpot x="20" y="2" xunits="pixels" yunits="pixels"/>
			</IconStyle>
			<LineStyle>
				<color>ffffff55</color>
				<width>3</width>
			</LineStyle>
			<PolyStyle>
				<fill>0</fill>
			</PolyStyle>
		</Style>
		<Placemark>
			<name>Ward No. 7.kml</name>
			<styleUrl>#m_ylw-pushpin5</styleUrl>
			<Polygon>
				<tessellate>1</tessellate>
				<outerBoundaryIs>
					<LinearRing>
						<coordinates>
							72.96885727597953,19.20454181352188,0 72.96909088613631,19.20476224888634,0 72.96936946448876,19.20502534895947,0 72.9695730913448,19.20521800913562,0 72.96978529050584,19.20541851529744,0 72.96994502537028,19.20556970435168,0 72.97011129029269,19.20572733276491,0 72.9702191899212,19.20583015916127,0 72.97034752610098,19.20595498337035,0 72.97063379455538,19.20623154438723,0 72.97091319882264,19.20650283655543,0 72.97118175835877,19.20676480074338,0 72.97141760965835,19.20699312738738,0 72.97167089942724,19.20723805568438,0 72.97198015990173,19.20753875723657,0 72.97221388475832,19.20776543904951,0 72.97246183959103,19.20800687987819,0 72.97281507451765,19.20834940819834,0 72.97305693785798,19.2085839990053,0 72.97339686496827,19.20891544528093,0 72.97360972582803,19.20912346085912,0 72.97405679768772,19.20956003532185,0 72.97429195377279,19.20978963226389,0 72.97454831142934,19.21004011297809,0 72.97493812140267,19.21042049778938,0 72.9752575980512,19.21073053381057,0 72.97543990736021,19.2109152821928,0 72.97557254326895,19.21104920175902,0 72.97572233879048,19.21118810125067,0 72.97577986111062,19.21124182185277,0 72.97592334645041,19.21136770850708,0 72.9759486927521,19.21138921857194,0 72.97611029109731,19.2115001249332,0 72.97635247218456,19.21163431879878,0 72.97650435485582,19.21169963653668,0 72.97659980378205,19.21174111219731,0 72.97661525779499,19.2117480898685,0 72.97689290005721,19.21183091024005,0 72.97717944135196,19.21187855979512,0 72.97724097975504,19.2118809351557,0 72.97724102895269,19.2119401691527,0 72.97724867493559,19.21225511098751,0 72.9772524796614,19.2124206307274,0 72.97725528060904,19.21255853234831,0 72.977256106786,19.21258688153982,0 72.97726417523809,19.21272343470989,0 72.97726695435814,19.21277175699576,0 72.97727591519984,19.21279277506641,0 72.97729832698269,19.21284987623231,0 72.97735075176332,19.2129836324472,0 72.97740330737895,19.21311683315203,0 72.97741012360297,19.21313968436032,0 72.97743169219426,19.21320768522775,0 72.9774619403799,19.21330300620264,0 72.97756337365948,19.21362861079043,0 72.97763782533222,19.21392531357303,0 72.97775112565553,19.21435663240388,0 72.97779067571744,19.21459069670158,0 72.97780594315397,19.21489267241751,0 72.97781072974567,19.21498031880363,0 72.97783013492889,19.21520338175542,0 72.97783827786148,19.21530032468878,0 72.97786801118794,19.21549290281338,0 72.97800259157501,19.21605141901649,0 72.97817521490394,19.2168074995739,0 72.97822009323647,19.21700378302921,0 72.97822114722946,19.2170042759824,0 72.97823668346143,19.21708590681019,0 72.9782429498562,19.21711896353949,0 72.97825546734838,19.21724142199827,0 72.97825597235625,19.21724584840445,0 72.97824691842065,19.21730456425101,0 72.97823480172718,19.21738230058632,0 72.97820326066295,19.21766999192002,0 72.97818296407603,19.21795064927352,0 72.97817180308793,19.21802221871554,0 72.9781188195448,19.21835793085667,0 72.97809382086362,19.21851698986548,0 72.9780668537892,19.21873010981263,0 72.97776466667375,19.21868101760954,0 72.97759244063285,19.21865312307876,0 72.97758846338625,19.21865299340899,0 72.97740120310648,19.21861802699777,0 72.97726254687295,19.21859190644292,0 72.97714400499643,19.21856970792478,0 72.97699087763135,19.21854093363484,0 72.97685394652937,19.21851502225627,0 72.97671200282785,19.21848734128832,0 72.97655534043385,19.21845625957669,0 72.97642646425325,19.21843084499588,0 72.97625287331923,19.21839638746055,0 72.97606989957372,19.21836043485605,0 72.97589680614068,19.21832710428883,0 72.97582714305281,19.2183129997791,0 72.9755571436677,19.21826125537766,0 72.97521041203363,19.21819473215912,0 72.97492581412605,19.21814011822332,0 72.97483506643867,19.21812195104527,0 72.9747590941455,19.21810730258934,0 72.97465190688085,19.21809150559121,0 72.97447856572572,19.21805643472182,0 72.97427309724443,19.21801493518694,0 72.9741320218783,19.21798590296858,0 72.97400417560131,19.21796026677926,0 72.97378110091346,19.2179150232824,0 72.97378002229439,19.21792101206411,0 72.97347880879923,19.21786282069852,0 72.97288209430327,19.2177508768724,0 72.97265749947451,19.21770904292545,0 72.97245812434329,19.21767285674721,0 72.97227829150094,19.21763924601777,0 72.97212033159717,19.21761019117113,0 72.97199294892611,19.21758583539929,0 72.97182402727722,19.21755453704974,0 72.97171854120437,19.2175349408065,0 72.97149171220734,19.21748381862779,0 72.97113807968378,19.21740395612391,0 72.97112184653589,19.21743287808938,0 72.97108817346412,19.21748578071245,0 72.97101166993772,19.21758137338444,0 72.97091200541755,19.21768200193329,0 72.9709027441648,19.21767705727029,0 72.9707619645887,19.21781049298137,0 72.97068163022558,19.21788732776276,0 72.97067757706832,19.21789068006411,0 72.97051930530037,19.21800597495467,0 72.97049849738274,19.21802128954522,0 72.97036193959276,19.21810517582581,0 72.97031566716387,19.21813349597753,0 72.97030806926914,19.21813984364302,0 72.97031384464179,19.21814896837132,0 72.97020384163319,19.21822216304476,0 72.96993125361963,19.21837788033891,0 72.9699280110589,19.21837899828068,0 72.96948649541197,19.21856164443356,0 72.96928082036824,19.21864350750037,0 72.96921582468103,19.21866352857829,0 72.96913705414779,19.21868836390706,0 72.96897891467316,19.21872945824482,0 72.96876655370575,19.21878514146228,0 72.96839299945476,19.21888533702613,0 72.96783921900143,19.21903387929648,0 72.96748581629703,19.21912019071864,0 72.96747130591469,19.21912386962683,0 72.96692703373337,19.21923710265689,0 72.96679557545978,19.21925946751501,0 72.96663188285937,19.21928769077582,0 72.96640379493549,19.21932658367884,0 72.9662845429244,19.21934828915011,0 72.96609940697033,19.21938201687997,0 72.96596397911949,19.21940603474841,0 72.96585849185202,19.2194301348246,0 72.96528077978915,19.21956402746962,0 72.96492751105325,19.21963799512972,0 72.96455777472811,19.21971088591119,0 72.96434676485929,19.2197492496541,0 72.96412573768102,19.21978551208084,0 72.96382964669205,19.21983274738628,0 72.96364139262565,19.21986305001464,0 72.96344016384789,19.21989695784268,0 72.96322268538125,19.21993355582234,0 72.96306050252217,19.2199687613702,0 72.96295137973125,19.21999266082213,0 72.96287963195745,19.22001364053353,0 72.96262165969468,19.22008956943452,0 72.96232643558167,19.22019142432694,0 72.96221951114406,19.22022834704189,0 72.96210410825816,19.22027350456867,0 72.9618810231556,19.22036089841238,0 72.96177818599888,19.22040554511236,0 72.96153862210514,19.22050937169926,0 72.96151566923662,19.22051970546181,0 72.96131888845323,19.22060907688986,0 72.96122795095376,19.22065190243916,0 72.96119422187279,19.22066837270057,0 72.96100057489735,19.2207650823022,0 72.96055286480824,19.22098801362631,0 72.96053315936473,19.2209601462105,0 72.96044290360047,19.22076310266015,0 72.96035718341071,19.22057703926883,0 72.96031456010707,19.22048182741686,0 72.96018335557892,19.22018826877099,0 72.96012076313805,19.22004138410899,0 72.96004710287035,19.21986737371121,0 72.95988786634382,19.21949348911866,0 72.95975527297577,19.21917539775843,0 72.95969621758024,19.2190283617448,0 72.95966057224038,19.21894865207765,0 72.95951168503348,19.21860811029898,0 72.95938864773834,19.21833016720603,0 72.95927388117933,19.21806564108695,0 72.95916519085387,19.2178038521464,0 72.95915150927128,19.217770984943,0 72.95912987724327,19.21771293475288,0 72.95899458671101,19.2173596499235,0 72.9589715395182,19.21731695303953,0 72.95894494494551,19.21726210178804,0 72.95855424092338,19.21641021758935,0 72.95847946018995,19.21619431111713,0 72.95845211849995,19.21610513958738,0 72.95839782327451,19.21590608575885,0 72.9582509365169,19.21537671286848,0 72.95818312867617,19.21508539040803,0 72.9581379129515,19.21493422254388,0 72.95827787766724,19.21488322570939,0 72.95831894164668,19.21486854563683,0 72.95840536008198,19.21481986117107,0 72.95843672369745,19.21479415691821,0 72.95850216067929,19.21473911285,0 72.95854921972504,19.21467040676774,0 72.95859383163399,19.21458105724049,0 72.95860602979681,19.21454109918688,0 72.9586463023511,19.21440610952885,0 72.95866457941645,19.21435239808962,0 72.95872437790345,19.21417949986172,0 72.95873042925137,19.21416737439459,0 72.95883415005613,19.21396071654116,0 72.95885700962971,19.21392287832897,0 72.95891813749208,19.21382180732167,0 72.95900234984467,19.21371351458161,0 72.95912088186732,19.21355950696955,0 72.959193362657,19.21346923839051,0 72.95980061134553,19.21271278882764,0 72.96036590941678,19.21200663105525,0 72.96042316440929,19.21193267692498,0 72.96062817474018,19.21166289888979,0 72.96105673946995,19.21112372275928,0 72.96132211990995,19.21078879130621,0 72.96137819809385,19.21071722601393,0 72.96156120521903,19.21047951777,0 72.96188556649294,19.21005557709011,0 72.96205330017381,19.20985547788564,0 72.9621523717603,19.20975582736877,0 72.96217316014709,19.20973510164491,0 72.96220486613801,19.20970468086189,0 72.96221606795233,19.2096937463089,0 72.96221795630093,19.20969244531682,0 72.96226095724566,19.20966008799396,0 72.9623059742283,19.20966298230559,0 72.96233713673983,19.20959089695612,0 72.96235101729046,19.2095648219095,0 72.9625181151885,19.20941968949807,0 72.96264967489783,19.20930803025199,0 72.96268736853129,19.20927313836519,0 72.96280192443315,19.2091672046909,0 72.9627899729353,19.2091235503195,0 72.96274261277067,19.20900406806801,0 72.96267633677391,19.20888171938576,0 72.96262918364121,19.20878669702564,0 72.96250752848061,19.20853366456551,0 72.96231395070437,19.20813502058084,0 72.96232402117211,19.20812600797296,0 72.96228750022584,19.20805200831658,0 72.96224891796567,19.20797271369102,0 72.96217303577696,19.20781610457014,0 72.96217096794727,19.20780999032344,0 72.96217397266547,19.20780701859491,0 72.96217823939153,19.20780529099299,0 72.96219961024538,19.20779671589333,0 72.96224172696877,19.2077777008389,0 72.96225988680541,19.2077721513398,0 72.96213687835463,19.20754252921447,0 72.96210617475695,19.20747683024944,0 72.96206571812044,19.20738343891021,0 72.96199479641538,19.20723720748193,0 72.96189711304689,19.20700589856305,0 72.96179560092045,19.20676632431705,0 72.96157885665009,19.2063121386782,0 72.96144488248162,19.20597548946872,0 72.96138579168048,19.20583903650649,0 72.96124004749124,19.20549839692737,0 72.96110354157913,19.20518447420603,0 72.96101188843025,19.20497338318311,0 72.9608780368095,19.20466399468438,0 72.9608189671027,19.20452777368318,0 72.96081514156221,19.20448008794193,0 72.96084605563873,19.20446586653833,0 72.96082,19.204403,0 72.960887,19.204394,0 72.960904,19.204392,0 72.960949,19.204393,0 72.96121599999999,19.204398,0 72.96146,19.204459,0 72.961551,19.204464,0 72.961648,19.204449,0 72.961698,19.204425,0 72.961708,19.204406,0 72.961742,19.204189,0 72.961781,19.204049,0 72.961825,19.203979,0 72.961906,19.20391,0 72.96200899999999,19.203807,0 72.962053,19.203764,0 72.96208900000001,19.203728,0 72.96209399999999,19.203721,0 72.962107,19.203702,0 72.962119,19.203672,0 72.96225,19.203356,0 72.962324,19.203177,0 72.962366,19.203075,0 72.962467,19.202846,0 72.96253,19.202716,0 72.96257,19.202663,0 72.96264499999999,19.202589,0 72.962667,19.202578,0 72.962621,19.202748,0 72.96292200000001,19.202861,0 72.96296100000001,19.202781,0 72.962992,19.202739,0 72.963064,19.202678,0 72.9631,19.202603,0 72.963115,19.202608,0 72.96322000000001,19.202637,0 72.963267,19.202646,0 72.96329799999999,19.202643,0 72.96332700000001,19.202632,0 72.963345,19.20262,0 72.96344000000001,19.202462,0 72.963532,19.202301,0 72.963583,19.202245,0 72.963593,19.202239,0 72.96360900000001,19.202238,0 72.963666,19.202247,0 72.96372,19.202245,0 72.963723,19.202244,0 72.963735,19.202242,0 72.963774,19.202236,0 72.963866,19.202204,0 72.964035,19.202144,0 72.964181,19.202068,0 72.964265,19.202032,0 72.964399,19.201975,0 72.964432,19.201964,0 72.96447000000001,19.201961,0 72.964502,19.201963,0 72.964529,19.201975,0 72.964921,19.202367,0 72.964947,19.202383,0 72.964972,19.202386,0 72.964989,19.202384,0 72.965568,19.202024,0 72.965585,19.202013,0 72.965727,19.201953,0 72.96599698134798,19.20183898377536,0 72.96611508742365,19.20195253206364,0 72.96623756480537,19.20207054372328,0 72.96653025534135,19.202348745535,0 72.96662592613534,19.20243955632565,0 72.96679842020011,19.20259931294628,0 72.96686602318019,19.20266183410651,0 72.96712284154692,19.20290665124488,0 72.96729361083952,19.20306802889884,0 72.96754700384486,19.20330567366889,0 72.96770372984035,19.20345109327937,0 72.96792728664327,19.20366208084749,0 72.96816544244088,19.20389168140931,0 72.96828361058726,19.204002508594,0 72.96852221174008,19.20422721596399,0 72.96879391997308,19.20448186001682,0 72.96885727597953,19.20454181352188,0 
						</coordinates>
					</LinearRing>
				</outerBoundaryIs>
			</Polygon>
		</Placemark>
	</Document>
	<Document>
		<name>Ward No. 8.kml</name>
		<StyleMap id="m_ylw-pushpin6">
			<Pair>
				<key>normal</key>
				<styleUrl>#s_ylw-pushpin6</styleUrl>
			</Pair>
			<Pair>
				<key>highlight</key>
				<styleUrl>#s_ylw-pushpin_hl6</styleUrl>
			</Pair>
		</StyleMap>
		<Style id="s_ylw-pushpin6">
			<IconStyle>
				<scale>1.1</scale>
				<Icon>
					<href>http://maps.google.com/mapfiles/kml/pushpin/ylw-pushpin.png</href>
				</Icon>
				<hotSpot x="20" y="2" xunits="pixels" yunits="pixels"/>
			</IconStyle>
			<LineStyle>
				<color>ffffff55</color>
				<width>3</width>
			</LineStyle>
			<PolyStyle>
				<fill>0</fill>
			</PolyStyle>
		</Style>
		<Style id="s_ylw-pushpin_hl6">
			<IconStyle>
				<scale>1.3</scale>
				<Icon>
					<href>http://maps.google.com/mapfiles/kml/pushpin/ylw-pushpin.png</href>
				</Icon>
				<hotSpot x="20" y="2" xunits="pixels" yunits="pixels"/>
			</IconStyle>
			<LineStyle>
				<color>ffffff55</color>
				<width>3</width>
			</LineStyle>
			<PolyStyle>
				<fill>0</fill>
			</PolyStyle>
		</Style>
		<Placemark>
			<name>Ward No. 8.kml</name>
			<styleUrl>#m_ylw-pushpin6</styleUrl>
			<Polygon>
				<tessellate>1</tessellate>
				<outerBoundaryIs>
					<LinearRing>
						<coordinates>
							73.002314,19.233583,0 73.002281,19.233834,0 73.001605,19.237648,0 73.001603,19.237657,0 73.00020000000001,19.245569,0 73.000046,19.245551,0 72.997675,19.245286,0 72.997007,19.245201,0 72.996765,19.245047,0 72.996706,19.244941,0 72.99664944365395,19.24461769840283,0 72.996591362293,19.24437510793122,0 72.99595146628342,19.24400886310218,0 72.99568920423924,19.24369410400371,0 72.99440625807121,19.24308815768219,0 72.99411008363479,19.24287125478229,0 72.9937016890924,19.24240361358744,0 72.9932848315286,19.24192612425208,0 72.99215495788499,19.24065400120434,0 72.99199626277171,19.24043315171672,0 72.9908321957916,19.23907510336897,0 72.99067208782387,19.23882850817945,0 72.99051900000001,19.238472,0 72.990515,19.238462,0 72.990334,19.238039,0 72.99028300000001,19.237939,0 72.989626,19.236631,0 72.98942700000001,19.236432,0 72.988997,19.235651,0 72.98872299999999,19.235153,0 72.98824399999999,19.23424,0 72.987956,19.233692,0 72.987843,19.233559,0 72.98773451509804,19.2333452150426,0 72.987649,19.23307,0 72.987588,19.232841,0 72.987578,19.232802,0 72.987568,19.23274,0 72.98754700000001,19.232689,0 72.987438,19.232714,0 72.987398,19.232712,0 72.987199,19.232666,0 72.986919,19.232681,0 72.98675799999999,19.232712,0 72.986654,19.232779,0 72.986447,19.232911,0 72.986244,19.232993,0 72.986037,19.232979,0 72.98595,19.232935,0 72.98576300000001,19.232904,0 72.985191,19.232843,0 72.984869,19.232793,0 72.98469299999999,19.232806,0 72.984433,19.232879,0 72.984286,19.232931,0 72.984195,19.232988,0 72.983914,19.232983,0 72.983834,19.232965,0 72.983819,19.232955,0 72.98379300000001,19.232936,0 72.98379300000001,19.232936,0 72.98375,19.23286,0 72.98375,19.23286,0 72.98371,19.232784,0 72.98371,19.232784,0 72.983673,19.232698,0 72.983673,19.232698,0 72.983639,19.232627,0 72.983639,19.232627,0 72.98360700000001,19.232554,0 72.98360700000001,19.232554,0 72.983542,19.232479,0 72.983542,19.232479,0 72.983495,19.232446,0 72.983495,19.232446,0 72.98344,19.232421,0 72.98344,19.232421,0 72.983311,19.232368,0 72.983311,19.232368,0 72.983262,19.232333,0 72.983262,19.232333,0 72.983232,19.232238,0 72.983232,19.232238,0 72.98321900000001,19.232207,0 72.983158,19.232186,0 72.983073,19.232168,0 72.983018,19.232142,0 72.983018,19.232142,0 72.982992,19.23212,0 72.982922,19.232063,0 72.982922,19.232063,0 72.98281799999999,19.231982,0 72.98281799999999,19.231982,0 72.98274499999999,19.23188,0 72.98274499999999,19.23188,0 72.98267800000001,19.231834,0 72.98267800000001,19.231834,0 72.98244800000001,19.23178,0 72.98228400000001,19.231702,0 72.98228400000001,19.231702,0 72.98227,19.231693,0 72.982201,19.231646,0 72.982201,19.231646,0 72.982134,19.23153,0 72.982134,19.23153,0 72.98209300000001,19.231373,0 72.98209300000001,19.231283,0 72.982119,19.231232,0 72.982124,19.231221,0 72.982124,19.231221,0 72.982184,19.231102,0 72.982202,19.231016,0 72.98221599999999,19.23097,0 72.982187,19.230922,0 72.982131,19.23087,0 72.98208200000001,19.230848,0 72.981948,19.230825,0 72.981858,19.230815,0 72.98175500000001,19.230805,0 72.981492,19.230774,0 72.98141,19.230758,0 72.981298,19.230759,0 72.98112999999999,19.230772,0 72.98103399999999,19.230772,0 72.980958,19.23077,0 72.980912,19.230761,0 72.98091100000001,19.230761,0 72.980875,19.230746,0 72.980808,19.230704,0 72.980735,19.230635,0 72.98055600000001,19.23054,0 72.980423,19.230467,0 72.980272,19.230357,0 72.980144,19.2303,0 72.980009,19.230269,0 72.98004299999999,19.230086,0 72.98012799999999,19.229626,0 72.98014499999999,19.229528,0 72.980182,19.229314,0 72.98021900000001,19.229184,0 72.98026400000001,19.229025,0 72.98038,19.228627,0 72.98048199999999,19.228401,0 72.980588,19.228158,0 72.980673,19.227916,0 72.980766,19.227755,0 72.980913,19.227549,0 72.98097427344014,19.22746409695879,0 72.9808028773883,19.22732696766755,0 72.98027931658781,19.22697041565249,0 72.98014474041614,19.22677839411636,0 72.97997700627295,19.22625936353551,0 72.979939,19.226122,0 72.979907,19.22603,0 72.979884,19.225983,0 72.97984099999999,19.225895,0 72.979698,19.225649,0 72.979681,19.225625,0 72.979597,19.225499,0 72.979377,19.225169,0 72.979288,19.22503,0 72.979247,19.224965,0 72.979198,19.224894,0 72.979116,19.224776,0 72.979074,19.224702,0 72.97906,19.224645,0 72.979046,19.224577,0 72.979046,19.224568,0 72.979049,19.224432,0 72.979068,19.2242,0 72.979088,19.224021,0 72.979089,19.224006,0 72.979091,19.223978,0 72.97913,19.223551,0 72.979135,19.223488,0 72.97914400000001,19.223378,0 72.97913800000001,19.2231,0 72.979134,19.222911,0 72.97913200000001,19.222787,0 72.979128,19.222596,0 72.979129,19.222347,0 72.979122,19.22226,0 72.979123,19.222208,0 72.979118,19.222073,0 72.979114,19.222003,0 72.97908099999999,19.221709,0 72.97907928495083,19.22169177937511,0 72.979062,19.221513,0 72.979046,19.221421,0 72.979033,19.221341,0 72.979023,19.221293,0 72.979009,19.221224,0 72.97896,19.221002,0 72.978917,19.220829,0 72.978899,19.220753,0 72.978877,19.220659,0 72.978865,19.220602,0 72.97885203370885,19.22052347362499,0 72.978803,19.220226,0 72.978798,19.22017,0 72.97877200000001,19.219897,0 72.978747,19.21951,0 72.97872700000001,19.219288,0 72.97872,19.219242,0 72.978703,19.219077,0 72.978661,19.218926,0 72.97866,19.218923,0 72.978599,19.218613,0 72.978579,19.218558,0 72.97855,19.218527,0 72.97845,19.218405,0 72.97836700000001,19.218286,0 72.978359,19.218275,0 72.978183,19.217952,0 72.97820299999999,19.217675,0 72.978227,19.217456,0 72.978235,19.217381,0 72.978256,19.217246,0 72.97824300000001,19.217119,0 72.97822104782848,19.2170040249564,0 72.97821996196785,19.21700385423449,0 72.977991,19.216,0 72.977868,19.215494,0 72.97783800000001,19.215299,0 72.977819,19.215073,0 72.97781000000001,19.214972,0 72.977791,19.214591,0 72.977752,19.214363,0 72.97775,19.214353,0 72.977664,19.214025,0 72.97763399999999,19.21391,0 72.977622,19.213859,0 72.977611,19.213817,0 72.97756200000001,19.213624,0 72.977485,19.213376,0 72.97740899999999,19.213136,0 72.977403,19.213116,0 72.977276,19.212793,0 72.977267,19.212772,0 72.977256,19.212586,0 72.977244,19.212032,0 72.97724100000001,19.211938,0 72.97724100000001,19.211881,0 72.977525,19.211895,0 72.97775300000001,19.211887,0 72.978008,19.211878,0 72.97823099999999,19.211849,0 72.978323,19.211837,0 72.978397,19.211828,0 72.978509,19.211814,0 72.97851199999999,19.211813,0 72.979026,19.211728,0 72.979088,19.211718,0 72.979091,19.211718,0 72.97911999999999,19.211714,0 72.979313,19.211683,0 72.979451,19.211661,0 72.97949800000001,19.211654,0 72.979726,19.211619,0 72.979867,19.211597,0 72.979967,19.21158,0 72.980234,19.211536,0 72.980251,19.211533,0 72.980367,19.211515,0 72.980574,19.211481,0 72.98090999999999,19.211426,0 72.980992,19.211412,0 72.981015,19.211409,0 72.981302,19.211362,0 72.981458,19.211336,0 72.98177200000001,19.211283,0 72.981989,19.211238,0 72.982005,19.211235,0 72.982108,19.211216,0 72.98225600000001,19.21119,0 72.98275,19.211109,0 72.983542,19.210984,0 72.98414,19.210885,0 72.984396,19.210843,0 72.984724,19.21079,0 72.98535800000001,19.210689,0 72.985418,19.210678,0 72.985698,19.21063,0 72.986279,19.21054,0 72.98652,19.210501,0 72.986754,19.210464,0 72.987364,19.210362,0 72.98797,19.210268,0 72.98842999999999,19.210188,0 72.988546,19.210167,0 72.989177,19.210066,0 72.989802,19.209967,0 72.991118,19.209773,0 72.991573,19.20968,0 72.99167799999999,19.209661,0 72.99235299999999,19.209557,0 72.99294500000001,19.209462,0 72.993379,19.209396,0 72.99366000000001,19.209356,0 72.994038,19.209293,0 72.99436900000001,19.20924,0 72.99449799999999,19.20922,0 72.994508,19.209218,0 72.994798,19.209172,0 72.995135,19.209119,0 72.995154,19.209234,0 72.995231,19.209885,0 72.99512300000001,19.211154,0 72.994934,19.213691,0 72.99517,19.21485,0 72.995594,19.215846,0 72.99659699999999,19.216746,0 72.99916,19.217686,0 73.000248,19.218114,0 73.000934,19.218471,0 73.001417,19.218776,0 73.002402,19.219442,0 73.003423,19.219973,0 73.00443300000001,19.220539,0 73.00483199999999,19.220729,0 73.006015,19.221386,0 73.008968,19.223143,0 73.008611,19.22348,0 73.002948,19.22882,0 73.00294599999999,19.228822,0 73.002314,19.233583,0 
						</coordinates>
					</LinearRing>
				</outerBoundaryIs>
			</Polygon>
		</Placemark>
	</Document>
	<Document>
		<name>Ward No. 9.kml</name>
		<StyleMap id="m_ylw-pushpin7">
			<Pair>
				<key>normal</key>
				<styleUrl>#s_ylw-pushpin7</styleUrl>
			</Pair>
			<Pair>
				<key>highlight</key>
				<styleUrl>#s_ylw-pushpin_hl7</styleUrl>
			</Pair>
		</StyleMap>
		<Style id="s_ylw-pushpin7">
			<IconStyle>
				<scale>1.1</scale>
				<Icon>
					<href>http://maps.google.com/mapfiles/kml/pushpin/ylw-pushpin.png</href>
				</Icon>
				<hotSpot x="20" y="2" xunits="pixels" yunits="pixels"/>
			</IconStyle>
			<LineStyle>
				<color>ffffff55</color>
				<width>3</width>
			</LineStyle>
			<PolyStyle>
				<fill>0</fill>
			</PolyStyle>
		</Style>
		<Style id="s_ylw-pushpin_hl7">
			<IconStyle>
				<scale>1.3</scale>
				<Icon>
					<href>http://maps.google.com/mapfiles/kml/pushpin/ylw-pushpin.png</href>
				</Icon>
				<hotSpot x="20" y="2" xunits="pixels" yunits="pixels"/>
			</IconStyle>
			<LineStyle>
				<color>ffffff55</color>
				<width>3</width>
			</LineStyle>
			<PolyStyle>
				<fill>0</fill>
			</PolyStyle>
		</Style>
		<Placemark>
			<name>Ward No. 9.kml</name>
			<styleUrl>#m_ylw-pushpin7</styleUrl>
			<Polygon>
				<tessellate>1</tessellate>
				<outerBoundaryIs>
					<LinearRing>
						<coordinates>
							73.007384,19.198696,0 73.007411,19.198705,0 73.00747800000001,19.198727,0 73.00745499999999,19.198762,0 73.007434,19.198755,0 73.007407,19.198813,0 73.00737599999999,19.198806,0 73.00734799999999,19.198874,0 73.007368,19.198882,0 73.007351,19.19892,0 73.00735,19.198923,0 73.007347,19.198934,0 73.00738800000001,19.198951,0 73.007368,19.198998,0 73.007334,19.198985,0 73.007319,19.198982,0 73.00730900000001,19.199,0 73.007302,19.19902,0 73.007284,19.19902,0 73.007276,19.199038,0 73.007277,19.199055,0 73.007278,19.199063,0 73.007294,19.199073,0 73.00725199999999,19.199173,0 73.007206,19.199159,0 73.00720099999999,19.199171,0 73.007193,19.199168,0 73.007164,19.199282,0 73.00721,19.199296,0 73.007187,19.199364,0 73.007177,19.199391,0 73.007198,19.199394,0 73.00719100000001,19.199425,0 73.00716199999999,19.199511,0 73.007041,19.199477,0 73.007034,19.199497,0 73.007032,19.199503,0 73.00702800000001,19.199512,0 73.00712900000001,19.199556,0 73.00712900000001,19.199556,0 73.007116,19.199595,0 73.00709000000001,19.199671,0 73.007051,19.199789,0 73.00697,19.200031,0 73.006917,19.200157,0 73.00691500000001,19.200161,0 73.006871,19.200265,0 73.006795,19.200446,0 73.006715,19.200632,0 73.006574,19.200963,0 73.006506,19.20116,0 73.006455,19.20135,0 73.006429,19.201442,0 73.006399,19.201549,0 73.006395,19.201751,0 73.006432,19.201921,0 73.006455,19.201986,0 73.00652700000001,19.202188,0 73.006546,19.202306,0 73.006581,19.202394,0 73.00671699999999,19.202747,0 73.006804,19.202879,0 73.00680800000001,19.202885,0 73.006849,19.202927,0 73.006979,19.203057,0 73.007014,19.20309,0 73.00701599999999,19.203093,0 73.00707,19.20315,0 73.007136,19.203218,0 73.007165,19.203256,0 73.007222,19.203329,0 73.007254,19.203381,0 73.007272,19.203404,0 73.007282,19.203416,0 73.007341,19.203455,0 73.007452,19.203519,0 73.00751099999999,19.203548,0 73.00761900000001,19.203624,0 73.007655,19.203648,0 73.00769099999999,19.203667,0 73.007701,19.203671,0 73.007732,19.203683,0 73.007743,19.203684,0 73.00776399999999,19.203685,0 73.007881,19.20368,0 73.007902,19.203679,0 73.00796699999999,19.203677,0 73.00801199999999,19.203677,0 73.008336,19.203683,0 73.008354,19.203684,0 73.008375,19.203686,0 73.00839000000001,19.20369,0 73.008416,19.203702,0 73.00841800000001,19.203701,0 73.008543,19.203852,0 73.008697,19.203906,0 73.008197,19.204541,0 73.008467,19.204821,0 73.008748,19.204991,0 73.00939099999999,19.205345,0 73.009945,19.205611,0 73.010244,19.205755,0 73.010465,19.205857,0 73.011883,19.206279,0 73.01281299999999,19.206411,0 73.013103,19.206429,0 73.013436,19.206446,0 73.01432800000001,19.206384,0 73.01506999999999,19.206266,0 73.015558,19.206136,0 73.01537399999999,19.20745,0 73.015124,19.209226,0 73.01664100000001,19.210101,0 73.016632,19.210122,0 73.016563,19.210254,0 73.01653,19.210312,0 73.016448,19.210426,0 73.016378,19.210511,0 73.016195,19.210724,0 73.01969,19.213031,0 73.019192,19.213502,0 73.008968,19.223143,0 73.006015,19.221386,0 73.00483199999999,19.220729,0 73.00443300000001,19.220539,0 73.003423,19.219973,0 73.002402,19.219442,0 73.001417,19.218776,0 73.000934,19.218471,0 73.000248,19.218114,0 72.99916,19.217686,0 72.99659699999999,19.216746,0 72.995594,19.215846,0 72.99517,19.21485,0 72.994934,19.213691,0 72.995023,19.212505,0 72.99512300000001,19.211154,0 72.995211,19.210124,0 72.995231,19.209885,0 72.995154,19.209234,0 72.995135,19.209119,0 72.994754,19.207863,0 72.994634,19.207467,0 72.994606,19.207375,0 72.99458,19.207289,0 72.994484,19.207147,0 72.99423899999999,19.206781,0 72.994101,19.206576,0 72.993926,19.206315,0 72.993647,19.205923,0 72.993647,19.205921,0 72.99336700000001,19.205622,0 72.993055,19.205289,0 72.992991,19.205221,0 72.99308000000001,19.205089,0 72.993353,19.204469,0 72.99341200000001,19.204319,0 72.993613,19.204049,0 72.993562,19.203913,0 72.993584,19.203844,0 72.993695,19.203702,0 72.993649,19.203657,0 72.99364799999999,19.203655,0 72.993606,19.203586,0 72.993618,19.203218,0 72.993622,19.203057,0 72.99362600000001,19.202992,0 72.99364199999999,19.20268,0 72.993666,19.202477,0 72.993663,19.202458,0 72.99368800000001,19.202383,0 72.993678,19.202291,0 72.993675,19.202151,0 72.993673,19.202054,0 72.99367100000001,19.20191,0 72.99365899999999,19.201833,0 72.993651,19.201782,0 72.99366999999999,19.201702,0 72.993706,19.201555,0 72.99370500000001,19.201535,0 72.993847,19.201529,0 72.993846,19.20145,0 72.99384499999999,19.201385,0 72.993807,19.201005,0 72.99381700000001,19.200927,0 72.99386,19.200816,0 72.99402499999999,19.20043,0 72.99423,19.199994,0 72.994359,19.20004,0 72.99434100000001,19.200007,0 72.99434599999999,19.199962,0 72.994409,19.199726,0 72.994452,19.199561,0 72.994455,19.199516,0 72.994292,19.19944,0 72.993484,19.199064,0 72.99351799999999,19.198993,0 72.99352500000001,19.198978,0 72.993904,19.198366,0 72.994058,19.198117,0 72.993827,19.197993,0 72.99366499999999,19.197906,0 72.993551,19.197847,0 72.993528,19.197835,0 72.993469,19.197806,0 72.993459,19.197802,0 72.993178,19.197666,0 72.992974,19.197576,0 72.993021,19.197519,0 72.993055,19.197469,0 72.99309700000001,19.197399,0 72.993129,19.197313,0 72.993166,19.197191,0 72.993223,19.197016,0 72.99324900000001,19.196951,0 72.993258,19.196909,0 72.993262,19.196881,0 72.993261,19.196839,0 72.993263,19.196816,0 72.99327099999999,19.196776,0 72.993272,19.196737,0 72.993273,19.196704,0 72.993273,19.196698,0 72.99328,19.196607,0 72.99330399999999,19.196521,0 72.99332,19.196461,0 72.993347,19.19638,0 72.993351,19.196369,0 72.99338299999999,19.19633,0 72.99339000000001,19.196324,0 72.993399,19.196321,0 72.993409,19.19632,0 72.99341800000001,19.196323,0 72.993545,19.196395,0 72.99356899999999,19.196407,0 72.993616,19.196432,0 72.993638,19.196439,0 72.993649,19.196439,0 72.993656,19.196436,0 72.993662,19.196432,0 72.993673,19.196417,0 72.99381099999999,19.196223,0 72.99383400000001,19.196187,0 72.99384000000001,19.196175,0 72.993894,19.196098,0 72.993576,19.195803,0 72.99345700000001,19.195693,0 72.99341,19.195746,0 72.993377,19.195784,0 72.993325,19.195744,0 72.993279,19.195712,0 72.993212,19.195665,0 72.99319300000001,19.195661,0 72.99315,19.195652,0 72.99314099999999,19.195613,0 72.993127,19.195558,0 72.993055,19.195303,0 72.993022,19.195197,0 72.99302,19.195192,0 72.99298,19.195064,0 72.992909,19.194848,0 72.992885,19.194777,0 72.993033,19.194713,0 72.99310199999999,19.194671,0 72.99287099999999,19.193852,0 72.99305099999999,19.193768,0 72.993135,19.193663,0 72.99322600000001,19.193549,0 72.993025,19.1934,0 72.992718,19.193196,0 72.99273700000001,19.193172,0 72.99280899999999,19.193078,0 72.992893,19.192983,0 72.992931,19.192942,0 72.99322600000001,19.19256,0 72.993274,19.192506,0 72.993589,19.192749,0 72.993613,19.192768,0 72.993814,19.192937,0 72.99385599999999,19.192971,0 72.994038,19.193123,0 72.994174,19.193236,0 72.994277,19.193322,0 72.994472,19.193484,0 72.994482,19.193493,0 72.99427,19.193727,0 72.99432,19.193764,0 72.994595,19.193941,0 72.994821,19.194194,0 72.994908,19.194397,0 72.994957,19.194415,0 72.995031,19.194385,0 72.99518,19.194311,0 72.99521799999999,19.194295,0 72.995242,19.194289,0 72.995257,19.194287,0 72.995272,19.194288,0 72.99507,19.194073,0 72.99511699999999,19.194007,0 72.99531399999999,19.194166,0 72.995442,19.19427,0 72.995642,19.194436,0 72.995942,19.194683,0 72.99644499999999,19.195099,0 72.997339,19.195829,0 72.99797599999999,19.196349,0 72.998559,19.196827,0 72.998559,19.196826,0 72.998977,19.196381,0 72.99907399999999,19.196269,0 72.999386,19.195912,0 72.999531,19.195761,0 72.99977800000001,19.195606,0 72.999989,19.195533,0 73.00003,19.195519,0 73.000089,19.195457,0 73.0001,19.195396,0 73.00010399999999,19.19501,0 73.000107,19.19492,0 73.000122,19.194821,0 73.000165,19.194722,0 73.000249,19.194571,0 73.000271,19.194513,0 73.000282,19.194485,0 73.000293,19.194355,0 73.00029499999999,19.19432,0 73.000282,19.194066,0 73.00026099999999,19.193961,0 73.00024999999999,19.193929,0 73.000246,19.193924,0 73.00028,19.193863,0 73.000314,19.193788,0 73.00033000000001,19.193707,0 73.000343,19.193708,0 73.000347,19.193552,0 73.000349,19.193552,0 73.000347,19.19346,0 73.00034599999999,19.193369,0 73.000342,19.193157,0 73.000342,19.193126,0 73.00036,19.193127,0 73.00035,19.192972,0 73.000342,19.192933,0 73.00039,19.192922,0 73.00041,19.192913,0 73.000406,19.192891,0 73.000507,19.192858,0 73.00055,19.192841,0 73.00056499999999,19.192836,0 73.000615,19.192799,0 73.000663,19.192759,0 73.000677,19.192745,0 73.000691,19.192727,0 73.00087499999999,19.192626,0 73.00091500000001,19.192605,0 73.000951,19.192586,0 73.001002,19.192552,0 73.00107199999999,19.19249,0 73.00119599999999,19.192413,0 73.001251,19.19238,0 73.00127000000001,19.192371,0 73.001351,19.19235,0 73.001493,19.192307,0 73.001673,19.19224,0 73.001653,19.192143,0 73.001699,19.192135,0 73.001698,19.192133,0 73.001762,19.192119,0 73.001842,19.192104,0 73.00188,19.1921,0 73.002015,19.192085,0 73.002247,19.192065,0 73.002405,19.192052,0 73.00253600000001,19.192042,0 73.00273300000001,19.192026,0 73.002774,19.192023,0 73.002944,19.19201,0 73.003074,19.191999,0 73.003196,19.191989,0 73.00341,19.191973,0 73.003411,19.191976,0 73.00341299999999,19.192124,0 73.003454,19.192128,0 73.003518,19.192127,0 73.003623,19.19212,0 73.00362699999999,19.192115,0 73.003669,19.192118,0 73.00367199999999,19.192112,0 73.003694,19.192107,0 73.003818,19.192127,0 73.003834,19.192127,0 73.003839,19.19213,0 73.003899,19.192163,0 73.003911,19.192174,0 73.00398300000001,19.192242,0 73.004003,19.19226,0 73.00402200000001,19.192253,0 73.004036,19.192269,0 73.004045,19.192287,0 73.00406,19.192301,0 73.004079,19.192308,0 73.00416199999999,19.192323,0 73.004266,19.192352,0 73.004259,19.192386,0 73.00437599999999,19.192477,0 73.004364,19.19249,0 73.004447,19.192574,0 73.00448,19.192607,0 73.004542,19.192692,0 73.004559,19.192697,0 73.004565,19.192708,0 73.004575,19.192725,0 73.004594,19.192758,0 73.004689,19.192921,0 73.004653,19.192943,0 73.00468100000001,19.192988,0 73.00466,19.193,0 73.004687,19.193045,0 73.00487099999999,19.192941,0 73.004903,19.192992,0 73.00491599999999,19.193031,0 73.004929,19.193047,0 73.004941,19.193139,0 73.004954,19.193246,0 73.004997,19.193245,0 73.005009,19.193245,0 73.005009,19.193282,0 73.005107,19.193284,0 73.005222,19.193288,0 73.00524900000001,19.193289,0 73.00524900000001,19.193308,0 73.00524799999999,19.193533,0 73.005247,19.193587,0 73.005246,19.193643,0 73.00534,19.193638,0 73.005343,19.193779,0 73.005348,19.193948,0 73.005576,19.193941,0 73.00557499999999,19.19399,0 73.00566000000001,19.193992,0 73.005675,19.193991,0 73.005674,19.193978,0 73.00586800000001,19.193971,0 73.00587400000001,19.19399,0 73.005877,19.194012,0 73.00589600000001,19.194017,0 73.00599800000001,19.194014,0 73.00599699999999,19.193895,0 73.00599099999999,19.193833,0 73.005968,19.193711,0 73.005989,19.193713,0 73.006011,19.193718,0 73.00603,19.193733,0 73.006032,19.193753,0 73.00605,19.193751,0 73.006052,19.193814,0 73.006056,19.193834,0 73.006063,19.193915,0 73.006072,19.194038,0 73.006175,19.194017,0 73.00641899999999,19.193973,0 73.006722,19.193919,0 73.00673,19.193941,0 73.00673399999999,19.193946,0 73.006799,19.194245,0 73.006811,19.19465,0 73.006833,19.194759,0 73.006896,19.195017,0 73.006918,19.195016,0 73.00694799999999,19.195102,0 73.00700999999999,19.195162,0 73.007034,19.195207,0 73.007051,19.195209,0 73.00707,19.19521,0 73.00710100000001,19.195204,0 73.007102,19.195212,0 73.007155,19.19546,0 73.007161,19.195506,0 73.007189,19.195723,0 73.007214,19.195918,0 73.00722500000001,19.196,0 73.007226,19.19601,0 73.00718500000001,19.196015,0 73.007193,19.196052,0 73.007238,19.196046,0 73.007274,19.196352,0 73.00727500000001,19.196386,0 73.007265,19.196386,0 73.00727999999999,19.196453,0 73.00728100000001,19.196488,0 73.007306,19.196557,0 73.00746100000001,19.196922,0 73.007474,19.196962,0 73.007516,19.197127,0 73.007519,19.197142,0 73.007541,19.197203,0 73.007565,19.197256,0 73.007581,19.19725,0 73.007634,19.197362,0 73.007606,19.197371,0 73.00760699999999,19.197376,0 73.00761300000001,19.197402,0 73.007598,19.197414,0 73.00758,19.197491,0 73.007583,19.197521,0 73.007581,19.197532,0 73.00758399999999,19.197573,0 73.00761,19.197629,0 73.007662,19.197704,0 73.00769099999999,19.197745,0 73.00768600000001,19.197767,0 73.007649,19.1978,0 73.007661,19.197819,0 73.00765800000001,19.197821,0 73.007625,19.197836,0 73.00760200000001,19.197949,0 73.00759600000001,19.197985,0 73.00770199999999,19.197992,0 73.007666,19.198178,0 73.00763499999999,19.19834,0 73.007621,19.198412,0 73.00760099999999,19.198431,0 73.007583,19.198464,0 73.007541,19.198539,0 73.00752900000001,19.198533,0 73.007515,19.198548,0 73.007498,19.198573,0 73.007442,19.19856,0 73.00739900000001,19.198551,0 73.007363,19.198634,0 73.007349,19.198674,0 73.00738200000001,19.198695,0 73.007384,19.198696,0 
						</coordinates>
					</LinearRing>
				</outerBoundaryIs>
			</Polygon>
		</Placemark>
	</Document>
	<Document>
		<name>Ward No. 10.kml</name>
		<StyleMap id="m_ylw-pushpin8">
			<Pair>
				<key>normal</key>
				<styleUrl>#s_ylw-pushpin8</styleUrl>
			</Pair>
			<Pair>
				<key>highlight</key>
				<styleUrl>#s_ylw-pushpin_hl8</styleUrl>
			</Pair>
		</StyleMap>
		<Style id="s_ylw-pushpin8">
			<IconStyle>
				<scale>1.1</scale>
				<Icon>
					<href>http://maps.google.com/mapfiles/kml/pushpin/ylw-pushpin.png</href>
				</Icon>
				<hotSpot x="20" y="2" xunits="pixels" yunits="pixels"/>
			</IconStyle>
			<LineStyle>
				<color>ffffff55</color>
				<width>3</width>
			</LineStyle>
			<PolyStyle>
				<fill>0</fill>
			</PolyStyle>
		</Style>
		<Style id="s_ylw-pushpin_hl8">
			<IconStyle>
				<scale>1.3</scale>
				<Icon>
					<href>http://maps.google.com/mapfiles/kml/pushpin/ylw-pushpin.png</href>
				</Icon>
				<hotSpot x="20" y="2" xunits="pixels" yunits="pixels"/>
			</IconStyle>
			<LineStyle>
				<color>ffffff55</color>
				<width>3</width>
			</LineStyle>
			<PolyStyle>
				<fill>0</fill>
			</PolyStyle>
		</Style>
		<Placemark>
			<name>Ward No. 10.kml</name>
			<styleUrl>#m_ylw-pushpin8</styleUrl>
			<Polygon>
				<tessellate>1</tessellate>
				<outerBoundaryIs>
					<LinearRing>
						<coordinates>
							72.98652,19.210501,0 72.986279,19.21054,0 72.98585393317578,19.21060573317203,0 72.98570207275979,19.21062930125523,0 72.9855619313301,19.21065331016232,0 72.985418,19.210678,0 72.98539397233472,19.21068248713269,0 72.98539166996085,19.21068275987995,0 72.98535800000001,19.210689,0 72.984724,19.21079,0 72.98414,19.210885,0 72.98412399999999,19.210775,0 72.98411646410334,19.21072791154532,0 72.98409904936356,19.21055903504431,0 72.9845149683069,19.21048957394689,0 72.98463080451833,19.21047007777797,0 72.98473134765075,19.21045325154583,0 72.98483171864929,19.2104364158372,0 72.98595026712697,19.21026510907837,0 72.98504258246216,19.21040339376873,0 72.98601454553888,19.21025229094926,0 72.986037,19.210194,0 72.986043,19.21013,0 72.986029,19.210065,0 72.986024,19.210044,0 72.985995,19.209944,0 72.98596999999999,19.209774,0 72.98596499999999,19.20969,0 72.98597599999999,19.209594,0 72.986002,19.209458,0 72.986034,19.209289,0 72.986087,19.209088,0 72.986141,19.208923,0 72.986188,19.208844,0 72.9862,19.208823,0 72.986231,19.208789,0 72.98616800000001,19.208744,0 72.986075,19.208678,0 72.98602,19.208555,0 72.985951,19.208444,0 72.98586,19.208479,0 72.98576,19.208304,0 72.985592,19.208292,0 72.985443,19.208272,0 72.985423,19.208269,0 72.98516499999999,19.208233,0 72.9847,19.20817,0 72.984725,19.207997,0 72.98406799999999,19.207914,0 72.984098,19.20768,0 72.984116,19.207542,0 72.984126,19.20746,0 72.984133,19.207409,0 72.984157,19.207224,0 72.98402299999999,19.207193,0 72.983991,19.207192,0 72.983968,19.207191,0 72.983769,19.207196,0 72.983559,19.207176,0 72.983524,19.207173,0 72.983504,19.207169,0 72.983418,19.207153,0 72.98330199999999,19.207131,0 72.98318,19.20709,0 72.98315700000001,19.207082,0 72.983142,19.207073,0 72.98315100000001,19.20695,0 72.983158,19.206892,0 72.98304899999999,19.206893,0 72.983009,19.206895,0 72.982913,19.206854,0 72.982872,19.206788,0 72.982857,19.206663,0 72.982831,19.206569,0 72.98276300000001,19.20632,0 72.98275599999999,19.206196,0 72.98274499999999,19.205868,0 72.982619,19.205878,0 72.98263900000001,19.205851,0 72.98269000000001,19.205769,0 72.982724,19.205728,0 72.98276,19.205701,0 72.98279700000001,19.205683,0 72.982749,19.205632,0 72.98271800000001,19.205604,0 72.982699,19.205583,0 72.982693,19.205576,0 72.98255899999999,19.205431,0 72.98254300000001,19.205418,0 72.982539,19.205414,0 72.982489,19.205408,0 72.982358,19.205413,0 72.98228899999999,19.205407,0 72.98226200000001,19.205405,0 72.98226099999999,19.205405,0 72.982202,19.205415,0 72.98219400000001,19.205417,0 72.982113,19.205441,0 72.982001,19.205473,0 72.982,19.205473,0 72.98197399999999,19.205481,0 72.981797,19.205499,0 72.981641,19.205495,0 72.981639,19.205495,0 72.981627,19.205495,0 72.981561,19.205489,0 72.98156,19.205489,0 72.981454,19.205479,0 72.981413,19.205477,0 72.98141099999999,19.205477,0 72.981323,19.205472,0 72.981309,19.205472,0 72.981161,19.205447,0 72.980987,19.205418,0 72.98096,19.205415,0 72.980958,19.205414,0 72.980673,19.20538,0 72.980619,19.205385,0 72.980599,19.205395,0 72.98058899999999,19.205406,0 72.980583,19.20542,0 72.98057300000001,19.205443,0 72.98056,19.20545,0 72.980582,19.205335,0 72.980619,19.204588,0 72.980527,19.204412,0 72.98052,19.204375,0 72.980535,19.20436,0 72.980592,19.204281,0 72.980559,19.204183,0 72.98045999999999,19.204192,0 72.980406,19.20419,0 72.97991500000001,19.204174,0 72.979754,19.204244,0 72.97976,19.204291,0 72.979209,19.204433,0 72.979088,19.204481,0 72.97891199999999,19.204568,0 72.978763,19.204599,0 72.97848,19.204508,0 72.978421,19.20428,0 72.978582,19.203963,0 72.978644,19.203828,0 72.97870899999999,19.20368,0 72.978767,19.203496,0 72.9788308431656,19.2032574078405,0 72.97884522963953,19.20316511504501,0 72.9788479685627,19.20314557423285,0 72.97886089624456,19.20306658252523,0 72.9788744878375,19.20288446480549,0 72.97888111754411,19.2027931811295,0 72.97889110955695,19.20272675287051,0 72.97890006030804,19.20265733182228,0 72.97893104185633,19.20254082561899,0 72.97895755318102,19.20246379780792,0 72.97899885899106,19.20234828200624,0 72.97902110336953,19.20228597402149,0 72.979034,19.202257,0 72.979083,19.202142,0 72.979119,19.202077,0 72.97917700000001,19.201975,0 72.979193,19.201947,0 72.979208,19.20192,0 72.97924,19.201865,0 72.979246,19.201855,0 72.979249,19.201851,0 72.97927900000001,19.2018,0 72.979321,19.201713,0 72.979336,19.201672,0 72.979359,19.201612,0 72.979387,19.201532,0 72.97942399999999,19.201413,0 72.979443,19.20128,0 72.979446,19.201255,0 72.979482,19.201005,0 72.979523,19.200696,0 72.97953,19.200644,0 72.97954,19.200574,0 72.97956600000001,19.200388,0 72.979612,19.200065,0 72.979623,19.199987,0 72.979646,19.199818,0 72.97967300000001,19.199657,0 72.979698,19.19945,0 72.97970100000001,19.199426,0 72.979744,19.199122,0 72.979761,19.198939,0 72.97978000000001,19.198789,0 72.979793,19.19871,0 72.979826,19.198499,0 72.979871,19.198222,0 72.979907,19.197977,0 72.979922,19.197868,0 72.979923,19.197864,0 72.979924,19.197853,0 72.97993,19.197769,0 72.979935,19.197674,0 72.979949,19.197356,0 72.979961,19.197278,0 72.97998800000001,19.197203,0 72.97988100000001,19.197152,0 72.97997700000001,19.197133,0 72.980071,19.197123,0 72.980192,19.197115,0 72.98032499999999,19.197107,0 72.980405,19.197112,0 72.980621,19.197124,0 72.98100700000001,19.197134,0 72.981112,19.197137,0 72.98186699999999,19.197179,0 72.982119,19.197195,0 72.982226,19.197206,0 72.98232400000001,19.197216,0 72.982355,19.197219,0 72.98275,19.197242,0 72.98312,19.197264,0 72.983363,19.197287,0 72.98363000000001,19.197312,0 72.98396099999999,19.197383,0 72.983846,19.197078,0 72.983694,19.196685,0 72.98356,19.196351,0 72.983559,19.196349,0 72.98445599999999,19.196184,0 72.984638,19.19615,0 72.984775,19.196125,0 72.985355,19.195972,0 72.985364,19.195968,0 72.985461,19.196268,0 72.985591,19.19658,0 72.985776,19.196973,0 72.985912,19.197259,0 72.98621199999999,19.197891,0 72.98638800000001,19.198241,0 72.986543,19.198547,0 72.98669700000001,19.198782,0 72.98669098047284,19.19878721073848,0 72.9867496319291,19.19888260692581,0 72.9867750331897,19.19892346250743,0 72.98681299731457,19.19898566979525,0 72.98697080987995,19.19924216707667,0 72.98702209377956,19.1993249443773,0 72.9870416806054,19.19935670572996,0 72.98719792544696,19.1996113846039,0 72.9872048810907,19.19962314302025,0 72.98725838673003,19.19971094960498,0 72.98731360502535,19.19980225641014,0 72.9873525913317,19.1998545135964,0 72.98740216685869,19.19992133686257,0 72.98747225037754,19.19999132787792,0 72.98754895724882,19.20006850208504,0 72.98760689204947,19.20012685709636,0 72.98762732523598,19.20014768996761,0 72.98773895847201,19.20025796227968,0 72.98796134382023,19.20046298754598,0 72.98803926879934,19.2005296540683,0 72.9881151037409,19.20059120719192,0 72.98822837225565,19.20068334220691,0 72.9883181371155,19.20075693065622,0 72.98838030015507,19.20080755485537,0 72.98844379435255,19.200859360841,0 72.98860156712699,19.20098805813724,0 72.98896183280121,19.20128286900684,0 72.98914543378743,19.20143291521405,0 72.98923802855906,19.20150860028669,0 72.98947431603639,19.20172683824736,0 72.99000326153308,19.20221380051774,0 72.99004702685856,19.20225509389984,0 72.9909362183045,19.20319312541097,0 72.99153093975212,19.20385445866199,0 72.99169477143731,19.20405682604343,0 72.99248623623544,19.20468215220158,0 72.99364574423011,19.20591960451095,0 72.99364783182212,19.20592464307185,0 72.993926,19.206315,0 72.99423899999999,19.206781,0 72.994484,19.207147,0 72.99458,19.207289,0 72.994754,19.207863,0 72.995135,19.209119,0 72.995131,19.20912,0 72.994798,19.209172,0 72.994733,19.209182,0 72.994585,19.209206,0 72.99454,19.209213,0 72.994508,19.209218,0 72.99449799999999,19.20922,0 72.994457,19.209226,0 72.994383,19.209238,0 72.99436900000001,19.20924,0 72.99423400000001,19.209262,0 72.994038,19.209293,0 72.99366000000001,19.209356,0 72.99345599999999,19.209385,0 72.992418,19.209546,0 72.99235299999999,19.209557,0 72.991784,19.209645,0 72.99167799999999,19.209661,0 72.991573,19.20968,0 72.991118,19.209773,0 72.990309,19.209892,0 72.989802,19.209967,0 72.989177,19.210066,0 72.988546,19.210167,0 72.98842999999999,19.210188,0 72.988395,19.210194,0 72.98797,19.210268,0 72.98782941674376,19.21028998603249,0 72.98760710783931,19.21032437909065,0 72.98734330670622,19.21036553137127,0 72.98695014355339,19.21043114587853,0 72.98677937177015,19.21045996193565,0 72.98652,19.210501,0 
						</coordinates>
					</LinearRing>
				</outerBoundaryIs>
			</Polygon>
		</Placemark>
	</Document>
	<Document>
		<name>Ward No. 11.kml</name>
		<StyleMap id="m_ylw-pushpin9">
			<Pair>
				<key>normal</key>
				<styleUrl>#s_ylw-pushpin9</styleUrl>
			</Pair>
			<Pair>
				<key>highlight</key>
				<styleUrl>#s_ylw-pushpin_hl9</styleUrl>
			</Pair>
		</StyleMap>
		<Style id="s_ylw-pushpin9">
			<IconStyle>
				<scale>1.1</scale>
				<Icon>
					<href>http://maps.google.com/mapfiles/kml/pushpin/ylw-pushpin.png</href>
				</Icon>
				<hotSpot x="20" y="2" xunits="pixels" yunits="pixels"/>
			</IconStyle>
			<LineStyle>
				<color>ffffff55</color>
				<width>3</width>
			</LineStyle>
			<PolyStyle>
				<fill>0</fill>
			</PolyStyle>
		</Style>
		<Style id="s_ylw-pushpin_hl9">
			<IconStyle>
				<scale>1.3</scale>
				<Icon>
					<href>http://maps.google.com/mapfiles/kml/pushpin/ylw-pushpin.png</href>
				</Icon>
				<hotSpot x="20" y="2" xunits="pixels" yunits="pixels"/>
			</IconStyle>
			<LineStyle>
				<color>ffffff55</color>
				<width>3</width>
			</LineStyle>
			<PolyStyle>
				<fill>0</fill>
			</PolyStyle>
		</Style>
		<Placemark>
			<name>Ward No. 11.kml</name>
			<styleUrl>#m_ylw-pushpin9</styleUrl>
			<Polygon>
				<tessellate>1</tessellate>
				<outerBoundaryIs>
					<LinearRing>
						<coordinates>
							72.973969,19.201254,0 72.974087,19.201355,0 72.974238,19.201436,0 72.974406,19.201512,0 72.974465,19.201538,0 72.97456699999999,19.201581,0 72.974666,19.201621,0 72.97474099999999,19.201652,0 72.974957,19.201748,0 72.975159,19.20184,0 72.97523200000001,19.201872,0 72.97534400000001,19.201921,0 72.975487,19.202003,0 72.975593,19.202083,0 72.97565400000001,19.202136,0 72.97575000000001,19.20222,0 72.975765,19.202233,0 72.975894,19.202353,0 72.975937,19.202394,0 72.97598499999999,19.202438,0 72.976001,19.202453,0 72.976056,19.202503,0 72.976131,19.202571,0 72.976219,19.202654,0 72.976263,19.202696,0 72.976288,19.202719,0 72.976293,19.202724,0 72.976429,19.202847,0 72.97658,19.202983,0 72.976685,19.20308,0 72.97674499999999,19.203135,0 72.976797,19.203183,0 72.97686899999999,19.20326,0 72.97694199999999,19.203336,0 72.977028,19.20343,0 72.977091,19.203501,0 72.977131,19.203556,0 72.97715599999999,19.203595,0 72.977496,19.203404,0 72.977718,19.203291,0 72.977875,19.203227,0 72.978093,19.203138,0 72.97825899999999,19.203192,0 72.97832,19.203197,0 72.97836599999999,19.20319,0 72.978531,19.203129,0 72.978587,19.203122,0 72.978646,19.203124,0 72.97884500000001,19.203167,0 72.978831,19.203257,0 72.978767,19.203496,0 72.97870900729595,19.20368012371401,0 72.97865048638188,19.20381315985917,0 72.97861442985464,19.20389290422363,0 72.97857967757845,19.20396770091293,0 72.978421,19.20428,0 72.97848,19.204508,0 72.978763,19.204599,0 72.97891199999999,19.204568,0 72.979088,19.204481,0 72.979173,19.204443,0 72.97976,19.204291,0 72.979754,19.204244,0 72.97991500000001,19.204174,0 72.980406,19.20419,0 72.98045999999999,19.204192,0 72.980559,19.204183,0 72.980592,19.204281,0 72.980535,19.20436,0 72.98052,19.204375,0 72.980527,19.204412,0 72.980619,19.204588,0 72.980582,19.205335,0 72.98056,19.20545,0 72.98057300000001,19.205443,0 72.980583,19.20542,0 72.98058899999999,19.205406,0 72.980599,19.205395,0 72.980619,19.205385,0 72.980673,19.20538,0 72.980958,19.205414,0 72.98096,19.205415,0 72.980987,19.205418,0 72.981161,19.205447,0 72.981309,19.205472,0 72.981323,19.205472,0 72.98141099999999,19.205477,0 72.981413,19.205477,0 72.981454,19.205479,0 72.98156,19.205489,0 72.981561,19.205489,0 72.981627,19.205495,0 72.981639,19.205495,0 72.981641,19.205495,0 72.981797,19.205499,0 72.98197399999999,19.205481,0 72.982,19.205473,0 72.982001,19.205473,0 72.982113,19.205441,0 72.98219400000001,19.205417,0 72.982202,19.205415,0 72.98226099999999,19.205405,0 72.98226200000001,19.205405,0 72.98228899999999,19.205407,0 72.982358,19.205413,0 72.982489,19.205408,0 72.982539,19.205414,0 72.98254300000001,19.205418,0 72.98255899999999,19.205431,0 72.982693,19.205576,0 72.982699,19.205583,0 72.98271800000001,19.205604,0 72.982749,19.205632,0 72.98279700000001,19.205683,0 72.98276,19.205701,0 72.982724,19.205728,0 72.98269000000001,19.205769,0 72.98263900000001,19.205851,0 72.982619,19.205878,0 72.98274499999999,19.205868,0 72.98275599999999,19.206196,0 72.98276300000001,19.20632,0 72.982831,19.206569,0 72.982857,19.206663,0 72.982872,19.206788,0 72.982913,19.206854,0 72.983009,19.206895,0 72.98304899999999,19.206893,0 72.983158,19.206892,0 72.98315100000001,19.20695,0 72.983142,19.207073,0 72.98315700000001,19.207082,0 72.98318,19.20709,0 72.98330199999999,19.207131,0 72.983418,19.207153,0 72.983504,19.207169,0 72.983524,19.207173,0 72.983559,19.207176,0 72.983769,19.207196,0 72.983968,19.207191,0 72.983991,19.207192,0 72.98402299999999,19.207193,0 72.984157,19.207224,0 72.984133,19.207409,0 72.984126,19.20746,0 72.984116,19.207542,0 72.984098,19.20768,0 72.98406799999999,19.207914,0 72.984725,19.207997,0 72.9847,19.20817,0 72.98516499999999,19.208233,0 72.985423,19.208269,0 72.985443,19.208272,0 72.985592,19.208292,0 72.98576,19.208304,0 72.98586,19.208479,0 72.985951,19.208444,0 72.98602,19.208555,0 72.986075,19.208678,0 72.98616800000001,19.208744,0 72.986231,19.208789,0 72.9862,19.208823,0 72.986188,19.208844,0 72.986141,19.208923,0 72.986087,19.209088,0 72.986034,19.209289,0 72.986002,19.209458,0 72.98597599999999,19.209594,0 72.98596499999999,19.20969,0 72.98596999999999,19.209774,0 72.985995,19.209944,0 72.986024,19.210044,0 72.986029,19.210065,0 72.986043,19.21013,0 72.986037,19.210194,0 72.98601499999999,19.210252,0 72.98483026985114,19.21043660549397,0 72.98409928475405,19.21055909359374,0 72.984117,19.210727,0 72.98412399999999,19.210775,0 72.98414,19.210885,0 72.983542,19.210984,0 72.98275,19.211109,0 72.98225600000001,19.21119,0 72.982108,19.211216,0 72.982005,19.211235,0 72.981989,19.211238,0 72.98177200000001,19.211283,0 72.981458,19.211336,0 72.981302,19.211362,0 72.981015,19.211409,0 72.980992,19.211412,0 72.98090999999999,19.211426,0 72.980574,19.211481,0 72.980367,19.211515,0 72.980251,19.211533,0 72.980234,19.211536,0 72.979967,19.21158,0 72.979867,19.211597,0 72.979726,19.211619,0 72.97949800000001,19.211654,0 72.979451,19.211661,0 72.979313,19.211683,0 72.97911999999999,19.211714,0 72.979091,19.211718,0 72.979088,19.211718,0 72.979026,19.211728,0 72.97851199999999,19.211813,0 72.978509,19.211814,0 72.978397,19.211828,0 72.978323,19.211837,0 72.97823099999999,19.211849,0 72.978008,19.211878,0 72.97775300000001,19.211887,0 72.977525,19.211895,0 72.97724100000001,19.211881,0 72.977181,19.211879,0 72.976893,19.211831,0 72.976827,19.211811,0 72.97661600000001,19.211748,0 72.976354,19.211635,0 72.976181,19.211539,0 72.97610899999999,19.211499,0 72.97594700000001,19.211388,0 72.97583299999999,19.211289,0 72.97578,19.211242,0 72.975571,19.211048,0 72.975444,19.210919,0 72.975386,19.210861,0 72.975257,19.21073,0 72.974923,19.210406,0 72.97489299999999,19.210376,0 72.97302500000001,19.208553,0 72.970381,19.205987,0 72.97020500000001,19.205816,0 72.9697,19.205338,0 72.96879300000001,19.204481,0 72.968855,19.20446,0 72.96896700000001,19.204422,0 72.969131,19.204366,0 72.96919200000001,19.204347,0 72.96950699999999,19.20426,0 72.969539,19.20425,0 72.970004,19.204103,0 72.97031,19.204002,0 72.970428,19.203963,0 72.9705,19.203939,0 72.97063199999999,19.203896,0 72.970692,19.203876,0 72.970797,19.203846,0 72.970855,19.203825,0 72.97087500000001,19.203817,0 72.97102099999999,19.203756,0 72.971131,19.203706,0 72.971188,19.203677,0 72.97121799999999,19.203662,0 72.971245,19.203648,0 72.97135,19.203599,0 72.97139300000001,19.203579,0 72.971614,19.203465,0 72.97169599999999,19.203419,0 72.971721,19.203405,0 72.971828,19.20332,0 72.971862,19.20329,0 72.971891,19.203261,0 72.971919,19.203233,0 72.97197300000001,19.203184,0 72.972004,19.203156,0 72.972084,19.203082,0 72.972094,19.203073,0 72.972204,19.202975,0 72.972309,19.202873,0 72.97232099999999,19.202862,0 72.972364,19.202821,0 72.972503,19.202689,0 72.972516,19.202677,0 72.972601,19.202599,0 72.97263599999999,19.202567,0 72.972686,19.202522,0 72.972784,19.202436,0 72.972792,19.202428,0 72.972891,19.202335,0 72.973005,19.202225,0 72.973114,19.202113,0 72.973187,19.202034,0 72.973313,19.201912,0 72.97341,19.201809,0 72.97357700000001,19.201636,0 72.973612,19.2016,0 72.973664,19.201546,0 72.973748,19.201456,0 72.97377899999999,19.201425,0 72.973855,19.201347,0 72.973969,19.201254,0 
						</coordinates>
					</LinearRing>
				</outerBoundaryIs>
			</Polygon>
		</Placemark>
	</Document>
	<Document>
		<name>Ward No. 12.kml</name>
		<StyleMap id="m_ylw-pushpin10">
			<Pair>
				<key>normal</key>
				<styleUrl>#s_ylw-pushpin10</styleUrl>
			</Pair>
			<Pair>
				<key>highlight</key>
				<styleUrl>#s_ylw-pushpin_hl10</styleUrl>
			</Pair>
		</StyleMap>
		<Style id="s_ylw-pushpin10">
			<IconStyle>
				<scale>1.1</scale>
				<Icon>
					<href>http://maps.google.com/mapfiles/kml/pushpin/ylw-pushpin.png</href>
				</Icon>
				<hotSpot x="20" y="2" xunits="pixels" yunits="pixels"/>
			</IconStyle>
			<LineStyle>
				<color>ffffff55</color>
				<width>3</width>
			</LineStyle>
			<PolyStyle>
				<fill>0</fill>
			</PolyStyle>
		</Style>
		<Style id="s_ylw-pushpin_hl10">
			<IconStyle>
				<scale>1.3</scale>
				<Icon>
					<href>http://maps.google.com/mapfiles/kml/pushpin/ylw-pushpin.png</href>
				</Icon>
				<hotSpot x="20" y="2" xunits="pixels" yunits="pixels"/>
			</IconStyle>
			<LineStyle>
				<color>ffffff55</color>
				<width>3</width>
			</LineStyle>
			<PolyStyle>
				<fill>0</fill>
			</PolyStyle>
		</Style>
		<Placemark>
			<name>Ward No. 12.kml</name>
			<styleUrl>#m_ylw-pushpin10</styleUrl>
			<Polygon>
				<tessellate>1</tessellate>
				<outerBoundaryIs>
					<LinearRing>
						<coordinates>
							72.971717,19.19778,0 72.97172399999999,19.19785,0 72.971738,19.197974,0 72.971738,19.197977,0 72.971757,19.198178,0 72.971785,19.198375,0 72.97181999999999,19.198577,0 72.971845,19.198708,0 72.97185,19.198736,0 72.971874,19.198821,0 72.971897,19.198904,0 72.971935,19.199005,0 72.971964,19.199076,0 72.971971,19.199092,0 72.97199000000001,19.199128,0 72.97204000000001,19.19919,0 72.972127,19.199295,0 72.97221399999999,19.199395,0 72.972275,19.199464,0 72.972393,19.199596,0 72.97239999999999,19.199606,0 72.97247900000001,19.199708,0 72.972508,19.199742,0 72.972589,19.199841,0 72.97274,19.200035,0 72.97278900000001,19.200101,0 72.972869,19.200209,0 72.97287799999999,19.200221,0 72.972962,19.200334,0 72.973011,19.2004,0 72.973128,19.200524,0 72.973203,19.2006,0 72.973331,19.200723,0 72.97347600000001,19.200849,0 72.973533,19.200898,0 72.973573,19.200931,0 72.973697,19.201031,0 72.97382500000001,19.20113,0 72.973969,19.201254,0 72.973855,19.201347,0 72.97377899999999,19.201425,0 72.973748,19.201456,0 72.973664,19.201546,0 72.973612,19.2016,0 72.97357700000001,19.201636,0 72.97341,19.201809,0 72.973313,19.201912,0 72.973187,19.202034,0 72.973114,19.202113,0 72.973005,19.202225,0 72.972891,19.202335,0 72.972792,19.202428,0 72.972784,19.202436,0 72.972686,19.202522,0 72.97263599999999,19.202567,0 72.972601,19.202599,0 72.972516,19.202677,0 72.972503,19.202689,0 72.972364,19.202821,0 72.97232099999999,19.202862,0 72.972309,19.202873,0 72.972204,19.202975,0 72.972094,19.203073,0 72.972084,19.203082,0 72.972004,19.203156,0 72.971919,19.203233,0 72.971891,19.203261,0 72.971862,19.20329,0 72.971828,19.20332,0 72.971721,19.203405,0 72.97169599999999,19.203419,0 72.971614,19.203465,0 72.97139300000001,19.203579,0 72.97135,19.203599,0 72.971245,19.203648,0 72.97121799999999,19.203662,0 72.971188,19.203677,0 72.971131,19.203706,0 72.97102099999999,19.203756,0 72.97087500000001,19.203817,0 72.970855,19.203825,0 72.970797,19.203846,0 72.970692,19.203876,0 72.97063199999999,19.203896,0 72.9705,19.203939,0 72.970428,19.203963,0 72.97031,19.204002,0 72.970004,19.204103,0 72.969539,19.20425,0 72.96950699999999,19.20426,0 72.96919200000001,19.204347,0 72.969131,19.204366,0 72.96896700000001,19.204422,0 72.968855,19.20446,0 72.96879300000001,19.204481,0 72.96875300000001,19.204444,0 72.96818399999999,19.203909,0 72.96817799999999,19.203904,0 72.96806599999999,19.203795,0 72.968065,19.203794,0 72.96802700000001,19.203757,0 72.968025,19.203755,0 72.96799300000001,19.203725,0 72.967913,19.203648,0 72.967696,19.203444,0 72.967428,19.203195,0 72.967097,19.202882,0 72.967009,19.202798,0 72.96683299999999,19.202631,0 72.966795,19.202596,0 72.966628,19.202442,0 72.966436,19.202259,0 72.966207,19.202041,0 72.965997,19.201839,0 72.96590999999999,19.201755,0 72.96587100000001,19.201718,0 72.965671,19.201532,0 72.965571,19.201438,0 72.965429,19.201303,0 72.965197,19.201081,0 72.965067,19.20096,0 72.96495899999999,19.20086,0 72.964843,19.200749,0 72.964702,19.200615,0 72.964519,19.200444,0 72.964443,19.200371,0 72.964263,19.200196,0 72.964146,19.200078,0 72.963965,19.199894,0 72.963776,19.199677,0 72.963728,19.199622,0 72.963703,19.199593,0 72.963679,19.199565,0 72.96360900000001,19.19949,0 72.963419,19.199242,0 72.96327100000001,19.199001,0 72.963238,19.198946,0 72.96313600000001,19.198778,0 72.963059,19.198621,0 72.962892,19.198285,0 72.962825,19.198116,0 72.962816,19.198094,0 72.962709,19.197825,0 72.96265099999999,19.197658,0 72.96260100000001,19.197513,0 72.962597,19.197501,0 72.96259000000001,19.19748,0 72.96256715387594,19.19737863485549,0 72.96249342758328,19.19734679586286,0 72.96244327244492,19.19686019703824,0 72.96242298185405,19.19652063644667,0 72.96240299863847,19.19621091637075,0 72.96241750200195,19.19606836334565,0 72.96244425838907,19.19606325855697,0 72.96244299999999,19.19589,0 72.962487,19.195473,0 72.962515,19.195293,0 72.962518,19.195275,0 72.962542,19.195115,0 72.962632,19.19453,0 72.962643,19.194463,0 72.962681,19.194224,0 72.962772,19.193652,0 72.962824,19.193326,0 72.962881,19.192957,0 72.963621,19.193041,0 72.96425499999999,19.193176,0 72.964172,19.193248,0 72.964122,19.193346,0 72.964077,19.193468,0 72.964051,19.19359,0 72.96419299999999,19.193587,0 72.964449,19.193577,0 72.964624,19.19358,0 72.96474000000001,19.19359,0 72.964932,19.193606,0 72.965047,19.19362,0 72.965097,19.193623,0 72.965138,19.193625,0 72.96517799999999,19.193627,0 72.965672,19.193654,0 72.96571299999999,19.193652,0 72.965772,19.19365,0 72.966247,19.193632,0 72.966272,19.193631,0 72.96666500000001,19.193609,0 72.96685600000001,19.193599,0 72.966888,19.193594,0 72.966888,19.193594,0 72.967218,19.193552,0 72.967313,19.193521,0 72.967457,19.193475,0 72.967658,19.193378,0 72.967665,19.193374,0 72.96783499999999,19.193269,0 72.96815599999999,19.193038,0 72.968232,19.192946,0 72.968383,19.192764,0 72.96851599999999,19.192596,0 72.968723,19.192337,0 72.96898899999999,19.192015,0 72.96904600000001,19.192046,0 72.96927700000001,19.192201,0 72.96938900000001,19.192267,0 72.96959200000001,19.192383,0 72.96961400000001,19.1924,0 72.96973800000001,19.192491,0 72.96977099999999,19.192521,0 72.96987,19.192611,0 72.969979,19.192712,0 72.970146,19.192859,0 72.97024399999999,19.193198,0 72.970308,19.193494,0 72.970316,19.193531,0 72.970319,19.193544,0 72.970431,19.194,0 72.970516,19.194307,0 72.970522,19.194329,0 72.9706,19.194609,0 72.970658,19.194809,0 72.970687,19.194908,0 72.97075,19.195096,0 72.970775,19.195171,0 72.97085800000001,19.195368,0 72.970924,19.195535,0 72.970934,19.195562,0 72.971041,19.195834,0 72.97110600000001,19.19599,0 72.97112799999999,19.196041,0 72.971147,19.196088,0 72.97131,19.196531,0 72.97138699999999,19.196763,0 72.97143800000001,19.196841,0 72.97147699999999,19.1969,0 72.971491,19.196922,0 72.971558,19.197098,0 72.971614,19.197274,0 72.97165800000001,19.197429,0 72.971684,19.197576,0 72.971715,19.19776,0 72.971717,19.19778,0 
						</coordinates>
					</LinearRing>
				</outerBoundaryIs>
			</Polygon>
		</Placemark>
	</Document>
	<Document>
		<name>Ward No. 13.kml</name>
		<StyleMap id="m_ylw-pushpin11">
			<Pair>
				<key>normal</key>
				<styleUrl>#s_ylw-pushpin11</styleUrl>
			</Pair>
			<Pair>
				<key>highlight</key>
				<styleUrl>#s_ylw-pushpin_hl11</styleUrl>
			</Pair>
		</StyleMap>
		<Style id="s_ylw-pushpin11">
			<IconStyle>
				<scale>1.1</scale>
				<Icon>
					<href>http://maps.google.com/mapfiles/kml/pushpin/ylw-pushpin.png</href>
				</Icon>
				<hotSpot x="20" y="2" xunits="pixels" yunits="pixels"/>
			</IconStyle>
			<LineStyle>
				<color>ffffff55</color>
				<width>3</width>
			</LineStyle>
			<PolyStyle>
				<fill>0</fill>
			</PolyStyle>
		</Style>
		<Style id="s_ylw-pushpin_hl11">
			<IconStyle>
				<scale>1.3</scale>
				<Icon>
					<href>http://maps.google.com/mapfiles/kml/pushpin/ylw-pushpin.png</href>
				</Icon>
				<hotSpot x="20" y="2" xunits="pixels" yunits="pixels"/>
			</IconStyle>
			<LineStyle>
				<color>ffffff55</color>
				<width>3</width>
			</LineStyle>
			<PolyStyle>
				<fill>0</fill>
			</PolyStyle>
		</Style>
		<Placemark>
			<name>Ward No. 13.kml</name>
			<styleUrl>#m_ylw-pushpin11</styleUrl>
			<Polygon>
				<tessellate>1</tessellate>
				<outerBoundaryIs>
					<LinearRing>
						<coordinates>
							72.954454,19.205044,0 72.95441599999999,19.205044,0 72.95425899999999,19.205045,0 72.953981,19.205052,0 72.953886,19.204686,0 72.95387599999999,19.204645,0 72.953867,19.204612,0 72.95381399999999,19.204412,0 72.953808,19.20439,0 72.953801,19.204367,0 72.95379800000001,19.204355,0 72.95379699999999,19.204343,0 72.953795,19.204317,0 72.953793,19.204286,0 72.953794,19.204196,0 72.954157,19.204123,0 72.954251,19.204087,0 72.95446800000001,19.204052,0 72.95456299999999,19.204012,0 72.954652,19.203951,0 72.95501,19.203708,0 72.955084,19.203658,0 72.955096,19.20365,0 72.95510400000001,19.203644,0 72.955108,19.20365,0 72.955955,19.203078,0 72.956006,19.203043,0 72.956489,19.202714,0 72.956898,19.202436,0 72.957194,19.202235,0 72.957292,19.202169,0 72.957403,19.202094,0 72.9575,19.202028,0 72.95774400000001,19.201863,0 72.957778,19.201859,0 72.95787,19.201859,0 72.95807499999999,19.201854,0 72.958134,19.201853,0 72.95840200000001,19.201835,0 72.958426,19.201834,0 72.958467,19.201832,0 72.95849200000001,19.201831,0 72.958564,19.201819,0 72.95874999999999,19.201768,0 72.958996,19.201675,0 72.959102,19.201629,0 72.959113,19.201624,0 72.959452,19.201478,0 72.959525,19.201445,0 72.959565,19.201427,0 72.959604,19.201409,0 72.959641,19.201395,0 72.95967,19.201384,0 72.959621,19.20129,0 72.95961200000001,19.201273,0 72.959543,19.201102,0 72.959418,19.200838,0 72.959396,19.200801,0 72.959357,19.200731,0 72.959352,19.200723,0 72.95927500000001,19.200493,0 72.959186,19.20031,0 72.959084,19.200099,0 72.95905,19.200031,0 72.95900399999999,19.199936,0 72.958876,19.199717,0 72.95886,19.199682,0 72.958859,19.199683,0 72.958703,19.199327,0 72.958664,19.19924,0 72.95866100000001,19.199235,0 72.958563,19.199016,0 72.958558,19.199004,0 72.958541,19.198967,0 72.958516,19.198915,0 72.958516,19.198912,0 72.95844200000001,19.198752,0 72.958394,19.198629,0 72.958377,19.198585,0 72.958253,19.198257,0 72.958224,19.198181,0 72.958146,19.197997,0 72.95812599999999,19.197951,0 72.95810899999999,19.197918,0 72.958107,19.197913,0 72.95807600000001,19.197841,0 72.95806899999999,19.197825,0 72.957913,19.19746,0 72.957778,19.197144,0 72.957629,19.196795,0 72.95747799999999,19.196516,0 72.957289,19.196204,0 72.957247,19.196139,0 72.957121,19.195923,0 72.956982,19.195714,0 72.956705,19.195862,0 72.95599300000001,19.195022,0 72.956005,19.195014,0 72.95540099999999,19.194367,0 72.955437,19.194338,0 72.955501,19.194287,0 72.954336,19.193079,0 72.954505,19.192931,0 72.95462000000001,19.192838,0 72.954939,19.192546,0 72.95501400000001,19.19246,0 72.955057,19.192399,0 72.955073,19.192364,0 72.95507499999999,19.192362,0 72.95540699999999,19.192579,0 72.95664499999999,19.193927,0 72.957137,19.194463,0 72.957162,19.194445,0 72.95719099999999,19.194426,0 72.957221,19.194406,0 72.957426,19.194379,0 72.95752299999999,19.194366,0 72.95759099999999,19.194357,0 72.957623,19.194353,0 72.957623,19.194353,0 72.95811999999999,19.194285,0 72.958139,19.194317,0 72.95816000000001,19.194343,0 72.958178,19.194369,0 72.958203,19.194395,0 72.95828899999999,19.194495,0 72.95829000000001,19.194496,0 72.958451,19.194642,0 72.958597,19.194767,0 72.95867699999999,19.194837,0 72.95883499999999,19.194964,0 72.95889,19.195,0 72.958917,19.195019,0 72.959118,19.195157,0 72.959182,19.195189,0 72.95923999999999,19.195209,0 72.959236,19.195262,0 72.959236,19.195475,0 72.959245,19.19598,0 72.959248,19.196055,0 72.959253,19.19622,0 72.959261,19.196298,0 72.959299,19.196708,0 72.95933100000001,19.196701,0 72.95946600000001,19.196674,0 72.959711,19.196645,0 72.959748,19.196642,0 72.960255,19.196611,0 72.960314,19.196606,0 72.960391,19.196599,0 72.960543,19.196574,0 72.960883,19.196473,0 72.96107000000001,19.196418,0 72.961146,19.196395,0 72.96164,19.196277,0 72.961679,19.196268,0 72.96169999999999,19.196263,0 72.96208900000001,19.196158,0 72.962316,19.196097,0 72.96241779117376,19.19606966926748,0 72.96241301893926,19.19611543721087,0 72.96240282653342,19.19621090938934,0 72.96242502322225,19.19655785507774,0 72.96243565000171,19.19673130291239,0 72.96244355010866,19.19686426381683,0 72.96249354123047,19.19734669407692,0 72.96256693380491,19.19737881556938,0 72.96259000000001,19.19748,0 72.962597,19.197501,0 72.96260100000001,19.197513,0 72.96265099999999,19.197658,0 72.962709,19.197825,0 72.962816,19.198094,0 72.962825,19.198116,0 72.962892,19.198285,0 72.96294399999999,19.19839,0 72.963059,19.198621,0 72.96313600000001,19.198778,0 72.963238,19.198946,0 72.96327100000001,19.199001,0 72.963419,19.199242,0 72.96360900000001,19.19949,0 72.963679,19.199565,0 72.963703,19.199593,0 72.963728,19.199622,0 72.963776,19.199677,0 72.963965,19.199894,0 72.964045,19.199975,0 72.964146,19.200078,0 72.964263,19.200196,0 72.964443,19.200371,0 72.964519,19.200444,0 72.96468,19.200594,0 72.964702,19.200615,0 72.964843,19.200749,0 72.96495899999999,19.20086,0 72.965067,19.20096,0 72.965197,19.201081,0 72.965429,19.201303,0 72.965571,19.201438,0 72.965671,19.201532,0 72.96587100000001,19.201718,0 72.96590999999999,19.201755,0 72.965997,19.201839,0 72.965727,19.201953,0 72.965585,19.202013,0 72.965568,19.202024,0 72.964989,19.202384,0 72.964972,19.202386,0 72.964947,19.202383,0 72.964921,19.202367,0 72.964529,19.201975,0 72.964502,19.201963,0 72.96447000000001,19.201961,0 72.964432,19.201964,0 72.964399,19.201975,0 72.964265,19.202032,0 72.964181,19.202068,0 72.964035,19.202144,0 72.963866,19.202204,0 72.963774,19.202236,0 72.963735,19.202242,0 72.963723,19.202244,0 72.96372,19.202245,0 72.963666,19.202247,0 72.96360900000001,19.202238,0 72.963593,19.202239,0 72.963583,19.202245,0 72.963532,19.202301,0 72.96344000000001,19.202462,0 72.963345,19.20262,0 72.96332700000001,19.202632,0 72.96329799999999,19.202643,0 72.963267,19.202646,0 72.96322000000001,19.202637,0 72.963115,19.202608,0 72.9631,19.202603,0 72.963064,19.202678,0 72.962992,19.202739,0 72.96296100000001,19.202781,0 72.96292200000001,19.202861,0 72.962621,19.202748,0 72.962667,19.202578,0 72.96264499999999,19.202589,0 72.96257,19.202663,0 72.96253,19.202716,0 72.962467,19.202846,0 72.962366,19.203075,0 72.962324,19.203177,0 72.96225,19.203356,0 72.962119,19.203672,0 72.962107,19.203702,0 72.96209399999999,19.203721,0 72.96208900000001,19.203728,0 72.962053,19.203764,0 72.96200899999999,19.203807,0 72.961906,19.20391,0 72.961825,19.203979,0 72.961781,19.204049,0 72.961742,19.204189,0 72.961708,19.204406,0 72.961698,19.204425,0 72.961648,19.204449,0 72.961551,19.204464,0 72.96146,19.204459,0 72.96121599999999,19.204398,0 72.960949,19.204393,0 72.960904,19.204392,0 72.960887,19.204394,0 72.96082,19.204403,0 72.96077699999999,19.204409,0 72.96074900000001,19.204414,0 72.96071999999999,19.204418,0 72.960579,19.204496,0 72.96048500000001,19.204568,0 72.96031000000001,19.204813,0 72.960272,19.204835,0 72.960245,19.20484,0 72.96019099999999,19.20483,0 72.96000100000001,19.204752,0 72.95985400000001,19.204632,0 72.95981,19.204605,0 72.959681,19.204571,0 72.959631,19.204566,0 72.959501,19.204583,0 72.959363,19.204617,0 72.959148,19.204681,0 72.95905999999999,19.204747,0 72.958871,19.204871,0 72.958887,19.204903,0 72.958747,19.205016,0 72.958688,19.204933,0 72.95863,19.204956,0 72.958608,19.204966,0 72.958579,19.204968,0 72.95854799999999,19.204965,0 72.958519,19.20495,0 72.958496,19.204924,0 72.958493,19.204919,0 72.95847000000001,19.204944,0 72.958395,19.205023,0 72.95812100000001,19.20503,0 72.958083,19.20503,0 72.95786699999999,19.205035,0 72.95775,19.205038,0 72.95766999999999,19.20504,0 72.95752,19.205043,0 72.957391,19.205041,0 72.957369,19.20504,0 72.95677471793587,19.20502986726587,0 72.956726,19.205029,0 72.956626,19.205027,0 72.956456,19.205024,0 72.956346,19.205029,0 72.95630300000001,19.20503,0 72.956158,19.205037,0 72.95599900000001,19.205044,0 72.955913,19.205046,0 72.95565000000001,19.205051,0 72.955495,19.205054,0 72.95527800000001,19.205058,0 72.95495699999999,19.205052,0 72.95465,19.205044,0 72.954454,19.205044,0 
						</coordinates>
					</LinearRing>
				</outerBoundaryIs>
			</Polygon>
		</Placemark>
	</Document>
	<Document>
		<name>Ward No. 14.kml</name>
		<StyleMap id="m_ylw-pushpin12">
			<Pair>
				<key>normal</key>
				<styleUrl>#s_ylw-pushpin12</styleUrl>
			</Pair>
			<Pair>
				<key>highlight</key>
				<styleUrl>#s_ylw-pushpin_hl12</styleUrl>
			</Pair>
		</StyleMap>
		<Style id="s_ylw-pushpin12">
			<IconStyle>
				<scale>1.1</scale>
				<Icon>
					<href>http://maps.google.com/mapfiles/kml/pushpin/ylw-pushpin.png</href>
				</Icon>
				<hotSpot x="20" y="2" xunits="pixels" yunits="pixels"/>
			</IconStyle>
			<LineStyle>
				<color>ffffff55</color>
				<width>3</width>
			</LineStyle>
			<PolyStyle>
				<fill>0</fill>
			</PolyStyle>
		</Style>
		<Style id="s_ylw-pushpin_hl12">
			<IconStyle>
				<scale>1.3</scale>
				<Icon>
					<href>http://maps.google.com/mapfiles/kml/pushpin/ylw-pushpin.png</href>
				</Icon>
				<hotSpot x="20" y="2" xunits="pixels" yunits="pixels"/>
			</IconStyle>
			<LineStyle>
				<color>ffffff55</color>
				<width>3</width>
			</LineStyle>
			<PolyStyle>
				<fill>0</fill>
			</PolyStyle>
		</Style>
		<Placemark>
			<name>Ward No. 14.kml</name>
			<styleUrl>#m_ylw-pushpin12</styleUrl>
			<Polygon>
				<tessellate>1</tessellate>
				<outerBoundaryIs>
					<LinearRing>
						<coordinates>
							72.94369475780361,19.2133033032665,0 72.94297663738882,19.21360703158789,0 72.94247688481281,19.21381798973083,0 72.94200140138332,19.21401900245112,0 72.94153896518957,19.21421415356046,0 72.94099294037454,19.2144451237997,0 72.94097783873225,19.2144026331788,0 72.94009137705191,19.21374984236096,0 72.93846861308485,19.21100650712773,0 72.93831030957421,19.21034681846193,0 72.93824448487548,19.20963878286533,0 72.9379115404402,19.2091393149637,0 72.9378827557901,19.20909709288049,0 72.93674267306211,19.20753551933834,0 72.93964085672003,19.20716604364872,0 72.94146261585247,19.20693291903374,0 72.9423494786562,19.20681889309478,0 72.94339305263382,19.2066858816842,0 72.94418238474449,19.20658464815458,0 72.9446474626279,19.20652551059952,0 72.94471405014279,19.20651707754437,0 72.94471602546615,19.20652597068362,0 72.94477288215253,19.2065159500808,0 72.94477992101672,19.20652100364658,0 72.94597195886078,19.20643402979152,0 72.94656528944881,19.20618531501233,0 72.94676491217326,19.20610214962974,0 72.94745346553829,19.20593574544042,0 72.94840314112962,19.20570742680902,0 72.94899966268723,19.20556307272084,0 72.94920681474851,19.2055130577847,0 72.94954718123655,19.20543091257798,0 72.94977407833018,19.20693501176534,0 72.95046404182794,19.20679819208831,0 72.95042902258841,19.20664187973159,0 72.95066801247944,19.20659103722194,0 72.95076236592004,19.20657629010616,0 72.95078733250631,19.20657241921224,0 72.95083570545121,19.20656393983618,0 72.95101293821517,19.2065351684009,0 72.95103116647626,19.20653300825401,0 72.95108710465244,19.20652406218441,0 72.95130570335292,19.20647206287238,0 72.95134904011039,19.2064490286293,0 72.95134991361222,19.20644698975381,0 72.95135164320251,19.20643852419867,0 72.95136199111467,19.20639752398084,0 72.95134500464086,19.20624950978625,0 72.95133992440805,19.2062357437786,0 72.95136990302663,19.20623356702186,0 72.95142557222886,19.20622893494101,0 72.95149762282584,19.20622403650764,0 72.95177362570497,19.2062060842326,0 72.95196100134667,19.20619385126723,0 72.95211950082908,19.20618350868473,0 72.95232547904175,19.2061707372245,0 72.9524716277994,19.20616164210606,0 72.95259595368492,19.20615299826247,0 72.95261862938898,19.20614085343627,0 72.95263532664862,19.20613189047955,0 72.95266708144754,19.20612088698732,0 72.95276691106368,19.2060863939168,0 72.9528357572665,19.2060615619759,0 72.95290226826465,19.20603889550783,0 72.95299652987123,19.20601700825666,0 72.95309548054895,19.20599518197312,0 72.9532774968322,19.2059548465862,0 72.95332359845996,19.20594542628389,0 72.95348687366143,19.20591181090912,0 72.95362353961833,19.20588329628832,0 72.95383000539304,19.20584015528236,0 72.95385676975613,19.20583292568072,0 72.95412747988082,19.2057602883171,0 72.95416205459765,19.20574294106898,0 72.95415211970818,19.20572118023757,0 72.95401404952298,19.20518111411877,0 72.95398099116284,19.20505200549248,0 72.95433498054469,19.20504440941887,0 72.95446062652734,19.20504402201348,0 72.95463292661779,19.20504393065275,0 72.95466235370633,19.20504442921325,0 72.95495085993434,19.20505182595481,0 72.95507904906312,19.20505445748521,0 72.95527618039399,19.20505791657214,0 72.95553115549527,19.20505328203985,0 72.95600348472352,19.20504385485023,0 72.95630119438802,19.20502987531987,0 72.95632050612383,19.2050295898888,0 72.95645766580191,19.20502413289752,0 72.95695796166349,19.20503293751813,0 72.95736891167233,19.20504006668981,0 72.95739299755851,19.205041035397,0 72.95749739006871,19.20504265821139,0 72.95752556069522,19.20504282649376,0 72.95759137131145,19.20504165688042,0 72.95788059460213,19.20503475762958,0 72.95801903756913,19.20503147163556,0 72.95805966955091,19.2050305109334,0 72.95808353971962,19.20502997801537,0 72.95812095862578,19.20503005548633,0 72.95818916012874,19.20502819037368,0 72.95822910945098,19.20502723060074,0 72.95829762455391,19.20502545287459,0 72.95835505077901,19.20502400620892,0 72.95839496961332,19.20502299702183,0 72.95844327144246,19.20497216231696,0 72.95846769884088,19.20494640091383,0 72.958493002067,19.20491902759685,0 72.95849631499682,19.20492434522439,0 72.95851906290464,19.20495004904487,0 72.95854796712872,19.20496500509991,0 72.95857914139084,19.20496801798146,0 72.95860790624657,19.20496606611198,0 72.95863009629653,19.20495596576266,0 72.95864068192655,19.20495176013655,0 72.95868785744484,19.20493299582237,0 72.95874704972137,19.20501590979131,0 72.95886960870565,19.2049170195865,0 72.95888695323025,19.2049030853272,0 72.95887103647853,19.20487093971284,0 72.95898771869096,19.20479449300608,0 72.9590602282007,19.20474664103232,0 72.95914806781565,19.20468090119474,0 72.95936682512759,19.20461587980256,0 72.95939302218287,19.20460969020257,0 72.95950154686423,19.20458284291482,0 72.95963138045089,19.20456601248078,0 72.95968084120524,19.20457097443124,0 72.95972374894791,19.20458220984767,0 72.95980992838881,19.2046050075418,0 72.95985410559166,19.2046319900997,0 72.9600006856048,19.20475186026578,0 72.96019032806606,19.20482977533135,0 72.96024495131573,19.20484002990692,0 72.96027160855479,19.20483508995341,0 72.96030997249954,19.20481308124638,0 72.9604856312296,19.20456754495334,0 72.96057916668799,19.20449592790004,0 72.96071988592915,19.20441804549373,0 72.96074855371857,19.20441404492514,0 72.96077892621553,19.20440872642303,0 72.96082005039217,19.20440295900023,0 72.96082673319719,19.20441918173687,0 72.96084598654235,19.20446587699517,0 72.96081509141564,19.20448014004538,0 72.96081901667173,19.2045278099345,0 72.96099985286828,19.20494605545819,0 72.96115697501983,19.20530721203505,0 72.96125984291334,19.20554485483362,0 72.96132374667785,19.20569404781891,0 72.96137591183978,19.20581573470654,0 72.96144582421775,19.20597777984912,0 72.96152474092649,19.20617611716609,0 72.96157914258127,19.20631263810904,0 72.96162885086532,19.20641651816698,0 72.96179524195381,19.20676577090113,0 72.96189182671776,19.20699429594483,0 72.96199507475296,19.2072374931878,0 72.9620660803474,19.20738405072252,0 72.96210729906076,19.20747927691315,0 72.9621357635684,19.20754031315867,0 72.96225969573419,19.20777213102766,0 72.96224245566853,19.20777742209329,0 72.96222015102444,19.20778738094205,0 72.96219855397457,19.20779717687033,0 72.96217399098786,19.20780693140903,0 72.9621710237371,19.20780997067359,0 72.96217307736795,19.20781605529829,0 72.96232393856181,19.20812592346824,0 72.96231400752899,19.20813509741345,0 72.96262765743704,19.20878342481967,0 72.9626783226462,19.20888520648964,0 72.96274298116059,19.20900502794819,0 72.9627896638376,19.20912275114777,0 72.96280186874517,19.20916717827155,0 72.96264613255691,19.20931125979721,0 72.96255225235436,19.20939041554638,0 72.96235118065206,19.20956480505471,0 72.96233701993125,19.20959131160151,0 72.96230595848532,19.20966297005049,0 72.96226076560706,19.20966010791913,0 72.96221629567717,19.20969356178975,0 72.96217486792607,19.20973349098259,0 72.9620528574649,19.20985594342395,0 72.96203429007531,19.20987810160801,0 72.96189152979427,19.21004832110698,0 72.96186755362362,19.21007911029744,0 72.96171291001016,19.21028133726881,0 72.96157960162147,19.21045552468668,0 72.96140446216401,19.21068382112646,0 72.96130058840373,19.21081591300214,0 72.96098877690294,19.21120934620609,0 72.9607845164102,19.21146619155279,0 72.96063026734707,19.21166026617766,0 72.96057403004642,19.21173387139835,0 72.96054149868917,19.21177684218651,0 72.96042430025506,19.21193116588731,0 72.96034881871977,19.21185377379263,0 72.96017220535987,19.21171032518002,0 72.96013774863886,19.21167465776372,0 72.96011268417966,19.21163292314621,0 72.96007638009678,19.21155306202318,0 72.96004329391565,19.21147799791489,0 72.95998296362914,19.21136096687847,0 72.95996351150411,19.2113350689594,0 72.95993233289734,19.21129621710059,0 72.95989447492728,19.21127670146425,0 72.95983638148259,19.21125078673585,0 72.95958011819813,19.2111822132408,0 72.95940938075539,19.21116342207448,0 72.9590792075395,19.21112677331685,0 72.95845485864866,19.21110005870131,0 72.95840220958767,19.21111218393242,0 72.95834962668691,19.21114288913243,0 72.9582890720516,19.2111962808392,0 72.95815709419152,19.21133082611398,0 72.95791836539355,19.21157355335275,0 72.95781902110426,19.21163107303937,0 72.9577191545353,19.2116602869895,0 72.95770415525216,19.2116620135801,0 72.9575773851186,19.21168076269999,0 72.95746986901338,19.21169004394694,0 72.95730022736609,19.21170409473627,0 72.95725885243854,19.21171322769382,0 72.95721781178005,19.21173652121155,0 72.9570653211873,19.21188380906933,0 72.95704320366926,19.21190878821753,0 72.95699841510589,19.21199200254649,0 72.95699409804581,19.21200091796559,0 72.95695626019337,19.21199094221413,0 72.95686157110823,19.21196418672254,0 72.956814706198,19.21195512697075,0 72.95678221561657,19.21194888213535,0 72.95673329292779,19.21194076609837,0 72.95668968123587,19.2119298790511,0 72.95663022421672,19.21189636608711,0 72.95661519190871,19.21188821028711,0 72.95660081956493,19.21187297262328,0 72.95659326536507,19.21185500015293,0 72.95659091289865,19.21184799745325,0 72.95657419864392,19.21179077216325,0 72.95654506820651,19.21173001875092,0 72.95651216579317,19.21167749182109,0 72.95649043266523,19.21165148147573,0 72.95644108953375,19.2116044074112,0 72.95618160906002,19.21140107231953,0 72.95610163421186,19.21135506229012,0 72.9560823547085,19.21134298824045,0 72.95598886510223,19.21130601748998,0 72.95587773132682,19.21127184346822,0 72.95575272904712,19.21126521482969,0 72.95583265159945,19.21114469648435,0 72.95594350875163,19.21098659573216,0 72.9560587542103,19.21082268773541,0 72.95624769683937,19.21055478181415,0 72.95642166490886,19.21030789332237,0 72.95668042613815,19.20994071860497,0 72.95675928827153,19.20982453663677,0 72.95668752159676,19.20981470112942,0 72.95628746484665,19.20979084434136,0 72.95598852321115,19.20981910746465,0 72.95575486526432,19.20984793848229,0 72.95555031766537,19.209851127009,0 72.95538650538344,19.20982433475501,0 72.95526830767015,19.20980995203108,0 72.95523653987226,19.2098132551944,0 72.95513707118425,19.20982396662665,0 72.95498036412467,19.20985856229841,0 72.95483863662976,19.20989000897733,0 72.95482014497124,19.20989506761154,0 72.95481201766644,19.20985487493516,0 72.95463931734209,19.20989611065462,0 72.95460106891636,19.2099056727468,0 72.95446013860708,19.20992913741215,0 72.9544361111146,19.20993301931615,0 72.95443000329485,19.20993259481703,0 72.95427430888914,19.20992596426492,0 72.95415014205517,19.20991318334555,0 72.95400141951571,19.20989798178158,0 72.95396011247234,19.20989404125576,0 72.95393801138655,19.2098979984065,0 72.95389904208413,19.20990497716799,0 72.95387208546997,19.2099069551312,0 72.95384779433132,19.20991562974749,0 72.95383096204191,19.2099229717662,0 72.95372434978678,19.21002226404317,0 72.95368013066584,19.21005992601124,0 72.9535430911609,19.21012103795486,0 72.95350475494678,19.21012699724024,0 72.95345316501546,19.21013396346181,0 72.95342477615741,19.21007676269545,0 72.95342259841463,19.21007559993123,0 72.95338623943816,19.2100521110259,0 72.95326885863565,19.21003903517832,0 72.9530584453218,19.2100359328349,0 72.95293410069738,19.21005602198368,0 72.95273753112183,19.21009001696,0 72.9526786605107,19.21009000139084,0 72.95266970753686,19.2100896492006,0 72.95263037328164,19.2100872498422,0 72.95257211378087,19.21008466792753,0 72.95250426270773,19.21008055581085,0 72.95231810915304,19.21006812954481,0 72.95210643872502,19.21008187043592,0 72.95199075339178,19.21009460066722,0 72.9519828007202,19.2100957069126,0 72.95153951814765,19.2100817074269,0 72.95134035631767,19.21006234424458,0 72.95122841702947,19.21003293294422,0 72.95092654458679,19.20991811542756,0 72.9507343106573,19.2098736224396,0 72.95046980144534,19.20985180245427,0 72.95039254915015,19.2098432206171,0 72.95022631944198,19.20980138537078,0 72.95004702364029,19.20977725935925,0 72.94985341117595,19.20976781830745,0 72.94966318123976,19.20974577933526,0 72.94955033070957,19.20972008386924,0 72.94939296647277,19.20965400920996,0 72.94926806098145,19.20972688197254,0 72.94921912414688,19.20977189268924,0 72.9491867686437,19.20982730426318,0 72.94913986467239,19.20994210314431,0 72.94912353427156,19.20998443212045,0 72.9491002758873,19.21003950923472,0 72.94905290391934,19.21011725071232,0 72.94900294393486,19.21016005548677,0 72.94886196784024,19.21023616026436,0 72.94882631941961,19.21026211520746,0 72.9487373985278,19.2103243742159,0 72.94860795495065,19.21039395030172,0 72.94853792507146,19.21042299803774,0 72.94848537737732,19.21044499563787,0 72.94845363032707,19.21045204938576,0 72.94844149299948,19.21045431738634,0 72.94819377219729,19.2105020522039,0 72.9481074811082,19.21052623087747,0 72.94803997725451,19.21055911474451,0 72.94798801268983,19.21061596844321,0 72.94790357853653,19.21065910696752,0 72.94779380380558,19.21069600684733,0 72.94764786701565,19.21073471297548,0 72.94742852272991,19.21077740145148,0 72.94675187602338,19.21090806923003,0 72.94671787250917,19.21101915416099,0 72.94660081683199,19.21105232885723,0 72.94657203986958,19.21105902188381,0 72.94657102380846,19.21105611537487,0 72.9462700319163,19.21109806507123,0 72.9464081350482,19.21178128844978,0 72.94649085274959,19.21197792216687,0 72.94654324614785,19.21209999841732,0 72.94369475780361,19.2133033032665,0 
						</coordinates>
					</LinearRing>
				</outerBoundaryIs>
			</Polygon>
		</Placemark>
	</Document>
	<Document>
		<name>Ward No. 15.kml</name>
		<StyleMap id="m_ylw-pushpin13">
			<Pair>
				<key>normal</key>
				<styleUrl>#s_ylw-pushpin13</styleUrl>
			</Pair>
			<Pair>
				<key>highlight</key>
				<styleUrl>#s_ylw-pushpin_hl13</styleUrl>
			</Pair>
		</StyleMap>
		<Style id="s_ylw-pushpin13">
			<IconStyle>
				<scale>1.1</scale>
				<Icon>
					<href>http://maps.google.com/mapfiles/kml/pushpin/ylw-pushpin.png</href>
				</Icon>
				<hotSpot x="20" y="2" xunits="pixels" yunits="pixels"/>
			</IconStyle>
			<LineStyle>
				<color>ffffff55</color>
				<width>3</width>
			</LineStyle>
			<PolyStyle>
				<fill>0</fill>
			</PolyStyle>
		</Style>
		<Style id="s_ylw-pushpin_hl13">
			<IconStyle>
				<scale>1.3</scale>
				<Icon>
					<href>http://maps.google.com/mapfiles/kml/pushpin/ylw-pushpin.png</href>
				</Icon>
				<hotSpot x="20" y="2" xunits="pixels" yunits="pixels"/>
			</IconStyle>
			<LineStyle>
				<color>ffffff55</color>
				<width>3</width>
			</LineStyle>
			<PolyStyle>
				<fill>0</fill>
			</PolyStyle>
		</Style>
		<Placemark>
			<name>Ward No. 15.kml</name>
			<styleUrl>#m_ylw-pushpin13</styleUrl>
			<Polygon>
				<tessellate>1</tessellate>
				<outerBoundaryIs>
					<LinearRing>
						<coordinates>
							72.93674300000001,19.207536,0 72.93670299999999,19.207481,0 72.936565,19.207293,0 72.935517,19.205858,0 72.935515,19.205858,0 72.93488600000001,19.204826,0 72.934878,19.20452,0 72.934849,19.203395,0 72.934845,19.203263,0 72.94128600000001,19.202438,0 72.942992,19.202153,0 72.943122,19.202136,0 72.943574,19.202095,0 72.943806,19.202058,0 72.943859,19.20205,0 72.94422299999999,19.201991,0 72.94472399999999,19.201924,0 72.94506199999999,19.20188,0 72.94557,19.201794,0 72.945905,19.201733,0 72.946028,19.20171,0 72.94632300000001,19.201649,0 72.946487,19.20161,0 72.946703,19.201562,0 72.946754,19.201551,0 72.947149,19.201473,0 72.947237,19.20145,0 72.947395,19.201409,0 72.947532,19.201372,0 72.947565,19.201363,0 72.948024,19.201223,0 72.94848500000001,19.201093,0 72.948685,19.20104,0 72.94877200000001,19.201019,0 72.94897,19.20097,0 72.949051,19.200971,0 72.94907600000001,19.200964,0 72.949088,19.200961,0 72.94909800000001,19.200958,0 72.949409,19.200907,0 72.94958800000001,19.200868,0 72.950143,19.20073,0 72.95132,19.200649,0 72.95137800000001,19.200647,0 72.95187300000001,19.200612,0 72.952535,19.200574,0 72.95310499999999,19.200531,0 72.95321199999999,19.200519,0 72.95383200000001,19.200477,0 72.953838,19.200478,0 72.95381999999999,19.20055,0 72.953778,19.200737,0 72.953744,19.200925,0 72.953717,19.201115,0 72.95369599999999,19.201305,0 72.953684,19.201495,0 72.953678,19.201686,0 72.95367899999999,19.201877,0 72.953688,19.202068,0 72.953704,19.202259,0 72.953727,19.202449,0 72.953757,19.202638,0 72.953795,19.202825,0 72.953839,19.203012,0 72.953891,19.203196,0 72.95394899999999,19.203379,0 72.954015,19.20356,0 72.954087,19.203738,0 72.954165,19.203914,0 72.954251,19.204087,0 72.954157,19.204123,0 72.953794,19.204196,0 72.953793,19.204286,0 72.953795,19.204317,0 72.95379699999999,19.204343,0 72.95379800000001,19.204355,0 72.953801,19.204367,0 72.953808,19.20439,0 72.95381399999999,19.204412,0 72.953867,19.204612,0 72.95387599999999,19.204645,0 72.953886,19.204686,0 72.953981,19.205052,0 72.954008,19.205157,0 72.954033,19.205257,0 72.9541,19.205519,0 72.95415199999999,19.205721,0 72.954162,19.205743,0 72.954128,19.20576,0 72.95383099999999,19.20584,0 72.953361,19.205938,0 72.95329099999999,19.205952,0 72.95299199999999,19.206018,0 72.95290199999999,19.206039,0 72.95282899999999,19.206064,0 72.952765,19.206087,0 72.952635,19.206132,0 72.952596,19.206153,0 72.952466,19.206162,0 72.952417,19.206165,0 72.95208100000001,19.206186,0 72.951775,19.206206,0 72.951424,19.206229,0 72.95134,19.206236,0 72.951345,19.20625,0 72.951362,19.206398,0 72.951352,19.206437,0 72.95135000000001,19.206447,0 72.95134899999999,19.206449,0 72.951306,19.206472,0 72.951217,19.206493,0 72.951087,19.206524,0 72.951031,19.206533,0 72.951014,19.206535,0 72.950817,19.206567,0 72.95079,19.206572,0 72.95066799999999,19.206591,0 72.950658,19.206593,0 72.950429,19.206642,0 72.950464,19.206798,0 72.94977400000001,19.206935,0 72.94962200000001,19.205927,0 72.949547,19.205431,0 72.946765,19.206102,0 72.946442,19.206237,0 72.946066,19.206394,0 72.945972,19.206434,0 72.94581599999999,19.206445,0 72.94477999999999,19.206521,0 72.944773,19.206516,0 72.944716,19.206526,0 72.944714,19.206517,0 72.93674300000001,19.207536,0 
						</coordinates>
					</LinearRing>
				</outerBoundaryIs>
			</Polygon>
		</Placemark>
	</Document>
	<Document>
		<name>Ward No. 16.kml</name>
		<StyleMap id="m_ylw-pushpin14">
			<Pair>
				<key>normal</key>
				<styleUrl>#s_ylw-pushpin14</styleUrl>
			</Pair>
			<Pair>
				<key>highlight</key>
				<styleUrl>#s_ylw-pushpin_hl14</styleUrl>
			</Pair>
		</StyleMap>
		<Style id="s_ylw-pushpin14">
			<IconStyle>
				<scale>1.1</scale>
				<Icon>
					<href>http://maps.google.com/mapfiles/kml/pushpin/ylw-pushpin.png</href>
				</Icon>
				<hotSpot x="20" y="2" xunits="pixels" yunits="pixels"/>
			</IconStyle>
			<LineStyle>
				<color>ffffff55</color>
				<width>3</width>
			</LineStyle>
			<PolyStyle>
				<fill>0</fill>
			</PolyStyle>
		</Style>
		<Style id="s_ylw-pushpin_hl14">
			<IconStyle>
				<scale>1.3</scale>
				<Icon>
					<href>http://maps.google.com/mapfiles/kml/pushpin/ylw-pushpin.png</href>
				</Icon>
				<hotSpot x="20" y="2" xunits="pixels" yunits="pixels"/>
			</IconStyle>
			<LineStyle>
				<color>ffffff55</color>
				<width>3</width>
			</LineStyle>
			<PolyStyle>
				<fill>0</fill>
			</PolyStyle>
		</Style>
		<Placemark>
			<name>Ward No. 16.kml</name>
			<styleUrl>#m_ylw-pushpin14</styleUrl>
			<Polygon>
				<tessellate>1</tessellate>
				<outerBoundaryIs>
					<LinearRing>
						<coordinates>
							72.947041,19.191511,0 72.947045,19.191526,0 72.947059,19.191571,0 72.947096,19.191683,0 72.94711,19.19216,0 72.94709400000001,19.192902,0 72.946933,19.193921,0 72.94692499999999,19.193964,0 72.946921,19.193984,0 72.946907,19.194084,0 72.9469,19.194185,0 72.946913,19.19445,0 72.946949,19.194813,0 72.946969,19.194947,0 72.94689,19.194957,0 72.946811,19.194968,0 72.9468,19.194969,0 72.94677,19.194972,0 72.946502,19.195006,0 72.946217,19.195033,0 72.945714,19.195094,0 72.945376,19.195134,0 72.945165,19.195155,0 72.945193,19.195462,0 72.94523700000001,19.195825,0 72.945243,19.195873,0 72.94530899999999,19.196358,0 72.945418,19.197008,0 72.945466,19.197242,0 72.945486,19.197346,0 72.945448,19.197375,0 72.945497,19.197658,0 72.945514,19.197762,0 72.945549,19.197982,0 72.94557500000001,19.198144,0 72.945609,19.198525,0 72.94561299999999,19.198571,0 72.945634,19.198736,0 72.94565799999999,19.198926,0 72.945677,19.199077,0 72.945691,19.199188,0 72.94575500000001,19.199521,0 72.94578300000001,19.199668,0 72.945786,19.199775,0 72.94581100000001,19.199965,0 72.945851,19.200291,0 72.94588400000001,19.200533,0 72.945921,19.200804,0 72.94597899999999,19.201216,0 72.945999,19.20139,0 72.945978,19.201443,0 72.94590700000001,19.201537,0 72.946028,19.20171,0 72.945905,19.201733,0 72.94557,19.201794,0 72.94506199999999,19.20188,0 72.94472399999999,19.201924,0 72.94422299999999,19.201991,0 72.943859,19.20205,0 72.943806,19.202058,0 72.943574,19.202095,0 72.943122,19.202136,0 72.942992,19.202153,0 72.94128600000001,19.202438,0 72.934845,19.203263,0 72.934817,19.202202,0 72.934792,19.201218,0 72.934781,19.200826,0 72.93501000000001,19.199711,0 72.935147,19.199038,0 72.935648,19.196589,0 72.935603,19.196541,0 72.93548,19.19492,0 72.93547100000001,19.194786,0 72.935435,19.194275,0 72.93542600000001,19.194147,0 72.935388,19.193611,0 72.935317,19.191888,0 72.935315,19.191841,0 72.93685600000001,19.190894,0 72.936998,19.190807,0 72.938243,19.190055,0 72.938472,19.189915,0 72.939471,19.189305,0 72.93958499999999,19.18923,0 72.93968099999999,19.189167,0 72.940645,19.188535,0 72.940833,19.18827,0 72.941216,19.188084,0 72.94123999999999,19.188065,0 72.941545,19.187826,0 72.941671,19.187667,0 72.941925,19.187349,0 72.942341,19.187627,0 72.942791,19.187724,0 72.94286099999999,19.187739,0 72.94293500000001,19.187755,0 72.943307,19.187604,0 72.943381,19.187574,0 72.94363,19.187677,0 72.944237,19.187928,0 72.944732,19.187862,0 72.944906,19.187839,0 72.945149,19.18804,0 72.945978,19.188017,0 72.946073,19.187808,0 72.946365,19.187877,0 72.946461,19.187919,0 72.946499,19.187953,0 72.946513,19.187985,0 72.946534,19.188032,0 72.946535,19.188074,0 72.94653599999999,19.188109,0 72.946522,19.188148,0 72.946387,19.18855,0 72.946367,19.188622,0 72.946349,19.188662,0 72.94634000000001,19.188683,0 72.94632900000001,19.188695,0 72.946298,19.188733,0 72.946192,19.188819,0 72.946117,19.188904,0 72.946033,19.189008,0 72.94615400000001,19.188943,0 72.94619899999999,19.189056,0 72.946209,19.189079,0 72.946248,19.189165,0 72.946293,19.189283,0 72.946354,19.189436,0 72.946361,19.189453,0 72.94657599999999,19.189992,0 72.946624,19.190107,0 72.946679,19.190265,0 72.946696,19.190313,0 72.946738,19.190423,0 72.94677799999999,19.190528,0 72.946793,19.19056,0 72.94679600000001,19.190568,0 72.946865,19.190768,0 72.94687500000001,19.190799,0 72.946883,19.190825,0 72.946884,19.190827,0 72.946911,19.190922,0 72.94695,19.191107,0 72.94695900000001,19.191167,0 72.946984,19.191293,0 72.947041,19.191511,0 
						</coordinates>
					</LinearRing>
				</outerBoundaryIs>
			</Polygon>
		</Placemark>
	</Document>
	<Document>
		<name>Ward No. 17.kml</name>
		<StyleMap id="m_ylw-pushpin15">
			<Pair>
				<key>normal</key>
				<styleUrl>#s_ylw-pushpin15</styleUrl>
			</Pair>
			<Pair>
				<key>highlight</key>
				<styleUrl>#s_ylw-pushpin_hl15</styleUrl>
			</Pair>
		</StyleMap>
		<Style id="s_ylw-pushpin15">
			<IconStyle>
				<scale>1.1</scale>
				<Icon>
					<href>http://maps.google.com/mapfiles/kml/pushpin/ylw-pushpin.png</href>
				</Icon>
				<hotSpot x="20" y="2" xunits="pixels" yunits="pixels"/>
			</IconStyle>
			<LineStyle>
				<color>ffffff55</color>
				<width>3</width>
			</LineStyle>
			<PolyStyle>
				<fill>0</fill>
			</PolyStyle>
		</Style>
		<Style id="s_ylw-pushpin_hl15">
			<IconStyle>
				<scale>1.3</scale>
				<Icon>
					<href>http://maps.google.com/mapfiles/kml/pushpin/ylw-pushpin.png</href>
				</Icon>
				<hotSpot x="20" y="2" xunits="pixels" yunits="pixels"/>
			</IconStyle>
			<LineStyle>
				<color>ffffff55</color>
				<width>3</width>
			</LineStyle>
			<PolyStyle>
				<fill>0</fill>
			</PolyStyle>
		</Style>
		<Placemark>
			<name>Ward No. 17.kml</name>
			<styleUrl>#m_ylw-pushpin15</styleUrl>
			<Polygon>
				<tessellate>1</tessellate>
				<outerBoundaryIs>
					<LinearRing>
						<coordinates>
							72.946365,19.187877,0 72.946417,19.187853,0 72.946423,19.187857,0 72.946482,19.187887,0 72.946586,19.187939,0 72.946611,19.187951,0 72.946628,19.18796,0 72.946701,19.187936,0 72.946707,19.187929,0 72.94675100000001,19.187876,0 72.946758,19.187868,0 72.946774,19.187847,0 72.946786,19.18776,0 72.94682400000001,19.187641,0 72.946951,19.1876,0 72.94720700000001,19.187712,0 72.94718399999999,19.187819,0 72.947186,19.187914,0 72.947245,19.18799,0 72.947295,19.188,0 72.947496,19.187923,0 72.947543,19.187845,0 72.94764000000001,19.187747,0 72.947756,19.187709,0 72.947817,19.187618,0 72.948059,19.187505,0 72.948072,19.187499,0 72.948095,19.187541,0 72.948103,19.187581,0 72.948142,19.187625,0 72.948142,19.187669,0 72.94819099999999,19.187688,0 72.948235,19.187699,0 72.948241,19.187717,0 72.948249,19.187804,0 72.948238,19.187817,0 72.948262,19.18782,0 72.94829300000001,19.187833,0 72.94841700000001,19.187898,0 72.948432,19.187906,0 72.948565,19.187974,0 72.948654,19.188042,0 72.948714,19.188091,0 72.948763,19.188132,0 72.94887900000001,19.188266,0 72.948888,19.188277,0 72.948938,19.188357,0 72.94900800000001,19.188468,0 72.949016,19.188486,0 72.94908599999999,19.188656,0 72.94909800000001,19.188683,0 72.94917,19.188837,0 72.949209,19.18892,0 72.949247,19.188986,0 72.94928400000001,19.189048,0 72.9494,19.189221,0 72.949434,19.189273,0 72.949471,19.189335,0 72.949507,19.189397,0 72.949541,19.189456,0 72.949561,19.189489,0 72.94958699999999,19.189536,0 72.94959299999999,19.189583,0 72.949592,19.189613,0 72.949651,19.189651,0 72.949716,19.18971,0 72.94974999999999,19.18974,0 72.949803,19.189788,0 72.949877,19.189853,0 72.949939,19.189908,0 72.94994800000001,19.189916,0 72.950086,19.190038,0 72.950093,19.190044,0 72.95014500000001,19.19009,0 72.950174,19.190117,0 72.950357,19.190274,0 72.95036,19.190276,0 72.95041000000001,19.190318,0 72.95059000000001,19.190479,0 72.95074,19.190613,0 72.950754,19.190625,0 72.950768,19.190638,0 72.950828,19.190691,0 72.95085400000001,19.190714,0 72.950936,19.190784,0 72.950963,19.190807,0 72.951037,19.190891,0 72.951094,19.190956,0 72.951133,19.19099,0 72.951143,19.190999,0 72.951207,19.191056,0 72.951224,19.191072,0 72.951296,19.19114,0 72.95136599999999,19.191204,0 72.951384,19.191223,0 72.951412,19.191253,0 72.951426,19.191268,0 72.951491,19.191336,0 72.95151799999999,19.191366,0 72.95155200000001,19.191403,0 72.95156,19.191412,0 72.951606,19.191465,0 72.95177,19.191658,0 72.951841,19.191742,0 72.951892,19.191804,0 72.95196799999999,19.191894,0 72.952234,19.192195,0 72.952454,19.192444,0 72.952561,19.192572,0 72.952738,19.192797,0 72.95281,19.192888,0 72.952851,19.192933,0 72.95308300000001,19.193206,0 72.953097,19.193221,0 72.953164,19.19331,0 72.953306,19.193476,0 72.95341000000001,19.193594,0 72.953485,19.193657,0 72.953535,19.1937,0 72.953557,19.193719,0 72.95397699999999,19.193393,0 72.95424300000001,19.19316,0 72.954336,19.193079,0 72.955302,19.194081,0 72.955501,19.194287,0 72.955437,19.194338,0 72.95540099999999,19.194367,0 72.956005,19.195014,0 72.95599300000001,19.195022,0 72.956705,19.195862,0 72.956982,19.195714,0 72.95706,19.195831,0 72.957121,19.195923,0 72.957212,19.196078,0 72.957286,19.1962,0 72.957289,19.196204,0 72.95729799999999,19.196219,0 72.95747799999999,19.196516,0 72.957629,19.196795,0 72.95762999999999,19.196798,0 72.957666,19.196881,0 72.95777,19.197125,0 72.957778,19.197144,0 72.957882,19.197387,0 72.957913,19.19746,0 72.95791800000001,19.19747,0 72.95806899999999,19.197825,0 72.95806899999999,19.197825,0 72.958107,19.197913,0 72.95810899999999,19.197918,0 72.95812599999999,19.197951,0 72.958146,19.197997,0 72.958224,19.198181,0 72.958253,19.198257,0 72.95830100000001,19.198383,0 72.95837,19.198565,0 72.958377,19.198585,0 72.958394,19.198629,0 72.95844200000001,19.198752,0 72.958479,19.198831,0 72.958479,19.198831,0 72.958479,19.198835,0 72.958516,19.198915,0 72.958541,19.198967,0 72.958558,19.199004,0 72.958563,19.199016,0 72.95866100000001,19.199235,0 72.958664,19.19924,0 72.958703,19.199327,0 72.958859,19.199683,0 72.95886,19.199682,0 72.958876,19.199717,0 72.95900399999999,19.199936,0 72.95905,19.200031,0 72.959084,19.200099,0 72.959169,19.200274,0 72.959186,19.20031,0 72.95927500000001,19.200493,0 72.95932999999999,19.200658,0 72.959352,19.200723,0 72.959357,19.200731,0 72.959396,19.200801,0 72.95941500000001,19.200832,0 72.959418,19.200838,0 72.95946000000001,19.200927,0 72.95953,19.201074,0 72.959543,19.201102,0 72.95961200000001,19.201273,0 72.959621,19.20129,0 72.95966956934294,19.20138383035718,0 72.95960122493683,19.20141038321791,0 72.959525,19.201445,0 72.959452,19.201478,0 72.959113,19.201624,0 72.959102,19.201629,0 72.958996,19.201675,0 72.95874999999999,19.201768,0 72.958564,19.201819,0 72.95849200000001,19.201831,0 72.958467,19.201832,0 72.958426,19.201834,0 72.95840200000001,19.201835,0 72.958134,19.201853,0 72.95807499999999,19.201854,0 72.95787,19.201859,0 72.957778,19.201859,0 72.95774400000001,19.201863,0 72.9575,19.202028,0 72.957403,19.202094,0 72.957292,19.202169,0 72.957194,19.202235,0 72.956898,19.202436,0 72.956489,19.202714,0 72.956006,19.203043,0 72.955955,19.203078,0 72.955108,19.20365,0 72.95510400000001,19.203644,0 72.955096,19.20365,0 72.955084,19.203658,0 72.95501,19.203708,0 72.954652,19.203951,0 72.95456299999999,19.204012,0 72.95446800000001,19.204052,0 72.954251,19.204087,0 72.954165,19.203914,0 72.954087,19.203738,0 72.954015,19.20356,0 72.95394899999999,19.203379,0 72.953891,19.203196,0 72.953839,19.203012,0 72.953795,19.202825,0 72.953757,19.202638,0 72.953727,19.202449,0 72.953704,19.202259,0 72.953688,19.202068,0 72.95367899999999,19.201877,0 72.953678,19.201686,0 72.953684,19.201495,0 72.95369599999999,19.201305,0 72.953717,19.201115,0 72.953744,19.200925,0 72.953778,19.200737,0 72.95381999999999,19.20055,0 72.953838,19.200478,0 72.95383200000001,19.200477,0 72.95321199999999,19.200519,0 72.95310499999999,19.200531,0 72.952535,19.200574,0 72.95187300000001,19.200612,0 72.95137800000001,19.200647,0 72.95132,19.200649,0 72.950143,19.20073,0 72.94958800000001,19.200868,0 72.949409,19.200907,0 72.94909800000001,19.200958,0 72.949088,19.200961,0 72.94907600000001,19.200964,0 72.949051,19.200971,0 72.94897,19.20097,0 72.94877200000001,19.201019,0 72.948685,19.20104,0 72.94848500000001,19.201093,0 72.948024,19.201223,0 72.947565,19.201363,0 72.947532,19.201372,0 72.947395,19.201409,0 72.947237,19.20145,0 72.947149,19.201473,0 72.946754,19.201551,0 72.946703,19.201562,0 72.946487,19.20161,0 72.94632300000001,19.201649,0 72.946028,19.20171,0 72.94590700000001,19.201537,0 72.945978,19.201443,0 72.945999,19.20139,0 72.94597899999999,19.201216,0 72.945921,19.200804,0 72.94588400000001,19.200533,0 72.945851,19.200291,0 72.94581100000001,19.199965,0 72.945786,19.199775,0 72.94578300000001,19.199668,0 72.94575500000001,19.199521,0 72.945691,19.199188,0 72.945677,19.199077,0 72.94565799999999,19.198926,0 72.945634,19.198736,0 72.94561299999999,19.198571,0 72.945609,19.198525,0 72.94557500000001,19.198144,0 72.945549,19.197982,0 72.945514,19.197762,0 72.945497,19.197658,0 72.945448,19.197375,0 72.945486,19.197346,0 72.945466,19.197242,0 72.945418,19.197008,0 72.94530899999999,19.196358,0 72.945243,19.195873,0 72.94523700000001,19.195825,0 72.945193,19.195462,0 72.945165,19.195155,0 72.945376,19.195134,0 72.945714,19.195094,0 72.946217,19.195033,0 72.946502,19.195006,0 72.94677,19.194972,0 72.9468,19.194969,0 72.946811,19.194968,0 72.94689,19.194957,0 72.946969,19.194947,0 72.946949,19.194813,0 72.946913,19.19445,0 72.9469,19.194185,0 72.946907,19.194084,0 72.946921,19.193984,0 72.94692499999999,19.193964,0 72.946933,19.193921,0 72.94709400000001,19.192902,0 72.94711,19.19216,0 72.947096,19.191683,0 72.947059,19.191571,0 72.947045,19.191526,0 72.947041,19.191511,0 72.946984,19.191293,0 72.94695900000001,19.191167,0 72.94695,19.191107,0 72.946911,19.190922,0 72.946884,19.190827,0 72.946883,19.190825,0 72.94687500000001,19.190799,0 72.946865,19.190768,0 72.94679600000001,19.190568,0 72.946793,19.19056,0 72.94677799999999,19.190528,0 72.946738,19.190423,0 72.946696,19.190313,0 72.946679,19.190265,0 72.946624,19.190107,0 72.94657599999999,19.189992,0 72.946361,19.189453,0 72.946354,19.189436,0 72.946293,19.189283,0 72.946248,19.189165,0 72.946209,19.189079,0 72.94619899999999,19.189056,0 72.94615400000001,19.188943,0 72.946033,19.189008,0 72.946117,19.188904,0 72.946192,19.188819,0 72.946298,19.188733,0 72.94632900000001,19.188695,0 72.94634000000001,19.188683,0 72.946349,19.188662,0 72.946367,19.188622,0 72.946387,19.18855,0 72.946522,19.188148,0 72.94653599999999,19.188109,0 72.946535,19.188074,0 72.946534,19.188032,0 72.946513,19.187985,0 72.946499,19.187953,0 72.946461,19.187919,0 72.946365,19.187877,0 
						</coordinates>
					</LinearRing>
				</outerBoundaryIs>
			</Polygon>
		</Placemark>
	</Document>
	<Document>
		<name>Ward No. 18.kml</name>
		<StyleMap id="m_ylw-pushpin16">
			<Pair>
				<key>normal</key>
				<styleUrl>#s_ylw-pushpin16</styleUrl>
			</Pair>
			<Pair>
				<key>highlight</key>
				<styleUrl>#s_ylw-pushpin_hl16</styleUrl>
			</Pair>
		</StyleMap>
		<Style id="s_ylw-pushpin16">
			<IconStyle>
				<scale>1.1</scale>
				<Icon>
					<href>http://maps.google.com/mapfiles/kml/pushpin/ylw-pushpin.png</href>
				</Icon>
				<hotSpot x="20" y="2" xunits="pixels" yunits="pixels"/>
			</IconStyle>
			<LineStyle>
				<color>ffffff55</color>
				<width>3</width>
			</LineStyle>
			<PolyStyle>
				<fill>0</fill>
			</PolyStyle>
		</Style>
		<Style id="s_ylw-pushpin_hl16">
			<IconStyle>
				<scale>1.3</scale>
				<Icon>
					<href>http://maps.google.com/mapfiles/kml/pushpin/ylw-pushpin.png</href>
				</Icon>
				<hotSpot x="20" y="2" xunits="pixels" yunits="pixels"/>
			</IconStyle>
			<LineStyle>
				<color>ffffff55</color>
				<width>3</width>
			</LineStyle>
			<PolyStyle>
				<fill>0</fill>
			</PolyStyle>
		</Style>
		<Placemark>
			<name>Ward No. 18.kml</name>
			<styleUrl>#m_ylw-pushpin16</styleUrl>
			<Polygon>
				<tessellate>1</tessellate>
				<outerBoundaryIs>
					<LinearRing>
						<coordinates>
							72.953164,19.19331,0 72.953097,19.193221,0 72.95308300000001,19.193206,0 72.952851,19.192933,0 72.95281,19.192888,0 72.952738,19.192797,0 72.952561,19.192572,0 72.952454,19.192444,0 72.952234,19.192195,0 72.95196799999999,19.191894,0 72.951892,19.191804,0 72.951841,19.191742,0 72.95177,19.191658,0 72.951606,19.191465,0 72.95156,19.191412,0 72.95155200000001,19.191403,0 72.95151799999999,19.191366,0 72.951491,19.191336,0 72.951426,19.191268,0 72.951412,19.191253,0 72.951384,19.191223,0 72.95136599999999,19.191204,0 72.951296,19.19114,0 72.951207,19.191056,0 72.951143,19.190999,0 72.951094,19.190956,0 72.951037,19.190891,0 72.950963,19.190807,0 72.950936,19.190784,0 72.95085400000001,19.190714,0 72.950828,19.190691,0 72.950768,19.190638,0 72.950754,19.190625,0 72.95074,19.190613,0 72.95059000000001,19.190479,0 72.95041000000001,19.190318,0 72.95036,19.190276,0 72.950357,19.190274,0 72.950174,19.190117,0 72.95014500000001,19.19009,0 72.950093,19.190044,0 72.94994800000001,19.189916,0 72.949939,19.189908,0 72.949877,19.189853,0 72.949803,19.189788,0 72.94974999999999,19.18974,0 72.949716,19.18971,0 72.949651,19.189651,0 72.949592,19.189613,0 72.94959299999999,19.189583,0 72.94958699999999,19.189536,0 72.949561,19.189489,0 72.949541,19.189456,0 72.949507,19.189397,0 72.949434,19.189273,0 72.9494,19.189221,0 72.94928400000001,19.189048,0 72.949247,19.188986,0 72.949209,19.18892,0 72.94917,19.188837,0 72.94909800000001,19.188683,0 72.94908599999999,19.188656,0 72.949016,19.188486,0 72.94900800000001,19.188468,0 72.948938,19.188357,0 72.94888765605798,19.18827669115322,0 72.94887958092156,19.18826685513844,0 72.948763,19.188132,0 72.948714,19.188091,0 72.948654,19.188042,0 72.948565,19.187974,0 72.948432,19.187906,0 72.94841700000001,19.187898,0 72.94829300000001,19.187833,0 72.948262,19.18782,0 72.948238,19.187817,0 72.948249,19.187804,0 72.948241,19.187717,0 72.948235,19.187699,0 72.94819099999999,19.187688,0 72.948142,19.187669,0 72.948142,19.187625,0 72.948103,19.187581,0 72.948095,19.187541,0 72.948072,19.187499,0 72.9481,19.187486,0 72.948142,19.187466,0 72.948156,19.187459,0 72.948166,19.187455,0 72.948178,19.187449,0 72.948183,19.187447,0 72.948198,19.18744,0 72.94829900000001,19.187392,0 72.948313,19.187386,0 72.94832599999999,19.18738,0 72.94852899999999,19.187266,0 72.948645,19.187201,0 72.948836,19.187126,0 72.9496,19.186943,0 72.949687,19.186897,0 72.949776,19.186681,0 72.94993700000001,19.186511,0 72.95005399999999,19.185937,0 72.95053799999999,19.185603,0 72.95088,19.185366,0 72.951098,19.185215,0 72.95129,19.185033,0 72.95155200000001,19.1849,0 72.951819,19.184905,0 72.95218800000001,19.184818,0 72.95236,19.184777,0 72.95237299999999,19.184774,0 72.953118,19.184657,0 72.953203,19.184657,0 72.95330300000001,19.184658,0 72.953468,19.184723,0 72.95360100000001,19.184789,0 72.953706,19.184835,0 72.95370800000001,19.184838,0 72.95403399999999,19.184788,0 72.95438300000001,19.184726,0 72.954432,19.184716,0 72.954488,19.184881,0 72.954554,19.185075,0 72.95461899999999,19.185144,0 72.954723,19.185142,0 72.95484500000001,19.185097,0 72.95493500000001,19.184901,0 72.95488899999999,19.184862,0 72.954984,19.184705,0 72.955116,19.184819,0 72.955208,19.184915,0 72.955355,19.185057,0 72.95545799999999,19.185159,0 72.95552600000001,19.185226,0 72.955634,19.185327,0 72.955766,19.185475,0 72.95563799999999,19.185822,0 72.95557599999999,19.185974,0 72.955516,19.186146,0 72.955457,19.186311,0 72.955384,19.186574,0 72.95535599999999,19.186735,0 72.95534600000001,19.186788,0 72.955315,19.186995,0 72.95529500000001,19.187128,0 72.95529500000001,19.187135,0 72.95529399999999,19.187206,0 72.955298,19.187378,0 72.95529500000001,19.187692,0 72.95530100000001,19.187958,0 72.95530599999999,19.188014,0 72.955324,19.188197,0 72.95537899999999,19.188774,0 72.955382,19.188802,0 72.955382,19.188804,0 72.955477,19.18964,0 72.955511,19.189947,0 72.955512,19.190016,0 72.955513,19.190105,0 72.955519,19.190332,0 72.95551500000001,19.190382,0 72.955505,19.190536,0 72.955438,19.190908,0 72.955254,19.191667,0 72.955251,19.191677,0 72.95519899999999,19.191899,0 72.95510899999999,19.19228,0 72.955085,19.19234,0 72.95507499999999,19.192362,0 72.955057,19.192399,0 72.95501400000001,19.19246,0 72.954939,19.192546,0 72.954767,19.192703,0 72.95462000000001,19.192838,0 72.954505,19.192931,0 72.954483,19.19295,0 72.954336,19.193079,0 72.95424300000001,19.19316,0 72.95397686735409,19.19339266220492,0 72.95389559954644,19.19345630792116,0 72.95380891011823,19.19352354894974,0 72.95369614658448,19.19361099655428,0 72.95360634929763,19.1936808616588,0 72.953557,19.193719,0 72.953485,19.193657,0 72.95341000000001,19.193594,0 72.953306,19.193476,0 72.953164,19.19331,0 
						</coordinates>
					</LinearRing>
				</outerBoundaryIs>
			</Polygon>
		</Placemark>
	</Document>
	<Document>
		<name>Ward No. 19.kml</name>
		<StyleMap id="m_ylw-pushpin17">
			<Pair>
				<key>normal</key>
				<styleUrl>#s_ylw-pushpin17</styleUrl>
			</Pair>
			<Pair>
				<key>highlight</key>
				<styleUrl>#s_ylw-pushpin_hl17</styleUrl>
			</Pair>
		</StyleMap>
		<Style id="s_ylw-pushpin17">
			<IconStyle>
				<scale>1.1</scale>
				<Icon>
					<href>http://maps.google.com/mapfiles/kml/pushpin/ylw-pushpin.png</href>
				</Icon>
				<hotSpot x="20" y="2" xunits="pixels" yunits="pixels"/>
			</IconStyle>
			<LineStyle>
				<color>ffffff55</color>
				<width>3</width>
			</LineStyle>
			<PolyStyle>
				<fill>0</fill>
			</PolyStyle>
		</Style>
		<Style id="s_ylw-pushpin_hl17">
			<IconStyle>
				<scale>1.3</scale>
				<Icon>
					<href>http://maps.google.com/mapfiles/kml/pushpin/ylw-pushpin.png</href>
				</Icon>
				<hotSpot x="20" y="2" xunits="pixels" yunits="pixels"/>
			</IconStyle>
			<LineStyle>
				<color>ffffff55</color>
				<width>3</width>
			</LineStyle>
			<PolyStyle>
				<fill>0</fill>
			</PolyStyle>
		</Style>
		<Placemark>
			<name>Ward No. 19.kml</name>
			<styleUrl>#m_ylw-pushpin17</styleUrl>
			<Polygon>
				<tessellate>1</tessellate>
				<outerBoundaryIs>
					<LinearRing>
						<coordinates>
							72.962643,19.194463,0 72.962632,19.19453,0 72.962542,19.195115,0 72.962518,19.195275,0 72.962515,19.195293,0 72.962487,19.195473,0 72.96244299999999,19.19589,0 72.96244392959356,19.19606311561235,0 72.96241823772864,19.1960682317731,0 72.96241716494355,19.19606977203469,0 72.962316,19.196097,0 72.96208900000001,19.196158,0 72.96169999999999,19.196263,0 72.961679,19.196268,0 72.96164,19.196277,0 72.961146,19.196395,0 72.96107000000001,19.196418,0 72.960883,19.196473,0 72.960543,19.196574,0 72.960391,19.196599,0 72.960314,19.196606,0 72.960255,19.196611,0 72.959748,19.196642,0 72.959711,19.196645,0 72.95946600000001,19.196674,0 72.95933100000001,19.196701,0 72.959299,19.196708,0 72.959261,19.196298,0 72.959253,19.19622,0 72.959248,19.196055,0 72.959245,19.19598,0 72.959236,19.195475,0 72.959236,19.195262,0 72.95923999999999,19.195209,0 72.959182,19.195189,0 72.959118,19.195157,0 72.958917,19.195019,0 72.95889,19.195,0 72.95883499999999,19.194964,0 72.95867699999999,19.194837,0 72.958597,19.194767,0 72.958451,19.194642,0 72.95829000000001,19.194496,0 72.95828899999999,19.194495,0 72.958203,19.194395,0 72.958178,19.194369,0 72.95816000000001,19.194343,0 72.958139,19.194317,0 72.95811999999999,19.194285,0 72.957623,19.194353,0 72.957623,19.194353,0 72.95759099999999,19.194357,0 72.95752299999999,19.194366,0 72.957426,19.194379,0 72.957221,19.194406,0 72.95719099999999,19.194426,0 72.957162,19.194445,0 72.957137,19.194463,0 72.95664499999999,19.193927,0 72.95540699999999,19.192579,0 72.95507499999999,19.192362,0 72.955085,19.19234,0 72.95510899999999,19.19228,0 72.95519899999999,19.191899,0 72.955251,19.191677,0 72.955254,19.191667,0 72.955438,19.190908,0 72.955505,19.190536,0 72.95551500000001,19.190382,0 72.955519,19.190332,0 72.955513,19.190105,0 72.955512,19.190016,0 72.955511,19.189947,0 72.955477,19.18964,0 72.95537899999999,19.188774,0 72.955324,19.188197,0 72.95530100000001,19.187958,0 72.95529500000001,19.187692,0 72.955298,19.187378,0 72.95529399999999,19.187206,0 72.95529500000001,19.187128,0 72.955315,19.186995,0 72.95534600000001,19.186788,0 72.95535599999999,19.186735,0 72.955384,19.186574,0 72.955457,19.186311,0 72.955516,19.186146,0 72.95557599999999,19.185974,0 72.95563799999999,19.185822,0 72.955766,19.185475,0 72.955634,19.185327,0 72.95552600000001,19.185226,0 72.95545799999999,19.185159,0 72.955355,19.185057,0 72.955208,19.184915,0 72.955116,19.184819,0 72.954984,19.184705,0 72.95534363281243,19.18467025407777,0 72.95544719962579,19.18451487218315,0 72.95573905072985,19.18430084699175,0 72.95580927594479,19.18374915434185,0 72.95568724292134,19.18361924470248,0 72.95575336018962,19.18336772941447,0 72.95619794900294,19.18309845991621,0 72.95641714596999,19.1831108524742,0 72.95662799680458,19.18299666053178,0 72.95683236418175,19.18267559915429,0 72.9574667767366,19.18257616847104,0 72.95796727750803,19.18245762453179,0 72.95835033049516,19.18208164886071,0 72.95859697779188,19.18173303081366,0 72.95849621479631,19.18108271202578,0 72.95860372745211,19.18075725311801,0 72.95891357308182,19.18072101574387,0 72.95954499403591,19.18016680573878,0 72.95931780629027,19.17971448679012,0 72.95938009059677,19.17942364340484,0 72.95965021697599,19.17928597864093,0 72.95987766946281,19.17885112922579,0 72.96012625208034,19.17887848385232,0 72.96060639651142,19.17912913748786,0 72.96106616891608,19.17878243837806,0 72.96124856155275,19.17880977458751,0 72.96143953425616,19.17889173496403,0 72.96178724064254,19.17883844735402,0 72.96210492077719,19.17864150934159,0 72.96247508142827,19.17825767176574,0 72.96233566669615,19.17794816997712,0 72.962423,19.177837,0 72.96247700000001,19.177748,0 72.962754,19.17729,0 72.962977,19.177054,0 72.963241,19.176875,0 72.963454,19.17673,0 72.96378900000001,19.176524,0 72.9638888755769,19.17662899706836,0 72.963804,19.176749,0 72.963909,19.176821,0 72.96440800000001,19.1769,0 72.964626,19.176934,0 72.96484,19.176856,0 72.965442,19.177125,0 72.966084,19.177412,0 72.966233,19.177508,0 72.96628800000001,19.177509,0 72.966421,19.17751,0 72.966584,19.17757,0 72.966759,19.177609,0 72.966939,19.177682,0 72.966972,19.177676,0 72.967114,19.17758,0 72.96737,19.177428,0 72.967511,19.177226,0 72.96761100000001,19.177065,0 72.967613,19.176912,0 72.96753200000001,19.176786,0 72.96736,19.176477,0 72.96730700000001,19.176298,0 72.96757100000001,19.175977,0 72.967752,19.176456,0 72.967867,19.176299,0 72.96804899999999,19.176288,0 72.968182,19.17624,0 72.96812300000001,19.176477,0 72.96805000000001,19.176752,0 72.96804899999999,19.176759,0 72.967963,19.177169,0 72.967873,19.177532,0 72.967792,19.177791,0 72.96777400000001,19.177847,0 72.967635,19.178192,0 72.96751999999999,19.17843,0 72.967489,19.178494,0 72.967341,19.178791,0 72.96730599999999,19.178861,0 72.96724,19.178994,0 72.967125,19.17922,0 72.966982,19.179501,0 72.966948,19.179566,0 72.966852,19.179747,0 72.966775,19.179894,0 72.96674899999999,19.179941,0 72.966556,19.180283,0 72.966499,19.180384,0 72.966399,19.18057,0 72.966369,19.180626,0 72.966339,19.180697,0 72.966193,19.181041,0 72.96614599999999,19.181164,0 72.96609235720845,19.18130532939567,0 72.96593728697501,19.18170886794591,0 72.96589722415997,19.18181078727125,0 72.96582756919805,19.18199086866611,0 72.96575508868675,19.18218304908762,0 72.96565099999999,19.182458,0 72.96562496159575,19.18252611088592,0 72.96555831648163,19.18271562069983,0 72.96542976194152,19.18308236234666,0 72.96536075381555,19.1832786876507,0 72.96528842864622,19.18348398092439,0 72.96523069113584,19.1836559251714,0 72.96521666006259,19.18369818180786,0 72.96516580686561,19.18385870945837,0 72.96508291131195,19.18411055218892,0 72.96501991475164,19.18431719806375,0 72.964868,19.184752,0 72.964861,19.184773,0 72.964856,19.184786,0 72.96480099999999,19.184946,0 72.964692,19.185255,0 72.964589,19.185544,0 72.964569,19.185601,0 72.96443282315168,19.18598377004409,0 72.96429604573265,19.18636333604678,0 72.96424545790605,19.18650524820196,0 72.96419400000001,19.186659,0 72.96412380947054,19.18685202249652,0 72.9640412577546,19.18707925917282,0 72.96395974444893,19.18730741861737,0 72.96390445987856,19.18746117144235,0 72.963733,19.187946,0 72.963629,19.188241,0 72.96361508382729,19.18828531828062,0 72.96358732671105,19.18838716552223,0 72.96356436506686,19.188487471444,0 72.96353103816401,19.1886438279843,0 72.96350871498358,19.18881016502577,0 72.963487,19.188948,0 72.963444,19.189255,0 72.963416,19.189451,0 72.963415,19.189457,0 72.963396,19.189581,0 72.963364,19.189792,0 72.963307,19.190192,0 72.963201,19.190875,0 72.96306800000001,19.191737,0 72.96295600000001,19.192461,0 72.962881,19.192957,0 72.962772,19.193652,0 72.962681,19.194224,0 72.962643,19.194463,0 
						</coordinates>
					</LinearRing>
				</outerBoundaryIs>
			</Polygon>
		</Placemark>
	</Document>
	<Document>
		<name>Ward No. 20.kml</name>
		<StyleMap id="m_ylw-pushpin18">
			<Pair>
				<key>normal</key>
				<styleUrl>#s_ylw-pushpin18</styleUrl>
			</Pair>
			<Pair>
				<key>highlight</key>
				<styleUrl>#s_ylw-pushpin_hl18</styleUrl>
			</Pair>
		</StyleMap>
		<Style id="s_ylw-pushpin18">
			<IconStyle>
				<scale>1.1</scale>
				<Icon>
					<href>http://maps.google.com/mapfiles/kml/pushpin/ylw-pushpin.png</href>
				</Icon>
				<hotSpot x="20" y="2" xunits="pixels" yunits="pixels"/>
			</IconStyle>
			<LineStyle>
				<color>ffffff55</color>
				<width>3</width>
			</LineStyle>
			<PolyStyle>
				<fill>0</fill>
			</PolyStyle>
		</Style>
		<Style id="s_ylw-pushpin_hl18">
			<IconStyle>
				<scale>1.3</scale>
				<Icon>
					<href>http://maps.google.com/mapfiles/kml/pushpin/ylw-pushpin.png</href>
				</Icon>
				<hotSpot x="20" y="2" xunits="pixels" yunits="pixels"/>
			</IconStyle>
			<LineStyle>
				<color>ffffff55</color>
				<width>3</width>
			</LineStyle>
			<PolyStyle>
				<fill>0</fill>
			</PolyStyle>
		</Style>
		<Placemark>
			<name>Ward No. 20.kml</name>
			<styleUrl>#m_ylw-pushpin18</styleUrl>
			<Polygon>
				<tessellate>1</tessellate>
				<outerBoundaryIs>
					<LinearRing>
						<coordinates>
							72.98517699999999,19.178879,0 72.985173,19.178895,0 72.98446199999999,19.181693,0 72.98438299999999,19.182434,0 72.984369,19.182562,0 72.984173,19.184399,0 72.98415,19.184614,0 72.98410699999999,19.185016,0 72.984379,19.185408,0 72.984675,19.185835,0 72.98522699999999,19.186811,0 72.985297,19.187196,0 72.985336,19.187406,0 72.98535800000001,19.187825,0 72.985243,19.188426,0 72.98514299999999,19.188658,0 72.98508563840203,19.18878749151416,0 72.98488288074942,19.18873066024617,0 72.978202,19.186798,0 72.97832699999999,19.186522,0 72.977994,19.186355,0 72.977681,19.186206,0 72.977322,19.186046,0 72.97705499999999,19.185943,0 72.977031,19.185284,0 72.976741,19.185108,0 72.97667,19.185133,0 72.976562,19.184842,0 72.976484,19.184876,0 72.976313,19.184934,0 72.976196,19.184974,0 72.97599700000001,19.185041,0 72.975881,19.18508,0 72.97568800000001,19.185143,0 72.97563100000001,19.185209,0 72.975483,19.185631,0 72.97545100000001,19.185736,0 72.975381,19.185974,0 72.974737,19.185788,0 72.974434,19.185701,0 72.974082,19.185599,0 72.973682,19.185482,0 72.973005,19.185284,0 72.97264199999999,19.18517,0 72.97255699999999,19.185143,0 72.972199,19.185031,0 72.97189,19.184921,0 72.971587,19.184813,0 72.971283,19.184705,0 72.971205,19.184671,0 72.970964,19.184563,0 72.97059299999999,19.184396,0 72.97048700000001,19.184349,0 72.96997500000001,19.184116,0 72.969948,19.184104,0 72.969919,19.184091,0 72.969813,19.184043,0 72.969392,19.18382,0 72.969262,19.183751,0 72.968863,19.183509,0 72.96871899999999,19.183422,0 72.968253,19.183125,0 72.967894,19.18286,0 72.967601,19.182632,0 72.967311,19.182397,0 72.967011,19.182153,0 72.96678199999999,19.181968,0 72.96652400000001,19.18172,0 72.966092,19.181306,0 72.96614599999999,19.181164,0 72.966193,19.181041,0 72.966339,19.180697,0 72.966369,19.180626,0 72.966499,19.180384,0 72.966775,19.179894,0 72.966982,19.179501,0 72.96724,19.178994,0 72.96730599999999,19.178861,0 72.967489,19.178494,0 72.967635,19.178192,0 72.96777400000001,19.177847,0 72.967792,19.177791,0 72.967873,19.177532,0 72.967963,19.177169,0 72.96804899999999,19.176759,0 72.96805000000001,19.176752,0 72.96812300000001,19.176477,0 72.968182,19.17624,0 72.968523,19.176119,0 72.968571,19.176084,0 72.96861,19.175787,0 72.970206,19.175416,0 72.970556,19.175359,0 72.970687,19.175442,0 72.970893,19.175711,0 72.971299,19.177065,0 72.97139799999999,19.177446,0 72.971839,19.178773,0 72.972566,19.17863,0 72.972621,19.178596,0 72.97308700000001,19.17842,0 72.972731,19.17743,0 72.973601,19.177254,0 72.973547,19.1771,0 72.973544,19.176896,0 72.974502,19.175565,0 72.97449899999999,19.175564,0 72.97696000000001,19.17206,0 72.978954,19.16837,0 72.97928899999999,19.167974,0 72.98213199999999,19.167336,0 72.98217,19.167328,0 72.98517699999999,19.178879,0 
						</coordinates>
					</LinearRing>
				</outerBoundaryIs>
			</Polygon>
		</Placemark>
	</Document>
	<Document>
		<name>Ward No. 21.kml</name>
		<StyleMap id="m_ylw-pushpin19">
			<Pair>
				<key>normal</key>
				<styleUrl>#s_ylw-pushpin19</styleUrl>
			</Pair>
			<Pair>
				<key>highlight</key>
				<styleUrl>#s_ylw-pushpin_hl19</styleUrl>
			</Pair>
		</StyleMap>
		<Style id="s_ylw-pushpin19">
			<IconStyle>
				<scale>1.1</scale>
				<Icon>
					<href>http://maps.google.com/mapfiles/kml/pushpin/ylw-pushpin.png</href>
				</Icon>
				<hotSpot x="20" y="2" xunits="pixels" yunits="pixels"/>
			</IconStyle>
			<LineStyle>
				<color>ffffff55</color>
				<width>3</width>
			</LineStyle>
			<PolyStyle>
				<fill>0</fill>
			</PolyStyle>
		</Style>
		<Style id="s_ylw-pushpin_hl19">
			<IconStyle>
				<scale>1.3</scale>
				<Icon>
					<href>http://maps.google.com/mapfiles/kml/pushpin/ylw-pushpin.png</href>
				</Icon>
				<hotSpot x="20" y="2" xunits="pixels" yunits="pixels"/>
			</IconStyle>
			<LineStyle>
				<color>ffffff55</color>
				<width>3</width>
			</LineStyle>
			<PolyStyle>
				<fill>0</fill>
			</PolyStyle>
		</Style>
		<Placemark>
			<name>Ward No. 21.kml</name>
			<styleUrl>#m_ylw-pushpin19</styleUrl>
			<Polygon>
				<tessellate>1</tessellate>
				<outerBoundaryIs>
					<LinearRing>
						<coordinates>
							72.977847,19.187586,0 72.977818,19.187743,0 72.97780299999999,19.18791,0 72.97761800000001,19.187913,0 72.977585,19.187914,0 72.97747099999999,19.187922,0 72.97735400000001,19.187931,0 72.977153,19.187941,0 72.977146,19.188005,0 72.97713400000001,19.188182,0 72.977125,19.188308,0 72.977124,19.188324,0 72.977109,19.188459,0 72.977093,19.188546,0 72.977084,19.188596,0 72.977076,19.188646,0 72.977074,19.188865,0 72.977073,19.188889,0 72.977059,19.189155,0 72.977035,19.189477,0 72.97702099999999,19.189556,0 72.977,19.189672,0 72.976979,19.189798,0 72.97695400000001,19.189982,0 72.97693200000001,19.190141,0 72.976918,19.190238,0 72.976917,19.190247,0 72.97691500000001,19.190364,0 72.976921,19.190405,0 72.97692499999999,19.190532,0 72.976941,19.191057,0 72.976951,19.191056,0 72.97695899999999,19.191057,0 72.976967,19.191061,0 72.976974,19.191066,0 72.976978,19.191073,0 72.976985,19.191089,0 72.977172,19.191534,0 72.97719499999999,19.191583,0 72.977333,19.191881,0 72.977349,19.191932,0 72.977378,19.192023,0 72.977467,19.192588,0 72.977503,19.192815,0 72.977508,19.192849,0 72.977597,19.193313,0 72.977615,19.193405,0 72.977633,19.193496,0 72.977678,19.19364,0 72.977695,19.193692,0 72.977822,19.194092,0 72.97783,19.194118,0 72.97789,19.194361,0 72.97793,19.194525,0 72.97793,19.194527,0 72.97793,19.194529,0 72.97793,19.194531,0 72.97793,19.194533,0 72.977931,19.194545,0 72.977929,19.194561,0 72.977918,19.194604,0 72.977895,19.194587,0 72.977879,19.194582,0 72.97785500000001,19.19458,0 72.977834,19.19458,0 72.97778,19.194589,0 72.977501,19.19464,0 72.97748900000001,19.194643,0 72.977056,19.194738,0 72.976989,19.194759,0 72.976952,19.194771,0 72.976941,19.194773,0 72.976771,19.194802,0 72.97663,19.194803,0 72.976636,19.194841,0 72.976708,19.195153,0 72.976709,19.195161,0 72.97670599999999,19.195169,0 72.976702,19.195176,0 72.97669500000001,19.195182,0 72.97633399999999,19.195399,0 72.97630100000001,19.195435,0 72.976288,19.195498,0 72.976285,19.195638,0 72.976291,19.195652,0 72.976297,19.195658,0 72.976251,19.195672,0 72.976197,19.19569,0 72.97611000000001,19.195718,0 72.97602999999999,19.195727,0 72.97592899999999,19.195733,0 72.97583,19.195739,0 72.97547400000001,19.195762,0 72.975399,19.195759,0 72.975354,19.195748,0 72.975348,19.195747,0 72.975351,19.195782,0 72.97536100000001,19.195893,0 72.975379,19.196093,0 72.97539999999999,19.196252,0 72.97542199999999,19.196417,0 72.97542199999999,19.196418,0 72.975426,19.196447,0 72.975415,19.196449,0 72.975351,19.196463,0 72.97529400000001,19.196493,0 72.97520799999999,19.196566,0 72.975166,19.196603,0 72.97514700000001,19.19661,0 72.975112,19.196622,0 72.97493299999999,19.196641,0 72.97486600000001,19.196648,0 72.97475,19.196676,0 72.974664,19.196697,0 72.97457799999999,19.196724,0 72.974531,19.196742,0 72.97448900000001,19.196777,0 72.97431400000001,19.196669,0 72.974283,19.196645,0 72.97425200000001,19.196611,0 72.97421300000001,19.196571,0 72.974182,19.196529,0 72.97415100000001,19.196487,0 72.97410000000001,19.196395,0 72.97407800000001,19.196356,0 72.97401499999999,19.196376,0 72.973996,19.196348,0 72.97397100000001,19.196311,0 72.973934,19.196259,0 72.973874,19.196198,0 72.973854,19.196172,0 72.97384099999999,19.196135,0 72.973834,19.196114,0 72.97383000000001,19.196102,0 72.97378399999999,19.195978,0 72.973732,19.19584,0 72.97371800000001,19.195803,0 72.97370600000001,19.195771,0 72.973545,19.195813,0 72.973528,19.195814,0 72.973473,19.195818,0 72.973462,19.195819,0 72.973443,19.195821,0 72.97341299999999,19.195829,0 72.973381,19.195842,0 72.97333399999999,19.195864,0 72.973033,19.196044,0 72.972994,19.196067,0 72.972934,19.196102,0 72.972662,19.196255,0 72.97234,19.196398,0 72.972264,19.196433,0 72.972137,19.196489,0 72.972014,19.196551,0 72.971872,19.196623,0 72.9718,19.196659,0 72.97153,19.196795,0 72.97143800000001,19.196841,0 72.97138699999999,19.196763,0 72.97131,19.196531,0 72.971147,19.196088,0 72.97112799999999,19.196041,0 72.97110600000001,19.19599,0 72.971041,19.195834,0 72.970934,19.195562,0 72.970924,19.195535,0 72.97085800000001,19.195368,0 72.970775,19.195171,0 72.97075,19.195096,0 72.970687,19.194908,0 72.970658,19.194809,0 72.9706,19.194609,0 72.970522,19.194329,0 72.970516,19.194307,0 72.970431,19.194,0 72.970319,19.193544,0 72.970316,19.193531,0 72.970308,19.193494,0 72.97024399999999,19.193198,0 72.970146,19.192859,0 72.969979,19.192712,0 72.96987,19.192611,0 72.96977099999999,19.192521,0 72.96973800000001,19.192491,0 72.96961400000001,19.1924,0 72.96959200000001,19.192383,0 72.96938900000001,19.192267,0 72.96927700000001,19.192201,0 72.96904600000001,19.192046,0 72.96898899999999,19.192015,0 72.968723,19.192337,0 72.96851599999999,19.192596,0 72.968383,19.192764,0 72.968232,19.192946,0 72.96815599999999,19.193038,0 72.96783499999999,19.193269,0 72.967665,19.193374,0 72.967658,19.193378,0 72.967457,19.193475,0 72.967313,19.193521,0 72.967218,19.193552,0 72.966888,19.193594,0 72.966888,19.193594,0 72.96685600000001,19.193599,0 72.96666500000001,19.193609,0 72.966272,19.193631,0 72.966247,19.193632,0 72.965772,19.19365,0 72.96571299999999,19.193652,0 72.965672,19.193654,0 72.96517799999999,19.193627,0 72.965138,19.193625,0 72.965097,19.193623,0 72.965047,19.19362,0 72.964932,19.193606,0 72.96474000000001,19.19359,0 72.964624,19.19358,0 72.964449,19.193577,0 72.96419299999999,19.193587,0 72.964051,19.19359,0 72.964077,19.193468,0 72.964122,19.193346,0 72.964172,19.193248,0 72.96425499999999,19.193176,0 72.963621,19.193041,0 72.962881,19.192957,0 72.96295600000001,19.192461,0 72.963044,19.191885,0 72.963122,19.191381,0 72.963307,19.190192,0 72.963364,19.189792,0 72.963393,19.189599,0 72.963408,19.189498,0 72.963415,19.189457,0 72.963416,19.189451,0 72.963444,19.189255,0 72.963487,19.188948,0 72.96350700000001,19.188822,0 72.963531,19.188644,0 72.96356299999999,19.188493,0 72.963587,19.188387,0 72.963615,19.188286,0 72.963629,19.188241,0 72.963733,19.187946,0 72.963821,19.187699,0 72.963899,19.187475,0 72.963978,19.187256,0 72.96405300000001,19.187045,0 72.964124,19.186852,0 72.96419400000001,19.186659,0 72.964263,19.186456,0 72.964326,19.186281,0 72.96441900000001,19.186023,0 72.964502,19.185786,0 72.964569,19.185601,0 72.964589,19.185544,0 72.964692,19.185255,0 72.96480099999999,19.184946,0 72.964856,19.184786,0 72.964861,19.184773,0 72.964868,19.184752,0 72.96487500000001,19.184732,0 72.964929,19.184578,0 72.965022,19.184309,0 72.965102,19.184051,0 72.96515599999999,19.183889,0 72.965188,19.183792,0 72.965217,19.183697,0 72.96526,19.183568,0 72.965296,19.183463,0 72.965467,19.182976,0 72.965625,19.182526,0 72.965822,19.182007,0 72.965827,19.181992,0 72.96583200000001,19.18198,0 72.966013,19.181512,0 72.966092,19.181306,0 72.96652400000001,19.18172,0 72.96678199999999,19.181968,0 72.967011,19.182153,0 72.967601,19.182632,0 72.967894,19.18286,0 72.968253,19.183125,0 72.96871899999999,19.183422,0 72.968863,19.183509,0 72.969262,19.183751,0 72.969813,19.184043,0 72.969919,19.184091,0 72.96997500000001,19.184116,0 72.97048700000001,19.184349,0 72.97059299999999,19.184396,0 72.970964,19.184563,0 72.971205,19.184671,0 72.971283,19.184705,0 72.972199,19.185031,0 72.97255699999999,19.185143,0 72.97264199999999,19.18517,0 72.973005,19.185284,0 72.973682,19.185482,0 72.974082,19.185599,0 72.974434,19.185701,0 72.974737,19.185788,0 72.975381,19.185974,0 72.97545100000001,19.185736,0 72.975503,19.185565,0 72.97563100000001,19.185209,0 72.97568800000001,19.185143,0 72.975881,19.18508,0 72.97599700000001,19.185041,0 72.976484,19.184876,0 72.976562,19.184842,0 72.97667,19.185133,0 72.976741,19.185108,0 72.977031,19.185284,0 72.97705499999999,19.185943,0 72.977322,19.186046,0 72.977681,19.186206,0 72.977994,19.186355,0 72.97832699999999,19.186522,0 72.978202,19.186798,0 72.978098,19.187061,0 72.97809700000001,19.187098,0 72.978004,19.187266,0 72.977936,19.187399,0 72.977847,19.187586,0 
						</coordinates>
					</LinearRing>
				</outerBoundaryIs>
			</Polygon>
		</Placemark>
	</Document>
	<Document>
		<name>Ward No. 22.kml</name>
		<StyleMap id="m_ylw-pushpin20">
			<Pair>
				<key>normal</key>
				<styleUrl>#s_ylw-pushpin20</styleUrl>
			</Pair>
			<Pair>
				<key>highlight</key>
				<styleUrl>#s_ylw-pushpin_hl20</styleUrl>
			</Pair>
		</StyleMap>
		<Style id="s_ylw-pushpin20">
			<IconStyle>
				<scale>1.1</scale>
				<Icon>
					<href>http://maps.google.com/mapfiles/kml/pushpin/ylw-pushpin.png</href>
				</Icon>
				<hotSpot x="20" y="2" xunits="pixels" yunits="pixels"/>
			</IconStyle>
			<LineStyle>
				<color>ffffff55</color>
				<width>3</width>
			</LineStyle>
			<PolyStyle>
				<fill>0</fill>
			</PolyStyle>
		</Style>
		<Style id="s_ylw-pushpin_hl20">
			<IconStyle>
				<scale>1.3</scale>
				<Icon>
					<href>http://maps.google.com/mapfiles/kml/pushpin/ylw-pushpin.png</href>
				</Icon>
				<hotSpot x="20" y="2" xunits="pixels" yunits="pixels"/>
			</IconStyle>
			<LineStyle>
				<color>ffffff55</color>
				<width>3</width>
			</LineStyle>
			<PolyStyle>
				<fill>0</fill>
			</PolyStyle>
		</Style>
		<Placemark>
			<name>Ward No. 22.kml</name>
			<styleUrl>#m_ylw-pushpin20</styleUrl>
			<Polygon>
				<tessellate>1</tessellate>
				<outerBoundaryIs>
					<LinearRing>
						<coordinates>
							72.977936,19.187399,0 72.978004,19.187266,0 72.97809700000001,19.187098,0 72.978098,19.187061,0 72.97820191983449,19.18679782870165,0 72.97959038036741,19.18719962325041,0 72.9803946943891,19.18743230189078,0 72.98108434910412,19.18763147652414,0 72.98337007278741,19.1882928210506,0 72.98508552026142,19.18878755768592,0 72.98508618585524,19.18878774931577,0 72.98503287522495,19.18891163937516,0 72.98498301945469,19.18902497863974,0 72.98451460392903,19.18959807894423,0 72.98372965740192,19.19055607690559,0 72.98336409570436,19.19100331010691,0 72.98536228958757,19.19596389303615,0 72.98536392628505,19.19596778908388,0 72.98535435145797,19.19597221516808,0 72.9849672859454,19.19607439704518,0 72.98477156671022,19.19612550135903,0 72.98465110369506,19.19614756163337,0 72.98396768249732,19.19627370594806,0 72.98355928756955,19.19634919134691,0 72.98366882671087,19.1966220450055,0 72.98381489677213,19.19699695681335,0 72.98396085148966,19.19738300117891,0 72.98374595071368,19.19733659886683,0 72.98362737535089,19.1973117461172,0 72.98353343679453,19.19730264570537,0 72.98311451224855,19.1972637033224,0 72.98250708084478,19.19722797227253,0 72.98233954268574,19.19721772727998,0 72.98211193225606,19.19719433523588,0 72.98178793311845,19.19717434960604,0 72.98110402213139,19.19713626783718,0 72.98064538147626,19.19712517478502,0 72.98032416266771,19.19710695612837,0 72.980066250392,19.19712309090626,0 72.97997537334531,19.19713330155961,0 72.97988128418604,19.19715208473799,0 72.97998778264626,19.1972029112235,0 72.97996122402662,19.19727769954916,0 72.97994870004351,19.19735711328903,0 72.97993492101503,19.19767549312523,0 72.97993041264827,19.19776064793105,0 72.97992308185793,19.19786334830216,0 72.97992201427655,19.19786790048764,0 72.9798791656514,19.19816547184596,0 72.9798587706229,19.19829872735964,0 72.97981037777167,19.19859922530301,0 72.9797944343626,19.19870091965506,0 72.97978009270736,19.19878848294728,0 72.97976197248853,19.19893127094106,0 72.97975352911266,19.19902155191872,0 72.97974421527385,19.19911977870073,0 72.97972204594225,19.19927859102276,0 72.97969362821637,19.19948633320394,0 72.97967409482303,19.1996465075842,0 72.97964604131116,19.19982022715833,0 72.97954166193719,19.20056050396074,0 72.97948508315503,19.20098122788276,0 72.979424223138,19.20141141814434,0 72.97938482638033,19.20153778509819,0 72.97935987272882,19.20160934294025,0 72.97932095616609,19.20171273706881,0 72.97931252309623,19.20173073221648,0 72.97927840358093,19.20180149256966,0 72.97921351175674,19.20191016245601,0 72.97911720322504,19.20208028842064,0 72.97908317238256,19.20214137796862,0 72.97903095719683,19.2022638863656,0 72.97902135767835,19.20228487970318,0 72.97894328411611,19.20250491584887,0 72.97893146490195,19.2025386693375,0 72.97890050849433,19.20265663957872,0 72.97888906560637,19.20274269507089,0 72.97888128000353,19.20279273038735,0 72.97886107451167,19.20306508864634,0 72.97884460670575,19.20316674509159,0 72.97870265210805,19.2031364087068,0 72.978646470744,19.20312407312496,0 72.97858706014942,19.20312199513558,0 72.97853098442374,19.20312908134377,0 72.9783659241988,19.2031901251234,0 72.97832010028324,19.20319700684858,0 72.97825935771901,19.20319211315841,0 72.97809292553779,19.20313799884516,0 72.97771712776158,19.20329133664407,0 72.97748777506827,19.20340821555147,0 72.97715600963247,19.20359495364862,0 72.97713131096759,19.20355647128099,0 72.97709063644058,19.20350064217803,0 72.9770156624643,19.20341630080403,0 72.9769410449543,19.20333503143209,0 72.97686574146728,19.20325633420193,0 72.97679935501314,19.20318547474094,0 72.97655164907569,19.20295707838094,0 72.97638515401502,19.20280755758413,0 72.97628566264412,19.20271684716878,0 72.97613242284845,19.20257264298056,0 72.97600683857175,19.20245842046099,0 72.97581360727109,19.20227821193909,0 72.97577182609416,19.20223936933344,0 72.9757144318931,19.20218873674712,0 72.97559300357494,19.20208305694845,0 72.97548653522976,19.20200293335759,0 72.97534399337088,19.20192062966151,0 72.97516112843414,19.20184178459149,0 72.97487489322975,19.20171142285366,0 72.97476033482491,19.201660861463,0 72.97451773855293,19.20156047305515,0 72.97439285339543,19.20150635999372,0 72.97423067153194,19.20143236210075,0 72.97408794854934,19.20135550375922,0 72.97396534425128,19.2012507482104,0 72.97382650926747,19.20113160512682,0 72.9737199842948,19.20104849557535,0 72.97354898878713,19.20091148657951,0 72.97339002504206,19.2007744498677,0 72.97333271305017,19.200724081807,0 72.97321020412863,19.20060770546432,0 72.97312109205856,19.20051706701597,0 72.97300839342752,19.20039693951451,0 72.97289738874143,19.20024813679677,0 72.97275230196114,19.20005099158107,0 72.97261928070802,19.19987984588685,0 72.97258587617017,19.19983702332376,0 72.97252180903932,19.19975885005545,0 72.97250421930933,19.19973752475491,0 72.97247829877008,19.19970728858442,0 72.97239004560527,19.19959258872526,0 72.9722054276365,19.19938538248959,0 72.97212107411401,19.19928815280223,0 72.97198977268985,19.19912775655023,0 72.97197047624644,19.19909104067781,0 72.97196282543634,19.19907310054452,0 72.97193341606939,19.19900111712169,0 72.97189722621336,19.1989047102203,0 72.97184948039897,19.19873217687033,0 72.97182045846156,19.19857899481124,0 72.97180894385983,19.19851242370353,0 72.97178433921854,19.19837447342722,0 72.97176038006742,19.19820752858231,0 72.97171425860681,19.19775235089532,0 72.97165805221582,19.19743015648221,0 72.97163691699051,19.19735410499495,0 72.97161445160728,19.19727484172542,0 72.97155846247277,19.19709945905112,0 72.97149119864069,19.19692244364112,0 72.97146738651142,19.19688545892269,0 72.97143800000001,19.196841,0 72.97153,19.196795,0 72.9718,19.196659,0 72.971872,19.196623,0 72.972014,19.196551,0 72.972137,19.196489,0 72.972264,19.196433,0 72.97234,19.196398,0 72.972662,19.196255,0 72.972934,19.196102,0 72.972994,19.196067,0 72.973033,19.196044,0 72.97333399999999,19.195864,0 72.973381,19.195842,0 72.97341299999999,19.195829,0 72.973443,19.195821,0 72.973462,19.195819,0 72.973473,19.195818,0 72.973528,19.195814,0 72.973545,19.195813,0 72.97370600000001,19.195771,0 72.97371800000001,19.195803,0 72.973732,19.19584,0 72.97378399999999,19.195978,0 72.97383000000001,19.196102,0 72.973834,19.196114,0 72.97384099999999,19.196135,0 72.973854,19.196172,0 72.973874,19.196198,0 72.973934,19.196259,0 72.97397100000001,19.196311,0 72.973996,19.196348,0 72.97401499999999,19.196376,0 72.97407800000001,19.196356,0 72.97410000000001,19.196395,0 72.97415100000001,19.196487,0 72.974182,19.196529,0 72.97421300000001,19.196571,0 72.97425200000001,19.196611,0 72.974283,19.196645,0 72.97431400000001,19.196669,0 72.97448900000001,19.196777,0 72.974531,19.196742,0 72.97457799999999,19.196724,0 72.974664,19.196697,0 72.97475,19.196676,0 72.97486600000001,19.196648,0 72.97493299999999,19.196641,0 72.975112,19.196622,0 72.97514700000001,19.19661,0 72.975166,19.196603,0 72.97520799999999,19.196566,0 72.97529400000001,19.196493,0 72.975351,19.196463,0 72.975415,19.196449,0 72.975426,19.196447,0 72.97542199999999,19.196418,0 72.97542199999999,19.196417,0 72.97539999999999,19.196252,0 72.975379,19.196093,0 72.97536100000001,19.195893,0 72.975351,19.195782,0 72.975348,19.195747,0 72.975354,19.195748,0 72.975399,19.195759,0 72.97547400000001,19.195762,0 72.97583,19.195739,0 72.97592899999999,19.195733,0 72.97602999999999,19.195727,0 72.97611000000001,19.195718,0 72.976197,19.19569,0 72.976251,19.195672,0 72.976297,19.195658,0 72.976291,19.195652,0 72.976285,19.195638,0 72.976288,19.195498,0 72.97630100000001,19.195435,0 72.97633399999999,19.195399,0 72.97669500000001,19.195182,0 72.976702,19.195176,0 72.97670599999999,19.195169,0 72.976709,19.195161,0 72.976708,19.195153,0 72.976636,19.194841,0 72.97663,19.194803,0 72.976771,19.194802,0 72.976941,19.194773,0 72.976952,19.194771,0 72.976989,19.194759,0 72.977056,19.194738,0 72.97748900000001,19.194643,0 72.977501,19.19464,0 72.97778,19.194589,0 72.977834,19.19458,0 72.97785500000001,19.19458,0 72.977879,19.194582,0 72.977895,19.194587,0 72.977918,19.194604,0 72.977929,19.194561,0 72.977931,19.194545,0 72.97793,19.194533,0 72.97793,19.194531,0 72.97793,19.194529,0 72.97793,19.194527,0 72.97793,19.194525,0 72.97789,19.194361,0 72.97783,19.194118,0 72.977822,19.194092,0 72.977695,19.193692,0 72.977678,19.19364,0 72.977633,19.193496,0 72.977615,19.193405,0 72.977597,19.193313,0 72.977508,19.192849,0 72.977503,19.192815,0 72.977467,19.192588,0 72.977378,19.192023,0 72.977349,19.191932,0 72.977333,19.191881,0 72.97719499999999,19.191583,0 72.977172,19.191534,0 72.976985,19.191089,0 72.976978,19.191073,0 72.976974,19.191066,0 72.976967,19.191061,0 72.97695899999999,19.191057,0 72.976951,19.191056,0 72.976941,19.191057,0 72.97692499999999,19.190532,0 72.976921,19.190405,0 72.97691500000001,19.190364,0 72.976917,19.190247,0 72.976918,19.190238,0 72.97693200000001,19.190141,0 72.97695400000001,19.189982,0 72.976979,19.189798,0 72.977,19.189672,0 72.97702099999999,19.189556,0 72.977035,19.189477,0 72.977059,19.189155,0 72.977073,19.188889,0 72.977074,19.188865,0 72.977076,19.188646,0 72.977084,19.188596,0 72.977093,19.188546,0 72.977109,19.188459,0 72.977124,19.188324,0 72.977125,19.188308,0 72.97713400000001,19.188182,0 72.977146,19.188005,0 72.977153,19.187941,0 72.97735400000001,19.187931,0 72.97747099999999,19.187922,0 72.977585,19.187914,0 72.97761800000001,19.187913,0 72.97780299999999,19.18791,0 72.977818,19.187743,0 72.977847,19.187586,0 72.977936,19.187399,0 
						</coordinates>
					</LinearRing>
				</outerBoundaryIs>
			</Polygon>
		</Placemark>
	</Document>
	<Document>
		<name>Ward No. 23.kml</name>
		<StyleMap id="m_ylw-pushpin21">
			<Pair>
				<key>normal</key>
				<styleUrl>#s_ylw-pushpin21</styleUrl>
			</Pair>
			<Pair>
				<key>highlight</key>
				<styleUrl>#s_ylw-pushpin_hl21</styleUrl>
			</Pair>
		</StyleMap>
		<Style id="s_ylw-pushpin21">
			<IconStyle>
				<scale>1.1</scale>
				<Icon>
					<href>http://maps.google.com/mapfiles/kml/pushpin/ylw-pushpin.png</href>
				</Icon>
				<hotSpot x="20" y="2" xunits="pixels" yunits="pixels"/>
			</IconStyle>
			<LineStyle>
				<color>ffffff55</color>
				<width>3</width>
			</LineStyle>
			<PolyStyle>
				<fill>0</fill>
			</PolyStyle>
		</Style>
		<Style id="s_ylw-pushpin_hl21">
			<IconStyle>
				<scale>1.3</scale>
				<Icon>
					<href>http://maps.google.com/mapfiles/kml/pushpin/ylw-pushpin.png</href>
				</Icon>
				<hotSpot x="20" y="2" xunits="pixels" yunits="pixels"/>
			</IconStyle>
			<LineStyle>
				<color>ffffff55</color>
				<width>3</width>
			</LineStyle>
			<PolyStyle>
				<fill>0</fill>
			</PolyStyle>
		</Style>
		<Placemark>
			<name>Ward No. 23.kml</name>
			<styleUrl>#m_ylw-pushpin21</styleUrl>
			<Polygon>
				<tessellate>1</tessellate>
				<outerBoundaryIs>
					<LinearRing>
						<coordinates>
							72.99402499999999,19.20043,0 72.99386,19.200816,0 72.99381700000001,19.200927,0 72.993807,19.201005,0 72.99384499999999,19.201385,0 72.993846,19.20145,0 72.993847,19.201529,0 72.99370500000001,19.201535,0 72.993706,19.201555,0 72.993651,19.201782,0 72.99367100000001,19.20191,0 72.993675,19.202151,0 72.993678,19.202291,0 72.99368800000001,19.202383,0 72.993663,19.202458,0 72.993666,19.202477,0 72.99364199999999,19.20268,0 72.993622,19.203057,0 72.993618,19.203218,0 72.993606,19.203586,0 72.99364799999999,19.203655,0 72.993649,19.203657,0 72.993695,19.203702,0 72.993584,19.203844,0 72.993562,19.203913,0 72.993613,19.204049,0 72.99341200000001,19.204319,0 72.993353,19.204469,0 72.99308000000001,19.205089,0 72.992991,19.205221,0 72.992745,19.204959,0 72.992485,19.204681,0 72.99220099999999,19.204456,0 72.991756,19.204105,0 72.991738,19.20409,0 72.991692,19.204054,0 72.991528,19.203851,0 72.991367,19.203672,0 72.99100300000001,19.203267,0 72.99093499999999,19.203192,0 72.990768,19.203015,0 72.990576,19.202813,0 72.990236,19.202454,0 72.990048,19.202256,0 72.989942,19.202157,0 72.98967,19.201907,0 72.989468,19.201721,0 72.98929099999999,19.201557,0 72.989234,19.201505,0 72.989063,19.201366,0 72.98877299999999,19.201128,0 72.988311,19.200751,0 72.98827900000001,19.200725,0 72.98803700000001,19.200527,0 72.988033,19.200524,0 72.98797399999999,19.200474,0 72.98774,19.200259,0 72.987606,19.200126,0 72.987402,19.199921,0 72.987314,19.199803,0 72.98719699999999,19.19961,0 72.987112,19.199471,0 72.98669200000001,19.198789,0 72.98669099999999,19.198787,0 72.98669700000001,19.198782,0 72.986543,19.198547,0 72.98638800000001,19.198241,0 72.98621199999999,19.197891,0 72.985912,19.197259,0 72.985776,19.196973,0 72.985591,19.19658,0 72.985461,19.196268,0 72.98536,19.195957,0 72.98336405234899,19.19100297335682,0 72.984983,19.189025,0 72.985044,19.188886,0 72.985086,19.188788,0 72.985086,19.188787,0 72.985816,19.188989,0 72.986904,19.189282,0 72.98696200000001,19.189297,0 72.987041,19.189319,0 72.987041,19.189319,0 72.98745599999999,19.189436,0 72.987675,19.189498,0 72.987827,19.189541,0 72.98817,19.189633,0 72.988141,19.189747,0 72.988151,19.189747,0 72.98839099999999,19.18981,0 72.988533,19.189868,0 72.989124,19.190105,0 72.989199,19.190136,0 72.989825,19.19039,0 72.990021,19.190486,0 72.990149,19.190549,0 72.99055300000001,19.190748,0 72.990679,19.19081,0 72.990763,19.190851,0 72.99084000000001,19.190896,0 72.990914,19.190937,0 72.99098499999999,19.190978,0 72.991073,19.191028,0 72.991427,19.191231,0 72.99189,19.191525,0 72.991952,19.191564,0 72.992048,19.191626,0 72.992589,19.192014,0 72.992681,19.19208,0 72.99322600000001,19.19256,0 72.992931,19.192942,0 72.992893,19.192983,0 72.99280899999999,19.193078,0 72.99273700000001,19.193172,0 72.992718,19.193196,0 72.993025,19.1934,0 72.99322600000001,19.193549,0 72.993135,19.193663,0 72.99305099999999,19.193768,0 72.99287099999999,19.193852,0 72.99310199999999,19.194671,0 72.993033,19.194713,0 72.992885,19.194777,0 72.99298,19.195064,0 72.99302,19.195192,0 72.993022,19.195197,0 72.993055,19.195303,0 72.993127,19.195558,0 72.99314099999999,19.195613,0 72.99315,19.195652,0 72.99319300000001,19.195661,0 72.993212,19.195665,0 72.993279,19.195712,0 72.993325,19.195744,0 72.993377,19.195784,0 72.99341,19.195746,0 72.99345700000001,19.195693,0 72.993576,19.195803,0 72.993894,19.196098,0 72.99384000000001,19.196175,0 72.99383400000001,19.196187,0 72.99381099999999,19.196223,0 72.993673,19.196417,0 72.993662,19.196432,0 72.993656,19.196436,0 72.993649,19.196439,0 72.993638,19.196439,0 72.993616,19.196432,0 72.99356899999999,19.196407,0 72.993545,19.196395,0 72.99341800000001,19.196323,0 72.993409,19.19632,0 72.993399,19.196321,0 72.99339000000001,19.196324,0 72.99338299999999,19.19633,0 72.993351,19.196369,0 72.993347,19.19638,0 72.99332,19.196461,0 72.99330399999999,19.196521,0 72.99328,19.196607,0 72.993273,19.196698,0 72.993273,19.196704,0 72.993272,19.196737,0 72.99327099999999,19.196776,0 72.993263,19.196816,0 72.993261,19.196839,0 72.993262,19.196881,0 72.993258,19.196909,0 72.99324900000001,19.196951,0 72.993223,19.197016,0 72.993166,19.197191,0 72.993129,19.197313,0 72.99309700000001,19.197399,0 72.993055,19.197469,0 72.993021,19.197519,0 72.992974,19.197576,0 72.993178,19.197666,0 72.993459,19.197802,0 72.993469,19.197806,0 72.993528,19.197835,0 72.993551,19.197847,0 72.99366499999999,19.197906,0 72.993827,19.197993,0 72.994058,19.198117,0 72.99352500000001,19.198978,0 72.99351799999999,19.198993,0 72.993484,19.199064,0 72.994292,19.19944,0 72.994455,19.199516,0 72.994452,19.199561,0 72.994409,19.199726,0 72.99434599999999,19.199962,0 72.99434100000001,19.200007,0 72.994359,19.20004,0 72.99423,19.199994,0 72.99402499999999,19.20043,0 
						</coordinates>
					</LinearRing>
				</outerBoundaryIs>
			</Polygon>
		</Placemark>
	</Document>
	<Document>
		<name>Ward No. 24.kml</name>
		<StyleMap id="m_ylw-pushpin22">
			<Pair>
				<key>normal</key>
				<styleUrl>#s_ylw-pushpin22</styleUrl>
			</Pair>
			<Pair>
				<key>highlight</key>
				<styleUrl>#s_ylw-pushpin_hl22</styleUrl>
			</Pair>
		</StyleMap>
		<Style id="s_ylw-pushpin22">
			<IconStyle>
				<scale>1.1</scale>
				<Icon>
					<href>http://maps.google.com/mapfiles/kml/pushpin/ylw-pushpin.png</href>
				</Icon>
				<hotSpot x="20" y="2" xunits="pixels" yunits="pixels"/>
			</IconStyle>
			<LineStyle>
				<color>ffffff55</color>
				<width>3</width>
			</LineStyle>
			<PolyStyle>
				<fill>0</fill>
			</PolyStyle>
		</Style>
		<Style id="s_ylw-pushpin_hl22">
			<IconStyle>
				<scale>1.3</scale>
				<Icon>
					<href>http://maps.google.com/mapfiles/kml/pushpin/ylw-pushpin.png</href>
				</Icon>
				<hotSpot x="20" y="2" xunits="pixels" yunits="pixels"/>
			</IconStyle>
			<LineStyle>
				<color>ffffff55</color>
				<width>3</width>
			</LineStyle>
			<PolyStyle>
				<fill>0</fill>
			</PolyStyle>
		</Style>
		<Placemark>
			<name>Ward No. 24.kml</name>
			<styleUrl>#m_ylw-pushpin22</styleUrl>
			<Polygon>
				<tessellate>1</tessellate>
				<outerBoundaryIs>
					<LinearRing>
						<coordinates>
							72.997078,19.194083,0 72.997066,19.194189,0 72.997056,19.194276,0 72.99704800000001,19.194342,0 72.997038,19.194507,0 72.99703100000001,19.194578,0 72.997001,19.194652,0 72.99686699999999,19.194711,0 72.996847,19.194729,0 72.996629,19.194929,0 72.99655,19.195002,0 72.99644499999999,19.195099,0 72.995942,19.194683,0 72.995642,19.194436,0 72.995442,19.19427,0 72.995442,19.19427,0 72.99531399999999,19.194166,0 72.99511699999999,19.194007,0 72.99507,19.194073,0 72.995272,19.194288,0 72.995257,19.194287,0 72.995242,19.194289,0 72.99521799999999,19.194295,0 72.99518,19.194311,0 72.995031,19.194385,0 72.994957,19.194415,0 72.994908,19.194397,0 72.994821,19.194194,0 72.994595,19.193941,0 72.99432,19.193764,0 72.99427,19.193727,0 72.994482,19.193493,0 72.994472,19.193484,0 72.994277,19.193322,0 72.99418300000001,19.193244,0 72.994174,19.193236,0 72.994038,19.193123,0 72.99385599999999,19.192971,0 72.993814,19.192937,0 72.993769,19.192899,0 72.993613,19.192768,0 72.993589,19.192749,0 72.993274,19.192506,0 72.99322600000001,19.19256,0 72.992681,19.19208,0 72.992589,19.192014,0 72.992048,19.191626,0 72.991952,19.191564,0 72.99189,19.191525,0 72.99184,19.191493,0 72.991427,19.191231,0 72.991073,19.191028,0 72.99098499999999,19.190978,0 72.990914,19.190937,0 72.99084000000001,19.190896,0 72.990763,19.190851,0 72.990679,19.19081,0 72.99055300000001,19.190748,0 72.990149,19.190549,0 72.990021,19.190486,0 72.989825,19.19039,0 72.989199,19.190136,0 72.989124,19.190105,0 72.988533,19.189868,0 72.98839099999999,19.18981,0 72.98815111897687,19.18974706985052,0 72.98814106717452,19.18974706953525,0 72.98817004913803,19.18963300403002,0 72.98783500987102,19.18954313658513,0 72.987041,19.189319,0 72.98696160058867,19.18929680573549,0 72.98691522585455,19.1892849663106,0 72.98619155569291,19.18909041464163,0 72.98595615679184,19.18902697255533,0 72.98562908141116,19.18893724014924,0 72.98508595588314,19.18878693145582,0 72.98514299999999,19.188658,0 72.985243,19.188426,0 72.98535800000001,19.187825,0 72.985336,19.187406,0 72.985297,19.187196,0 72.98522699999999,19.186811,0 72.984675,19.185835,0 72.984379,19.185408,0 72.98410699999999,19.185016,0 72.98415,19.184614,0 72.984173,19.184399,0 72.984369,19.182562,0 72.98438299999999,19.182434,0 72.98446199999999,19.181693,0 72.985173,19.178895,0 72.98517699999999,19.178879,0 72.987118,19.178778,0 72.987404,19.178763,0 72.98742799999999,19.178988,0 72.990719,19.180593,0 72.991372,19.180911,0 72.991801,19.181121,0 72.991969,19.181212,0 72.991998,19.181236,0 72.992107,19.181306,0 72.99249,19.181555,0 72.992605,19.181911,0 72.99269,19.182156,0 72.99267399999999,19.182409,0 72.992565,19.18274,0 72.992411,19.182988,0 72.99233,19.183082,0 72.992206,19.183247,0 72.991984,19.183544,0 72.99171800000001,19.183806,0 72.991743,19.183846,0 72.99184200000001,19.184088,0 72.991891,19.184188,0 72.991872,19.184281,0 72.99185300000001,19.184371,0 72.991878,19.184493,0 72.99202099999999,19.184559,0 72.992242,19.184649,0 72.992295,19.184872,0 72.99236500000001,19.18506,0 72.99248,19.185122,0 72.992496,19.18523,0 72.992502,19.185269,0 72.992564,19.185307,0 72.992615,19.185362,0 72.99265699999999,19.185672,0 72.992709,19.185707,0 72.992903,19.185784,0 72.99313600000001,19.185832,0 72.993323,19.18588,0 72.993375,19.185909,0 72.993466,19.186013,0 72.993486,19.18608,0 72.99353000000001,19.186144,0 72.993505,19.186304,0 72.993498,19.18646,0 72.993619,19.186483,0 72.99361399999999,19.186564,0 72.993745,19.186571,0 72.993763,19.186672,0 72.99391799999999,19.186695,0 72.99391900000001,19.186716,0 72.994266,19.186829,0 72.994129,19.187318,0 72.99432,19.187365,0 72.99429499999999,19.187445,0 72.994393,19.187437,0 72.99435099999999,19.187613,0 72.994435,19.187634,0 72.994322,19.187974,0 72.994184,19.187966,0 72.994164,19.188017,0 72.99414299999999,19.188103,0 72.994117,19.18827,0 72.994388,19.18829,0 72.994387,19.188497,0 72.994387,19.188588,0 72.994387,19.188618,0 72.994376,19.188794,0 72.99435,19.18897,0 72.994428,19.188968,0 72.994477,19.188929,0 72.99452100000001,19.188895,0 72.994522,19.188802,0 72.994553,19.188774,0 72.994585,19.188771,0 72.994663,19.188789,0 72.994703,19.188993,0 72.99473,19.189036,0 72.994765,19.189113,0 72.994816,19.189151,0 72.994877,19.189104,0 72.99494799999999,19.189112,0 72.99499900000001,19.189138,0 72.995007,19.189166,0 72.994978,19.189401,0 72.995091,19.189433,0 72.995407,19.189519,0 72.995497,19.189515,0 72.99550600000001,19.189585,0 72.99553,19.189651,0 72.99570300000001,19.189736,0 72.99587200000001,19.189712,0 72.995949,19.189739,0 72.99602899999999,19.189756,0 72.996194,19.189614,0 72.99630500000001,19.189376,0 72.996371,19.189235,0 72.996523,19.189207,0 72.99664799999999,19.18921,0 72.996854,19.189513,0 72.996855,19.189517,0 72.996932,19.189454,0 72.996971,19.189422,0 72.997218,19.189495,0 72.997288,19.189334,0 72.99737500000001,19.189274,0 72.997422,19.189181,0 72.99766099999999,19.189019,0 72.997728,19.189156,0 72.998147,19.189004,0 72.99842099999999,19.188938,0 72.99852799999999,19.188938,0 72.998676,19.188129,0 72.998887,19.188153,0 72.99912999999999,19.188201,0 72.999374,19.188308,0 72.999669,19.188429,0 72.999675,19.188432,0 72.99990699999999,19.188519,0 73.000145,19.188543,0 73.000535,19.188588,0 73.00064,19.188586,0 73.000798,19.188604,0 73.001075,19.188531,0 73.00140500000001,19.188452,0 73.001491,19.18863,0 73.00148,19.188799,0 73.001555,19.188813,0 73.001625,19.189072,0 73.001615,19.189115,0 73.00162,19.189285,0 73.001789,19.189299,0 73.00205800000001,19.189305,0 73.002078,19.189305,0 73.002239,19.189304,0 73.002414,19.189253,0 73.002893,19.189048,0 73.00295699999999,19.18901,0 73.003179,19.188919,0 73.003693,19.188713,0 73.00417,19.188516,0 73.00418999999999,19.188533,0 73.004442,19.188443,0 73.00473599999999,19.188337,0 73.00540100000001,19.188099,0 73.00555300000001,19.188007,0 73.005872,19.187814,0 73.006455,19.187775,0 73.00683100000001,19.187882,0 73.006897,19.188048,0 73.006759,19.188251,0 73.006474,19.188436,0 73.006439,19.188473,0 73.006434,19.188564,0 73.006584,19.188544,0 73.00678499999999,19.188517,0 73.006792,19.188517,0 73.00700500000001,19.188505,0 73.007115,19.1885,0 73.007368,19.188401,0 73.007402,19.188379,0 73.00761199999999,19.188242,0 73.007733,19.188152,0 73.007901,19.188027,0 73.008003,19.187965,0 73.008032,19.187876,0 73.008116,19.187589,0 73.008334,19.187637,0 73.00832200000001,19.187674,0 73.008287,19.187801,0 73.00828799999999,19.187805,0 73.00829400000001,19.187873,0 73.00833799999999,19.188001,0 73.008377,19.188101,0 73.008458,19.188317,0 73.008467,19.188342,0 73.008523,19.188589,0 73.008546,19.188692,0 73.008518,19.18873,0 73.00846199999999,19.188748,0 73.008438,19.188757,0 73.008229,19.188745,0 73.008154,19.188773,0 73.008118,19.188792,0 73.008104,19.188925,0 73.008109,19.189016,0 73.0081,19.189148,0 73.00809599999999,19.189226,0 73.008087,19.189253,0 73.008064,19.189268,0 73.008027,19.189288,0 73.007986,19.189302,0 73.00796699999999,19.189301,0 73.008048,19.189765,0 73.00806799999999,19.189882,0 73.008028,19.189901,0 73.008094,19.19023,0 73.007904,19.190285,0 73.00788300000001,19.190291,0 73.007653,19.190357,0 73.007486,19.190406,0 73.007251,19.190474,0 73.007161,19.1905,0 73.006908,19.190573,0 73.00679599999999,19.190605,0 73.006581,19.190667,0 73.006345,19.190735,0 73.006253,19.190762,0 73.006058,19.190818,0 73.006017,19.190828,0 73.00581699999999,19.190877,0 73.00564,19.190921,0 73.005533,19.190947,0 73.005477,19.190961,0 73.00542,19.190976,0 73.005352,19.190991,0 73.005087,19.191048,0 73.00507399999999,19.191051,0 73.00496800000001,19.191072,0 73.004796,19.191106,0 73.004599,19.191145,0 73.00431,19.191189,0 73.00409399999999,19.191222,0 73.00385199999999,19.191259,0 73.003827,19.191262,0 73.003558,19.191294,0 73.003342,19.191319,0 73.003119,19.191345,0 73.00305299999999,19.191351,0 73.002644,19.191395,0 73.002409,19.191404,0 73.00217499999999,19.191414,0 73.00188799999999,19.191416,0 73.001712,19.191418,0 73.001632,19.191422,0 73.001499,19.19142,0 73.001054,19.191412,0 73.000908,19.191409,0 73.00064500000001,19.191405,0 73.00052700000001,19.191403,0 73.00024999999999,19.191387,0 73.000046,19.191369,0 72.999813,19.191346,0 72.99952500000001,19.191319,0 72.999218,19.191283,0 72.99891700000001,19.191248,0 72.998713,19.191224,0 72.99847800000001,19.191197,0 72.99836999999999,19.191183,0 72.99767199999999,19.19109,0 72.997567,19.191077,0 72.99754299999999,19.191271,0 72.99749199999999,19.191613,0 72.99744699999999,19.191912,0 72.99744099999999,19.191954,0 72.997416,19.192121,0 72.997409,19.192158,0 72.997407,19.19217,0 72.997364,19.192407,0 72.99730599999999,19.192716,0 72.997266,19.192934,0 72.99726099999999,19.192961,0 72.997248,19.19303,0 72.997246,19.193037,0 72.99721,19.193231,0 72.99718300000001,19.193374,0 72.997174,19.193426,0 72.997141,19.1936,0 72.997141,19.193603,0 72.997136,19.193635,0 72.997078,19.194083,0 
						</coordinates>
					</LinearRing>
				</outerBoundaryIs>
			</Polygon>
		</Placemark>
	</Document>
	<Document>
		<name>Ward No. 25.kml</name>
		<StyleMap id="m_ylw-pushpin23">
			<Pair>
				<key>normal</key>
				<styleUrl>#s_ylw-pushpin23</styleUrl>
			</Pair>
			<Pair>
				<key>highlight</key>
				<styleUrl>#s_ylw-pushpin_hl23</styleUrl>
			</Pair>
		</StyleMap>
		<Style id="s_ylw-pushpin23">
			<IconStyle>
				<scale>1.1</scale>
				<Icon>
					<href>http://maps.google.com/mapfiles/kml/pushpin/ylw-pushpin.png</href>
				</Icon>
				<hotSpot x="20" y="2" xunits="pixels" yunits="pixels"/>
			</IconStyle>
			<LineStyle>
				<color>ffffff55</color>
				<width>3</width>
			</LineStyle>
			<PolyStyle>
				<fill>0</fill>
			</PolyStyle>
		</Style>
		<Style id="s_ylw-pushpin_hl23">
			<IconStyle>
				<scale>1.3</scale>
				<Icon>
					<href>http://maps.google.com/mapfiles/kml/pushpin/ylw-pushpin.png</href>
				</Icon>
				<hotSpot x="20" y="2" xunits="pixels" yunits="pixels"/>
			</IconStyle>
			<LineStyle>
				<color>ffffff55</color>
				<width>3</width>
			</LineStyle>
			<PolyStyle>
				<fill>0</fill>
			</PolyStyle>
		</Style>
		<Placemark>
			<name>Ward No. 25.kml</name>
			<styleUrl>#m_ylw-pushpin23</styleUrl>
			<Polygon>
				<tessellate>1</tessellate>
				<outerBoundaryIs>
					<LinearRing>
						<coordinates>
							73.018984,19.203857,0 73.019071,19.204003,0 73.018996,19.204083,0 73.018702,19.204348,0 73.018669,19.204378,0 73.018597,19.204388,0 73.01785700000001,19.204496,0 73.01570700000001,19.204851,0 73.015598,19.205853,0 73.015558,19.206136,0 73.01506999999999,19.206266,0 73.01432800000001,19.206384,0 73.013436,19.206446,0 73.013103,19.206429,0 73.01281299999999,19.206411,0 73.011883,19.206279,0 73.010806,19.205958,0 73.010465,19.205857,0 73.010244,19.205755,0 73.009945,19.205611,0 73.00963827048359,19.20546367162631,0 73.00939099999999,19.205345,0 73.008748,19.204991,0 73.008467,19.204821,0 73.008197,19.204541,0 73.008697,19.203906,0 73.008543,19.203852,0 73.00841800000001,19.203701,0 73.008416,19.203702,0 73.00839000000001,19.20369,0 73.008375,19.203686,0 73.008354,19.203684,0 73.008336,19.203683,0 73.00801199999999,19.203677,0 73.00796699999999,19.203677,0 73.007902,19.203679,0 73.007881,19.20368,0 73.00776399999999,19.203685,0 73.007743,19.203684,0 73.007732,19.203683,0 73.007701,19.203671,0 73.00769099999999,19.203667,0 73.007655,19.203648,0 73.00761900000001,19.203624,0 73.00751099999999,19.203548,0 73.007452,19.203519,0 73.007341,19.203455,0 73.007282,19.203416,0 73.007272,19.203404,0 73.007254,19.203381,0 73.007222,19.203329,0 73.007165,19.203256,0 73.007136,19.203218,0 73.00707,19.20315,0 73.00701599999999,19.203093,0 73.007014,19.20309,0 73.006979,19.203057,0 73.006849,19.202927,0 73.00680800000001,19.202885,0 73.006804,19.202879,0 73.00671699999999,19.202747,0 73.006581,19.202394,0 73.006546,19.202306,0 73.00652700000001,19.202188,0 73.006455,19.201986,0 73.006432,19.201921,0 73.006395,19.201751,0 73.006399,19.201549,0 73.006429,19.201442,0 73.006455,19.20135,0 73.006506,19.20116,0 73.006574,19.200963,0 73.006715,19.200632,0 73.006795,19.200446,0 73.006871,19.200265,0 73.00691500000001,19.200161,0 73.006917,19.200157,0 73.00697,19.200031,0 73.007051,19.199789,0 73.00709000000001,19.199671,0 73.007116,19.199595,0 73.00712900000001,19.199556,0 73.00712900000001,19.199556,0 73.00702800000001,19.199512,0 73.007032,19.199503,0 73.007034,19.199497,0 73.007041,19.199477,0 73.00716199999999,19.199511,0 73.00719100000001,19.199425,0 73.007198,19.199394,0 73.007177,19.199391,0 73.007187,19.199364,0 73.00721,19.199296,0 73.007164,19.199282,0 73.007193,19.199168,0 73.00720099999999,19.199171,0 73.007206,19.199159,0 73.00725199999999,19.199173,0 73.007294,19.199073,0 73.007278,19.199063,0 73.007277,19.199055,0 73.007276,19.199038,0 73.007284,19.19902,0 73.007302,19.19902,0 73.00730900000001,19.199,0 73.007319,19.198982,0 73.007334,19.198985,0 73.007368,19.198998,0 73.00738800000001,19.198951,0 73.007347,19.198934,0 73.00735,19.198923,0 73.007351,19.19892,0 73.007368,19.198882,0 73.00734799999999,19.198874,0 73.00737599999999,19.198806,0 73.007407,19.198813,0 73.007434,19.198755,0 73.00745499999999,19.198762,0 73.00747800000001,19.198727,0 73.007411,19.198705,0 73.007384,19.198696,0 73.00738200000001,19.198695,0 73.007349,19.198674,0 73.007363,19.198634,0 73.00739900000001,19.198551,0 73.007442,19.19856,0 73.007498,19.198573,0 73.007515,19.198548,0 73.00752900000001,19.198533,0 73.007541,19.198539,0 73.007583,19.198464,0 73.00760099999999,19.198431,0 73.007621,19.198412,0 73.00763499999999,19.19834,0 73.007666,19.198178,0 73.00770199999999,19.197992,0 73.00759600000001,19.197985,0 73.00760200000001,19.197949,0 73.007625,19.197836,0 73.00765800000001,19.197821,0 73.007661,19.197819,0 73.007649,19.1978,0 73.00768600000001,19.197767,0 73.00769099999999,19.197745,0 73.007662,19.197704,0 73.00761,19.197629,0 73.00758399999999,19.197573,0 73.007581,19.197532,0 73.007583,19.197521,0 73.00758,19.197491,0 73.007598,19.197414,0 73.00761300000001,19.197402,0 73.00760699999999,19.197376,0 73.007606,19.197371,0 73.007634,19.197362,0 73.007581,19.19725,0 73.007565,19.197256,0 73.007541,19.197203,0 73.007519,19.197142,0 73.007516,19.197127,0 73.007474,19.196962,0 73.00746100000001,19.196922,0 73.007306,19.196557,0 73.00728100000001,19.196488,0 73.00727999999999,19.196453,0 73.007277,19.196441,0 73.007274,19.196426,0 73.007265,19.196386,0 73.00727500000001,19.196386,0 73.007274,19.196352,0 73.007238,19.196046,0 73.007193,19.196052,0 73.00718500000001,19.196015,0 73.007226,19.19601,0 73.00722500000001,19.196,0 73.007214,19.195918,0 73.007189,19.195723,0 73.007161,19.195506,0 73.007155,19.19546,0 73.007102,19.195212,0 73.00710100000001,19.195204,0 73.00707,19.19521,0 73.007051,19.195209,0 73.007034,19.195207,0 73.00700999999999,19.195162,0 73.00694799999999,19.195102,0 73.006918,19.195016,0 73.006896,19.195017,0 73.006833,19.194759,0 73.006811,19.19465,0 73.006799,19.194245,0 73.00673399999999,19.193946,0 73.00673,19.193941,0 73.006722,19.193919,0 73.00641899999999,19.193973,0 73.006175,19.194017,0 73.006072,19.194038,0 73.006063,19.193915,0 73.006056,19.193834,0 73.006052,19.193814,0 73.00605,19.193751,0 73.006032,19.193753,0 73.00603,19.193733,0 73.006011,19.193718,0 73.005989,19.193713,0 73.005968,19.193711,0 73.00599099999999,19.193833,0 73.00599699999999,19.193895,0 73.00599800000001,19.194014,0 73.00589600000001,19.194017,0 73.005877,19.194012,0 73.00587400000001,19.19399,0 73.00586800000001,19.193971,0 73.005674,19.193978,0 73.005675,19.193991,0 73.00566000000001,19.193992,0 73.00557499999999,19.19399,0 73.005576,19.193941,0 73.005348,19.193948,0 73.005343,19.193779,0 73.00534,19.193638,0 73.005246,19.193643,0 73.005247,19.193587,0 73.00524799999999,19.193533,0 73.00524900000001,19.193308,0 73.00524900000001,19.193289,0 73.005222,19.193288,0 73.005107,19.193284,0 73.005009,19.193282,0 73.005009,19.193245,0 73.004997,19.193245,0 73.004954,19.193246,0 73.004941,19.193139,0 73.004929,19.193047,0 73.00491599999999,19.193031,0 73.004903,19.192992,0 73.00487099999999,19.192941,0 73.004687,19.193045,0 73.00466,19.193,0 73.00468100000001,19.192988,0 73.004653,19.192943,0 73.004689,19.192921,0 73.004594,19.192758,0 73.004575,19.192725,0 73.004565,19.192708,0 73.004559,19.192697,0 73.004542,19.192692,0 73.00448,19.192607,0 73.004447,19.192574,0 73.004364,19.19249,0 73.00437599999999,19.192477,0 73.004259,19.192386,0 73.004266,19.192352,0 73.00416199999999,19.192323,0 73.004079,19.192308,0 73.00406,19.192301,0 73.004045,19.192287,0 73.004036,19.192269,0 73.00402200000001,19.192253,0 73.004003,19.19226,0 73.00398300000001,19.192242,0 73.003911,19.192174,0 73.003899,19.192163,0 73.003839,19.19213,0 73.003834,19.192127,0 73.003818,19.192127,0 73.003694,19.192107,0 73.00367199999999,19.192112,0 73.003669,19.192118,0 73.00362699999999,19.192115,0 73.003623,19.19212,0 73.003518,19.192127,0 73.003454,19.192128,0 73.00341299999999,19.192124,0 73.003411,19.191976,0 73.00341,19.191973,0 73.003196,19.191989,0 73.003074,19.191999,0 73.002944,19.19201,0 73.002774,19.192023,0 73.00273300000001,19.192026,0 73.00253600000001,19.192042,0 73.002405,19.192052,0 73.002247,19.192065,0 73.002015,19.192085,0 73.00188,19.1921,0 73.001842,19.192104,0 73.001762,19.192119,0 73.001698,19.192133,0 73.001699,19.192135,0 73.001653,19.192143,0 73.001673,19.19224,0 73.001493,19.192307,0 73.001351,19.19235,0 73.00127000000001,19.192371,0 73.001251,19.19238,0 73.00119599999999,19.192413,0 73.00107199999999,19.19249,0 73.001002,19.192552,0 73.000951,19.192586,0 73.00091500000001,19.192605,0 73.00087499999999,19.192626,0 73.000691,19.192727,0 73.000677,19.192745,0 73.000663,19.192759,0 73.000615,19.192799,0 73.00056499999999,19.192836,0 73.00055,19.192841,0 73.000507,19.192858,0 73.000406,19.192891,0 73.00041,19.192913,0 73.00039,19.192922,0 73.000342,19.192933,0 73.00035,19.192972,0 73.00036,19.193127,0 73.000342,19.193126,0 73.000342,19.193157,0 73.00034599999999,19.193369,0 73.000347,19.19346,0 73.000349,19.193552,0 73.000347,19.193552,0 73.000343,19.193708,0 73.00033000000001,19.193707,0 73.000314,19.193788,0 73.00028,19.193863,0 73.000246,19.193924,0 73.00024999999999,19.193929,0 73.00026099999999,19.193961,0 73.000282,19.194066,0 73.00029499999999,19.19432,0 73.000293,19.194355,0 73.000282,19.194485,0 73.000271,19.194513,0 73.000249,19.194571,0 73.000165,19.194722,0 73.000122,19.194821,0 73.000107,19.19492,0 73.00010399999999,19.19501,0 73.0001,19.195396,0 73.000089,19.195457,0 73.00003,19.195519,0 72.999989,19.195533,0 72.99977800000001,19.195606,0 72.999531,19.195761,0 72.999386,19.195912,0 72.99907399999999,19.196269,0 72.998977,19.196381,0 72.998559,19.196826,0 72.998559,19.196827,0 72.99797599999999,19.196349,0 72.99741400000001,19.195891,0 72.997339,19.195829,0 72.99697500000001,19.195532,0 72.99650200000001,19.195146,0 72.99644499999999,19.195099,0 72.99655,19.195002,0 72.996629,19.194929,0 72.996847,19.194729,0 72.99686699999999,19.194711,0 72.997001,19.194652,0 72.99703100000001,19.194578,0 72.997038,19.194507,0 72.99704800000001,19.194342,0 72.997056,19.194276,0 72.997066,19.194189,0 72.997078,19.194083,0 72.997136,19.193635,0 72.997141,19.193603,0 72.997141,19.1936,0 72.997174,19.193426,0 72.99718300000001,19.193374,0 72.99721,19.193231,0 72.997246,19.193037,0 72.997248,19.19303,0 72.99726099999999,19.192961,0 72.997266,19.192934,0 72.99730599999999,19.192716,0 72.997364,19.192407,0 72.997407,19.19217,0 72.997409,19.192158,0 72.997416,19.192121,0 72.99744099999999,19.191954,0 72.99744699999999,19.191912,0 72.99749199999999,19.191613,0 72.99754299999999,19.191271,0 72.997567,19.191077,0 72.99767199999999,19.19109,0 72.99836999999999,19.191183,0 72.99847800000001,19.191197,0 72.998713,19.191224,0 72.99891700000001,19.191248,0 72.999218,19.191283,0 72.99952500000001,19.191319,0 72.999813,19.191346,0 73.000046,19.191369,0 73.00024999999999,19.191387,0 73.00052700000001,19.191403,0 73.00064500000001,19.191405,0 73.000908,19.191409,0 73.001054,19.191412,0 73.001499,19.19142,0 73.001632,19.191422,0 73.001712,19.191418,0 73.00188799999999,19.191416,0 73.00217499999999,19.191414,0 73.002409,19.191404,0 73.002644,19.191395,0 73.00305299999999,19.191351,0 73.003119,19.191345,0 73.003342,19.191319,0 73.003558,19.191294,0 73.003827,19.191262,0 73.00385199999999,19.191259,0 73.00409399999999,19.191222,0 73.00431,19.191189,0 73.004599,19.191145,0 73.004796,19.191106,0 73.00496800000001,19.191072,0 73.00507399999999,19.191051,0 73.005087,19.191048,0 73.005352,19.190991,0 73.00542,19.190976,0 73.005477,19.190961,0 73.005533,19.190947,0 73.00564,19.190921,0 73.00581699999999,19.190877,0 73.006017,19.190828,0 73.006058,19.190818,0 73.006253,19.190762,0 73.006345,19.190735,0 73.006581,19.190667,0 73.00679599999999,19.190605,0 73.006908,19.190573,0 73.007161,19.1905,0 73.007251,19.190474,0 73.007486,19.190406,0 73.007653,19.190357,0 73.00788300000001,19.190291,0 73.007904,19.190285,0 73.008094,19.19023,0 73.008028,19.189901,0 73.00806799999999,19.189882,0 73.008048,19.189765,0 73.00796699999999,19.189301,0 73.007986,19.189302,0 73.008027,19.189288,0 73.008064,19.189268,0 73.008087,19.189253,0 73.00809599999999,19.189226,0 73.0081,19.189148,0 73.008109,19.189016,0 73.008104,19.188925,0 73.008118,19.188792,0 73.008154,19.188773,0 73.008229,19.188745,0 73.008438,19.188757,0 73.00846199999999,19.188748,0 73.008518,19.18873,0 73.008546,19.188692,0 73.008523,19.188589,0 73.008467,19.188342,0 73.008458,19.188317,0 73.008377,19.188101,0 73.00833799999999,19.188001,0 73.00829400000001,19.187873,0 73.00828799999999,19.187805,0 73.008287,19.187801,0 73.00832200000001,19.187674,0 73.008334,19.187637,0 73.008116,19.187589,0 73.008032,19.187876,0 73.008003,19.187965,0 73.007901,19.188027,0 73.007733,19.188152,0 73.00761199999999,19.188242,0 73.007402,19.188379,0 73.007368,19.188401,0 73.007115,19.1885,0 73.00700500000001,19.188505,0 73.006792,19.188517,0 73.00678499999999,19.188517,0 73.006584,19.188544,0 73.006434,19.188564,0 73.006439,19.188473,0 73.006474,19.188436,0 73.006759,19.188251,0 73.006897,19.188048,0 73.00683100000001,19.187882,0 73.006455,19.187775,0 73.005872,19.187814,0 73.006383,19.187504,0 73.007001,19.187111,0 73.007178,19.18653,0 73.007597,19.185115,0 73.008008,19.183683,0 73.00857600000001,19.181695,0 73.009355,19.180878,0 73.009592,19.180631,0 73.009962,19.180926,0 73.01158,19.182255,0 73.011601,19.182272,0 73.01170500000001,19.182365,0 73.012192,19.18274,0 73.013178,19.183526,0 73.013766,19.185168,0 73.013811,19.185305,0 73.01395100000001,19.185734,0 73.014239,19.186521,0 73.014438,19.187063,0 73.01473799999999,19.187933,0 73.01475000000001,19.187967,0 73.01475000000001,19.187967,0 73.014759,19.187989,0 73.014768,19.18801,0 73.01480100000001,19.188093,0 73.01481099999999,19.188119,0 73.014869,19.188258,0 73.016041,19.191063,0 73.01615200000001,19.1913,0 73.01648400000001,19.192007,0 73.01900000000001,19.194436,0 73.018173,19.195385,0 73.018334,19.195649,0 73.018429,19.195803,0 73.01972000000001,19.197981,0 73.01903299999999,19.198129,0 73.019316,19.198499,0 73.01869499999999,19.199246,0 73.01912799999999,19.199374,0 73.018869,19.199608,0 73.018698,19.200003,0 73.018722,19.20052,0 73.01888099999999,19.20067,0 73.01887499999999,19.200794,0 73.018687,19.200796,0 73.018568,19.2008,0 73.018488,19.200872,0 73.018514,19.201022,0 73.018495,19.201177,0 73.018432,19.201327,0 73.01835800000001,19.201436,0 73.01843,19.201563,0 73.018579,19.201687,0 73.01875099999999,19.201794,0 73.018719,19.201951,0 73.018676,19.201997,0 73.018602,19.202074,0 73.018339,19.202224,0 73.01817800000001,19.202347,0 73.018135,19.20238,0 73.01792399999999,19.202597,0 73.01781699999999,19.202723,0 73.01787299999999,19.202848,0 73.017927,19.202968,0 73.017921,19.203072,0 73.01791799999999,19.203128,0 73.01786800000001,19.203285,0 73.01781,19.203483,0 73.017847,19.203603,0 73.01813199999999,19.20374,0 73.01833000000001,19.203763,0 73.018567,19.203744,0 73.018788,19.20378,0 73.018984,19.203857,0 
						</coordinates>
					</LinearRing>
				</outerBoundaryIs>
			</Polygon>
		</Placemark>
	</Document>
	<Document>
		<name>Ward No. 26.kml</name>
		<StyleMap id="m_ylw-pushpin24">
			<Pair>
				<key>normal</key>
				<styleUrl>#s_ylw-pushpin24</styleUrl>
			</Pair>
			<Pair>
				<key>highlight</key>
				<styleUrl>#s_ylw-pushpin_hl24</styleUrl>
			</Pair>
		</StyleMap>
		<Style id="s_ylw-pushpin24">
			<IconStyle>
				<scale>1.1</scale>
				<Icon>
					<href>http://maps.google.com/mapfiles/kml/pushpin/ylw-pushpin.png</href>
				</Icon>
				<hotSpot x="20" y="2" xunits="pixels" yunits="pixels"/>
			</IconStyle>
			<LineStyle>
				<color>ffffff55</color>
				<width>3</width>
			</LineStyle>
			<PolyStyle>
				<fill>0</fill>
			</PolyStyle>
		</Style>
		<Style id="s_ylw-pushpin_hl24">
			<IconStyle>
				<scale>1.3</scale>
				<Icon>
					<href>http://maps.google.com/mapfiles/kml/pushpin/ylw-pushpin.png</href>
				</Icon>
				<hotSpot x="20" y="2" xunits="pixels" yunits="pixels"/>
			</IconStyle>
			<LineStyle>
				<color>ffffff55</color>
				<width>3</width>
			</LineStyle>
			<PolyStyle>
				<fill>0</fill>
			</PolyStyle>
		</Style>
		<Placemark>
			<name>Ward No. 26.kml</name>
			<styleUrl>#m_ylw-pushpin24</styleUrl>
			<Polygon>
				<tessellate>1</tessellate>
				<outerBoundaryIs>
					<LinearRing>
						<coordinates>
							73.02264599999999,19.204741,0 73.021854,19.206565,0 73.02146,19.208681,0 73.02135800000001,19.209193,0 73.021151,19.211654,0 73.01969,19.213031,0 73.017516,19.211596,0 73.016992,19.21125,0 73.016195,19.210724,0 73.016378,19.210511,0 73.016448,19.210426,0 73.01653,19.210312,0 73.016563,19.210254,0 73.016632,19.210122,0 73.01664100000001,19.210101,0 73.015124,19.209226,0 73.01537399999999,19.20745,0 73.015558,19.206136,0 73.015598,19.205853,0 73.01570700000001,19.204851,0 73.01785700000001,19.204496,0 73.018597,19.204388,0 73.018669,19.204378,0 73.018702,19.204348,0 73.018996,19.204083,0 73.019071,19.204003,0 73.018984,19.203857,0 73.018788,19.20378,0 73.018567,19.203744,0 73.01833000000001,19.203763,0 73.01813199999999,19.20374,0 73.017847,19.203603,0 73.01781,19.203483,0 73.01786800000001,19.203285,0 73.01791799999999,19.203128,0 73.017921,19.203072,0 73.017927,19.202968,0 73.01787299999999,19.202848,0 73.01781699999999,19.202723,0 73.01792399999999,19.202597,0 73.018135,19.20238,0 73.01817800000001,19.202347,0 73.018339,19.202224,0 73.018602,19.202074,0 73.018676,19.201997,0 73.018719,19.201951,0 73.01875099999999,19.201794,0 73.018579,19.201687,0 73.01843,19.201563,0 73.01835800000001,19.201436,0 73.018432,19.201327,0 73.018495,19.201177,0 73.018514,19.201022,0 73.018488,19.200872,0 73.018568,19.2008,0 73.018687,19.200796,0 73.01887499999999,19.200794,0 73.01888099999999,19.20067,0 73.018722,19.20052,0 73.018698,19.200003,0 73.018869,19.199608,0 73.01912799999999,19.199374,0 73.01869499999999,19.199246,0 73.019316,19.198499,0 73.01903299999999,19.198129,0 73.01972000000001,19.197981,0 73.018429,19.195803,0 73.018334,19.195649,0 73.018173,19.195385,0 73.01900000000001,19.194436,0 73.01648400000001,19.192007,0 73.016041,19.191063,0 73.014899,19.188329,0 73.019115,19.187151,0 73.019085,19.187013,0 73.019231,19.186973,0 73.019254,19.186967,0 73.01930299999999,19.186954,0 73.01934900000001,19.186942,0 73.019373,19.186937,0 73.019397,19.186931,0 73.01955,19.186918,0 73.01955700000001,19.187028,0 73.019558,19.187039,0 73.01960200000001,19.187139,0 73.019639,19.187135,0 73.019656,19.18721,0 73.019657,19.18721,0 73.019677,19.18729,0 73.01974199999999,19.187301,0 73.01983799999999,19.187297,0 73.019935,19.187304,0 73.020079,19.187272,0 73.020067,19.187207,0 73.020066,19.187203,0 73.02003999999999,19.187066,0 73.020134,19.187051,0 73.020115,19.186998,0 73.02016500000001,19.186975,0 73.020292,19.186954,0 73.020284,19.186938,0 73.02032,19.186923,0 73.020303,19.186849,0 73.020876,19.186672,0 73.021191,19.186576,0 73.02123899999999,19.186561,0 73.02123899999999,19.186558,0 73.021941,19.186362,0 73.022192,19.186292,0 73.022217,19.186285,0 73.02237100000001,19.186242,0 73.02255,19.186192,0 73.02271,19.186147,0 73.02295100000001,19.186079,0 73.02318099999999,19.186015,0 73.02326100000001,19.185992,0 73.02345,19.185939,0 73.024069,19.185766,0 73.024362,19.185683,0 73.025047,19.185491,0 73.025063,19.185582,0 73.025255,19.186133,0 73.02525900000001,19.186144,0 73.025277,19.186163,0 73.02539899999999,19.186291,0 73.02558158062476,19.18648237853215,0 73.02611171111164,19.186853144472,0 73.02810675226502,19.1873977190604,0 73.02890457870133,19.18784944980098,0 73.0294178388902,19.18828011062363,0 73.0296669762737,19.18879461539724,0 73.02977312058516,19.18950520615339,0 73.02964497354536,19.1901441292406,0 73.02942205316661,19.19068972773436,0 73.02902186537914,19.19091420791225,0 73.02805627114309,19.19139746553693,0 73.02725072746067,19.19196909425619,0 73.02646402512347,19.19282870609155,0 73.0259716184015,19.19355192572988,0 73.025507,19.194655,0 73.025307,19.195563,0 73.02526400000001,19.197009,0 73.025662,19.198553,0 73.025811,19.19913,0 73.02514600000001,19.20041,0 73.025148,19.200417,0 73.025144,19.200415,0 73.024098,19.202588,0 73.02345800000001,19.203409,0 73.02264599999999,19.204741,0 
						</coordinates>
					</LinearRing>
				</outerBoundaryIs>
			</Polygon>
		</Placemark>
	</Document>
	<Document>
		<name>Ward No. 27.kml</name>
		<StyleMap id="m_ylw-pushpin25">
			<Pair>
				<key>normal</key>
				<styleUrl>#s_ylw-pushpin25</styleUrl>
			</Pair>
			<Pair>
				<key>highlight</key>
				<styleUrl>#s_ylw-pushpin_hl25</styleUrl>
			</Pair>
		</StyleMap>
		<Style id="s_ylw-pushpin25">
			<IconStyle>
				<scale>1.1</scale>
				<Icon>
					<href>http://maps.google.com/mapfiles/kml/pushpin/ylw-pushpin.png</href>
				</Icon>
				<hotSpot x="20" y="2" xunits="pixels" yunits="pixels"/>
			</IconStyle>
			<LineStyle>
				<color>ffffff55</color>
				<width>3</width>
			</LineStyle>
			<PolyStyle>
				<fill>0</fill>
			</PolyStyle>
		</Style>
		<Style id="s_ylw-pushpin_hl25">
			<IconStyle>
				<scale>1.3</scale>
				<Icon>
					<href>http://maps.google.com/mapfiles/kml/pushpin/ylw-pushpin.png</href>
				</Icon>
				<hotSpot x="20" y="2" xunits="pixels" yunits="pixels"/>
			</IconStyle>
			<LineStyle>
				<color>ffffff55</color>
				<width>3</width>
			</LineStyle>
			<PolyStyle>
				<fill>0</fill>
			</PolyStyle>
		</Style>
		<Placemark>
			<name>Ward No. 27.kml</name>
			<styleUrl>#m_ylw-pushpin25</styleUrl>
			<Polygon>
				<tessellate>1</tessellate>
				<outerBoundaryIs>
					<LinearRing>
						<coordinates>
							73.04286399999999,19.198117,0 73.04238100000001,19.199234,0 73.04219000000001,19.199676,0 73.036677,19.198218,0 73.030794,19.197939,0 73.025812,19.199129,0 73.025811,19.19913,0 73.025662,19.198553,0 73.02526400000001,19.197009,0 73.02526400000001,19.197006,0 73.025307,19.195563,0 73.025507,19.194655,0 73.025507,19.194651,0 73.025972,19.193551,0 73.026464,19.192828,0 73.02725,19.191969,0 73.028054,19.191399,0 73.02903000000001,19.19091,0 73.029422,19.19069,0 73.029602,19.19025,0 73.029645,19.190144,0 73.02977300000001,19.189506,0 73.02977300000001,19.189505,0 73.029667,19.188795,0 73.02941800000001,19.188281,0 73.028902,19.187848,0 73.028105,19.187398,0 73.026112,19.186853,0 73.02557899999999,19.186481,0 73.02539899999999,19.186291,0 73.02539899999999,19.186291,0 73.025277,19.186163,0 73.02525900000001,19.186144,0 73.025255,19.186133,0 73.025063,19.185582,0 73.025047,19.185491,0 73.025047,19.185491,0 73.025006,19.185205,0 73.025006,19.185205,0 73.025037,19.184654,0 73.025065,19.184152,0 73.02506700000001,19.184116,0 73.024891,19.183299,0 73.024411,19.182445,0 73.02396899999999,19.181743,0 73.02396899999999,19.181743,0 73.023911,19.181247,0 73.023911,19.181246,0 73.024005,19.180651,0 73.02437399999999,19.180188,0 73.024844,19.179889,0 73.02566899999999,19.179845,0 73.026166,19.179962,0 73.02669400000001,19.180087,0 73.027642,19.180378,0 73.028384,19.180524,0 73.029083,19.180499,0 73.029647,19.180368,0 73.030188,19.180023,0 73.030761,19.179391,0 73.03117899999999,19.178762,0 73.031423,19.178295,0 73.03187,19.177636,0 73.03201300000001,19.177465,0 73.032071,19.177396,0 73.032072,19.177396,0 73.03207500000001,19.177393,0 73.03208600000001,19.17738,0 73.03208600000001,19.177379,0 73.03218200000001,19.177265,0 73.032301,19.177123,0 73.032302,19.177122,0 73.03353199999999,19.17646,0 73.03470299999999,19.176033,0 73.03490600000001,19.175959,0 73.035799,19.175285,0 73.036129,19.174815,0 73.03643599999999,19.174367,0 73.036789,19.173933,0 73.037175,19.173794,0 73.03777100000001,19.1738,0 73.03856,19.174067,0 73.03989,19.174774,0 73.040378,19.175209,0 73.040819,19.175652,0 73.04095201377349,19.17579210565314,0 73.04122196115055,19.1759359755036,0 73.0413563089441,19.17594594693925,0 73.04138435209177,19.17594169166539,0 73.04153208693002,19.17591801452272,0 73.04169024803058,19.17584286759386,0 73.04189971122935,19.17569940083367,0 73.04197055285458,19.17563503875531,0 73.04228164680849,19.17535354775889,0 73.04274864647867,19.17493657487594,0 73.04286840630908,19.17482986323853,0 73.04290915817704,19.17479342882913,0 73.04291373577763,19.17478940185566,0 73.04294294264631,19.17476146917493,0 73.04305879480061,19.17465100282475,0 73.04323655974211,19.17448117489348,0 73.04336245278938,19.17428904569914,0 73.04347198312119,19.17412205094371,0 73.04355246415194,19.17392079272791,0 73.04359816432503,19.17380674316991,0 73.04365382133928,19.17360310444993,0 73.04371740256967,19.17337156587445,0 73.04381848782573,19.17305768663251,0 73.04400590936119,19.17277330531075,0 73.04428676165327,19.17249234608152,0 73.04458782494223,19.17231688650602,0 73.04479785900973,19.17222140333329,0 73.0448232829241,19.17222125849286,0 73.045438,19.172225,0 73.04557,19.172282,0 73.045208,19.174224,0 73.04488499999999,19.175815,0 73.044336,19.177831,0 73.044061,19.178993,0 73.044073,19.178991,0 73.044292,19.179068,0 73.044498,19.179208,0 73.04471599999999,19.179381,0 73.044825,19.179447,0 73.044856,19.179451,0 73.044918,19.17946,0 73.04498700000001,19.179456,0 73.045075,19.179533,0 73.045089,19.179579,0 73.045108,19.179659,0 73.045174,19.179753,0 73.045385,19.17992,0 73.045759,19.180202,0 73.045773,19.180214,0 73.045771,19.18023,0 73.04576299999999,19.180276,0 73.04577999999999,19.180545,0 73.045902,19.181192,0 73.045901,19.181219,0 73.045897,19.18122,0 73.045914,19.181247,0 73.046008,19.181692,0 73.046018,19.181707,0 73.046029,19.181725,0 73.046108,19.182172,0 73.04611199999999,19.182188,0 73.046256,19.182836,0 73.046271,19.182901,0 73.046363,19.183326,0 73.046384,19.183424,0 73.046384,19.183424,0 73.046429,19.183614,0 73.04645499999999,19.183723,0 73.046514,19.184045,0 73.04626,19.184048,0 73.04627499999999,19.184686,0 73.04612400000001,19.184704,0 73.046155,19.184945,0 73.046173,19.185084,0 73.04625,19.185375,0 73.04625,19.185381,0 73.046255,19.185577,0 73.046269,19.18614,0 73.04627499999999,19.18623,0 73.04596100000001,19.186262,0 73.04597099999999,19.186375,0 73.045956,19.186393,0 73.045987,19.186637,0 73.04648299999999,19.186576,0 73.046499,19.186907,0 73.04636256036801,19.18700923876584,0 73.04633017942233,19.18737538247137,0 73.0463232952587,19.18745699429937,0 73.046317,19.18759,0 73.04624699999999,19.187699,0 73.04607900000001,19.187776,0 73.046111,19.187962,0 73.046431,19.188271,0 73.046432,19.188272,0 73.04658000000001,19.188458,0 73.04677599999999,19.188495,0 73.046739,19.188825,0 73.046847,19.189,0 73.046955,19.18924,0 73.046948,19.189619,0 73.046834,19.19008,0 73.04668599999999,19.190299,0 73.04652900000001,19.190533,0 73.046588,19.190559,0 73.046702,19.19061,0 73.046702,19.19061,0 73.04661900000001,19.190675,0 73.046621,19.190675,0 73.046593,19.190697,0 73.046533,19.190744,0 73.04591000000001,19.191239,0 73.0455,19.192026,0 73.0455,19.192026,0 73.04543700000001,19.192172,0 73.045429,19.19219,0 73.04286399999999,19.198117,0 
						</coordinates>
					</LinearRing>
				</outerBoundaryIs>
			</Polygon>
		</Placemark>
	</Document>
	<Document>
		<name>Ward No. 28.kml</name>
		<StyleMap id="m_ylw-pushpin26">
			<Pair>
				<key>normal</key>
				<styleUrl>#s_ylw-pushpin26</styleUrl>
			</Pair>
			<Pair>
				<key>highlight</key>
				<styleUrl>#s_ylw-pushpin_hl26</styleUrl>
			</Pair>
		</StyleMap>
		<Style id="s_ylw-pushpin26">
			<IconStyle>
				<scale>1.1</scale>
				<Icon>
					<href>http://maps.google.com/mapfiles/kml/pushpin/ylw-pushpin.png</href>
				</Icon>
				<hotSpot x="20" y="2" xunits="pixels" yunits="pixels"/>
			</IconStyle>
			<LineStyle>
				<color>ffffff55</color>
				<width>3</width>
			</LineStyle>
			<PolyStyle>
				<fill>0</fill>
			</PolyStyle>
		</Style>
		<Style id="s_ylw-pushpin_hl26">
			<IconStyle>
				<scale>1.3</scale>
				<Icon>
					<href>http://maps.google.com/mapfiles/kml/pushpin/ylw-pushpin.png</href>
				</Icon>
				<hotSpot x="20" y="2" xunits="pixels" yunits="pixels"/>
			</IconStyle>
			<LineStyle>
				<color>ffffff55</color>
				<width>3</width>
			</LineStyle>
			<PolyStyle>
				<fill>0</fill>
			</PolyStyle>
		</Style>
		<Placemark>
			<name>Ward No. 28.kml</name>
			<styleUrl>#m_ylw-pushpin26</styleUrl>
			<Polygon>
				<tessellate>1</tessellate>
				<outerBoundaryIs>
					<LinearRing>
						<coordinates>
							73.04626,19.184048,0 73.046514,19.184045,0 73.04645499999999,19.183723,0 73.046429,19.183614,0 73.046384,19.183424,0 73.046363,19.183326,0 73.046271,19.182901,0 73.04611199999999,19.182188,0 73.046108,19.182172,0 73.046029,19.181725,0 73.046008,19.181692,0 73.045914,19.181247,0 73.045897,19.18122,0 73.045901,19.181219,0 73.045902,19.181192,0 73.04577999999999,19.180545,0 73.04576299999999,19.180276,0 73.045773,19.180214,0 73.045759,19.180202,0 73.045385,19.17992,0 73.045174,19.179753,0 73.045108,19.179659,0 73.045089,19.179579,0 73.045075,19.179533,0 73.04498700000001,19.179456,0 73.044918,19.17946,0 73.044825,19.179447,0 73.04471599999999,19.179381,0 73.044498,19.179208,0 73.044292,19.179068,0 73.044073,19.178991,0 73.044061,19.178993,0 73.044336,19.177831,0 73.04488499999999,19.175815,0 73.045208,19.174224,0 73.04557064199481,19.17228252540035,0 73.04573291989576,19.17235190398659,0 73.045835252456,19.17242478093804,0 73.04588798136059,19.17246298489363,0 73.046090305357,19.17262336074711,0 73.04613147286746,19.17267240603052,0 73.04667043566521,19.17331459629292,0 73.04704782863118,19.17379814911257,0 73.0475280016588,19.17459778607425,0 73.04753034112197,19.17460139603135,0 73.04787279880003,19.17496036778813,0 73.0479815232345,19.17507464861285,0 73.04845389758441,19.17518464775878,0 73.04909191051891,19.17533391401788,0 73.0496007400118,19.17548911284776,0 73.04999958229092,19.17565196168776,0 73.05015867953013,19.17574024498211,0 73.05051229741771,19.17593504129785,0 73.05087526987441,19.17619669394147,0 73.051052873617,19.17632471888295,0 73.05113606661659,19.17638772205907,0 73.05119398924221,19.17644281554546,0 73.05128946281252,19.17655590109656,0 73.05133081517421,19.17660573921498,0 73.05133202356006,19.1766060385195,0 73.05148199999999,19.17679,0 73.051582,19.176871,0 73.051593,19.17688,0 73.05168,19.176922,0 73.051794,19.176939,0 73.05193,19.176949,0 73.051969,19.176956,0 73.051969,19.176956,0 73.052142,19.176912,0 73.05221,19.17688,0 73.052358,19.17681,0 73.05247199999999,19.176698,0 73.052604,19.176587,0 73.052755,19.176288,0 73.052971,19.175928,0 73.053138,19.17569,0 73.053815,19.174588,0 73.053882,19.174455,0 73.053951,19.174358,0 73.05422799999999,19.174069,0 73.05438700000001,19.173862,0 73.054772,19.173344,0 73.05507799999999,19.172977,0 73.055361,19.17262,0 73.05546699999999,19.172483,0 73.05558499999999,19.172333,0 73.05565799999999,19.172197,0 73.055733,19.172103,0 73.05587,19.171976,0 73.056033,19.171836,0 73.056138,19.171725,0 73.056304,19.171463,0 73.056442,19.171254,0 73.05658699999999,19.171089,0 73.056802,19.170901,0 73.056866,19.170847,0 73.056938,19.170765,0 73.057016,19.170641,0 73.057216,19.170374,0 73.057316,19.170245,0 73.057411,19.170148,0 73.05761800000001,19.170005,0 73.05789300000001,19.169851,0 73.05811300000001,19.169656,0 73.058241,19.169531,0 73.05839899999999,19.169362,0 73.05853999999999,19.169122,0 73.05864200000001,19.168984,0 73.058713,19.168925,0 73.05891699999999,19.16886,0 73.05911999999999,19.168807,0 73.059293,19.168777,0 73.059444,19.168767,0 73.059641,19.168769,0 73.059853,19.168826,0 73.06043,19.169058,0 73.060712,19.16919,0 73.060911,19.169279,0 73.061407,19.169501,0 73.061708,19.169617,0 73.06179899999999,19.169693,0 73.061908,19.169827,0 73.062089,19.170055,0 73.062371,19.170459,0 73.06263199999999,19.170942,0 73.06267200000001,19.171004,0 73.062713,19.171065,0 73.06285200000001,19.171197,0 73.062977,19.17127,0 73.063142,19.171336,0 73.06341999999999,19.171407,0 73.063806,19.171512,0 73.06412,19.171603,0 73.064324,19.171667,0 73.06448,19.171755,0 73.06468014427304,19.17189129429175,0 73.06479656274598,19.17196985929733,0 73.06484434495646,19.17200294655782,0 73.06503348667094,19.17213104596037,0 73.06527199999999,19.172293,0 73.06549200000001,19.172505,0 73.065656,19.172686,0 73.065839,19.172953,0 73.066102,19.17328,0 73.066292,19.173521,0 73.066469,19.173767,0 73.066534,19.173845,0 73.06688200000001,19.173965,0 73.06758000000001,19.173974,0 73.067858,19.174007,0 73.067717,19.174172,0 73.067578,19.174335,0 73.067528,19.174394,0 73.067499,19.17444,0 73.068066,19.175201,0 73.068156,19.175285,0 73.068146,19.175396,0 73.068242,19.175484,0 73.068118,19.175585,0 73.06811500000001,19.175795,0 73.068287,19.176009,0 73.068076,19.176177,0 73.068099,19.176407,0 73.068099,19.177135,0 73.06803600000001,19.177387,0 73.067999,19.177599,0 73.06797899999999,19.177766,0 73.06793500000001,19.178109,0 73.06789000000001,19.178619,0 73.06784,19.179046,0 73.06779400000001,19.179402,0 73.067488,19.179381,0 73.067279,19.179368,0 73.067255,19.179673,0 73.067244,19.179806,0 73.067018,19.180179,0 73.06693,19.18032,0 73.066912,19.180352,0 73.067076,19.180649,0 73.067054,19.18078,0 73.067061,19.18097,0 73.067081,19.181164,0 73.06716400000001,19.181267,0 73.067093,19.181693,0 73.06702,19.181898,0 73.067071,19.182027,0 73.066929,19.182071,0 73.066677,19.182243,0 73.066552,19.182302,0 73.06654,19.182984,0 73.066547,19.183093,0 73.066709,19.183652,0 73.066765,19.183698,0 73.066969,19.18386,0 73.067137,19.183981,0 73.067187,19.184016,0 73.067266,19.184034,0 73.067387,19.184036,0 73.06744399999999,19.184034,0 73.067505,19.184034,0 73.06764,19.18402,0 73.067723,19.184009,0 73.067744,19.184052,0 73.067865,19.1843,0 73.067894,19.184361,0 73.067961,19.184375,0 73.06831,19.184796,0 73.068365,19.184867,0 73.068736,19.185336,0 73.068789,19.185399,0 73.069073,19.185269,0 73.06915100000001,19.185231,0 73.06914999999999,19.185299,0 73.069198,19.185588,0 73.069277,19.185614,0 73.069368,19.185622,0 73.069435,19.185627,0 73.06945399999999,19.185652,0 73.069757,19.186039,0 73.069872,19.186022,0 73.070049,19.185992,0 73.070392,19.185835,0 73.07043,19.185801,0 73.0711,19.185593,0 73.071167,19.185571,0 73.07122099999999,19.185562,0 73.071517,19.185504,0 73.072169,19.185384,0 73.07253799999999,19.18511,0 73.072604,19.185099,0 73.072695,19.185087,0 73.072754,19.185117,0 73.07280799999999,19.185147,0 73.072847,19.185167,0 73.072987,19.185058,0 73.07340000000001,19.185265,0 73.073662,19.185376,0 73.073678,19.185343,0 73.073986,19.185339,0 73.07458099999999,19.185334,0 73.07532999999999,19.185282,0 73.07544799999999,19.185281,0 73.075485,19.18537,0 73.075503,19.185562,0 73.075672,19.18718,0 73.075723,19.187634,0 73.075731,19.187706,0 73.075503,19.188187,0 73.074916,19.188904,0 73.07432300000001,19.189183,0 73.07338900000001,19.189596,0 73.073335,19.18962,0 73.073279,19.189645,0 73.072782,19.189642,0 73.07267400000001,19.189607,0 73.072352,19.189507,0 73.07228499999999,19.189626,0 73.072261,19.189668,0 73.071853,19.189615,0 73.071564,19.189872,0 73.07117,19.189895,0 73.071043,19.18988,0 73.070967,19.18985,0 73.070941,19.189852,0 73.07079299999999,19.18986,0 73.070739,19.189895,0 73.070656,19.189894,0 73.07058000000001,19.189903,0 73.07039899999999,19.189924,0 73.07021,19.189947,0 73.070131,19.189971,0 73.070065,19.189988,0 73.069975,19.189971,0 73.069884,19.189957,0 73.06972500000001,19.189931,0 73.069632,19.189912,0 73.06966199999999,19.190059,0 73.069749,19.190252,0 73.069637,19.190282,0 73.06957199999999,19.190297,0 73.069509,19.190313,0 73.06936399999999,19.19035,0 73.069278,19.190369,0 73.06922,19.190384,0 73.06928000000001,19.190453,0 73.069309,19.190486,0 73.069406,19.190598,0 73.069439,19.190682,0 73.069446,19.190868,0 73.069531,19.190979,0 73.069512,19.191033,0 73.069489,19.191089,0 73.069525,19.191146,0 73.06953799999999,19.191255,0 73.06943099999999,19.191392,0 73.069526,19.191499,0 73.069407,19.191694,0 73.069462,19.191814,0 73.069335,19.191856,0 73.069283,19.191889,0 73.06921699999999,19.191936,0 73.069305,19.191982,0 73.069294,19.192077,0 73.06923399999999,19.192203,0 73.069209,19.192255,0 73.069249,19.192827,0 73.069276,19.192899,0 73.069301,19.192969,0 73.069323,19.193462,0 73.069326,19.193525,0 73.069299,19.19357,0 73.069267,19.19362,0 73.069227,19.193683,0 73.069245,19.193719,0 73.069264,19.193755,0 73.069266,19.19402,0 73.069303,19.19407,0 73.069343,19.194126,0 73.069288,19.194259,0 73.069311,19.194348,0 73.069349,19.194617,0 73.06934099999999,19.194899,0 73.06934,19.194971,0 73.069355,19.195019,0 73.069346,19.195118,0 73.06937600000001,19.195193,0 73.06939,19.195232,0 73.069373,19.195329,0 73.069379,19.195381,0 73.06941,19.195652,0 73.06951100000001,19.195764,0 73.069502,19.196001,0 73.06961099999999,19.196307,0 73.069547,19.196412,0 73.069462,19.196421,0 73.069418,19.196495,0 73.069119,19.196548,0 73.06904900000001,19.196534,0 73.068951,19.196515,0 73.068901,19.196718,0 73.068791,19.196708,0 73.068692,19.196704,0 73.068623,19.196702,0 73.068574,19.196715,0 73.068369,19.196771,0 73.068288,19.196725,0 73.068145,19.196701,0 73.068072,19.196714,0 73.067804,19.196759,0 73.067677,19.196801,0 73.067629,19.196855,0 73.067578,19.196852,0 73.067238,19.196842,0 73.06707900000001,19.196881,0 73.067025,19.196885,0 73.066948,19.196887,0 73.06678599999999,19.196899,0 73.06674700000001,19.196921,0 73.066474,19.196925,0 73.06632,19.196928,0 73.06626799999999,19.196943,0 73.066186,19.196967,0 73.066002,19.1969,0 73.06589200000001,19.196861,0 73.06581300000001,19.196833,0 73.065743,19.196875,0 73.06556,19.19711,0 73.065411,19.197303,0 73.06541300000001,19.197373,0 73.065415,19.197443,0 73.065363,19.197486,0 73.06517599999999,19.19764,0 73.06514,19.197671,0 73.06493,19.197732,0 73.064694,19.197787,0 73.064313,19.197875,0 73.064145,19.197901,0 73.06410200000001,19.197944,0 73.063667,19.198398,0 73.06361800000001,19.198436,0 73.063715,19.198739,0 73.06311599999999,19.199353,0 73.06282400000001,19.199652,0 73.06296399999999,19.199841,0 73.062546,19.200192,0 73.060889,19.200106,0 73.06051600000001,19.200039,0 73.060484,19.200075,0 73.059033,19.199772,0 73.058305,19.199846,0 73.058251,19.200142,0 73.05819200000001,19.200125,0 73.058132,19.200125,0 73.05803899999999,19.200117,0 73.05803899999999,19.200117,0 73.056432,19.199987,0 73.055886,19.200503,0 73.05591099999999,19.202337,0 73.049808,19.201506,0 73.04219000000001,19.199676,0 73.04238100000001,19.199234,0 73.04286399999999,19.198117,0 73.045429,19.19219,0 73.04543700000001,19.192172,0 73.0455,19.192026,0 73.0455,19.192026,0 73.04591000000001,19.191239,0 73.046533,19.190744,0 73.046593,19.190697,0 73.046621,19.190675,0 73.04661900000001,19.190675,0 73.046702,19.19061,0 73.046702,19.19061,0 73.04652900000001,19.190533,0 73.046834,19.19008,0 73.046948,19.189619,0 73.046955,19.18924,0 73.046847,19.189,0 73.046739,19.188825,0 73.04677599999999,19.188495,0 73.04658000000001,19.188458,0 73.046432,19.188272,0 73.046431,19.188271,0 73.046111,19.187962,0 73.04607900000001,19.187776,0 73.04624699999999,19.187699,0 73.046317,19.18759,0 73.046323,19.187457,0 73.046362,19.187011,0 73.046499,19.186907,0 73.04648299999999,19.186576,0 73.046029,19.186631,0 73.045987,19.186637,0 73.045956,19.186393,0 73.04597099999999,19.186375,0 73.04596100000001,19.186262,0 73.04627499999999,19.18623,0 73.046269,19.18614,0 73.04625,19.185381,0 73.04625,19.185375,0 73.046173,19.185084,0 73.04612400000001,19.184704,0 73.04627499999999,19.184686,0 73.04626,19.184048,0 
						</coordinates>
					</LinearRing>
				</outerBoundaryIs>
			</Polygon>
		</Placemark>
	</Document>
	<Document>
		<name>Ward No. 29.kml</name>
		<StyleMap id="m_ylw-pushpin27">
			<Pair>
				<key>normal</key>
				<styleUrl>#s_ylw-pushpin27</styleUrl>
			</Pair>
			<Pair>
				<key>highlight</key>
				<styleUrl>#s_ylw-pushpin_hl27</styleUrl>
			</Pair>
		</StyleMap>
		<Style id="s_ylw-pushpin27">
			<IconStyle>
				<scale>1.1</scale>
				<Icon>
					<href>http://maps.google.com/mapfiles/kml/pushpin/ylw-pushpin.png</href>
				</Icon>
				<hotSpot x="20" y="2" xunits="pixels" yunits="pixels"/>
			</IconStyle>
			<LineStyle>
				<color>ffffff55</color>
				<width>3</width>
			</LineStyle>
			<PolyStyle>
				<fill>0</fill>
			</PolyStyle>
		</Style>
		<Style id="s_ylw-pushpin_hl27">
			<IconStyle>
				<scale>1.3</scale>
				<Icon>
					<href>http://maps.google.com/mapfiles/kml/pushpin/ylw-pushpin.png</href>
				</Icon>
				<hotSpot x="20" y="2" xunits="pixels" yunits="pixels"/>
			</IconStyle>
			<LineStyle>
				<color>ffffff55</color>
				<width>3</width>
			</LineStyle>
			<PolyStyle>
				<fill>0</fill>
			</PolyStyle>
		</Style>
		<Placemark>
			<name>Ward No. 29.kml</name>
			<styleUrl>#m_ylw-pushpin27</styleUrl>
			<Polygon>
				<tessellate>1</tessellate>
				<outerBoundaryIs>
					<LinearRing>
						<coordinates>
							73.03039,19.166685,0 73.030387,19.166696,0 73.03038599999999,19.166701,0 73.030359,19.166805,0 73.03026,19.167135,0 73.030181,19.16717,0 73.030137,19.167126,0 73.029865,19.16696,0 73.029839,19.16694,0 73.02960899999999,19.166937,0 73.029619,19.167063,0 73.02930000000001,19.167266,0 73.029118,19.167316,0 73.02914,19.167367,0 73.029155,19.167403,0 73.029212,19.167555,0 73.02922599999999,19.167666,0 73.02924,19.167787,0 73.02936800000001,19.167771,0 73.029493,19.167958,0 73.02957600000001,19.168122,0 73.02960899999999,19.168323,0 73.02947500000001,19.168579,0 73.029348,19.168549,0 73.02919300000001,19.168511,0 73.029184,19.168508,0 73.028994,19.168438,0 73.028893,19.168402,0 73.028859,19.16839,0 73.02874199999999,19.168366,0 73.028721,19.168364,0 73.02858500000001,19.16835,0 73.02857,19.168349,0 73.02855099999999,19.168347,0 73.028408,19.168324,0 73.028282,19.168274,0 73.028218,19.16823,0 73.02816199999999,19.168179,0 73.027931,19.168022,0 73.0279,19.167995,0 73.027891,19.167986,0 73.027888,19.167984,0 73.027805,19.167912,0 73.027756,19.16784,0 73.027743,19.167747,0 73.027759,19.16769,0 73.027772,19.167643,0 73.02780300000001,19.167546,0 73.02749799999999,19.167467,0 73.027494,19.167377,0 73.027366,19.167363,0 73.027181,19.167408,0 73.027098,19.167465,0 73.02703099999999,19.16738,0 73.02696899999999,19.167319,0 73.026938,19.167298,0 73.026799,19.167204,0 73.026601,19.167062,0 73.026748,19.166853,0 73.026861,19.166699,0 73.026912,19.166628,0 73.02701,19.166494,0 73.027185,19.166312,0 73.027264,19.16623,0 73.02739200000001,19.166097,0 73.02741399999999,19.166074,0 73.027463,19.166018,0 73.027564,19.165903,0 73.027575,19.16589,0 73.027613,19.165847,0 73.027739,19.165696,0 73.02778600000001,19.165641,0 73.027953,19.16545,0 73.02809000000001,19.165305,0 73.02815200000001,19.165224,0 73.028181,19.165187,0 73.028277,19.165041,0 73.028313,19.164968,0 73.02831999999999,19.164954,0 73.02833099999999,19.164929,0 73.02833699999999,19.164916,0 73.02834799999999,19.164872,0 73.028361,19.164821,0 73.028372,19.164752,0 73.028385,19.164652,0 73.028408,19.164512,0 73.028423,19.164388,0 73.02844399999999,19.164264,0 73.02846,19.164151,0 73.02847300000001,19.164053,0 73.028493,19.163906,0 73.028504,19.163862,0 73.02851099999999,19.163804,0 73.02851099999999,19.163803,0 73.028525,19.163673,0 73.02855599999999,19.163481,0 73.02856800000001,19.16342,0 73.028577,19.163378,0 73.028603,19.163272,0 73.028639,19.163167,0 73.028699,19.163,0 73.028775,19.162785,0 73.02886700000001,19.162549,0 73.02901199999999,19.162168,0 73.02909099999999,19.161984,0 73.02912999999999,19.1619,0 73.02919900000001,19.161768,0 73.02934999999999,19.161485,0 73.02935100000001,19.161484,0 73.02945200000001,19.161303,0 73.029454,19.161299,0 73.02979499999999,19.160691,0 73.029995,19.160311,0 73.03002499999999,19.160272,0 73.030085,19.160193,0 73.030117,19.160093,0 73.030164,19.160009,0 73.03032399999999,19.159715,0 73.030355,19.159661,0 73.03053800000001,19.159338,0 73.030557,19.159303,0 73.030654,19.159133,0 73.03070700000001,19.159036,0 73.030727,19.158999,0 73.03077399999999,19.158914,0 73.03085799999999,19.158762,0 73.031029,19.158455,0 73.031077,19.158369,0 73.031188,19.158167,0 73.03119,19.158163,0 73.031255,19.158045,0 73.031457,19.157682,0 73.03147800000001,19.157645,0 73.03167500000001,19.157294,0 73.031853,19.157012,0 73.031997,19.156746,0 73.032008,19.156728,0 73.032085,19.156601,0 73.032166,19.156469,0 73.032308,19.156227,0 73.03236,19.15614,0 73.032403,19.156076,0 73.032481,19.155969,0 73.03263200000001,19.155767,0 73.032674,19.15571,0 73.03282799999999,19.155494,0 73.032972,19.155303,0 73.033016,19.155244,0 73.033241,19.154943,0 73.03327899999999,19.154892,0 73.033379,19.154757,0 73.033456,19.154652,0 73.03369000000001,19.154346,0 73.033869,19.154089,0 73.033886,19.154064,0 73.03389,19.154059,0 73.033936,19.153986,0 73.03394,19.153979,0 73.033974,19.153925,0 73.034081,19.153751,0 73.034183,19.153574,0 73.034239,19.153478,0 73.034369,19.153253,0 73.03455200000001,19.152938,0 73.03479400000001,19.152515,0 73.034831,19.152451,0 73.035031,19.152096,0 73.03510300000001,19.151966,0 73.035186,19.151817,0 73.035196,19.151799,0 73.035319,19.15159,0 73.03540599999999,19.151462,0 73.03547,19.151371,0 73.035521,19.151316,0 73.035567,19.15127,0 73.035595,19.151242,0 73.03564799999999,19.151194,0 73.035678,19.151171,0 73.035735,19.151126,0 73.03588499999999,19.151022,0 73.035971,19.150962,0 73.03607700000001,19.150888,0 73.036164,19.150827,0 73.036361,19.150684,0 73.03647599999999,19.150601,0 73.03671799999999,19.150426,0 73.03677,19.150388,0 73.03682999999999,19.150343,0 73.036839,19.150337,0 73.03703400000001,19.15019,0 73.037171,19.150088,0 73.037537,19.149828,0 73.037684,19.149723,0 73.037972,19.149507,0 73.038048,19.14945,0 73.038134,19.149385,0 73.038141,19.149379,0 73.038397,19.149186,0 73.038572,19.149049,0 73.03858,19.149043,0 73.038675,19.148968,0 73.038882,19.14881,0 73.03903,19.148697,0 73.03911100000001,19.148636,0 73.03918899999999,19.148576,0 73.03922300000001,19.148551,0 73.039354,19.14845,0 73.039535,19.148309,0 73.039772,19.148127,0 73.039996,19.147935,0 73.040346,19.147673,0 73.040367,19.14765,0 73.040431,19.147588,0 73.040504,19.147498,0 73.04058000000001,19.147451,0 73.040633,19.147408,0 73.04069200000001,19.147359,0 73.040746,19.147313,0 73.040826,19.147245,0 73.040859,19.147215,0 73.04093899999999,19.14713,0 73.041028,19.147026,0 73.041292,19.146621,0 73.041409,19.146429,0 73.041557,19.146191,0 73.041628,19.146098,0 73.04172,19.145991,0 73.041828,19.145884,0 73.04192399999999,19.145805,0 73.04206600000001,19.1457,0 73.04208300000001,19.145689,0 73.042275,19.145564,0 73.04248200000001,19.14543,0 73.04293800000001,19.145128,0 73.043126,19.145004,0 73.043234,19.144933,0 73.043533,19.144737,0 73.043705,19.144627,0 73.04379,19.144572,0 73.043873,19.144522,0 73.04408599999999,19.144395,0 73.044169,19.144349,0 73.04417599999999,19.144345,0 73.044455,19.144189,0 73.044853,19.143983,0 73.04521,19.143809,0 73.045524,19.143665,0 73.045559,19.143648,0 73.045723,19.143573,0 73.045856,19.143508,0 73.046166,19.143358,0 73.046621,19.143138,0 73.04667999999999,19.14311,0 73.046684,19.143108,0 73.04677700000001,19.143059,0 73.047399,19.142301,0 73.047899,19.142516,0 73.04810000000001,19.14222,0 73.04846999999999,19.141734,0 73.04842600000001,19.141668,0 73.048401,19.141643,0 73.048134,19.141415,0 73.048081,19.14137,0 73.048091,19.141354,0 73.048242,19.141135,0 73.048519,19.140704,0 73.048672,19.140463,0 73.048806,19.140518,0 73.049334,19.140712,0 73.049735,19.14083,0 73.049988,19.141085,0 73.050017,19.141157,0 73.050606,19.141414,0 73.050904,19.141772,0 73.051637,19.141786,0 73.051788,19.141828,0 73.052243,19.14178,0 73.052274,19.141776,0 73.052305,19.141772,0 73.05232100000001,19.14177,0 73.052391,19.141766,0 73.052555,19.141747,0 73.05265300000001,19.141752,0 73.052745,19.141751,0 73.053213,19.141749,0 73.053282,19.141749,0 73.05349200000001,19.142117,0 73.053635,19.14224,0 73.053729,19.142369,0 73.05373899999999,19.142435,0 73.05385,19.142808,0 73.054157,19.14291,0 73.05450500000001,19.142943,0 73.05462900000001,19.143003,0 73.054654,19.143057,0 73.054666,19.143197,0 73.05459500000001,19.143418,0 73.05458,19.143467,0 73.05498799999999,19.14376,0 73.055004,19.143764,0 73.055364,19.143864,0 73.05536499999999,19.143982,0 73.055487,19.14403,0 73.055581,19.143941,0 73.055468,19.143615,0 73.055531,19.143602,0 73.055665,19.143562,0 73.05567600000001,19.143581,0 73.055829,19.143555,0 73.055907,19.143542,0 73.05599100000001,19.143536,0 73.05614,19.143575,0 73.05623199999999,19.143574,0 73.056313,19.143464,0 73.056389,19.143535,0 73.056459,19.14349,0 73.056631,19.143239,0 73.056884,19.143191,0 73.05694,19.143183,0 73.05698700000001,19.143174,0 73.05699199999999,19.143244,0 73.056997,19.143321,0 73.057221,19.143501,0 73.057261,19.143461,0 73.05744,19.143302,0 73.057497,19.143267,0 73.057722,19.142975,0 73.057799,19.142874,0 73.05788099999999,19.142764,0 73.05811199999999,19.142459,0 73.058553,19.142621,0 73.05883,19.142725,0 73.058984,19.142413,0 73.05899599999999,19.142352,0 73.05938399999999,19.141622,0 73.059456,19.141503,0 73.05969899999999,19.141141,0 73.059709,19.141128,0 73.05978899999999,19.141018,0 73.05982899999999,19.140962,0 73.05985800000001,19.14089,0 73.059968,19.14062,0 73.059973,19.140241,0 73.05985200000001,19.140095,0 73.059809,19.140045,0 73.059821,19.139914,0 73.05982400000001,19.139876,0 73.059909,19.13987,0 73.06012,19.139858,0 73.06018400000001,19.139854,0 73.060303,19.139912,0 73.06036899999999,19.139942,0 73.060563,19.139851,0 73.06078599999999,19.139945,0 73.061122,19.140088,0 73.06143400000001,19.139872,0 73.06155099999999,19.139711,0 73.061729,19.139114,0 73.06167499999999,19.138854,0 73.061661,19.138788,0 73.061829,19.138769,0 73.061881,19.138905,0 73.062085,19.138909,0 73.062161,19.138948,0 73.06237,19.138964,0 73.062522,19.139078,0 73.06271700000001,19.138987,0 73.063244,19.139202,0 73.063868,19.13927,0 73.06396700000001,19.139226,0 73.064207,19.139138,0 73.064425,19.138828,0 73.064418,19.138634,0 73.064498,19.138633,0 73.064798,19.138992,0 73.064851,19.139055,0 73.06500200000001,19.139045,0 73.065302,19.139023,0 73.06558,19.138978,0 73.06566599999999,19.138963,0 73.06577799999999,19.138892,0 73.065845,19.138965,0 73.065809,19.139163,0 73.065969,19.139471,0 73.066023,19.139578,0 73.06610000000001,19.139822,0 73.06611599999999,19.139885,0 73.06609899999999,19.140021,0 73.06601999999999,19.140352,0 73.06582,19.141185,0 73.065798,19.141282,0 73.065653,19.141522,0 73.065624,19.141707,0 73.06560899999999,19.141806,0 73.065606,19.141896,0 73.065315,19.142311,0 73.064958,19.142698,0 73.06464800000001,19.142982,0 73.064198,19.143421,0 73.064249,19.14342,0 73.064606,19.14341,0 73.06528900000001,19.143727,0 73.065839,19.143957,0 73.065853,19.143962,0 73.06607,19.144056,0 73.066121,19.144121,0 73.066186,19.144205,0 73.06647700000001,19.144264,0 73.06673600000001,19.144478,0 73.066711,19.144539,0 73.06736600000001,19.144659,0 73.067669,19.144763,0 73.067718,19.14475,0 73.067836,19.144796,0 73.068533,19.145092,0 73.06873400000001,19.145177,0 73.068749,19.145265,0 73.06883500000001,19.145288,0 73.06884599999999,19.145372,0 73.068867,19.145376,0 73.069389,19.145414,0 73.069751,19.145465,0 73.069858,19.145459,0 73.070083,19.14551,0 73.070261,19.145611,0 73.07036100000001,19.145638,0 73.07037099999999,19.14556,0 73.070415,19.145569,0 73.07046800000001,19.145576,0 73.07062500000001,19.145692,0 73.070756,19.145702,0 73.070847,19.145712,0 73.07091200000001,19.145751,0 73.07172,19.145661,0 73.072226,19.145789,0 73.072309,19.145801,0 73.072374,19.14581,0 73.07256,19.145836,0 73.072579,19.145837,0 73.072943,19.14581,0 73.07296599999999,19.14579,0 73.073013,19.145785,0 73.073272,19.145759,0 73.073525,19.145605,0 73.07371500000001,19.14549,0 73.07403100000001,19.145411,0 73.07439599999999,19.145241,0 73.07482899999999,19.145206,0 73.074974,19.14523,0 73.074991,19.145183,0 73.07511100000001,19.145202,0 73.075142,19.145204,0 73.07527,19.145223,0 73.075333,19.145233,0 73.07545399999999,19.144961,0 73.076015,19.14514,0 73.07593,19.145333,0 73.075852,19.145737,0 73.075694,19.146241,0 73.075664,19.146464,0 73.07561699999999,19.146675,0 73.07558400000001,19.14695,0 73.075512,19.147145,0 73.07553799999999,19.147711,0 73.07550500000001,19.147954,0 73.075526,19.148414,0 73.07563500000001,19.14866,0 73.075481,19.148927,0 73.07541500000001,19.149521,0 73.075402,19.150062,0 73.07536899999999,19.150276,0 73.075371,19.150632,0 73.075323,19.151035,0 73.07531,19.151398,0 73.07521300000001,19.151554,0 73.075073,19.151797,0 73.07498699999999,19.151969,0 73.074905,19.152243,0 73.07481900000001,19.152391,0 73.07455400000001,19.152824,0 73.07455299999999,19.153145,0 73.074552,19.153462,0 73.074265,19.153858,0 73.074106,19.154309,0 73.074088,19.154359,0 73.073598,19.155084,0 73.07356900000001,19.1551,0 73.07325,19.155915,0 73.073198,19.156014,0 73.07332,19.156553,0 73.073587,19.157741,0 73.07418,19.158709,0 73.07401900000001,19.159878,0 73.073903,19.159973,0 73.073847,19.160018,0 73.073897,19.160393,0 73.073908,19.160475,0 73.07403100000001,19.160672,0 73.07387300000001,19.161368,0 73.07387,19.161438,0 73.073511,19.162097,0 73.07314,19.162838,0 73.073138,19.16284,0 73.072142,19.164638,0 73.07162099999999,19.165577,0 73.07145199999999,19.165882,0 73.07105,19.167242,0 73.071169,19.167648,0 73.07061299999999,19.169117,0 73.070108,19.169585,0 73.069917,19.170008,0 73.06988200000001,19.170392,0 73.069924,19.17086,0 73.070278,19.170856,0 73.07111500000001,19.170672,0 73.07140800000001,19.17069,0 73.07153,19.170719,0 73.07172,19.170876,0 73.07198699999999,19.170931,0 73.072508,19.171533,0 73.07231299999999,19.172724,0 73.071972,19.172996,0 73.070539,19.172922,0 73.070488,19.172919,0 73.069852,19.173047,0 73.06847999999999,19.173517,0 73.06795,19.173898,0 73.067943,19.173906,0 73.067858,19.174007,0 73.06758000000001,19.173974,0 73.06688200000001,19.173965,0 73.066534,19.173845,0 73.066469,19.173767,0 73.066292,19.173521,0 73.066102,19.17328,0 73.065839,19.172953,0 73.065656,19.172686,0 73.06549200000001,19.172505,0 73.06527199999999,19.172293,0 73.06448,19.171755,0 73.064324,19.171667,0 73.06412,19.171603,0 73.063806,19.171512,0 73.06341999999999,19.171407,0 73.063142,19.171336,0 73.062977,19.17127,0 73.06285200000001,19.171197,0 73.062713,19.171065,0 73.06267200000001,19.171004,0 73.06263199999999,19.170942,0 73.062371,19.170459,0 73.062089,19.170055,0 73.061908,19.169827,0 73.06179899999999,19.169693,0 73.061708,19.169617,0 73.061407,19.169501,0 73.060911,19.169279,0 73.060712,19.16919,0 73.06043,19.169058,0 73.059853,19.168826,0 73.059641,19.168769,0 73.059444,19.168767,0 73.059293,19.168777,0 73.05911999999999,19.168807,0 73.05891699999999,19.16886,0 73.058713,19.168925,0 73.05864200000001,19.168984,0 73.05853999999999,19.169122,0 73.05839899999999,19.169362,0 73.058241,19.169531,0 73.05811300000001,19.169656,0 73.05789300000001,19.169851,0 73.05761800000001,19.170005,0 73.057411,19.170148,0 73.057316,19.170245,0 73.057216,19.170374,0 73.057016,19.170641,0 73.056938,19.170765,0 73.056866,19.170847,0 73.056802,19.170901,0 73.05658699999999,19.171089,0 73.056442,19.171254,0 73.056304,19.171463,0 73.056138,19.171725,0 73.056033,19.171836,0 73.05587,19.171976,0 73.055733,19.172103,0 73.05565799999999,19.172197,0 73.05558499999999,19.172333,0 73.05546699999999,19.172483,0 73.055361,19.17262,0 73.05507799999999,19.172977,0 73.054772,19.173344,0 73.05438700000001,19.173862,0 73.05422799999999,19.174069,0 73.053951,19.174358,0 73.053882,19.174455,0 73.053815,19.174588,0 73.053138,19.17569,0 73.052971,19.175928,0 73.052755,19.176288,0 73.052604,19.176587,0 73.05247199999999,19.176698,0 73.052358,19.17681,0 73.05221,19.17688,0 73.052142,19.176912,0 73.051969,19.176956,0 73.05193,19.176949,0 73.051794,19.176939,0 73.05168,19.176922,0 73.051593,19.17688,0 73.05148199999999,19.17679,0 73.051332,19.176606,0 73.051331,19.176606,0 73.051196,19.176445,0 73.051136,19.176387,0 73.051012,19.176295,0 73.050854,19.176182,0 73.05051400000001,19.175936,0 73.05,19.175652,0 73.049601,19.175489,0 73.049092,19.175334,0 73.047982,19.175075,0 73.04752999999999,19.174601,0 73.047048,19.173798,0 73.04663600000001,19.173273,0 73.04643799999999,19.173038,0 73.04609000000001,19.172623,0 73.045879,19.172456,0 73.045733,19.172352,0 73.04557,19.172282,0 73.045438,19.172225,0 73.04543700000001,19.172225,0 73.044799,19.172221,0 73.04458200000001,19.17232,0 73.044286,19.172493,0 73.044005,19.172775,0 73.043818,19.173059,0 73.043716,19.173375,0 73.0437,19.173435,0 73.043598,19.173807,0 73.04347199999999,19.174122,0 73.043237,19.174481,0 73.042913,19.17479,0 73.042249,19.175383,0 73.041899,19.1757,0 73.04169,19.175843,0 73.041532,19.175918,0 73.041363,19.175945,0 73.04135599999999,19.175946,0 73.041222,19.175936,0 73.040952,19.175792,0 73.040819,19.175652,0 73.040378,19.175209,0 73.03989,19.174774,0 73.03856,19.174067,0 73.03777100000001,19.1738,0 73.037175,19.173794,0 73.036789,19.173933,0 73.03643599999999,19.174367,0 73.036129,19.174815,0 73.035799,19.175285,0 73.03490600000001,19.175959,0 73.03470299999999,19.176033,0 73.03353199999999,19.17646,0 73.032302,19.177122,0 73.03231100000001,19.177116,0 73.031795,19.176892,0 73.03133200000001,19.176394,0 73.031187,19.1763,0 73.031108,19.176071,0 73.031007,19.17573,0 73.03095500000001,19.175519,0 73.03095,19.175501,0 73.030936,19.175373,0 73.03093800000001,19.175341,0 73.030942,19.175264,0 73.030948,19.17522,0 73.03095399999999,19.175176,0 73.030976,19.175066,0 73.03098,19.17497,0 73.03097200000001,19.174906,0 73.030958,19.174858,0 73.030919,19.174777,0 73.03076799999999,19.174566,0 73.03069499999999,19.174448,0 73.03066,19.174366,0 73.03064500000001,19.174303,0 73.03101100000001,19.174198,0 73.031358,19.174064,0 73.031468,19.174056,0 73.031576,19.174014,0 73.031702,19.173883,0 73.031841,19.173735,0 73.03186100000001,19.173454,0 73.03205,19.173272,0 73.032094,19.173225,0 73.032364,19.173129,0 73.032499,19.172897,0 73.032591,19.172668,0 73.032838,19.172505,0 73.03316700000001,19.172332,0 73.03342600000001,19.172236,0 73.033541,19.171965,0 73.033688,19.171702,0 73.03372899999999,19.171454,0 73.033788,19.171114,0 73.033845,19.1708,0 73.03367900000001,19.170787,0 73.03372299999999,19.170564,0 73.03386399999999,19.170336,0 73.03386399999999,19.170042,0 73.033652,19.169876,0 73.033496,19.169425,0 73.03332399999999,19.168943,0 73.0333,19.168801,0 73.033277,19.168583,0 73.03317699999999,19.16837,0 73.03314899999999,19.168304,0 73.033136,19.168271,0 73.033024,19.167999,0 73.032921,19.167778,0 73.032686,19.167264,0 73.032619,19.166659,0 73.032572,19.166558,0 73.03248000000001,19.166363,0 73.03249700000001,19.166282,0 73.032492,19.166097,0 73.032467,19.166096,0 73.03224400000001,19.166095,0 73.03221499999999,19.166086,0 73.032072,19.166057,0 73.031952,19.166199,0 73.030874,19.166123,0 73.030669,19.166084,0 73.030624,19.166075,0 73.030615,19.166098,0 73.030497,19.16637,0 73.030472,19.166429,0 73.03039,19.166685,0 
						</coordinates>
					</LinearRing>
				</outerBoundaryIs>
			</Polygon>
		</Placemark>
	</Document>
	<Document>
		<name>Ward No. 30.kml</name>
		<StyleMap id="m_ylw-pushpin28">
			<Pair>
				<key>normal</key>
				<styleUrl>#s_ylw-pushpin28</styleUrl>
			</Pair>
			<Pair>
				<key>highlight</key>
				<styleUrl>#s_ylw-pushpin_hl28</styleUrl>
			</Pair>
		</StyleMap>
		<Style id="s_ylw-pushpin28">
			<IconStyle>
				<scale>1.1</scale>
				<Icon>
					<href>http://maps.google.com/mapfiles/kml/pushpin/ylw-pushpin.png</href>
				</Icon>
				<hotSpot x="20" y="2" xunits="pixels" yunits="pixels"/>
			</IconStyle>
			<LineStyle>
				<color>ffffff55</color>
				<width>3</width>
			</LineStyle>
			<PolyStyle>
				<fill>0</fill>
			</PolyStyle>
		</Style>
		<Style id="s_ylw-pushpin_hl28">
			<IconStyle>
				<scale>1.3</scale>
				<Icon>
					<href>http://maps.google.com/mapfiles/kml/pushpin/ylw-pushpin.png</href>
				</Icon>
				<hotSpot x="20" y="2" xunits="pixels" yunits="pixels"/>
			</IconStyle>
			<LineStyle>
				<color>ffffff55</color>
				<width>3</width>
			</LineStyle>
			<PolyStyle>
				<fill>0</fill>
			</PolyStyle>
		</Style>
		<Placemark>
			<name>Ward No. 30.kml</name>
			<styleUrl>#m_ylw-pushpin28</styleUrl>
			<Polygon>
				<tessellate>1</tessellate>
				<outerBoundaryIs>
					<LinearRing>
						<coordinates>
							73.031795,19.176892,0 73.03231100000001,19.177116,0 73.032302,19.177122,0 73.032301,19.177123,0 73.03218200000001,19.177265,0 73.03208600000001,19.177379,0 73.03208600000001,19.177379,0 73.03174199999999,19.177259,0 73.03173099999999,19.177252,0 73.031679,19.177214,0 73.031592,19.177151,0 73.031446,19.177082,0 73.03135899999999,19.177063,0 73.031143,19.177037,0 73.030798,19.177018,0 73.030683,19.177012,0 73.030326,19.176945,0 73.030106,19.176903,0 73.029774,19.176846,0 73.02949599999999,19.176804,0 73.029231,19.176756,0 73.028958,19.176734,0 73.028718,19.176702,0 73.02857400000001,19.176676,0 73.028172,19.176622,0 73.028077,19.176604,0 73.027952,19.176568,0 73.02784699999999,19.176554,0 73.02776799999999,19.17655,0 73.027708,19.176556,0 73.02754899999999,19.176571,0 73.02749300000001,19.176571,0 73.02725100000001,19.176571,0 73.027148,19.176571,0 73.026915,19.17656,0 73.026546,19.176509,0 73.026391,19.176487,0 73.02632800000001,19.176468,0 73.02629399999999,19.176449,0 73.026231,19.176398,0 73.02619300000001,19.176382,0 73.026098,19.176367,0 73.025902,19.176337,0 73.02588900000001,19.176334,0 73.025453,19.176272,0 73.025295,19.176249,0 73.024522,19.176136,0 73.024478,19.17613,0 73.02441,19.176121,0 73.024232,19.176103,0 73.024146,19.1761,0 73.024074,19.1761,0 73.024027,19.176099,0 73.023928,19.176086,0 73.023763,19.176064,0 73.02354200000001,19.176034,0 73.023308,19.176001,0 73.023197,19.175986,0 73.022926,19.175946,0 73.022941,19.175799,0 73.02295700000001,19.175661,0 73.022961,19.175623,0 73.022971,19.17552,0 73.022983,19.175386,0 73.022991,19.175284,0 73.022994,19.175245,0 73.023003,19.17513,0 73.02300700000001,19.17508,0 73.023027,19.174846,0 73.023036,19.17471,0 73.023043,19.174619,0 73.023043,19.174606,0 73.02304599999999,19.174575,0 73.023053,19.174385,0 73.023076,19.174152,0 73.02307999999999,19.17411,0 73.023084,19.174073,0 73.023105,19.173892,0 73.023133,19.173723,0 73.02315,19.173621,0 73.02316999999999,19.173526,0 73.023173,19.17351,0 73.0232,19.173387,0 73.023205,19.173361,0 73.023205,19.17336,0 73.023256,19.173129,0 73.023284,19.172997,0 73.023325,19.172797,0 73.02332699999999,19.172785,0 73.023346,19.172695,0 73.02338899999999,19.172534,0 73.023419,19.172421,0 73.023453,19.172319,0 73.023453,19.172318,0 73.023455,19.17231,0 73.023467,19.172275,0 73.02352500000001,19.172097,0 73.02356,19.171997,0 73.023641,19.171772,0 73.02377199999999,19.17145,0 73.023842,19.171271,0 73.023878,19.171203,0 73.023878,19.171202,0 73.023895,19.17117,0 73.02390699999999,19.171148,0 73.02396,19.17105,0 73.023993,19.17099,0 73.02416100000001,19.170713,0 73.024235,19.17059,0 73.024334,19.170421,0 73.02439,19.170325,0 73.024395,19.170317,0 73.024457,19.170212,0 73.024582,19.169997,0 73.024681,19.169829,0 73.024688,19.169818,0 73.02483100000001,19.169579,0 73.02483700000001,19.169567,0 73.024998,19.169297,0 73.02518600000001,19.168981,0 73.025273,19.16884,0 73.025299,19.168798,0 73.025344,19.168726,0 73.025513,19.168508,0 73.025544,19.168468,0 73.02555599999999,19.168452,0 73.025884,19.168021,0 73.02593,19.167964,0 73.026006,19.167868,0 73.02617600000001,19.167652,0 73.026231,19.167578,0 73.02634500000001,19.167423,0 73.026364,19.1674,0 73.026377,19.167379,0 73.02647399999999,19.167241,0 73.026517,19.16718,0 73.026601,19.167062,0 73.026799,19.167204,0 73.026938,19.167298,0 73.02696899999999,19.167319,0 73.02703099999999,19.16738,0 73.027098,19.167465,0 73.027181,19.167408,0 73.027366,19.167363,0 73.027494,19.167377,0 73.02749799999999,19.167467,0 73.02780300000001,19.167546,0 73.027772,19.167643,0 73.027759,19.16769,0 73.027743,19.167747,0 73.027756,19.16784,0 73.027805,19.167912,0 73.027888,19.167984,0 73.027891,19.167986,0 73.0279,19.167995,0 73.027931,19.168022,0 73.02816199999999,19.168179,0 73.028218,19.16823,0 73.028282,19.168274,0 73.028408,19.168324,0 73.02855099999999,19.168347,0 73.02857,19.168349,0 73.02858500000001,19.16835,0 73.028721,19.168364,0 73.02874199999999,19.168366,0 73.028859,19.16839,0 73.028893,19.168402,0 73.028994,19.168438,0 73.029184,19.168508,0 73.02919300000001,19.168511,0 73.029348,19.168549,0 73.02947500000001,19.168579,0 73.02960899999999,19.168323,0 73.02957600000001,19.168122,0 73.029493,19.167958,0 73.02936800000001,19.167771,0 73.02924,19.167787,0 73.02922599999999,19.167666,0 73.029212,19.167555,0 73.029155,19.167403,0 73.02914,19.167367,0 73.029118,19.167316,0 73.02930000000001,19.167266,0 73.029619,19.167063,0 73.02960899999999,19.166937,0 73.029839,19.16694,0 73.029865,19.16696,0 73.030137,19.167126,0 73.030181,19.16717,0 73.03026,19.167135,0 73.030359,19.166805,0 73.03038599999999,19.166701,0 73.030387,19.166696,0 73.03039,19.166685,0 73.030472,19.166429,0 73.030497,19.16637,0 73.030615,19.166098,0 73.030624,19.166075,0 73.030669,19.166084,0 73.030874,19.166123,0 73.03133699999999,19.166156,0 73.031952,19.166199,0 73.032072,19.166057,0 73.03221499999999,19.166086,0 73.03224400000001,19.166095,0 73.032467,19.166096,0 73.032492,19.166097,0 73.03249700000001,19.166282,0 73.03248000000001,19.166363,0 73.032572,19.166558,0 73.032619,19.166659,0 73.032686,19.167264,0 73.032921,19.167778,0 73.033024,19.167999,0 73.033136,19.168271,0 73.03314899999999,19.168304,0 73.03317699999999,19.16837,0 73.033277,19.168583,0 73.0333,19.168801,0 73.03332399999999,19.168943,0 73.033496,19.169425,0 73.033652,19.169876,0 73.03386399999999,19.170042,0 73.03386399999999,19.170336,0 73.03372299999999,19.170564,0 73.03367900000001,19.170787,0 73.033845,19.1708,0 73.033788,19.171114,0 73.03372899999999,19.171454,0 73.033688,19.171702,0 73.033541,19.171965,0 73.03342600000001,19.172236,0 73.03316700000001,19.172332,0 73.032838,19.172505,0 73.032591,19.172668,0 73.032499,19.172897,0 73.032364,19.173129,0 73.032094,19.173225,0 73.03205,19.173272,0 73.03186100000001,19.173454,0 73.031841,19.173735,0 73.031702,19.173883,0 73.031576,19.174014,0 73.031468,19.174056,0 73.031358,19.174064,0 73.03101100000001,19.174198,0 73.03064500000001,19.174303,0 73.03066,19.174366,0 73.03069499999999,19.174448,0 73.03076799999999,19.174566,0 73.030919,19.174777,0 73.030958,19.174858,0 73.03097200000001,19.174906,0 73.03098,19.17497,0 73.030976,19.175066,0 73.03095399999999,19.175176,0 73.030948,19.17522,0 73.030942,19.175264,0 73.03093800000001,19.175341,0 73.030936,19.175373,0 73.03095,19.175501,0 73.03095500000001,19.175519,0 73.031007,19.17573,0 73.031108,19.176071,0 73.031187,19.1763,0 73.03133200000001,19.176394,0 73.031795,19.176892,0 
						</coordinates>
					</LinearRing>
				</outerBoundaryIs>
			</Polygon>
		</Placemark>
	</Document>
	<Document>
		<name>Ward No. 31.kml</name>
		<StyleMap id="m_ylw-pushpin29">
			<Pair>
				<key>normal</key>
				<styleUrl>#s_ylw-pushpin29</styleUrl>
			</Pair>
			<Pair>
				<key>highlight</key>
				<styleUrl>#s_ylw-pushpin_hl29</styleUrl>
			</Pair>
		</StyleMap>
		<Style id="s_ylw-pushpin29">
			<IconStyle>
				<scale>1.1</scale>
				<Icon>
					<href>http://maps.google.com/mapfiles/kml/pushpin/ylw-pushpin.png</href>
				</Icon>
				<hotSpot x="20" y="2" xunits="pixels" yunits="pixels"/>
			</IconStyle>
			<LineStyle>
				<color>ffffff55</color>
				<width>3</width>
			</LineStyle>
			<PolyStyle>
				<fill>0</fill>
			</PolyStyle>
		</Style>
		<Style id="s_ylw-pushpin_hl29">
			<IconStyle>
				<scale>1.3</scale>
				<Icon>
					<href>http://maps.google.com/mapfiles/kml/pushpin/ylw-pushpin.png</href>
				</Icon>
				<hotSpot x="20" y="2" xunits="pixels" yunits="pixels"/>
			</IconStyle>
			<LineStyle>
				<color>ffffff55</color>
				<width>3</width>
			</LineStyle>
			<PolyStyle>
				<fill>0</fill>
			</PolyStyle>
		</Style>
		<Placemark>
			<name>Ward No. 31.kml</name>
			<styleUrl>#m_ylw-pushpin29</styleUrl>
			<Polygon>
				<tessellate>1</tessellate>
				<outerBoundaryIs>
					<LinearRing>
						<coordinates>
							73.019115,19.187151,0 73.014899,19.188329,0 73.014869,19.188258,0 73.01481099999999,19.188119,0 73.01480100000001,19.188093,0 73.014768,19.18801,0 73.014759,19.187989,0 73.01475000000001,19.187967,0 73.01475000000001,19.187967,0 73.01473799999999,19.187933,0 73.014438,19.187063,0 73.014239,19.186521,0 73.01395100000001,19.185734,0 73.013811,19.185305,0 73.01405800000001,19.185146,0 73.014274,19.185014,0 73.01485700000001,19.184657,0 73.016209,19.184029,0 73.016192,19.18395,0 73.015914,19.182628,0 73.015895,19.182542,0 73.01586,19.182429,0 73.015766,19.182026,0 73.01549300000001,19.180844,0 73.015376,19.180341,0 73.016239,19.179849,0 73.01618000000001,19.179246,0 73.016143,19.178748,0 73.01598,19.176525,0 73.01591999999999,19.175693,0 73.01729,19.175337,0 73.017848,19.175155,0 73.01798599999999,19.175135,0 73.018153,19.17513,0 73.018248,19.175154,0 73.018247,19.175157,0 73.01824999999999,19.175172,0 73.018413,19.175143,0 73.01845899999999,19.175133,0 73.018576,19.175109,0 73.018693,19.175084,0 73.018817,19.175018,0 73.018951,19.174955,0 73.019071,19.174949,0 73.01920200000001,19.174909,0 73.019265,19.174894,0 73.019558,19.174824,0 73.01957400000001,19.17482,0 73.019727,19.174794,0 73.019925,19.174762,0 73.019932,19.174779,0 73.019975,19.174883,0 73.019999,19.17494,0 73.02005800000001,19.175112,0 73.02006299999999,19.175132,0 73.020107,19.175299,0 73.02012499999999,19.175346,0 73.020143,19.175393,0 73.02015900000001,19.175438,0 73.020212,19.175553,0 73.020301,19.175697,0 73.020411,19.175827,0 73.020443,19.175861,0 73.020512,19.175935,0 73.020599,19.176007,0 73.020611,19.176016,0 73.02073799999999,19.176105,0 73.020803,19.176146,0 73.020983,19.176259,0 73.02106499999999,19.176305,0 73.021134,19.176328,0 73.02122799999999,19.176331,0 73.02131900000001,19.176343,0 73.02142499999999,19.176371,0 73.021439,19.176377,0 73.021489,19.1764,0 73.021508,19.176409,0 73.021585,19.17647,0 73.021671,19.176568,0 73.021812,19.176741,0 73.021846,19.176782,0 73.021856,19.176794,0 73.02193699999999,19.176891,0 73.02196600000001,19.176929,0 73.022066,19.177059,0 73.02219100000001,19.177256,0 73.02220800000001,19.177286,0 73.02225,19.177358,0 73.022296,19.177415,0 73.022392,19.177534,0 73.022447,19.177591,0 73.02248899999999,19.177631,0 73.022543,19.177663,0 73.02263000000001,19.177686,0 73.022747,19.177714,0 73.022762,19.177557,0 73.022775,19.17742,0 73.02278699999999,19.177296,0 73.02278699999999,19.177293,0 73.022808,19.176955,0 73.022831,19.176754,0 73.02287099999999,19.176421,0 73.022876,19.176355,0 73.02291099999999,19.176081,0 73.022926,19.175946,0 73.023197,19.175986,0 73.023308,19.176001,0 73.02354200000001,19.176034,0 73.023763,19.176064,0 73.023928,19.176086,0 73.024027,19.176099,0 73.024074,19.1761,0 73.024146,19.1761,0 73.024232,19.176103,0 73.02441,19.176121,0 73.024478,19.17613,0 73.024522,19.176136,0 73.025295,19.176249,0 73.025453,19.176272,0 73.02588900000001,19.176334,0 73.025902,19.176337,0 73.026098,19.176367,0 73.02619300000001,19.176382,0 73.026231,19.176398,0 73.02629399999999,19.176449,0 73.02632800000001,19.176468,0 73.026391,19.176487,0 73.026546,19.176509,0 73.026915,19.17656,0 73.027148,19.176571,0 73.02725100000001,19.176571,0 73.02749300000001,19.176571,0 73.02754899999999,19.176571,0 73.027708,19.176556,0 73.02776799999999,19.17655,0 73.02784699999999,19.176554,0 73.027952,19.176568,0 73.028077,19.176604,0 73.028172,19.176622,0 73.02857400000001,19.176676,0 73.028718,19.176702,0 73.028958,19.176734,0 73.029231,19.176756,0 73.02949599999999,19.176804,0 73.029774,19.176846,0 73.030106,19.176903,0 73.030326,19.176945,0 73.030683,19.177012,0 73.030798,19.177018,0 73.031143,19.177037,0 73.03135899999999,19.177063,0 73.031446,19.177082,0 73.031592,19.177151,0 73.031679,19.177214,0 73.03173099999999,19.177252,0 73.03174199999999,19.177259,0 73.03208600000001,19.177379,0 73.03208600000001,19.177379,0 73.03208600000001,19.17738,0 73.03207500000001,19.177393,0 73.032072,19.177396,0 73.032071,19.177396,0 73.03201300000001,19.177465,0 73.03187,19.177636,0 73.031423,19.178295,0 73.03117899999999,19.178762,0 73.030761,19.179391,0 73.030188,19.180023,0 73.029647,19.180368,0 73.029083,19.180499,0 73.028384,19.180524,0 73.027642,19.180378,0 73.02669400000001,19.180087,0 73.026166,19.179962,0 73.02566899999999,19.179845,0 73.024844,19.179889,0 73.02437399999999,19.180188,0 73.024005,19.180651,0 73.023911,19.181246,0 73.023911,19.181247,0 73.02396899999999,19.181743,0 73.02396899999999,19.181743,0 73.024102,19.181954,0 73.024395,19.18242,0 73.024411,19.182445,0 73.024608,19.182795,0 73.024874,19.183269,0 73.024891,19.183299,0 73.024929,19.183476,0 73.02506700000001,19.184116,0 73.02506700000001,19.184116,0 73.025065,19.184152,0 73.025037,19.184654,0 73.025006,19.185205,0 73.025047,19.185491,0 73.024362,19.185683,0 73.024069,19.185766,0 73.02345,19.185939,0 73.02326100000001,19.185992,0 73.02318099999999,19.186015,0 73.02295100000001,19.186079,0 73.02271,19.186147,0 73.02255,19.186192,0 73.02237100000001,19.186242,0 73.022217,19.186285,0 73.022192,19.186292,0 73.021941,19.186362,0 73.02123899999999,19.186558,0 73.02123899999999,19.186561,0 73.021191,19.186576,0 73.020876,19.186672,0 73.020303,19.186849,0 73.02032,19.186923,0 73.020284,19.186938,0 73.020292,19.186954,0 73.02016500000001,19.186975,0 73.020115,19.186998,0 73.020134,19.187051,0 73.02003999999999,19.187066,0 73.020067,19.187207,0 73.020079,19.187272,0 73.019935,19.187304,0 73.01983799999999,19.187297,0 73.01974199999999,19.187301,0 73.019677,19.18729,0 73.019657,19.18721,0 73.019656,19.18721,0 73.019639,19.187135,0 73.01960200000001,19.187139,0 73.019558,19.187039,0 73.01955700000001,19.187028,0 73.01955,19.186918,0 73.019397,19.186931,0 73.019373,19.186937,0 73.01934900000001,19.186942,0 73.01930299999999,19.186954,0 73.019254,19.186967,0 73.019231,19.186973,0 73.019085,19.187013,0 73.019115,19.187151,0 
						</coordinates>
					</LinearRing>
				</outerBoundaryIs>
			</Polygon>
		</Placemark>
	</Document>
	<Document>
		<name>Ward No. 32.kml</name>
		<StyleMap id="m_ylw-pushpin30">
			<Pair>
				<key>normal</key>
				<styleUrl>#s_ylw-pushpin30</styleUrl>
			</Pair>
			<Pair>
				<key>highlight</key>
				<styleUrl>#s_ylw-pushpin_hl30</styleUrl>
			</Pair>
		</StyleMap>
		<Style id="s_ylw-pushpin30">
			<IconStyle>
				<scale>1.1</scale>
				<Icon>
					<href>http://maps.google.com/mapfiles/kml/pushpin/ylw-pushpin.png</href>
				</Icon>
				<hotSpot x="20" y="2" xunits="pixels" yunits="pixels"/>
			</IconStyle>
			<LineStyle>
				<color>ffffff55</color>
				<width>3</width>
			</LineStyle>
			<PolyStyle>
				<fill>0</fill>
			</PolyStyle>
		</Style>
		<Style id="s_ylw-pushpin_hl30">
			<IconStyle>
				<scale>1.3</scale>
				<Icon>
					<href>http://maps.google.com/mapfiles/kml/pushpin/ylw-pushpin.png</href>
				</Icon>
				<hotSpot x="20" y="2" xunits="pixels" yunits="pixels"/>
			</IconStyle>
			<LineStyle>
				<color>ffffff55</color>
				<width>3</width>
			</LineStyle>
			<PolyStyle>
				<fill>0</fill>
			</PolyStyle>
		</Style>
		<Placemark>
			<name>Ward No. 32.kml</name>
			<styleUrl>#m_ylw-pushpin30</styleUrl>
			<Polygon>
				<tessellate>1</tessellate>
				<outerBoundaryIs>
					<LinearRing>
						<coordinates>
							73.022747,19.177714,0 73.02263000000001,19.177686,0 73.022543,19.177663,0 73.02248899999999,19.177631,0 73.022447,19.177591,0 73.022392,19.177534,0 73.022296,19.177415,0 73.02225,19.177358,0 73.02220800000001,19.177286,0 73.02219100000001,19.177256,0 73.022066,19.177059,0 73.02196600000001,19.176929,0 73.02193699999999,19.176891,0 73.021856,19.176794,0 73.021846,19.176782,0 73.021812,19.176741,0 73.021671,19.176568,0 73.021585,19.17647,0 73.021508,19.176409,0 73.021489,19.1764,0 73.021439,19.176377,0 73.02142499999999,19.176371,0 73.02131900000001,19.176343,0 73.02122799999999,19.176331,0 73.021134,19.176328,0 73.02106499999999,19.176305,0 73.020983,19.176259,0 73.020803,19.176146,0 73.02073799999999,19.176105,0 73.020611,19.176016,0 73.020599,19.176007,0 73.020512,19.175935,0 73.020443,19.175861,0 73.020411,19.175827,0 73.020301,19.175697,0 73.020212,19.175553,0 73.02015900000001,19.175438,0 73.020143,19.175393,0 73.02012499999999,19.175346,0 73.020107,19.175299,0 73.02006299999999,19.175132,0 73.02005800000001,19.175112,0 73.019999,19.17494,0 73.019975,19.174883,0 73.019932,19.174779,0 73.019925,19.174762,0 73.019727,19.174794,0 73.01957400000001,19.17482,0 73.019558,19.174824,0 73.019265,19.174894,0 73.01920200000001,19.174909,0 73.019071,19.174949,0 73.018951,19.174955,0 73.018817,19.175018,0 73.018693,19.175084,0 73.018576,19.175109,0 73.01845899999999,19.175133,0 73.018413,19.175143,0 73.01824999999999,19.175172,0 73.018247,19.175157,0 73.018248,19.175154,0 73.018153,19.17513,0 73.01798599999999,19.175135,0 73.017848,19.175155,0 73.01729,19.175337,0 73.01591999999999,19.175693,0 73.01586500000001,19.174935,0 73.01585799999999,19.17472,0 73.015857,19.174698,0 73.015811,19.174523,0 73.015765,19.174091,0 73.015716,19.173622,0 73.015596,19.17247,0 73.015638,19.172353,0 73.01573,19.172095,0 73.015771,19.17198,0 73.01577899999999,19.171959,0 73.01588099999999,19.171672,0 73.015975,19.171411,0 73.01608400000001,19.171106,0 73.016154,19.170909,0 73.016172,19.170914,0 73.01617899999999,19.170865,0 73.016239,19.170458,0 73.016203,19.17003,0 73.016189,19.169897,0 73.016159,19.169607,0 73.016132,19.169287,0 73.01612299999999,19.169181,0 73.016082,19.16876,0 73.016052,19.168416,0 73.016047,19.168353,0 73.016046,19.16834,0 73.016041,19.168286,0 73.016007,19.16793,0 73.015968,19.167511,0 73.015935,19.16712,0 73.01593699999999,19.16712,0 73.015901,19.166683,0 73.015878,19.166288,0 73.015783,19.165935,0 73.015669,19.165508,0 73.015556,19.165084,0 73.015534,19.165001,0 73.02123,19.164905,0 73.021562,19.164876,0 73.021604,19.164867,0 73.021609,19.164885,0 73.022004,19.164791,0 73.022265,19.164729,0 73.022448,19.164676,0 73.022643,19.16462,0 73.02267500000001,19.165307,0 73.02284400000001,19.165329,0 73.022992,19.165368,0 73.02303499999999,19.165379,0 73.023217,19.165425,0 73.02325999999999,19.165441,0 73.023409,19.165495,0 73.02363,19.165613,0 73.024143,19.165905,0 73.024242,19.165963,0 73.024278,19.165975,0 73.02428399999999,19.166006,0 73.024333,19.166277,0 73.02436899999999,19.166403,0 73.024412,19.166561,0 73.024455,19.166703,0 73.024467,19.166704,0 73.02451000000001,19.166719,0 73.024528,19.166725,0 73.02457200000001,19.16676,0 73.02458799999999,19.166806,0 73.02460600000001,19.166963,0 73.024612,19.167039,0 73.02462,19.167154,0 73.02462800000001,19.167318,0 73.024632,19.167331,0 73.02463400000001,19.167339,0 73.024635,19.167342,0 73.024652,19.167361,0 73.024699,19.167381,0 73.02481400000001,19.167417,0 73.024862,19.167432,0 73.025171,19.167494,0 73.02524200000001,19.167504,0 73.025446,19.167534,0 73.02546100000001,19.167536,0 73.02557,19.167563,0 73.025614,19.167595,0 73.025629,19.167617,0 73.025651,19.16765,0 73.02567000000001,19.167741,0 73.02567500000001,19.167831,0 73.025683,19.167849,0 73.025707,19.167901,0 73.02575400000001,19.167948,0 73.02579799999999,19.167978,0 73.025842,19.168,0 73.025884,19.168021,0 73.02555599999999,19.168452,0 73.025544,19.168468,0 73.025513,19.168508,0 73.025344,19.168726,0 73.025299,19.168798,0 73.025273,19.16884,0 73.02518600000001,19.168981,0 73.024998,19.169297,0 73.02483700000001,19.169567,0 73.02483100000001,19.169579,0 73.024688,19.169818,0 73.024681,19.169829,0 73.024582,19.169997,0 73.024457,19.170212,0 73.024395,19.170317,0 73.02439,19.170325,0 73.024334,19.170421,0 73.024235,19.17059,0 73.02416100000001,19.170713,0 73.023993,19.17099,0 73.02396,19.17105,0 73.02390699999999,19.171148,0 73.023895,19.17117,0 73.023878,19.171202,0 73.023878,19.171203,0 73.023842,19.171271,0 73.02377199999999,19.17145,0 73.023641,19.171772,0 73.02356,19.171997,0 73.02352500000001,19.172097,0 73.023467,19.172275,0 73.023455,19.17231,0 73.023453,19.172318,0 73.023453,19.172319,0 73.023419,19.172421,0 73.02338899999999,19.172534,0 73.023346,19.172695,0 73.02332699999999,19.172785,0 73.023325,19.172797,0 73.023284,19.172997,0 73.023256,19.173129,0 73.023205,19.17336,0 73.023205,19.173361,0 73.0232,19.173387,0 73.023173,19.17351,0 73.02316999999999,19.173526,0 73.02315,19.173621,0 73.023133,19.173723,0 73.023105,19.173892,0 73.023084,19.174073,0 73.023076,19.174152,0 73.023053,19.174385,0 73.02304599999999,19.174575,0 73.023043,19.174606,0 73.023043,19.174619,0 73.023036,19.17471,0 73.023027,19.174846,0 73.02300700000001,19.17508,0 73.023003,19.17513,0 73.022994,19.175245,0 73.022991,19.175284,0 73.022983,19.175386,0 73.022971,19.17552,0 73.022961,19.175623,0 73.02295700000001,19.175661,0 73.022941,19.175799,0 73.022926,19.175946,0 73.02291099999999,19.176081,0 73.022876,19.176355,0 73.02287099999999,19.176421,0 73.022831,19.176754,0 73.022808,19.176955,0 73.02278699999999,19.177293,0 73.02278699999999,19.177296,0 73.022775,19.17742,0 73.022762,19.177557,0 73.022747,19.177714,0 
						</coordinates>
					</LinearRing>
				</outerBoundaryIs>
			</Polygon>
		</Placemark>
	</Document>
	<Document>
		<name>Ward No. 33.kml</name>
		<StyleMap id="m_ylw-pushpin31">
			<Pair>
				<key>normal</key>
				<styleUrl>#s_ylw-pushpin31</styleUrl>
			</Pair>
			<Pair>
				<key>highlight</key>
				<styleUrl>#s_ylw-pushpin_hl31</styleUrl>
			</Pair>
		</StyleMap>
		<Style id="s_ylw-pushpin31">
			<IconStyle>
				<scale>1.1</scale>
				<Icon>
					<href>http://maps.google.com/mapfiles/kml/pushpin/ylw-pushpin.png</href>
				</Icon>
				<hotSpot x="20" y="2" xunits="pixels" yunits="pixels"/>
			</IconStyle>
			<LineStyle>
				<color>ffffff55</color>
				<width>3</width>
			</LineStyle>
			<PolyStyle>
				<fill>0</fill>
			</PolyStyle>
		</Style>
		<Style id="s_ylw-pushpin_hl31">
			<IconStyle>
				<scale>1.3</scale>
				<Icon>
					<href>http://maps.google.com/mapfiles/kml/pushpin/ylw-pushpin.png</href>
				</Icon>
				<hotSpot x="20" y="2" xunits="pixels" yunits="pixels"/>
			</IconStyle>
			<LineStyle>
				<color>ffffff55</color>
				<width>3</width>
			</LineStyle>
			<PolyStyle>
				<fill>0</fill>
			</PolyStyle>
		</Style>
		<Placemark>
			<name>Ward No. 33.kml</name>
			<styleUrl>#m_ylw-pushpin31</styleUrl>
			<Polygon>
				<tessellate>1</tessellate>
				<outerBoundaryIs>
					<LinearRing>
						<coordinates>
							73.048672,19.140463,0 73.048519,19.140704,0 73.048242,19.141135,0 73.048091,19.141354,0 73.048081,19.14137,0 73.048134,19.141415,0 73.048401,19.141643,0 73.04842600000001,19.141668,0 73.04846999999999,19.141734,0 73.04810000000001,19.14222,0 73.047899,19.142516,0 73.047399,19.142301,0 73.04677700000001,19.143059,0 73.046684,19.143108,0 73.04667999999999,19.14311,0 73.046621,19.143138,0 73.046166,19.143358,0 73.045856,19.143508,0 73.045723,19.143573,0 73.045559,19.143648,0 73.045524,19.143665,0 73.04521,19.143809,0 73.044853,19.143983,0 73.044455,19.144189,0 73.04417599999999,19.144345,0 73.044169,19.144349,0 73.04408599999999,19.144395,0 73.043873,19.144522,0 73.04379,19.144572,0 73.043705,19.144627,0 73.043533,19.144737,0 73.043234,19.144933,0 73.043126,19.145004,0 73.04293800000001,19.145128,0 73.04248200000001,19.14543,0 73.042275,19.145564,0 73.04208300000001,19.145689,0 73.04206600000001,19.1457,0 73.04192399999999,19.145805,0 73.041828,19.145884,0 73.04172,19.145991,0 73.041628,19.146098,0 73.041557,19.146191,0 73.041409,19.146429,0 73.041292,19.146621,0 73.041028,19.147026,0 73.04093899999999,19.14713,0 73.040859,19.147215,0 73.040826,19.147245,0 73.040746,19.147313,0 73.04069200000001,19.147359,0 73.040633,19.147408,0 73.04058000000001,19.147451,0 73.040504,19.147498,0 73.040431,19.147588,0 73.040367,19.14765,0 73.040346,19.147673,0 73.039996,19.147935,0 73.039772,19.148127,0 73.039535,19.148309,0 73.039354,19.14845,0 73.03922300000001,19.148551,0 73.03918899999999,19.148576,0 73.03911100000001,19.148636,0 73.03903,19.148697,0 73.038882,19.14881,0 73.038675,19.148968,0 73.03858,19.149043,0 73.038572,19.149049,0 73.038397,19.149186,0 73.038141,19.149379,0 73.038134,19.149385,0 73.038048,19.14945,0 73.037972,19.149507,0 73.037684,19.149723,0 73.037537,19.149828,0 73.037171,19.150088,0 73.03703400000001,19.15019,0 73.036839,19.150337,0 73.03682999999999,19.150343,0 73.03677,19.150388,0 73.03671799999999,19.150426,0 73.03647599999999,19.150601,0 73.036361,19.150684,0 73.036164,19.150827,0 73.03607700000001,19.150888,0 73.035971,19.150962,0 73.03588499999999,19.151022,0 73.035735,19.151126,0 73.035678,19.151171,0 73.03564799999999,19.151194,0 73.035595,19.151242,0 73.035567,19.15127,0 73.035521,19.151316,0 73.03547,19.151371,0 73.03540599999999,19.151462,0 73.035319,19.15159,0 73.035196,19.151799,0 73.035186,19.151817,0 73.03510300000001,19.151966,0 73.035031,19.152096,0 73.034831,19.152451,0 73.03479400000001,19.152515,0 73.03455200000001,19.152938,0 73.034369,19.153253,0 73.034239,19.153478,0 73.034183,19.153574,0 73.034081,19.153751,0 73.033974,19.153925,0 73.03394,19.153979,0 73.033936,19.153986,0 73.03389,19.154059,0 73.033886,19.154064,0 73.033869,19.154089,0 73.03369000000001,19.154346,0 73.033456,19.154652,0 73.033379,19.154757,0 73.03327899999999,19.154892,0 73.033241,19.154943,0 73.033016,19.155244,0 73.032972,19.155303,0 73.03282799999999,19.155494,0 73.032674,19.15571,0 73.03263200000001,19.155767,0 73.032481,19.155969,0 73.032403,19.156076,0 73.03236,19.15614,0 73.032308,19.156227,0 73.032166,19.156469,0 73.032085,19.156601,0 73.032008,19.156728,0 73.031997,19.156746,0 73.031853,19.157012,0 73.03167500000001,19.157294,0 73.03165199999999,19.157335,0 73.03147800000001,19.157645,0 73.031457,19.157682,0 73.031255,19.158045,0 73.03119,19.158163,0 73.031188,19.158167,0 73.031077,19.158369,0 73.031029,19.158455,0 73.03085799999999,19.158762,0 73.03077399999999,19.158914,0 73.030727,19.158999,0 73.03070700000001,19.159036,0 73.030654,19.159133,0 73.030557,19.159303,0 73.03053800000001,19.159338,0 73.030355,19.159661,0 73.03032399999999,19.159715,0 73.030164,19.160009,0 73.030117,19.160093,0 73.030085,19.160193,0 73.03002499999999,19.160272,0 73.029995,19.160311,0 73.02979499999999,19.160691,0 73.029454,19.161299,0 73.02945200000001,19.161303,0 73.02935100000001,19.161484,0 73.02934999999999,19.161485,0 73.02919900000001,19.161768,0 73.02912999999999,19.1619,0 73.02909099999999,19.161984,0 73.02901199999999,19.162168,0 73.02886700000001,19.162549,0 73.028852,19.162588,0 73.028775,19.162785,0 73.028699,19.163,0 73.028639,19.163167,0 73.028603,19.163272,0 73.028577,19.163378,0 73.02856800000001,19.16342,0 73.02855599999999,19.163481,0 73.028525,19.163673,0 73.02851099999999,19.163803,0 73.02851099999999,19.163804,0 73.028504,19.163862,0 73.028493,19.163906,0 73.02847300000001,19.164053,0 73.02846,19.164151,0 73.02844399999999,19.164264,0 73.028423,19.164388,0 73.028408,19.164512,0 73.028385,19.164652,0 73.028372,19.164752,0 73.028361,19.164821,0 73.02834799999999,19.164872,0 73.02833699999999,19.164916,0 73.02833099999999,19.164929,0 73.02831999999999,19.164954,0 73.028313,19.164968,0 73.028277,19.165041,0 73.028181,19.165187,0 73.02815200000001,19.165224,0 73.02809000000001,19.165305,0 73.027953,19.16545,0 73.02778600000001,19.165641,0 73.027739,19.165696,0 73.027613,19.165847,0 73.027575,19.16589,0 73.027564,19.165903,0 73.027463,19.166018,0 73.02741399999999,19.166074,0 73.02739200000001,19.166097,0 73.027264,19.16623,0 73.027185,19.166312,0 73.02701,19.166494,0 73.026912,19.166628,0 73.026861,19.166699,0 73.026748,19.166853,0 73.026601,19.167062,0 73.026517,19.16718,0 73.02647399999999,19.167241,0 73.026377,19.167379,0 73.026364,19.1674,0 73.02634500000001,19.167423,0 73.026231,19.167578,0 73.02617600000001,19.167652,0 73.026006,19.167868,0 73.02595700000001,19.16793,0 73.02593,19.167964,0 73.025884,19.168021,0 73.025842,19.168,0 73.02579799999999,19.167978,0 73.02575400000001,19.167948,0 73.025707,19.167901,0 73.025683,19.167849,0 73.02567500000001,19.167831,0 73.02567000000001,19.167741,0 73.025651,19.16765,0 73.025629,19.167617,0 73.025614,19.167595,0 73.02557,19.167563,0 73.02546100000001,19.167536,0 73.025446,19.167534,0 73.02524200000001,19.167504,0 73.025171,19.167494,0 73.024862,19.167432,0 73.02481400000001,19.167417,0 73.024699,19.167381,0 73.024652,19.167361,0 73.024635,19.167342,0 73.02463400000001,19.167339,0 73.024632,19.167331,0 73.02462800000001,19.167318,0 73.02462,19.167154,0 73.024612,19.167039,0 73.02460600000001,19.166963,0 73.02458799999999,19.166806,0 73.02457200000001,19.16676,0 73.024528,19.166725,0 73.02451000000001,19.166719,0 73.024467,19.166704,0 73.024455,19.166703,0 73.024412,19.166561,0 73.02436899999999,19.166403,0 73.024333,19.166277,0 73.02428399999999,19.166006,0 73.024278,19.165975,0 73.024242,19.165963,0 73.024143,19.165905,0 73.02363,19.165613,0 73.023409,19.165495,0 73.02325999999999,19.165441,0 73.023217,19.165425,0 73.023101,19.165396,0 73.02303499999999,19.165379,0 73.022992,19.165368,0 73.02284400000001,19.165329,0 73.02267500000001,19.165307,0 73.022643,19.16462,0 73.0224521268883,19.16467457243062,0 73.02235249078925,19.16470386258698,0 73.02226068696986,19.16473005567947,0 73.02200537206338,19.16479076225706,0 73.02160922600198,19.16488490210182,0 73.02160449214935,19.16486678629564,0 73.02156365793235,19.16487579399447,0 73.02122639587171,19.16490581097045,0 73.02016164191797,19.16492417180832,0 73.01553498288737,19.16500049114186,0 73.01549799999999,19.164867,0 73.015445,19.164658,0 73.015326,19.164245,0 73.015208,19.163837,0 73.015157,19.163655,0 73.01509799999999,19.163445,0 73.014959,19.162954,0 73.014899,19.162679,0 73.014869,19.162436,0 73.01476,19.162049,0 73.014736,19.162017,0 73.014599,19.161546,0 73.01442,19.160903,0 73.014377,19.160722,0 73.014217,19.16008,0 73.01418700000001,19.159939,0 73.014185,19.159931,0 73.014087,19.159531,0 73.01398399999999,19.159133,0 73.01390000000001,19.158796,0 73.014186,19.158239,0 73.014607,19.157675,0 73.01496899999999,19.157181,0 73.01520499999999,19.156877,0 73.015609,19.156324,0 73.01564500000001,19.156094,0 73.015693,19.155684,0 73.01574100000001,19.155278,0 73.015801,19.154884,0 73.015885,19.154346,0 73.015935,19.154037,0 73.015975,19.153785,0 73.016031,19.153386,0 73.01608,19.153012,0 73.01612900000001,19.152636,0 73.016184,19.152268,0 73.01621900000001,19.151987,0 73.016535,19.151936,0 73.017408,19.151799,0 73.01806999999999,19.151701,0 73.01917,19.151532,0 73.019524,19.151482,0 73.019775,19.151672,0 73.020321,19.152116,0 73.020618,19.152348,0 73.02129600000001,19.152064,0 73.022205,19.151691,0 73.02252300000001,19.151568,0 73.023312,19.151254,0 73.023375,19.151248,0 73.02418,19.150925,0 73.024806,19.150682,0 73.02531,19.150491,0 73.025318,19.150399,0 73.025487,19.149164,0 73.02576500000001,19.148996,0 73.02613599999999,19.148772,0 73.026177,19.148768,0 73.02702600000001,19.148287,0 73.028184,19.147601,0 73.02820800000001,19.147419,0 73.02825300000001,19.147082,0 73.028357,19.146476,0 73.02856199999999,19.144779,0 73.028761,19.143117,0 73.02894999999999,19.141458,0 73.029083,19.14058,0 73.029629,19.139636,0 73.029875,19.139202,0 73.03059,19.137957,0 73.030709,19.137754,0 73.03075800000001,19.136706,0 73.030895,19.135889,0 73.03096499999999,19.134246,0 73.031052,19.132533,0 73.031288,19.132387,0 73.032721,19.131572,0 73.03491,19.130496,0 73.035449,19.130273,0 73.03582,19.130117,0 73.036494,19.129834,0 73.036692,19.129769,0 73.03904,19.129282,0 73.039501,19.130145,0 73.03979099999999,19.130677,0 73.039931,19.13097,0 73.040311,19.131684,0 73.04070299999999,19.132472,0 73.041072,19.133235,0 73.041076,19.13329,0 73.04149,19.134096,0 73.042101,19.135321,0 73.042742,19.136616,0 73.042843,19.136751,0 73.048672,19.140463,0 
						</coordinates>
					</LinearRing>
				</outerBoundaryIs>
			</Polygon>
		</Placemark>
	</Document>
	<atom:link rel="app" href="https://www.google.com/earth/about/versions/#earth-pro" title="Google Earth Pro 7.3.7.1155"></atom:link>
</Folder>
</kml>
