<?xml version="1.0" encoding="UTF-8"?>
<kml xmlns="http://www.opengis.net/kml/2.2" xmlns:gx="http://www.google.com/kml/ext/2.2" xmlns:kml="http://www.opengis.net/kml/2.2" xmlns:atom="http://www.w3.org/2005/Atom">
<Folder>
	<name>Ulhasnagar All Ward Boundry</name>
	<open>1</open>
	<Document>
		<name>Ward no. 4.kml</name>
		<StyleMap id="m_ylw-pushpin0">
			<Pair>
				<key>normal</key>
				<styleUrl>#s_ylw-pushpin</styleUrl>
			</Pair>
			<Pair>
				<key>highlight</key>
				<styleUrl>#s_ylw-pushpin_hl01</styleUrl>
			</Pair>
		</StyleMap>
		<Style id="s_ylw-pushpin">
			<IconStyle>
				<scale>1.1</scale>
				<Icon>
					<href>http://maps.google.com/mapfiles/kml/pushpin/ylw-pushpin.png</href>
				</Icon>
				<hotSpot x="20" y="2" xunits="pixels" yunits="pixels"/>
			</IconStyle>
			<LineStyle>
				<color>ffffff00</color>
				<width>3</width>
			</LineStyle>
			<PolyStyle>
				<fill>0</fill>
			</PolyStyle>
		</Style>
		<Style id="s_ylw-pushpin_hl01">
			<IconStyle>
				<scale>1.3</scale>
				<Icon>
					<href>http://maps.google.com/mapfiles/kml/pushpin/ylw-pushpin.png</href>
				</Icon>
				<hotSpot x="20" y="2" xunits="pixels" yunits="pixels"/>
			</IconStyle>
			<LineStyle>
				<color>ffffff00</color>
				<width>3</width>
			</LineStyle>
			<PolyStyle>
				<fill>0</fill>
			</PolyStyle>
		</Style>
		<Placemark>
			<name>Ward no. 4</name>
			<description>Panel No.  04
Census Ward Nos.:7,8,9,12</description>
			<styleUrl>#m_ylw-pushpin0</styleUrl>
			<Polygon>
				<tessellate>1</tessellate>
				<outerBoundaryIs>
					<LinearRing>
						<coordinates>
							73.15421173730117,19.23850374296604,0 73.15433223631733,19.23919996221852,0 73.1544083159491,19.23956389865347,0 73.15450348571525,19.24002371962914,0 73.15457106997002,19.24029467609358,0 73.1547981257817,19.24063734207175,0 73.15476132593982,19.24094287337047,0 73.15316698279958,19.24037758794192,0 73.15301382314404,19.24031991231893,0 73.15046428204046,19.24007768475191,0 73.15057385022027,19.23964911314582,0 73.15065093995274,19.23934703157516,0 73.15068027309974,19.23918375703923,0 73.15069305480819,19.23888226265403,0 73.15077996316954,19.23844185039756,0 73.15103297989104,19.23725639156512,0 73.15092393468861,19.23717264787106,0 73.15078726928785,19.23706568787741,0 73.15066112095172,19.23695859504381,0 73.15050935099195,19.23689215286968,0 73.15024252548451,19.23683752727015,0 73.14992300871516,19.23680169563195,0 73.14957666995379,19.23678491889815,0 73.14925050556994,19.23674782743207,0 73.14903845167562,19.23673836039916,0 73.14880890096792,19.23672890546786,0 73.14854797706995,19.2367655712831,0 73.14828630425292,19.23680203997351,0 73.14798244443141,19.23681154094897,0 73.14775877161482,19.23676425508459,0 73.14763652209427,19.23674508451438,0 73.14736051146872,19.2365644613317,0 73.14716270325131,19.23642482304213,0 73.14708140603555,19.23613579208759,0 73.14698360359567,19.23587054170169,0 73.14697339549413,19.23561440681968,0 73.14698099164397,19.23544268991167,0 73.14707980897849,19.2351911217898,0 73.14701932450464,19.23503535824386,0 73.14764761228913,19.23479213627665,0 73.14830489960936,19.23441019896584,0 73.14896566303739,19.23402235889671,0 73.15007444565414,19.23326009155175,0 73.15089287173677,19.23267382807232,0 73.15121824845504,19.23246361298644,0 73.15213816773795,19.23181862630132,0 73.1528728671441,19.23126379482723,0 73.15328984750118,19.23097810162709,0 73.15347963310899,19.23084097890654,0 73.15358964526226,19.23073001818063,0 73.15372300191588,19.23062831084007,0 73.15387216931029,19.23051882199784,0 73.15409582874609,19.23036918411229,0 73.15435578696845,19.23022356839645,0 73.15473315956561,19.23001758002021,0 73.1551057190231,19.229812188028,0 73.15542582248901,19.22965507828084,0 73.1557816155285,19.22950090948449,0 73.1560126547646,19.22939168109026,0 73.1560617535123,19.22940789197595,0 73.15612475278556,19.22970050983322,0 73.15599006556278,19.23006317124417,0 73.1558839133789,19.23028668522294,0 73.15580723699755,19.23056448773833,0 73.15577031837947,19.23074460955626,0 73.15576254357856,19.23102870381756,0 73.15561004573101,19.23136428582088,0 73.1555339239824,19.23172264711659,0 73.15532357595525,19.2318811172618,0 73.15505903866796,19.23205040352838,0 73.15479708350603,19.23220441270011,0 73.15457255843646,19.23233014439585,0 73.15448020698315,19.23238856340338,0 73.15433697360187,19.23240791408964,0 73.15425454985981,19.23241489173361,0 73.15402998327505,19.23231510034251,0 73.15343378556203,19.23238347422784,0 73.15344007716094,19.23271701250749,0 73.15348474941902,19.23338584757198,0 73.1535071754414,19.23365227471436,0 73.15351387876335,19.23379878235705,0 73.15350132462038,19.23388478356605,0 73.15354423106255,19.23395537092954,0 73.15363872397508,19.23400982540016,0 73.15374380157678,19.23402556815724,0 73.15389058963022,19.23406389230146,0 73.15412312140322,19.23408077436615,0 73.15422072626548,19.23408076424099,0 73.15425976811271,19.23408076021063,0 73.15435268166472,19.23398990292544,0 73.15442866390867,19.23391715350088,0 73.15450901613401,19.23382393294472,0 73.15458343636199,19.23371734532147,0 73.15478483396187,19.23351794278382,0 73.15491677027693,19.23369165717818,0 73.15503727107377,19.23388832549183,0 73.15518650412109,19.23415455079213,0 73.15507801196129,19.23435676658043,0 73.15505605591932,19.23439201009028,0 73.15495197991986,19.23452936559116,0 73.15491391857464,19.23463207700081,0 73.15487452856803,19.23473577446486,0 73.15486372449168,19.2348031459942,0 73.1548408361668,19.23494175978961,0 73.15487781808324,19.23509894576308,0 73.15504161417988,19.2354041284069,0 73.15503888553643,19.23564129608393,0 73.1551706470387,19.23574359621864,0 73.15533917465942,19.23592214203602,0 73.15541117664569,19.23601189797196,0 73.15546375647988,19.23606976550953,0 73.1555859273691,19.2362812842658,0 73.15572324016976,19.23653999970056,0 73.15580857046966,19.23676805435603,0 73.15591395528217,19.23709086030727,0 73.15590024394312,19.23758647914649,0 73.155863171002,19.2378404138481,0 73.15585303466017,19.23790598998225,0 73.15586942973663,19.23811862075486,0 73.15512561516151,19.23831884564919,0 73.15496131765711,19.23836891376311,0 73.15487693459733,19.23838465654274,0 73.15473131320368,19.23840501305021,0 73.15459229839939,19.23843150028937,0 73.15448316255592,19.23846334108415,0 73.15439445674386,19.2384843405419,0 73.15436002911088,19.23849339461374,0 73.15421173730117,19.23850374296604,0 
						</coordinates>
					</LinearRing>
				</outerBoundaryIs>
			</Polygon>
		</Placemark>
	</Document>
	<Document>
		<name>Ward no. 5.kml</name>
		<StyleMap id="m_ylw-pushpin00">
			<Pair>
				<key>normal</key>
				<styleUrl>#s_ylw-pushpin0</styleUrl>
			</Pair>
			<Pair>
				<key>highlight</key>
				<styleUrl>#s_ylw-pushpin_hl010</styleUrl>
			</Pair>
		</StyleMap>
		<Style id="s_ylw-pushpin0">
			<IconStyle>
				<scale>1.1</scale>
				<Icon>
					<href>http://maps.google.com/mapfiles/kml/pushpin/ylw-pushpin.png</href>
				</Icon>
				<hotSpot x="20" y="2" xunits="pixels" yunits="pixels"/>
			</IconStyle>
			<LineStyle>
				<color>ffffff00</color>
				<width>3</width>
			</LineStyle>
			<PolyStyle>
				<fill>0</fill>
			</PolyStyle>
		</Style>
		<Style id="s_ylw-pushpin_hl010">
			<IconStyle>
				<scale>1.3</scale>
				<Icon>
					<href>http://maps.google.com/mapfiles/kml/pushpin/ylw-pushpin.png</href>
				</Icon>
				<hotSpot x="20" y="2" xunits="pixels" yunits="pixels"/>
			</IconStyle>
			<LineStyle>
				<color>ffffff00</color>
				<width>3</width>
			</LineStyle>
			<PolyStyle>
				<fill>0</fill>
			</PolyStyle>
		</Style>
		<Placemark>
			<name>Ward no. 5</name>
			<description>Panel No. 05
Census Ward Nos.: 14,15,24,25</description>
			<styleUrl>#m_ylw-pushpin00</styleUrl>
			<Polygon>
				<tessellate>1</tessellate>
				<outerBoundaryIs>
					<LinearRing>
						<coordinates>
							73.15734860642405,19.23159071045592,0 73.15746329426199,19.2316978375606,0 73.15749485898336,19.23171534677827,0 73.15756799764155,19.23176100497844,0 73.15760198244536,19.23178614656542,0 73.15767584420411,19.2318407970105,0 73.15770845905929,19.23187705381579,0 73.15776466435267,19.23194083040641,0 73.15784437846507,19.23200801991077,0 73.15788991812262,19.23208661939675,0 73.15799053397072,19.23212851202206,0 73.15804913544231,19.23212874100293,0 73.15813246804811,19.23212906661098,0 73.15839778429678,19.23230618494508,0 73.15860542026573,19.23245313225559,0 73.15873208108573,19.23252577560754,0 73.15890146606041,19.23262193865694,0 73.15905527375591,19.23270176455263,0 73.1593333824938,19.23281936631365,0 73.15958653624443,19.23281482802787,0 73.16008487291512,19.23280316325168,0 73.16030561588731,19.23281895267267,0 73.16036520908634,19.23279309440281,0 73.16072692408713,19.23291395378125,0 73.1612438971093,19.23312321269761,0 73.16140972293719,19.23322271313384,0 73.16154959419849,19.2332971465506,0 73.16183288744183,19.23344790224715,0 73.16151746959663,19.23390602808184,0 73.16120554333885,19.23433117066746,0 73.1608898602617,19.23471246155099,0 73.16073652080837,19.23491658518827,0 73.16257086812708,19.23615985512629,0 73.16208179444772,19.236794119342,0 73.16170828296056,19.23727040640581,0 73.16148525022541,19.23755372778378,0 73.16143938047814,19.23769664571597,0 73.161469322995,19.237800955729,0 73.1613187279649,19.23779999296115,0 73.16135513064303,19.23821062952012,0 73.16109857647115,19.23823362855664,0 73.16100798191225,19.23860876461163,0 73.16089927877496,19.23854669853358,0 73.16076409381611,19.2384856083099,0 73.1606560235517,19.23845041536755,0 73.16046631705126,19.23839859630551,0 73.16028840731497,19.23835230031244,0 73.16004491583796,19.23831666188349,0 73.15986728721565,19.23798129313767,0 73.15978358643751,19.23784208646438,0 73.15973883960842,19.23778996316129,0 73.15964159879503,19.23767875072193,0 73.15957254696409,19.23759511816211,0 73.15957297707453,19.23745379107277,0 73.15956014411344,19.23738543122935,0 73.15956688757423,19.23740583077409,0 73.15944934679739,19.23749081380856,0 73.15930203987818,19.23759249549905,0 73.15916109725816,19.23768834226044,0 73.15909134756033,19.23774265432663,0 73.15901180801579,19.23783667637503,0 73.15895533149256,19.23790950379286,0 73.15894424747032,19.23792737962659,0 73.15890229180165,19.23805259703094,0 73.15886964362456,19.23812238261439,0 73.15883059675625,19.23818285584893,0 73.15867709574668,19.23819753025581,0 73.15856947185308,19.23821205314091,0 73.15845631935667,19.23827761167102,0 73.15835884232911,19.23834965378888,0 73.15826341627323,19.23859494049672,0 73.15818155230953,19.23883951984055,0 73.15806834627138,19.23912814157373,0 73.15799870300977,19.23928802786345,0 73.15796978449751,19.23935467317802,0 73.15793336201524,19.2395242117559,0 73.15790867669898,19.23958936747361,0 73.1578452582277,19.23973129424713,0 73.15721986019682,19.23920793507813,0 73.15705379772083,19.23940083831461,0 73.15686428374789,19.23922445395298,0 73.15685552769907,19.23926456314361,0 73.15671264540269,19.23915842482577,0 73.15658885578048,19.2390498809404,0 73.15640872521089,19.23886853485735,0 73.15633837445702,19.23891142994697,0 73.15596467584938,19.23878148039609,0 73.15569760945364,19.23867436445181,0 73.1556821157679,19.23850268236128,0 73.15573728615139,19.23834676703917,0 73.15580850721953,19.23814715031155,0 73.15587093013397,19.23811820173664,0 73.15585430371395,19.23789705151937,0 73.15590872785276,19.2375814547262,0 73.15590385482409,19.23750774976295,0 73.15590395343558,19.23733097113655,0 73.15590737676391,19.23717120461934,0 73.15592123346455,19.23710867129663,0 73.15583369577691,19.23685287331684,0 73.15575091028462,19.23658884431135,0 73.15564444953341,19.23638367171814,0 73.15554907847141,19.23621725928852,0 73.1554517549379,19.23605639506533,0 73.15532982620081,19.23591316316192,0 73.15516937608261,19.235732025557,0 73.15504738002775,19.23563456630556,0 73.15503563432432,19.23538454138415,0 73.15495630650972,19.2352457468774,0 73.15487576466577,19.2351055790684,0 73.15484684689569,19.23494319294279,0 73.15485512840584,19.23483586758067,0 73.15487406194794,19.23474672448867,0 73.1549172782492,19.23460892821332,0 73.15496214009055,19.23452005095965,0 73.15500879060426,19.23445618466853,0 73.15506477131177,19.23436486777591,0 73.15518556724467,19.23415681443554,0 73.15496311185643,19.23375124761388,0 73.15478419632802,19.23351378072498,0 73.15490877289896,19.23335890041354,0 73.15498687054315,19.23330118400246,0 73.15509866993108,19.23320874019857,0 73.15520503657534,19.23310874692458,0 73.15538585500882,19.23290009417298,0 73.1555125459608,19.23276107963496,0 73.15564293209712,19.23260678283941,0 73.15584037716548,19.23243470600164,0 73.15599057302492,19.23226447490527,0 73.1561856116579,19.2321261934256,0 73.15631898164791,19.23205845381841,0 73.15646360158634,19.2320027699897,0 73.15667605653832,19.23197827259912,0 73.15704413686905,19.23176174192312,0 73.15733077647906,19.23159913537059,0 73.15734860642405,19.23159071045592,0 
						</coordinates>
					</LinearRing>
				</outerBoundaryIs>
			</Polygon>
		</Placemark>
	</Document>
	<Document>
		<name>Ward no. 6.kml</name>
		<StyleMap id="m_ylw-pushpin01">
			<Pair>
				<key>normal</key>
				<styleUrl>#s_ylw-pushpin1</styleUrl>
			</Pair>
			<Pair>
				<key>highlight</key>
				<styleUrl>#s_ylw-pushpin_hl011</styleUrl>
			</Pair>
		</StyleMap>
		<Style id="s_ylw-pushpin1">
			<IconStyle>
				<scale>1.1</scale>
				<Icon>
					<href>http://maps.google.com/mapfiles/kml/pushpin/ylw-pushpin.png</href>
				</Icon>
				<hotSpot x="20" y="2" xunits="pixels" yunits="pixels"/>
			</IconStyle>
			<LineStyle>
				<color>ffffff00</color>
				<width>3</width>
			</LineStyle>
			<PolyStyle>
				<fill>0</fill>
			</PolyStyle>
		</Style>
		<Style id="s_ylw-pushpin_hl011">
			<IconStyle>
				<scale>1.3</scale>
				<Icon>
					<href>http://maps.google.com/mapfiles/kml/pushpin/ylw-pushpin.png</href>
				</Icon>
				<hotSpot x="20" y="2" xunits="pixels" yunits="pixels"/>
			</IconStyle>
			<LineStyle>
				<color>ffffff00</color>
				<width>3</width>
			</LineStyle>
			<PolyStyle>
				<fill>0</fill>
			</PolyStyle>
		</Style>
		<Placemark>
			<name>Ward no. 6</name>
			<description>Panel No. 06
Census Ward Nos. 22,23,35,36</description>
			<styleUrl>#m_ylw-pushpin01</styleUrl>
			<Polygon>
				<tessellate>1</tessellate>
				<outerBoundaryIs>
					<LinearRing>
						<coordinates>
							73.16160810218179,19.23740213834779,0 73.16257209570084,19.23616345152202,0 73.16173074715418,19.23558290616479,0 73.16112988037739,19.23517475209675,0 73.16072391871874,19.23489400700466,0 73.16099311298314,19.23458554819827,0 73.16122456657497,19.2342939923594,0 73.16142035234505,19.23405024407068,0 73.16161534128105,19.23377351192517,0 73.16180927994792,19.23346890813387,0 73.16191635422275,19.23345653188638,0 73.16203196852365,19.23355032355184,0 73.16214924745822,19.23362781423437,0 73.16226098438183,19.23365773996654,0 73.16236165158858,19.23372260502883,0 73.162532946651,19.23380596034631,0 73.16268984085403,19.23385373977171,0 73.16284810138232,19.23388393785177,0 73.16305080865619,19.23393090686177,0 73.16325096518455,19.23398810420862,0 73.16346469071595,19.23404604381963,0 73.16361391474986,19.23409194274379,0 73.16381508920442,19.23414985208455,0 73.16399951039205,19.23423787860928,0 73.16409584814082,19.23427943235024,0 73.16423121735626,19.2343894356544,0 73.16440628104797,19.23450458046937,0 73.16452083559822,19.23458586487097,0 73.16464735412674,19.23467410325794,0 73.16471155519199,19.23475213087609,0 73.16479941040575,19.23486564322309,0 73.16486799954397,19.23497489748801,0 73.16493950134482,19.23511634151608,0 73.165011666163,19.23526842158099,0 73.16504861113162,19.23521241068783,0 73.16531722659926,19.23527811885089,0 73.16553981369526,19.23531976312604,0 73.16573683606714,19.23534818803407,0 73.16589677098031,19.23534647949731,0 73.16606604519612,19.23535877810562,0 73.16623815820367,19.23534614137085,0 73.16639791603245,19.23533886639203,0 73.16654141255435,19.23530720638048,0 73.16670872668071,19.23525626453311,0 73.16681661703036,19.23526822496567,0 73.1669001941524,19.23522956738661,0 73.16703110677402,19.23519880896347,0 73.16716119696156,19.23515271598559,0 73.16710041848825,19.23466322411622,0 73.1670585528415,19.23445267262574,0 73.16702584505177,19.23435156821997,0 73.1670362907104,19.23417383821364,0 73.16700030752448,19.23412145225104,0 73.16696015420024,19.23394482431024,0 73.1670033711611,19.23384138990133,0 73.16675056581309,19.23382119616246,0 73.1665543524946,19.23380111833616,0 73.16648873824055,19.23381202522936,0 73.16640175274854,19.23384261227675,0 73.16634175449269,19.23390613194974,0 73.16623768827789,19.23391210089596,0 73.16618611521565,19.233941952622,0 73.16607664630759,19.23401657553806,0 73.16581464232694,19.2339473266466,0 73.16567362090504,19.23393524571262,0 73.16583702838169,19.23345134138074,0 73.16589713891663,19.23326472488867,0 73.16594252041911,19.23308714846375,0 73.1659718147837,19.23294347480936,0 73.16597016372675,19.23280882205032,0 73.1660004544275,19.23238796461113,0 73.16613296192018,19.23239937249115,0 73.16622767857906,19.23234512227859,0 73.16630444155865,19.23232041567812,0 73.1664672864332,19.23227637590215,0 73.16669491208626,19.23222522562384,0 73.16673258951742,19.23214805294129,0 73.16678203494715,19.2320889826394,0 73.16690667407269,19.23195414497942,0 73.16696966376152,19.23191810942947,0 73.16709941853254,19.23194502987821,0 73.1672397130811,19.23184743180088,0 73.16736441408014,19.23175606884676,0 73.16744256720588,19.23170483951711,0 73.16751613813686,19.23164266909646,0 73.1677123493302,19.23150128614742,0 73.16784207916595,19.23143390511958,0 73.16797127567385,19.23137756410019,0 73.16814469777216,19.23132857495261,0 73.16826921983208,19.23132895252551,0 73.16833199827977,19.2313240413625,0 73.1685745718421,19.23199048854601,0 73.16878941766802,19.23257309628253,0 73.16902332210346,19.23247665809124,0 73.16916845724398,19.23247475081055,0 73.16937657888201,19.23241214349559,0 73.1695327267047,19.23236700946621,0 73.16958053046527,19.23235886836601,0 73.16972572140206,19.23234872638469,0 73.16982316797441,19.23248177137671,0 73.17003600069597,19.23253056653869,0 73.1702623143256,19.23236246279501,0 73.17042583394468,19.23225941067354,0 73.17051738307738,19.23221650383912,0 73.17060381518235,19.23218182137608,0 73.17071259399668,19.23210562893178,0 73.1708326124099,19.23201975377119,0 73.17098114106518,19.23190159672435,0 73.17120205595938,19.23199173411066,0 73.17106655700785,19.23276177106974,0 73.17105769903976,19.232868180819,0 73.17105994066006,19.23341372340638,0 73.17146270647733,19.23337811215017,0 73.17154999244501,19.23321069611495,0 73.17160964494994,19.23313429337939,0 73.17172822851767,19.23301022190311,0 73.17197776344307,19.23281411513313,0 73.17205061974973,19.23277790053808,0 73.17228138854804,19.23268403816613,0 73.1723878215697,19.23261160979299,0 73.17261058094159,19.23260226850837,0 73.17287007932318,19.23259220836368,0 73.1729972350296,19.23261330379397,0 73.17311056639087,19.23263403401191,0 73.17318076364678,19.23266492106536,0 73.17322725265826,19.23269686853238,0 73.1732485862434,19.23288353481307,0 73.1732408799771,19.23307954561361,0 73.17327604075074,19.23316268709859,0 73.17331121663138,19.23326766727397,0 73.1734002484299,19.23366065605307,0 73.1734118533487,19.23380241553623,0 73.1735068211408,19.23470056123696,0 73.17360855602927,19.2347659906944,0 73.17400900073176,19.2353214649715,0 73.17402085238966,19.23541199099653,0 73.17403403478835,19.23551292239682,0 73.17403035641051,19.23556312135034,0 73.1740079034421,19.23573933327618,0 73.17398412931479,19.23589437142744,0 73.17396965015001,19.23596657610403,0 73.17393959102236,19.23601820900421,0 73.17389452378765,19.23608092285808,0 73.17382001285546,19.23612322056825,0 73.17378306516551,19.2361534752391,0 73.17374440006138,19.23620993391048,0 73.17362764808945,19.23639106948565,0 73.17351708043017,19.23655227344533,0 73.17347487585779,19.23659615799947,0 73.17339974481186,19.23674513727225,0 73.17321460419176,19.23707966248852,0 73.17296213381427,19.23694272142244,0 73.17279014755671,19.23686549974793,0 73.17270186912047,19.2368108608292,0 73.17252418643743,19.23669663876968,0 73.17243188870175,19.2366394813225,0 73.17225712568843,19.23648555698335,0 73.17195998919601,19.23643314199045,0 73.17182532600069,19.23641875538383,0 73.17156921722417,19.23639516414849,0 73.17141453410918,19.23638116181203,0 73.1712676645467,19.23636950095128,0 73.17114545589153,19.2363577994256,0 73.17101487925112,19.23635315351341,0 73.17087386878107,19.23633644876302,0 73.170726991682,19.23633005016877,0 73.17068940848341,19.23632482405096,0 73.1703557595348,19.23623286194962,0 73.17031669764782,19.23625236386653,0 73.17007247522052,19.23621666627361,0 73.16993974714664,19.23618866970264,0 73.16977479710383,19.23614662165944,0 73.16963754615652,19.2361235471632,0 73.16955361752653,19.23610180239028,0 73.16952027396167,19.23610445711103,0 73.16938772500447,19.23615215187315,0 73.16924539262473,19.23619883558908,0 73.16919613549577,19.23620865684297,0 73.16904573205993,19.23623436075183,0 73.16893098168055,19.23627365149232,0 73.16888232034378,19.23627648119771,0 73.1686880969549,19.23628952853824,0 73.16853252235303,19.23655718899184,0 73.16854326139793,19.23663012469094,0 73.16850500035841,19.2366894706541,0 73.16832173749351,19.2368532448856,0 73.16802695782414,19.23714684853243,0 73.16755944161763,19.2376358998904,0 73.16753326653937,19.23768414094678,0 73.167388914989,19.23799479101736,0 73.16733211854505,19.23805486651172,0 73.16710135453437,19.23799836295763,0 73.16717935425557,19.23755186576493,0 73.16711287384774,19.23745852814077,0 73.16695712728242,19.23753154480015,0 73.16676112128863,19.23769976849907,0 73.16658720513338,19.23773641654035,0 73.16646301220281,19.23773768897849,0 73.16627841706404,19.23779909927569,0 73.16620242717529,19.23791642533355,0 73.16619988936225,19.23808092377555,0 73.166190226897,19.23821643629591,0 73.16617266628072,19.23827948027777,0 73.1661293883401,19.23831731709125,0 73.16586694757643,19.23830038550604,0 73.16571321467882,19.23825494625311,0 73.1654147495841,19.23817332935437,0 73.16522291443842,19.23811965454378,0 73.1650888171725,19.23808237600177,0 73.16497403408384,19.23805072504067,0 73.16475351322273,19.23801693978538,0 73.16468299342741,19.23795491470903,0 73.16471523899681,19.23781674174173,0 73.16477111325513,19.237604399932,0 73.16479434323553,19.23744441637692,0 73.16481768215871,19.23729927114752,0 73.16482153679809,19.23717810089724,0 73.16481091501302,19.23706831210574,0 73.16479316181072,19.23698405915753,0 73.16476544496985,19.23689707556683,0 73.16474114526524,19.23679919955562,0 73.16470017732577,19.23671081638431,0 73.16466319776838,19.23662043514741,0 73.1646250345474,19.23654084868822,0 73.16457805179095,19.23644498092326,0 73.16456437063235,19.23638166239219,0 73.16454603199394,19.23631973073668,0 73.1645330659412,19.23632443661036,0 73.16447169362803,19.23634295657552,0 73.16442222252368,19.23634158527312,0 73.16435114518069,19.23634718338621,0 73.1642794657262,19.23636392777821,0 73.16422254211068,19.23637385067748,0 73.16413034391742,19.23638485635157,0 73.16404334664091,19.23645081215642,0 73.16397461488694,19.23645548474771,0 73.1639293126759,19.23650014552473,0 73.16386916524419,19.23655381171085,0 73.16382259272234,19.2365997287789,0 73.16377195414839,19.2366786566984,0 73.16361816271882,19.23692791287061,0 73.16361461922411,19.23697997211122,0 73.16371560072498,19.23705273984871,0 73.16367627767052,19.23719457289759,0 73.1636595203215,19.2372189424656,0 73.1636208643949,19.23726809380949,0 73.16359497251611,19.23734316822797,0 73.16352830743094,19.23757688677642,0 73.16348120210449,19.23763015513934,0 73.16344070883908,19.23763027852838,0 73.16337692041117,19.23771015774493,0 73.16332536823289,19.23781546898603,0 73.16331643888722,19.23788135549206,0 73.16331986904267,19.23793928624964,0 73.1632221322678,19.23789352444509,0 73.16319130432615,19.23789673556746,0 73.16313568546859,19.23789995435566,0 73.16306445194375,19.23789675992717,0 73.16299018277464,19.23789036658256,0 73.16292831660643,19.23789678618077,0 73.1628725782972,19.2379000050635,0 73.16279478631637,19.2379161044204,0 73.16272968051722,19.23791588825706,0 73.16264305489825,19.23789927595119,0 73.16258119376974,19.23790210575394,0 73.16251619885971,19.23791778561624,0 73.16240226729859,19.23787863344997,0 73.16231665715796,19.23785905985824,0 73.16225592126662,19.23784290132948,0 73.16217140894146,19.23782041708842,0 73.16209599630562,19.23779955656387,0 73.1619806160958,19.23776930647242,0 73.16193830221063,19.23774715661626,0 73.16182890484302,19.23768877140634,0 73.1617317253516,19.23761739970932,0 73.1616796761455,19.23757183645235,0 73.16155909110932,19.23747556249984,0 73.16160810218179,19.23740213834779,0 
						</coordinates>
					</LinearRing>
				</outerBoundaryIs>
			</Polygon>
		</Placemark>
	</Document>
	<Document>
		<name>Ward no. 7.kml</name>
		<StyleMap id="m_ylw-pushpin02">
			<Pair>
				<key>normal</key>
				<styleUrl>#s_ylw-pushpin2</styleUrl>
			</Pair>
			<Pair>
				<key>highlight</key>
				<styleUrl>#s_ylw-pushpin_hl012</styleUrl>
			</Pair>
		</StyleMap>
		<Style id="s_ylw-pushpin2">
			<IconStyle>
				<scale>1.1</scale>
				<Icon>
					<href>http://maps.google.com/mapfiles/kml/pushpin/ylw-pushpin.png</href>
				</Icon>
				<hotSpot x="20" y="2" xunits="pixels" yunits="pixels"/>
			</IconStyle>
			<LineStyle>
				<color>ffffff00</color>
				<width>3</width>
			</LineStyle>
			<PolyStyle>
				<fill>0</fill>
			</PolyStyle>
		</Style>
		<Style id="s_ylw-pushpin_hl012">
			<IconStyle>
				<scale>1.3</scale>
				<Icon>
					<href>http://maps.google.com/mapfiles/kml/pushpin/ylw-pushpin.png</href>
				</Icon>
				<hotSpot x="20" y="2" xunits="pixels" yunits="pixels"/>
			</IconStyle>
			<LineStyle>
				<color>ffffff00</color>
				<width>3</width>
			</LineStyle>
			<PolyStyle>
				<fill>0</fill>
			</PolyStyle>
		</Style>
		<Placemark>
			<name>Ward no. 7</name>
			<description>Panel No.07
Census Ward Nos.:37,38,39,40</description>
			<styleUrl>#m_ylw-pushpin02</styleUrl>
			<Polygon>
				<tessellate>1</tessellate>
				<outerBoundaryIs>
					<LinearRing>
						<coordinates>
							73.17505657081564,19.23571953811445,0 73.17476736974511,19.2360061568999,0 73.17440095078675,19.23637981603145,0 73.17415089451423,19.23663475075173,0 73.17323584797496,19.2370614781723,0 73.1732534326318,19.23699369292892,0 73.17347996733412,19.23661340890444,0 73.17376059315787,19.23617886429084,0 73.1737944328263,19.23613303927085,0 73.17388947355005,19.23607913873433,0 73.1739510493905,19.23599364928439,0 73.17397944086301,19.23590559729909,0 73.1740188326979,19.23571648502384,0 73.17403219867697,19.23554465871364,0 73.17400330121356,19.23532265695338,0 73.17384761469371,19.23510050188806,0 73.17363949158022,19.23481163858688,0 73.17361592888886,19.23477311193298,0 73.17349062489649,19.23468647135517,0 73.17348195258164,19.23451371442478,0 73.17345739171729,19.23428828144673,0 73.17343409866687,19.23400496894227,0 73.17341166714503,19.23380542734499,0 73.17333822756763,19.23339756299239,0 73.17324494785194,19.23306664832141,0 73.17325742583276,19.23293212175896,0 73.17323280170153,19.23278081785957,0 73.17325081339271,19.23270480603101,0 73.17311704669495,19.23262280471304,0 73.17296842101258,19.23260496821094,0 73.17285567703392,19.23259524808462,0 73.17268829030344,19.23259405213365,0 73.17239559103155,19.23260542987594,0 73.17234877172831,19.232630680617,0 73.17228260134179,19.23268383527065,0 73.17212664606542,19.2327461524294,0 73.17198368119996,19.23281608103373,0 73.17181079352648,19.2329446568433,0 73.17170110273641,19.2330291649608,0 73.17154360150859,19.23321367070872,0 73.17145787656028,19.23337058839613,0 73.17104948086767,19.23341910158865,0 73.17105067939386,19.23314230478558,0 73.17105929361598,19.23284319137617,0 73.17108514174529,19.23267978047035,0 73.17114406068853,19.2323384103709,0 73.17120131752016,19.23199902946274,0 73.17098674213362,19.23190298005492,0 73.17079751208844,19.23205249112141,0 73.17065451970936,19.23215005807517,0 73.17060043722071,19.23218356101834,0 73.17051098985149,19.23221468902876,0 73.17038523717737,19.232286685469,0 73.17023190607638,19.23238262404432,0 73.17011736483168,19.2324649876096,0 73.17003548441797,19.23253865761323,0 73.16981622528144,19.23248405761715,0 73.16971349467708,19.23234654976713,0 73.16956486033715,19.23236002909606,0 73.16933415160899,19.23242617316566,0 73.16917006169535,19.232470401529,0 73.16901548264076,19.23247677200888,0 73.16878527628096,19.23256789526486,0 73.16858864156607,19.23202913212673,0 73.16843576036597,19.23161240113051,0 73.1683287947355,19.23132114315779,0 73.16824823956686,19.23103506876966,0 73.16812167214812,19.23059336178049,0 73.16797537587372,19.23008441632609,0 73.16789315890813,19.22980694456151,0 73.16784035346362,19.22963277052058,0 73.16781875247717,19.22956985770896,0 73.16787381596582,19.22954093393987,0 73.1679701382152,19.22951777654457,0 73.16805514458488,19.2295094137814,0 73.16811837594861,19.22949747159542,0 73.16823342070035,19.22947224963704,0 73.16831237654198,19.22946282369795,0 73.16840209233079,19.22944857678369,0 73.16849184790956,19.22945856839354,0 73.16864925237425,19.22945788639812,0 73.16875741376427,19.22943959718839,0 73.16892501830274,19.22944511410498,0 73.16939699649173,19.22937858627347,0 73.1697098187713,19.22933394715935,0 73.16978060506054,19.22938082117761,0 73.17000583309866,19.22944196349355,0 73.17005724638335,19.22955232557113,0 73.17015585137854,19.2296659052026,0 73.17019982613516,19.22970552961163,0 73.17024609292923,19.22976097632389,0 73.170309369541,19.22981612994603,0 73.17039718903648,19.22986878254852,0 73.17051300209745,19.22994680092302,0 73.17057980662672,19.2299338671797,0 73.17064795303632,19.22994912143957,0 73.17075639529899,19.22994861968173,0 73.17082808686038,19.22993761568587,0 73.1708698825603,19.22995471078136,0 73.17090844661868,19.2300205772151,0 73.17100016126406,19.22996886908599,0 73.17103473744602,19.22994437713617,0 73.17108586788065,19.22993859827509,0 73.17119258587189,19.22987254557217,0 73.17122997765529,19.22981920582572,0 73.17130641099699,19.22974587484726,0 73.17137739302029,19.22968943168359,0 73.17142455213143,19.22972693822583,0 73.17154175683962,19.22971753678758,0 73.17156305504417,19.22966058589298,0 73.1716302845513,19.22958912954585,0 73.17169120586254,19.22958583059232,0 73.17171251670433,19.22956652553133,0 73.17172410750889,19.2295521449035,0 73.17176425909277,19.22954603718326,0 73.17182406915981,19.22946987951013,0 73.17190101917062,19.22940721161061,0 73.17222536060292,19.22974806633246,0 73.17236636797386,19.22990359991742,0 73.1725575736977,19.23018362150999,0 73.17265052565078,19.2303202772846,0 73.17283423721972,19.23052662423061,0 73.1730583998151,19.23078099799134,0 73.17312285855023,19.23085276507603,0 73.17326973408872,19.23098548133311,0 73.1734451914101,19.23101649660805,0 73.17362559978369,19.2310192883163,0 73.17380744257578,19.2310174337206,0 73.17387046506238,19.23101738276528,0 73.17408768440596,19.23104271709192,0 73.17430291338144,19.23107285487301,0 73.1745450715142,19.2310784005718,0 73.17477584682369,19.23107283506865,0 73.17495499265073,19.23106978160024,0 73.17506155185842,19.23107550104747,0 73.17520983601965,19.23108867275943,0 73.17523715409322,19.23109243919233,0 73.17536449010036,19.23107816376837,0 73.17563394055078,19.23105638320179,0 73.17582956928045,19.23104746341689,0 73.17607684727761,19.23104713619629,0 73.17627811165335,19.23106028197197,0 73.17648025594788,19.23112397736218,0 73.17669960868922,19.23107255174858,0 73.17683054325462,19.23102469021961,0 73.17706140546602,19.2309346907083,0 73.17736908421428,19.23082082748973,0 73.17744432456328,19.2309834871973,0 73.17746288307893,19.23104319474385,0 73.17748553444339,19.23113483293949,0 73.17749245727124,19.23116400461837,0 73.17749053058797,19.23128666509499,0 73.17732295529393,19.23136908035015,0 73.17726003919422,19.23147298062123,0 73.17714770821127,19.23159881378601,0 73.17702870582306,19.23192904353858,0 73.17689403106277,19.23196708383966,0 73.17667348059537,19.23199962723437,0 73.17651412299723,19.23201998804183,0 73.17632127160572,19.23204048695559,0 73.17625028984742,19.23203603166402,0 73.17613005921311,19.23203060760865,0 73.17587575652651,19.23197065289589,0 73.17553980603907,19.23203587729712,0 73.17553960437817,19.23212256667487,0 73.17541735310948,19.23227334669299,0 73.17524144956597,19.23256425579992,0 73.17510323046736,19.2333776494505,0 73.17571230436354,19.23330000209166,0 73.17593672803858,19.23354320723384,0 73.17603341833761,19.23373971321476,0 73.1760533880805,19.23378895752905,0 73.17637806060364,19.23421506052566,0 73.17602435374074,19.2346358443972,0 73.17567704824178,19.23501563639182,0 73.17538507296045,19.23536297176145,0 73.17505657081564,19.23571953811445,0 
						</coordinates>
					</LinearRing>
				</outerBoundaryIs>
			</Polygon>
		</Placemark>
	</Document>
	<Document>
		<name>Ward no. 8.kml</name>
		<StyleMap id="m_ylw-pushpin03">
			<Pair>
				<key>normal</key>
				<styleUrl>#s_ylw-pushpin3</styleUrl>
			</Pair>
			<Pair>
				<key>highlight</key>
				<styleUrl>#s_ylw-pushpin_hl013</styleUrl>
			</Pair>
		</StyleMap>
		<Style id="s_ylw-pushpin3">
			<IconStyle>
				<scale>1.1</scale>
				<Icon>
					<href>http://maps.google.com/mapfiles/kml/pushpin/ylw-pushpin.png</href>
				</Icon>
				<hotSpot x="20" y="2" xunits="pixels" yunits="pixels"/>
			</IconStyle>
			<LineStyle>
				<color>ffffff00</color>
				<width>3</width>
			</LineStyle>
			<PolyStyle>
				<fill>0</fill>
			</PolyStyle>
		</Style>
		<Style id="s_ylw-pushpin_hl013">
			<IconStyle>
				<scale>1.3</scale>
				<Icon>
					<href>http://maps.google.com/mapfiles/kml/pushpin/ylw-pushpin.png</href>
				</Icon>
				<hotSpot x="20" y="2" xunits="pixels" yunits="pixels"/>
			</IconStyle>
			<LineStyle>
				<color>ffffff00</color>
				<width>3</width>
			</LineStyle>
			<PolyStyle>
				<fill>0</fill>
			</PolyStyle>
		</Style>
		<Placemark>
			<name>Ward no. 8</name>
			<description>Panel No.08
Census Wards Nos.:33,34,41,42</description>
			<styleUrl>#m_ylw-pushpin03</styleUrl>
			<Polygon>
				<tessellate>1</tessellate>
				<outerBoundaryIs>
					<LinearRing>
						<coordinates>
							73.1618246901771,19.23346106044339,0 73.16192176857676,19.23340764820012,0 73.1620012627065,19.23335451899111,0 73.16209839754505,19.23327350932233,0 73.16222966393623,19.23313873459985,0 73.16239586051761,19.23297819610783,0 73.1624961912329,19.23284340353964,0 73.16267086532352,19.23264976957057,0 73.16272796161935,19.23257860047178,0 73.16285084494852,19.23238367170435,0 73.16307624223037,19.23206457714932,0 73.16326258532867,19.23184131902118,0 73.16338634451456,19.23168842397037,0 73.16348304098194,19.23153583943057,0 73.16354360976671,19.23144541972246,0 73.16363995395854,19.23133262629319,0 73.16371022255052,19.23121715795267,0 73.1639175734889,19.23088958480463,0 73.16412111122146,19.23057740570196,0 73.16430118613395,19.2302930061099,0 73.16442221369319,19.23009953834797,0 73.16454735144582,19.22987255500903,0 73.16503431716639,19.22905114365522,0 73.16519812488684,19.22874917435822,0 73.16535996252277,19.2284923343379,0 73.16565607979526,19.22801068973865,0 73.16594069062025,19.22751101107133,0 73.16614208057517,19.22723753095198,0 73.16650749340137,19.22667749552547,0 73.16661873749675,19.22678529300396,0 73.16682255215191,19.22686259062371,0 73.1671793522703,19.22698397916221,0 73.16744619395436,19.22708407042624,0 73.16754386079002,19.22713251097215,0 73.16770685189471,19.22717848792991,0 73.16782060909433,19.22720727942739,0 73.16799881631928,19.22729840699772,0 73.16816101585893,19.22739590483419,0 73.16832168967984,19.22750220720848,0 73.1684885759028,19.22759822749939,0 73.16875081580916,19.22772893015907,0 73.16879737267811,19.22746262335846,0 73.16880065039729,19.22742125263417,0 73.16888774922707,19.22707053503071,0 73.16881192590395,19.22694472795322,0 73.16880737972087,19.22688194557317,0 73.1687651953803,19.22679943846169,0 73.16873657195322,19.22666694671338,0 73.16865941050943,19.22642797165037,0 73.1686235309047,19.2262364583515,0 73.16859329895435,19.22606208169277,0 73.16855490185553,19.22581951980427,0 73.1685328239474,19.22564514512603,0 73.16851991665537,19.22552869741705,0 73.16847526566451,19.22535239705066,0 73.16842921419205,19.2252085343363,0 73.16843797593428,19.22514494337877,0 73.16851287287993,19.22509048435696,0 73.16857214674364,19.22502425631247,0 73.16863700141352,19.22495238598267,0 73.16866021719697,19.22493301999933,0 73.16868622213896,19.22483591018959,0 73.16872904257961,19.22467122492363,0 73.16890255636585,19.22461439218705,0 73.16904714482885,19.22455973228766,0 73.16921223481155,19.2244834626322,0 73.16926110482471,19.22445445242619,0 73.16928392261899,19.22451089923697,0 73.16928710700282,19.22458834387147,0 73.16928683759993,19.22467468925266,0 73.16934400358579,19.22478746363528,0 73.16942581018826,19.22493753047008,0 73.16946676998218,19.22500218707395,0 73.16952817873853,19.22507121491164,0 73.16955773270308,19.22510461424002,0 73.16967762372174,19.22518203623448,0 73.16969670069498,19.2254512874773,0 73.16984978763134,19.22551239223306,0 73.16999739128801,19.22552667461509,0 73.17008868496816,19.22553204859535,0 73.17019629432758,19.22558222707937,0 73.1702251069924,19.2255981307846,0 73.17032102431416,19.22571314588831,0 73.17035912307388,19.22589408056361,0 73.17036827406878,19.22598482006552,0 73.17036069076953,19.22609696873695,0 73.1703560295732,19.226276949934,0 73.17035122000759,19.2264343945267,0 73.17034427041681,19.22662372785516,0 73.17041736495246,19.22674905287675,0 73.17062526637983,19.22692827065502,0 73.17086003138088,19.2271338272965,0 73.17101520451683,19.22723782226482,0 73.17110762891662,19.22730206550117,0 73.17136028248353,19.22750979559805,0 73.1715276355548,19.22765652183306,0 73.17155403859978,19.22797416803021,0 73.17158377796589,19.22821153768605,0 73.17158947909712,19.22837377582854,0 73.17160779858644,19.22858947106011,0 73.17161645253019,19.22875426822613,0 73.17163734419933,19.22888994616432,0 73.17168063490521,19.22905356582436,0 73.17171455474097,19.22914689360752,0 73.17190170882238,19.22942195579602,0 73.17183439241172,19.2294616306392,0 73.17177466330386,19.22953467780821,0 73.17172194072938,19.22955297596772,0 73.1716892123402,19.22959461716856,0 73.17163211608832,19.22958514906059,0 73.17157384349596,19.22963758621657,0 73.17153476545656,19.22971525121794,0 73.17146825654406,19.2297152596902,0 73.1714258696166,19.22973494454296,0 73.17136946502008,19.22969569951723,0 73.17123809084566,19.22979864496648,0 73.17116466767797,19.22988502923488,0 73.17107418879401,19.22994334162606,0 73.17103222530675,19.22994293206359,0 73.17091419151093,19.23001104433505,0 73.17087930230255,19.22997009449597,0 73.17083147466278,19.22993925356714,0 73.17073051104732,19.22994692318513,0 73.17058989776471,19.22993788314239,0 73.17050594177198,19.22994523582172,0 73.17040716349584,19.2298790671874,0 73.17032236910408,19.22983217927546,0 73.17027673446395,19.22979354472408,0 73.17025397264777,19.22977644719348,0 73.17019837968536,19.22970603129815,0 73.17013361714908,19.22964080222016,0 73.17008303799295,19.2295811534191,0 73.17002370500451,19.22949275117469,0 73.16999324163457,19.22944497926714,0 73.1697882873016,19.22938614889768,0 73.16972150188313,19.22933558923899,0 73.16954362433947,19.22935181490688,0 73.16933354080335,19.22937966001151,0 73.16903956198846,19.22942307003903,0 73.16892000607982,19.2294404029037,0 73.1688212212462,19.2294350234613,0 73.16876645174355,19.22943136417304,0 73.16868409256462,19.22944954109808,0 73.16860631563178,19.22945554262375,0 73.16851443770935,19.22945864485397,0 73.16844786530405,19.22945578844867,0 73.16839549205963,19.22945182377474,0 73.16828533204148,19.22946824905586,0 73.16811739310924,19.2294961073051,0 73.16801711591449,19.22951005408982,0 73.16791548466101,19.22952424763634,0 73.16781483432885,19.22955999866619,0 73.16784575556213,19.22962990065766,0 73.16786927845679,19.22973062877184,0 73.1679065598006,19.2298734549164,0 73.16793504777161,19.22993929449994,0 73.16795915448101,19.23003637251849,0 73.1679809083471,19.23012077900954,0 73.16800588611608,19.23018737067876,0 73.16803276646455,19.230289208844,0 73.16808567359158,19.23046499197876,0 73.16814149936735,19.23069639311074,0 73.16822214445452,19.23100508457975,0 73.16831114688726,19.2313222067652,0 73.16820965355514,19.23132235123441,0 73.16811975528721,19.23132533159814,0 73.1679296615325,19.23139295911447,0 73.16774567931975,19.23149136968183,0 73.16766337192942,19.2315349587212,0 73.1674740581679,19.23168226583338,0 73.16734673784809,19.23177171524392,0 73.16723053431465,19.23184766074842,0 73.16708393020365,19.23195042071771,0 73.16695422690742,19.23192394100937,0 73.16687775895591,19.23197626673917,0 73.16682847786056,19.23203643001422,0 73.16678643923366,19.23209296324704,0 73.16673692468312,19.23214783100865,0 73.16668784434538,19.232228577805,0 73.1665173824675,19.23226742375419,0 73.16640222291745,19.23229225034059,0 73.16628439271371,19.23232735877121,0 73.16621725893739,19.23235055741726,0 73.16612812708598,19.232395312926,0 73.16599537334488,19.23238735286549,0 73.16598760845868,19.23243579011279,0 73.1659884969712,19.23256104110289,0 73.16598091492686,19.23273901926237,0 73.16597546295334,19.23285367557937,0 73.16597131961252,19.232949196451,0 73.16593346660693,19.23310417184768,0 73.1659287785692,19.23313496989592,0 73.16590461095036,19.23321976392744,0 73.16583974974692,19.23341781534743,0 73.16576845975167,19.23364966666919,0 73.16567054019957,19.23393134644465,0 73.16582214499499,19.23395175443947,0 73.16591573656372,19.23396508913011,0 73.16607602806641,19.2340198954565,0 73.16613582686072,19.23397185836655,0 73.1661762749951,19.2339448020273,0 73.16623349905923,19.23391781255235,0 73.16633950543248,19.23390844210145,0 73.16637452444377,19.2338816299181,0 73.16639711928902,19.23384740707644,0 73.16649399706672,19.23382013533259,0 73.16653233849922,19.23380670098792,0 73.16674114445709,19.23382292316674,0 73.16694289503775,19.23384040980276,0 73.16699721915256,19.23385246044565,0 73.1669658191789,19.23393381601902,0 73.16697409734209,19.23398601142343,0 73.1669827524393,19.23404756819607,0 73.16699386491914,19.23409966297267,0 73.16699698068403,19.23412477245789,0 73.16702560850709,19.23416131216692,0 73.16703049881608,19.23423660921386,0 73.16702497825608,19.23432842982273,0 73.16702383658067,19.23437218862186,0 73.16704878790158,19.23442366178509,0 73.16706435586539,19.23450531672423,0 73.16708286946623,19.23460279135376,0 73.16709624771761,19.23469447367124,0 73.16711013444879,19.23483277578001,0 73.16712819237327,19.23493825341994,0 73.1671488638076,19.23500840476377,0 73.16716361503343,19.23518579989879,0 73.16684171638832,19.23525150169077,0 73.16666993267806,19.23527623224883,0 73.16659935385925,19.23529100574938,0 73.16638687281539,19.23534232386609,0 73.16620827724304,19.23535524503102,0 73.1659307770509,19.23535532927743,0 73.16569749389606,19.23535025266532,0 73.16554300510532,19.23531878941132,0 73.1653934123288,19.2352846184869,0 73.1652829159528,19.23527362292986,0 73.1652406531406,19.23527386441163,0 73.16514468121191,19.23523755720322,0 73.16499775145411,19.23520449849565,0 73.1648859987353,19.23501219457772,0 73.16479348450875,19.2348491322338,0 73.16474519972378,19.23479227763038,0 73.16468595770174,19.23472774976863,0 73.16464788649164,19.23468286604503,0 73.16463110370648,19.2346643144619,0 73.16453662487203,19.23459884905299,0 73.16442700455151,19.23451987343849,0 73.16434234020277,19.23446353355815,0 73.16428367828138,19.2344189797736,0 73.16418331229946,19.23434959006069,0 73.16408669256192,19.23428423832023,0 73.16401513868249,19.2342404437849,0 73.16398112649783,19.23421671848909,0 73.16390184564631,19.23418688895704,0 73.16380706590199,19.23414912226468,0 73.16371527513209,19.23411814341803,0 73.16357791413478,19.23408154997751,0 73.16342046641606,19.23403557526811,0 73.16314045088076,19.23395862857295,0 73.16301707860552,19.23392366417712,0 73.16292246644387,19.2338962715536,0 73.16287786048115,19.2338827006664,0 73.16274103711839,19.23386710081416,0 73.16267728343803,19.23384957053557,0 73.16262443276214,19.233838742922,0 73.16257818621689,19.23382092656658,0 73.16250487666377,19.23378866167155,0 73.16243266362339,19.23375434214751,0 73.16235729123879,19.23371323775988,0 73.16230150082185,19.23367748471287,0 73.16227263046946,19.23366100010481,0 73.16225021811022,19.23365166581657,0 73.16217744240416,19.23363560735164,0 73.16215038023203,19.23362873366581,0 73.16210001297209,19.23358959508979,0 73.16202647334337,19.23354246438172,0 73.16191604149188,19.23345731579978,0 73.1618246901771,19.23346106044339,0 
						</coordinates>
					</LinearRing>
				</outerBoundaryIs>
			</Polygon>
		</Placemark>
	</Document>
	<Document>
		<name>Ward no. 9.kml</name>
		<StyleMap id="m_ylw-pushpin04">
			<Pair>
				<key>normal</key>
				<styleUrl>#s_ylw-pushpin4</styleUrl>
			</Pair>
			<Pair>
				<key>highlight</key>
				<styleUrl>#s_ylw-pushpin_hl014</styleUrl>
			</Pair>
		</StyleMap>
		<Style id="s_ylw-pushpin4">
			<IconStyle>
				<scale>1.1</scale>
				<Icon>
					<href>http://maps.google.com/mapfiles/kml/pushpin/ylw-pushpin.png</href>
				</Icon>
				<hotSpot x="20" y="2" xunits="pixels" yunits="pixels"/>
			</IconStyle>
			<LineStyle>
				<color>ffffff00</color>
				<width>3</width>
			</LineStyle>
			<PolyStyle>
				<fill>0</fill>
			</PolyStyle>
		</Style>
		<Style id="s_ylw-pushpin_hl014">
			<IconStyle>
				<scale>1.3</scale>
				<Icon>
					<href>http://maps.google.com/mapfiles/kml/pushpin/ylw-pushpin.png</href>
				</Icon>
				<hotSpot x="20" y="2" xunits="pixels" yunits="pixels"/>
			</IconStyle>
			<LineStyle>
				<color>ffffff00</color>
				<width>3</width>
			</LineStyle>
			<PolyStyle>
				<fill>0</fill>
			</PolyStyle>
		</Style>
		<Placemark>
			<name>Ward no. 9</name>
			<description>Panel No.09
Census Ward Nos. 13,26,32</description>
			<styleUrl>#m_ylw-pushpin04</styleUrl>
			<Polygon>
				<tessellate>1</tessellate>
				<outerBoundaryIs>
					<LinearRing>
						<coordinates>
							73.15402062820991,19.2323177256492,0 73.15412749235914,19.23234884474024,0 73.15416909363852,19.23237104077909,0 73.15422057631498,19.23239505101453,0 73.15426015490578,19.23241788567623,0 73.15430774945159,19.23241720196732,0 73.15434737183297,19.23242278911121,0 73.15438250330084,19.2324133469188,0 73.15446638289588,19.23239429494281,0 73.15451589488632,19.23236983819707,0 73.15462071524483,19.23231066635946,0 73.15476744304115,19.23222347075295,0 73.15493685677605,19.23212944458921,0 73.15514874490205,19.23201149381104,0 73.1553146589514,19.2319063570637,0 73.15553266575111,19.23173321490909,0 73.15557389725356,19.23154249408366,0 73.15560415677714,19.231434279052,0 73.15564285268974,19.23132773801003,0 73.1557541388531,19.23103489075131,0 73.15578609632223,19.23064824637658,0 73.15581785240121,19.23055533771021,0 73.15584692090444,19.23045972436202,0 73.15588037038175,19.23033267437789,0 73.15589417560594,19.23029113439606,0 73.15600682967042,19.23004773200577,0 73.15604916304805,19.22987968694331,0 73.15606793852346,19.22985010177693,0 73.1561036676646,19.22977125751338,0 73.15611712704413,19.22968725365942,0 73.1561102303599,19.22962741482022,0 73.15609963306764,19.22957923407717,0 73.15609930308422,19.22953940661265,0 73.15608010574087,19.22949037361384,0 73.15604316151385,19.22939735146886,0 73.15624885120343,19.22930274851782,0 73.15642552272594,19.22922516633404,0 73.15662419816975,19.22913375901618,0 73.1568793645542,19.22902871670244,0 73.15702469804668,19.2289825948915,0 73.1571999673121,19.22893853811606,0 73.157430016105,19.22887326746414,0 73.15762733932414,19.22882392003662,0 73.15784099346487,19.22877904884863,0 73.15821468143753,19.22869056143376,0 73.15851685968698,19.22863191858818,0 73.15895200356691,19.22854911599123,0 73.15945005056672,19.22844679958562,0 73.1596141384953,19.22837263781557,0 73.15974045554744,19.22833726565192,0 73.16004044435306,19.22825428384273,0 73.16026602722134,19.2282007327855,0 73.16032505458226,19.22818548909113,0 73.16067799577135,19.22802763125681,0 73.16080711256194,19.22793224401524,0 73.16108874738448,19.22770134272432,0 73.16167851393637,19.2272191332345,0 73.16202295543192,19.22693986139886,0 73.16217677705183,19.22681725279382,0 73.16235145860703,19.22667614147777,0 73.16252718637787,19.22653793166164,0 73.16266927324736,19.22642797453147,0 73.1628232949196,19.22631916832389,0 73.16304748988162,19.22617071936094,0 73.16332626959901,19.22599404799449,0 73.16345678666478,19.22591904787864,0 73.16364829209435,19.22580740903214,0 73.16385326097132,19.22569519703075,0 73.16395438429052,19.22564223260285,0 73.16405982715477,19.22558730408105,0 73.16419355084744,19.2255269076563,0 73.16428028439671,19.2254800117939,0 73.16436675886887,19.22543685822679,0 73.16462645109438,19.22528772925242,0 73.16487877709395,19.22515068860183,0 73.16504709413246,19.22506128849695,0 73.16523120502468,19.22496590533548,0 73.16538656264062,19.22488107778386,0 73.16574597532166,19.22470072944216,0 73.16597965921751,19.22457525715306,0 73.16619355360298,19.22447173186691,0 73.16634833709082,19.22439339550093,0 73.166507655232,19.22431077402485,0 73.16674664035317,19.22418017084727,0 73.1670492992701,19.22400896126365,0 73.16718088186154,19.22394118058143,0 73.16731406592301,19.22387799743619,0 73.16743457109932,19.22382089670724,0 73.1676798148078,19.22367831124577,0 73.16795029790394,19.2235271516169,0 73.16812439314678,19.22343613810146,0 73.16837180477307,19.22327807449438,0 73.16869526122274,19.22307043448898,0 73.168860652828,19.22348432743448,0 73.1688771440672,19.22353376764833,0 73.1689135405372,19.2236616228647,0 73.16894816779654,19.22377914657651,0 73.16897528774015,19.22383397558021,0 73.16903799892985,19.22395096344292,0 73.16908238119595,19.22404429365678,0 73.16909701483321,19.22406979063549,0 73.16915324992458,19.22424620030598,0 73.16915884465608,19.22425823361241,0 73.16925816247037,19.22445728869845,0 73.1689494349214,19.2246028278671,0 73.16873265925591,19.22466318553154,0 73.16865187627454,19.22494026136052,0 73.16859977677693,19.22500049095315,0 73.16854806360696,19.22505687782924,0 73.16847926658544,19.22511500289727,0 73.16843270146924,19.22515247957446,0 73.1684353723856,19.2252175521625,0 73.1684481396132,19.22526885898757,0 73.1685040000542,19.22544383161657,0 73.16852524549134,19.22553887012492,0 73.16852584769012,19.22556468537184,0 73.16853571496426,19.22566160423686,0 73.16855678696943,19.22584801397925,0 73.16859418566197,19.22604286443555,0 73.16861710545913,19.2261958269162,0 73.16864339954989,19.22632475348758,0 73.1686517358832,19.22639496494504,0 73.16867778810574,19.22647740666668,0 73.16872105803969,19.22661406793425,0 73.16874792880746,19.22670283288505,0 73.168772485164,19.22681173682038,0 73.16880889942873,19.22686670287937,0 73.16881830074986,19.22695401033785,0 73.16888340338255,19.22705538391089,0 73.1688764436979,19.22709951348823,0 73.16886567652021,19.2271655262998,0 73.1688422563046,19.22727409531481,0 73.1687953329584,19.22745289272631,0 73.16877183039696,19.2275771717187,0 73.16875889353429,19.22772332396484,0 73.16873922697513,19.22772524320199,0 73.16860696374796,19.22766560377859,0 73.16848100854678,19.22759832686564,0 73.16836672368927,19.22753488642528,0 73.16825834777377,19.2274642795561,0 73.1681813650234,19.22741203301657,0 73.16807543363291,19.22733358527696,0 73.16798094814916,19.22729040520704,0 73.16788275099961,19.22723291382099,0 73.16783624118192,19.22721181177969,0 73.16776779127184,19.2271916555612,0 73.16765287250473,19.22715916245919,0 73.16753918160774,19.22712599555405,0 73.16748633438166,19.22710309503125,0 73.16736909701257,19.2270519774004,0 73.16726279712785,19.22701325902536,0 73.16715214842763,19.22697569028735,0 73.16706710051351,19.22694277244571,0 73.16694630387506,19.22690146576076,0 73.16684167521389,19.22686642091854,0 73.16675802942549,19.22683730231165,0 73.16665475694651,19.22679707337759,0 73.16661156067077,19.22677620219159,0 73.16650824515477,19.22668206440713,0 73.1664057471787,19.22682565358844,0 73.16630320175926,19.22697496077863,0 73.16624624704926,19.22706910486958,0 73.16620004256124,19.22714190777535,0 73.16614593191632,19.22721953397208,0 73.16604508625343,19.22736595128881,0 73.16595195423243,19.22750273451686,0 73.16592147700355,19.22755469847461,0 73.16576325738006,19.22781650326384,0 73.16557174163921,19.2281282149097,0 73.16542995051893,19.22835537122759,0 73.16531890648572,19.22855831746759,0 73.16514546356589,19.22888169998916,0 73.16512623898433,19.22887807416701,0 73.16505794431335,19.22898064670956,0 73.16497443906384,19.2291450603485,0 73.16491660058217,19.22924858746808,0 73.16484933866116,19.2293605972738,0 73.16477116322466,19.2294834804033,0 73.16470557880761,19.22958683025651,0 73.16462291621698,19.22971908259463,0 73.16456138407204,19.22983686694819,0 73.16443478555026,19.23008174533779,0 73.16439424520269,19.23014297705366,0 73.16427862265112,19.23032094642706,0 73.16416177562246,19.23050351708558,0 73.16401273832685,19.23073697007645,0 73.16387478242109,19.23095038806442,0 73.16372598137505,19.23119347396191,0 73.16364704749741,19.23132460772412,0 73.16360532068175,19.23136523037978,0 73.16353554837367,19.23144718457406,0 73.16347268317764,19.23155113818748,0 73.16342313491961,19.2316495552011,0 73.16339043879118,19.23168669757655,0 73.16328359970112,19.23181475868844,0 73.1631181768465,19.23202048948586,0 73.16295808555199,19.23222903238991,0 73.16285864681052,19.23237250969359,0 73.16273906479465,19.2325591566558,0 73.16263915227549,19.23268321412008,0 73.1624967016468,19.23285493114195,0 73.16238913802435,19.23297407833224,0 73.16225418444213,19.2331087652464,0 73.16210311575379,19.23324130679449,0 73.16203298556364,19.23331646166781,0 73.16198362254127,19.23336324760104,0 73.16194841634706,19.23338337394165,0 73.16183073697299,19.23343733013916,0 73.16174746215341,19.23340029872423,0 73.16163166581953,19.2333346108844,0 73.16142936417042,19.23323620650529,0 73.16124293812315,19.23312621653185,0 73.16102463962895,19.23302945816714,0 73.16082727389716,19.23295246126184,0 73.16065626177367,19.23289129386348,0 73.1604847368928,19.23283383532691,0 73.16033791350588,19.23280436990571,0 73.16021107243739,19.23280685678997,0 73.1600958520046,19.23280947428771,0 73.1600383622503,19.23280880932586,0 73.15981169660465,19.23280586195477,0 73.15957357476651,19.23281517427593,0 73.15933450889854,19.2328165904045,0 73.15926608551368,19.2327920958045,0 73.15892961553362,19.23264101974677,0 73.15873161276636,19.23252640358175,0 73.15855810790158,19.23242331061929,0 73.15840575658133,19.23230851162308,0 73.1582581326322,19.23220949284772,0 73.15813787328794,19.23212972124987,0 73.15806845085852,19.23212924400537,0 73.15796971111114,19.23212423811641,0 73.15788270326567,19.23207375855074,0 73.15785516877634,19.23201509714484,0 73.15780116373776,19.23197015731207,0 73.15774417939883,19.23191775162983,0 73.15768848125977,19.23185026623524,0 73.15761839440631,19.23179992204233,0 73.1575315040859,19.23173521241801,0 73.15745226037248,19.2316942728632,0 73.15740168414663,19.23163426111507,0 73.15734387107626,19.23158947861835,0 73.15707374712416,19.23175305070294,0 73.15683045275405,19.23188581103883,0 73.15666035797042,19.23197589270319,0 73.15652252105561,19.23199340371614,0 73.15637200550201,19.23203125207407,0 73.15619509079797,19.23212856358843,0 73.15599666610893,19.23226713814931,0 73.1559083897863,19.23236069740179,0 73.15567121850488,19.23258880120606,0 73.15546260287849,19.23281411486208,0 73.15526329092464,19.23305066019706,0 73.15507173743698,19.23323370368893,0 73.15490229354388,19.23336504673623,0 73.15474874260855,19.23355991060063,0 73.15450575398968,19.23381120496665,0 73.15441255813758,19.23393099502891,0 73.15433791150596,19.23399189799455,0 73.15425855617812,19.23407700361802,0 73.15418205417875,19.23409507126803,0 73.15403841930758,19.23408152467041,0 73.15387740227683,19.23405900363697,0 73.15369747150014,19.23401676459491,0 73.15364238802016,19.23401707788502,0 73.15355625308048,19.23396593990796,0 73.15350802721021,19.23388253747655,0 73.15351476520759,19.23379528432848,0 73.153507869991,19.23363178196166,0 73.15349444722538,19.23342959509591,0 73.15346596680513,19.23313304770028,0 73.15343940577323,19.23283004974485,0 73.15344133191705,19.23262427140796,0 73.15343550871347,19.23237970903467,0 73.15402062820991,19.2323177256492,0 
						</coordinates>
					</LinearRing>
				</outerBoundaryIs>
			</Polygon>
		</Placemark>
	</Document>
	<Document>
		<name>Ward no. 10.kml</name>
		<StyleMap id="m_ylw-pushpin05">
			<Pair>
				<key>normal</key>
				<styleUrl>#s_ylw-pushpin5</styleUrl>
			</Pair>
			<Pair>
				<key>highlight</key>
				<styleUrl>#s_ylw-pushpin_hl015</styleUrl>
			</Pair>
		</StyleMap>
		<Style id="s_ylw-pushpin5">
			<IconStyle>
				<scale>1.1</scale>
				<Icon>
					<href>http://maps.google.com/mapfiles/kml/pushpin/ylw-pushpin.png</href>
				</Icon>
				<hotSpot x="20" y="2" xunits="pixels" yunits="pixels"/>
			</IconStyle>
			<LineStyle>
				<color>ffffff00</color>
				<width>3</width>
			</LineStyle>
			<PolyStyle>
				<fill>0</fill>
			</PolyStyle>
		</Style>
		<Style id="s_ylw-pushpin_hl015">
			<IconStyle>
				<scale>1.3</scale>
				<Icon>
					<href>http://maps.google.com/mapfiles/kml/pushpin/ylw-pushpin.png</href>
				</Icon>
				<hotSpot x="20" y="2" xunits="pixels" yunits="pixels"/>
			</IconStyle>
			<LineStyle>
				<color>ffffff00</color>
				<width>3</width>
			</LineStyle>
			<PolyStyle>
				<fill>0</fill>
			</PolyStyle>
		</Style>
		<Placemark>
			<name>Ward no. 10</name>
			<description>Panel No. 10
Census Ward Nos.:10,11,28,29P</description>
			<styleUrl>#m_ylw-pushpin05</styleUrl>
			<Polygon>
				<tessellate>1</tessellate>
				<outerBoundaryIs>
					<LinearRing>
						<coordinates>
							73.14702804268954,19.23503717247484,0 73.14693356829039,19.23471992706181,0 73.14683334509375,19.23432175704103,0 73.1466893149677,19.23394678749914,0 73.14654881181151,19.23358667285021,0 73.14644579799084,19.23332246549392,0 73.14634667703295,19.23310855408542,0 73.14606357466911,19.23244628495341,0 73.14602775398217,19.23196150384488,0 73.14594233176179,19.23116385431504,0 73.14621747844224,19.23094793366021,0 73.14650911709877,19.23069526178391,0 73.14688782025965,19.23033386516148,0 73.14716456674297,19.23007228103067,0 73.14755074249383,19.22975706345516,0 73.14827467230614,19.22917074041423,0 73.14889458285565,19.22867315094379,0 73.14929973437482,19.22834938102848,0 73.1496040016138,19.22807219864499,0 73.14980026203813,19.22789612357193,0 73.1500557390525,19.22767170080499,0 73.15053767298684,19.22727829642799,0 73.15089297803088,19.22700048890168,0 73.1515419095691,19.22652263973246,0 73.15185686379689,19.22628758424402,0 73.15355073741084,19.2251215324002,0 73.15457693915518,19.22442186750234,0 73.15484372279573,19.22420301930497,0 73.1552036500433,19.22396334159162,0 73.155458852509,19.22380433871809,0 73.15554933482417,19.22371263687457,0 73.1556799667763,19.22362210894688,0 73.15579892185217,19.22356524317178,0 73.15605810788507,19.22341077524032,0 73.15639064977293,19.22366395167114,0 73.15654232638087,19.2237348372594,0 73.1567077102946,19.22387721087862,0 73.15684582456396,19.22429465415498,0 73.15704119323601,19.22466086102466,0 73.15727683220389,19.22507650597358,0 73.15753046487234,19.22541344560549,0 73.15758454118365,19.22548834193397,0 73.15766010053085,19.22579264368372,0 73.15760862654105,19.22633804906446,0 73.15705721020174,19.22777240388577,0 73.15673503768116,19.22848812922936,0 73.15677519682789,19.22862658573157,0 73.15691826081262,19.22899782115877,0 73.15624232517395,19.22929692155702,0 73.15571694529321,19.22952684944235,0 73.15525643991852,19.22972929410673,0 73.15493955519332,19.22989417914807,0 73.15447956921695,19.23015236118284,0 73.15406979544269,19.23037451238558,0 73.15404785580016,19.23042828069613,0 73.1535908974399,19.23075248524258,0 73.15328518635583,19.2309938247879,0 73.15285607850926,19.23128820687315,0 73.15253419757801,19.2315080077119,0 73.1521495174492,19.23180339355469,0 73.15155992650355,19.23223534345081,0 73.1509670878998,19.23264516470723,0 73.1502347649854,19.23314267714265,0 73.14966317291564,19.23354300530092,0 73.14889180722339,19.2340499535595,0 73.14826956868434,19.234432392366,0 73.14775258149369,19.23474581668075,0 73.14702804268954,19.23503717247484,0 
						</coordinates>
					</LinearRing>
				</outerBoundaryIs>
			</Polygon>
		</Placemark>
	</Document>
	<Document>
		<name>Ward no. 11.kml</name>
		<StyleMap id="m_ylw-pushpin000">
			<Pair>
				<key>normal</key>
				<styleUrl>#s_ylw-pushpin10</styleUrl>
			</Pair>
			<Pair>
				<key>highlight</key>
				<styleUrl>#s_ylw-pushpin_hl000</styleUrl>
			</Pair>
		</StyleMap>
		<Style id="s_ylw-pushpin10">
			<IconStyle>
				<scale>1.1</scale>
				<Icon>
					<href>http://maps.google.com/mapfiles/kml/pushpin/ylw-pushpin.png</href>
				</Icon>
				<hotSpot x="20" y="2" xunits="pixels" yunits="pixels"/>
			</IconStyle>
			<LineStyle>
				<color>ffffff00</color>
				<width>3</width>
			</LineStyle>
			<PolyStyle>
				<fill>0</fill>
			</PolyStyle>
		</Style>
		<Style id="s_ylw-pushpin_hl000">
			<IconStyle>
				<scale>1.3</scale>
				<Icon>
					<href>http://maps.google.com/mapfiles/kml/pushpin/ylw-pushpin.png</href>
				</Icon>
				<hotSpot x="20" y="2" xunits="pixels" yunits="pixels"/>
			</IconStyle>
			<LineStyle>
				<color>ffffff00</color>
				<width>3</width>
			</LineStyle>
			<PolyStyle>
				<fill>0</fill>
			</PolyStyle>
		</Style>
		<Placemark>
			<name>Ward no. 11</name>
			<description>Panel No.11
Census Ward Nos.:27,30,31,46</description>
			<styleUrl>#m_ylw-pushpin000</styleUrl>
			<Polygon>
				<tessellate>1</tessellate>
				<outerBoundaryIs>
					<LinearRing>
						<coordinates>
							73.15766183664086,19.2220571032475,0 73.15806150242541,19.22172401759418,0 73.15827779357156,19.22139792813061,0 73.1584313562367,19.22116872281461,0 73.15860020334111,19.22102019653192,0 73.15885023219123,19.22080289311543,0 73.15903071383421,19.22064663569953,0 73.15922833501804,19.22047385960702,0 73.15936797945233,19.22034489432229,0 73.15949051644806,19.22024573997657,0 73.15964188703335,19.2201100885419,0 73.15976223431375,19.22000351168695,0 73.15985159502718,19.21992565601103,0 73.15997325185978,19.21983257635638,0 73.16008862994717,19.21974397227366,0 73.16020324639902,19.21965494317716,0 73.16031316849866,19.21957282077838,0 73.1603746618697,19.21952890658381,0 73.16057786639371,19.21941657248502,0 73.16109783797287,19.21912098371223,0 73.16149959833761,19.21889684780703,0 73.16175796895416,19.21875017637217,0 73.16202470966537,19.21860096166535,0 73.16225839771413,19.21847025163488,0 73.16263200290767,19.21826044632168,0 73.16310446041416,19.21799590685611,0 73.16330079537076,19.21833234356829,0 73.16350583952944,19.21866944696925,0 73.16359771968993,19.21883108511219,0 73.16364447499274,19.21901098688734,0 73.16381911033331,19.21899247702684,0 73.16389528072466,19.21919042737997,0 73.16393842225759,19.21928347185812,0 73.16414300507964,19.21920258953126,0 73.16424423674712,19.21911315850137,0 73.16443398688119,19.21919408293383,0 73.16462921496867,19.2192849613883,0 73.16476430631431,19.21934002123559,0 73.1648734635,19.21937948893613,0 73.16494325644896,19.21940842914127,0 73.16508649616559,19.21945665366115,0 73.1652195282722,19.21950769250787,0 73.16534486157778,19.21955421159465,0 73.1653950320178,19.21957055837828,0 73.16549766093715,19.21959861989744,0 73.16564944538707,19.21963009818246,0 73.16572630689286,19.21973311030474,0 73.16578396324215,19.21980549491286,0 73.16587445795878,19.21990697527361,0 73.16596618056967,19.21999229574502,0 73.16606486104199,19.22006820477837,0 73.16620666238148,19.22018963802596,0 73.1663882951772,19.22024169769789,0 73.16650238907549,19.22028745055253,0 73.16662936559629,19.22033613890984,0 73.16678165806404,19.22040524791706,0 73.16648453279475,19.22053886038797,0 73.16626018229883,19.2206227864204,0 73.16603238744673,19.22073610200804,0 73.16579729917069,19.22082344905306,0 73.16550505542163,19.22094276431976,0 73.16544853248527,19.22097807848705,0 73.16531951707832,19.22104907932078,0 73.16547005480176,19.22120968994078,0 73.16550590280265,19.22123373507598,0 73.16555761628189,19.22126596790149,0 73.16558884285594,19.22129652860569,0 73.16562304215833,19.22133264540732,0 73.16565510679217,19.22137997214281,0 73.16570151044385,19.22145248478159,0 73.16573687377033,19.22147108418002,0 73.16577790903519,19.22149245551444,0 73.16577950889761,19.22169316557125,0 73.16581394013093,19.22179475418145,0 73.16560963657021,19.22186761797559,0 73.16557578926682,19.22192447758456,0 73.16555333002864,19.22194928611624,0 73.16559566218926,19.22198221803724,0 73.16548196500251,19.22233300549071,0 73.16541163517184,19.22257996067993,0 73.16529315196115,19.22257395057658,0 73.16518636113365,19.22278112118117,0 73.16514498542992,19.2228269094935,0 73.16513794355548,19.22286309504636,0 73.16510590258295,19.22296631938865,0 73.16506039882123,19.22308225016667,0 73.1650715615388,19.22313347572499,0 73.16505661128738,19.22318034311575,0 73.16506495905665,19.22324130092517,0 73.16507667543112,19.2233769730143,0 73.16507196220368,19.22350957052193,0 73.16496370771688,19.22352205224001,0 73.16496749174462,19.22366166611178,0 73.16493848768965,19.22373693731926,0 73.16492863590143,19.22378907616587,0 73.16488920256936,19.22396710691006,0 73.16484761644095,19.22420413426966,0 73.16481084684406,19.22427691113556,0 73.16480085668167,19.22440951694745,0 73.1647763917038,19.22466754001625,0 73.16474809406085,19.22469317973519,0 73.1646997659746,19.22481825213454,0 73.16491774585408,19.2251342413721,0 73.16419361023628,19.22552613196558,0 73.16359058626176,19.22583356329886,0 73.16309981787771,19.22613380231047,0 73.16271136959951,19.22639975706514,0 73.16253598770798,19.22652130388747,0 73.16234516811747,19.22667959805766,0 73.16211267984781,19.22686763906491,0 73.16168683516366,19.22721453335863,0 73.16150576199871,19.2273690119706,0 73.16122112903412,19.22759222124703,0 73.16098117138466,19.22778435671889,0 73.16079193865686,19.22793427140996,0 73.16065877934392,19.22802541348007,0 73.16033747859288,19.22818918125974,0 73.16005730495041,19.22826126914552,0 73.15970036124475,19.22834517780241,0 73.15947472303169,19.22843587501174,0 73.15934304176875,19.22846709980052,0 73.15876430323148,19.2285798937258,0 73.15829521940934,19.22867019574565,0 73.15775378073243,19.22879418901324,0 73.15693029562054,19.22901473690583,0 73.15677601196219,19.2286317348111,0 73.15674514298925,19.22853811364078,0 73.15673169813775,19.22848129131926,0 73.15695947758304,19.22797138945718,0 73.1571797963953,19.22747851771801,0 73.15739563695544,19.22691761237008,0 73.15760677139936,19.22628080922006,0 73.15764833530001,19.22578795065169,0 73.15757664024709,19.22546376372058,0 73.15729093854728,19.22509599287575,0 73.15703710275798,19.22463972886385,0 73.15684630567189,19.22429402624147,0 73.15670004700355,19.22385213630168,0 73.15650041755096,19.22373434116284,0 73.15602973808898,19.22340239963766,0 73.15766183664086,19.2220571032475,0 
						</coordinates>
					</LinearRing>
				</outerBoundaryIs>
			</Polygon>
		</Placemark>
	</Document>
	<Document>
		<name>Ward no. 12.kml</name>
		<StyleMap id="m_ylw-pushpin06">
			<Pair>
				<key>normal</key>
				<styleUrl>#s_ylw-pushpin6</styleUrl>
			</Pair>
			<Pair>
				<key>highlight</key>
				<styleUrl>#s_ylw-pushpin_hl016</styleUrl>
			</Pair>
		</StyleMap>
		<Style id="s_ylw-pushpin6">
			<IconStyle>
				<scale>1.1</scale>
				<Icon>
					<href>http://maps.google.com/mapfiles/kml/pushpin/ylw-pushpin.png</href>
				</Icon>
				<hotSpot x="20" y="2" xunits="pixels" yunits="pixels"/>
			</IconStyle>
			<LineStyle>
				<color>ffffff00</color>
				<width>3</width>
			</LineStyle>
			<PolyStyle>
				<fill>0</fill>
			</PolyStyle>
		</Style>
		<Style id="s_ylw-pushpin_hl016">
			<IconStyle>
				<scale>1.3</scale>
				<Icon>
					<href>http://maps.google.com/mapfiles/kml/pushpin/ylw-pushpin.png</href>
				</Icon>
				<hotSpot x="20" y="2" xunits="pixels" yunits="pixels"/>
			</IconStyle>
			<LineStyle>
				<color>ffffff00</color>
				<width>3</width>
			</LineStyle>
			<PolyStyle>
				<fill>0</fill>
			</PolyStyle>
		</Style>
		<Placemark>
			<name>Ward no. 12</name>
			<description>Panel No.12
Census Ward Nos.:43,44,45,54</description>
			<styleUrl>#m_ylw-pushpin06</styleUrl>
			<Polygon>
				<tessellate>1</tessellate>
				<outerBoundaryIs>
					<LinearRing>
						<coordinates>
							73.16564535770692,19.21962624262495,0 73.16547512069864,19.21959339818006,0 73.16518855156743,19.21948710928025,0 73.16488182973782,19.21939236724294,0 73.16466241857017,19.21929897576272,0 73.16424748214786,19.21911767707962,0 73.16413898322085,19.21920049129172,0 73.16392875175323,19.2192931756139,0 73.16381470558821,19.21899017460397,0 73.16364411896539,19.21900458832938,0 73.16359184717849,19.21882424520916,0 73.16312423490118,19.21802315521579,0 73.16340817659304,19.21787711009262,0 73.16376612501067,19.21761291175759,0 73.16427575297649,19.21723521081029,0 73.164430409679,19.21712098253996,0 73.16471321338767,19.21691149472803,0 73.16497177405259,19.21672136431455,0 73.16502282444955,19.21667317159437,0 73.16511339042353,19.21657349523193,0 73.16529689170927,19.21636200577117,0 73.16546876375564,19.21617632108146,0 73.16566391857172,19.21598365022289,0 73.16589436749628,19.21577541960244,0 73.16615555175498,19.21552879404552,0 73.16633031024341,19.21537003858097,0 73.166568221142,19.21518833107428,0 73.16675330355025,19.21504945182153,0 73.16705401509523,19.2148171780684,0 73.16749317492383,19.21470816992929,0 73.16778576738773,19.21463713259675,0 73.16811958412488,19.21455480043351,0 73.16832247202355,19.21450463364297,0 73.16858747831769,19.21442139979075,0 73.16885516248601,19.21434041744112,0 73.16903724047404,19.21428290905496,0 73.16913892524302,19.21425639434538,0 73.16921767576018,19.21421839050095,0 73.16938540238647,19.21420196313488,0 73.16958470269481,19.214181020892,0 73.17004522910467,19.21414052762822,0 73.17033129318979,19.21412247030919,0 73.17049390070842,19.21411199134073,0 73.17074789721781,19.21408819163081,0 73.17120830893516,19.21404130163167,0 73.17170023677996,19.21400047567563,0 73.1722635149893,19.21397155753549,0 73.17274373752299,19.21394635601626,0 73.17321579579318,19.21392579757189,0 73.17355488405479,19.2139104661064,0 73.1734398400833,19.21419696606879,0 73.17333929539905,19.21444655313126,0 73.17322955283647,19.21491770643815,0 73.17314249286946,19.21531238878751,0 73.17306794908382,19.21565419716246,0 73.17301233941521,19.21593118106272,0 73.17295049272333,19.21618122653587,0 73.17268853201517,19.21693680209703,0 73.17188174351972,19.21736124951234,0 73.17123357568244,19.21723303712284,0 73.17083680655112,19.21795906724228,0 73.17075145145282,19.21886615787369,0 73.17068598275573,19.21948611961537,0 73.17075641604058,19.22012251276381,0 73.17090564103181,19.22022271075672,0 73.17100177948699,19.22051886827457,0 73.17079672021303,19.22078287435858,0 73.17092490975982,19.22152443832722,0 73.16913895183319,19.22272949342496,0 73.16871110248002,19.22306459846831,0 73.16781113022861,19.22362184773962,0 73.16735394728119,19.22385399659443,0 73.16678861753438,19.22415248511404,0 73.16626861097635,19.22444223055458,0 73.16597082684294,19.22460209061641,0 73.16553059825829,19.2248034405546,0 73.1652243171127,19.22496890167718,0 73.16491843145097,19.22512987009694,0 73.16470684119533,19.22482318133611,0 73.16473000440622,19.22472046906994,0 73.16478787585068,19.22466299222308,0 73.16478421588566,19.22451010339229,0 73.164806930924,19.2243224429786,0 73.16482852837474,19.22423735454066,0 73.1648581876256,19.22419548344081,0 73.1648602010315,19.22409975691573,0 73.16491944840213,19.22384080795473,0 73.16494216388622,19.22371944750256,0 73.16496745048977,19.22366851196456,0 73.16496504150406,19.22351873802477,0 73.16506807759939,19.22350757505324,0 73.16508452422985,19.22344108591306,0 73.16506855067814,19.22335351594316,0 73.16506083345769,19.22325206469896,0 73.16506304310118,19.22321188025347,0 73.16506943403816,19.22314574166001,0 73.16506319144979,19.22308137389357,0 73.16513953536415,19.2228684240386,0 73.16514856291278,19.22281943903015,0 73.1651818895924,19.22278915467157,0 73.16529795257163,19.22256774436572,0 73.16541447457971,19.22258314515191,0 73.16552342339942,19.2221871633315,0 73.16559644132701,19.2219738901057,0 73.165556137639,19.22195011023597,0 73.16560908867626,19.22186638445199,0 73.16581196829723,19.22179053221723,0 73.16578157749606,19.22169507543043,0 73.16577560130641,19.22160329400709,0 73.16577745921599,19.22149391579453,0 73.16570185188075,19.22145409615502,0 73.16563493020979,19.2213473476151,0 73.16559179909156,19.22129722950259,0 73.16556113095159,19.22126684231467,0 73.16547899166044,19.22122261291288,0 73.1654284829518,19.22116533664201,0 73.165388558564,19.22111626271628,0 73.16532167977442,19.22105035569827,0 73.16549036499767,19.22095189394351,0 73.16561478682992,19.22089591407972,0 73.16570975374086,19.2208487865265,0 73.16589584519697,19.22078902412045,0 73.16610276157063,19.22070247289577,0 73.16634558313494,19.22059220196694,0 73.1665655610086,19.22051080117754,0 73.16677593282171,19.22040739740768,0 73.16664220436655,19.22034680623285,0 73.16651240413326,19.22028614668349,0 73.16637585318185,19.22023753316645,0 73.16621748997096,19.22018857393482,0 73.16609149183334,19.22009052561882,0 73.16601996825044,19.22003593673293,0 73.16596050392971,19.21999430973855,0 73.16588213429425,19.21991084184995,0 73.16580520545476,19.21982368945661,0 73.16565343045842,19.21961484308952,0 73.16564535770692,19.21962624262495,0 
						</coordinates>
					</LinearRing>
				</outerBoundaryIs>
			</Polygon>
		</Placemark>
	</Document>
	<Document>
		<name>Ward no. 13.kml</name>
		<StyleMap id="m_ylw-pushpin001">
			<Pair>
				<key>normal</key>
				<styleUrl>#s_ylw-pushpin100</styleUrl>
			</Pair>
			<Pair>
				<key>highlight</key>
				<styleUrl>#s_ylw-pushpin_hl00</styleUrl>
			</Pair>
		</StyleMap>
		<Style id="s_ylw-pushpin100">
			<IconStyle>
				<scale>1.1</scale>
				<Icon>
					<href>http://maps.google.com/mapfiles/kml/pushpin/ylw-pushpin.png</href>
				</Icon>
				<hotSpot x="20" y="2" xunits="pixels" yunits="pixels"/>
			</IconStyle>
			<LineStyle>
				<color>ffffff00</color>
				<width>3</width>
			</LineStyle>
			<PolyStyle>
				<fill>0</fill>
			</PolyStyle>
		</Style>
		<Style id="s_ylw-pushpin_hl00">
			<IconStyle>
				<scale>1.3</scale>
				<Icon>
					<href>http://maps.google.com/mapfiles/kml/pushpin/ylw-pushpin.png</href>
				</Icon>
				<hotSpot x="20" y="2" xunits="pixels" yunits="pixels"/>
			</IconStyle>
			<LineStyle>
				<color>ffffff00</color>
				<width>3</width>
			</LineStyle>
			<PolyStyle>
				<fill>0</fill>
			</PolyStyle>
		</Style>
		<Placemark>
			<name>Ward no. 13</name>
			<description>Panel No.13
Census Watd Nos.:53,56,55,62</description>
			<styleUrl>#m_ylw-pushpin001</styleUrl>
			<Polygon>
				<tessellate>1</tessellate>
				<outerBoundaryIs>
					<LinearRing>
						<coordinates>
							73.16545491041904,19.21615067821165,0 73.16504472932834,19.21663026850424,0 73.16499561046356,19.21669938441104,0 73.16477266453028,19.21685848045729,0 73.16368926911514,19.21765008886337,0 73.16322300199246,19.21687732526996,0 73.16325305441056,19.21681557826198,0 73.16368807355978,19.21643837683581,0 73.16366252006324,19.2161645160034,0 73.16383735328438,19.21546835962343,0 73.16353809208526,19.2154622593951,0 73.16350182098434,19.21521219159185,0 73.16344516649224,19.21481721462298,0 73.1633590883453,19.21447344925198,0 73.16326673484153,19.2144474731646,0 73.16319265402774,19.2143578835941,0 73.16317509774821,19.21421236870005,0 73.16315966687013,19.21414132815324,0 73.16319624860665,19.2140539217547,0 73.16315800283367,19.21401308006025,0 73.16314763552199,19.21385398311445,0 73.16313332683083,19.21379360593452,0 73.1631685203097,19.21372779059432,0 73.16304955351414,19.21371234179188,0 73.16293317083523,19.21366806292299,0 73.16282865379593,19.21362101241514,0 73.16277786226644,19.2136065520477,0 73.16270096843363,19.2135671725642,0 73.16260541604812,19.21350757973672,0 73.16264459908182,19.21344433435642,0 73.16267342634895,19.21326970897728,0 73.16266810434784,19.21317271091934,0 73.16270986538703,19.21312169351641,0 73.16275536363756,19.21306956618086,0 73.16279616164428,19.21300703966512,0 73.16285105212106,19.21294857069713,0 73.16289516434011,19.21290257182736,0 73.16240695471865,19.21256712785789,0 73.16274522651879,19.21223059872411,0 73.16232223363312,19.21185851463416,0 73.16221269016441,19.21175605659922,0 73.16203844075994,19.21162757614177,0 73.1617204192344,19.21134026715379,0 73.16101774384141,19.21072769110005,0 73.16155889625553,19.21025025474351,0 73.16196478461168,19.20993629752717,0 73.1621448867829,19.21006254524633,0 73.16219952971292,19.21007545797222,0 73.16231185032568,19.2101178224986,0 73.1623809414034,19.21012113606518,0 73.16244017206137,19.21012443878187,0 73.16252200889869,19.21013434446948,0 73.16264258677913,19.21012120622354,0 73.16282554617386,19.21010487806,0 73.16309637158402,19.21005959611486,0 73.16340196430589,19.20999396021417,0 73.16382337460244,19.20990534092043,0 73.16412778672611,19.20983972503331,0 73.16441068330786,19.20981206092718,0 73.16469225016489,19.20977583868461,0 73.16499290698637,19.20975107507585,0 73.16511117290102,19.20977124625339,0 73.16552543743752,19.20976583414088,0 73.16597231829354,19.20975026485282,0 73.16644622219378,19.20975882225912,0 73.16700186204987,19.20972993018919,0 73.16739124284634,19.20974345926889,0 73.16722114314703,19.21004107489258,0 73.16695275671081,19.21035356270996,0 73.16665061135762,19.2107166568166,0 73.16611628019102,19.21139916211585,0 73.16614352906853,19.21143240940227,0 73.16668534070939,19.21166365360626,0 73.16724560677281,19.21191374048915,0 73.1674591854205,19.2119759538311,0 73.16759061559604,19.21204271100256,0 73.16771020291296,19.21208632101751,0 73.16816143666104,19.21223463325408,0 73.16832450230314,19.21212017827967,0 73.16853248688049,19.21194500009599,0 73.16871237279861,19.21182750625388,0 73.16890264825494,19.21171314452764,0 73.16908606209459,19.21156420538298,0 73.16923447805232,19.21136968312759,0 73.16927256611373,19.21130383974299,0 73.16932188510911,19.21117091223726,0 73.16941850480177,19.21112406157588,0 73.16960910687419,19.21110326285055,0 73.16968833001862,19.21109214416291,0 73.16986299514623,19.21105643821771,0 73.16995691775234,19.21104759614457,0 73.17019127290666,19.2109459883036,0 73.170265062826,19.21090323771756,0 73.17040640828255,19.2109094656649,0 73.17047031968282,19.2111978092923,0 73.17049448058587,19.21148389183538,0 73.17043192178585,19.21153717854658,0 73.1704858991892,19.2118016004009,0 73.17104001030565,19.21170535390185,0 73.17145855565236,19.21162083866681,0 73.17185314322668,19.21152306763069,0 73.1721640332652,19.21141846453618,0 73.17234457907608,19.21134566408482,0 73.17259412013733,19.2111704995236,0 73.17286610858815,19.21099552761405,0 73.17299212387091,19.21091971927492,0 73.17309447280257,19.21085980162017,0 73.17319305606291,19.21076508355905,0 73.17330906784289,19.2107098277807,0 73.17340277952361,19.21071279015292,0 73.17354866081163,19.21072368895078,0 73.17370455773489,19.21075622392074,0 73.17429198738606,19.21093713391573,0 73.17409559420749,19.21196131835336,0 73.17405228492201,19.21225590267824,0 73.17392385978022,19.2126562844869,0 73.17379819375076,19.21308993462909,0 73.17355121506937,19.2139070450914,0 73.17267507313136,19.21393867575634,0 73.17182129692139,19.21399872960931,0 73.17083398628648,19.21407474244519,0 73.16995050409825,19.21414255620852,0 73.16920992409615,19.21420777235266,0 73.16920478877225,19.2142288520463,0 73.16858371554484,19.21442035441056,0 73.16814733955626,19.21454560381598,0 73.16756305317925,19.21468465139077,0 73.16705190254682,19.21481537813251,0 73.16647739233166,19.21525494450423,0 73.16626601962456,19.21541614485181,0 73.16572374601684,19.21593331101981,0 73.16549033546333,19.21614936577282,0 73.16545491041904,19.21615067821165,0 
						</coordinates>
					</LinearRing>
				</outerBoundaryIs>
			</Polygon>
		</Placemark>
	</Document>
	<Document>
		<name>Ward no. 14.kml</name>
		<StyleMap id="m_ylw-pushpin002">
			<Pair>
				<key>normal</key>
				<styleUrl>#s_ylw-pushpin101</styleUrl>
			</Pair>
			<Pair>
				<key>highlight</key>
				<styleUrl>#s_ylw-pushpin_hl001</styleUrl>
			</Pair>
		</StyleMap>
		<Style id="s_ylw-pushpin101">
			<IconStyle>
				<scale>1.1</scale>
				<Icon>
					<href>http://maps.google.com/mapfiles/kml/pushpin/ylw-pushpin.png</href>
				</Icon>
				<hotSpot x="20" y="2" xunits="pixels" yunits="pixels"/>
			</IconStyle>
			<LineStyle>
				<color>ffffff00</color>
				<width>3</width>
			</LineStyle>
			<PolyStyle>
				<fill>0</fill>
			</PolyStyle>
		</Style>
		<Style id="s_ylw-pushpin_hl001">
			<IconStyle>
				<scale>1.3</scale>
				<Icon>
					<href>http://maps.google.com/mapfiles/kml/pushpin/ylw-pushpin.png</href>
				</Icon>
				<hotSpot x="20" y="2" xunits="pixels" yunits="pixels"/>
			</IconStyle>
			<LineStyle>
				<color>ffffff00</color>
				<width>3</width>
			</LineStyle>
			<PolyStyle>
				<fill>0</fill>
			</PolyStyle>
		</Style>
		<Placemark>
			<name>Ward no. 14</name>
			<description>Panel No.14
Census Ward Nos.47,51,52,57</description>
			<styleUrl>#m_ylw-pushpin002</styleUrl>
			<Polygon>
				<tessellate>1</tessellate>
				<outerBoundaryIs>
					<LinearRing>
						<coordinates>
							73.15825849126426,19.22147210420814,0 73.15813410167742,19.22126806452388,0 73.15814658331003,19.22119292619985,0 73.15804781894829,19.22104635640216,0 73.15800939102887,19.22098424409646,0 73.15795159294544,19.2209163251058,0 73.15781232580109,19.22080181554892,0 73.15769177870911,19.22068498129039,0 73.15783559311014,19.22056527160499,0 73.15798082847705,19.22047800559209,0 73.15812801154453,19.22039423937097,0 73.15823038024359,19.22032048801357,0 73.15835564462668,19.22021752938687,0 73.15845523084882,19.22012439659879,0 73.158506693197,19.22006147736947,0 73.15857984195101,19.21981882416665,0 73.15850628048405,19.21963462916813,0 73.1583654183714,19.21940395673958,0 73.1583119182866,19.21928401754587,0 73.15837213626125,19.21897517786649,0 73.15837924970792,19.21887376765293,0 73.15840832974698,19.21877392904789,0 73.1583599751518,19.21845870540598,0 73.1583360120998,19.21833577138566,0 73.15835586704331,19.21780842140183,0 73.15831556224376,19.21779083677325,0 73.15831176843369,19.21745248914308,0 73.15830065810331,19.21653190006023,0 73.15828602270328,19.21634890539882,0 73.15827520386337,19.21531662462191,0 73.15828201762325,19.21505492909574,0 73.15829851904461,19.21470807474844,0 73.15832536248728,19.21436257475189,0 73.1583338777597,19.21424863224473,0 73.15835615258041,19.21417929484187,0 73.15841992684172,19.21391368837887,0 73.15860889630834,19.21342098260103,0 73.15879819839466,19.21285505099797,0 73.1589679826655,19.21234799580943,0 73.15909584371391,19.21192479658882,0 73.15921663292278,19.21165225856409,0 73.15927494515499,19.21148453383823,0 73.1593662237233,19.21118025691023,0 73.15943727978321,19.21091908966307,0 73.15952039367558,19.21075753199139,0 73.15973333241665,19.21052600366112,0 73.15986951038479,19.21038647248203,0 73.16008634254307,19.21021198064956,0 73.16025232440445,19.21005254455108,0 73.1610361128789,19.2107704919809,0 73.16160009116753,19.2112466836214,0 73.16274711542663,19.21223675912248,0 73.16241052054438,19.21256391293597,0 73.16290148815074,19.21290350822611,0 73.16279344399706,19.21300373222938,0 73.16271247646948,19.21312647774228,0 73.16266555494674,19.21317452060888,0 73.16267074727735,19.21328838192416,0 73.16264595450355,19.21343333515076,0 73.16260913732508,19.21351412225917,0 73.16280376496721,19.21361893313163,0 73.16306846398336,19.2137120419607,0 73.16317931282036,19.21374106127198,0 73.16313741723292,19.21380368674144,0 73.16314726386695,19.21396097821181,0 73.16320626197567,19.21407135186934,0 73.16316458569125,19.21418140829242,0 73.16315770775206,19.21427610412579,0 73.16320343764346,19.21433787510478,0 73.16326713123182,19.21444239505289,0 73.16339075462962,19.21449188191145,0 73.16352743348531,19.2154591699893,0 73.16384870667498,19.21548868552752,0 73.16377267907292,19.21568198143748,0 73.16366186300174,19.21613454198977,0 73.16367762883007,19.21645282616515,0 73.16322674085544,19.21683789875944,0 73.16322929084785,19.21688296119352,0 73.16341792949153,19.21718379366965,0 73.16369919973954,19.21765913030336,0 73.16314248677295,19.21801351313421,0 73.16310277770731,19.21799973295527,0 73.16219684906649,19.21851583456777,0 73.16140920882472,19.21893165160442,0 73.16089555746285,19.21923264119364,0 73.16039681802025,19.21953520687829,0 73.15976708608204,19.21997612305901,0 73.15842500775734,19.22115992098027,0 73.15825849126426,19.22147210420814,0 
						</coordinates>
					</LinearRing>
				</outerBoundaryIs>
			</Polygon>
		</Placemark>
	</Document>
	<Document>
		<name>Ward no. 15.kml</name>
		<StyleMap id="m_ylw-pushpin003">
			<Pair>
				<key>normal</key>
				<styleUrl>#s_ylw-pushpin102</styleUrl>
			</Pair>
			<Pair>
				<key>highlight</key>
				<styleUrl>#s_ylw-pushpin_hl002</styleUrl>
			</Pair>
		</StyleMap>
		<Style id="s_ylw-pushpin102">
			<IconStyle>
				<scale>1.1</scale>
				<Icon>
					<href>http://maps.google.com/mapfiles/kml/pushpin/ylw-pushpin.png</href>
				</Icon>
				<hotSpot x="20" y="2" xunits="pixels" yunits="pixels"/>
			</IconStyle>
			<LineStyle>
				<color>ffffff00</color>
				<width>3</width>
			</LineStyle>
			<PolyStyle>
				<fill>0</fill>
			</PolyStyle>
		</Style>
		<Style id="s_ylw-pushpin_hl002">
			<IconStyle>
				<scale>1.3</scale>
				<Icon>
					<href>http://maps.google.com/mapfiles/kml/pushpin/ylw-pushpin.png</href>
				</Icon>
				<hotSpot x="20" y="2" xunits="pixels" yunits="pixels"/>
			</IconStyle>
			<LineStyle>
				<color>ffffff00</color>
				<width>3</width>
			</LineStyle>
			<PolyStyle>
				<fill>0</fill>
			</PolyStyle>
		</Style>
		<Placemark>
			<name>Ward no. 15</name>
			<description>Panel No.15
Census Ward Nos.:48,49,50,58P, 29P</description>
			<styleUrl>#m_ylw-pushpin003</styleUrl>
			<Polygon>
				<tessellate>1</tessellate>
				<outerBoundaryIs>
					<LinearRing>
						<coordinates>
							73.15359644446454,19.22509527131299,0 73.15315239381185,19.22432155805226,0 73.15310217503412,19.22379400028662,0 73.1530602894409,19.223458750033,0 73.15301232508429,19.22305274952631,0 73.15304797576373,19.22281794154229,0 73.15309069595797,19.22256996774406,0 73.15310863411385,19.22242627087458,0 73.15317245735855,19.22209231337195,0 73.1532204925692,19.22177673694081,0 73.15326589431616,19.22147939611363,0 73.15333783134272,19.22099303525408,0 73.15341188997056,19.22049814875622,0 73.1534917555046,19.21995381690821,0 73.15355542162227,19.21952461458196,0 73.15361343315128,19.21913613005232,0 73.15373101968034,19.21836701761066,0 73.15372481454789,19.21800799169815,0 73.15378645733766,19.21730341975112,0 73.15385425328208,19.21681364049119,0 73.15387349612715,19.21656367293965,0 73.15402560885397,19.21628165152755,0 73.15362002233782,19.21626636846138,0 73.15357341570729,19.2162672619835,0 73.15341833058817,19.21583120359794,0 73.15332089148801,19.21547056654694,0 73.15304958163807,19.21546917201376,0 73.15304167102882,19.21480737456666,0 73.15294971762467,19.21451997693681,0 73.1534924640584,19.2141939984115,0 73.15339662201485,19.21408365110247,0 73.15336969465264,19.21396153963121,0 73.15374343890726,19.21389840746725,0 73.15397491162847,19.21372316853328,0 73.15407317177181,19.21361690591689,0 73.15415847513249,19.21342329381281,0 73.15429872766623,19.21327484058418,0 73.15439410148691,19.2131329999229,0 73.15421024437026,19.21296900243033,0 73.15430037848122,19.21220094101871,0 73.15463133332283,19.21219412526976,0 73.15469081030729,19.2117750980205,0 73.1548142511386,19.21178431160499,0 73.15490049076475,19.21178791870546,0 73.15495662424563,19.21179026652623,0 73.15507978693347,19.21178830350175,0 73.15528404282702,19.21179544649733,0 73.15588972526321,19.21182553387435,0 73.1559882529358,19.2118309077689,0 73.15606782736866,19.21182283190594,0 73.15619120876984,19.21184714239211,0 73.15626648130144,19.21187314989834,0 73.15639527443842,19.21187119553505,0 73.15642507855674,19.21179392359172,0 73.15676600096722,19.21183994427176,0 73.15680673383012,19.2117551805473,0 73.15763616456913,19.21202705477978,0 73.15892743352873,19.21247302211075,0 73.15869393159748,19.21316952903181,0 73.15849757903088,19.21371903380942,0 73.15836945315613,19.21411384520414,0 73.15828431398548,19.21463162573993,0 73.15828996391804,19.21501451048456,0 73.15828943501151,19.21590689021666,0 73.15830706550229,19.2169783471813,0 73.15829887761717,19.21781296882208,0 73.15835351398358,19.21781250245087,0 73.15832818860747,19.21832335281335,0 73.15835786770555,19.21849777097981,0 73.15840303060396,19.21876630175862,0 73.15832371547097,19.21927098276895,0 73.15856966512901,19.21981005101225,0 73.15851550773901,19.22006379788772,0 73.1582485031697,19.22030652281252,0 73.1576797659181,19.22068840365478,0 73.15797154701677,19.2209492733009,0 73.15813876871987,19.22118796238152,0 73.15813598161751,19.2212970332477,0 73.15825310005422,19.22150728691465,0 73.15601915446977,19.22343980454715,0 73.15593394677646,19.22348789527602,0 73.15584029416675,19.22353436287938,0 73.15575582510124,19.22358800945003,0 73.15565524187672,19.2236363263632,0 73.1555476482754,19.22370729700448,0 73.15546395395531,19.2238021652063,0 73.15537122990177,19.22385221703764,0 73.15523820152222,19.22393682944265,0 73.15513565239229,19.22400054712185,0 73.15489601308872,19.22416811419921,0 73.15476030567747,19.22427575512089,0 73.15456900855712,19.22442834079885,0 73.15359644446454,19.22509527131299,0 
						</coordinates>
					</LinearRing>
				</outerBoundaryIs>
			</Polygon>
		</Placemark>
	</Document>
	<Document>
		<name>Ward no. 16.kml</name>
		<StyleMap id="m_ylw-pushpin004">
			<Pair>
				<key>normal</key>
				<styleUrl>#s_ylw-pushpin103</styleUrl>
			</Pair>
			<Pair>
				<key>highlight</key>
				<styleUrl>#s_ylw-pushpin_hl003</styleUrl>
			</Pair>
		</StyleMap>
		<Style id="s_ylw-pushpin103">
			<IconStyle>
				<scale>1.1</scale>
				<Icon>
					<href>http://maps.google.com/mapfiles/kml/pushpin/ylw-pushpin.png</href>
				</Icon>
				<hotSpot x="20" y="2" xunits="pixels" yunits="pixels"/>
			</IconStyle>
			<LineStyle>
				<color>ffffff00</color>
				<width>3</width>
			</LineStyle>
			<PolyStyle>
				<fill>0</fill>
			</PolyStyle>
		</Style>
		<Style id="s_ylw-pushpin_hl003">
			<IconStyle>
				<scale>1.3</scale>
				<Icon>
					<href>http://maps.google.com/mapfiles/kml/pushpin/ylw-pushpin.png</href>
				</Icon>
				<hotSpot x="20" y="2" xunits="pixels" yunits="pixels"/>
			</IconStyle>
			<LineStyle>
				<color>ffffff00</color>
				<width>3</width>
			</LineStyle>
			<PolyStyle>
				<fill>0</fill>
			</PolyStyle>
		</Style>
		<Placemark>
			<name>Ward no. 16</name>
			<description>Panel No.16
Census Ward Nos.:59,60,68, 58P</description>
			<styleUrl>#m_ylw-pushpin004</styleUrl>
			<Polygon>
				<tessellate>1</tessellate>
				<outerBoundaryIs>
					<LinearRing>
						<coordinates>
							73.15892525426288,19.21245068679645,0 73.15680499298325,19.21175924186101,0 73.15677365302622,19.21184394094555,0 73.15642242940214,19.21179095835751,0 73.15640634859605,19.21186538327633,0 73.15629200832872,19.211876697371,0 73.15624512575644,19.21187165022038,0 73.15612598748757,19.21183512231955,0 73.1560360050306,19.21182156411152,0 73.15591830917626,19.211831020607,0 73.15528491101497,19.21179716983214,0 73.15517392119131,19.21179957885306,0 73.15499694791151,19.21178767238016,0 73.15468487779368,19.21178481961327,0 73.15475487951643,19.21121711883878,0 73.15489072544649,19.21042902663814,0 73.1549441669617,19.21012828902959,0 73.1549488125266,19.20983343735792,0 73.15503085590034,19.20949362162387,0 73.15509439900254,19.20928164849733,0 73.15521344026568,19.20906370892414,0 73.15538229061634,19.20874271909728,0 73.15549598172677,19.20839073083624,0 73.15571707957855,19.20769437352596,0 73.15593679244158,19.20762735467527,0 73.15628057312394,19.20769790704348,0 73.15656428575582,19.20775524123896,0 73.15686490701451,19.20782250924075,0 73.1571944176066,19.20792426552152,0 73.15744161489266,19.20797811360163,0 73.15755540014297,19.20796129286051,0 73.15755929128898,19.20773857528534,0 73.15759486113262,19.20761965213719,0 73.15764512733939,19.20748695363253,0 73.15774200510823,19.20742353630737,0 73.15773164359162,19.20737031239839,0 73.15790149965805,19.20718166126476,0 73.15795850078476,19.20711481570145,0 73.15806860144936,19.20704641644577,0 73.15775727640094,19.20683280397527,0 73.15762064666833,19.2066562275589,0 73.15716992902466,19.20620560192398,0 73.15722101006315,19.20577494629898,0 73.15731295503454,19.20503738865561,0 73.15736473746865,19.20456975482716,0 73.15742684363339,19.20444286942314,0 73.15758480318026,19.20432089971424,0 73.15758834970113,19.20418028941627,0 73.15748907403412,19.20409643724072,0 73.1575751651183,19.20394110812892,0 73.15746074384938,19.20374737330442,0 73.15750973042483,19.20362043913375,0 73.15790435913569,19.20339646755244,0 73.15759713202542,19.20312491120829,0 73.15760457307248,19.20289910629704,0 73.15748216908503,19.20276284652481,0 73.15704328533519,19.20268270489987,0 73.15722773592221,19.20202152303281,0 73.15755818769233,19.20200795542482,0 73.15759494582434,19.20183912303733,0 73.15787014455616,19.20157995193345,0 73.15803661636504,19.20154795904214,0 73.15849694399355,19.20179346423181,0 73.1585050814048,19.20213816961522,0 73.15841622973348,19.20241972316464,0 73.15874071517334,19.20266636395895,0 73.15903828961572,19.20296730621937,0 73.15930354445847,19.20279460943767,0 73.15924316077414,19.20266659081489,0 73.15955499794205,19.20226234647917,0 73.15952678160005,19.20214084574073,0 73.15917477019308,19.20197589079978,0 73.15918904994572,19.20164431530357,0 73.15931943738603,19.20163357827572,0 73.15945838896577,19.20165981303934,0 73.15959879382686,19.20166435034017,0 73.15971377819341,19.20166556021418,0 73.15980756859328,19.20168931391878,0 73.15989465105017,19.20172208754649,0 73.15998024492185,19.20172355606118,0 73.16002563083704,19.20175598195262,0 73.16005811790173,19.20205805741207,0 73.16020661437791,19.20203784994003,0 73.16026010877641,19.20204902531778,0 73.16039524673657,19.20201865132626,0 73.16062352717884,19.20199084307946,0 73.1608131110694,19.20190771632342,0 73.16088891366023,19.20187490587977,0 73.1611029660842,19.20190311682752,0 73.16156317653207,19.20206122676995,0 73.16298426714053,19.20258813966346,0 73.16289596188935,19.20287405757507,0 73.1628692745047,19.20302169174778,0 73.16244869616429,19.20399509430246,0 73.16191012370494,19.2052871289338,0 73.16186844150043,19.20551389308291,0 73.161873168127,19.20614866779092,0 73.16194822867737,19.2068834452987,0 73.16211572462838,19.20711461779453,0 73.16211618753455,19.20724953218656,0 73.16160068970446,19.20818982498931,0 73.16114270781954,19.2089937221427,0 73.16098516640477,19.20939703753912,0 73.16069259104118,19.20965242806251,0 73.16054161436655,19.20982748018257,0 73.16024158620725,19.21006813970125,0 73.16005185671906,19.21024454100462,0 73.15975129340465,19.21048255260773,0 73.15950288911276,19.21079163771338,0 73.15947384014204,19.21075653100201,0 73.15934227967119,19.21124562157357,0 73.15892525426288,19.21245068679645,0 
						</coordinates>
					</LinearRing>
				</outerBoundaryIs>
			</Polygon>
		</Placemark>
	</Document>
	<Document>
		<name>Ward no. 17.kml</name>
		<StyleMap id="m_ylw-pushpin005">
			<Pair>
				<key>normal</key>
				<styleUrl>#s_ylw-pushpin104</styleUrl>
			</Pair>
			<Pair>
				<key>highlight</key>
				<styleUrl>#s_ylw-pushpin_hl004</styleUrl>
			</Pair>
		</StyleMap>
		<Style id="s_ylw-pushpin104">
			<IconStyle>
				<scale>1.1</scale>
				<Icon>
					<href>http://maps.google.com/mapfiles/kml/pushpin/ylw-pushpin.png</href>
				</Icon>
				<hotSpot x="20" y="2" xunits="pixels" yunits="pixels"/>
			</IconStyle>
			<LineStyle>
				<color>ffffff00</color>
				<width>3</width>
			</LineStyle>
			<PolyStyle>
				<fill>0</fill>
			</PolyStyle>
		</Style>
		<Style id="s_ylw-pushpin_hl004">
			<IconStyle>
				<scale>1.3</scale>
				<Icon>
					<href>http://maps.google.com/mapfiles/kml/pushpin/ylw-pushpin.png</href>
				</Icon>
				<hotSpot x="20" y="2" xunits="pixels" yunits="pixels"/>
			</IconStyle>
			<LineStyle>
				<color>ffffff00</color>
				<width>3</width>
			</LineStyle>
			<PolyStyle>
				<fill>0</fill>
			</PolyStyle>
		</Style>
		<Placemark>
			<name>Ward no. 17</name>
			<description>Panel No.17
Census Ward Nos.:61,66,67,69</description>
			<styleUrl>#m_ylw-pushpin005</styleUrl>
			<Polygon>
				<tessellate>1</tessellate>
				<outerBoundaryIs>
					<LinearRing>
						<coordinates>
							73.16739787922049,19.20646250451382,0 73.16695605370487,19.20652022796164,0 73.1669456282593,19.20701427440273,0 73.16765776455026,19.207001603546,0 73.16871864025593,19.20697460966595,0 73.16869616297251,19.20749627306885,0 73.16850381086513,19.2075587218291,0 73.16845771616789,19.2080789349159,0 73.16832009488205,19.20811034284689,0 73.16829846137541,19.20830309872956,0 73.16820817151904,19.20847551685665,0 73.1680553826199,19.20867432095472,0 73.16773877663657,19.20857389561292,0 73.16759910305394,19.20889711013849,0 73.16753341328396,19.20910104921622,0 73.16749087086977,19.20937918799556,0 73.16744301291322,19.20955744698568,0 73.16738158537839,19.20975332576639,0 73.16646527258439,19.20975116753488,0 73.16561809365604,19.2097699248169,0 73.165147369352,19.20977249746554,0 73.16499952763883,19.20974383391619,0 73.16463840531932,19.2097706199096,0 73.1642690215163,19.20982906256558,0 73.16370808229171,19.20992856550232,0 73.16305363587642,19.21006639401746,0 73.16272776017729,19.21011668123022,0 73.16252728168324,19.21012788613097,0 73.16232388852738,19.21012218412019,0 73.16220095736223,19.21007727507147,0 73.16196178187644,19.20994971095255,0 73.16100803949165,19.21072220106454,0 73.16025046057341,19.21006445873897,0 73.16038462304468,19.20994878416306,0 73.16052958678887,19.2098527290367,0 73.16066084534172,19.20969180878404,0 73.16096168004741,19.20941580538642,0 73.16110960018692,19.20908356143336,0 73.16114897522239,19.208986342111,0 73.16153874614024,19.20828541543426,0 73.16211242778053,19.20724841128803,0 73.16211436956432,19.20711361485091,0 73.16194905885354,19.20689841290436,0 73.16192452665929,19.2066118292857,0 73.16189799382018,19.20634589366875,0 73.16186760945402,19.20613951617198,0 73.1618849687847,19.20597078879589,0 73.16188946498298,19.20587348107723,0 73.16187610920872,19.20567051894842,0 73.16187482714346,19.20556519151489,0 73.16189146148631,19.2054170877685,0 73.16191470198889,19.20527576911028,0 73.16204772048491,19.20498796249596,0 73.16212178647081,19.20477520038808,0 73.16220258587785,19.2045760531725,0 73.16249461628635,19.20390032819378,0 73.1627657913205,19.20325144753335,0 73.16284322794317,19.20307028100319,0 73.16287174256463,19.20299811383204,0 73.16298585990239,19.20260347798637,0 73.16284413558596,19.20254714381401,0 73.16263590958309,19.20247602573614,0 73.16239683211924,19.2023679701286,0 73.16210495087017,19.20225785466666,0 73.16182945265284,19.20215635296049,0 73.16158291400946,19.20206873604619,0 73.16139136227298,19.20199947745359,0 73.16117540241875,19.20192996348813,0 73.161021816936,19.20189584811994,0 73.16091859208845,19.20187326497158,0 73.1606727906036,19.20196820985459,0 73.16064420705543,19.20193235628546,0 73.16061729941951,19.20188711631987,0 73.16062341035106,19.20184323271185,0 73.16062989138246,19.20177494808401,0 73.16063585090927,19.20175389522373,0 73.1606822616575,19.2016998105251,0 73.16073175478489,19.20166626779442,0 73.16081013852269,19.20158842804183,0 73.16086740500651,19.2014967106266,0 73.16093134350247,19.20140581904794,0 73.1609817503094,19.20132054676371,0 73.16102605890634,19.20122592217078,0 73.16103743704694,19.20115138220788,0 73.16102515078337,19.20109566435665,0 73.16100546068215,19.20105100089629,0 73.16097058065819,19.20098844017239,0 73.16094215345782,19.2009273988497,0 73.16090691896682,19.20085900277834,0 73.16087112667059,19.20079986662448,0 73.16080668235412,19.20074480029725,0 73.16073092137583,19.20070055013771,0 73.16071152719775,19.2006002070992,0 73.16072326525624,19.20051007056758,0 73.16077043834746,19.2003967850631,0 73.16082076786772,19.20026443482837,0 73.16086084762657,19.20011631111065,0 73.16092126406588,19.19988312067264,0 73.1609779212416,19.19970013924297,0 73.16100290103169,19.19963061650408,0 73.1610695661705,19.1995433556238,0 73.1611279038039,19.19938139912901,0 73.16122139613688,19.19920037827338,0 73.1613823511596,19.19890989402731,0 73.16162289078429,19.19895259311437,0 73.16167988330999,19.1989446078947,0 73.16188987804891,19.19840829559409,0 73.16208083304932,19.19801259553043,0 73.16211685608656,19.19794359923947,0 73.16222863257484,19.19786599641839,0 73.16234913723936,19.19787219047175,0 73.16254166532424,19.19790097566441,0 73.16273911773672,19.19796774394562,0 73.16300030569742,19.19805130236631,0 73.16322272355221,19.19811944107681,0 73.16356620365953,19.19823260842422,0 73.16388648115812,19.19834748009215,0 73.16407932759137,19.19840377042569,0 73.16431261779816,19.19847488032377,0 73.16455296285574,19.19853800334342,0 73.16485917137454,19.19863160654308,0 73.16526329011892,19.19877318554333,0 73.16574019953943,19.19894264735644,0 73.16609651093921,19.19906667881342,0 73.16647869124533,19.19921480286763,0 73.16673150598319,19.19932314289254,0 73.16689604000037,19.1993971305358,0 73.16703622437608,19.19946404799172,0 73.16702065574198,19.19991931420823,0 73.16700393774835,19.20024397362065,0 73.16700406453313,19.20083588401835,0 73.16759830589994,19.20114453058757,0 73.16765964096537,19.20131964779062,0 73.16754816438902,19.20214195528233,0 73.16740587438723,19.20303400768848,0 73.16731786941007,19.20351617656185,0 73.16735315654068,19.20384939016724,0 73.16743208423247,19.20459471400235,0 73.16762173356626,19.20473474374342,0 73.16771740160372,19.20480589289639,0 73.16778771848679,19.20491120264857,0 73.167431375863,19.20500065427247,0 73.16739787922049,19.20646250451382,0 
						</coordinates>
					</LinearRing>
				</outerBoundaryIs>
			</Polygon>
		</Placemark>
	</Document>
	<Document>
		<name>Ward no. 18.kml</name>
		<StyleMap id="m_ylw-pushpin006">
			<Pair>
				<key>normal</key>
				<styleUrl>#s_ylw-pushpin105</styleUrl>
			</Pair>
			<Pair>
				<key>highlight</key>
				<styleUrl>#s_ylw-pushpin_hl005</styleUrl>
			</Pair>
		</StyleMap>
		<Style id="s_ylw-pushpin105">
			<IconStyle>
				<scale>1.1</scale>
				<Icon>
					<href>http://maps.google.com/mapfiles/kml/pushpin/ylw-pushpin.png</href>
				</Icon>
				<hotSpot x="20" y="2" xunits="pixels" yunits="pixels"/>
			</IconStyle>
			<LineStyle>
				<color>ffffff00</color>
				<width>3</width>
			</LineStyle>
			<PolyStyle>
				<fill>0</fill>
			</PolyStyle>
		</Style>
		<Style id="s_ylw-pushpin_hl005">
			<IconStyle>
				<scale>1.3</scale>
				<Icon>
					<href>http://maps.google.com/mapfiles/kml/pushpin/ylw-pushpin.png</href>
				</Icon>
				<hotSpot x="20" y="2" xunits="pixels" yunits="pixels"/>
			</IconStyle>
			<LineStyle>
				<color>ffffff00</color>
				<width>3</width>
			</LineStyle>
			<PolyStyle>
				<fill>0</fill>
			</PolyStyle>
		</Style>
		<Placemark>
			<name>Ward no. 18</name>
			<description>Panel No.18
Census Ward Nos.:63,64,65</description>
			<styleUrl>#m_ylw-pushpin006</styleUrl>
			<Polygon>
				<tessellate>1</tessellate>
				<outerBoundaryIs>
					<LinearRing>
						<coordinates>
							73.17429106605186,19.21093582643298,0 73.17387198943936,19.21080620051295,0 73.17358690374552,19.21072679482662,0 73.17344946944073,19.21071665240675,0 73.1733125766997,19.2107098556615,0 73.17319717503358,19.21075988128249,0 73.1730952953602,19.21086250181751,0 73.17284183207332,19.21100956629878,0 73.17263731436722,19.21113406173567,0 73.17233754242454,19.2113442657128,0 73.17198811584591,19.21148231898455,0 73.1715409734398,19.21159599419192,0 73.17123124292533,19.21166473035437,0 73.17049158572546,19.21180275192149,0 73.17043245645394,19.21153633220268,0 73.17049816307207,19.2114896396717,0 73.17047779467913,19.21126091070685,0 73.17046623506668,19.21117721430536,0 73.1704296685631,19.21102311717412,0 73.17040629639943,19.2109002969869,0 73.17026127091006,19.21089062231888,0 73.17025593673716,19.21091069764768,0 73.16996311741973,19.2110481019086,0 73.16943656223199,19.21112383258638,0 73.16933079006729,19.21116420672367,0 73.16925901289122,19.21133857057587,0 73.16911650537988,19.21152933751144,0 73.16903386240243,19.21161157030528,0 73.16891839495396,19.21169926617911,0 73.16878838416628,19.21178009509767,0 73.16862041564266,19.21188568989033,0 73.16848061751023,19.21198642868702,0 73.16829299220149,19.21213052358185,0 73.16816540257309,19.21222472412745,0 73.1679483415578,19.2121808648746,0 73.16777890591587,19.21211689058883,0 73.16766251324724,19.21206948329584,0 73.16751975861715,19.21200615182486,0 73.16737525247207,19.2119507994323,0 73.16726386024926,19.21192149210825,0 73.16714950614424,19.21186625149412,0 73.16699457024214,19.21179568905252,0 73.16688059125531,19.21174669511039,0 73.16675343425457,19.2116922718746,0 73.16663389049542,19.21163583551469,0 73.16651470497207,19.2115881239151,0 73.16637833437794,19.21152933546439,0 73.16624673374355,19.21147529585296,0 73.16614154912429,19.21143672374176,0 73.16610530161499,19.21138751814569,0 73.16618262801433,19.21131070575618,0 73.16623828510436,19.21124868485651,0 73.16640100600905,19.21103449308065,0 73.16666522548451,19.21070297353231,0 73.16686069994866,19.21047209056727,0 73.16706075603669,19.21023743158671,0 73.16721427518016,19.21004809616859,0 73.16735718722919,19.20981977531654,0 73.16738728309537,19.20973729284932,0 73.16746180768305,19.20949433763075,0 73.16750741078955,19.20934381563973,0 73.16753404684259,19.20916765241651,0 73.16757933021465,19.20895422480728,0 73.16761395729846,19.20885220962164,0 73.1677292171269,19.20858876114773,0 73.1680512779421,19.2086762610563,0 73.16814252314465,19.20855727490094,0 73.16820819831489,19.208467182963,0 73.1682304704385,19.20844507475431,0 73.16824910933863,19.20838895370325,0 73.16829279918893,19.20832586653752,0 73.16830499380923,19.20822495970737,0 73.16831635467712,19.20813304736011,0 73.16842806349018,19.20806856826623,0 73.16846805184794,19.20806837075208,0 73.16849884353039,19.2075443282023,0 73.16869431634281,19.20749950950851,0 73.16873305638215,19.20696887558771,0 73.16796231954672,19.20699106427258,0 73.16774004646159,19.20699524465251,0 73.16736198751809,19.20700521522546,0 73.16695077059782,19.20702395458505,0 73.16694631698559,19.20685038288282,0 73.16695316975184,19.20652412656416,0 73.16740037388107,19.20647171361346,0 73.16741779682927,19.20569521609682,0 73.16742866163464,19.20512611643562,0 73.16742802563179,19.20500787908544,0 73.16768904028261,19.20493423021588,0 73.1677884899178,19.20490949629497,0 73.16795144038564,19.20488482972322,0 73.16820100717376,19.20486596222336,0 73.16852465940718,19.20482849439691,0 73.1689430535433,19.20478639134326,0 73.16931442959789,19.20474301212471,0 73.16955323581007,19.20472012780596,0 73.16963038000205,19.20465182671051,0 73.16991589388697,19.20456336002089,0 73.16991061978699,19.2046211689365,0 73.17018077771817,19.20504913893121,0 73.17021670599112,19.20510599716688,0 73.17033300592844,19.20533424945979,0 73.17047775203827,19.20542990019985,0 73.17054934299296,19.20548663932771,0 73.17062556523803,19.20556174701288,0 73.17076039601531,19.20572356456649,0 73.17085185252272,19.2057097511511,0 73.17104573443338,19.20554713695056,0 73.17126194089244,19.20535888934278,0 73.17147147559467,19.20518066797924,0 73.17165305757332,19.20503161746507,0 73.17183811260939,19.20489286970453,0 73.17194197988536,19.20481855471052,0 73.17219346084072,19.20459571625238,0 73.17245081559027,19.20436724301048,0 73.17267734139249,19.20417259851054,0 73.17294328497138,19.20396720227325,0 73.17334216380878,19.20427960421208,0 73.1734242690319,19.20412697122023,0 73.17351776322285,19.20386668841172,0 73.17358762835735,19.20368648847202,0 73.17363302352965,19.20345438467507,0 73.17366296716445,19.20326570767397,0 73.17369295560562,19.20299607367372,0 73.17370659619804,19.20293784616123,0 73.17378335087342,19.2026556827321,0 73.17392741676365,19.20239137999672,0 73.17409948379486,19.20213284651179,0 73.1742188690631,19.20195179061937,0 73.17448928851253,19.20166007427025,0 73.17469165965844,19.20144397034034,0 73.17493644229903,19.20117213234243,0 73.1750336153665,19.20070751428053,0 73.1753851943148,19.2006481946481,0 73.17550431360284,19.20063053605663,0 73.17570838584109,19.20064017665993,0 73.17614538170865,19.20065348888791,0 73.17650488442688,19.2006687893275,0 73.17646551020796,19.20074925282417,0 73.17644092662448,19.20096728803613,0 73.17641120365546,19.20119611292029,0 73.1763921569398,19.20141766609223,0 73.17631882548093,19.2018832914114,0 73.17626695809514,19.20210837875075,0 73.17619296318644,19.20238898572461,0 73.17609043660862,19.20276800787262,0 73.17598774736405,19.2031020127535,0 73.17592381581949,19.20360104632924,0 73.17585541851285,19.20411857528093,0 73.17581387140872,19.20463108248105,0 73.17555014715354,19.20542337677748,0 73.17546561073502,19.20572757584422,0 73.17511733627506,19.20683023938185,0 73.17466105030969,19.2082804968285,0 73.17428242897327,19.20946536493597,0 73.17441680209843,19.2096392099185,0 73.17429106605186,19.21093582643298,0 
						</coordinates>
					</LinearRing>
				</outerBoundaryIs>
			</Polygon>
		</Placemark>
	</Document>
	<Document>
		<name>Ward no. 19.kml</name>
		<StyleMap id="m_ylw-pushpin0000">
			<Pair>
				<key>normal</key>
				<styleUrl>#s_ylw-pushpin11</styleUrl>
			</Pair>
			<Pair>
				<key>highlight</key>
				<styleUrl>#s_ylw-pushpin_hl0000</styleUrl>
			</Pair>
		</StyleMap>
		<Style id="s_ylw-pushpin11">
			<IconStyle>
				<scale>1.1</scale>
				<Icon>
					<href>http://maps.google.com/mapfiles/kml/pushpin/ylw-pushpin.png</href>
				</Icon>
				<hotSpot x="20" y="2" xunits="pixels" yunits="pixels"/>
			</IconStyle>
			<LineStyle>
				<color>ffffff00</color>
				<width>3</width>
			</LineStyle>
			<PolyStyle>
				<fill>0</fill>
			</PolyStyle>
		</Style>
		<Style id="s_ylw-pushpin_hl0000">
			<IconStyle>
				<scale>1.3</scale>
				<Icon>
					<href>http://maps.google.com/mapfiles/kml/pushpin/ylw-pushpin.png</href>
				</Icon>
				<hotSpot x="20" y="2" xunits="pixels" yunits="pixels"/>
			</IconStyle>
			<LineStyle>
				<color>ffffff00</color>
				<width>3</width>
			</LineStyle>
			<PolyStyle>
				<fill>0</fill>
			</PolyStyle>
		</Style>
		<Placemark>
			<name>Ward no. 19</name>
			<description>Panel No. 19
Census Ward Nos.:70,71,72,73,74P,76P</description>
			<styleUrl>#m_ylw-pushpin0000</styleUrl>
			<Polygon>
				<tessellate>1</tessellate>
				<outerBoundaryIs>
					<LinearRing>
						<coordinates>
							73.17081567338298,19.20572184833085,0 73.17076543413349,19.20572231306632,0 73.17059328563114,19.20553830048691,0 73.1704822832472,19.2054285557686,0 73.17034893368618,19.20535161307612,0 73.17008872715753,19.20489326502241,0 73.16991677566865,19.20461984311827,0 73.16991680067123,19.20447968584718,0 73.1698633088745,19.20457745781419,0 73.16966394773441,19.20462685901155,0 73.16954860482514,19.20472018679655,0 73.16780631144033,19.20490273993767,0 73.16771894378303,19.20480026796819,0 73.16742285466592,19.2046125760032,0 73.16737287141288,19.20436892151156,0 73.16735942123923,19.20408922363323,0 73.16735682132509,19.20389554240567,0 73.16732342489357,19.20364584150016,0 73.16730831661428,19.20358900487136,0 73.16736478763033,19.20322248423511,0 73.16750948425009,19.20242278332466,0 73.16760017106664,19.20185934101207,0 73.16765977441717,19.20133251083052,0 73.16762023317638,19.20114166286597,0 73.16700300301049,19.2008306494599,0 73.16700380488706,19.20030282056074,0 73.16702813628888,19.19946970987308,0 73.16639342408683,19.19916854611673,0 73.16518480491557,19.19874400853203,0 73.16502441822755,19.19868074666449,0 73.16460606191603,19.19852123017546,0 73.16422400567134,19.19840062278096,0 73.16495454118335,19.19637024771842,0 73.16521116826345,19.19630403592781,0 73.16510021170538,19.19571760903225,0 73.16486877098374,19.195189856542,0 73.16467666431701,19.19494756761202,0 73.16432849703511,19.1945751313069,0 73.16421138416017,19.19438170111868,0 73.16417141593367,19.19422575812778,0 73.16410847316691,19.1939352821766,0 73.16420214925759,19.19385394397582,0 73.16425423278686,19.19381161212422,0 73.16430227751657,19.19375450648452,0 73.1645026942241,19.19344934347551,0 73.1645734520185,19.19341223299183,0 73.16472229296092,19.19335463966988,0 73.16493373361332,19.19331914400023,0 73.16527495974765,19.19336494847283,0 73.16603877114295,19.19363711989398,0 73.16625028920747,19.19365399816308,0 73.16633742760817,19.19386580373334,0 73.16643431316091,19.19407309496319,0 73.16648070021711,19.19418834643405,0 73.16649060823177,19.19442194107645,0 73.16649025533832,19.19459073317283,0 73.1665684424169,19.19470813972616,0 73.16669862563975,19.19454978098691,0 73.16766787948063,19.19455201169973,0 73.16776062945085,19.19425662874223,0 73.16803460796002,19.19404313583956,0 73.16817060577353,19.1941063759542,0 73.16866718134203,19.19493891180434,0 73.16856140041571,19.19531686654238,0 73.16838784394812,19.19550037122809,0 73.16806558380911,19.19557974114654,0 73.16854583149191,19.19574299644397,0 73.16889272827383,19.19571063634174,0 73.16907251057248,19.19578956608646,0 73.16929654125002,19.19587280709506,0 73.16941621319816,19.19598522416483,0 73.1695066693575,19.19601428608294,0 73.1696439376399,19.19574910890564,0 73.16969790690142,19.19570210416716,0 73.17028451826221,19.19589686111308,0 73.17071604611665,19.19605428857651,0 73.17114078038996,19.19618763484529,0 73.17137562404713,19.19629008895562,0 73.17113840923355,19.19672775745325,0 73.17132378590455,19.19692112787586,0 73.17154112845155,19.19701648112047,0 73.17169435888827,19.1970807375402,0 73.17190991570614,19.19713483549989,0 73.17216340286666,19.19722374897404,0 73.1723544523537,19.19734059419642,0 73.17246381112197,19.19770322945566,0 73.1723879688126,19.19798575381197,0 73.17269459849346,19.19832785387345,0 73.17315774068437,19.19842136922184,0 73.17342101030246,19.1984612790428,0 73.17383187197834,19.19858367984286,0 73.17378993655213,19.19886080785978,0 73.17418682181933,19.19912418605663,0 73.17444279040551,19.1992972357674,0 73.17483288535463,19.19937002849965,0 73.17494265421379,19.19944576132882,0 73.17529011539594,19.19984770085228,0 73.17538230622554,19.19996176376314,0 73.17554527935059,19.20013044225672,0 73.17592212026719,19.20043089496451,0 73.17597238390566,19.20058201499511,0 73.17559359073725,19.20059667330838,0 73.17523494624223,19.20065663152671,0 73.17503171815645,19.20070286328409,0 73.17493556398658,19.20116639002977,0 73.17421441242739,19.20197340417728,0 73.17395709740522,19.20232521265919,0 73.17380981730737,19.20261024257476,0 73.17367392361233,19.20300065409762,0 73.1736447915128,19.20331320835326,0 73.17359415315234,19.20366211198882,0 73.1733329603324,19.20427496502984,0 73.17294334971923,19.2039585431733,0 73.17081567338298,19.20572184833085,0 
						</coordinates>
					</LinearRing>
				</outerBoundaryIs>
			</Polygon>
		</Placemark>
	</Document>
	<Document>
		<name>Ward no. 20.kml</name>
		<StyleMap id="m_ylw-pushpin0001">
			<Pair>
				<key>normal</key>
				<styleUrl>#s_ylw-pushpin12</styleUrl>
			</Pair>
			<Pair>
				<key>highlight</key>
				<styleUrl>#s_ylw-pushpin_hl0001</styleUrl>
			</Pair>
		</StyleMap>
		<Style id="s_ylw-pushpin12">
			<IconStyle>
				<scale>1.1</scale>
				<Icon>
					<href>http://maps.google.com/mapfiles/kml/pushpin/ylw-pushpin.png</href>
				</Icon>
				<hotSpot x="20" y="2" xunits="pixels" yunits="pixels"/>
			</IconStyle>
			<LineStyle>
				<color>ffffff00</color>
				<width>3</width>
			</LineStyle>
			<PolyStyle>
				<fill>0</fill>
			</PolyStyle>
		</Style>
		<Style id="s_ylw-pushpin_hl0001">
			<IconStyle>
				<scale>1.3</scale>
				<Icon>
					<href>http://maps.google.com/mapfiles/kml/pushpin/ylw-pushpin.png</href>
				</Icon>
				<hotSpot x="20" y="2" xunits="pixels" yunits="pixels"/>
			</IconStyle>
			<LineStyle>
				<color>ffffff00</color>
				<width>3</width>
			</LineStyle>
			<PolyStyle>
				<fill>0</fill>
			</PolyStyle>
		</Style>
		<Placemark>
			<name>Ward no. 20</name>
			<description>Panel No. 20
Census Ward Nos.:74P,75,76P</description>
			<styleUrl>#m_ylw-pushpin0001</styleUrl>
			<Polygon>
				<tessellate>1</tessellate>
				<outerBoundaryIs>
					<LinearRing>
						<coordinates>
							73.16247359639888,19.19788408255784,0 73.16234759808827,19.19787842300596,0 73.16221421120338,19.19786337992904,0 73.16211924685467,19.19792860676081,0 73.16192153925074,19.19832917183126,0 73.16167645147563,19.19894080515153,0 73.16159004717669,19.19895254074887,0 73.16138908207655,19.1989180277918,0 73.16125158452697,19.19914639466706,0 73.16114290277797,19.19933569951689,0 73.16107038640642,19.19953929776951,0 73.16099057229536,19.19964355007933,0 73.16089518953169,19.19996366072568,0 73.16086638218906,19.20009373322119,0 73.1608096935403,19.20027399176738,0 73.16075525720251,19.20045502958131,0 73.16070663851565,19.20057133872873,0 73.16072556363386,19.20070777066988,0 73.16087280279245,19.20079794501731,0 73.16095310945165,19.20095050463373,0 73.16098750113736,19.20103908326589,0 73.16101843994916,19.20107251642228,0 73.16104944539686,19.20114008511155,0 73.16101635624885,19.20124317143321,0 73.16096624412688,19.20134367538501,0 73.16090850810727,19.20144918304528,0 73.16083232568275,19.20155912476534,0 73.16075584472591,19.20165477392563,0 73.16068942405342,19.20169811026741,0 73.16063924339187,19.20174374416514,0 73.16062259965986,19.20187637664163,0 73.16065942151015,19.20198080104911,0 73.16056182069377,19.20200247618114,0 73.1604281359789,19.20201741855228,0 73.1602900882084,19.20205340829118,0 73.16022513689967,19.20205034559546,0 73.16016496763342,19.20202626033544,0 73.16005700162471,19.20205297915932,0 73.16003560158991,19.2018901596199,0 73.16001544382833,19.20174951323602,0 73.15991861582592,19.2017172822562,0 73.15985155128297,19.20170553204781,0 73.15975090201003,19.20166412101256,0 73.15965119192488,19.20166106537388,0 73.15955405172572,19.20167535229446,0 73.15940949748952,19.20163133654206,0 73.15919161059399,19.20159104528678,0 73.15927554653382,19.20102287473661,0 73.15866301480392,19.20097759291116,0 73.15867541344875,19.2004641311231,0 73.15869446290959,19.2001487496372,0 73.15872784875403,19.19966536334282,0 73.15880961987276,19.19937118576441,0 73.15896761062686,19.19891429873571,0 73.15901870021318,19.19882703224082,0 73.15923314987479,19.1985338429837,0 73.15940986013874,19.19822773828482,0 73.15945430099522,19.19815385967429,0 73.15952494204124,19.19793527290444,0 73.15959722928092,19.19769604082802,0 73.15960773578232,19.19765057719908,0 73.15971216241775,19.1974560063453,0 73.15973742712876,19.19740541193995,0 73.15994224916246,19.19723271766656,0 73.1600104907431,19.19706732801322,0 73.16006693198391,19.19691317674455,0 73.16009253678779,19.19686843621181,0 73.160185432548,19.1967194445585,0 73.16024146770198,19.19664342338774,0 73.16059833858958,19.19665085122831,0 73.16081470569738,19.19664801413918,0 73.16098745146546,19.19670595341628,0 73.16113484005605,19.19674557625256,0 73.16124941296636,19.19677973381862,0 73.1614609065082,19.19699842149311,0 73.16151487436987,19.19682903905158,0 73.16156665995202,19.19662779547089,0 73.16158133235172,19.19656896766936,0 73.16169310849034,19.19630632867018,0 73.16170198650178,19.19601586480422,0 73.16167528575333,19.19571916824275,0 73.16178923073468,19.19556567389993,0 73.16195722324188,19.19548698067008,0 73.16205848932466,19.19526294370192,0 73.16210635989293,19.1951733156783,0 73.1624525602947,19.19494769951044,0 73.16262881834008,19.19492946437439,0 73.16281182149227,19.19490836466994,0 73.16299364332502,19.19481569160285,0 73.16269112562287,19.19417092313366,0 73.1622554191238,19.19321059875596,0 73.16233699607123,19.19298214255033,0 73.1623699230713,19.19289574555341,0 73.16274032566957,19.19230130034502,0 73.16313203390453,19.19246636345055,0 73.1638191960576,19.19201095760284,0 73.16438302458417,19.19192321419285,0 73.16499724940779,19.19164929820273,0 73.16520564724439,19.1918908866784,0 73.16536332584495,19.19192096724122,0 73.16549473537938,19.19188351797468,0 73.16562170321731,19.19187478986162,0 73.1657321146824,19.19182925054859,0 73.16584913428393,19.19185363242277,0 73.16609917313076,19.19181415670065,0 73.16614287158735,19.19162378708387,0 73.16629143488187,19.19152809373289,0 73.16655904459181,19.19146123496804,0 73.16679458907093,19.19140428591004,0 73.16701169063953,19.1913345411559,0 73.16729518369374,19.19122649140371,0 73.16774337432031,19.19105185050164,0 73.16809562090901,19.19109798706078,0 73.16858878568837,19.19117034396928,0 73.16906823630835,19.19136866622182,0 73.16967235878435,19.19162627697556,0 73.17022361179326,19.19185209258903,0 73.17037988170557,19.19233264395608,0 73.17060858900271,19.19278625772235,0 73.17114252507862,19.19327463234872,0 73.17152209435417,19.19360156003622,0 73.17198384154462,19.19422939049824,0 73.17231547483361,19.19422260017976,0 73.17261054755352,19.19436137886587,0 73.17289497035507,19.19463072885606,0 73.17301117004564,19.19475499180008,0 73.17341741740556,19.19499334403677,0 73.17361704962204,19.19567745725946,0 73.17392757247251,19.19585001469589,0 73.17404842752273,19.19592104184343,0 73.1742575291899,19.19624959724223,0 73.17421694659298,19.19653960996033,0 73.17485116388451,19.19691331153192,0 73.17553695159209,19.19688759314095,0 73.17603172077825,19.19715495274473,0 73.17530866216538,19.19839479442629,0 73.17468133245971,19.19935238760129,0 73.17444861322217,19.19929033389907,0 73.17408547971786,19.19906504332413,0 73.17378794540956,19.19886883937857,0 73.17383102410776,19.19857566578903,0 73.1731863124039,19.19842021363663,0 73.17280584281339,19.19835228254076,0 73.17272212556523,19.19834554069325,0 73.17237985777336,19.19796692382156,0 73.17244590542595,19.19778956752748,0 73.17245579188547,19.19771121090448,0 73.17241243502002,19.19756445714118,0 73.17237166515312,19.19741875809494,0 73.17235088414071,19.19734352748165,0 73.17225253135811,19.19728029581038,0 73.17206510058539,19.19719354105744,0 73.17186781295628,19.19712212506342,0 73.1717101433822,19.19707530010005,0 73.17154151560534,19.19702377057901,0 73.17138566792266,19.19694588989028,0 73.17129450024974,19.19689433103672,0 73.17123320703902,19.19681979088931,0 73.17114456518759,19.19672626260253,0 73.17124675989922,19.19657563093822,0 73.17137414557769,19.19627166141664,0 73.17082392723736,19.19608155026604,0 73.17011678699645,19.19583119235784,0 73.16978644314766,19.19570560102717,0 73.16970022355083,19.19569737373623,0 73.1696496029969,19.1957385769123,0 73.16948160251789,19.19602948496154,0 73.16933152009351,19.19589858584059,0 73.16919425771242,19.19582947777706,0 73.16890106630076,19.19571634202802,0 73.16867006981317,19.19573718727144,0 73.16853691373777,19.19573878189082,0 73.16802961760345,19.19558266244597,0 73.16838206093878,19.19551458393588,0 73.16859817836546,19.19526336475646,0 73.16865299943871,19.19494633204533,0 73.1684164758604,19.19449833785944,0 73.16819516169451,19.19412350723044,0 73.16805394661567,19.19403085607006,0 73.1677826362333,19.19426255316329,0 73.16763867805446,19.19457328598158,0 73.16705547671293,19.19455597754006,0 73.16668718988663,19.19455995302404,0 73.16664701506929,19.19464151262772,0 73.16655383674983,19.19469571595029,0 73.16651280441222,19.19460014427643,0 73.16646702088534,19.19412956012256,0 73.1664094796331,19.19399964024045,0 73.16634672259174,19.19386552274579,0 73.16625289852233,19.19364996837391,0 73.16620517873987,19.19363525348748,0 73.16601398441669,19.19363153729181,0 73.16593118507822,19.19359937739226,0 73.16572496914756,19.1935239582385,0 73.1655418931895,19.19345002674755,0 73.16526555331878,19.19336026360577,0 73.16507468039897,19.19334324675151,0 73.16491677571288,19.19331974408554,0 73.16479465860237,19.19333733048829,0 73.16469365454184,19.19336630381099,0 73.16461390675433,19.19340313696121,0 73.16454298573845,19.19342519027677,0 73.16448189547251,19.19348572718389,0 73.16443549831163,19.19354372478517,0 73.16436710736916,19.19364228966212,0 73.16432789783852,19.19372859856836,0 73.16428243779461,19.19379156831369,0 73.16422434435057,19.19382302842523,0 73.16416535001319,19.19385875769814,0 73.16411991342204,19.19394009283136,0 73.1641456752901,19.19402700381243,0 73.16415641925462,19.19418037388108,0 73.16421059136373,19.19436637728718,0 73.16436878520491,19.19462957176478,0 73.16445674378926,19.1947247855187,0 73.16458921596373,19.19484153412665,0 73.16486111091837,19.19519058387617,0 73.16509651734268,19.19570870626423,0 73.16514057401159,19.19601739138389,0 73.16520694190662,19.19631713383414,0 73.16495399129863,19.19636310094651,0 73.16452164788966,19.19754132507659,0 73.16423062237496,19.19840843959604,0 73.16247359639888,19.19788408255784,0 
						</coordinates>
					</LinearRing>
				</outerBoundaryIs>
			</Polygon>
		</Placemark>
	</Document>
	<Document>
		<name>Ward no. 1.kml</name>
		<StyleMap id="msn_ylw-pushpin">
			<Pair>
				<key>normal</key>
				<styleUrl>#sn_ylw-pushpin</styleUrl>
			</Pair>
			<Pair>
				<key>highlight</key>
				<styleUrl>#sh_ylw-pushpin</styleUrl>
			</Pair>
		</StyleMap>
		<Style id="sh_ylw-pushpin">
			<IconStyle>
				<scale>1.3</scale>
				<Icon>
					<href>http://maps.google.com/mapfiles/kml/pushpin/ylw-pushpin.png</href>
				</Icon>
				<hotSpot x="20" y="2" xunits="pixels" yunits="pixels"/>
			</IconStyle>
			<LineStyle>
				<color>ffffff00</color>
				<width>3</width>
			</LineStyle>
			<PolyStyle>
				<fill>0</fill>
			</PolyStyle>
		</Style>
		<Style id="sn_ylw-pushpin">
			<IconStyle>
				<scale>1.1</scale>
				<Icon>
					<href>http://maps.google.com/mapfiles/kml/pushpin/ylw-pushpin.png</href>
				</Icon>
				<hotSpot x="20" y="2" xunits="pixels" yunits="pixels"/>
			</IconStyle>
			<LineStyle>
				<color>ffffff00</color>
				<width>3</width>
			</LineStyle>
			<PolyStyle>
				<fill>0</fill>
			</PolyStyle>
		</Style>
		<Placemark>
			<name>Ward no. 1</name>
			<description>Panel No. 1
Census Ward Nos. 1,2,3,20, 5P</description>
			<styleUrl>#msn_ylw-pushpin</styleUrl>
			<Polygon>
				<tessellate>1</tessellate>
				<outerBoundaryIs>
					<LinearRing>
						<coordinates>
							73.15878026210189,19.24394681834142,0 73.1591896252115,19.24398068186709,0 73.15964995875439,19.24407519663759,0 73.15986989651549,19.24362936711066,0 73.16001017145339,19.24363711980021,0 73.16064030446528,19.24371027057382,0 73.16106659344072,19.24379894701132,0 73.16143954146969,19.24395326708972,0 73.1614802377882,19.24400559601332,0 73.16177475572925,19.2441055256054,0 73.16202386954232,19.24419646694167,0 73.16224513324251,19.24429399152953,0 73.16243159346065,19.24434608226542,0 73.16262245932745,19.24426602478184,0 73.1628506420803,19.24400627459408,0 73.16286361208249,19.24399926336942,0 73.16310089139833,19.24379101438416,0 73.16311871668533,19.24377656859223,0 73.16312007549409,19.24371661787153,0 73.16337522325554,19.24338274916606,0 73.16338897805112,19.24330031912104,0 73.16340297885654,19.24323664542317,0 73.1633797787017,19.2430705825039,0 73.1633277089817,19.24296498404068,0 73.16336086185846,19.2429353124301,0 73.16339316960882,19.24292107090203,0 73.16343396852419,19.24286148713803,0 73.16347737639515,19.24284229671272,0 73.16353214127028,19.24277963787901,0 73.16356659341092,19.24274096309465,0 73.16363217984208,19.24269682517708,0 73.1636595287343,19.24266046785857,0 73.16369423634833,19.24260836634123,0 73.16371272693712,19.24256460938369,0 73.16372931747524,19.24252202669187,0 73.1637405936858,19.24247465227358,0 73.1637595661922,19.2424067511304,0 73.16380357619573,19.24240291444252,0 73.1638286386314,19.24241096726071,0 73.16387504862656,19.24240849864761,0 73.16390294565562,19.24241649680974,0 73.16393093467829,19.24242452137448,0 73.16395668178568,19.24242537862313,0 73.16399849663446,19.24243020760018,0 73.1640577825866,19.24243950899056,0 73.16413885150143,19.24245182139448,0 73.16416826323724,19.24246246616044,0 73.16418584691507,19.24246625837353,0 73.16419525267143,19.24244573602175,0 73.16419233897298,19.24242583720057,0 73.16420040631712,19.24240303621224,0 73.16421450401205,19.24236337708504,0 73.16422750933255,19.24229256638724,0 73.16427223301281,19.24220348913032,0 73.16429599113194,19.2421971009601,0 73.16435871833092,19.24221370588209,0 73.16438979960785,19.24221703969717,0 73.16444407651073,19.24224219769611,0 73.16451338218818,19.2422527343094,0 73.16456943687159,19.24227407576967,0 73.16464329986484,19.24230324389038,0 73.16472526291788,19.24232772759621,0 73.16475450676782,19.24235077595877,0 73.16478681437523,19.24235572373636,0 73.16481081094125,19.24237473339091,0 73.16483888757337,19.24237843779407,0 73.16487539134239,19.24239212191107,0 73.16495796064733,19.24241279420276,0 73.16505780911477,19.2424688405493,0 73.16512974708832,19.24238524162727,0 73.16517633759833,19.24229790454489,0 73.16518439291347,19.24218785801905,0 73.1652054394247,19.24216424788305,0 73.16539309925518,19.24216336838046,0 73.16548973255429,19.24212650743075,0 73.1655379737456,19.2421201908237,0 73.16553350100384,19.24209565627046,0 73.16557594775094,19.2420697317161,0 73.16562652671095,19.24206807930925,0 73.16568048717629,19.24206845441454,0 73.16575906110278,19.24206533504303,0 73.16577832302397,19.24215516463892,0 73.16576936675011,19.24221877021221,0 73.16577946122173,19.24225799421358,0 73.16576634035331,19.24232472533865,0 73.16576991648705,19.24235666679767,0 73.16578328416277,19.24239150464865,0 73.16582954575853,19.24239195555319,0 73.16586551101821,19.24239464132274,0 73.16590911839883,19.24240209032449,0 73.16595579734134,19.24240020477552,0 73.16600156367431,19.24243371394795,0 73.166042945982,19.24245325092402,0 73.16609867066573,19.24248039133595,0 73.16614398299656,19.24248105708046,0 73.16627986643724,19.24247580417539,0 73.16630643393674,19.24240930610859,0 73.16634183052268,19.2423775938188,0 73.16635568479467,19.24233701648629,0 73.16646036545541,19.24234680122005,0 73.16654017268931,19.24232756388425,0 73.16660050727045,19.24236541567525,0 73.16660511825697,19.24240911254064,0 73.16662312950656,19.24242895823603,0 73.16671024880304,19.24216796827808,0 73.16670224772056,19.24211283619967,0 73.16670284178369,19.24205863192106,0 73.16672877948963,19.24197016972474,0 73.16679005191864,19.24194200840368,0 73.16682967066782,19.24191439168542,0 73.16703762430265,19.24191943571232,0 73.16708166288635,19.2418734145369,0 73.16727286287677,19.24190983257366,0 73.16731819225419,19.24186387728214,0 73.16736294071899,19.24186747502147,0 73.16740574712409,19.24176846840161,0 73.1674929047614,19.2417693815835,0 73.16750673396463,19.24167088075697,0 73.16757946486233,19.24163407067849,0 73.16762578807827,19.2413528187105,0 73.16757191787549,19.24086684492671,0 73.16761671415232,19.24081151159624,0 73.167629929564,19.24072157988099,0 73.16762399962391,19.24067646374345,0 73.16761522467952,19.24049603755797,0 73.1676184726183,19.24041538401759,0 73.16764230532627,19.24025610565446,0 73.16767527397366,19.23998890538572,0 73.16771008315155,19.23994727266901,0 73.16768920915976,19.23987875590874,0 73.16770620018218,19.23968676088595,0 73.16786154208641,19.23957392167999,0 73.16797104474342,19.23948452675764,0 73.16812481197296,19.23954684529367,0 73.16816358667435,19.23955088124695,0 73.16822524570323,19.23955969417479,0 73.16830433492254,19.23955597601972,0 73.16840197266006,19.23954557030476,0 73.16839562685357,19.23943225980985,0 73.16845093150359,19.23940677808883,0 73.16847251616478,19.23935250254556,0 73.16887047486713,19.23919597510855,0 73.16896923716918,19.23914587799395,0 73.16904213277309,19.23909336238234,0 73.16894817734416,19.23903138374462,0 73.1689681912335,19.2389319032608,0 73.16910535590917,19.23893763042437,0 73.16913233129971,19.23880502701649,0 73.16929919262442,19.23882379565239,0 73.16936631128375,19.2387171142533,0 73.16937524671525,19.23865263134613,0 73.16938564620295,19.23859879277884,0 73.16939945772317,19.23851133023892,0 73.1693651923173,19.23848036212851,0 73.16937724459628,19.23832574224616,0 73.16940386102981,19.23831544799063,0 73.16942431675223,19.23822721688707,0 73.16938500367864,19.23790088468327,0 73.16943024390079,19.23779894877744,0 73.16944935247838,19.2377252610794,0 73.16946937556017,19.23765363705654,0 73.1694399374006,19.23762499846814,0 73.16945414104268,19.23757977710339,0 73.16954780229315,19.23758846476381,0 73.1695639159998,19.2375057702583,0 73.1695536051126,19.23736309912132,0 73.16975198419343,19.23735894563298,0 73.16981594048646,19.23713736794142,0 73.16983770173859,19.23710450614642,0 73.16983917224019,19.23706557511146,0 73.1700224007069,19.23706307345207,0 73.17028537874452,19.23648111120322,0 73.17035510571114,19.2362431752469,0 73.17068697499519,19.23632641975598,0 73.1711181054942,19.23635599948529,0 73.17157801749076,19.23639268635929,0 73.17196096775417,19.23642761184548,0 73.17227039910765,19.23649033208923,0 73.17247711816556,19.23666899111917,0 73.1726870959053,19.23680050131439,0 73.17285841453317,19.2368990593234,0 73.17302735606391,19.2369801236372,0 73.17316050866272,19.23705918144859,0 73.17284434544099,19.23774027816299,0 73.172402473787,19.23770999689171,0 73.17228319288355,19.23796469370229,0 73.17203000496296,19.23835676221233,0 73.17190418376875,19.2389289207602,0 73.17172201910958,19.23901418411001,0 73.17178019131939,19.23955225101058,0 73.17177562630273,19.239818497252,0 73.17150609888753,19.24001864844058,0 73.17114650443114,19.24014156009795,0 73.17099154647937,19.24047847314889,0 73.17096167279833,19.24072485646737,0 73.17097123827214,19.2409766508341,0 73.17086543157694,19.24127085133267,0 73.17087638176717,19.24144975493582,0 73.17088566472174,19.24167789023939,0 73.17089536765899,19.2419180429041,0 73.17090477893527,19.2421653305119,0 73.17090891252496,19.24231700840239,0 73.17090198338863,19.24250949187058,0 73.17088851944206,19.24276715077704,0 73.17088952248184,19.24286072097866,0 73.17093462094869,19.24320780065302,0 73.17098793516114,19.24339956733926,0 73.17098509290766,19.24363429624868,0 73.17094972431411,19.24429631555706,0 73.17093487469417,19.24479289536837,0 73.17072248513563,19.24515557758208,0 73.17168894335701,19.24599229656327,0 73.17247952865984,19.24654704432733,0 73.17326769237931,19.24698870442337,0 73.17398151712943,19.24714302773693,0 73.17455689688087,19.24725218408261,0 73.17544743965949,19.24730908460988,0 73.17567262105254,19.25406806316698,0 73.17541797201177,19.2538634664279,0 73.17174582512752,19.25208801300853,0 73.17104853077953,19.25174430003757,0 73.17082690863732,19.25167180387417,0 73.17020464480288,19.25150077144261,0 73.16986215994061,19.25146477459137,0 73.16956976982353,19.25144473108417,0 73.16899989492448,19.25162548248597,0 73.16762793125663,19.25304103230078,0 73.16558914481901,19.25631300783305,0 73.16397427463065,19.25527274568196,0 73.16175009320278,19.25256179383092,0 73.16104990834417,19.25067652546697,0 73.16072289599262,19.24899732270012,0 73.15826680816529,19.24405828923246,0 73.15878026210189,19.24394681834142,0 
						</coordinates>
					</LinearRing>
				</outerBoundaryIs>
			</Polygon>
		</Placemark>
	</Document>
	<Document>
		<name>Ward no. 2.kml</name>
		<StyleMap id="msn_ylw-pushpin0">
			<Pair>
				<key>normal</key>
				<styleUrl>#sn_ylw-pushpin0</styleUrl>
			</Pair>
			<Pair>
				<key>highlight</key>
				<styleUrl>#sh_ylw-pushpin0</styleUrl>
			</Pair>
		</StyleMap>
		<Style id="sh_ylw-pushpin0">
			<IconStyle>
				<scale>1.3</scale>
				<Icon>
					<href>http://maps.google.com/mapfiles/kml/pushpin/ylw-pushpin.png</href>
				</Icon>
				<hotSpot x="20" y="2" xunits="pixels" yunits="pixels"/>
			</IconStyle>
			<LineStyle>
				<color>ffffff00</color>
				<width>3</width>
			</LineStyle>
			<PolyStyle>
				<fill>0</fill>
			</PolyStyle>
		</Style>
		<Style id="sn_ylw-pushpin0">
			<IconStyle>
				<scale>1.1</scale>
				<Icon>
					<href>http://maps.google.com/mapfiles/kml/pushpin/ylw-pushpin.png</href>
				</Icon>
				<hotSpot x="20" y="2" xunits="pixels" yunits="pixels"/>
			</IconStyle>
			<LineStyle>
				<color>ffffff00</color>
				<width>3</width>
			</LineStyle>
			<PolyStyle>
				<fill>0</fill>
			</PolyStyle>
		</Style>
		<Placemark>
			<name>Ward no. 2</name>
			<description>Panel No. 02
Census Ward Nos. 17,18,19,21</description>
			<styleUrl>#msn_ylw-pushpin0</styleUrl>
			<Polygon>
				<tessellate>1</tessellate>
				<outerBoundaryIs>
					<LinearRing>
						<coordinates>
							73.16332839979593,19.2429567288927,0 73.16326124522126,19.24285900335998,0 73.16318061598851,19.24273407345415,0 73.16312111446105,19.24262408480622,0 73.16304456027967,19.24250420068102,0 73.16299695321474,19.24244755187157,0 73.16291433607292,19.24239209805153,0 73.16281353313408,19.24233750849885,0 73.16271476480065,19.24227563903869,0 73.16265646704797,19.24223522817783,0 73.1625961297888,19.24219433014449,0 73.16252841115804,19.24214319471811,0 73.16241481564337,19.24193833882194,0 73.16238970120367,19.24181646265775,0 73.16241056298595,19.24161469120816,0 73.16257471340805,19.24149802143433,0 73.16266932253953,19.24142508427482,0 73.16270052450901,19.24141475947335,0 73.16279325325279,19.24139403956854,0 73.16282491760099,19.24138836271617,0 73.16289273881344,19.24132051660215,0 73.16293386447767,19.24128505433355,0 73.16297029317032,19.24124395270512,0 73.16301544686212,19.24117940998406,0 73.16309785739527,19.24105079663808,0 73.16319780084224,19.24088385752564,0 73.1632761740709,19.24075758179029,0 73.16332047635898,19.24067073107336,0 73.16334280175538,19.24063721767304,0 73.16334863735516,19.24060636448929,0 73.16338221461865,19.24052680385838,0 73.1634125728241,19.24045663371564,0 73.16342808034926,19.24042880389303,0 73.16345743167,19.24022613130869,0 73.16319086356694,19.24029472831408,0 73.16312688688463,19.24030994726351,0 73.16307510080085,19.24032333570067,0 73.16302206166883,19.24031931733452,0 73.16296172934977,19.24031896184679,0 73.16287100808306,19.24028643970337,0 73.16275328436771,19.24029562799637,0 73.16270105304844,19.24025661411203,0 73.16243757628182,19.24026843478925,0 73.16240996566123,19.24013415581607,0 73.16241500853054,19.2399182338592,0 73.16242482493345,19.23968511916979,0 73.16243936824783,19.23927073136151,0 73.16243884680269,19.23924069317381,0 73.16240671171659,19.23912596598297,0 73.16211565969486,19.23914414290988,0 73.16205183785065,19.23914706875027,0 73.16178899559701,19.23914217287143,0 73.1617408011666,19.23901002636095,0 73.16165590875357,19.23889706140482,0 73.16152564424029,19.23885393844327,0 73.1613684495946,19.23885487679209,0 73.16124855446351,19.23878847192856,0 73.16113847922338,19.23871296764613,0 73.16102263187803,19.23863172326086,0 73.16101192598997,19.23859795362418,0 73.16110717438561,19.23822169775604,0 73.16135021417526,19.23820507412929,0 73.16132140461391,19.23780532980141,0 73.16138243047833,19.23779721306434,0 73.16141821771146,19.23780024051225,0 73.16145426220326,19.23780028269249,0 73.16144003319066,19.23768553515432,0 73.16147861493472,19.23759357081195,0 73.16149736923805,19.23754387566693,0 73.16155555832513,19.23747465766526,0 73.16174764514747,19.23762610765544,0 73.1618501877545,19.23769170279591,0 73.16196243306416,19.2377622523916,0 73.16215353188025,19.23781668281621,0 73.16225241049001,19.23784431215341,0 73.16229966114518,19.23785751524594,0 73.16235390412585,19.23786600130539,0 73.16237674107039,19.23786778738187,0 73.16251200302224,19.23791684923513,0 73.1626010025869,19.23790071413715,0 73.16266737364477,19.23790621295477,0 73.16277582040972,19.2379170249632,0 73.16282580858122,19.23792039574565,0 73.16291058126005,19.23789852049093,0 73.16296555193942,19.23789018640481,0 73.1630105506953,19.23789017522183,0 73.16305848709302,19.23789514997251,0 73.1631002942727,19.23790348818573,0 73.1631548489848,19.23790012960864,0 73.16322164783692,19.23789344545608,0 73.16331101588644,19.23794078670059,0 73.16332972609703,19.23780463035518,0 73.16334412814021,19.2377849342047,0 73.16336285118015,19.23774628248382,0 73.16338808787205,19.23769812778929,0 73.16344137250607,19.23762554402976,0 73.16347916276604,19.23763665152057,0 73.16353051967631,19.2375744937343,0 73.16356475683854,19.23746575696647,0 73.16358597985985,19.23738789288333,0 73.16360465132463,19.23731714557524,0 73.16361716047304,19.23727725609611,0 73.163666633869,19.23720207571952,0 73.16368289741332,19.23715290445621,0 73.16371249524563,19.23704836658461,0 73.16361959467284,19.23697950805746,0 73.16361569816935,19.23693938978125,0 73.16379681416248,19.23664358324005,0 73.16382994687613,19.23659284613012,0 73.16397617998565,19.23645580366369,0 73.16404612570359,19.23644779692298,0 73.1641296202159,19.23638386292417,0 73.16422475440328,19.23637359094112,0 73.16433526525788,19.23635150131978,0 73.16436347590826,19.23634461242341,0 73.16447099921851,19.23634249618778,0 73.16454904127482,19.2363222703839,0 73.16457445101499,19.23643759791863,0 73.16458464119583,19.23646837039047,0 73.16462759498803,19.23654531522075,0 73.16467658186741,19.2366504984884,0 73.16471248352474,19.23674151874327,0 73.16474635782936,19.23684172176678,0 73.16478114859534,19.23695312779117,0 73.16480932901642,19.23705080908984,0 73.16481636196309,19.23713599495174,0 73.1648203669517,19.2371770973951,0 73.1648169684496,19.23723000824003,0 73.16481824191609,19.23728665707443,0 73.1648087117094,19.23737250324423,0 73.16478851471884,19.23750192090422,0 73.16476837600526,19.23760808690212,0 73.16473598047691,19.23775411304904,0 73.16470476912914,19.2378484667388,0 73.16468326407845,19.23796167701659,0 73.16475417203857,19.23801450316286,0 73.16486048097875,19.23802748506131,0 73.16497395279345,19.2380503985511,0 73.16516673648717,19.23810531876895,0 73.16523383901341,19.23812767749729,0 73.16536260465666,19.23816909036358,0 73.1654087191686,19.23818238515025,0 73.16548041267922,19.23819729371826,0 73.16555092877486,19.2382098471037,0 73.16561784303306,19.23822435150469,0 73.1656918365782,19.23824511834763,0 73.16576490878663,19.2382683393154,0 73.16584053886545,19.23828739772396,0 73.16596026552037,19.23830992652778,0 73.16602287256025,19.238315962009,0 73.16610546198507,19.23831580911275,0 73.16613348261643,19.23831550294487,0 73.16615971312802,19.23829751973371,0 73.16617104292811,19.23828571778178,0 73.16618664995715,19.23824350527521,0 73.16619079553668,19.23820626299455,0 73.16619130693988,19.23814866991224,0 73.16619467398486,19.23808485893827,0 73.16620071327463,19.23801740462581,0 73.16620465176992,19.23790949782156,0 73.16628308824924,19.23779409244284,0 73.16639208945747,19.23776080140821,0 73.16645546300379,19.23774148589529,0 73.16654724464982,19.23773340688176,0 73.16659207723063,19.23772940682288,0 73.16675392099103,19.23770253308536,0 73.16693077337011,19.23755594667177,0 73.16695025118337,19.23753882039999,0 73.16710690249435,19.23745417548001,0 73.1671866760464,19.23754756588953,0 73.16709285375607,19.23799946546,0 73.16732127408221,19.23805356797833,0 73.16738212236073,19.23801318701928,0 73.16745492163918,19.23783737821556,0 73.16754349738426,19.23766327849041,0 73.16755573346836,19.23764024734065,0 73.16763975922876,19.23755286094057,0 73.16776616207528,19.23742408045222,0 73.16790384661863,19.23727576405664,0 73.1680124476116,19.2371643392001,0 73.16809320556794,19.23707717885128,0 73.16812617147147,19.23704309193121,0 73.1681786035558,19.23699581572916,0 73.16824670652625,19.23692548103739,0 73.16831355930053,19.23686322555232,0 73.16837507123448,19.23681078559685,0 73.16845444018472,19.23673758262275,0 73.16850207818305,19.23669296168942,0 73.16853401551442,19.23663887386945,0 73.1685458924279,19.23661408029885,0 73.1685350084316,19.23655312918698,0 73.16868945028577,19.23628646671497,0 73.16887534693858,19.23627730693663,0 73.16892299510317,19.2362725936426,0 73.16898592381784,19.23625529626368,0 73.16905057434464,19.23623565893299,0 73.16914939285192,19.23621788941766,0 73.16923472978526,19.23620303022547,0 73.16925391543133,19.23619759987467,0 73.16936921202137,19.23615976089709,0 73.16944469032477,19.23613165992125,0 73.16949419719401,19.23611280045759,0 73.16953151799814,19.23610035296362,0 73.16969069470636,19.23613279681663,0 73.16984774428356,19.23616643324024,0 73.17000961251514,19.23620744465909,0 73.17009664872688,19.2362277864614,0 73.17017843611544,19.23623382911167,0 73.1702741232811,19.23624695186796,0 73.17031854171036,19.23624859184423,0 73.17035604270022,19.23624028938454,0 73.17030824729241,19.23640629571169,0 73.170292726298,19.23646841241611,0 73.17025660344797,19.23655203980944,0 73.17020815651736,19.23666297536064,0 73.17014477809485,19.23680259148286,0 73.17010251043673,19.23689373129511,0 73.17002203233129,19.23706536594122,0 73.16984270166654,19.23705735947474,0 73.16982600121683,19.23711841432215,0 73.16980600052079,19.23715415027649,0 73.16974931498764,19.23736081377999,0 73.16954757479917,19.23736338686965,0 73.16956147882948,19.23752593346638,0 73.16954755923334,19.23759118825081,0 73.16948651684055,19.23758035563584,0 73.16944968170969,19.23757568824418,0 73.16943992983708,19.23762835098223,0 73.16946907340437,19.23764987147279,0 73.16943665880765,19.2377777748782,0 73.16938599894722,19.2379042525418,0 73.16940537162021,19.23803585944531,0 73.16941202842851,19.23813750918141,0 73.16941704819133,19.23818961328809,0 73.16942679848144,19.23822110625176,0 73.16940870413885,19.23832314365998,0 73.1693778761295,19.23831988610688,0 73.16936840932122,19.2384949601294,0 73.16940076826255,19.23850642995664,0 73.16938500257427,19.23863451442172,0 73.16935697973152,19.23872713062978,0 73.16929775425572,19.23882863950227,0 73.16913328795158,19.23881172078565,0 73.16910786828112,19.23894049384528,0 73.16896696527414,19.23893440900356,0 73.16894817943485,19.23902873919424,0 73.16904458811393,19.23908871136687,0 73.16898875777132,19.23913893709351,0 73.1689011711205,19.23917693704414,0 73.16886662012151,19.23919298836298,0 73.1687389242071,19.23924275945056,0 73.16859764373082,19.23930103103472,0 73.16847291449257,19.2393545356334,0 73.1684449373129,19.23940477784728,0 73.16839835190056,19.23943598435789,0 73.16839409963815,19.23954942644005,0 73.16829510948142,19.23955546650118,0 73.16823601266331,19.23956104264146,0 73.16815744807454,19.23955197494588,0 73.16812093272114,19.2395443255476,0 73.16804207643474,19.23951392783993,0 73.16796530266512,19.2394876820198,0 73.16789301765797,19.2395505787343,0 73.16783513637833,19.23959475427568,0 73.16770654556437,19.23968545170541,0 73.16770195238895,19.23975982920197,0 73.16769658799392,19.23980786501776,0 73.16769165268025,19.23985806399145,0 73.16769258906194,19.23988768663813,0 73.16770675607735,19.23995470596243,0 73.16767436926096,19.23998936821348,0 73.16766666098731,19.24004962830903,0 73.1676524014245,19.24013501055707,0 73.1676435680524,19.24023981713835,0 73.16763507895756,19.24030829937636,0 73.16762117851226,19.24037559958072,0 73.16761392547137,19.24041345631844,0 73.16761175888952,19.24048646976596,0 73.16761380955316,19.24054878392199,0 73.16761862046103,19.24062564628998,0 73.16762721132439,19.24070748565638,0 73.16761739262608,19.24079935666816,0 73.16757860360275,19.24085914381224,0 73.16761471238311,19.24128282797157,0 73.16762162539753,19.24135273704731,0 73.16761998582471,19.24140109223834,0 73.16761077825485,19.24146482180653,0 73.16757971426198,19.24163368802002,0 73.16750479163771,19.24167363642378,0 73.16748950400805,19.24177179322047,0 73.16740565467772,19.24176873662848,0 73.16736198979481,19.241864696367,0 73.16731526091449,19.24187618119048,0 73.16727459350027,19.24190832596699,0 73.16706137770898,19.24187450052536,0 73.16704858758558,19.24191483181086,0 73.16701320426355,19.24191422321896,0 73.16695173469765,19.24190781868241,0 73.16689548168911,19.24191084395376,0 73.16682928928272,19.24191666444362,0 73.16680007536976,19.24194574872626,0 73.16672136759766,19.24196831080822,0 73.16671059251928,19.24203276910594,0 73.1667039009868,19.24208999248168,0 73.16670517685692,19.24216677362945,0 73.16662701113864,19.24243017082306,0 73.16660610794906,19.242409309184,0 73.16660211696814,19.24236436795417,0 73.16656284273739,19.24233940982367,0 73.16652969588407,19.24232741327612,0 73.16646234791907,19.24234233687949,0 73.16636032072829,19.24233489208761,0 73.16634373712868,19.24237733910335,0 73.16630246532822,19.24241058550535,0 73.16627499396317,19.24247684149758,0 73.16611594303075,19.24247483728107,0 73.16607276972935,19.24246881388947,0 73.16596051131033,19.2424045531516,0 73.16590171191211,19.24240127001887,0 73.16579261374854,19.24238942513933,0 73.16577487722759,19.24235992887783,0 73.16578077988243,19.24226591741373,0 73.16576960242925,19.24222926246522,0 73.16577838809417,19.24216302074491,0 73.16576052621429,19.24206980974724,0 73.16571792125143,19.24206198440444,0 73.16562013630191,19.24206832706303,0 73.16559449376071,19.24206572271749,0 73.16553302022176,19.24209179377838,0 73.16554151678467,19.24211138535421,0 73.16538347389891,19.24216556416141,0 73.16520113190499,19.24215880149624,0 73.16518707991106,19.24219417099355,0 73.1651788465132,19.2422510813107,0 73.16517691414759,19.242289692216,0 73.16514960901146,19.2423445743738,0 73.16512992191679,19.24238501980489,0 73.16505634247434,19.24246599879458,0 73.16499413648559,19.2424355754149,0 73.16490641198149,19.24239799957939,0 73.16481888952232,19.24237604804059,0 73.1647648987033,19.24235218047051,0 73.1646681945098,19.2423133898607,0 73.16459509596429,19.24228649079928,0 73.16453952619366,19.24226093275042,0 73.16445456449074,19.24224412458908,0 73.16442490400648,19.24223549810676,0 73.16439087615396,19.24221752816793,0 73.16434740281143,19.24220754545124,0 73.16430718386393,19.24220126035018,0 73.16427595366426,19.24219470680558,0 73.16424544650646,19.24224907931059,0 73.16422596556222,19.24228494766545,0 73.16420488867892,19.2423956762174,0 73.16418685030739,19.2424691404767,0 73.1641318761975,19.24245161031597,0 73.16406032160812,19.24243724875837,0 73.16397936666796,19.24242365052468,0 73.16389682160035,19.24240876008902,0 73.16387044289885,19.24240737780022,0 73.16384628442589,19.24241241658121,0 73.1638080327003,19.24240489446209,0 73.16375742570007,19.2424150448278,0 73.16372576255667,19.24252929232609,0 73.16369975642004,19.24259937326491,0 73.16366486328947,19.24265483884713,0 73.16363293866335,19.24269382534428,0 73.16357898167036,19.24273126245504,0 73.16353840926458,19.24277200673639,0 73.16348043010117,19.24283951612514,0 73.16342375419433,19.24287175949812,0 73.16339425968194,19.24292173588749,0 73.16332839979593,19.2429567288927,0 
						</coordinates>
					</LinearRing>
				</outerBoundaryIs>
			</Polygon>
		</Placemark>
	</Document>
	<Document>
		<name>Ward no. 3.kml</name>
		<StyleMap id="msn_ylw-pushpin1">
			<Pair>
				<key>normal</key>
				<styleUrl>#sn_ylw-pushpin1</styleUrl>
			</Pair>
			<Pair>
				<key>highlight</key>
				<styleUrl>#sh_ylw-pushpin1</styleUrl>
			</Pair>
		</StyleMap>
		<Style id="sh_ylw-pushpin1">
			<IconStyle>
				<scale>1.3</scale>
				<Icon>
					<href>http://maps.google.com/mapfiles/kml/pushpin/ylw-pushpin.png</href>
				</Icon>
				<hotSpot x="20" y="2" xunits="pixels" yunits="pixels"/>
			</IconStyle>
			<LineStyle>
				<color>ffffff00</color>
				<width>3</width>
			</LineStyle>
			<PolyStyle>
				<fill>0</fill>
			</PolyStyle>
		</Style>
		<Style id="sn_ylw-pushpin1">
			<IconStyle>
				<scale>1.1</scale>
				<Icon>
					<href>http://maps.google.com/mapfiles/kml/pushpin/ylw-pushpin.png</href>
				</Icon>
				<hotSpot x="20" y="2" xunits="pixels" yunits="pixels"/>
			</IconStyle>
			<LineStyle>
				<color>ffffff00</color>
				<width>3</width>
			</LineStyle>
			<PolyStyle>
				<fill>0</fill>
			</PolyStyle>
		</Style>
		<Placemark>
			<name>Ward no. 3</name>
			<description>Panel No. 03
Census Ward Nos. 4,5P,6,16</description>
			<styleUrl>#msn_ylw-pushpin1</styleUrl>
			<Polygon>
				<tessellate>1</tessellate>
				<outerBoundaryIs>
					<LinearRing>
						<coordinates>
							73.15743894432185,19.2430086929378,0 73.15725723884243,19.24276506312839,0 73.1571290371089,19.24257993935151,0 73.15699574537166,19.24250551936801,0 73.15686801752248,19.24234852105476,0 73.15653795746059,19.24209537356076,0 73.15627315305564,19.24187107674782,0 73.15590904852222,19.24163904319082,0 73.15566701068894,19.24147943239711,0 73.1554397898888,19.2413305722311,0 73.15531458563312,19.24125441152621,0 73.15520979190167,19.2411914983864,0 73.15477304737013,19.24094254400862,0 73.15478752512138,19.24062346695171,0 73.15457305891319,19.24027798955645,0 73.15448809821855,19.23993390043072,0 73.15435975664525,19.23926582865306,0 73.15421207385205,19.23850508604861,0 73.15434136779626,19.23849232875269,0 73.15451215363605,19.23844814346198,0 73.15467286231078,19.23841321937032,0 73.15481156548313,19.23839530807709,0 73.15491733400535,19.2383767480266,0 73.15508517583156,19.23832658352135,0 73.15535737365099,19.23825571030587,0 73.15580849233456,19.23814017119642,0 73.15568326866061,19.23851594194252,0 73.15569807125672,19.23859197286791,0 73.15569872738533,19.23863259877206,0 73.15570731174651,19.23868204462388,0 73.1563409411421,19.23890659194944,0 73.15640483443596,19.2388734818403,0 73.15660338056631,19.23906198655331,0 73.15685116038311,19.23927069762772,0 73.15687277092729,19.23922401463744,0 73.15705134404332,19.23939991382238,0 73.15721715024142,19.23920546472948,0 73.15784498510196,19.23974158568234,0 73.15793577731665,19.23952649738332,0 73.15796074933641,19.23937392713652,0 73.15813897682042,19.23895153473099,0 73.15834807001531,19.23835411261657,0 73.15856052527053,19.23820780750301,0 73.15883483800378,19.23818835148771,0 73.15890350318816,19.23805482842899,0 73.1589454273447,19.23792723953724,0 73.15907755441785,19.23774905111248,0 73.15957825402181,19.23739696555091,0 73.15958113945373,19.23760144054649,0 73.15978331955101,19.23783968344436,0 73.15990064436431,19.23803943032241,0 73.16004834536662,19.2383086959098,0 73.16033368303178,19.23837480518431,0 73.16059423749911,19.23844409182852,0 73.16081838351114,19.23850597332197,0 73.16099316898716,19.23859384315099,0 73.16101466377538,19.23861861504493,0 73.16102322219287,19.23863906968164,0 73.16118713808608,19.23875321962029,0 73.16128702605359,19.23881704500464,0 73.16137902398992,19.23885280051338,0 73.16151249107395,19.23885567598414,0 73.16162785101372,19.23887695675985,0 73.16166043689621,19.23890254655687,0 73.16170447506366,19.23896569441724,0 73.16173057871686,19.23900718148593,0 73.16179237336659,19.23914793111456,0 73.16205358354156,19.23914599253859,0 73.16239937573619,19.23912725728367,0 73.16243505040673,19.23921923718897,0 73.16243748614649,19.23929200845356,0 73.16242491375172,19.23953511516374,0 73.16241632254845,19.2397539979012,0 73.16241250233219,19.2399385636051,0 73.16241230717253,19.24016054191161,0 73.16243214470876,19.24027972859951,0 73.1626584910955,19.24025669531739,0 73.16270722045697,19.24025668454848,0 73.16275824136414,19.24029702304441,0 73.16287021044253,19.24028735168226,0 73.1629627459983,19.24032454607546,0 73.16304766711336,19.24032135438489,0 73.16311460194396,19.24031302014255,0 73.16326517387211,19.24027313609787,0 73.16345296749107,19.24022345768703,0 73.16343396043546,19.24040211758743,0 73.16339526347782,19.24050691590345,0 73.16329706538266,19.24071981520933,0 73.16314216258729,19.24097561605053,0 73.1629935112876,19.24121796417451,0 73.16283132957908,19.24139098575758,0 73.16267360121346,19.24142447201895,0 73.16241972241421,19.24160603965634,0 73.16240916102029,19.24168985967068,0 73.16239192544734,19.24178911126137,0 73.16240697855154,19.24192696602326,0 73.16250616696003,19.24211014328047,0 73.16253254016711,19.24215194347725,0 73.16270730455439,19.24227198830691,0 73.16280886165856,19.24233296365458,0 73.16292785623922,19.2424036678691,0 73.16298786597844,19.24244416124371,0 73.16307006277474,19.24253467754332,0 73.16313605368202,19.2426503835523,0 73.1631880784545,19.24275868937335,0 73.16326286415641,19.24287079384299,0 73.16332313320892,19.24296238763065,0 73.16338225604629,19.24307610056641,0 73.16340337200458,19.24323200999651,0 73.16337753883001,19.24338044955966,0 73.16311949435224,19.24372515408512,0 73.16311794183213,19.24377863935085,0 73.16285915954475,19.24400194480185,0 73.16262532663455,19.24426585936287,0 73.16243341739356,19.24434607203571,0 73.16222858075912,19.24429069098514,0 73.16204576486412,19.2442069731461,0 73.16191667517212,19.24415957948793,0 73.1617624540189,19.24409719830065,0 73.16166087181423,19.2440536650603,0 73.16145831837902,19.24396083143365,0 73.16141314645084,19.24394256391841,0 73.16082143649324,19.24375437587829,0 73.16022825526609,19.24364917226498,0 73.15982312453754,19.24362678202538,0 73.15963412423756,19.24407435949224,0 73.15927639241436,19.24402145464297,0 73.15884363857286,19.24395895347579,0 73.15864227129886,19.24402858636656,0 73.1583207704431,19.24407956460638,0 73.15743894432185,19.2430086929378,0 
						</coordinates>
					</LinearRing>
				</outerBoundaryIs>
			</Polygon>
		</Placemark>
	</Document>
	<atom:link rel="app" href="https://www.google.com/earth/about/versions/#earth-pro" title="Google Earth Pro 7.3.6.10201"></atom:link>
</Folder>
</kml>
