<?xml version="1.0" encoding="UTF-8"?>
<kml xmlns="http://www.opengis.net/kml/2.2" xmlns:gx="http://www.google.com/kml/ext/2.2" xmlns:kml="http://www.opengis.net/kml/2.2" xmlns:atom="http://www.w3.org/2005/Atom">
<Folder>
	<name>Temporary Places</name>
	<open>1</open>
	<Document>
		<name>Ward No. 1.kml</name>
		<StyleMap id="m_ylw-pushpin">
			<Pair>
				<key>normal</key>
				<styleUrl>#s_ylw-pushpin</styleUrl>
			</Pair>
			<Pair>
				<key>highlight</key>
				<styleUrl>#s_ylw-pushpin_hl</styleUrl>
			</Pair>
		</StyleMap>
		<Style id="s_ylw-pushpin">
			<IconStyle>
				<scale>1.1</scale>
				<Icon>
					<href>http://maps.google.com/mapfiles/kml/pushpin/ylw-pushpin.png</href>
				</Icon>
				<hotSpot x="20" y="2" xunits="pixels" yunits="pixels"/>
			</IconStyle>
			<LineStyle>
				<color>ffffff55</color>
				<width>3</width>
			</LineStyle>
			<PolyStyle>
				<fill>0</fill>
			</PolyStyle>
		</Style>
		<Style id="s_ylw-pushpin_hl">
			<IconStyle>
				<scale>1.3</scale>
				<Icon>
					<href>http://maps.google.com/mapfiles/kml/pushpin/ylw-pushpin.png</href>
				</Icon>
				<hotSpot x="20" y="2" xunits="pixels" yunits="pixels"/>
			</IconStyle>
			<LineStyle>
				<color>ffffff55</color>
				<width>3</width>
			</LineStyle>
			<PolyStyle>
				<fill>0</fill>
			</PolyStyle>
		</Style>
		<Placemark>
			<name>Ward No. 1.kml</name>
			<styleUrl>#m_ylw-pushpin</styleUrl>
			<Polygon>
				<tessellate>1</tessellate>
				<outerBoundaryIs>
					<LinearRing>
						<coordinates>
							73.84108623411861,20.06749448794234,0 73.83863429200017,20.06742213700008,0 73.83288579300016,20.06815803300004,0 73.83150420500006,20.06607910800007,0 73.82413664800002,20.068386204,0 73.82413252500012,20.06838073000008,0 73.82290889900014,20.06900200600015,0 73.82105235400009,20.07035713800018,0 73.81895679800007,20.07192990100002,0 73.81661638000006,20.07296934000014,0 73.81696852000006,20.0755045550002,0 73.81674655900008,20.07666066700011,0 73.81573150700011,20.07822870400009,0 73.81357657200007,20.0788235950002,0 73.81102946200018,20.07895574100012,0 73.80478257800004,20.08017420200012,0 73.80407597700011,20.08065855200005,0 73.80398438300017,20.08067851400011,0 73.80044184800008,20.07987521100016,0 73.80023692900008,20.07972230100013,0 73.80007758200013,20.07961297800005,0 73.79966072100001,20.07920004300008,0 73.79836189100001,20.07843380000001,0 73.79834135900009,20.07841757800009,0 73.79449799578397,20.07541713545304,0 73.79449542500002,20.0754196350001,0 73.79159721709276,20.07322367126303,0 73.79187830100003,20.07462248900005,0 73.79150409100015,20.07576376900015,0 73.79126022000013,20.07660960100015,0 73.79072305900019,20.07847282700013,0 73.78945393200007,20.07902593300006,0 73.78882608300007,20.08125351400008,0 73.78843583100011,20.08256430500008,0 73.78818148500004,20.08293317800014,0 73.78637094099997,20.08302708600009,0 73.78524877800012,20.08312977800006,0 73.78463129800019,20.08278109100008,0 73.78296439300003,20.08306083200004,0 73.78234115800007,20.08297495000004,0 73.78181314400007,20.08252163400002,0 73.78169762300001,20.08216219900003,0 73.78009552800006,20.08216219900003,0 73.77947594900004,20.08206187600017,0 73.77929345563908,20.08201970800457,0 73.77944784486832,20.08167220267889,0 73.77980049765959,20.080442635605,0 73.77997928766224,20.07947262787778,0 73.78010915279529,20.07841640150687,0 73.78034422482182,20.07735266161981,0 73.78023646789428,20.07638490532244,0 73.78000503775203,20.07597971469019,0 73.77920270166116,20.07497269215142,0 73.77864054375355,20.07405925097681,0 73.77856004219112,20.07350057728049,0 73.7787403942216,20.07206849820771,0 73.77918515733543,20.07044704888662,0 73.78008415134403,20.06808029674737,0 73.78036566787821,20.06742054430112,0 73.78123767813719,20.06504090613055,0 73.78184360689352,20.06383827754629,0 73.78279164396176,20.06210527963938,0 73.78343823605732,20.06101969879684,0 73.78450758945844,20.05916517488604,0 73.78540489783673,20.0576119612766,0 73.78624229157032,20.056258754771,0 73.7873620466239,20.05437231221085,0 73.78872774343945,20.05197051824783,0 73.79034400715067,20.04913881909938,0 73.79182593657556,20.04665569340003,0 73.79204591534192,20.04630856183058,0 73.79273148454227,20.04506530512423,0 73.79342809812083,20.04356782426797,0 73.7939252390713,20.04222969156922,0 73.79427572255442,20.0403636389901,0 73.79514072055163,20.03407603086151,0 73.79614367632028,20.03417116382721,0 73.79710144842591,20.03426204919189,0 73.79763726241374,20.03423793147111,0 73.79902941184754,20.03417505916092,0 73.7991723358865,20.03401673644623,0 73.79924165350064,20.03337096281417,0 73.79950589301278,20.03333999466967,0 73.80105179114159,20.03315760221252,0 73.80219132293198,20.03302311192128,0 73.80285163827274,20.03294534161851,0 73.80295501842278,20.03293296895837,0 73.80322003047408,20.03289879302172,0 73.80327640122947,20.03289149683552,0 73.80414509908496,20.03279209027689,0 73.80525827538548,20.03266460685033,0 73.805276382133,20.03266260703455,0 73.80528731119796,20.0326612961338,0 73.80532096884635,20.03265793545001,0 73.8062514375403,20.03256636233235,0 73.80709229885349,20.03244683783155,0 73.80710802130855,20.03244455688749,0 73.80778083278973,20.03236216990461,0 73.80783183883288,20.03235594543661,0 73.80912414372277,20.03222308769118,0 73.81042114261382,20.03208964675649,0 73.81066508572152,20.03206739092056,0 73.81084447814293,20.03204399360654,0 73.81160133761294,20.03194499066796,0 73.81230869580996,20.03182996466376,0 73.81310194613128,20.03166031511739,0 73.81321672787202,20.03174555858201,0 73.81506330042309,20.03171585827854,0 73.81785698289373,20.03190784500004,0 73.82000725484752,20.03175342628776,0 73.82001656031363,20.03175282946786,0 73.82140534485096,20.03170418029567,0 73.8214901510142,20.03170112879581,0 73.8214926000519,20.03170123684191,0 73.82431727065907,20.03182578218998,0 73.82640648765005,20.03201538115809,0 73.82692236743181,20.03206186626663,0 73.8269291309709,20.03206245055508,0 73.82741971670083,20.03210525166459,0 73.82888701722283,20.03223183403473,0 73.83013499379702,20.03225357039581,0 73.83129999898283,20.03226455732812,0 73.83235119417348,20.03227347991119,0 73.83447548730088,20.03213225239366,0 73.83451575492258,20.0321152928774,0 73.83456247243406,20.03241416480622,0 73.83473283223584,20.03409017738119,0 73.83476814307386,20.03530710570782,0 73.83477400211068,20.03549998551564,0 73.8347776350172,20.03562913274255,0 73.83478237080935,20.03578586581265,0 73.83478474800042,20.03585405077697,0 73.83484563171027,20.03758780761016,0 73.83488341825756,20.03867050560482,0 73.83486116895895,20.03882531138897,0 73.83487065911821,20.03918303156279,0 73.83489709818413,20.04018611564338,0 73.83492150887633,20.04111688693206,0 73.83492177019082,20.04112414675049,0 73.83500528088436,20.04280197328508,0 73.83497556092233,20.04341217532572,0 73.83505659709019,20.04561980280096,0 73.83506412105589,20.04571384738496,0 73.8351142295969,20.04633818071251,0 73.83518875933071,20.04837404660018,0 73.83518994069338,20.04840588448336,0 73.83528732475091,20.05003516259007,0 73.83528792503135,20.05004435584531,0 73.8352588934378,20.05120598312005,0 73.83525826596353,20.05122975925407,0 73.83526450422825,20.05136066400027,0 73.83530157953778,20.05213596624218,0 73.83539917177684,20.05417778217507,0 73.83544109998387,20.05505568045508,0 73.83572314322656,20.05782738876742,0 73.83560260353944,20.05970481338482,0 73.8360761592814,20.06480388658057,0 73.83711921239041,20.06490565471575,0 73.83815073362756,20.06501615557905,0 73.84033493190525,20.06686029636153,0 73.84108623411861,20.06749448794234,0 
						</coordinates>
					</LinearRing>
				</outerBoundaryIs>
			</Polygon>
		</Placemark>
	</Document>
	<Document>
		<name>Ward No. 2.kml</name>
		<StyleMap id="m_ylw-pushpin0">
			<Pair>
				<key>normal</key>
				<styleUrl>#s_ylw-pushpin0</styleUrl>
			</Pair>
			<Pair>
				<key>highlight</key>
				<styleUrl>#s_ylw-pushpin_hl0</styleUrl>
			</Pair>
		</StyleMap>
		<Style id="s_ylw-pushpin0">
			<IconStyle>
				<scale>1.1</scale>
				<Icon>
					<href>http://maps.google.com/mapfiles/kml/pushpin/ylw-pushpin.png</href>
				</Icon>
				<hotSpot x="20" y="2" xunits="pixels" yunits="pixels"/>
			</IconStyle>
			<LineStyle>
				<color>ffffff55</color>
				<width>3</width>
			</LineStyle>
			<PolyStyle>
				<fill>0</fill>
			</PolyStyle>
		</Style>
		<Style id="s_ylw-pushpin_hl0">
			<IconStyle>
				<scale>1.3</scale>
				<Icon>
					<href>http://maps.google.com/mapfiles/kml/pushpin/ylw-pushpin.png</href>
				</Icon>
				<hotSpot x="20" y="2" xunits="pixels" yunits="pixels"/>
			</IconStyle>
			<LineStyle>
				<color>ffffff55</color>
				<width>3</width>
			</LineStyle>
			<PolyStyle>
				<fill>0</fill>
			</PolyStyle>
		</Style>
		<Placemark>
			<name>Ward No. 2.kml</name>
			<styleUrl>#m_ylw-pushpin0</styleUrl>
			<Polygon>
				<tessellate>1</tessellate>
				<outerBoundaryIs>
					<LinearRing>
						<coordinates>
							73.81591906158916,20.00096779694767,0 73.81552097053157,20.00075132269507,0 73.81544792721495,19.99981328654909,0 73.81580563918602,19.99909786725832,0 73.8162151931907,19.99564590983756,0 73.81572752536859,19.99483085624382,0 73.81786771073948,19.99251118163584,0 73.8225587185328,19.98963370499734,0 73.82604027655796,19.98873227123149,0 73.82966807716582,19.98753176627411,0 73.83603834229085,19.98444070160438,0 73.8387667167745,19.98408985097429,0 73.84151197824491,19.98521887212557,0 73.84273318218696,19.98705771301436,0 73.84421816994796,19.98974184687441,0 73.84805757641813,19.98892244148526,0 73.85061113653953,19.9891440668617,0 73.85305962165458,19.98998972473369,0 73.85830724796678,19.98644603296724,0 73.85944521900034,19.98774147200031,0 73.86050337400023,19.99445597600023,0 73.86015410159065,19.99692566008378,0 73.86015406175549,19.99692591566831,0 73.85976496600006,19.99937147300006,0 73.8589594700002,20.00154287100031,0 73.85836411600033,20.0033610440002,0 73.85722163300021,20.01006195200024,0 73.8570539430002,20.01135694700018,0 73.8633519920002,20.01015529800032,0 73.86356593500022,20.01035951400034,0 73.86692781800031,20.01017740500029,0 73.86726818400022,20.01008410800029,0 73.87297344700021,20.0098898120002,0 73.87415392200027,20.01905357300036,0 73.87411683300031,20.01917345200024,0 73.87432962100033,20.01917866800032,0 73.87454949600031,20.01917588200026,0 73.87476970100033,20.01921607200021,0 73.87477334400019,20.01929475600033,0 73.87554959100019,20.02212317700032,0 73.87569869500028,20.02503322200031,0 73.87656020100033,20.02711141200031,0 73.8769892910003,20.03085090400028,0 73.87681823300018,20.03286028500018,0 73.87650330500024,20.04116455900018,0 73.87785534800028,20.0411177040003,0 73.88001888200024,20.04150920000036,0 73.88273129200032,20.04277212100032,0 73.88750129900019,20.04371666300031,0 73.89179473000024,20.04408380900031,0 73.89422898400022,20.04472920200033,0 73.89565476400024,20.04463600100035,0 73.90083872800035,20.04553352400027,0 73.90155593400019,20.05158386100021,0 73.90239916900023,20.05654330800031,0 73.89923052600034,20.05893180000022,0 73.89893545300016,20.05883960600023,0 73.8943457770002,20.05978666700017,0 73.8921829890003,20.06089637000024,0 73.8901742810002,20.06136604500028,0 73.8898534490003,20.06143198600032,0 73.87784015300036,20.06487173200018,0 73.87620110700028,20.06607406100027,0 73.8733961910002,20.06750247000024,0 73.87174553500022,20.06897790300037,0 73.8701855640002,20.07107705200024,0 73.86851501600036,20.07027225800027,0 73.86650912100021,20.0696489350003,0 73.86649607964235,20.06907278486878,0 73.86650912300021,20.06965104700029,0 73.86562579000022,20.06951036700038,0 73.86391027100029,20.06887509300022,0 73.85971228400032,20.06841048500032,0 73.85533407400027,20.06879355500022,0 73.85131773500022,20.07104201900027,0 73.8485653820003,20.07375632800024,0 73.84449228800027,20.07381789800036,0 73.84364688900023,20.07183460500031,0 73.84349725400018,20.07010783300025,0 73.84304276400024,20.0686270630003,0 73.84303575500029,20.06863117000037,0 73.84108628862538,20.06749456446855,0 73.84033493190525,20.06686029636153,0 73.83815084800031,20.06501620000023,0 73.83711921239041,20.06490565471575,0 73.83607618273345,20.06480391650133,0 73.83560262097127,20.05970509614422,0 73.83572315557296,20.05782736018153,0 73.83544120607363,20.05505728221787,0 73.83525826046639,20.05122976424912,0 73.83528796135086,20.05004373894021,0 73.83519003365247,20.04840633045708,0 73.83511429112414,20.04633848743213,0 73.83505656065849,20.04561964303747,0 73.83497553142961,20.0434120154729,0 73.8350052803998,20.04280125088298,0 73.83492163368096,20.04112083924691,0 73.83486122915247,20.0388248218722,0 73.83488344587606,20.03867064569692,0 73.83478148216109,20.03575957991551,0 73.83473289978792,20.03409033464439,0 73.8345624484265,20.03241407595851,0 73.8345157986834,20.0321156729003,0 73.83460768026306,20.0313438807968,0 73.83499093937093,20.0297841392853,0 73.83550454639854,20.02802987199517,0 73.83593768962092,20.02622143856137,0 73.8363684585876,20.0246172399099,0 73.83655004895377,20.02350964661919,0 73.83619445951939,20.02196666380365,0 73.8307594508637,20.01877068040011,0 73.82783846462321,20.01740526961892,0 73.825678162697,20.01648189456411,0 73.82466592448566,20.01606497880878,0 73.81963118346337,20.01445612170162,0 73.81738360723718,20.01368118584121,0 73.81642176537142,20.0132541134039,0 73.81641723010578,20.01245964898653,0 73.81648462677173,20.01246081443533,0 73.81719093400017,20.01247368900021,0 73.81761610431192,20.01247422324335,0 73.81866824000036,20.01247571600029,0 73.81864815992675,20.0121314889449,0 73.81863328928586,20.01187370111257,0 73.81856679316516,20.01072096728649,0 73.81891621700952,20.01076829289232,0 73.81893396100023,20.01077071000026,0 73.8189341509522,20.01077072184714,0 73.81893605700023,20.01077098000028,0 73.81932034700023,20.01079508800032,0 73.8220865442768,20.01060273053037,0 73.82269334500025,20.01056076100021,0 73.82457275940784,20.01044079534854,0 73.82475967119905,20.00975304735057,0 73.82517369776411,20.00904553884324,0 73.82535856197596,20.00885815360118,0 73.82602351686126,20.00845150748927,0 73.82626517721178,20.00847124682529,0 73.82746921680427,20.00792649733343,0 73.82840800348039,20.00742732430421,0 73.82870136836902,20.007303585313,0 73.82918172607795,20.00723649730148,0 73.8291853655097,20.00648341811286,0 73.82821318565281,20.00609949796409,0 73.82817261265707,20.00532693921804,0 73.82813530909598,20.00503204567887,0 73.82767528326323,20.00418349597453,0 73.82611168160598,20.00486829693097,0 73.82489139728612,20.0052824290824,0 73.82486990833053,20.00516846740954,0 73.8248698590002,20.00516819100024,0 73.82421663821157,20.00160209135974,0 73.82200448840246,20.00179660335552,0 73.82003279237644,20.00184940351278,0 73.81759838778653,20.00182940115939,0 73.81699939693689,20.00184895996709,0 73.81650997360697,20.00169837988886,0 73.81614802416522,20.00134571810228,0 73.81591906158916,20.00096779694767,0 
						</coordinates>
					</LinearRing>
				</outerBoundaryIs>
			</Polygon>
		</Placemark>
	</Document>
	<Document>
		<name>Ward No. 3.kml</name>
		<StyleMap id="m_ylw-pushpin1">
			<Pair>
				<key>normal</key>
				<styleUrl>#s_ylw-pushpin1</styleUrl>
			</Pair>
			<Pair>
				<key>highlight</key>
				<styleUrl>#s_ylw-pushpin_hl1</styleUrl>
			</Pair>
		</StyleMap>
		<Style id="s_ylw-pushpin1">
			<IconStyle>
				<scale>1.1</scale>
				<Icon>
					<href>http://maps.google.com/mapfiles/kml/pushpin/ylw-pushpin.png</href>
				</Icon>
				<hotSpot x="20" y="2" xunits="pixels" yunits="pixels"/>
			</IconStyle>
			<LineStyle>
				<color>ffffff55</color>
				<width>3</width>
			</LineStyle>
			<PolyStyle>
				<fill>0</fill>
			</PolyStyle>
		</Style>
		<Style id="s_ylw-pushpin_hl1">
			<IconStyle>
				<scale>1.3</scale>
				<Icon>
					<href>http://maps.google.com/mapfiles/kml/pushpin/ylw-pushpin.png</href>
				</Icon>
				<hotSpot x="20" y="2" xunits="pixels" yunits="pixels"/>
			</IconStyle>
			<LineStyle>
				<color>ffffff55</color>
				<width>3</width>
			</LineStyle>
			<PolyStyle>
				<fill>0</fill>
			</PolyStyle>
		</Style>
		<Placemark>
			<name>Ward No. 3.kml</name>
			<styleUrl>#m_ylw-pushpin1</styleUrl>
			<Polygon>
				<tessellate>1</tessellate>
				<outerBoundaryIs>
					<LinearRing>
						<coordinates>
							73.83447546400015,20.03213227600025,0 73.83234960171119,20.03227350701762,0 73.83130047534985,20.03226458638334,0 73.8301328010001,20.03225373800017,0 73.83013222300023,20.03225349000015,0 73.82888650300019,20.03223169600013,0 73.82741971670083,20.03210525166459,0 73.826927428,20.03206230100005,0 73.82640648765005,20.03201538115809,0 73.82431852700024,20.0318258010002,0 73.82149135200018,20.03170114700019,0 73.82140534485096,20.03170418029567,0 73.82001475100013,20.03175294600013,0 73.82000714999621,20.03175349175654,0 73.82000657600025,20.03175351200017,0 73.8178569920002,20.03190783800015,0 73.81506347536894,20.03171594691999,0 73.81321674771189,20.03174556064833,0 73.813101974245,20.03166037158891,0 73.81230954159642,20.0318298508818,0 73.81160217116282,20.03194485325188,0 73.81066219865416,20.03206767252178,0 73.81062658727882,20.03207084149021,0 73.80999380209821,20.03137661824557,0 73.80995761012842,20.0307882875761,0 73.81032201655277,20.03031158439653,0 73.81053132695823,20.02974619346794,0 73.81009985318312,20.0289726197298,0 73.81014138478649,20.02837086002556,0 73.80981208464617,20.02790192776688,0 73.8099921780084,20.02744270969202,0 73.8098886343338,20.02718567319131,0 73.81025068739675,20.02661622169185,0 73.81095139876727,20.02682195340108,0 73.8112545178665,20.02662015732523,0 73.81122558555445,20.02549507724292,0 73.81042915398884,20.02500433672376,0 73.81094042962815,20.02447474577797,0 73.81084215205043,20.02410659654329,0 73.81008594013254,20.02379271117407,0 73.81042951672542,20.02274362681303,0 73.80956713429501,20.02243683695294,0 73.80894329467181,20.02179078550991,0 73.80778274387151,20.02117964973631,0 73.80689741719155,20.01987817678991,0 73.8071278012884,20.01900950976611,0 73.80710308707076,20.01811294912285,0 73.80747904400022,20.01742906000015,0 73.8021457240323,20.0152200586418,0 73.80217151276099,20.01483050984048,0 73.80221852983217,20.01463943695844,0 73.80205016405299,20.01435873055611,0 73.80139584852391,20.01417690300707,0 73.80125557908478,20.01396712778541,0 73.80124780159618,20.01365958490786,0 73.8009952796004,20.0124442095052,0 73.80090165210588,20.01225774168318,0 73.80071853205958,20.01127870528055,0 73.80137673319453,20.0111427120807,0 73.80169739626217,20.0110283728072,0 73.80185290262295,20.01086535588562,0 73.80176975995511,20.01030877142246,0 73.80100182460789,20.00924084884781,0 73.80085040517271,20.00888257994988,0 73.79981236599293,20.00916121142335,0 73.79976852300022,20.00905233000019,0 73.79971648683041,20.00902548255775,0 73.79965143050879,20.00870647815831,0 73.80021482976794,20.00868620388371,0 73.80062247599717,20.00860461306097,0 73.80055101869382,20.00826821293145,0 73.80023008385177,20.00782136473261,0 73.79945158177723,20.00766567282825,0 73.79877627165847,20.0069662890684,0 73.79863471261233,20.00658244365878,0 73.79790293222018,20.00603379576479,0 73.79722942311491,20.00603194153661,0 73.79656305893484,20.0061132262008,0 73.79601798318264,20.00580201730391,0 73.79486318253804,20.00534646986468,0 73.79347326189055,20.00498472993953,0 73.79395281497442,20.00385396234445,0 73.79349944485085,20.0036651463498,0 73.79385688545472,20.00275346389416,0 73.79564019486025,20.00164754270264,0 73.79867993144263,20.00163596497531,0 73.80313156503763,20.00170578608954,0 73.80513821468634,20.00187332546945,0 73.80726434444112,20.00172695883432,0 73.81073228008619,20.00002772455569,0 73.81324158055861,19.99947820179628,0 73.81544793563481,19.99981297512155,0 73.81552101879885,20.00075138193738,0 73.81591908354146,20.00096780774096,0 73.81614803533276,20.00134569178838,0 73.81650989059776,20.00169832402973,0 73.81699935189319,20.00184893855076,0 73.81759916501684,20.00182936711627,0 73.82003187342818,20.0018493734724,0 73.82200609965751,20.0017964978939,0 73.82421669192921,20.00160208802205,0 73.82452808094453,20.00330256839714,0 73.82483490650566,20.00497739128777,0 73.82485864116417,20.00510694501491,0 73.8248755879101,20.00519876094597,0 73.82489139277168,20.00528243880168,0 73.82611074490828,20.00486858895415,0 73.82767530826955,20.00418356674454,0 73.82813534417316,20.00503210841632,0 73.82817260060668,20.00532720545599,0 73.82821319942818,20.00609945669603,0 73.82918539145189,20.0064834753648,0 73.8291817093024,20.0072364788122,0 73.82870135842771,20.00730358038582,0 73.82840788309393,20.00742740872195,0 73.82746968712536,20.00792626083377,0 73.82626493290327,20.00847113345917,0 73.82602343744786,20.00845140164028,0 73.82535894369124,20.00885783391107,0 73.82517310582455,20.00904619744276,0 73.82475942809258,20.00975367523545,0 73.82457278369669,20.01044076761979,0 73.81932102948841,20.01079503159388,0 73.81893521073592,20.01077090804757,0 73.81856679346407,20.01072098506734,0 73.81866820810235,20.01247578919358,0 73.81722976035924,20.01247385421738,0 73.816417199992,20.01245953223255,0 73.81642175206744,20.0132540776654,0 73.817383492918,20.01368113624295,0 73.81754594117497,20.01373709809955,0 73.81790415159365,20.01386066141053,0 73.81912344418491,20.01428106815257,0 73.81958962022625,20.01444177404349,0 73.81961938944804,20.01445206196303,0 73.81963447264926,20.01445720792691,0 73.81976698254347,20.01449942169664,0 73.82013580481362,20.01461737519507,0 73.82036453249509,20.01469041982156,0 73.82083179280578,20.01483974916655,0 73.82304707045181,20.01554724756996,0 73.8246688313141,20.01606586258407,0 73.82560253463201,20.01645103344176,0 73.82568001655116,20.01648274270585,0 73.82623637331086,20.01672052564004,0 73.82783678438443,20.01740447760194,0 73.82873288098227,20.01782353106326,0 73.83075956540732,20.01877065318635,0 73.83619455242304,20.02196666693036,0 73.8365500949118,20.02350976847344,0 73.8363684809383,20.02461711036773,0 73.83596393512993,20.02612369003053,0 73.83593879341882,20.02621705835666,0 73.83550680255242,20.02802027654341,0 73.8355047589733,20.02802935924187,0 73.8349910271176,20.02978385834361,0 73.83460771900259,20.03134365985219,0 73.8345158501227,20.03211521335824,0 73.83447546400015,20.03213227600025,0 
						</coordinates>
					</LinearRing>
				</outerBoundaryIs>
			</Polygon>
		</Placemark>
	</Document>
	<Document>
		<name>Ward No. 4.kml</name>
		<StyleMap id="m_ylw-pushpin2">
			<Pair>
				<key>normal</key>
				<styleUrl>#s_ylw-pushpin2</styleUrl>
			</Pair>
			<Pair>
				<key>highlight</key>
				<styleUrl>#s_ylw-pushpin_hl2</styleUrl>
			</Pair>
		</StyleMap>
		<Style id="s_ylw-pushpin2">
			<IconStyle>
				<scale>1.1</scale>
				<Icon>
					<href>http://maps.google.com/mapfiles/kml/pushpin/ylw-pushpin.png</href>
				</Icon>
				<hotSpot x="20" y="2" xunits="pixels" yunits="pixels"/>
			</IconStyle>
			<LineStyle>
				<color>ffffff55</color>
				<width>3</width>
			</LineStyle>
			<PolyStyle>
				<fill>0</fill>
			</PolyStyle>
		</Style>
		<Style id="s_ylw-pushpin_hl2">
			<IconStyle>
				<scale>1.3</scale>
				<Icon>
					<href>http://maps.google.com/mapfiles/kml/pushpin/ylw-pushpin.png</href>
				</Icon>
				<hotSpot x="20" y="2" xunits="pixels" yunits="pixels"/>
			</IconStyle>
			<LineStyle>
				<color>ffffff55</color>
				<width>3</width>
			</LineStyle>
			<PolyStyle>
				<fill>0</fill>
			</PolyStyle>
		</Style>
		<Placemark>
			<name>Ward No. 4.kml</name>
			<styleUrl>#m_ylw-pushpin2</styleUrl>
			<Polygon>
				<tessellate>1</tessellate>
				<outerBoundaryIs>
					<LinearRing>
						<coordinates>
							73.78585056478093,20.03467418079701,0 73.78601907678919,20.03421033915058,0 73.78590927639466,20.03388378205802,0 73.7858162105278,20.03349137699152,0 73.78529163577639,20.03303781489955,0 73.78521929264136,20.03214990401026,0 73.78490431054827,20.03172895621487,0 73.78502803076852,20.03139141298461,0 73.78519372170082,20.03054635300873,0 73.78552215400316,20.02997386179493,0 73.78540967902731,20.02972605588348,0 73.78546335677318,20.02949405981727,0 73.7856717172716,20.02935080342656,0 73.78601894789124,20.02881303997135,0 73.786098021285,20.0282973672514,0 73.78551595318301,20.02824080135974,0 73.78522663676858,20.02728264399154,0 73.78587165327443,20.02708678401571,0 73.78645556919884,20.02674769440453,0 73.78662069579347,20.02655188855364,0 73.78697306217757,20.02613351540966,0 73.78825314319872,20.02459910358404,0 73.78910915605029,20.02357274541566,0 73.79036029814984,20.02315288347342,0 73.79217715574934,20.02285346072672,0 73.79445014132888,20.0224787803153,0 73.79420062420334,20.02092216094061,0 73.79415250781041,20.02062234353955,0 73.79413543411017,20.02051118276222,0 73.79360403858381,20.01702421308785,0 73.79375042516816,20.01701881808078,0 73.79521267629848,20.01689743085384,0 73.7958132002541,20.0168476045846,0 73.79581342342092,20.01684758911395,0 73.79639933565645,20.01680727417741,0 73.7963993557521,20.01680734415103,0 73.79675934720369,20.01678249120271,0 73.79675936500011,20.01678248800012,0 73.79683710322396,20.01676936455063,0 73.79661415737365,20.01599017970489,0 73.79653208153265,20.01570243128248,0 73.79643032334302,20.01534492076348,0 73.79626725017147,20.01477489967886,0 73.79586358853989,20.01250027779897,0 73.79549077135742,20.0116721100487,0 73.79532557084126,20.01105295503649,0 73.79528111863884,20.01088688904798,0 73.79511489347198,20.01026357895547,0 73.79492703769186,20.01000362810776,0 73.79495220905309,20.00984663250326,0 73.79479151413182,20.00940297724494,0 73.79474717400016,20.00922984500022,0 73.79474629081651,20.00922787456378,0 73.79467091700016,20.00905971100018,0 73.79467177799535,20.00905963042969,0 73.79479609226409,20.00904799731238,0 73.79541927059951,20.00896775464014,0 73.79546091116713,20.00896239285162,0 73.79605577641858,20.00883152249635,0 73.79681125528792,20.00883747114877,0 73.79764406663989,20.00880177923374,0 73.79832816167917,20.00877798462355,0 73.79905389728589,20.00877203597113,0 73.79965138185527,20.00870644403706,0 73.79971649252072,20.00902550178884,0 73.79976854615705,20.00905234544236,0 73.79981236734237,20.00916120730199,0 73.80085049139214,20.0088826225381,0 73.80100172817751,20.00924067585319,0 73.80176974122335,20.01030876216004,0 73.80185292469331,20.01086570724685,0 73.80169800246014,20.01102782941245,0 73.80137692207801,20.0111426562056,0 73.80071859836249,20.01127870490821,0 73.80090164784789,20.01225767428253,0 73.80099528596001,20.01244409384383,0 73.80124771381811,20.0136595609968,0 73.80125562549539,20.0139674494191,0 73.8013959168661,20.01417692066203,0 73.80205012720673,20.0143587068948,0 73.80221845530311,20.01463932560809,0 73.80217147405109,20.01483061763669,0 73.80214570657412,20.01522003327751,0 73.80747902850855,20.01742928911424,0 73.80710301610993,20.01811307523532,0 73.80712773563556,20.01901004582668,0 73.80689738693786,20.01987817769001,0 73.80778270142628,20.02117963564284,0 73.80894316671309,20.02179062021509,0 73.80956695353881,20.02243679873887,0 73.81042952831808,20.02274373692662,0 73.81008599136415,20.023792714866,0 73.81084218409622,20.02410653952454,0 73.8109404196061,20.02447477132482,0 73.8104291111102,20.02500450727302,0 73.81122552031225,20.02549494598656,0 73.81125454079374,20.02662022740692,0 73.81095123186523,20.02682197031831,0 73.81025088802782,20.02661623173468,0 73.80988860304412,20.0271859296646,0 73.80999213065218,20.02744260638756,0 73.80981215420864,20.02790219995719,0 73.81014141494694,20.02837100677485,0 73.81009963684063,20.02897198906182,0 73.81053109565283,20.02974663256545,0 73.8103219624097,20.03031167699742,0 73.8099577675416,20.03078745230889,0 73.80999325955936,20.03137568931927,0 73.81062581717937,20.03207058810012,0 73.81042113498464,20.03208972715066,0 73.80783015370439,20.03235611497325,0 73.80710772643316,20.03244471483221,0 73.80625073095705,20.0325664254099,0 73.80529267075603,20.0326606891823,0 73.80327678910174,20.03289149084838,0 73.80294583886179,20.03293414208153,0 73.79924176466972,20.03337120158107,0 73.79917228400011,20.03401679050008,0 73.79902937541777,20.03417511057836,0 73.79710206365883,20.03426204136267,0 73.79514054313498,20.03407599377851,0 73.79498622221467,20.03425825921255,0 73.79261732000015,20.03437178100018,0 73.79261720600014,20.03437165600026,0 73.79251116411677,20.03437499288543,0 73.79245309032034,20.0343767099147,0 73.79245308700015,20.03437663000014,0 73.79160302114076,20.03442096459054,0 73.78983555925396,20.03451275014427,0 73.7898355800002,20.03451301600023,0 73.78907312200018,20.03457726300031,0 73.78902149360333,20.03466843830566,0 73.78898212103164,20.03473767046815,0 73.78893623331251,20.03473833286851,0 73.78879644900012,20.03474020700011,0 73.78831004418076,20.03476929427004,0 73.78771796300023,20.03480447800019,0 73.78749647000011,20.03486329200026,0 73.78708951400019,20.03484991200022,0 73.78677649157027,20.03488071342829,0 73.78600311725819,20.03495677550399,0 73.78585056478093,20.03467418079701,0 
						</coordinates>
					</LinearRing>
				</outerBoundaryIs>
			</Polygon>
		</Placemark>
	</Document>
	<Document>
		<name>Ward No. 5.kml</name>
		<StyleMap id="m_ylw-pushpin3">
			<Pair>
				<key>normal</key>
				<styleUrl>#s_ylw-pushpin3</styleUrl>
			</Pair>
			<Pair>
				<key>highlight</key>
				<styleUrl>#s_ylw-pushpin_hl3</styleUrl>
			</Pair>
		</StyleMap>
		<Style id="s_ylw-pushpin3">
			<IconStyle>
				<scale>1.1</scale>
				<Icon>
					<href>http://maps.google.com/mapfiles/kml/pushpin/ylw-pushpin.png</href>
				</Icon>
				<hotSpot x="20" y="2" xunits="pixels" yunits="pixels"/>
			</IconStyle>
			<LineStyle>
				<color>ffffff55</color>
				<width>3</width>
			</LineStyle>
			<PolyStyle>
				<fill>0</fill>
			</PolyStyle>
		</Style>
		<Style id="s_ylw-pushpin_hl3">
			<IconStyle>
				<scale>1.3</scale>
				<Icon>
					<href>http://maps.google.com/mapfiles/kml/pushpin/ylw-pushpin.png</href>
				</Icon>
				<hotSpot x="20" y="2" xunits="pixels" yunits="pixels"/>
			</IconStyle>
			<LineStyle>
				<color>ffffff55</color>
				<width>3</width>
			</LineStyle>
			<PolyStyle>
				<fill>0</fill>
			</PolyStyle>
		</Style>
		<Placemark>
			<name>Ward No. 5.kml</name>
			<styleUrl>#m_ylw-pushpin3</styleUrl>
			<Polygon>
				<tessellate>1</tessellate>
				<outerBoundaryIs>
					<LinearRing>
						<coordinates>
							73.78462675300634,20.02746330477482,0 73.7836157130711,20.02799899955589,0 73.78359151580301,20.02759077116503,0 73.78428522523107,20.0268200392724,0 73.78454125971831,20.0263538375094,0 73.78454798545374,20.02631551808937,0 73.78461905436092,20.02591307515872,0 73.78464291109619,20.02558154503155,0 73.78466461309236,20.02528310148725,0 73.78468705705809,20.0249705736716,0 73.78474259105948,20.02420134679585,0 73.78480092504613,20.02344021911327,0 73.7854415139808,20.0225758084614,0 73.78584344568979,20.02134677972181,0 73.78639213382176,20.02004829292973,0 73.78668884801922,20.01941279999863,0 73.78688774195082,20.01893318861632,0 73.78718460626551,20.0182179472025,0 73.78721872060791,20.01813587499995,0 73.78758215988006,20.01623313354136,0 73.78759342729377,20.0161733245016,0 73.78760097741053,20.01613913744841,0 73.78768817673394,20.01575058923559,0 73.78772462558265,20.01558809945849,0 73.78872829938331,20.01254397247988,0 73.78908966448692,20.01233414188183,0 73.78935190328127,20.01160272506351,0 73.78845200814166,20.0109891659542,0 73.78861415281469,20.01019375874714,0 73.7900111322961,20.00961468266334,0 73.79077263694666,20.00808593831152,0 73.79225241121233,20.00745559498261,0 73.79241570647757,20.00644803187454,0 73.79280006850162,20.00568455532601,0 73.79349943965171,20.00366510450417,0 73.79395274109643,20.00385409355354,0 73.79347329822627,20.00498480079199,0 73.79486314837848,20.00534646126361,0 73.7960176898374,20.00580199029766,0 73.79656296072996,20.00611325412359,0 73.79722893082652,20.00603199483414,0 73.79790294366356,20.00603374291886,0 73.79863469772137,20.00658245768286,0 73.79877625603484,20.0069662897625,0 73.79945165360965,20.00766575391676,0 73.80023014404075,20.00782132482295,0 73.80055116927619,20.00826838026445,0 73.80062218927543,20.00860472459728,0 73.80023833844518,20.00868142071067,0 73.80021450864288,20.00868630322008,0 73.79965138185527,20.00870644403706,0 73.79905389728589,20.00877203597113,0 73.79832816167917,20.00877798462355,0 73.79764406663989,20.00880177923374,0 73.79681125528792,20.00883747114877,0 73.79605577641858,20.00883152249635,0 73.79546091116713,20.00896239285162,0 73.79541927059951,20.00896775464014,0 73.79479609226409,20.00904799731238,0 73.79467177799535,20.00905963042969,0 73.79467091700016,20.00905971100018,0 73.79474629081651,20.00922787456378,0 73.79474717400016,20.00922984500022,0 73.79479151413182,20.00940297724494,0 73.79495220905309,20.00984663250326,0 73.79492703769186,20.01000362810776,0 73.79511489347198,20.01026357895547,0 73.79528111863884,20.01088688904798,0 73.79532557084126,20.01105295503649,0 73.79549077135742,20.0116721100487,0 73.79586358853989,20.01250027779897,0 73.79626725017147,20.01477489967886,0 73.79643032334302,20.01534492076348,0 73.79653208153265,20.01570243128248,0 73.79661415737365,20.01599017970489,0 73.79683710322396,20.01676936455063,0 73.79675936500011,20.01678248800012,0 73.79675934720369,20.01678249120271,0 73.7963993557521,20.01680734415103,0 73.79639933565645,20.01680727417741,0 73.79581342342092,20.01684758911395,0 73.7958132002541,20.0168476045846,0 73.79521267629848,20.01689743085384,0 73.79375042516816,20.01701881808078,0 73.79360403858381,20.01702421308785,0 73.79413543411017,20.02051118276222,0 73.79415250781041,20.02062234353955,0 73.79420062420334,20.02092216094061,0 73.79445014132888,20.0224787803153,0 73.79217715574934,20.02285346072672,0 73.79036029814984,20.02315288347342,0 73.78910915605029,20.02357274541566,0 73.78825314319872,20.02459910358404,0 73.78697306217757,20.02613351540966,0 73.78662069579347,20.02655188855364,0 73.78645556919884,20.02674769440453,0 73.78587165327443,20.02708678401571,0 73.78522670280802,20.02728265867682,0 73.78462675300634,20.02746330477482,0 
						</coordinates>
					</LinearRing>
				</outerBoundaryIs>
			</Polygon>
		</Placemark>
	</Document>
	<Document>
		<name>Ward No. 6.kml</name>
		<StyleMap id="m_ylw-pushpin4">
			<Pair>
				<key>normal</key>
				<styleUrl>#s_ylw-pushpin4</styleUrl>
			</Pair>
			<Pair>
				<key>highlight</key>
				<styleUrl>#s_ylw-pushpin_hl4</styleUrl>
			</Pair>
		</StyleMap>
		<Style id="s_ylw-pushpin4">
			<IconStyle>
				<scale>1.1</scale>
				<Icon>
					<href>http://maps.google.com/mapfiles/kml/pushpin/ylw-pushpin.png</href>
				</Icon>
				<hotSpot x="20" y="2" xunits="pixels" yunits="pixels"/>
			</IconStyle>
			<LineStyle>
				<color>ffffff55</color>
				<width>3</width>
			</LineStyle>
			<PolyStyle>
				<fill>0</fill>
			</PolyStyle>
		</Style>
		<Style id="s_ylw-pushpin_hl4">
			<IconStyle>
				<scale>1.3</scale>
				<Icon>
					<href>http://maps.google.com/mapfiles/kml/pushpin/ylw-pushpin.png</href>
				</Icon>
				<hotSpot x="20" y="2" xunits="pixels" yunits="pixels"/>
			</IconStyle>
			<LineStyle>
				<color>ffffff55</color>
				<width>3</width>
			</LineStyle>
			<PolyStyle>
				<fill>0</fill>
			</PolyStyle>
		</Style>
		<Placemark>
			<name>Ward No. 6.kml</name>
			<styleUrl>#m_ylw-pushpin4</styleUrl>
			<Polygon>
				<tessellate>1</tessellate>
				<outerBoundaryIs>
					<LinearRing>
						<coordinates>
							73.77819289624941,20.08209535809156,0 73.77782729549244,20.08035949710374,0 73.77826386026042,20.07986059923246,0 73.77795518296178,20.07954625133831,0 73.77503148257999,20.08074912100342,0 73.77413088192922,20.07942030811265,0 73.77296772683033,20.07862897614375,0 73.77115034450874,20.07871629194947,0 73.77098529405012,20.07981134718307,0 73.77267132886033,20.07974321961184,0 73.77324553447532,20.08042316518788,0 73.77232188671734,20.08155582232794,0 73.77101026220315,20.08209862441198,0 73.77012950215016,20.08217993875551,0 73.76857717195008,20.08197867030173,0 73.76812138631553,20.08102674463194,0 73.76908136685444,20.08029626755927,0 73.76896224745455,20.07982889071373,0 73.76643470070428,20.08038000435958,0 73.76643556612062,20.07981298042932,0 73.76627890950542,20.07949381577412,0 73.76550104084113,20.07870658547672,0 73.76332733140397,20.07705265524209,0 73.76315194538336,20.07524809235095,0 73.76272994483128,20.07414665462576,0 73.76163940205991,20.07320059923812,0 73.76097254508777,20.07248678446688,0 73.75970532536077,20.07128033838623,0 73.75925478282988,20.07091458327224,0 73.75836420794209,20.07017038464531,0 73.75774192419067,20.06969400328789,0 73.75745383112202,20.06932000761758,0 73.75668482615743,20.06843172939229,0 73.75597611901759,20.06774834665782,0 73.75602059325108,20.06721362206381,0 73.75624302483119,20.0656820865528,0 73.75635899706366,20.06525358305882,0 73.75640158990744,20.06514310477024,0 73.75648856063172,20.0642720255035,0 73.75660892548574,20.06340801313973,0 73.75665335903487,20.06325513464504,0 73.75661656998165,20.06251098613607,0 73.7566229767238,20.06242416965722,0 73.75664177383187,20.06152389845829,0 73.75662178650971,20.06120206674489,0 73.7565974834408,20.06091964030901,0 73.75645586789048,20.05999076045263,0 73.75640842095429,20.05976849991878,0 73.75620249077235,20.05907087054181,0 73.75600228074923,20.05866446615731,0 73.75582270069512,20.05808546188951,0 73.75539456257388,20.0573734674214,0 73.7553858245044,20.05716275188037,0 73.75541620832891,20.05683574235186,0 73.75534883944609,20.0563627965908,0 73.75513327885749,20.05568409893688,0 73.75478863150491,20.05443158775694,0 73.75477993786764,20.05434579978832,0 73.75424517334297,20.05279828941585,0 73.75393943567029,20.05200110216687,0 73.75374098105966,20.05149340217737,0 73.75370559762105,20.05129168908228,0 73.75302095578255,20.0492905846114,0 73.75289889235744,20.04916526647617,0 73.75271293299413,20.04911819601202,0 73.75222002230085,20.04914541006662,0 73.74998335935975,20.04916327847556,0 73.74954627045597,20.04491129862219,0 73.74942027389636,20.04414496118784,0 73.74906480888851,20.04227133327208,0 73.74892423256397,20.04057730644097,0 73.7488695558779,20.03928871607646,0 73.74867276865663,20.03868859366431,0 73.74885785689204,20.03787648088112,0 73.74918992717016,20.03734726777906,0 73.74946842493623,20.03712630374417,0 73.75014479790966,20.036881080874,0 73.75033829329243,20.03663243334932,0 73.75058757774198,20.03638463103247,0 73.75065334595907,20.03630180758385,0 73.75073382288707,20.03615351017754,0 73.75069464706016,20.03595693544538,0 73.75055563656363,20.03579723930897,0 73.75052859060301,20.03570711826943,0 73.75052578238346,20.03561450180811,0 73.75055760741714,20.03555379655386,0 73.75082810413285,20.03522635084173,0 73.75119821121542,20.03477243691935,0 73.75146615703744,20.03449510658378,0 73.75153693820472,20.03440360421882,0 73.75159320933442,20.03428870853513,0 73.75169937708652,20.03371933995251,0 73.75185259199489,20.03333516136426,0 73.75191513772837,20.03324462599263,0 73.75239507635624,20.03271443926332,0 73.75277660614861,20.03243361337412,0 73.75311262737948,20.03217286774303,0 73.75339924370955,20.03199021357763,0 73.75375864800223,20.03130264440153,0 73.75404693410799,20.03102858637912,0 73.7540603728786,20.0307143799668,0 73.75398437658842,20.03043688568942,0 73.75406692906034,20.03024233719933,0 73.75485041717891,20.02959717100397,0 73.7549580545184,20.0292328371991,0 73.75512737375543,20.02863136650577,0 73.75547178744172,20.02832085977693,0 73.75547501170192,20.02793529207466,0 73.75624442836016,20.02724333074075,0 73.75430898082895,20.02450494383126,0 73.75352914658251,20.02183358739909,0 73.75515712789189,20.02182534261078,0 73.75927697287247,20.02296289526711,0 73.76201585072224,20.02300728522266,0 73.76492170127393,20.0222074335355,0 73.76717180646281,20.02111216722751,0 73.76941742802708,20.01930004940545,0 73.77066701979177,20.01594252158689,0 73.77459881608989,20.01057900506018,0 73.77628343096217,20.00951486150426,0 73.78198737775806,20.00914019375084,0 73.78861417136585,20.01019378863953,0 73.78845202180659,20.010989269362,0 73.78902532617815,20.01138019311979,0 73.78935191067097,20.01160267667236,0 73.78908961678839,20.01233410739273,0 73.78872832285931,20.01254398554943,0 73.78772471517134,20.01558772781976,0 73.78759377041773,20.01617167635218,0 73.78755962933148,20.01635111269577,0 73.78752764021662,20.01651846553386,0 73.7874639483983,20.01685299964732,0 73.7872183599958,20.01813752721653,0 73.78668874572151,20.01941296377035,0 73.78638906663799,20.02005496976819,0 73.78584348271514,20.02134650532514,0 73.78544174767471,20.0225753051686,0 73.78480091772624,20.02344027150129,0 73.78478964612766,20.02358709524998,0 73.78472222887223,20.02448370048305,0 73.78461893090304,20.02591501715149,0 73.78454123091942,20.0263541334396,0 73.78428477441381,20.02682032356561,0 73.78359154535053,20.02759077570514,0 73.78361540291559,20.02799923801754,0 73.78462879818311,20.02746234858462,0 73.78522668649089,20.02728250713781,0 73.78528088667703,20.02746224625202,0 73.78537554305322,20.02777608856547,0 73.78551596896642,20.0282407722035,0 73.786097996902,20.02829733580567,0 73.7860188730037,20.02881308364808,0 73.78567133585152,20.02935115592447,0 73.78546336885546,20.02949407961906,0 73.7854096165302,20.02972607439694,0 73.78552216190474,20.02997388458432,0 73.78519363851004,20.030546545377,0 73.78517813648449,20.03062681412195,0 73.78502802367447,20.03139127942423,0 73.78490425755146,20.03172900103081,0 73.78521927492518,20.032149955461,0 73.78529165142864,20.03303784075711,0 73.78581623200868,20.03349152189029,0 73.7859090402346,20.03388310700783,0 73.78601906561006,20.03421065933862,0 73.78585066565009,20.03467421056193,0 73.7860030785592,20.03495680188949,0 73.78702568111412,20.03485622346358,0 73.78709010698739,20.03484984657928,0 73.78749648105862,20.03486323814051,0 73.7877182784861,20.03480441607,0 73.78782137112616,20.03479836588928,0 73.78805811498982,20.03478427613899,0 73.78879600760676,20.03474025444967,0 73.78898220156795,20.03473766968204,0 73.78907315892474,20.03457716785514,0 73.78983928288868,20.03451271803085,0 73.79111393150441,20.03444642869232,0 73.7923615351289,20.03438110493261,0 73.79261214251429,20.0343720442966,0 73.79498622869842,20.03425818673507,0 73.79514073001845,20.03407589314945,0 73.79427572255442,20.0403636389901,0 73.7939252390713,20.04222969156922,0 73.79342809812083,20.04356782426797,0 73.79273148454227,20.04506530512423,0 73.79204591534192,20.04630856183058,0 73.79182593657556,20.04665569340003,0 73.79034400715067,20.04913881909938,0 73.78872774343945,20.05197051824783,0 73.7873620466239,20.05437231221085,0 73.78624229157032,20.056258754771,0 73.78540489783673,20.0576119612766,0 73.78450758945844,20.05916517488604,0 73.78343823605732,20.06101969879684,0 73.78279164396176,20.06210527963938,0 73.78184360689352,20.06383827754629,0 73.78123767813719,20.06504090613055,0 73.78036566787821,20.06742054430112,0 73.78008415134403,20.06808029674737,0 73.77918515733543,20.07044704888662,0 73.7787403942216,20.07206849820771,0 73.77856004219112,20.07350057728049,0 73.77864054375355,20.07405925097681,0 73.77920270166116,20.07497269215142,0 73.78000503775203,20.07597971469019,0 73.78023646789428,20.07638490532244,0 73.78034422482182,20.07735266161981,0 73.78010915279529,20.07841640150687,0 73.77997928766224,20.07947262787778,0 73.77980049765959,20.080442635605,0 73.77944784486832,20.08167220267889,0 73.77929348094167,20.08201971018335,0 73.77819289624941,20.08209535809156,0 
						</coordinates>
					</LinearRing>
				</outerBoundaryIs>
			</Polygon>
		</Placemark>
	</Document>
	<Document>
		<name>Ward No. 7.kml</name>
		<StyleMap id="m_ylw-pushpin5">
			<Pair>
				<key>normal</key>
				<styleUrl>#s_ylw-pushpin5</styleUrl>
			</Pair>
			<Pair>
				<key>highlight</key>
				<styleUrl>#s_ylw-pushpin_hl5</styleUrl>
			</Pair>
		</StyleMap>
		<Style id="s_ylw-pushpin5">
			<IconStyle>
				<scale>1.1</scale>
				<Icon>
					<href>http://maps.google.com/mapfiles/kml/pushpin/ylw-pushpin.png</href>
				</Icon>
				<hotSpot x="20" y="2" xunits="pixels" yunits="pixels"/>
			</IconStyle>
			<LineStyle>
				<color>ffffff55</color>
				<width>3</width>
			</LineStyle>
			<PolyStyle>
				<fill>0</fill>
			</PolyStyle>
		</Style>
		<Style id="s_ylw-pushpin_hl5">
			<IconStyle>
				<scale>1.3</scale>
				<Icon>
					<href>http://maps.google.com/mapfiles/kml/pushpin/ylw-pushpin.png</href>
				</Icon>
				<hotSpot x="20" y="2" xunits="pixels" yunits="pixels"/>
			</IconStyle>
			<LineStyle>
				<color>ffffff55</color>
				<width>3</width>
			</LineStyle>
			<PolyStyle>
				<fill>0</fill>
			</PolyStyle>
		</Style>
		<Placemark>
			<name>Ward No. 7.kml</name>
			<styleUrl>#m_ylw-pushpin5</styleUrl>
			<Polygon>
				<tessellate>1</tessellate>
				<outerBoundaryIs>
					<LinearRing>
						<coordinates>
							73.75903168446592,20.02262521524763,0 73.7591690103007,20.02184065850732,0 73.75926362066525,20.02139564857518,0 73.75942063603087,20.02079790604272,0 73.75948420039198,20.02015605979693,0 73.75948174685296,20.01947102457544,0 73.75948056825382,20.01930149502114,0 73.75929150949243,20.01930958426952,0 73.75922535622117,20.01931250267373,0 73.75915235891283,20.01931569338695,0 73.75909777278157,20.01894118451744,0 73.75909279497262,20.01891053276552,0 73.75908650660116,20.01886483819091,0 73.75906261010542,20.01870179184151,0 73.75904291166673,20.01854755226509,0 73.75900216255209,20.01825043382656,0 73.75899860136117,20.01822480904454,0 73.75899930320817,20.01822375425909,0 73.75899468772764,20.01818966313004,0 73.75884200442432,20.01708317556599,0 73.75884156516456,20.01703857118569,0 73.75883604863979,20.0161302364273,0 73.75883592681815,20.01611657017989,0 73.75883546069022,20.01609135649455,0 73.75880751162616,20.01575763508843,0 73.75878932063937,20.01554214550841,0 73.75877911357412,20.01542623089937,0 73.75876739194706,20.01529620546787,0 73.75865555185885,20.01406787688921,0 73.757538001269,20.01428621715127,0 73.75706543133495,20.01437932173206,0 73.75689157377909,20.0144140712414,0 73.75614162968294,20.01456130242348,0 73.75598515480648,20.01321255028929,0 73.75586527837956,20.01218034565566,0 73.75586172500019,20.01214973600014,0 73.75579756687999,20.01196005332165,0 73.75571221827845,20.01133288630467,0 73.75567428745198,20.01105567762221,0 73.7556211904872,20.01066578309839,0 73.75557093352717,20.01029584626815,0 73.75554720669744,20.01012203429209,0 73.75545627735225,20.00945405004759,0 73.75541907043609,20.00918141902163,0 73.75535660868609,20.00871393599603,0 73.75534636757304,20.00863866363517,0 73.75650937385791,20.00816597505413,0 73.75733200091126,20.00783159221422,0 73.75745765735479,20.00778037542404,0 73.75746210630625,20.00777859621315,0 73.75762467927005,20.00772219362981,0 73.75793562790834,20.00761433011309,0 73.75846880149973,20.00742916024788,0 73.75870484162802,20.0073471795563,0 73.75980689090434,20.00694383914142,0 73.75993267827289,20.00691032287073,0 73.76151805094541,20.00646903123932,0 73.76332150762465,20.00584633503244,0 73.76345656456866,20.00580447978086,0 73.7650225360001,20.00570353700013,0 73.76516719263799,20.00569752696424,0 73.76554210349821,20.00568245515723,0 73.7658304271507,20.00563112857421,0 73.76632203380936,20.00554315447173,0 73.76692147194109,20.00534934002816,0 73.76775829280029,20.00507806006093,0 73.76802236563378,20.00498445922032,0 73.76845924370876,20.0048292994949,0 73.76861560683173,20.00475908723832,0 73.76887424012305,20.00464298650804,0 73.76917128046675,20.00449524289952,0 73.76959899508729,20.0042826340756,0 73.76994721587118,20.00410952929708,0 73.77029581673605,20.00393624833574,0 73.77042687315848,20.00387102458863,0 73.77020220535267,20.0030989652272,0 73.77196887445642,20.00265332973031,0 73.77292285980242,20.00218173222037,0 73.77510623326283,20.00174406711943,0 73.77683791664204,20.0009704631303,0 73.77764435393162,20.00082406580268,0 73.78216116327835,20.00066487320774,0 73.78243752354722,20.0006706751422,0 73.78445829739951,20.00618156991987,0 73.78470194616948,20.00676301622542,0 73.78487257652432,20.00688693575898,0 73.78536771367428,20.00660958797512,0 73.7863231066662,20.00649868322535,0 73.78633096529978,20.00669984850799,0 73.78679562963175,20.00666587073083,0 73.78734689387137,20.00666206423146,0 73.7876415706758,20.00662923211466,0 73.7877028960314,20.00703727693412,0 73.78766966228258,20.0072356874662,0 73.78768172524302,20.00784117050554,0 73.78768728653137,20.00806772191568,0 73.78812044237353,20.00809165776547,0 73.78811599356808,20.00847058448532,0 73.78861417846063,20.01019388688794,0 73.78198794298115,20.00914046070714,0 73.77628326577943,20.00951477106879,0 73.77459857182508,20.01057906876261,0 73.77066731777295,20.01594185143875,0 73.76941756696105,20.01930008176342,0 73.76717102654496,20.02111267488768,0 73.7649230160563,20.02220689006329,0 73.76201726072171,20.02300713894884,0 73.75927711657663,20.02296293524474,0 73.75895294013301,20.0228733125092,0 73.75903168446592,20.02262521524763,0 
						</coordinates>
					</LinearRing>
				</outerBoundaryIs>
			</Polygon>
		</Placemark>
	</Document>
	<Document>
		<name>Ward No. 8.kml</name>
		<StyleMap id="m_ylw-pushpin6">
			<Pair>
				<key>normal</key>
				<styleUrl>#s_ylw-pushpin6</styleUrl>
			</Pair>
			<Pair>
				<key>highlight</key>
				<styleUrl>#s_ylw-pushpin_hl6</styleUrl>
			</Pair>
		</StyleMap>
		<Style id="s_ylw-pushpin6">
			<IconStyle>
				<scale>1.1</scale>
				<Icon>
					<href>http://maps.google.com/mapfiles/kml/pushpin/ylw-pushpin.png</href>
				</Icon>
				<hotSpot x="20" y="2" xunits="pixels" yunits="pixels"/>
			</IconStyle>
			<LineStyle>
				<color>ffffff55</color>
				<width>3</width>
			</LineStyle>
			<PolyStyle>
				<fill>0</fill>
			</PolyStyle>
		</Style>
		<Style id="s_ylw-pushpin_hl6">
			<IconStyle>
				<scale>1.3</scale>
				<Icon>
					<href>http://maps.google.com/mapfiles/kml/pushpin/ylw-pushpin.png</href>
				</Icon>
				<hotSpot x="20" y="2" xunits="pixels" yunits="pixels"/>
			</IconStyle>
			<LineStyle>
				<color>ffffff55</color>
				<width>3</width>
			</LineStyle>
			<PolyStyle>
				<fill>0</fill>
			</PolyStyle>
		</Style>
		<Placemark>
			<name>Ward No. 8.kml</name>
			<styleUrl>#m_ylw-pushpin6</styleUrl>
			<Polygon>
				<tessellate>1</tessellate>
				<outerBoundaryIs>
					<LinearRing>
						<coordinates>
							73.75352904433583,20.02183351420154,0 73.75332654649274,20.02154439560286,0 73.75260904423122,20.02160036893291,0 73.75192512258104,20.02149663454197,0 73.75095620623991,20.02123452394771,0 73.74960521912287,20.02074476898913,0 73.74832777118939,20.02003269096792,0 73.74729185217184,20.01929186008305,0 73.7467183155412,20.01857017208363,0 73.74634881948091,20.0178817465322,0 73.74550116961726,20.01746320496246,0 73.74504349861719,20.01705602366956,0 73.74423388829128,20.01672262423498,0 73.74312577434905,20.01667572181129,0 73.74193334030937,20.01773706727146,0 73.74065730618085,20.0192622031331,0 73.73895122878454,20.0211099234756,0 73.73770087431701,20.02196137230032,0 73.736827582747,20.02242878949068,0 73.73513248968455,20.0228300993935,0 73.73431576226187,20.02298098331698,0 73.73337362791014,20.02289200228475,0 73.73136839653341,20.022479474896,0 73.73029846746417,20.02247605109925,0 73.72940276529866,20.0227629213933,0 73.72873536641957,20.02297350040617,0 73.72788121875799,20.023916233586,0 73.7272966421464,20.02503073401108,0 73.72579079277871,20.02663476402092,0 73.72438102243375,20.02795181460274,0 73.72313436377529,20.02998886781002,0 73.7230898156772,20.0307060964436,0 73.72229024617334,20.03213956953061,0 73.72070879754861,20.03365071141621,0 73.72026986134675,20.03404403466093,0 73.72006459349082,20.03456654883476,0 73.71983540600017,20.03441983100007,0 73.71978758500003,20.034309487,0 73.71969525300004,20.03427715099999,0 73.71930009100002,20.03439033100012,0 73.71925232400007,20.03445170200013,0 73.71920405400016,20.03451374700003,0 73.71907116200001,20.03446058200016,0 73.7189285460001,20.03430920800007,0 73.71870259900015,20.03437225900004,0 73.71797118500002,20.03433601300007,0 73.71794642800002,20.03444629000004,0 73.71783095700015,20.03444870600006,0 73.717829201,20.03446349900013,0 73.71747226300013,20.03446581400006,0 73.71745333100017,20.03412149600017,0 73.71703947700003,20.03414008000011,0 73.71690949400002,20.03414359600004,0 73.71701603800014,20.03342824200018,0 73.71702140200004,20.03302385200012,0 73.71701496300014,20.03281475900014,0 73.71701497400022,20.03281472400023,0 73.71704941309518,20.03206976444414,0 73.71685776300028,20.03206576300016,0 73.71677736800011,20.03184969700023,0 73.71649876800015,20.0313190450002,0 73.71659199100013,20.03125654900018,0 73.71641423100017,20.03101913800016,0 73.71593848000015,20.03097494100015,0 73.71541302200019,20.03082174600017,0 73.71493235700012,20.03069940800017,0 73.71462072800018,20.0302423760002,0 73.71457847600024,20.03001866200016,0 73.71443498000028,20.02985677800027,0 73.71401893800014,20.02942506200025,0 73.71338915200025,20.0287728330002,0 73.71146335100016,20.02673164700024,0 73.71121467640647,20.02632999518102,0 73.71210825218007,20.02628215648926,0 73.71230241861913,20.02622931771213,0 73.71273477742615,20.02598710855056,0 73.71395366303273,20.02490282494218,0 73.7141483148995,20.02474169507122,0 73.71460969189019,20.02418985165427,0 73.71480676678101,20.02291412731581,0 73.71521582303964,20.02091688654814,0 73.71552972027729,20.02046168219587,0 73.71643017649951,20.02019127556029,0 73.71854016936139,20.01865951024868,0 73.72114001001411,20.01633410571067,0 73.72179250777225,20.01571077018322,0 73.72311219808,20.01456775496807,0 73.72434187800019,20.01375479700016,0 73.72434184200019,20.01375459500014,0 73.72415754499968,20.01317836795975,0 73.724059615101,20.01270160624769,0 73.72402817900026,20.01254840500018,0 73.72398142576608,20.01250235385044,0 73.7233996580002,20.01192890500025,0 73.72250105311228,20.01117622064124,0 73.72184244540685,20.01027732750451,0 73.72184238800014,20.01027724200011,0 73.72162281577566,20.01017758392845,0 73.72162182177814,20.01016859648441,0 73.72162122700023,20.01016290100015,0 73.72162119030141,20.0101628868512,0 73.72147949242735,20.00888169095294,0 73.72147949340355,20.0088816478706,0 73.72169547400024,20.00754080000018,0 73.7216954025368,20.00754077108882,0 73.72026764100015,20.00705885300018,0 73.72031365825043,20.0061872814213,0 73.72031313981084,20.0058677320115,0 73.72035618673971,20.00587946471364,0 73.7205307560276,20.00594193374541,0 73.72073421300003,20.00601461000002,0 73.72073421811744,20.00601453836035,0 73.72088478959931,20.004711212954,0 73.72102305944208,20.00482692837515,0 73.72115676900017,20.00493886200019,0 73.72138512058804,20.00508940209143,0 73.72165799000017,20.00526934100027,0 73.72318222900007,20.00596340300014,0 73.72323559494392,20.0057209712023,0 73.7233190960503,20.00534174315796,0 73.72486732100023,20.0054338950002,0 73.725218813618,20.00550820948588,0 73.72584344600008,20.00564030300005,0 73.72679845165038,20.00590665308364,0 73.72772738800018,20.00627139400022,0 73.72812305432078,20.00508774777874,0 73.72812323800024,20.00508721600021,0 73.72840301996983,20.00401558894778,0 73.72851473500022,20.00369220000025,0 73.73056728524847,20.00358901654962,0 73.73165041858522,20.00350419787155,0 73.73186017755842,20.00467382341526,0 73.73129820800021,20.00475106800028,0 73.73134840156037,20.00506886219062,0 73.73143610016155,20.00565237042649,0 73.73441143900014,20.00547934300023,0 73.73458887977635,20.00630345688732,0 73.73622707819304,20.00566895563641,0 73.73774963992209,20.00560133474141,0 73.73775355559563,20.00528589013447,0 73.7408000619326,20.00481579487912,0 73.74050404536796,20.00300745271519,0 73.74178398978363,20.00285009667351,0 73.74381177044054,20.00286835654231,0 73.74485716533209,20.0027973166746,0 73.74622621764854,20.0027676956913,0 73.74795620422442,20.00267753560079,0 73.74956976544119,20.00256226848972,0 73.74979185788069,20.00244131999044,0 73.75014280369578,20.00234299432692,0 73.75068064576523,20.00232505592109,0 73.75218251800015,20.00216907000016,0 73.75218248733589,20.00216889370758,0 73.75218281688987,20.00216883910095,0 73.75218955886574,20.00220706799967,0 73.7535827870001,20.01203480900013,0 73.75358285560603,20.01203480512448,0 73.7557974490002,20.01195990900015,0 73.75586168900018,20.01214974400014,0 73.75586527837956,20.01218034565566,0 73.75614168000017,20.01456133500028,0 73.75686891000012,20.01441858700019,0 73.75706519455878,20.01437934662054,0 73.75748580043727,20.01429651002216,0 73.75865555059463,20.01406780505803,0 73.75876739194706,20.01529620546787,0 73.75878691700011,20.01551186600015,0 73.75883550217404,20.01609204336727,0 73.75883597700026,20.01611870500017,0 73.75883877600022,20.01661919200028,0 73.75884109032071,20.01697732335517,0 73.75884200442432,20.01708317556599,0 73.7589993310001,20.01822360900025,0 73.75899860000013,20.01822464700016,0 73.75904291166673,20.01854755226509,0 73.75905919500025,20.01867860200015,0 73.75908686442443,20.01886784211067,0 73.75909286800011,20.01891159100016,0 73.75909758995573,20.01894119747627,0 73.75915233800023,20.01931563700019,0 73.759157274576,20.01931541770183,0 73.75915730700019,20.01931562100019,0 73.75929150949243,20.01930958426952,0 73.75948055200021,20.01930155200018,0 73.75948174685296,20.01947102457544,0 73.75948418900025,20.02015554600014,0 73.75942070854927,20.02079746925927,0 73.75926256380632,20.0213993568332,0 73.75916902551086,20.02184044933718,0 73.7590375480674,20.02259148856305,0 73.75903171817187,20.02262482092692,0 73.75895287104609,20.02287333137726,0 73.755157378367,20.02182553331566,0 73.75352904433583,20.02183351420154,0 
						</coordinates>
					</LinearRing>
				</outerBoundaryIs>
			</Polygon>
		</Placemark>
	</Document>
	<Document>
		<name>Ward No. 9.kml</name>
		<StyleMap id="m_ylw-pushpin7">
			<Pair>
				<key>normal</key>
				<styleUrl>#s_ylw-pushpin7</styleUrl>
			</Pair>
			<Pair>
				<key>highlight</key>
				<styleUrl>#s_ylw-pushpin_hl7</styleUrl>
			</Pair>
		</StyleMap>
		<Style id="s_ylw-pushpin7">
			<IconStyle>
				<scale>1.1</scale>
				<Icon>
					<href>http://maps.google.com/mapfiles/kml/pushpin/ylw-pushpin.png</href>
				</Icon>
				<hotSpot x="20" y="2" xunits="pixels" yunits="pixels"/>
			</IconStyle>
			<LineStyle>
				<color>ffffff55</color>
				<width>3</width>
			</LineStyle>
			<PolyStyle>
				<fill>0</fill>
			</PolyStyle>
		</Style>
		<Style id="s_ylw-pushpin_hl7">
			<IconStyle>
				<scale>1.3</scale>
				<Icon>
					<href>http://maps.google.com/mapfiles/kml/pushpin/ylw-pushpin.png</href>
				</Icon>
				<hotSpot x="20" y="2" xunits="pixels" yunits="pixels"/>
			</IconStyle>
			<LineStyle>
				<color>ffffff55</color>
				<width>3</width>
			</LineStyle>
			<PolyStyle>
				<fill>0</fill>
			</PolyStyle>
		</Style>
		<Placemark>
			<name>Ward No. 9.kml</name>
			<styleUrl>#m_ylw-pushpin7</styleUrl>
			<Polygon>
				<tessellate>1</tessellate>
				<outerBoundaryIs>
					<LinearRing>
						<coordinates>
							73.71121469476741,20.02633001943263,0 73.7110742160002,20.02601038300025,0 73.70859441500011,20.0233272600002,0 73.70756311100021,20.02208292800027,0 73.70674889000009,20.02124602600013,0 73.70545181400023,20.0199984930002,0 73.70420876300014,20.01887844100025,0 73.70385153100025,20.0185472030002,0 73.70342001400016,20.01771257700025,0 73.70289083400026,20.01660360900015,0 73.70254323700019,20.01617186800022,0 73.70228644600016,20.01591645600023,0 73.70178556200011,20.01562798600016,0 73.70105119200028,20.01498261400023,0 73.70024508800019,20.0143071000003,0 73.69944816300024,20.01377855000026,0 73.69902153300012,20.0132540220002,0 73.69839322300018,20.01247390400014,0 73.6972404980001,20.01011201000029,0 73.69698900000007,20.00938806100017,0 73.69698897200026,20.00938798300016,0 73.69668589100013,20.00857021900018,0 73.69638798200009,20.00770407500028,0 73.69606761900013,20.00706640900027,0 73.69566419100015,20.0064858710002,0 73.69492397900019,20.00496710100013,0 73.69485856698421,20.00453915674081,0 73.69485872308353,20.00453908673956,0 73.69849714230978,20.00579415760049,0 73.69963545727668,20.00560036107304,0 73.70157972037329,20.00527052386523,0 73.70205339273583,19.9995553133526,0 73.70205336006046,19.99955531316608,0 73.70205344564995,19.999554295606,0 73.70223455443916,19.99794711759897,0 73.70223455800013,19.99794705400007,0 73.70234797551507,19.99689787617749,0 73.70234798312072,19.99689781660763,0 73.70237877600016,19.99668960300003,0 73.70237878098294,19.99668956319454,0 73.70237881000017,19.99668955600011,0 73.70240785605631,19.99645732450652,0 73.70240786000008,19.99645726100017,0 73.70242605808481,19.99562183298025,0 73.70242606000016,19.99562170300013,0 73.70256909823681,19.99488604168302,0 73.70278323466388,19.99378490980597,0 73.70338210106222,19.99391018245298,0 73.70326653100017,19.99433984100012,0 73.70326739150347,19.99433992023949,0 73.70326722100022,19.99434055800027,0 73.70462328000025,19.99446485700016,0 73.70497638589978,19.99447145137214,0 73.70497645300007,19.99447145800026,0 73.70504822800024,19.99380200400012,0 73.70511359696248,19.99380932626718,0 73.70582533600005,19.99388942200007,0 73.70582997766222,19.99388957124353,0 73.70583544800017,19.99389018400031,0 73.70665445103499,19.99391608055143,0 73.70711202700002,19.99393079300003,0 73.70711209400011,19.99393085500003,0 73.70718247297565,19.99393258977893,0 73.70718385711245,19.99393262844986,0 73.70718718800011,19.9939327060001,0 73.70856546337492,19.99397264080587,0 73.70903684385348,19.99398631854517,0 73.70903681900012,19.9939864260001,0 73.708930233,19.9944502490002,0 73.70921497000002,19.99449425500011,0 73.70921786101022,19.99449419650041,0 73.70982488101798,19.994482019891,0 73.70982491991363,19.99448201842986,0 73.70982494692765,19.99448201668477,0 73.70992939984305,19.99447625915032,0 73.70992946323625,19.99447625598636,0 73.71038781500016,19.9944557790003,0 73.71136670063569,19.9943505544547,0 73.71148283172592,19.9960325632382,0 73.71144536243959,19.99772787098347,0 73.71146425805732,19.99950050219947,0 73.71139281862985,20.00117208244244,0 73.71133012120289,20.00313557338093,0 73.71136833203821,20.00454574438515,0 73.71156617219714,20.00523292840155,0 73.71156621600005,20.00523323700012,0 73.71202324711132,20.00532964312054,0 73.71213023400018,20.0053522810002,0 73.7121302770001,20.0053522850002,0 73.71248692563002,20.00543351007167,0 73.71273426699997,20.00548988600013,0 73.71378625464639,20.00564507892539,0 73.71457641100017,20.00576168100015,0 73.71457643472429,20.005761654091,0 73.71457650101181,20.00576166471202,0 73.71720522616909,20.006216508569,0 73.71720523100025,20.00621647100029,0 73.71822763054456,20.00634165572031,0 73.7182278951521,20.00634169654907,0 73.71841385400015,20.0063764920003,0 73.71841380850819,20.00637636351845,0 73.71841385400015,20.00637637200011,0 73.718011679,20.0052405560001,0 73.71886895659372,20.00547416314635,0 73.72031309283939,20.00586769395235,0 73.72031366725473,20.00618710459494,0 73.7202676413732,20.00705885391763,0 73.7216954025368,20.00754077108882,0 73.72147949340355,20.0088816478706,0 73.72147949242735,20.00888169095294,0 73.72162286360472,20.0101776240629,0 73.72184248940722,20.01027730886119,0 73.72250091400028,20.01117611200023,0 73.72250105311228,20.01117622064124,0 73.72339902554411,20.01192823296397,0 73.72398142576608,20.01250235385044,0 73.72402813741171,20.01254842166287,0 73.724059615101,20.01270160624769,0 73.72415709212785,20.01317716539504,0 73.724341890522,20.01375476308027,0 73.7242547078697,20.01381236784358,0 73.72311441387023,20.01456520246541,0 73.72180354165397,20.01570108124337,0 73.72179302263709,20.01571047459133,0 73.7216112040476,20.01588403629878,0 73.72113905272457,20.01633515078041,0 73.71854049921413,20.01865938755827,0 73.71642947718505,20.02019165059161,0 73.71553049400971,20.02046122580067,0 73.71521559551898,20.0209173382569,0 73.71480503733733,20.02292650550506,0 73.71460975430224,20.02418948992474,0 73.71414804254202,20.02474198140762,0 73.71396585028225,20.02489227584965,0 73.71273547007502,20.02598687574428,0 73.71230199807799,20.02622939951045,0 73.71210833093411,20.02628212417546,0 73.71121469476741,20.02633001943263,0 
						</coordinates>
					</LinearRing>
				</outerBoundaryIs>
			</Polygon>
		</Placemark>
	</Document>
	<Document>
		<name>Ward No. 10.kml</name>
		<StyleMap id="m_ylw-pushpin8">
			<Pair>
				<key>normal</key>
				<styleUrl>#s_ylw-pushpin8</styleUrl>
			</Pair>
			<Pair>
				<key>highlight</key>
				<styleUrl>#s_ylw-pushpin_hl8</styleUrl>
			</Pair>
		</StyleMap>
		<Style id="s_ylw-pushpin8">
			<IconStyle>
				<scale>1.1</scale>
				<Icon>
					<href>http://maps.google.com/mapfiles/kml/pushpin/ylw-pushpin.png</href>
				</Icon>
				<hotSpot x="20" y="2" xunits="pixels" yunits="pixels"/>
			</IconStyle>
			<LineStyle>
				<color>ffffff55</color>
				<width>3</width>
			</LineStyle>
			<PolyStyle>
				<fill>0</fill>
			</PolyStyle>
		</Style>
		<Style id="s_ylw-pushpin_hl8">
			<IconStyle>
				<scale>1.3</scale>
				<Icon>
					<href>http://maps.google.com/mapfiles/kml/pushpin/ylw-pushpin.png</href>
				</Icon>
				<hotSpot x="20" y="2" xunits="pixels" yunits="pixels"/>
			</IconStyle>
			<LineStyle>
				<color>ffffff55</color>
				<width>3</width>
			</LineStyle>
			<PolyStyle>
				<fill>0</fill>
			</PolyStyle>
		</Style>
		<Placemark>
			<name>Ward No. 10.kml</name>
			<styleUrl>#m_ylw-pushpin8</styleUrl>
			<Polygon>
				<tessellate>1</tessellate>
				<outerBoundaryIs>
					<LinearRing>
						<coordinates>
							73.69963545727668,20.00560036107304,0 73.69849714230978,20.00579415760049,0 73.69485883400004,20.00453903700006,0 73.69485872308353,20.00453908673956,0 73.69485854700028,20.00453902600015,0 73.69485856698421,20.00453915674081,0 73.69325392100004,20.0052587450001,0 73.69285382400005,20.00514213500004,0 73.6923166130001,20.00498548100005,0 73.69137921300018,20.00471212100017,0 73.69059625600013,20.0042099600001,0 73.69008484500002,20.0038815560001,0 73.6900375920001,20.00385121100017,0 73.68957334000005,20.00355306100001,0 73.68961468300002,20.00261148200018,0 73.68966731600001,20.00146055900007,0 73.68972657900004,19.99982017500006,0 73.68896341200004,19.99807423400011,0 73.68796649000015,19.99689259400004,0 73.68799414600014,19.99635775400002,0 73.68721810100014,19.99422086400013,0 73.68720491500011,19.9941743270001,0 73.68682143400009,19.99281842400009,0 73.6867732310001,19.99264965700007,0 73.68728179300008,19.99203569400017,0 73.68749836700006,19.99139014700013,0 73.68749858400017,19.99138707700006,0 73.68756405800008,19.99059032500004,0 73.68762974800018,19.98979050300012,0 73.68821481000009,19.98877841000013,0 73.6882406520001,19.98782741000014,0 73.68822190400014,19.98769084500012,0 73.68802453400016,19.98708115600003,0 73.68780648100015,19.98640716700013,0 73.68747364600006,19.98603373100014,0 73.68750595400006,19.98539854800008,0 73.68753826100016,19.9847633640001,0 73.68821053100001,19.98457409000007,0 73.6884682460001,19.98387841100016,0 73.68859770200015,19.98374064200004,0 73.68867661000012,19.98376348600015,0 73.68881234900006,19.98374215800016,0 73.68891538900006,19.98369432000011,0 73.68897859300014,19.98365640800017,0 73.68913500100011,19.98359646600019,0 73.68920552100009,19.98361439800007,0 73.68928518600002,19.98361853400006,0 73.68949175100015,19.98361126599999,0 73.68958066700004,19.98358421100015,0 73.68968176800014,19.98349402300015,0 73.68977597000013,19.98340610400007,0 73.68991255100015,19.98326519000013,0 73.69000101900018,19.98316764400006,0 73.69007375899999,19.98308629500016,0 73.69017089400012,19.98293042700006,0 73.69024177500003,19.98281304100011,0 73.69023875800005,19.98274644900011,0 73.69022927300006,19.98266910500011,0 73.69023176300009,19.98258653700002,0 73.69026952900002,19.98256698700001,0 73.6903403540001,19.98256241800007,0 73.69041835800016,19.98257210000016,0 73.6905850040001,19.98256790800017,0 73.69064779800014,19.98252265800016,0 73.69069462200011,19.98250781100008,0 73.69072769100009,19.98252096700011,0 73.6907847640001,19.98250093400014,0 73.69084811900011,19.98246001100004,0 73.69091012300008,19.98239123800012,0 73.69095264200014,19.98231697600001,0 73.69097617600013,19.98215801800019,0 73.69096864100013,19.98203583600002,0 73.69094447200017,19.98189011000005,0 73.69092358500014,19.98176698300007,0 73.69090548100006,19.98167457600015,0 73.69089923900007,19.98164643100004,0 73.69089614699999,19.98156571400003,0 73.69096141100006,19.98151921300018,0 73.69107612300014,19.98147631700018,0 73.69127396400008,19.98142391900011,0 73.69144409200013,19.98138853200011,0 73.69161309900016,19.98135155600007,0 73.69174701500005,19.98133481600011,0 73.69192406000005,19.98128666200003,0 73.69204404300011,19.98121476700003,0 73.69215128200001,19.98113759100004,0 73.69237339700001,19.98106696000015,0 73.69251921200008,19.98102273300013,0 73.69261951100012,19.98096833200016,0 73.69277566500007,19.98096945200008,0 73.69286592900008,19.98102115000009,0 73.69291792200003,19.98109582700014,0 73.69292122100003,19.98118507200015,0 73.69284783800009,19.98125915300015,0 73.69274472500018,19.98132501000001,0 73.692660012,19.98140926300014,0 73.69258997800007,19.98149357300001,0 73.69257187300009,19.981594355,0 73.69260818200016,19.9817438480002,0 73.69264586499999,19.98186258400008,0 73.69274363300009,19.98207928200007,0 73.69277239700016,19.98214487600016,0 73.69279741400001,19.9822546210001,0 73.69286516500001,19.98237594100001,0 73.69288601100014,19.98248389500006,0 73.69293968900014,19.98255344900013,0 73.69299191000012,19.98259484500018,0 73.69305991300014,19.98265146000016,0 73.69311570700015,19.98269858800015,0 73.69320818700015,19.98270405200007,0 73.69334196400013,19.98270598900014,0 73.69348719000006,19.98264900900004,0 73.69358216800011,19.98261405700017,0 73.6937152680001,19.98254090700016,0 73.69386614500006,19.98249097800002,0 73.69409633200019,19.98240127100015,0 73.69437364600005,19.98225302400005,0 73.69452863700016,19.98214171100017,0 73.69483493300011,19.98196457400017,0 73.69510818300016,19.98184476800002,0 73.69551471400013,19.98173604300018,0 73.695683833,19.98169105500018,0 73.695849181,19.98165176700013,0 73.69611240900011,19.98160217800002,0 73.69630037600012,19.98153852100018,0 73.69665805100014,19.98140414100007,0 73.69688324000003,19.98131640500009,0 73.69710747500002,19.98122692600006,0 73.69733891700017,19.98111752600007,0 73.69753525800016,19.98105496200004,0 73.69769866199999,19.98104649100014,0 73.69792838900008,19.98110051600008,0 73.69813974600008,19.98119320400011,0 73.69853586199999,19.98140073200005,0 73.6987347900001,19.98146277500013,0 73.698931106,19.98149063700012,0 73.699160844,19.98150541000019,0 73.69938149300006,19.98148875600005,0 73.69974858000015,19.98144547700012,0 73.69981170600003,19.98144551000021,0 73.70006883200017,19.98145203000004,0 73.70016500000014,19.98148093300003,0 73.70027592100017,19.98147584800005,0 73.70043494100018,19.98139321800014,0 73.70058998200012,19.98128151900005,0 73.70068685700006,19.9811500540001,0 73.70068606400008,19.98106523200018,0 73.70064130800012,19.98101257600009,0 73.70058690200005,19.98092651600008,0 73.70047813400011,19.98069562600016,0 73.70042622300016,19.98058587400013,0 73.70032118900018,19.98040895800006,0 73.70030131400004,19.98037783200015,0 73.70026073900016,19.98029042700011,0 73.70027061200017,19.98019403200004,0 73.70031553800015,19.98008176600017,0 73.70043526200011,19.98007176400005,0 73.70055875700012,19.98008589600016,0 73.70068814100017,19.98009799200009,0 73.70076013700009,19.98016113400016,0 73.70089190900015,19.98015544400005,0 73.70094683800016,19.98013613200005,0 73.7010232160001,19.98016562,0 73.70110844300012,19.98022282600012,0 73.70119640100012,19.98028433700014,0 73.7013368340001,19.98039122500011,0 73.70158525500014,19.98052387500007,0 73.70185394000008,19.98056113600004,0 73.70203309100008,19.98057831200004,0 73.7022266730001,19.9805512450002,0 73.70232061200015,19.98050300800003,0 73.702534589,19.98043245400005,0 73.70267301100009,19.98038740300014,0 73.70276152400004,19.98036338300011,0 73.70280072400008,19.98037578200016,0 73.70286010200002,19.98042280700005,0 73.70293730900011,19.98047744700013,0 73.70298523200007,19.98051171600004,0 73.70303586000017,19.98054458700018,0 73.70320497100005,19.9806584200001,0 73.70339733700015,19.98079603200011,0 73.70342657600017,19.98081742200011,0 73.70355376400003,19.98089929800013,0 73.70362788800013,19.98089307000015,0 73.70372653500003,19.98093561100003,0 73.70383468000001,19.98100921700008,0 73.70398074000019,19.98109986000003,0 73.70412516800006,19.98114843100005,0 73.70429207400019,19.98115173000006,0 73.70445541600003,19.981109153,0 73.70451232000012,19.9810620160001,0 73.70457032300004,19.98098000200006,0 73.70463783300012,19.98088547800005,0 73.70479739600009,19.98061814500005,0 73.70491386400013,19.98055926500015,0 73.70502427300012,19.98050715600002,0 73.70509240000015,19.98046908200006,0 73.70519295100004,19.98046499600008,0 73.70528941800012,19.9804598630001,0 73.7053783970001,19.98047183100002,0 73.70544125200007,19.98048048300003,0 73.70559773600004,19.98051028500001,0 73.70569231200005,19.98052791400014,0 73.70580734500007,19.98055950600008,0 73.70590238000003,19.98058585700004,0 73.70609069800015,19.98063479100019,0 73.70631698800005,19.98069226100014,0 73.70647426400009,19.98072786200016,0 73.70655159100001,19.98074414300017,0 73.70669905100013,19.98074509900008,0 73.7069348750001,19.98069849300013,0 73.7071324060002,19.98065723900009,0 73.70719086400005,19.98064564500002,0 73.7073588320001,19.98060758800015,0 73.70757157200012,19.98056066300009,0 73.70780414799999,19.98053469800016,0 73.70809043500014,19.98052055100015,0 73.70844984900005,19.98044906600018,0 73.70849077383015,19.98044608811007,0 73.70848962900014,19.9804405870001,0 73.70844664700013,19.97945906400016,0 73.70946564900007,19.97964573700006,0 73.70989256400013,19.979833947,0 73.71017717500014,19.98005772900005,0 73.71057880907263,19.98032881680185,0 73.71059440200011,19.98002330800013,0 73.71080345500009,19.98002123900005,0 73.71100027400013,19.98003757600007,0 73.7111051840001,19.98004789700012,0 73.71126952800002,19.98006986100016,0 73.71148283200009,19.98008308900019,0 73.71166783800011,19.98008831400018,0 73.71166829300006,19.98008808300007,0 73.71172272300012,19.98008976200012,0 73.71209789500008,19.98003451000017,0 73.712231102,19.98001852200009,0 73.71242847900008,19.98000220500007,0 73.71257776700017,19.98004965300009,0 73.71275600600009,19.98014451700012,0 73.71284223700003,19.98022878400008,0 73.71290869600011,19.9803719660002,0 73.71290810400006,19.98062083400001,0 73.712851556,19.98085940100012,0 73.71282768300007,19.98090514299999,0 73.71274522200008,19.98106541500011,0 73.71271849600001,19.9811726290001,0 73.712705472,19.98131510000007,0 73.71274523300018,19.98144796400005,0 73.71280488800056,19.98165409422613,0 73.71374649975519,19.98149615767515,0 73.7142949310234,19.98148973688582,0 73.71522324199167,19.98162359008601,0 73.71624689277016,19.9818348799967,0 73.71695300507631,19.98216323340508,0 73.71790589452242,19.98296845277814,0 73.71853741110988,19.98358498757273,0 73.71969158781121,19.98419299938891,0 73.72188882519747,19.98505327539894,0 73.7225942610596,19.98543169401069,0 73.72356377023722,19.98586186560649,0 73.72453781092545,19.98295072390626,0 73.72518849902551,19.98358941665625,0 73.72526146486766,19.98374929510632,0 73.72625177975678,19.98416595904174,0 73.72737271602942,19.98416475050049,0 73.72795546426056,19.98410435808745,0 73.72860174094015,19.98456278783109,0 73.72852578240317,19.98477561426082,0 73.7283331946727,19.98493532956874,0 73.72757054522883,19.98510841268867,0 73.72732608563548,19.98542026816295,0 73.72729687834556,19.98574584504052,0 73.7274370272406,19.98624985510431,0 73.72735309405262,19.98675860232816,0 73.72752728440416,19.98704966303061,0 73.72890706446557,19.98764590063632,0 73.73039940087294,19.98811120557165,0 73.7303592577164,19.98821150322311,0 73.73024351957642,19.98845838882684,0 73.73013471900013,19.98869043000013,0 73.73013474382695,19.98869044136393,0 73.73080258500015,19.98900813100004,0 73.73048833743397,19.98940798172262,0 73.73056917955647,19.98945022759822,0 73.73076068600015,19.98955031900014,0 73.73075224317989,19.99011450748086,0 73.72907023341665,19.98943809127825,0 73.72671558900004,19.99026584700001,0 73.72667549100009,19.98936214200011,0 73.72332902718719,19.98942289177652,0 73.72130691700016,19.9894596,0 73.72123124562886,19.98969644324742,0 73.72068730400014,19.99139892200006,0 73.72076119800003,19.99141049600013,0 73.72073693662615,19.99156550007974,0 73.72072938771835,19.99156562516893,0 73.72021747399999,19.99149057100009,0 73.71959095525217,19.99143019867153,0 73.71959687623028,19.99139684800211,0 73.719635818,19.99117824500019,0 73.71963568707957,19.99117823223173,0 73.71963130094457,19.99117777766806,0 73.71944772818952,19.9911587265948,0 73.71870165200016,19.99107714200008,0 73.71843579407586,19.9910727319299,0 73.71805083000014,19.99106631600007,0 73.71805079013531,19.99106634569978,0 73.71711345357335,19.99103688961208,0 73.71700458499998,19.99171760000014,0 73.7168427264221,19.99171451222888,0 73.7169594028739,19.9927536429221,0 73.71641985802178,19.99275945639818,0 73.71591879800012,19.99278001500002,0 73.71591879414055,19.99278003799576,0 73.71591872100002,19.99278004100002,0 73.71584325432759,19.99338059189069,0 73.71508198272868,19.99324904981906,0 73.71468510751326,19.99318047919766,0 73.71395942524137,19.99313049480658,0 73.71368995624279,19.99311191683842,0 73.71354200967671,19.99310009586067,0 73.71249230807423,19.99301577158185,0 73.71262057754316,19.9922992947261,0 73.71246777622154,19.99226796268151,0 73.71246218403385,19.99223855676557,0 73.71244492600934,19.99214937413552,0 73.7124448850002,19.99214939000016,0 73.7120394108582,19.99207186693228,0 73.71197200017644,19.99205876365298,0 73.71187989633664,19.99210877742652,0 73.71142933472613,19.99311000720528,0 73.71141079429501,19.99361381801527,0 73.71145560951565,19.99433604926934,0 73.71136688400009,19.99435031300019,0 73.71038786419575,19.99445577370089,0 73.71038783500016,19.99445574500012,0 73.70992946323625,19.99447625598636,0 73.70992939984305,19.99447625915032,0 73.70982494692765,19.99448201668477,0 73.70982491991363,19.99448201842986,0 73.70982488101798,19.994482019891,0 73.70921786101022,19.99449419650041,0 73.70893028900018,19.99445022900019,0 73.70903689400021,19.99398632000027,0 73.70903684385348,19.99398631854517,0 73.70903684838817,19.99398629893925,0 73.70856546337492,19.99397264080587,0 73.70718390400019,19.99393255300017,0 73.70718385711245,19.99393262844986,0 73.70718247297565,19.99393258977893,0 73.70670513000019,19.99391768300018,0 73.70665445103499,19.99391608055143,0 73.70582997766222,19.99388957124353,0 73.70511359696248,19.99380932626718,0 73.70504819755881,19.99380196652876,0 73.70497638589978,19.99447145137214,0 73.70461387400017,19.99446391100008,0 73.70326739150347,19.99433992023949,0 73.70338227100015,19.99391021800019,0 73.70338210106222,19.99391018245298,0 73.70338225800006,19.99390959900005,0 73.7033823826813,19.99390939109098,0 73.70338244000007,19.99390940300003,0 73.70338303400013,19.99390830500012,0 73.7033823826813,19.99390939109098,0 73.70278323466388,19.99378490980597,0 73.70278319880279,19.9937848990233,0 73.70256909823681,19.99488604168302,0 73.70242601600016,19.99562179900014,0 73.70242605808481,19.99562183298025,0 73.70240782500017,19.99645730600026,0 73.70240785605631,19.99645732450652,0 73.70237878098294,19.99668956319454,0 73.70237868900024,19.99668958600029,0 73.70234798312072,19.99689781660763,0 73.70234797551507,19.99689787617749,0 73.70223450100022,19.99794709500016,0 73.70223455443916,19.99794711759897,0 73.70205348700016,19.99955380400014,0 73.70205344564995,19.999554295606,0 73.70205333100014,19.99955531300017,0 73.70205336006046,19.99955531316608,0 73.70175927499997,20.00305164500009,0 73.70157848600003,20.00526954800019,0 73.69963545727668,20.00560036107304,0 
						</coordinates>
					</LinearRing>
				</outerBoundaryIs>
			</Polygon>
		</Placemark>
	</Document>
	<Document>
		<name>Ward No. 11.kml</name>
		<StyleMap id="m_ylw-pushpin9">
			<Pair>
				<key>normal</key>
				<styleUrl>#s_ylw-pushpin9</styleUrl>
			</Pair>
			<Pair>
				<key>highlight</key>
				<styleUrl>#s_ylw-pushpin_hl9</styleUrl>
			</Pair>
		</StyleMap>
		<Style id="s_ylw-pushpin9">
			<IconStyle>
				<scale>1.1</scale>
				<Icon>
					<href>http://maps.google.com/mapfiles/kml/pushpin/ylw-pushpin.png</href>
				</Icon>
				<hotSpot x="20" y="2" xunits="pixels" yunits="pixels"/>
			</IconStyle>
			<LineStyle>
				<color>ffffff55</color>
				<width>3</width>
			</LineStyle>
			<PolyStyle>
				<fill>0</fill>
			</PolyStyle>
		</Style>
		<Style id="s_ylw-pushpin_hl9">
			<IconStyle>
				<scale>1.3</scale>
				<Icon>
					<href>http://maps.google.com/mapfiles/kml/pushpin/ylw-pushpin.png</href>
				</Icon>
				<hotSpot x="20" y="2" xunits="pixels" yunits="pixels"/>
			</IconStyle>
			<LineStyle>
				<color>ffffff55</color>
				<width>3</width>
			</LineStyle>
			<PolyStyle>
				<fill>0</fill>
			</PolyStyle>
		</Style>
		<Placemark>
			<name>Ward No. 11.kml</name>
			<styleUrl>#m_ylw-pushpin9</styleUrl>
			<Polygon>
				<tessellate>1</tessellate>
				<outerBoundaryIs>
					<LinearRing>
						<coordinates>
							73.71886895659372,20.00547416314635,0 73.71801163600009,20.00524051800028,0 73.71841380850819,20.00637636351845,0 73.7182278951521,20.00634169654907,0 73.71822763054456,20.00634165572031,0 73.71720524600016,20.00621644700011,0 73.71457650101181,20.00576166471202,0 73.71457643472429,20.005761654091,0 73.71378625464639,20.00564507892539,0 73.71273424100015,20.00548983500021,0 73.71248692563002,20.00543351007167,0 73.7121302770001,20.00535222000011,0 73.71202324711132,20.00532964312054,0 73.71156627723232,20.00523320675454,0 73.71136830479658,20.00454547291234,0 73.7113653797235,20.00443216760151,0 73.7113300526109,20.00313323780252,0 73.71135227369737,20.00243673290423,0 73.71139615974624,20.00108413670981,0 73.71146429044175,19.99949968465265,0 73.71146242273404,19.999319604335,0 73.71144526917251,19.9977285538883,0 73.71148266260946,19.99603085857926,0 73.71136672226027,19.99435032855019,0 73.71145562139861,19.99433599851441,0 73.71141074105499,19.9936140471265,0 73.71142935837875,19.99310991281918,0 73.71187988535154,19.9921087823867,0 73.71197194907197,19.99205877412603,0 73.7120394108582,19.99207186693228,0 73.7124448850002,19.99214945400016,0 73.71246775562334,19.99226778364402,0 73.71262066993937,19.99229926877552,0 73.71249230249691,19.99301576674522,0 73.71367290842014,19.99311070092902,0 73.71468602125347,19.99318062259981,0 73.71584339927412,19.99338068184782,0 73.71591879414055,19.99278003799576,0 73.71641985802178,19.99275945639818,0 73.71695917022676,19.99275364941011,0 73.7168427264221,19.99171451222888,0 73.71700458499998,19.99171760000014,0 73.71711345357335,19.99103688961208,0 73.71805079013531,19.99106634569978,0 73.71805106400015,19.99106635000008,0 73.71843579407586,19.9910727319299,0 73.71870136400014,19.99107715800008,0 73.71944772818952,19.9911587265948,0 73.71944772500017,19.99115878500017,0 73.71963130094457,19.99117777766806,0 73.71963568707957,19.99117823223173,0 73.71959687623028,19.99139684800211,0 73.71959093600002,19.99143019400016,0 73.71959095525217,19.99143019867153,0 73.72021722000015,19.99149057400018,0 73.72072952499705,19.99156559439924,0 73.72073693662615,19.99156550007974,0 73.72076119800003,19.99141049600013,0 73.72068730400014,19.99139892200006,0 73.72123124562886,19.98969644324742,0 73.72130691700016,19.9894596,0 73.72332598221226,19.98942283570865,0 73.72667549100009,19.98936214200011,0 73.72671558900004,19.99026584700001,0 73.72907019150297,19.98943807662863,0 73.73075218375557,19.99011452964032,0 73.73076072400015,19.98955029600005,0 73.73056917955647,19.98945022759822,0 73.73048833743397,19.98940798172262,0 73.73080267400007,19.98900812600013,0 73.73013474382695,19.98869044136393,0 73.73024351957642,19.98845838882684,0 73.73035931200016,19.98821143600011,0 73.73039940267992,19.98811124212861,0 73.73128135837644,19.98852129148918,0 73.73166990522584,19.98862701724731,0 73.73447319015331,19.9876971051401,0 73.735422034865,19.98716010095231,0 73.73639951206084,19.98667572489132,0 73.73665798968678,19.98688910220832,0 73.73663527622051,19.98777179133808,0 73.73775005996809,19.98819606620602,0 73.74194427985475,19.98832872476143,0 73.74279673771609,19.98758628136082,0 73.74324601725847,19.98750522789803,0 73.74529239096633,19.98904243022632,0 73.74613669357927,19.9886076123684,0 73.74927627032373,19.98819157558843,0 73.74974258448972,19.98870085392951,0 73.74922602786513,19.99040031875872,0 73.74983421726793,19.99301878916885,0 73.75039098800251,19.99310157415767,0 73.75088935478789,19.99318282279317,0 73.75119054653112,19.9951493090272,0 73.75153405810408,19.99675281195641,0 73.75176559072796,19.99846484776863,0 73.75205467608909,20.00126242853711,0 73.75218282054615,20.00216901608213,0 73.75068097785517,20.00232511463839,0 73.75014319116211,20.00234295823819,0 73.74979192800285,20.00244125454003,0 73.74977099028814,20.0024526723763,0 73.74956965533498,20.00256232047926,0 73.74795148943524,20.00267768707101,0 73.74634606283914,20.00276143662826,0 73.7462265326092,20.00276764013102,0 73.74485862368705,20.00279721403221,0 73.74381212049423,20.00286831634757,0 73.74178270470061,20.00285030907927,0 73.74050398903039,20.00300747186534,0 73.740688248879,20.00413332936618,0 73.74080010107994,20.0048157360326,0 73.74072406258071,20.0048275702151,0 73.73775356558323,20.00528593604655,0 73.73774969129781,20.00560129929468,0 73.73622715773524,20.0056689505888,0 73.73458887977635,20.00630345688732,0 73.7344114365748,20.00547926848818,0 73.73143610016155,20.00565237042649,0 73.73134846600011,20.0050688570002,0 73.73134840156037,20.00506886219062,0 73.73129825800004,20.00475110200011,0 73.73186013905092,20.00467389962109,0 73.73165028775473,20.00350424256695,0 73.73058770706577,20.00358740465209,0 73.73057003501789,20.00358884494205,0 73.72904856777477,20.00366548902139,0 73.72851470700003,20.00369216700015,0 73.72840310600013,20.00401524300006,0 73.72840301996983,20.00401558894778,0 73.72812305432078,20.00508774777874,0 73.72772738800018,20.00627139400022,0 73.72679852800006,20.00590666800015,0 73.72679845165038,20.00590665308364,0 73.7258437550002,20.00564033800014,0 73.725218813618,20.00550820948588,0 73.72486717000012,20.00543384600011,0 73.7233190960503,20.00534174315796,0 73.72331907400012,20.00534174100022,0 73.72323559494392,20.0057209712023,0 73.72318222200016,20.00596336900014,0 73.72165804700008,20.00526932800018,0 73.72138512058804,20.00508940209143,0 73.72115672400025,20.00493879000018,0 73.72102305944208,20.00482692837515,0 73.72088479300005,20.00471118000018,0 73.72088478959931,20.004711212954,0 73.72073421811744,20.00601453836035,0 73.7205307560276,20.00594193374541,0 73.72035447800013,20.00587896600017,0 73.71886895659372,20.00547416314635,0 
						</coordinates>
					</LinearRing>
				</outerBoundaryIs>
			</Polygon>
		</Placemark>
	</Document>
	<Document>
		<name>Ward No. 12.kml</name>
		<StyleMap id="m_ylw-pushpin10">
			<Pair>
				<key>normal</key>
				<styleUrl>#s_ylw-pushpin10</styleUrl>
			</Pair>
			<Pair>
				<key>highlight</key>
				<styleUrl>#s_ylw-pushpin_hl10</styleUrl>
			</Pair>
		</StyleMap>
		<Style id="s_ylw-pushpin10">
			<IconStyle>
				<scale>1.1</scale>
				<Icon>
					<href>http://maps.google.com/mapfiles/kml/pushpin/ylw-pushpin.png</href>
				</Icon>
				<hotSpot x="20" y="2" xunits="pixels" yunits="pixels"/>
			</IconStyle>
			<LineStyle>
				<color>ffffff55</color>
				<width>3</width>
			</LineStyle>
			<PolyStyle>
				<fill>0</fill>
			</PolyStyle>
		</Style>
		<Style id="s_ylw-pushpin_hl10">
			<IconStyle>
				<scale>1.3</scale>
				<Icon>
					<href>http://maps.google.com/mapfiles/kml/pushpin/ylw-pushpin.png</href>
				</Icon>
				<hotSpot x="20" y="2" xunits="pixels" yunits="pixels"/>
			</IconStyle>
			<LineStyle>
				<color>ffffff55</color>
				<width>3</width>
			</LineStyle>
			<PolyStyle>
				<fill>0</fill>
			</PolyStyle>
		</Style>
		<Placemark>
			<name>Ward No. 12.kml</name>
			<styleUrl>#m_ylw-pushpin10</styleUrl>
			<Polygon>
				<tessellate>1</tessellate>
				<outerBoundaryIs>
					<LinearRing>
						<coordinates>
							73.75579755078215,20.01195990514888,0 73.75358273619605,20.01203476474589,0 73.75337844682757,20.01059363942231,0 73.75264580967828,20.00542224002938,0 73.75243572619699,20.00394174449878,0 73.75228811482383,20.00290261555144,0 73.75218958574678,20.0022071627829,0 73.75218286223091,20.00216950226003,0 73.752057317103,20.00128087501729,0 73.75205411380151,20.0012582762564,0 73.75176627792284,19.99846865761945,0 73.75153779341227,19.9967805020005,0 73.75153549579437,19.99676247821957,0 73.75153339235725,19.99674979511931,0 73.75119085116188,19.99515022910841,0 73.75118946854768,19.99514185929016,0 73.7508892805446,19.9931827208566,0 73.75081267521972,19.99317027660081,0 73.75040332373023,19.99310360023329,0 73.75039141025219,19.99310163820261,0 73.749834081633,19.99301880527069,0 73.74922601797564,19.99040019164029,0 73.74974257706633,19.98870084445193,0 73.75103552027447,19.98934752167451,0 73.75229780305702,19.98940084379343,0 73.75315037047491,19.98902546438005,0 73.75401731604248,19.98910500231217,0 73.7561201431793,19.98886155274178,0 73.75633881667103,19.98853692344261,0 73.75665763849076,19.98834102447973,0 73.75732560870009,19.98817744617836,0 73.75873405408379,19.98819215877834,0 73.75969380695568,19.98849993755713,0 73.76013240427179,19.98882499362674,0 73.76063408080566,19.98966315505657,0 73.76181946094691,19.9901166228063,0 73.76286958155804,19.98997679754659,0 73.76490545701355,19.99023655785674,0 73.76712341352467,19.99087571893839,0 73.76745523666162,19.99116839325837,0 73.76937323158167,19.99152925729507,0 73.77035214752465,19.99142112604844,0 73.7708546327231,19.9916064254989,0 73.77222522366212,19.99141450324315,0 73.77403767724536,19.99063354062373,0 73.77433863971015,19.99041026364383,0 73.77406374632113,19.9891363689228,0 73.77455665484717,19.98796764812747,0 73.77545043367654,19.98774596432302,0 73.77612742315679,19.98784923120284,0 73.7780944137852,19.98758145597001,0 73.77834092678864,19.98635067036576,0 73.77934100235562,19.98624252572864,0 73.78065635232124,19.98592123538238,0 73.78133011729332,19.9855793577136,0 73.78164723503424,19.98533299143143,0 73.78204240422916,19.98512573189995,0 73.78240646975246,19.98518381399871,0 73.78279545066343,19.98532795116019,0 73.78336335110643,19.98592319287607,0 73.78399280248154,19.98599208550923,0 73.78350019148833,19.98831995654408,0 73.78285601633972,19.98899137102218,0 73.78291293531076,19.99162436483638,0 73.78246559947372,19.99378832108297,0 73.78206966626706,19.995600572021,0 73.78119750398737,19.99744499215033,0 73.78243753679988,20.00067069611604,0 73.7821613976365,20.00066495103599,0 73.77764458965159,20.00082403348932,0 73.7768379631453,20.00097037911141,0 73.77510613355489,20.00174407335768,0 73.77292143474763,20.00218233796188,0 73.77196950803649,20.00265304114952,0 73.77020226200021,20.00309894800019,0 73.77020292784955,20.00310120912587,0 73.77020289015765,20.00310121877185,0 73.77042671700022,20.00387112300022,0 73.768872993396,20.0046435442159,0 73.76861531598927,20.00475923784695,0 73.76845930700016,20.00482931200018,0 73.76802236563378,20.00498445922032,0 73.76776100100011,20.00507720200027,0 73.76692293489897,20.00534873169855,0 73.76632098800025,20.00554352100021,0 73.7658304271507,20.00563112857421,0 73.76554202439098,20.00568237081709,0 73.7650225360001,20.00570353700013,0 73.76346664084782,20.00580383152917,0 73.76345664300013,20.00580447600022,0 73.76332171480936,20.00584623923052,0 73.76151860100018,20.00646891600031,0 73.75993227956721,20.00691030506694,0 73.75980675500011,20.00694389800017,0 73.75874060620379,20.0073346573574,0 73.75746108865619,20.00777898286529,0 73.75733200091126,20.00783159221422,0 73.7553463900001,20.00863857100015,0 73.75535525883643,20.0087038759893,0 73.75541854100011,20.00917733300014,0 73.75579755078215,20.01195990514888,0 
						</coordinates>
					</LinearRing>
				</outerBoundaryIs>
			</Polygon>
		</Placemark>
	</Document>
	<Document>
		<name>Ward No. 13.kml</name>
		<StyleMap id="m_ylw-pushpin11">
			<Pair>
				<key>normal</key>
				<styleUrl>#s_ylw-pushpin11</styleUrl>
			</Pair>
			<Pair>
				<key>highlight</key>
				<styleUrl>#s_ylw-pushpin_hl11</styleUrl>
			</Pair>
		</StyleMap>
		<Style id="s_ylw-pushpin11">
			<IconStyle>
				<scale>1.1</scale>
				<Icon>
					<href>http://maps.google.com/mapfiles/kml/pushpin/ylw-pushpin.png</href>
				</Icon>
				<hotSpot x="20" y="2" xunits="pixels" yunits="pixels"/>
			</IconStyle>
			<LineStyle>
				<color>ffffff55</color>
				<width>3</width>
			</LineStyle>
			<PolyStyle>
				<fill>0</fill>
			</PolyStyle>
		</Style>
		<Style id="s_ylw-pushpin_hl11">
			<IconStyle>
				<scale>1.3</scale>
				<Icon>
					<href>http://maps.google.com/mapfiles/kml/pushpin/ylw-pushpin.png</href>
				</Icon>
				<hotSpot x="20" y="2" xunits="pixels" yunits="pixels"/>
			</IconStyle>
			<LineStyle>
				<color>ffffff55</color>
				<width>3</width>
			</LineStyle>
			<PolyStyle>
				<fill>0</fill>
			</PolyStyle>
		</Style>
		<Placemark>
			<name>Ward No. 13.kml</name>
			<styleUrl>#m_ylw-pushpin11</styleUrl>
			<Polygon>
				<tessellate>1</tessellate>
				<outerBoundaryIs>
					<LinearRing>
						<coordinates>
							73.79857344547706,20.00142450238647,0 73.79862266340744,20.00163623418448,0 73.79564021544228,20.00164760562765,0 73.79385635752577,20.00275419665451,0 73.79349967065403,20.0036649707417,0 73.79349223785469,20.00368567135887,0 73.7928007715264,20.00568285958166,0 73.79241538164393,20.00644917009773,0 73.79225264429164,20.00745542745365,0 73.79077302559476,20.00808553141076,0 73.79001103243219,20.00961478733824,0 73.78861413531421,20.01019379696152,0 73.78811592823146,20.0084703818802,0 73.78812049236487,20.00809173669795,0 73.78768729886241,20.00806771554213,0 73.78766959491119,20.00723592717338,0 73.78770290424245,20.00703721497342,0 73.78764159128804,20.00662934331903,0 73.78734663722277,20.00666209295178,0 73.78679510036736,20.00666595953173,0 73.78633096034775,20.00669986871261,0 73.78632305493014,20.00649869539444,0 73.78536783659798,20.00660957434842,0 73.78487216457236,20.00688676969461,0 73.78470179719415,20.00676285746965,0 73.78445830829466,20.00618157369808,0 73.78243675663263,20.00066870043638,0 73.78119747472849,19.99744495197936,0 73.78206967055401,19.9956006648479,0 73.78228408442752,19.99461811323648,0 73.78241906492183,19.99400182559488,0 73.78246172632571,19.99380671662966,0 73.78250817023682,19.99358200105936,0 73.78269538590229,19.99357298425847,0 73.78319686191854,19.9935311266926,0 73.78451166825994,19.99342195193261,0 73.78451166900015,19.99342188800011,0 73.78489768921168,19.99338976557992,0 73.78516243492344,19.99336776173006,0 73.78516486799815,19.99336760195485,0 73.78516489500002,19.99336762700015,0 73.78596358100189,19.99331515202822,0 73.78596365764352,19.99331515214431,0 73.78641592448396,19.99333309986719,0 73.78775568102179,19.99376428975428,0 73.7898858152336,19.99415741534487,0 73.79000388515645,19.99423870471225,0 73.79027690169821,19.99417311227711,0 73.79052664855892,19.99435916335194,0 73.78996636200002,19.99456256200016,0 73.78897634900008,19.99508847300007,0 73.78897623840845,19.99508856991259,0 73.78897611400015,19.99508863600017,0 73.78824567261934,19.99572876514231,0 73.78824565223272,19.99572878971945,0 73.78816513425346,19.99582559688435,0 73.78813454421234,19.99586227809676,0 73.78796896290358,19.99607517127151,0 73.78747345512176,19.99677902458723,0 73.78747326200015,19.99677929899999,0 73.78747323550152,19.99677928799901,0 73.78729667156321,19.99713178724931,0 73.78684784600009,19.99799485000011,0 73.78684783572618,19.99799487555585,0 73.78684780100018,19.99799487100002,0 73.78656258211539,19.99870441086058,0 73.78656254136746,19.9987045224951,0 73.78648968000012,19.99894003700007,0 73.78648981616711,19.99894017431405,0 73.78648981684577,19.99894006242728,0 73.787495222733,19.9990672492956,0 73.78856258570673,19.99934500344065,0 73.78861808200018,19.99963128700006,0 73.78870235200006,19.99985427500004,0 73.78870248377314,19.99985436538454,0 73.78870254200007,19.99985452000015,0 73.78883189928239,19.99994313280507,0 73.78887281600012,19.99997119800003,0 73.7888729233769,19.99997123528239,0 73.7888729598122,19.99997125378119,0 73.78887300627228,19.99997126406452,0 73.78893994903801,19.999751243326,0 73.78903852558743,19.99942749276658,0 73.78956739571112,19.99939747495256,0 73.79001663299999,19.99937201100011,0 73.79001663560032,19.99937197749606,0 73.79001667236433,19.99937176661337,0 73.79013993806882,19.99934615503927,0 73.79018608141432,19.99933659272326,0 73.79018632181268,19.99933653714132,0 73.79018677100004,19.99933644400009,0 73.79036927855533,19.99928982817503,0 73.79036941189241,19.9992897898956,0 73.79041385769625,19.99927555983643,0 73.79045023239594,19.99926394242682,0 73.79045024300017,19.99926395600014,0 73.79052628308578,19.99923965323625,0 73.79073711000001,19.9991723190001,0 73.79073710257582,19.999172251147,0 73.79094932900007,19.99906671400016,0 73.79130292579859,19.99902878244324,0 73.79130305284363,19.99902877258037,0 73.79204474800002,19.99899502000009,0 73.79204678643025,19.99899475941049,0 73.79236028869404,19.99895522057349,0 73.79236041539315,19.99895520664783,0 73.79315406800015,19.99888083600006,0 73.79315406271203,19.99888077265508,0 73.79314842567292,19.99884389870479,0 73.79311131500008,19.99860095500008,0 73.79311123065067,19.99860070988406,0 73.79312222987468,19.99859950858083,0 73.79383311086458,19.99852199135805,0 73.79383311800002,19.99852206600021,0 73.79416492365507,19.99848606545438,0 73.7941649503705,19.99848606136965,0 73.79416493700003,19.99848598200007,0 73.79414948100001,19.99831775300009,0 73.79422249000463,19.99801280748024,0 73.79422250106475,19.99801277162652,0 73.79422254100018,19.998012778,0 73.79425538054186,19.99792620220564,0 73.79425544800016,19.9979260260001,0 73.7943094625449,19.99760397720181,0 73.79433767800003,19.99743586900014,0 73.79433775400004,19.99743586500014,0 73.79434619807374,19.99722320992357,0 73.79434643900014,19.99721829300007,0 73.79434720203652,19.99706646576911,0 73.79434872500015,19.99677248500014,0 73.79434883408631,19.99677249742797,0 73.79434883300016,19.99677253600005,0 73.79465497584661,19.99680737508722,0 73.79470013408731,19.99681251753058,0 73.79508521880027,19.99689775160251,0 73.79536571176055,19.99707828018423,0 73.79556064818267,19.99726189768097,0 73.7958528867895,19.99760760203321,0 73.79646517820716,19.99775253492659,0 73.79673147955201,19.99840484338919,0 73.79715960353158,19.99910125734646,0 73.7974592122774,19.99972962078265,0 73.7977733084729,20.00034636589059,0 73.79813444270989,20.00081103073444,0 73.79848824250013,20.00111351450009,0 73.79857344547706,20.00142450238647,0 
						</coordinates>
					</LinearRing>
				</outerBoundaryIs>
			</Polygon>
		</Placemark>
	</Document>
	<Document>
		<name>Ward No. 14.kml</name>
		<StyleMap id="m_ylw-pushpin12">
			<Pair>
				<key>normal</key>
				<styleUrl>#s_ylw-pushpin12</styleUrl>
			</Pair>
			<Pair>
				<key>highlight</key>
				<styleUrl>#s_ylw-pushpin_hl12</styleUrl>
			</Pair>
		</StyleMap>
		<Style id="s_ylw-pushpin12">
			<IconStyle>
				<scale>1.1</scale>
				<Icon>
					<href>http://maps.google.com/mapfiles/kml/pushpin/ylw-pushpin.png</href>
				</Icon>
				<hotSpot x="20" y="2" xunits="pixels" yunits="pixels"/>
			</IconStyle>
			<LineStyle>
				<color>ffffff55</color>
				<width>3</width>
			</LineStyle>
			<PolyStyle>
				<fill>0</fill>
			</PolyStyle>
		</Style>
		<Style id="s_ylw-pushpin_hl12">
			<IconStyle>
				<scale>1.3</scale>
				<Icon>
					<href>http://maps.google.com/mapfiles/kml/pushpin/ylw-pushpin.png</href>
				</Icon>
				<hotSpot x="20" y="2" xunits="pixels" yunits="pixels"/>
			</IconStyle>
			<LineStyle>
				<color>ffffff55</color>
				<width>3</width>
			</LineStyle>
			<PolyStyle>
				<fill>0</fill>
			</PolyStyle>
		</Style>
		<Placemark>
			<name>Ward No. 14.kml</name>
			<styleUrl>#m_ylw-pushpin12</styleUrl>
			<Polygon>
				<tessellate>1</tessellate>
				<outerBoundaryIs>
					<LinearRing>
						<coordinates>
							73.78269535049975,19.99357280888603,0 73.78269530100015,19.99357281300007,0 73.78250799557688,19.99358229364994,0 73.78291292055474,19.9916243325875,0 73.78285610210197,19.98899149446022,0 73.78350021323656,19.98832003301752,0 73.78399275595106,19.98599202882805,0 73.78468226113938,19.98713084079741,0 73.78574340382127,19.98804619580905,0 73.79697204997603,19.99402633397671,0 73.80101219867484,19.99621305877893,0 73.80205950338114,19.99710194515438,0 73.80275120540028,19.99807757397673,0 73.8032464698761,19.99971076313384,0 73.80322771852673,20.00171388395658,0 73.80313094764139,20.00170578510918,0 73.80029883362229,20.00166145349298,0 73.79976725397485,20.00165292736117,0 73.79871750194879,20.00163667022417,0 73.79868024362229,20.0016359294629,0 73.79862252605182,20.00163610652752,0 73.79857347089087,20.001424505727,0 73.79848826627321,20.00111355620327,0 73.79813431489404,20.00081089966345,0 73.79777362820793,20.00034652190666,0 73.79745862852997,19.9997286434126,0 73.79715953435685,19.99910145752957,0 73.79673145377078,19.998404982222,0 73.79646523404952,19.99775253178749,0 73.79585281619623,19.99760758912243,0 73.79556062796456,19.99726198788182,0 73.79536549190419,19.99707785918358,0 73.79508514910002,19.99689761860282,0 73.79470013408731,19.99681251753058,0 73.79465497584661,19.99680737508722,0 73.79434883408631,19.99677249742797,0 73.7943488363516,19.99677241697651,0 73.79434867986949,19.9967724099718,0 73.79434720203652,19.99706646576911,0 73.79434641600004,19.99721819600016,0 73.79434639400004,19.99721822600016,0 73.79434619807374,19.99722320992357,0 73.79433767000003,19.99743579700013,0 73.7943094625449,19.99760397720181,0 73.79425538054186,19.99792620220564,0 73.79422250106475,19.99801277162652,0 73.79422249000463,19.99801280748024,0 73.79414945200008,19.99831774400018,0 73.79416492365507,19.99848606545438,0 73.79369189600007,19.99853724200005,0 73.79312222987468,19.99859950858083,0 73.79311123065067,19.99860070988406,0 73.79314842567292,19.99884389870479,0 73.79315406271203,19.99888077265508,0 73.79315402500006,19.99888082100014,0 73.79236043300013,19.99895515599999,0 73.79236041539315,19.99895520664783,0 73.79236028869404,19.99895522057349,0 73.79233045300013,19.99895896800013,0 73.79204678643025,19.99899475941049,0 73.79130305284363,19.99902877258037,0 73.79130292579859,19.99902878244324,0 73.79094932900007,19.99906671400016,0 73.79073710257582,19.999172251147,0 73.790736966,19.99917231800001,0 73.79052628308578,19.99923965323625,0 73.79045023239594,19.99926394242682,0 73.79045021800007,19.99926392400013,0 73.79041385769625,19.99927555983643,0 73.79036939000014,19.99928976200014,0 73.79036941189241,19.9992897898956,0 73.79036927855533,19.99928982817503,0 73.79018632181268,19.99933653714132,0 73.79018608141432,19.99933659272326,0 73.79018606500016,19.99933657100019,0 73.79013993806882,19.99934615503927,0 73.790016681,19.99937171300008,0 73.79001667236433,19.99937176661337,0 73.79001663200009,19.99937177500009,0 73.79001663560032,19.99937197749606,0 73.78956739571112,19.99939747495256,0 73.78903853800016,19.99942745200016,0 73.78903852558743,19.99942749276658,0 73.78903845100007,19.99942749700008,0 73.78893994903801,19.999751243326,0 73.7888729598122,19.99997125378119,0 73.7888729233769,19.99997123528239,0 73.78883189928239,19.99994313280507,0 73.78870248377314,19.99985436538454,0 73.78861845400004,19.99963123300006,0 73.78856258057849,19.99934510959148,0 73.7874950801277,19.99906719403708,0 73.78648981700005,19.99894003700007,0 73.78648981684577,19.99894006242728,0 73.78648968000012,19.99894003700007,0 73.78656254136746,19.9987045224951,0 73.78656258211539,19.99870441086058,0 73.78684783572618,19.99799487555585,0 73.78703694946194,19.99763130320983,0 73.78729628000006,19.9971327630001,0 73.78747330400014,19.99677927400008,0 73.78747345512176,19.99677902458723,0 73.78796648591607,19.99607846116511,0 73.78796653500001,19.99607848700009,0 73.78813126285688,19.9958666547154,0 73.78813591162225,19.99586071096102,0 73.78813596000009,19.99586070300019,0 73.78817351151568,19.99581555893046,0 73.78817353046017,19.99581553524141,0 73.7882456710002,19.99572881100011,0 73.78824565223272,19.99572878971945,0 73.78824567261934,19.99572876514231,0 73.78897623840845,19.99508856991259,0 73.78996629300009,19.99456263800017,0 73.79052627290346,19.99435891200021,0 73.79027671427869,19.99417310059611,0 73.79000400187779,19.99423849588412,0 73.78988583337699,19.99415737495023,0 73.78775648742398,19.99376480136321,0 73.7864152627161,19.99333303463669,0 73.78596365764352,19.99331515214431,0 73.78596358100189,19.99331515202822,0 73.78516486799815,19.99336760195485,0 73.7851648260001,19.99336756300014,0 73.78516243492344,19.99336776173006,0 73.78516090800014,19.99336786200008,0 73.78489768921168,19.99338976557992,0 73.78319686191854,19.9935311266926,0 73.78269535800005,19.99357276900007,0 73.78269535049975,19.99357280888603,0 
						</coordinates>
					</LinearRing>
				</outerBoundaryIs>
			</Polygon>
		</Placemark>
	</Document>
	<Document>
		<name>Ward No. 15.kml</name>
		<StyleMap id="m_ylw-pushpin13">
			<Pair>
				<key>normal</key>
				<styleUrl>#s_ylw-pushpin13</styleUrl>
			</Pair>
			<Pair>
				<key>highlight</key>
				<styleUrl>#s_ylw-pushpin_hl13</styleUrl>
			</Pair>
		</StyleMap>
		<Style id="s_ylw-pushpin13">
			<IconStyle>
				<scale>1.1</scale>
				<Icon>
					<href>http://maps.google.com/mapfiles/kml/pushpin/ylw-pushpin.png</href>
				</Icon>
				<hotSpot x="20" y="2" xunits="pixels" yunits="pixels"/>
			</IconStyle>
			<LineStyle>
				<color>ffffff55</color>
				<width>3</width>
			</LineStyle>
			<PolyStyle>
				<fill>0</fill>
			</PolyStyle>
		</Style>
		<Style id="s_ylw-pushpin_hl13">
			<IconStyle>
				<scale>1.3</scale>
				<Icon>
					<href>http://maps.google.com/mapfiles/kml/pushpin/ylw-pushpin.png</href>
				</Icon>
				<hotSpot x="20" y="2" xunits="pixels" yunits="pixels"/>
			</IconStyle>
			<LineStyle>
				<color>ffffff55</color>
				<width>3</width>
			</LineStyle>
			<PolyStyle>
				<fill>0</fill>
			</PolyStyle>
		</Style>
		<Placemark>
			<name>Ward No. 15.kml</name>
			<styleUrl>#m_ylw-pushpin13</styleUrl>
			<Polygon>
				<tessellate>1</tessellate>
				<outerBoundaryIs>
					<LinearRing>
						<coordinates>
							73.80322770891597,20.00171381656317,0 73.803233734339,20.00106825076346,0 73.80323797699685,20.00062180602515,0 73.80324652271429,19.999710868525,0 73.80275112803203,19.99807743955123,0 73.80205968448263,19.99710208059487,0 73.80101223407873,19.99621308389049,0 73.80014485991181,19.99574365380661,0 73.79726484397008,19.99418483237735,0 73.79697339310006,19.99402709667014,0 73.79611491056703,19.99356979193985,0 73.78574349712905,19.9880463062624,0 73.78572205022523,19.98802780030702,0 73.78468246066774,19.98713100962042,0 73.78399280253775,19.98599218883954,0 73.78402359885433,19.98569380392102,0 73.78454209164759,19.98524076736732,0 73.78516572923171,19.98515574833605,0 73.78589659718617,19.98549654753364,0 73.7874432460864,19.98545263795504,0 73.78883359819072,19.98491059030703,0 73.78946708018155,19.98491716768736,0 73.79057043141604,19.98546410101005,0 73.79226148377107,19.98532271582208,0 73.792725822501,19.98540554652585,0 73.79457543967835,19.98672792163756,0 73.79510543098112,19.98685849875376,0 73.79582395722819,19.98659745915904,0 73.79740860146319,19.98629658944951,0 73.79996027838735,19.98716455112985,0 73.80042342168854,19.98707281687154,0 73.80121337335858,19.98659230652555,0 73.80153061725558,19.98651902573863,0 73.80144737069196,19.98719136080467,0 73.80167652055977,19.98723693112279,0 73.80205363917418,19.9869499403996,0 73.80298043724025,19.98659418317436,0 73.8037150365444,19.9866574669529,0 73.80351378368147,19.98585926683935,0 73.80464830988579,19.98639495844898,0 73.80575304708799,19.98653965577774,0 73.80628204844301,19.98739703343055,0 73.80713235907929,19.98769031653655,0 73.80808107185533,19.98831776425557,0 73.80913692489818,19.98837007795255,0 73.81099908027876,19.98973811716122,0 73.81156279922436,19.98952454304568,0 73.81288915116183,19.9887577880828,0 73.8136404832542,19.98894759671502,0 73.81432393450585,19.98917860068167,0 73.81777340533337,19.9884590318084,0 73.81823584210478,19.98757936615178,0 73.81960475864133,19.98730972079462,0 73.82095435755646,19.98852731172311,0 73.82196511347878,19.98855029124739,0 73.82222498040677,19.98845855849128,0 73.82235392456532,19.98877520384445,0 73.82255487589531,19.98926950178656,0 73.82268791071496,19.98960025270522,0 73.82255871748472,19.98963372334464,0 73.8178674957412,19.99251131516602,0 73.81572754629893,19.99483080932004,0 73.8162151780394,19.99564582100331,0 73.81580564562705,19.99909785692117,0 73.81544803578885,19.99981299993519,0 73.81324168113963,19.9994781590973,0 73.81073215072806,20.00002778395471,0 73.80726435012046,20.00172694234003,0 73.80513787744773,20.00187330950031,0 73.80322770891597,20.00171381656317,0 
						</coordinates>
					</LinearRing>
				</outerBoundaryIs>
			</Polygon>
		</Placemark>
	</Document>
	<Document>
		<name>Ward No. 16.kml</name>
		<StyleMap id="m_ylw-pushpin14">
			<Pair>
				<key>normal</key>
				<styleUrl>#s_ylw-pushpin14</styleUrl>
			</Pair>
			<Pair>
				<key>highlight</key>
				<styleUrl>#s_ylw-pushpin_hl14</styleUrl>
			</Pair>
		</StyleMap>
		<Style id="s_ylw-pushpin14">
			<IconStyle>
				<scale>1.1</scale>
				<Icon>
					<href>http://maps.google.com/mapfiles/kml/pushpin/ylw-pushpin.png</href>
				</Icon>
				<hotSpot x="20" y="2" xunits="pixels" yunits="pixels"/>
			</IconStyle>
			<LineStyle>
				<color>ffffff55</color>
				<width>3</width>
			</LineStyle>
			<PolyStyle>
				<fill>0</fill>
			</PolyStyle>
		</Style>
		<Style id="s_ylw-pushpin_hl14">
			<IconStyle>
				<scale>1.3</scale>
				<Icon>
					<href>http://maps.google.com/mapfiles/kml/pushpin/ylw-pushpin.png</href>
				</Icon>
				<hotSpot x="20" y="2" xunits="pixels" yunits="pixels"/>
			</IconStyle>
			<LineStyle>
				<color>ffffff55</color>
				<width>3</width>
			</LineStyle>
			<PolyStyle>
				<fill>0</fill>
			</PolyStyle>
		</Style>
		<Placemark>
			<name>Ward No. 16.kml</name>
			<styleUrl>#m_ylw-pushpin14</styleUrl>
			<Polygon>
				<tessellate>1</tessellate>
				<outerBoundaryIs>
					<LinearRing>
						<coordinates>
							73.82222492630316,19.98845857296256,0 73.82196507236372,19.98855025412428,0 73.82095434789566,19.9885273144473,0 73.81960469220674,19.98730960599601,0 73.81823571726984,19.98757936665222,0 73.81777353509109,19.98845902368795,0 73.81432419955431,19.98917862491471,0 73.81364059379746,19.98894760117084,0 73.81288904551479,19.9887577459779,0 73.81156356790792,19.98952422070184,0 73.81099911167151,19.98973810973317,0 73.80913687309543,19.9883701054285,0 73.80808113057287,19.98831770543275,0 73.80713241270112,19.98769028226169,0 73.80628204815861,19.98739700540866,0 73.80575283535073,19.98653942856848,0 73.8046483882253,19.98639508855735,0 73.80351384219746,19.98585926292066,0 73.80371505931063,19.98665736654491,0 73.80298035184418,19.98659422932369,0 73.80205366328927,19.98694990570633,0 73.80167648892075,19.98723693671333,0 73.80144735600014,19.98719134800009,0 73.80153063320675,19.98651896530018,0 73.80155154951055,19.98614962793917,0 73.80179526795524,19.98580921081882,0 73.80392360023744,19.98333665279858,0 73.80741932227669,19.97966287254894,0 73.81133082448883,19.97552768361269,0 73.81274642319313,19.97400805376991,0 73.8142314575815,19.97254026650128,0 73.81666800103943,19.97047396572779,0 73.81845355620123,19.96901140611163,0 73.81856111259066,19.96907489683908,0 73.81915132207692,19.96930899253036,0 73.81920559055943,19.96933051815395,0 73.81920572899998,19.96933057600003,0 73.81963694000004,19.96942148700001,0 73.81994127500009,19.96945495300011,0 73.81993120454469,19.96961685359442,0 73.82069874571323,19.96978147336144,0 73.82144173660609,19.97004272724518,0 73.8220208105996,19.97048223474428,0 73.82246785246842,19.97092487002351,0 73.82297234022003,19.97165373823442,0 73.82298378325468,19.97249220692376,0 73.82292057923162,19.97288214723476,0 73.8261417653782,19.97337907533509,0 73.82714867033728,19.97373542704581,0 73.82775595159582,19.97388326951589,0 73.82795839617812,19.97622646963389,0 73.82806752300063,19.97648915429206,0 73.82841574459646,19.97938314471736,0 73.82827754949894,19.97949823474925,0 73.82826768786732,19.97987534736349,0 73.8258309867699,19.98085595628049,0 73.82547595282608,19.98103462942969,0 73.82318688424414,19.98230175249039,0 73.82246490759267,19.98265553201363,0 73.82207730864778,19.98288867132069,0 73.82208219603959,19.98294778777273,0 73.82211157400016,19.98681011800016,0 73.82165817114863,19.9869420292397,0 73.82160882400012,19.9869563710001,0 73.82222492630316,19.98845857296256,0 
						</coordinates>
					</LinearRing>
				</outerBoundaryIs>
			</Polygon>
		</Placemark>
	</Document>
	<Document>
		<name>Ward No. 17.kml</name>
		<StyleMap id="m_ylw-pushpin15">
			<Pair>
				<key>normal</key>
				<styleUrl>#s_ylw-pushpin15</styleUrl>
			</Pair>
			<Pair>
				<key>highlight</key>
				<styleUrl>#s_ylw-pushpin_hl15</styleUrl>
			</Pair>
		</StyleMap>
		<Style id="s_ylw-pushpin15">
			<IconStyle>
				<scale>1.1</scale>
				<Icon>
					<href>http://maps.google.com/mapfiles/kml/pushpin/ylw-pushpin.png</href>
				</Icon>
				<hotSpot x="20" y="2" xunits="pixels" yunits="pixels"/>
			</IconStyle>
			<LineStyle>
				<color>ffffff55</color>
				<width>3</width>
			</LineStyle>
			<PolyStyle>
				<fill>0</fill>
			</PolyStyle>
		</Style>
		<Style id="s_ylw-pushpin_hl15">
			<IconStyle>
				<scale>1.3</scale>
				<Icon>
					<href>http://maps.google.com/mapfiles/kml/pushpin/ylw-pushpin.png</href>
				</Icon>
				<hotSpot x="20" y="2" xunits="pixels" yunits="pixels"/>
			</IconStyle>
			<LineStyle>
				<color>ffffff55</color>
				<width>3</width>
			</LineStyle>
			<PolyStyle>
				<fill>0</fill>
			</PolyStyle>
		</Style>
		<Placemark>
			<name>Ward No. 17.kml</name>
			<styleUrl>#m_ylw-pushpin15</styleUrl>
			<Polygon>
				<tessellate>1</tessellate>
				<outerBoundaryIs>
					<LinearRing>
						<coordinates>
							73.83966943975187,19.96796210824124,0 73.83973856589131,19.96794067968572,0 73.84000474482032,19.97022292952406,0 73.84060832624209,19.97264393168846,0 73.84123694775819,19.97553379330761,0 73.8423788449926,19.9787806122773,0 73.84259755545199,19.97926534196802,0 73.84384889444479,19.98096460159884,0 73.84460861732579,19.98305802736516,0 73.84490760003972,19.9854375221858,0 73.84535994068841,19.98804703996752,0 73.84556828983385,19.98945393498681,0 73.8442181986088,19.98974178043428,0 73.84273351926655,19.98705815142158,0 73.84151203672188,19.98521889497747,0 73.83876688334442,19.98408999285151,0 73.83603804027369,19.98444081214958,0 73.82966912549917,19.98753140569053,0 73.82604182098896,19.98873187947756,0 73.82268799323982,19.98960021194816,0 73.82255487800006,19.989269533,0 73.82222496200012,19.98845866000014,0 73.82222492630316,19.98845857296256,0 73.82222494600012,19.98845856600013,0 73.82160886161928,19.98695637515997,0 73.82165817114863,19.9869420292397,0 73.82211170400016,19.98681021900008,0 73.82208216542806,19.98294747572944,0 73.82207727273223,19.98288867821718,0 73.82246497739628,19.98265544802879,0 73.82318761419035,19.98230142376685,0 73.82547503614772,19.98103517709666,0 73.82583123818684,19.98085584057816,0 73.82826760530489,19.97987537663856,0 73.82827747639747,19.97949825806272,0 73.82841576766894,19.9793833777494,0 73.82806763354429,19.97648964115083,0 73.82795846127564,19.97622685274813,0 73.82775592815129,19.97388326792436,0 73.82714421211728,19.97373413848853,0 73.82614143993629,19.9733791932504,0 73.82292055966768,19.97288228237527,0 73.82298384182242,19.9724920551457,0 73.82297236390269,19.97165378179785,0 73.82246781316699,19.97092477637907,0 73.82202056957085,19.9704820001194,0 73.82144173436635,19.9700427148856,0 73.82069994816823,19.96978182415677,0 73.8199312025915,19.96961677474461,0 73.81993650608173,19.9695321888838,0 73.8199413390001,19.96945494600002,0 73.82079613750017,19.96952891600028,0 73.82081625500018,19.96934314200018,0 73.8208162200001,19.96934311800001,0 73.82082827800002,19.96923139000018,0 73.8212521560001,19.96925113000003,0 73.82125218862308,19.96925115016079,0 73.82178094556203,19.96929163538361,0 73.82324288200014,19.96940362000004,0 73.82405791631503,19.96950002193501,0 73.82488607400022,19.96959800900022,0 73.82488626692954,19.96959799891647,0 73.82488647900016,19.96959802400014,0 73.8252858431738,19.96957717632633,0 73.82528587480405,19.96957717459118,0 73.82528587901243,19.96957724767157,0 73.82653533124299,19.96950529587095,0 73.82711435500011,19.9694590730001,0 73.82736266504899,19.96944059935872,0 73.82774664751717,19.96941273921318,0 73.82823306159104,19.96937741729461,0 73.82855893559694,19.96937228019773,0 73.8287649017538,19.96936886365495,0 73.82895223328096,19.96936536865057,0 73.82895222300012,19.96936515500014,0 73.82966800846148,19.96934907689363,0 73.83066566549589,19.96938687375707,0 73.83073839944598,19.96938925935998,0 73.83080144335021,19.96939192449156,0 73.83080141700017,19.96939209900024,0 73.83104193160663,19.96940209094387,0 73.83212064586864,19.96944769274283,0 73.83214437792789,19.96944869770578,0 73.83214825800015,19.96944886400023,0 73.83223907638177,19.96944222938391,0 73.83228348632682,19.96943919678653,0 73.83228353908444,19.96943919640852,0 73.83311890049045,19.96948344830596,0 73.83326389500017,19.9694913310001,0 73.83343605853534,19.96950024923203,0 73.83389518904993,19.96952457091634,0 73.83390828684598,19.96952529072615,0 73.83523512516194,19.9694668283068,0 73.83531660820857,19.96946325951967,0 73.8353502731434,19.96946622323019,0 73.83548623600011,19.96947896000005,0 73.83548657600014,19.96947871500012,0 73.83548659857905,19.96947822471284,0 73.8354871130001,19.96947827000017,0 73.8355212154447,19.96872654151947,0 73.83554560615886,19.96819691269458,0 73.83554524318218,19.96819689225946,0 73.8355453859042,19.96819369983447,0 73.83554561976371,19.96819071393139,0 73.83558112812165,19.96774139795878,0 73.8355805580001,19.96774136199999,0 73.835580555074,19.96774060321114,0 73.83558061400011,19.96773984400022,0 73.83558042901564,19.96770791402627,0 73.83556986802957,19.96692074236515,0 73.83922547495706,19.96703722005515,0 73.83933913310183,19.96794620823854,0 73.83966943975187,19.96796210824124,0 
						</coordinates>
					</LinearRing>
				</outerBoundaryIs>
			</Polygon>
		</Placemark>
	</Document>
	<Document>
		<name>Ward No. 18.kml</name>
		<StyleMap id="m_ylw-pushpin16">
			<Pair>
				<key>normal</key>
				<styleUrl>#s_ylw-pushpin16</styleUrl>
			</Pair>
			<Pair>
				<key>highlight</key>
				<styleUrl>#s_ylw-pushpin_hl16</styleUrl>
			</Pair>
		</StyleMap>
		<Style id="s_ylw-pushpin16">
			<IconStyle>
				<scale>1.1</scale>
				<Icon>
					<href>http://maps.google.com/mapfiles/kml/pushpin/ylw-pushpin.png</href>
				</Icon>
				<hotSpot x="20" y="2" xunits="pixels" yunits="pixels"/>
			</IconStyle>
			<LineStyle>
				<color>ffffff55</color>
				<width>3</width>
			</LineStyle>
			<PolyStyle>
				<fill>0</fill>
			</PolyStyle>
		</Style>
		<Style id="s_ylw-pushpin_hl16">
			<IconStyle>
				<scale>1.3</scale>
				<Icon>
					<href>http://maps.google.com/mapfiles/kml/pushpin/ylw-pushpin.png</href>
				</Icon>
				<hotSpot x="20" y="2" xunits="pixels" yunits="pixels"/>
			</IconStyle>
			<LineStyle>
				<color>ffffff55</color>
				<width>3</width>
			</LineStyle>
			<PolyStyle>
				<fill>0</fill>
			</PolyStyle>
		</Style>
		<Placemark>
			<name>Ward No. 18.kml</name>
			<styleUrl>#m_ylw-pushpin16</styleUrl>
			<Polygon>
				<tessellate>1</tessellate>
				<outerBoundaryIs>
					<LinearRing>
						<coordinates>
							73.84695046120473,19.96691588851114,0 73.84708435095068,19.96687993500198,0 73.84736251101256,19.967433538312,0 73.8492001249391,19.96985423009308,0 73.85095934946806,19.9714075135333,0 73.85172247904933,19.97191698701735,0 73.85326828482789,19.97294872627867,0 73.858762211204,19.9751328375414,0 73.85914598072057,19.97528600676994,0 73.85920617710444,19.97530938136186,0 73.86104110657794,19.97600497626613,0 73.86351776260351,19.97694377009381,0 73.86540471694421,19.97765897902618,0 73.86541663380858,19.97766172205277,0 73.86541009000014,19.98147034500004,0 73.86546157200013,19.98240224400014,0 73.86591440800012,19.98412155300002,0 73.86580719900005,19.98407164400007,0 73.86573017900007,19.9841235880001,0 73.86566439200004,19.98398466400015,0 73.86549374546127,19.98398382099814,0 73.86441906963388,19.98313519614954,0 73.86312406829151,19.98296412099781,0 73.86223862604614,19.98270793744096,0 73.86012248624932,19.98438019070412,0 73.85830720105274,19.98644606647374,0 73.8530596680841,19.98998970656993,0 73.85061106484218,19.98914406815275,0 73.84805750233353,19.98892254147169,0 73.84556836512289,19.98945373065786,0 73.84535904055979,19.98804216717753,0 73.84499103636008,19.98591830455378,0 73.84490764335642,19.9854372231697,0 73.84460844647484,19.98305785843878,0 73.84384882954159,19.98096446613448,0 73.84259745681702,19.97926526839757,0 73.84250877894885,19.97906879300591,0 73.84237870152282,19.9787801260564,0 73.84123690067869,19.97553363322427,0 73.84060908957302,19.97264734929563,0 73.84035364673754,19.97162194975917,0 73.84000480169544,19.97022308063021,0 73.84028114911561,19.9702163616964,0 73.84156003929165,19.97044251015494,0 73.84214777354592,19.97063349530152,0 73.84258433785836,19.97070657884354,0 73.84274060446445,19.97072208475075,0 73.84274550403632,19.97072227405949,0 73.84274552700008,19.97072227400025,0 73.84567137693325,19.97079414871976,0 73.8467144260001,19.9708406860001,0 73.84671442710304,19.97084062348291,0 73.84671450600011,19.97084062700019,0 73.84671964000017,19.97055129100023,0 73.84626468848008,19.97052752657886,0 73.84628138486657,19.97019039065906,0 73.84628140500007,19.97018988400008,0 73.84644936227144,19.96689218494323,0 73.84695046120473,19.96691588851114,0 
						</coordinates>
					</LinearRing>
				</outerBoundaryIs>
			</Polygon>
		</Placemark>
	</Document>
	<Document>
		<name>Ward No. 19.kml</name>
		<StyleMap id="m_ylw-pushpin17">
			<Pair>
				<key>normal</key>
				<styleUrl>#s_ylw-pushpin17</styleUrl>
			</Pair>
			<Pair>
				<key>highlight</key>
				<styleUrl>#s_ylw-pushpin_hl17</styleUrl>
			</Pair>
		</StyleMap>
		<Style id="s_ylw-pushpin17">
			<IconStyle>
				<scale>1.1</scale>
				<Icon>
					<href>http://maps.google.com/mapfiles/kml/pushpin/ylw-pushpin.png</href>
				</Icon>
				<hotSpot x="20" y="2" xunits="pixels" yunits="pixels"/>
			</IconStyle>
			<LineStyle>
				<color>ffffff55</color>
				<width>3</width>
			</LineStyle>
			<PolyStyle>
				<fill>0</fill>
			</PolyStyle>
		</Style>
		<Style id="s_ylw-pushpin_hl17">
			<IconStyle>
				<scale>1.3</scale>
				<Icon>
					<href>http://maps.google.com/mapfiles/kml/pushpin/ylw-pushpin.png</href>
				</Icon>
				<hotSpot x="20" y="2" xunits="pixels" yunits="pixels"/>
			</IconStyle>
			<LineStyle>
				<color>ffffff55</color>
				<width>3</width>
			</LineStyle>
			<PolyStyle>
				<fill>0</fill>
			</PolyStyle>
		</Style>
		<Placemark>
			<name>Ward No. 19.kml</name>
			<styleUrl>#m_ylw-pushpin17</styleUrl>
			<Polygon>
				<tessellate>1</tessellate>
				<outerBoundaryIs>
					<LinearRing>
						<coordinates>
							73.8489541541706,19.93272910575044,0 73.84970164600017,19.93340302200028,0 73.85073329400026,19.93376173200012,0 73.85076493100013,19.93379206000014,0 73.85080950100027,19.93379885400017,0 73.85087968100021,19.93380548600019,0 73.85093901700014,19.93380439000028,0 73.85098385000022,19.93380106500027,0 73.85104429300016,19.9337927820002,0 73.85107404700013,19.93378719200027,0 73.85113260900017,19.93377483100023,0 73.85116273600009,19.93377050800014,0 73.85150355600022,19.93381461100015,0 73.85150356811391,19.93381499746594,0 73.85235794100014,19.93369966300023,0 73.85294394600021,19.93328115800015,0 73.85380877600018,19.9321569850003,0 73.85383514800023,19.93211685800027,0 73.85385172600019,19.93209681600021,0 73.85388146700025,19.93206646800019,0 73.85395772100016,19.93199865300017,0 73.85442371300017,19.93143381300015,0 73.85442364540712,19.93143482998558,0 73.85512143000025,19.9311554020003,0 73.85628043100014,19.93084388100019,0 73.85681278400023,19.93108638800027,0 73.8569444260001,19.93130173600015,0 73.85694683800013,19.93129885400027,0 73.85755575000023,19.93159729800027,0 73.8575574860002,19.93159268400024,0 73.85813353500016,19.93182019300015,0 73.85866305400019,19.93199922200013,0 73.85906603200014,19.93216407800027,0 73.8590665310001,19.93216446000012,0 73.85949238600024,19.93228860700018,0 73.85973835700025,19.93237538900026,0 73.86001546000018,19.93250852100026,0 73.86001591300013,19.93250846000017,0 73.8606919740002,19.93283416400011,0 73.86107647100013,19.93298923600015,0 73.86118197400025,19.93304549400019,0 73.86124651700017,19.93307825500015,0 73.86134167900022,19.93313007400026,0 73.86148374400017,19.93318337300032,0 73.86162731000015,19.93323059200023,0 73.86192575500023,19.93331496500019,0 73.8618703979897,19.93341231380565,0 73.8619855390002,19.93347113200024,0 73.86198736310054,19.93347283586626,0 73.86262366200016,19.93370266100012,0 73.8637736380001,19.9338624690002,0 73.86453775100017,19.93379453300026,0 73.86490919200025,19.93400503800018,0 73.86491118600007,19.9340041670002,0 73.86511912900013,19.93373316000024,0 73.86813600500017,19.93384431900029,0 73.87479173400011,19.93187099000018,0 73.87681776800024,19.93170036300018,0 73.87926494400021,19.93271465800017,0 73.88185339600015,19.93537837100021,0 73.88182519600012,19.93776293300016,0 73.88094170200021,19.94044995700026,0 73.88094379500012,19.94045053500013,0 73.87996479700011,19.94400345900012,0 73.88006193600025,19.94571401300025,0 73.88070815000007,19.9472763530002,0 73.88104636663397,19.94787423667326,0 73.88104682400002,19.94787359400014,0 73.88251798800007,19.95008846200008,0 73.88251608100018,19.95017224800009,0 73.8825065930001,19.95027400900007,0 73.88249133800018,19.95034827400009,0 73.88246464300001,19.9504054010001,0 73.88243032100019,19.95044158100008,0 73.88147467600008,19.95131881500001,0 73.88140909600016,19.95138664200002,0 73.88148212200016,19.95158072300018,0 73.88146914400015,19.95167335200012,0 73.88136078300016,19.95174745500012,0 73.88051652400003,19.95197753700015,0 73.88051653156127,19.951977347678,0 73.88013092700018,19.95226615200014,0 73.87959584500014,19.95243885600022,0 73.87959594100015,19.95243916500016,0 73.87940407100027,19.95259396300018,0 73.87914535400026,19.95302089100015,0 73.87891712100011,19.95342440700014,0 73.87822933700023,19.95455041000014,0 73.87767190500011,19.9559219050002,0 73.87751679100025,19.95613990100011,0 73.87742249500026,19.95640057700019,0 73.87683523084314,19.95753267314981,0 73.87683586900022,19.95753270600016,0 73.87650991000017,19.95829148300015,0 73.87535788200023,19.96028231400011,0 73.87468179100016,19.96177361700013,0 73.87388588521408,19.9627751428654,0 73.87388709600022,19.96277515200013,0 73.87345750600021,19.96319868000018,0 73.87232962800014,19.96428353200024,0 73.87197444500015,19.96457646000014,0 73.87176736000016,19.96510091200019,0 73.87152030600015,19.96561498900018,0 73.87143750800023,19.96606397200011,0 73.87142003700011,19.96677340900028,0 73.87054584100025,19.96757651200021,0 73.86936192100018,19.96802986600024,0 73.86894089700016,19.96825342800026,0 73.86858056400027,19.96855607300017,0 73.86800407100009,19.96979493900017,0 73.86788010800022,19.9701451710002,0 73.8653046230002,19.97085380500021,0 73.86536818177605,19.97152597621614,0 73.86536951800015,19.97152596500023,0 73.86561568945467,19.97773338338623,0 73.86541582536151,19.97766158039038,0 73.86540454439366,19.97765893385107,0 73.85920893418313,19.97531048733317,0 73.85326859156264,19.97294897960237,0 73.85095859692166,19.97140695396498,0 73.84920012686788,19.96985426381962,0 73.84736249024509,19.96743341893097,0 73.84629939892022,19.96531811530398,0 73.84571420903377,19.96343816375242,0 73.84345590376145,19.95339962580106,0 73.84262019278948,19.95010989581552,0 73.8417457717353,19.94616802060877,0 73.84042799570493,19.94008405984075,0 73.84053939822611,19.94002696713552,0 73.84084591748837,19.93986527432891,0 73.84119614567751,19.9397990921791,0 73.84293639772557,19.93867813390998,0 73.84341835672271,19.9385158471893,0 73.84617634303149,19.93758740667483,0 73.84739400404483,19.93721261468854,0 73.84846594314857,19.93698830826624,0 73.84861481675614,19.93656569878755,0 73.84873649536391,19.93600735175626,0 73.84892181602547,19.93468818314353,0 73.84900274905925,19.9339371454455,0 73.84896579963113,19.93328734354889,0 73.8487862519777,19.93286824179449,0 73.8489541541706,19.93272910575044,0 
						</coordinates>
					</LinearRing>
				</outerBoundaryIs>
			</Polygon>
		</Placemark>
	</Document>
	<Document>
		<name>Ward No. 20.kml</name>
		<StyleMap id="m_ylw-pushpin18">
			<Pair>
				<key>normal</key>
				<styleUrl>#s_ylw-pushpin18</styleUrl>
			</Pair>
			<Pair>
				<key>highlight</key>
				<styleUrl>#s_ylw-pushpin_hl18</styleUrl>
			</Pair>
		</StyleMap>
		<Style id="s_ylw-pushpin18">
			<IconStyle>
				<scale>1.1</scale>
				<Icon>
					<href>http://maps.google.com/mapfiles/kml/pushpin/ylw-pushpin.png</href>
				</Icon>
				<hotSpot x="20" y="2" xunits="pixels" yunits="pixels"/>
			</IconStyle>
			<LineStyle>
				<color>ffffff55</color>
				<width>3</width>
			</LineStyle>
			<PolyStyle>
				<fill>0</fill>
			</PolyStyle>
		</Style>
		<Style id="s_ylw-pushpin_hl18">
			<IconStyle>
				<scale>1.3</scale>
				<Icon>
					<href>http://maps.google.com/mapfiles/kml/pushpin/ylw-pushpin.png</href>
				</Icon>
				<hotSpot x="20" y="2" xunits="pixels" yunits="pixels"/>
			</IconStyle>
			<LineStyle>
				<color>ffffff55</color>
				<width>3</width>
			</LineStyle>
			<PolyStyle>
				<fill>0</fill>
			</PolyStyle>
		</Style>
		<Placemark>
			<name>Ward No. 20.kml</name>
			<styleUrl>#m_ylw-pushpin18</styleUrl>
			<Polygon>
				<tessellate>1</tessellate>
				<outerBoundaryIs>
					<LinearRing>
						<coordinates>
							73.84626468848008,19.97052752657886,0 73.84671952000016,19.9705519510001,0 73.84671442710304,19.97084062348291,0 73.84567274300015,19.97079418500025,0 73.84567137693325,19.97079414871976,0 73.84274552600016,19.97072221600007,0 73.84274550403632,19.97072227405949,0 73.84274060446445,19.97072208475075,0 73.84258085839683,19.97070564705502,0 73.84214762202865,19.97063344775029,0 73.84155946765945,19.97044228151075,0 73.84028099559306,19.97021633270593,0 73.84000478741629,19.9702230638377,0 73.83973858331021,19.96794068223687,0 73.83966937560305,19.96796211381849,0 73.83933913310183,19.96794620823854,0 73.8392256090229,19.96703721781482,0 73.83556985110114,19.9669207124188,0 73.83558042901564,19.96770791402627,0 73.835580555074,19.96774060321114,0 73.83554561976371,19.96819071393139,0 73.8355453859042,19.96819369983447,0 73.83554513200001,19.96819688600002,0 73.83554524318218,19.96819689225946,0 73.8355212154447,19.96872654151947,0 73.83548679056156,19.9694790409275,0 73.8353502731434,19.96946622323019,0 73.83531799000005,19.96946319900008,0 73.83531660820857,19.96946325951967,0 73.83531646600009,19.96946324700026,0 73.83523512516194,19.9694668283068,0 73.83390766165572,19.96952530835187,0 73.83389518904993,19.96952457091634,0 73.83374887242259,19.96951691547419,0 73.83343605853534,19.96950024923203,0 73.83311890049045,19.96948344830596,0 73.83298539100022,19.96947619000018,0 73.83265026406244,19.96945858933449,0 73.83228378278714,19.96943916411462,0 73.83223907638177,19.96944222938391,0 73.83214838458608,19.96944887569942,0 73.83212064586864,19.96944769274283,0 73.83121981258165,19.96940961136582,0 73.83104193160663,19.96940209094387,0 73.83080144335021,19.96939192449156,0 73.83080148339329,19.96939165929774,0 73.83073839944598,19.96938925935998,0 73.83066463064264,19.96938682029868,0 73.83028563025589,19.96937231244507,0 73.82966828100021,19.96934908900023,0 73.82895104800029,19.96936509300014,0 73.82876438068536,19.96936885403815,0 73.82855893559694,19.96937228019773,0 73.82823469400017,19.96937729800017,0 73.82823306159104,19.96937741729461,0 73.82823303900012,19.96937739800018,0 73.82774695259255,19.96941269469224,0 73.82736266504899,19.96944059935872,0 73.82711263337255,19.96945923217107,0 73.82653374800012,19.96950538800029,0 73.82528587480405,19.96957717459118,0 73.8252858431738,19.96957717632633,0 73.82528587268931,19.96957711296421,0 73.82488626692954,19.96959799891647,0 73.82405791631503,19.96950002193501,0 73.82324248800012,19.9694035410003,0 73.82178094556203,19.96929163538361,0 73.8212521560001,19.96925113000003,0 73.82082827800002,19.96923139000018,0 73.8208162200001,19.96934311800001,0 73.82081625500018,19.96934314200018,0 73.82079613750017,19.96952891600028,0 73.8199413390001,19.96945494600002,0 73.81994127500009,19.96945495300011,0 73.81963694000004,19.96942148700001,0 73.81920572899998,19.96933057600003,0 73.81920559055943,19.96933051815395,0 73.81915132207692,19.96930899253036,0 73.81856111259066,19.96907489683908,0 73.81845358907782,19.96901136914549,0 73.81877636113782,19.9687442529454,0 73.81845339301182,19.96820586995207,0 73.81930827358002,19.96513356709912,0 73.81956546493946,19.96249568344133,0 73.81983422286555,19.96079876599231,0 73.81950821500014,19.96077623800012,0 73.8196268265712,19.9592271540844,0 73.82056877990742,19.95926194451378,0 73.82061029500019,19.95842560400014,0 73.82068074271568,19.95795489451568,0 73.81942690549567,19.95781308406235,0 73.81957089009742,19.95608575708374,0 73.8195708137505,19.95608575147978,0 73.81957081898685,19.95608569744665,0 73.81980240100015,19.95398810400015,0 73.82223558200012,19.95432257700021,0 73.82225753915492,19.95420695424072,0 73.82340714845274,19.95434731427432,0 73.82461959795566,19.9545290642275,0 73.8243514430003,19.95602331200033,0 73.8243513240002,19.95602354700026,0 73.82434377954927,19.95607617208943,0 73.82432601493194,19.95620008628531,0 73.82424908090688,19.95673482068906,0 73.82446119475281,19.95672262808738,0 73.82482558598788,19.95643912321371,0 73.82507039381098,19.95612742798384,0 73.82660153583547,19.95617557607126,0 73.82689812252595,19.95618555257163,0 73.828560375276,19.95625637164014,0 73.82974075272075,19.95643797442932,0 73.83039166471538,19.95646718198624,0 73.83226242024277,19.95600368051566,0 73.83226695599369,19.95368592504842,0 73.83249312982403,19.95371384863343,0 73.83256837303944,19.95320240287839,0 73.83266343200032,19.95255476200022,0 73.83279044613708,19.95116289878092,0 73.83467179830902,19.95129788812415,0 73.83724668645509,19.95130119645611,0 73.83752538284436,19.95397768023378,0 73.83972936884324,19.95236881354614,0 73.84060233900141,19.95187913804065,0 73.84161746398318,19.95139271557002,0 73.84229259215579,19.95131262175639,0 73.84228346300021,19.95191283400022,0 73.842158443996,19.95278552214002,0 73.84215842700034,19.95278559800031,0 73.84220488800037,19.9530098470003,0 73.84225164161477,19.95318825180098,0 73.84269136459673,19.95345860319566,0 73.84294505100024,19.95349499400021,0 73.84294507674507,19.95349500051988,0 73.84294513000016,19.95349505700013,0 73.84342596822309,19.95361674412989,0 73.84350648682204,19.9536242598082,0 73.84508316708266,19.96063329911593,0 73.84571430509041,19.96343844410288,0 73.84629937029624,19.96531802591022,0 73.84708430625417,19.96688005078587,0 73.84695046120473,19.96691588851114,0 73.84644936400019,19.96689215100016,0 73.84644936227144,19.96689218494323,0 73.8464488338719,19.96689215994572,0 73.84628132611348,19.97019038868082,0 73.84628138486657,19.97019039065906,0 73.84626460600001,19.97052751900004,0 73.84626468848008,19.97052752657886,0 
						</coordinates>
					</LinearRing>
				</outerBoundaryIs>
			</Polygon>
		</Placemark>
	</Document>
	<Document>
		<name>Ward No. 21.kml</name>
		<StyleMap id="m_ylw-pushpin19">
			<Pair>
				<key>normal</key>
				<styleUrl>#s_ylw-pushpin19</styleUrl>
			</Pair>
			<Pair>
				<key>highlight</key>
				<styleUrl>#s_ylw-pushpin_hl19</styleUrl>
			</Pair>
		</StyleMap>
		<Style id="s_ylw-pushpin19">
			<IconStyle>
				<scale>1.1</scale>
				<Icon>
					<href>http://maps.google.com/mapfiles/kml/pushpin/ylw-pushpin.png</href>
				</Icon>
				<hotSpot x="20" y="2" xunits="pixels" yunits="pixels"/>
			</IconStyle>
			<LineStyle>
				<color>ffffff55</color>
				<width>3</width>
			</LineStyle>
			<PolyStyle>
				<fill>0</fill>
			</PolyStyle>
		</Style>
		<Style id="s_ylw-pushpin_hl19">
			<IconStyle>
				<scale>1.3</scale>
				<Icon>
					<href>http://maps.google.com/mapfiles/kml/pushpin/ylw-pushpin.png</href>
				</Icon>
				<hotSpot x="20" y="2" xunits="pixels" yunits="pixels"/>
			</IconStyle>
			<LineStyle>
				<color>ffffff55</color>
				<width>3</width>
			</LineStyle>
			<PolyStyle>
				<fill>0</fill>
			</PolyStyle>
		</Style>
		<Placemark>
			<name>Ward No. 21.kml</name>
			<styleUrl>#m_ylw-pushpin19</styleUrl>
			<Polygon>
				<tessellate>1</tessellate>
				<outerBoundaryIs>
					<LinearRing>
						<coordinates>
							73.82507027843208,19.9561274097644,0 73.82482548515654,19.95643911363836,0 73.82446091149102,19.9567226763915,0 73.82424909640955,19.95673491241146,0 73.82432601493194,19.95620008628531,0 73.82434377954927,19.95607617208943,0 73.82435312374562,19.95602145180548,0 73.82435225900019,19.9560207090002,0 73.8244770146687,19.95532403139116,0 73.82461954421831,19.95452904738986,0 73.82340850263202,19.95434748861643,0 73.82225746265445,19.95420691363742,0 73.82223554824787,19.95432259592887,0 73.81980240473503,19.95398808012689,0 73.81994822900022,19.9531417140002,0 73.8199482743006,19.95314171878153,0 73.81998699861822,19.94976109633573,0 73.81998699900014,19.94976106300026,0 73.8199971506164,19.94964858093926,0 73.82004565480027,19.94963103874978,0 73.82130619400031,19.94917517900028,0 73.82130624800031,19.94917514900028,0 73.82132915100017,19.94806939000036,0 73.82132908609262,19.94806938175779,0 73.82150303968331,19.94613651944015,0 73.82150424640605,19.94604684118328,0 73.82175732487084,19.94602986701842,0 73.82272334478481,19.94609690435115,0 73.82338971471529,19.94613618630672,0 73.82432799943595,19.94619142047612,0 73.82467077042247,19.94622125902083,0 73.82565227513291,19.94635383467466,0 73.82567738105992,19.94635718258443,0 73.82671104023892,19.94651332844198,0 73.82688092735498,19.94653357547425,0 73.82882693655208,19.94668446778623,0 73.82920674338925,19.94683104982351,0 73.82953240900034,19.94631666300037,0 73.82985000400024,19.9449673640002,0 73.8301469820003,19.94476723900025,0 73.83036910600021,19.94453577700028,0 73.8310604000002,19.94404486600026,0 73.83136000415146,19.94394343665305,0 73.83214458840958,19.94406321312415,0 73.83350897684322,19.94433594938958,0 73.83429046069857,19.94436813920256,0 73.83549461245623,19.94414320465606,0 73.83554223446895,19.94330452181323,0 73.83573228332527,19.94221047853531,0 73.83539006755329,19.94132024447018,0 73.83524245027135,19.94038241444689,0 73.83487372216607,19.93965293313364,0 73.83558322396722,19.93890670867349,0 73.83608273792667,19.93854801615952,0 73.83655044175596,19.93857741166249,0 73.8379314123661,19.93870650906187,0 73.83880212899533,19.93838783832656,0 73.83870194635989,19.93724305573431,0 73.83899608960593,19.93617493222212,0 73.8392055754842,19.93590177166511,0 73.83946030883709,19.93581936353114,0 73.84042795015196,19.940084010073,0 73.84124700460605,19.94386495516143,0 73.8414607598778,19.94485303112413,0 73.84164225359115,19.94569004862448,0 73.84174395130484,19.9461587034912,0 73.84183442040168,19.94656790022121,0 73.84200830823221,19.94735212564835,0 73.84236544150458,19.94896175224302,0 73.84261993393454,19.95010917377378,0 73.8432476177956,19.95258017153214,0 73.84345662202743,19.95340249645842,0 73.84350648146471,19.95362436532448,0 73.8434247075481,19.95361658331973,0 73.84294507674507,19.95349500051988,0 73.84269149136188,19.95345857432629,0 73.84225165679189,19.95318827003862,0 73.84220491800019,19.95300980300012,0 73.842158443996,19.95278552214002,0 73.84228358500022,19.95191298200023,0 73.84229258710259,19.95131260437879,0 73.8416174213158,19.95139269839085,0 73.84060232019262,19.95187924121414,0 73.83972935355679,19.9523687758791,0 73.837525439598,19.95397753106867,0 73.83724661647993,19.95130120549764,0 73.83466818033183,19.95129809676449,0 73.83279052532538,19.95116330466483,0 73.83268712101567,19.9522942380411,0 73.83266350312138,19.95255478120099,0 73.83256837303944,19.95320240287839,0 73.83249312632265,19.95371378067197,0 73.83226695668267,19.95368592380343,0 73.83226245600547,19.95600365786316,0 73.8303914643591,19.95646735045049,0 73.82974089700612,19.9564381520397,0 73.82856230654474,19.95625675176234,0 73.8269065404242,19.9561854124382,0 73.82507027843208,19.9561274097644,0 
						</coordinates>
					</LinearRing>
				</outerBoundaryIs>
			</Polygon>
		</Placemark>
	</Document>
	<Document>
		<name>Ward No. 22.kml</name>
		<StyleMap id="m_ylw-pushpin20">
			<Pair>
				<key>normal</key>
				<styleUrl>#s_ylw-pushpin20</styleUrl>
			</Pair>
			<Pair>
				<key>highlight</key>
				<styleUrl>#s_ylw-pushpin_hl20</styleUrl>
			</Pair>
		</StyleMap>
		<Style id="s_ylw-pushpin20">
			<IconStyle>
				<scale>1.1</scale>
				<Icon>
					<href>http://maps.google.com/mapfiles/kml/pushpin/ylw-pushpin.png</href>
				</Icon>
				<hotSpot x="20" y="2" xunits="pixels" yunits="pixels"/>
			</IconStyle>
			<LineStyle>
				<color>ffffff55</color>
				<width>3</width>
			</LineStyle>
			<PolyStyle>
				<fill>0</fill>
			</PolyStyle>
		</Style>
		<Style id="s_ylw-pushpin_hl20">
			<IconStyle>
				<scale>1.3</scale>
				<Icon>
					<href>http://maps.google.com/mapfiles/kml/pushpin/ylw-pushpin.png</href>
				</Icon>
				<hotSpot x="20" y="2" xunits="pixels" yunits="pixels"/>
			</IconStyle>
			<LineStyle>
				<color>ffffff55</color>
				<width>3</width>
			</LineStyle>
			<PolyStyle>
				<fill>0</fill>
			</PolyStyle>
		</Style>
		<Placemark>
			<name>Ward No. 22.kml</name>
			<styleUrl>#m_ylw-pushpin20</styleUrl>
			<Polygon>
				<tessellate>1</tessellate>
				<outerBoundaryIs>
					<LinearRing>
						<coordinates>
							73.81845338611014,19.96820577303452,0 73.81877641877246,19.9687442781956,0 73.81845343276758,19.96901146356179,0 73.81775543351314,19.96958313578921,0 73.81670093471642,19.97044811448327,0 73.81621308685452,19.97085957367401,0 73.81423200138055,19.97254012173299,0 73.81274946135601,19.97400539810419,0 73.81200808194293,19.97480073073898,0 73.81192193100021,19.97471824400012,0 73.81169252022764,19.9744034369054,0 73.8110256471752,19.97441960666798,0 73.81015374464893,19.97422684722354,0 73.80921792811668,19.97405427431146,0 73.80795508276584,19.97261708029648,0 73.80724790279615,19.97054104087422,0 73.80683482955546,19.96926205417732,0 73.80658888716798,19.96893471126528,0 73.80458041217058,19.96721521536568,0 73.8042775990001,19.96746965800007,0 73.8038143206509,19.96745951344892,0 73.80248566100016,19.9674303800002,0 73.8024856540721,19.96743041922064,0 73.80245789666577,19.96800751983461,0 73.8019794664585,19.96804582440399,0 73.80057495043013,19.96815822764679,0 73.80128217172425,19.96668416865772,0 73.80116660825651,19.96567034968786,0 73.80113779600011,19.96541742900018,0 73.80113609382046,19.96541774235725,0 73.80113607300005,19.9654175700001,0 73.79830902920578,19.9659381551208,0 73.7981416615886,19.96433263612589,0 73.7979841250002,19.96282133000005,0 73.79765746800008,19.95964402700015,0 73.79756903436758,19.95943628223502,0 73.79724562600012,19.9586764090002,0 73.79724555254225,19.95867636558062,0 73.7969022997431,19.95845757268722,0 73.79589879827481,19.95781372072908,0 73.79528997756067,19.95811570339203,0 73.79437532658721,19.95871947623409,0 73.79335930160964,19.95948818569886,0 73.79284475938849,19.95985206317296,0 73.79246529800018,19.96004662100024,0 73.79172078839279,19.96039401136631,0 73.79125612546147,19.96061078354785,0 73.79007497271199,19.96113863463327,0 73.78969652299998,19.96130765700013,0 73.78968126471024,19.9613145807132,0 73.78967964609575,19.96131530961849,0 73.7884055750001,19.9618934470001,0 73.7884055879065,19.96189347319248,0 73.7884055090001,19.96189350900028,0 73.78494970482211,19.96353494422889,0 73.78479011254686,19.96361068614299,0 73.78452137054133,19.96341226223942,0 73.78413439100019,19.96298448650027,0 73.78400244629816,19.96275749248229,0 73.78382265099998,19.96252838200014,0 73.78342366300001,19.96156046500008,0 73.78320314648799,19.96102567588803,0 73.78311699600013,19.96081683800011,0 73.78273358211597,19.95996253575733,0 73.78212789932577,19.95860445048042,0 73.78179681050018,19.95768206050022,0 73.78166617172377,19.95605057730261,0 73.78193369686856,19.9555342254147,0 73.7864120900001,19.95404523600026,0 73.79190803300017,19.95213498400013,0 73.79771796850017,19.95052585400021,0 73.79771810155214,19.95052581767371,0 73.79777952651847,19.94313514057611,0 73.79673406150512,19.94325944310926,0 73.79417043911513,19.94304586395812,0 73.79058635671782,19.94277671597109,0 73.78933389450076,19.94244907435222,0 73.78954738439481,19.93866654168748,0 73.78963484431151,19.93808227247558,0 73.78966562400782,19.93725575206903,0 73.78969789478606,19.93439169298795,0 73.78967515343821,19.93428650156145,0 73.78965569293702,19.93231325158669,0 73.78959484091384,19.93006184328318,0 73.78975528730389,19.92941855077714,0 73.79131608115048,19.93011914231749,0 73.79273439386034,19.92974528758749,0 73.79439755422659,19.92924847651905,0 73.79439761000019,19.92924847700017,0 73.79420909000022,19.92810845000026,0 73.79420906151235,19.92810845002362,0 73.79420902100013,19.92810820500015,0 73.79414754230244,19.92771484005838,0 73.79404805100013,19.92707789000026,0 73.79404798950782,19.92707788473433,0 73.79404798064992,19.9270778141285,0 73.79370420699576,19.92345834248157,0 73.79470153600012,19.92325953600016,0 73.79865154300018,19.92291596800015,0 73.79865154169998,19.9229159406789,0 73.79865156100018,19.92291593900024,0 73.79853964403658,19.92056424080468,0 73.79888892755957,19.92021218340945,0 73.7991809170001,19.91991793100016,0 73.79918089244313,19.91991789985566,0 73.79918093000019,19.91991786200025,0 73.80225440600012,19.92336533500012,0 73.8033104930002,19.92462921200016,0 73.80331054246871,19.92462960134844,0 73.80543348100016,19.92655225600011,0 73.80644233700015,19.92733031300027,0 73.80827990800023,19.92720224700015,0 73.81204450100023,19.92873975200027,0 73.81204450500023,19.92873979900018,0 73.82345505999763,19.92788885675303,0 73.82738422900023,19.92835203000016,0 73.82738421431544,19.92835258791672,0 73.83157709200015,19.92853220600015,0 73.83157711900023,19.92853222700024,0 73.8338661670001,19.92834368400018,0 73.83407964800026,19.92826429800019,0 73.83484733300027,19.92829227600019,0 73.83517431373023,19.92831351409912,0 73.83517432400023,19.92831338700025,0 73.83596160100028,19.92836379100016,0 73.83597009000017,19.92829708300015,0 73.83632533100017,19.92831619900013,0 73.83632289800023,19.92838802700021,0 73.83778509500016,19.92845330200019,0 73.83778648100028,19.92845368800023,0 73.83800303500026,19.92841852800016,0 73.83801834800019,19.92849473400025,0 73.83894302800013,19.92846547800031,0 73.84081277600012,19.92853430300023,0 73.84184571100023,19.92850562100017,0 73.84286323600013,19.92993982400027,0 73.84325497300013,19.93041294600015,0 73.84338032800028,19.93109142900025,0 73.84404901800019,19.93084461700025,0 73.84449009700018,19.93065441200024,0 73.84455244500019,19.93062527000014,0 73.84490370200021,19.93067933100026,0 73.84527276300028,19.93064520800019,0 73.84571744100012,19.93060600800014,0 73.84602746785036,19.93057593503593,0 73.8460274480001,19.93057566600012,0 73.84642344500027,19.93049463400016,0 73.8464600800002,19.93049906300026,0 73.84651496500021,19.9304929140002,0 73.84659679400013,19.93048657800021,0 73.84667735000023,19.9304844810003,0 73.84676230700025,19.93048150800014,0 73.84684913200023,19.93048451100012,0 73.84692510400012,19.93048220300029,0 73.84697639000011,19.93048479500015,0 73.8470054050001,19.93048886800022,0 73.8470709390002,19.93050302700024,0 73.84710239800023,19.93051253800022,0 73.8471300290003,19.93052301700011,0 73.84717733700012,19.93054717700016,0 73.84724925600013,19.93058992900014,0 73.84733778100025,19.93063522900016,0 73.8474251610002,19.93068024900015,0 73.84751539200012,19.93072727600023,0 73.84758122200023,19.93076655500019,0 73.84761116800023,19.93078716900012,0 73.84763653200019,19.93080712100017,0 73.84767819800008,19.93084534000023,0 73.84773484200015,19.93089964800028,0 73.84776858200028,19.9309371830001,0 73.84778542700016,19.93095942800025,0 73.84784721900013,19.93105152400023,0 73.84787944200022,19.9310909600003,0 73.84791678900019,19.93113177100021,0 73.84794510400015,19.93116647000015,0 73.84795909800023,19.93118670900014,0 73.84797221800025,19.93120875000027,0 73.84799708100027,19.9312583350002,0 73.84803933000012,19.93134796800025,0 73.84809436500015,19.93145295400023,0 73.84812855700014,19.93152048900022,0 73.84814407700017,19.93155420100017,0 73.84818992600015,19.93166120600023,0 73.84824664300014,19.93177135300019,0 73.84830269700015,19.93188557700023,0 73.84835188000022,19.93196286200014,0 73.84840810800026,19.93204824900019,0 73.84845482300013,19.93211211400023,0 73.84849181000008,19.93215278800022,0 73.84854360300019,19.9322041730003,0 73.84895429600016,19.93272905000012,0 73.8487863553751,19.93286818485175,0 73.8489656467619,19.93328710149684,0 73.84900292380672,19.93393708255335,0 73.84892178685416,19.93468906202453,0 73.84873644082005,19.93600789255918,0 73.84861482785611,19.93656560629858,0 73.84846590996155,19.93698831471879,0 73.8473926083081,19.93721303716718,0 73.84619461442092,19.93758141851403,0 73.84293656553183,19.93867805890018,0 73.8411964393282,19.9397987273045,0 73.84084589200984,19.9398652479173,0 73.84053902813771,19.94002712649107,0 73.84042799245491,19.94008404524992,0 73.83946028157035,19.93581941931691,0 73.83920581264127,19.93590158575581,0 73.83899618021213,19.93617443153967,0 73.83870195381839,19.9372430091589,0 73.83880207817245,19.93838762243549,0 73.83793142119369,19.93870647036155,0 73.83658486592739,19.93858059909203,0 73.83654717218242,19.93857715931135,0 73.8360827253131,19.938548076775,0 73.8355834219862,19.93890664731322,0 73.83487367229692,19.9396529297516,0 73.83524243579672,19.94038221215618,0 73.83539000942741,19.94132026693428,0 73.83573223728638,19.94221062247149,0 73.83554229435374,19.94330407409123,0 73.8354945244124,19.94414322593344,0 73.83429033106664,19.94436814838936,0 73.83350909852018,19.94433592978127,0 73.83214552539322,19.94406339848407,0 73.83135999669948,19.94394346611597,0 73.8310604000002,19.94404486600026,0 73.83036910600021,19.94453577700028,0 73.8301469820003,19.94476723900025,0 73.82985000400024,19.9449673640002,0 73.82953240900034,19.94631666300037,0 73.82920676103477,19.94683104848418,0 73.82882710500024,19.94668450700026,0 73.82688255100011,19.94653380100022,0 73.82671016357116,19.9465131769637,0 73.82567874500016,19.94635740800028,0 73.82567872200025,19.9463573660001,0 73.8246712440002,19.94622132900012,0 73.82432929000015,19.94619158400024,0 73.82269993800017,19.94609548300019,0 73.82269987000016,19.94609542000028,0 73.82175799700012,19.94602982600018,0 73.82150423300008,19.94604684900025,0 73.82150299631964,19.94613691673655,0 73.82150297600025,19.94613691700025,0 73.82132903700034,19.94806937000035,0 73.82132908609262,19.94806938175779,0 73.82130619300023,19.94917511700027,0 73.82004565480027,19.94963103874978,0 73.8199971506164,19.94964858093926,0 73.81999707800017,19.94964860600028,0 73.81998695400023,19.94976109400035,0 73.81998699861822,19.94976109633573,0 73.81994822900022,19.9531417140002,0 73.81980240473503,19.95398808012689,0 73.81980240100015,19.95398810400015,0 73.81957081898685,19.95608569744665,0 73.8195708137505,19.95608575147978,0 73.81942679000024,19.95781307100017,0 73.81942690549567,19.95781308406235,0 73.81942690300016,19.95781311400027,0 73.82068074271568,19.95795489451568,0 73.82060992000008,19.95842772800014,0 73.82056877990742,19.95926194451378,0 73.81962683500018,19.95922704400019,0 73.8196268265712,19.9592271540844,0 73.81962671600026,19.9592271500002,0 73.81950818600022,19.96077626700021,0 73.81983422286555,19.96079876599231,0 73.81956541329423,19.96249612036742,0 73.8193083720443,19.96513303107341,0 73.81845338611014,19.96820577303452,0 
						</coordinates>
					</LinearRing>
				</outerBoundaryIs>
			</Polygon>
		</Placemark>
	</Document>
	<Document>
		<name>Ward No. 23.kml</name>
		<StyleMap id="m_ylw-pushpin21">
			<Pair>
				<key>normal</key>
				<styleUrl>#s_ylw-pushpin21</styleUrl>
			</Pair>
			<Pair>
				<key>highlight</key>
				<styleUrl>#s_ylw-pushpin_hl21</styleUrl>
			</Pair>
		</StyleMap>
		<Style id="s_ylw-pushpin21">
			<IconStyle>
				<scale>1.1</scale>
				<Icon>
					<href>http://maps.google.com/mapfiles/kml/pushpin/ylw-pushpin.png</href>
				</Icon>
				<hotSpot x="20" y="2" xunits="pixels" yunits="pixels"/>
			</IconStyle>
			<LineStyle>
				<color>ffffff55</color>
				<width>3</width>
			</LineStyle>
			<PolyStyle>
				<fill>0</fill>
			</PolyStyle>
		</Style>
		<Style id="s_ylw-pushpin_hl21">
			<IconStyle>
				<scale>1.3</scale>
				<Icon>
					<href>http://maps.google.com/mapfiles/kml/pushpin/ylw-pushpin.png</href>
				</Icon>
				<hotSpot x="20" y="2" xunits="pixels" yunits="pixels"/>
			</IconStyle>
			<LineStyle>
				<color>ffffff55</color>
				<width>3</width>
			</LineStyle>
			<PolyStyle>
				<fill>0</fill>
			</PolyStyle>
		</Style>
		<Placemark>
			<name>Ward No. 23.kml</name>
			<styleUrl>#m_ylw-pushpin21</styleUrl>
			<Polygon>
				<tessellate>1</tessellate>
				<outerBoundaryIs>
					<LinearRing>
						<coordinates>
							73.80153063320675,19.98651896530018,0 73.801213360321,19.98659236372173,0 73.80042357909949,19.98707274387944,0 73.79996029164481,19.98716453241272,0 73.79740860848639,19.98629657783198,0 73.79582411640475,19.98659742886361,0 73.79510544689361,19.98685849379535,0 73.79457541677863,19.98672792838626,0 73.792726274443,19.98540559316075,0 73.79226138547,19.98532272719899,0 73.79057043615948,19.98546414886767,0 73.78946713845833,19.98491716834616,0 73.78883355560913,19.98491060425307,0 73.78744309276446,19.9854527052877,0 73.78589652533596,19.98549661217242,0 73.78516435070959,19.98515558792426,0 73.78454268125915,19.98524049841444,0 73.78402356177939,19.98569396158262,0 73.7839928754567,19.98599206961727,0 73.78392063086511,19.98598423258789,0 73.78310333384468,19.98454560986002,0 73.78218308044963,19.98255730916144,0 73.78145921986122,19.98149269986937,0 73.77914114183069,19.97874578931868,0 73.77630286604226,19.97546050933921,0 73.77652367700006,19.97530436300019,0 73.77669590312371,19.9751743086411,0 73.77671560900012,19.97515942800004,0 73.77686117376322,19.97515632212748,0 73.77697647400009,19.97515386200007,0 73.77722204790794,19.97535750612823,0 73.78028293647259,19.97524103723611,0 73.78105911951454,19.97524829194878,0 73.78185629927661,19.97537404669809,0 73.78186241002936,19.97519745507896,0 73.78186242250013,19.97519742250017,0 73.78184210869648,19.9746748322786,0 73.78184210723867,19.97467476647842,0 73.78180177454021,19.97419238512225,0 73.78180188879531,19.97419236412213,0 73.78179402100852,19.97409961549096,0 73.7817940288931,19.97409957643316,0 73.7817940268979,19.97409954378105,0 73.78178218566217,19.97378062482704,0 73.7817821890003,19.97378058900023,0 73.78172898000003,19.97235252900003,0 73.78482668400005,19.97206896800009,0 73.78536785500012,19.97266977800007,0 73.78556076199999,19.97288330900005,0 73.78556083100011,19.97288330900005,0 73.78596303475717,19.97332855377499,0 73.78621991,19.97361291800013,0 73.78636802442617,19.97374339417473,0 73.78654924785872,19.97390303655953,0 73.78667157727,19.97401079833577,0 73.78680432300013,19.97412773600013,0 73.78792388120181,19.9750034175307,0 73.78851459888801,19.97570822544361,0 73.78901268900006,19.97630248400009,0 73.78901274063094,19.9763025682708,0 73.78917348707574,19.976547086425,0 73.78921843007092,19.97660065120479,0 73.78943579507742,19.97639320094913,0 73.78975855155052,19.97596266897471,0 73.79066902058597,19.97378017028323,0 73.79085102065885,19.97348235974676,0 73.79173300230093,19.97284215821036,0 73.7921450410786,19.97274448243099,0 73.79468926887009,19.97264029460548,0 73.7966463814449,19.97236101698241,0 73.79752842956582,19.97189962234004,0 73.79804630991434,19.97093177668086,0 73.79817730319857,19.9696910743198,0 73.79839593498535,19.96863176192613,0 73.79879911144153,19.96824892231384,0 73.79981878700218,19.96816674463362,0 73.7998274132438,19.9682128532407,0 73.80057495043013,19.96815822764688,0 73.80057494200025,19.96815825400017,0 73.80245786775654,19.96800747087798,0 73.8024856540722,19.96743041922071,0 73.80381432065093,19.96745951344889,0 73.80427765700011,19.96746967300015,0 73.80458043493924,19.96721524777985,0 73.80648533405495,19.96884609177823,0 73.80658895448195,19.96893472054969,0 73.80683482008187,19.96926202120629,0 73.8069073800837,19.96948632752995,0 73.80724751375216,19.97054033371822,0 73.80795501274514,19.97261698097231,0 73.80921791257251,19.97405418805657,0 73.81015284303385,19.97422670341567,0 73.81102564804215,19.97441960431098,0 73.81169252855062,19.97440346729851,0 73.81192467606637,19.97472081598887,0 73.81200801183846,19.9748007609987,0 73.81131680180275,19.97554251843247,0 73.80961780236274,19.9773385948909,0 73.80729268887909,19.97979645954514,0 73.80392334322862,19.98333692835275,0 73.80179488761372,19.98580969634393,0 73.80155157022725,19.98614961120973,0 73.80153063320675,19.98651896530018,0 
						</coordinates>
					</LinearRing>
				</outerBoundaryIs>
			</Polygon>
		</Placemark>
	</Document>
	<Document>
		<name>Ward No. 24.kml</name>
		<StyleMap id="m_ylw-pushpin22">
			<Pair>
				<key>normal</key>
				<styleUrl>#s_ylw-pushpin22</styleUrl>
			</Pair>
			<Pair>
				<key>highlight</key>
				<styleUrl>#s_ylw-pushpin_hl22</styleUrl>
			</Pair>
		</StyleMap>
		<Style id="s_ylw-pushpin22">
			<IconStyle>
				<scale>1.1</scale>
				<Icon>
					<href>http://maps.google.com/mapfiles/kml/pushpin/ylw-pushpin.png</href>
				</Icon>
				<hotSpot x="20" y="2" xunits="pixels" yunits="pixels"/>
			</IconStyle>
			<LineStyle>
				<color>ffffff55</color>
				<width>3</width>
			</LineStyle>
			<PolyStyle>
				<fill>0</fill>
			</PolyStyle>
		</Style>
		<Style id="s_ylw-pushpin_hl22">
			<IconStyle>
				<scale>1.3</scale>
				<Icon>
					<href>http://maps.google.com/mapfiles/kml/pushpin/ylw-pushpin.png</href>
				</Icon>
				<hotSpot x="20" y="2" xunits="pixels" yunits="pixels"/>
			</IconStyle>
			<LineStyle>
				<color>ffffff55</color>
				<width>3</width>
			</LineStyle>
			<PolyStyle>
				<fill>0</fill>
			</PolyStyle>
		</Style>
		<Placemark>
			<name>Ward No. 24.kml</name>
			<styleUrl>#m_ylw-pushpin22</styleUrl>
			<Polygon>
				<tessellate>1</tessellate>
				<outerBoundaryIs>
					<LinearRing>
						<coordinates>
							73.76941670121862,19.96851902369935,0 73.76961123586025,19.96834522204929,0 73.77112794164815,19.97020706605786,0 73.77196243444874,19.97098512780261,0 73.77345050612935,19.97220117708184,0 73.77431991050912,19.97304098728119,0 73.77638142338991,19.97540499674182,0 73.77630283875327,19.97546049336262,0 73.77902220448132,19.97860802506412,0 73.7791296236914,19.97873240562819,0 73.77914387797702,19.97874900267526,0 73.7793763942671,19.97902457959056,0 73.78145945915145,19.98149309195659,0 73.78218324817142,19.98255763377244,0 73.7831037298883,19.98454640475286,0 73.78392065149833,19.98598425356983,0 73.78336339863712,19.9859232371109,0 73.78279543212618,19.98532789992797,0 73.78240636650945,19.98518375194998,0 73.7820423895772,19.98512576002813,0 73.78164714133764,19.98533299426476,0 73.78132975948928,19.98557964517773,0 73.7806561955411,19.98592123619122,0 73.77934007868518,19.98624263801718,0 73.77834103746689,19.98635061285283,0 73.77809430344438,19.98758157839638,0 73.77612756385423,19.98784925446871,0 73.77545050979766,19.98774595473261,0 73.77455667618254,19.98796757151856,0 73.77406377213079,19.9891360282252,0 73.77433868327336,19.99041031502126,0 73.77403771976728,19.99063345266973,0 73.77222500112165,19.99141465684637,0 73.77085450462937,19.99160641120431,0 73.77035198359474,19.99142116577713,0 73.76937341098677,19.99152930981834,0 73.76745502946186,19.99116822169648,0 73.76712334426036,19.99087570241261,0 73.76490556213763,19.99023647912637,0 73.76286916098876,19.98997688462189,0 73.76229607837901,19.9900530498977,0 73.76105038621279,19.98901490346224,0 73.76078593555977,19.98724991839254,0 73.76066763203706,19.98646020632942,0 73.7606676110001,19.98646010600016,0 73.76067104900012,19.98636987000015,0 73.76065729126631,19.98617802111426,0 73.76088096019406,19.98541430003042,0 73.76092916866587,19.98524833841233,0 73.76091313044905,19.98441660093473,0 73.76091313200008,19.98441650100009,0 73.76091310051487,19.98441649006768,0 73.76079459683386,19.98392014275385,0 73.76074935284274,19.98373058090337,0 73.76074922000002,19.9837306420001,0 73.76042542371006,19.98384877583073,0 73.76038662991647,19.98386292651171,0 73.76038651319942,19.98386292141259,0 73.76034220982139,19.98354618755691,0 73.76034225900018,19.98354618000029,0 73.76032869542325,19.98343484205067,0 73.76032593955173,19.98341214821275,0 73.76032596200017,19.98341214500012,0 73.76017116262244,19.98240452386452,0 73.76052270729701,19.98235501476254,0 73.76050923045018,19.98225187136775,0 73.7604954864145,19.98215083758579,0 73.76049558599999,19.98215073800012,0 73.76046186620442,19.98190359659589,0 73.76043599736224,19.98172325622528,0 73.76065429490336,19.98169641241105,0 73.76045819000028,19.98060192600022,0 73.76045814724212,19.98060192959521,0 73.76035831327516,19.98009591872618,0 73.76026088900021,19.97960194000026,0 73.7602443023962,19.97960419519034,0 73.76012519560696,19.97903988822976,0 73.76006111476482,19.97904732704194,0 73.76003836899552,19.9789191012468,0 73.7599381195939,19.97865465873572,0 73.75977258400022,19.97821814000016,0 73.75977252866626,19.97821815433918,0 73.75977246707863,19.97821796376815,0 73.75964292000015,19.97768369500008,0 73.75974539486243,19.97744973660511,0 73.7597454540001,19.97744975800018,0 73.76014642722407,19.97659089553737,0 73.76017427830529,19.97652346965791,0 73.75968740041651,19.97564092382019,0 73.75965427410517,19.97512488997335,0 73.75966031826573,19.97482231453809,0 73.75966035400016,19.9748223170003,0 73.7596482655604,19.97467467180982,0 73.75963662500007,19.97453207900009,0 73.75963666947808,19.97453201738892,0 73.75960405092721,19.9745340287369,0 73.75941750244293,19.97361680663895,0 73.75940987981723,19.97357541567633,0 73.75997918542846,19.97349605994084,0 73.75992534812416,19.97313457617846,0 73.76029419101583,19.97307816168252,0 73.76032053811251,19.97328414618822,0 73.76223819858949,19.97304135491941,0 73.76226028169923,19.97311464540122,0 73.76227745545118,19.97322657988114,0 73.76229437151244,19.97332910459043,0 73.7641052216852,19.97309998169841,0 73.76488812159374,19.97301717408534,0 73.76507102205819,19.972817787932,0 73.76423275213139,19.9720008590643,0 73.76423273279823,19.97200084132151,0 73.76343760898088,19.97122424132671,0 73.76343760700014,19.97122417200004,0 73.76412773350009,19.9706260090001,0 73.76409158388373,19.97058556595297,0 73.7644342229605,19.97026844004654,0 73.76383464086868,19.96967284803386,0 73.76414536277223,19.96940739909518,0 73.76440658400011,19.96968495800005,0 73.76450379486978,19.96959952226156,0 73.76470594595348,19.96942201093486,0 73.76496591500012,19.96970262200009,0 73.76496619459655,19.96970237200157,0 73.76496626100015,19.96970243300016,0 73.76554642718422,19.9691835625468,0 73.76570833300009,19.96903879600005,0 73.76570836700009,19.96903879300014,0 73.76623552700001,19.96957588400017,0 73.76623545475789,19.969575943583,0 73.76732461221509,19.96940676638417,0 73.76732513869786,19.96940668407943,0 73.76854552700019,19.96921462600003,0 73.7690791790001,19.96883274700014,0 73.76907914072504,19.96883263212004,0 73.7690791870001,19.96883259900013,0 73.76941670121862,19.96851902369935,0 
						</coordinates>
					</LinearRing>
				</outerBoundaryIs>
			</Polygon>
		</Placemark>
	</Document>
	<Document>
		<name>Ward No. 25.kml</name>
		<StyleMap id="m_ylw-pushpin23">
			<Pair>
				<key>normal</key>
				<styleUrl>#s_ylw-pushpin23</styleUrl>
			</Pair>
			<Pair>
				<key>highlight</key>
				<styleUrl>#s_ylw-pushpin_hl23</styleUrl>
			</Pair>
		</StyleMap>
		<Style id="s_ylw-pushpin23">
			<IconStyle>
				<scale>1.1</scale>
				<Icon>
					<href>http://maps.google.com/mapfiles/kml/pushpin/ylw-pushpin.png</href>
				</Icon>
				<hotSpot x="20" y="2" xunits="pixels" yunits="pixels"/>
			</IconStyle>
			<LineStyle>
				<color>ffffff55</color>
				<width>3</width>
			</LineStyle>
			<PolyStyle>
				<fill>0</fill>
			</PolyStyle>
		</Style>
		<Style id="s_ylw-pushpin_hl23">
			<IconStyle>
				<scale>1.3</scale>
				<Icon>
					<href>http://maps.google.com/mapfiles/kml/pushpin/ylw-pushpin.png</href>
				</Icon>
				<hotSpot x="20" y="2" xunits="pixels" yunits="pixels"/>
			</IconStyle>
			<LineStyle>
				<color>ffffff55</color>
				<width>3</width>
			</LineStyle>
			<PolyStyle>
				<fill>0</fill>
			</PolyStyle>
		</Style>
		<Placemark>
			<name>Ward No. 25.kml</name>
			<styleUrl>#m_ylw-pushpin23</styleUrl>
			<Polygon>
				<tessellate>1</tessellate>
				<outerBoundaryIs>
					<LinearRing>
						<coordinates>
							73.76078593555977,19.98724991839254,0 73.76105028057896,19.98901472906665,0 73.76229623934117,19.9900531578943,0 73.76181945870646,19.9901165695424,0 73.7606340325888,19.98966311222167,0 73.76013233944678,19.98882480896453,0 73.75969368144587,19.98849989716449,0 73.75873404278974,19.98819217426858,0 73.75732511785239,19.988177443067,0 73.7566575620049,19.98834105917531,0 73.75633830044771,19.98853747845753,0 73.75612003160673,19.98886168878923,0 73.75547245538063,19.98754501911578,0 73.7549762976458,19.98699101960108,0 73.75490701716164,19.98663225991261,0 73.75512761601341,19.98619368125384,0 73.7540835261922,19.98503088137868,0 73.75351930275519,19.98455414320233,0 73.75275549686768,19.98519098998897,0 73.75260666788694,19.98494303982426,0 73.75197754239844,19.98520292425158,0 73.75194303805057,19.98483261267301,0 73.75194635664687,19.98466728277999,0 73.75216847476857,19.98462357708505,0 73.75249830631904,19.98431031862999,0 73.75269631161909,19.98436534412624,0 73.75357503700018,19.98442323700012,0 73.75357504862332,19.98442320491307,0 73.75357512100018,19.98442320500011,0 73.75368309900023,19.98412521600024,0 73.75368301246297,19.98412515741359,0 73.75368303000013,19.98412510900014,0 73.75348879774586,19.98382358303189,0 73.75327653243359,19.98377272905299,0 73.75300174245905,19.98370681555153,0 73.75285658792329,19.9836708289471,0 73.75116134409537,19.98261794506372,0 73.75085517714653,19.98207741199876,0 73.75066869077492,19.98117081249985,0 73.75087510871107,19.98112231185146,0 73.75069459397672,19.98053598220304,0 73.74972662987278,19.9791718843697,0 73.74941072978648,19.97907765609624,0 73.74916531036956,19.9788310271079,0 73.74898427841592,19.97845133288559,0 73.74893621948064,19.97845562451245,0 73.74889082217764,19.9771207025962,0 73.75018984735759,19.97677322127806,0 73.74967840787245,19.9760317837425,0 73.74938878093856,19.97540684622941,0 73.74901926023566,19.97413488646698,0 73.7492161244547,19.97397132995274,0 73.74944988400036,19.97418399500042,0 73.74948048135816,19.97433920471705,0 73.74950530200014,19.97446626900015,0 73.7496496005878,19.97471930908068,0 73.7496907230003,19.97479166200034,0 73.74969085609651,19.97479165419112,0 73.74969105900016,19.97479201000019,0 73.7497044830002,19.9750551070002,0 73.74970494932079,19.97505513549571,0 73.74970496300041,19.97505539600049,0 73.74983950219843,19.97506335764596,0 73.74995905200021,19.97507066300024,0 73.74996068414272,19.97507052884737,0 73.74996097400037,19.97507054600032,0 73.75005899393202,19.97506244833973,0 73.75044727300019,19.9750305340002,0 73.75045193520744,19.97502335793806,0 73.75046806500032,19.97499917100036,0 73.75076592884804,19.97497567955398,0 73.75081174100015,19.97497244400019,0 73.75081769857823,19.97502374363611,0 73.7508263790003,19.97510094800035,0 73.75088475109909,19.97509829618025,0 73.75088502186571,19.97509828904009,0 73.75088539808938,19.97509827071102,0 73.75146598300117,19.97506805543905,0 73.75147696033098,19.97517223230325,0 73.75148938300009,19.97529276400023,0 73.75134813600022,19.97529937600024,0 73.75135711300015,19.97579092300015,0 73.7524848848827,19.97571819696908,0 73.75250889104208,19.97591171393989,0 73.75252828384171,19.97607707939508,0 73.75378116766854,19.97601679459802,0 73.75425553900034,19.97599438500028,0 73.75425615431845,19.97599435869448,0 73.75476922000013,19.97597245500025,0 73.75495111000008,19.97595753200017,0 73.75483136018795,19.97513431065315,0 73.75583515484622,19.97504017446382,0 73.75578574932392,19.97462501821757,0 73.75738609227389,19.97440357075661,0 73.75876287063903,19.97425526477357,0 73.75868106219653,19.97367590351842,0 73.75940992749956,19.97357537161405,0 73.75941745382245,19.97361654090152,0 73.75960405092721,19.9745340287369,0 73.75963658800015,19.97453204500026,0 73.7596482655604,19.97467467180982,0 73.75966031826573,19.97482231453809,0 73.75965432148794,19.97512623543225,0 73.75968732882846,19.97564081602391,0 73.76017426709028,19.97652355442865,0 73.76014560349,19.9765925525015,0 73.76014559165867,19.9765925904404,0 73.75974547200011,19.97744957500007,0 73.75974539486243,19.97744973660511,0 73.75964287200014,19.97768367300026,0 73.75977246707863,19.97821796376815,0 73.75977252866626,19.97821815433918,0 73.7599381195939,19.97865465873572,0 73.76003840000018,19.97891909900016,0 73.76006111476482,19.97904732704194,0 73.7600611200001,19.97904735800002,0 73.76012514927686,19.97903987533268,0 73.7602443023962,19.97960419519034,0 73.76026086800012,19.97960201500018,0 73.76035831327516,19.98009591872618,0 73.76045811117106,19.98060193262798,0 73.76045814724212,19.98060192959521,0 73.7604582000001,19.98060219700015,0 73.76065439543075,19.98169631512327,0 73.76043595960196,19.98172330691509,0 73.76046186620442,19.98190359659589,0 73.7604954864145,19.98215083758579,0 73.76050923045018,19.98225187136775,0 73.76052274361521,19.9823549878387,0 73.76017122605749,19.98240452603121,0 73.76032593700008,19.98341209100012,0 73.76032593955173,19.98341214821275,0 73.76032869542325,19.98343484205067,0 73.76034218900018,19.98354613500002,0 73.76038651319942,19.98386292141259,0 73.76038652400003,19.98386296800003,0 73.76038662991647,19.98386292651171,0 73.76042542371006,19.98384877583073,0 73.76074935300012,19.98373064100019,0 73.76079459683386,19.98392014275385,0 73.76091306000008,19.984416476,0 73.76091310051487,19.98441649006768,0 73.76091313044905,19.98441660093473,0 73.76092895000015,19.98524893300004,0 73.76088096019406,19.98541430003042,0 73.7608790530002,19.98542068800013,0 73.7608790530002,19.98542074900023,0 73.76065715400021,19.98617842000012,0 73.76067104900012,19.98636987000015,0 73.76066755507489,19.98646020844799,0 73.76066763203706,19.98646020632942,0 73.76078593555977,19.98724991839254,0 
						</coordinates>
					</LinearRing>
				</outerBoundaryIs>
			</Polygon>
		</Placemark>
	</Document>
	<Document>
		<name>Ward No. 26.kml</name>
		<StyleMap id="m_ylw-pushpin24">
			<Pair>
				<key>normal</key>
				<styleUrl>#s_ylw-pushpin24</styleUrl>
			</Pair>
			<Pair>
				<key>highlight</key>
				<styleUrl>#s_ylw-pushpin_hl24</styleUrl>
			</Pair>
		</StyleMap>
		<Style id="s_ylw-pushpin24">
			<IconStyle>
				<scale>1.1</scale>
				<Icon>
					<href>http://maps.google.com/mapfiles/kml/pushpin/ylw-pushpin.png</href>
				</Icon>
				<hotSpot x="20" y="2" xunits="pixels" yunits="pixels"/>
			</IconStyle>
			<LineStyle>
				<color>ffffff55</color>
				<width>3</width>
			</LineStyle>
			<PolyStyle>
				<fill>0</fill>
			</PolyStyle>
		</Style>
		<Style id="s_ylw-pushpin_hl24">
			<IconStyle>
				<scale>1.3</scale>
				<Icon>
					<href>http://maps.google.com/mapfiles/kml/pushpin/ylw-pushpin.png</href>
				</Icon>
				<hotSpot x="20" y="2" xunits="pixels" yunits="pixels"/>
			</IconStyle>
			<LineStyle>
				<color>ffffff55</color>
				<width>3</width>
			</LineStyle>
			<PolyStyle>
				<fill>0</fill>
			</PolyStyle>
		</Style>
		<Placemark>
			<name>Ward No. 26.kml</name>
			<styleUrl>#m_ylw-pushpin24</styleUrl>
			<Polygon>
				<tessellate>1</tessellate>
				<outerBoundaryIs>
					<LinearRing>
						<coordinates>
							73.75351930122112,19.98455415715542,0 73.75408374355929,19.98503106489209,0 73.7551276149033,19.9861937546288,0 73.75490694952906,19.98663246650549,0 73.75497635329454,19.98699100947581,0 73.75547228772618,19.98754473899483,0 73.75611996896463,19.98886155149017,0 73.7540151844064,19.98910483893127,0 73.75315078335244,19.98902542485128,0 73.75229807938234,19.98940090857036,0 73.75103532075565,19.98934737752671,0 73.74974254530142,19.98870079339846,0 73.74927627326706,19.988191582014,0 73.74613660795154,19.98860764023667,0 73.74529244553241,19.98904248132573,0 73.7432459136438,19.98750519546665,0 73.74279660125515,19.98758629517798,0 73.74194437109826,19.98832870144507,0 73.73775002960322,19.9881960992343,0 73.73663532580234,19.9877718206624,0 73.73665808588102,19.98688910736802,0 73.7363995280142,19.98667571528733,0 73.73542125224057,19.98716047756059,0 73.7344733519819,19.98769697418638,0 73.73166991768011,19.98862701784835,0 73.73128212275267,19.98852166313807,0 73.7303992755363,19.98811111493021,0 73.72890720225229,19.98764592288851,0 73.72752730863704,19.98704958365245,0 73.72735287271399,19.9867584845595,0 73.72743698725273,19.98624971192312,0 73.72729692807907,19.98574571617969,0 73.72732611497605,19.98542014805546,0 73.7275705372156,19.98510841996076,0 73.72833332149686,19.98493525638641,0 73.72852571805244,19.98477562959603,0 73.72860174836056,19.98456277040912,0 73.72795546735524,19.98410438677078,0 73.72737242194127,19.9841647573664,0 73.72625164133176,19.98416601879982,0 73.72526142335079,19.98374928331511,0 73.7251884445989,19.98358932757477,0 73.72453815634077,19.98295111269197,0 73.72424167209303,19.9828984506248,0 73.72356539806071,19.98241794574413,0 73.72314141047332,19.98184518202641,0 73.72265357927537,19.98187070361369,0 73.72127599019908,19.98298630309507,0 73.72066512057046,19.98344406626266,0 73.71931593997449,19.98362585396243,0 73.71897443398488,19.98333752792669,0 73.71873490668521,19.98250413005636,0 73.71799464407063,19.98195246786834,0 73.71719122566476,19.98196884412187,0 73.71685911948369,19.9815718865962,0 73.71707441087331,19.9812033209096,0 73.71800684930523,19.98110208965887,0 73.71824997124828,19.98081385818552,0 73.71817500795859,19.98044120558024,0 73.71768855865841,19.97979749616361,0 73.71785673300015,19.97938614400017,0 73.71783411500023,19.97891768600013,0 73.71767788000018,19.97850810300026,0 73.71777037624918,19.97799602295483,0 73.71787614224937,19.97735759842564,0 73.71766590111015,19.97701593697158,0 73.71782877200023,19.97624916300023,0 73.71773394612721,19.97552430761491,0 73.71773306600014,19.97552424100029,0 73.71732164900011,19.97472540600018,0 73.71705813800024,19.97416030500023,0 73.71686125612261,19.9737620944107,0 73.71692535139314,19.97310963672543,0 73.71692401330037,19.97238553577494,0 73.71691870161314,19.97201961562943,0 73.71666757600026,19.97158968400026,0 73.71631545000025,19.97098798000021,0 73.71602130100017,19.97072519800014,0 73.71526347900017,19.96981486900022,0 73.71473327200009,19.96920958200015,0 73.71457014100018,19.96902203900017,0 73.7143890600002,19.9687840590002,0 73.71433905800015,19.96871182100026,0 73.71387293800014,19.96852168700016,0 73.71419010785363,19.96830626396084,0 73.71503954461225,19.96792460358829,0 73.71503965050177,19.967924567114,0 73.71597167400023,19.9676957180003,0 73.71802995500028,19.96742632000021,0 73.7207631486253,19.96663870062037,0 73.72099850800014,19.96657092000014,0 73.72248102700014,19.9664042300002,0 73.72269308962449,19.96635875456843,0 73.72275619200026,19.96634526000012,0 73.72275626100017,19.96634526000012,0 73.72435474256314,19.96594266100355,0 73.72492320021169,19.96540099131187,0 73.72516964619638,19.96571580679699,0 73.72584007031271,19.96554762366566,0 73.72660179202141,19.96499804609745,0 73.72728939780649,19.96490221871879,0 73.72858823826832,19.96483222518007,0 73.7301161651306,19.96428707465155,0 73.73205141648104,19.9638690952554,0 73.73225150501159,19.96459620054747,0 73.73225151400023,19.96459624100027,0 73.73313300318152,19.96501957754067,0 73.73313304911962,19.96501959894905,0 73.73322157807345,19.96488306130626,0 73.7333921848889,19.96491877493885,0 73.73339222843371,19.96491878203344,0 73.73367106400026,19.96648567200019,0 73.73367112105657,19.966485885202,0 73.73378420000039,19.96695140800036,0 73.73378429807242,19.96695153192567,0 73.73443970800044,19.96774864500033,0 73.73443976013145,19.96774868075626,0 73.73443978807568,19.96774870651619,0 73.73522585298475,19.96828787604077,0 73.73538378929936,19.96850750532575,0 73.73544349500027,19.96879425400024,0 73.73545924248191,19.96902906609188,0 73.73546595500035,19.96912941300035,0 73.73546597448566,19.96912944759659,0 73.73546597800009,19.96912950000027,0 73.73554276600022,19.96926594500028,0 73.73554276600022,19.9692660080002,0 73.73554290357613,19.96926604287799,0 73.73606983847887,19.96941991869958,0 73.73632376000036,19.96930838000033,0 73.73714535202882,19.969429479948,0 73.73718738914022,19.96943567705003,0 73.73823946400024,19.9699241860003,0 73.73893575500021,19.97039291200018,0 73.73893580827502,19.97039291559322,0 73.73893588300039,19.97039296600036,0 73.7390541536669,19.97040089723292,0 73.7390998180002,19.97040397700012,0 73.73909983529676,19.97040401996522,0 73.73909981200038,19.9704040310003,0 73.73927501418746,19.97034558508259,0 73.73932591348752,19.97053870037211,0 73.73978851777223,19.97087233075919,0 73.73985368330338,19.97121958135571,0 73.74007196332467,19.97151873347844,0 73.7397460606856,19.97240172377159,0 73.74016947780039,19.97273390598018,0 73.74016958700034,19.97273399000044,0 73.74044876400043,19.9728752240004,0 73.74135423300029,19.97332855700034,0 73.74144849661472,19.97344533331518,0 73.74153206123013,19.97354894801182,0 73.74179615200018,19.9742436890002,0 73.74178471900021,19.97542257800014,0 73.74178473688457,19.97542260220806,0 73.7417847360003,19.97542269300041,0 73.74212272800038,19.97588015700043,0 73.74212276333655,19.97588016791303,0 73.7424521220001,19.97646071700014,0 73.74280232789052,19.97688884777329,0 73.74294308052114,19.97712868884634,0 73.74324127658996,19.97763686506673,0 73.74334006156136,19.97801683589913,0 73.74334931200026,19.9782519650002,0 73.74341867380474,19.97840476157649,0 73.74347198000028,19.97852229600046,0 73.74347205534445,19.97852235212783,0 73.74366722086518,19.97866283351595,0 73.74366723000524,19.97866291501103,0 73.74369608474269,19.97887959003455,0 73.74369609300027,19.97887965400036,0 73.74381863800036,19.97907620400028,0 73.74381866086705,19.97907620862449,0 73.74381870100011,19.9790762730002,0 73.74415707165143,19.97914464326485,0 73.74442918500034,19.97919967100046,0 73.74444796378626,19.97923504894938,0 73.74447282100023,19.97928198500016,0 73.7444728339035,19.97928200864152,0 73.74447289140116,19.9792820069475,0 73.7445327534507,19.9792749034394,0 73.74596799400021,19.97910471400015,0 73.74596796237832,19.97910447204934,0 73.74596820700032,19.9791044430004,0 73.74595809885783,19.9790290027118,0 73.74594316853329,19.97891476543687,0 73.74696484814255,19.97877773314896,0 73.74706753379787,19.97876812930304,0 73.7470558363736,19.97862625755233,0 73.74789570180972,19.97850123940252,0 73.74807706213031,19.97849360901416,0 73.74890508076572,19.978458418535,0 73.74898431900313,19.97845135346051,0 73.74916556570356,19.97883132751884,0 73.74941061534327,19.97907758188046,0 73.74972668678657,19.97917189384821,0 73.75069459943055,19.98053629112843,0 73.75087517746188,19.981122367508,0 73.75066867370818,19.98117092868589,0 73.75085527821676,19.98207762633286,0 73.75116135425854,19.9826178266202,0 73.7528567217314,19.98367091902615,0 73.75301002685443,19.98370891273939,0 73.75348888243755,19.98382360278037,0 73.75368301246297,19.98412515741359,0 73.75357504862332,19.98442320491307,0 73.75269664162001,19.98436535379675,0 73.75249840147544,19.9843104800678,0 73.75216855667027,19.98462350405301,0 73.75194625463051,19.98466728826684,0 73.75194313009376,19.98483237119232,0 73.75197758004445,19.98520276047856,0 73.75260687364519,19.98494352014363,0 73.7527555667522,19.98519095454716,0 73.75351930122112,19.98455415715542,0 
						</coordinates>
					</LinearRing>
				</outerBoundaryIs>
			</Polygon>
		</Placemark>
	</Document>
	<Document>
		<name>Ward No. 27.kml</name>
		<StyleMap id="m_ylw-pushpin25">
			<Pair>
				<key>normal</key>
				<styleUrl>#s_ylw-pushpin25</styleUrl>
			</Pair>
			<Pair>
				<key>highlight</key>
				<styleUrl>#s_ylw-pushpin_hl25</styleUrl>
			</Pair>
		</StyleMap>
		<Style id="s_ylw-pushpin25">
			<IconStyle>
				<scale>1.1</scale>
				<Icon>
					<href>http://maps.google.com/mapfiles/kml/pushpin/ylw-pushpin.png</href>
				</Icon>
				<hotSpot x="20" y="2" xunits="pixels" yunits="pixels"/>
			</IconStyle>
			<LineStyle>
				<color>ffffff55</color>
				<width>3</width>
			</LineStyle>
			<PolyStyle>
				<fill>0</fill>
			</PolyStyle>
		</Style>
		<Style id="s_ylw-pushpin_hl25">
			<IconStyle>
				<scale>1.3</scale>
				<Icon>
					<href>http://maps.google.com/mapfiles/kml/pushpin/ylw-pushpin.png</href>
				</Icon>
				<hotSpot x="20" y="2" xunits="pixels" yunits="pixels"/>
			</IconStyle>
			<LineStyle>
				<color>ffffff55</color>
				<width>3</width>
			</LineStyle>
			<PolyStyle>
				<fill>0</fill>
			</PolyStyle>
		</Style>
		<Placemark>
			<name>Ward No. 27.kml</name>
			<styleUrl>#m_ylw-pushpin25</styleUrl>
			<Polygon>
				<tessellate>1</tessellate>
				<outerBoundaryIs>
					<LinearRing>
						<coordinates>
							73.76119379086548,19.96728232775293,0 73.76090534611883,19.96743527019127,0 73.76004854730095,19.9679557008043,0 73.76004897500026,19.96795608700026,0 73.75952109400019,19.96813167300022,0 73.75903404300013,19.96833814300025,0 73.75903397900012,19.96833802800015,0 73.75854927000024,19.9685434500001,0 73.75850150295705,19.96844855840987,0 73.75844788256191,19.9683206390044,0 73.75796258623902,19.9673263922432,0 73.7580472660001,19.96714874400016,0 73.75815036100002,19.96688623200011,0 73.75816564900022,19.96679315800023,0 73.75816373947302,19.96674874388242,0 73.75815993500009,19.96665544700012,0 73.75815972841468,19.96665545223246,0 73.7581521564797,19.96647951626045,0 73.75815233357741,19.9664782451153,0 73.7581834910001,19.96630275300007,0 73.75820042277759,19.96613307772011,0 73.75820222500005,19.96612014200014,0 73.75820172385808,19.96612003944343,0 73.75816101208838,19.9661121117698,0 73.75807702600008,19.96571542900014,0 73.75804841700011,19.96534468600011,0 73.75799577002924,19.96535428713431,0 73.75706969101985,19.96550571025484,0 73.75691365300018,19.96552742500004,0 73.75691369490151,19.96552760499029,0 73.75676610500477,19.96555346938704,0 73.75641358520379,19.96561533908592,0 73.75599256650591,19.96568960078364,0 73.75594809124635,19.96547944930658,0 73.75589507266953,19.96523030801109,0 73.7558944219392,19.96523046986939,0 73.75585135439661,19.96502470787851,0 73.75582355261407,19.96489408313444,0 73.75579454864233,19.96475751223164,0 73.75577416822678,19.96466355772757,0 73.75575873743578,19.96459171321957,0 73.75583274760675,19.96444995917355,0 73.75602882163876,19.96421208133663,0 73.75607053000033,19.96416150300036,0 73.75607017100518,19.9641615417586,0 73.75611374813083,19.96410827928488,0 73.75629928617894,19.96388206364452,0 73.75720720555223,19.96282370775671,0 73.75720714903326,19.96282366308826,0 73.75720719200041,19.96282361300032,0 73.75588299037028,19.9617771445519,0 73.75449306000029,19.96160017800035,0 73.75435608976287,19.9615708562233,0 73.75390850089339,19.96309739166412,0 73.75272904921238,19.96310765013148,0 73.75273708778838,19.96279407038175,0 73.75273869600016,19.96273087300029,0 73.75261987101139,19.96273023858904,0 73.75256742392355,19.9627298997453,0 73.75256737392408,19.96272989921524,0 73.75205018498716,19.96272233790242,0 73.75205039875145,19.96269513943201,0 73.75205081300018,19.96265321600017,0 73.75165269154331,19.96264970070234,0 73.75145178073673,19.96264568722701,0 73.75145379074688,19.96275061545678,0 73.7513590420284,19.9627466822498,0 73.75135968617101,19.96267376406877,0 73.75120588204946,19.96267343628286,0 73.75109356700038,19.96267311500031,0 73.75109320903464,19.9630958475062,0 73.75069170201375,19.96308815881527,0 73.75048070700012,19.96308410100021,0 73.75045835600014,19.96350678600027,0 73.74930194691653,19.96349007977933,0 73.74926206192424,19.96342693827078,0 73.74912234300035,19.9632056080004,0 73.74894079300016,19.96272172800024,0 73.74705404120776,19.96279641582053,0 73.74705154234424,19.96273089602454,0 73.74704806700014,19.96263944000027,0 73.7466055770003,19.96265453600028,0 73.74661174422019,19.96273000413567,0 73.74663724897397,19.96304235150381,0 73.74668577300018,19.96363679000019,0 73.74649066900021,19.96364433850033,0 73.74647060500033,19.96343824000046,0 73.74556858567665,19.9633946726423,0 73.74545544100017,19.96338915200013,0 73.74545344194459,19.96338911122235,0 73.74544751600031,19.96338882500037,0 73.74476449379796,19.96337502084513,0 73.74476422300017,19.96337435900024,0 73.74479507946209,19.96348351732564,0 73.74489076700034,19.96382248900037,0 73.7450413677754,19.964474588462,0 73.74506687050012,19.96508100610548,0 73.74350489995807,19.96504989612387,0 73.74350473719609,19.96504989075216,0 73.74254811100032,19.96500578600031,0 73.7416606040649,19.96502182258348,0 73.74166055800033,19.96502182700031,0 73.74166850330528,19.96522141272141,0 73.74167087900021,19.9652814400002,0 73.73961432175065,19.96538666112011,0 73.73961424800012,19.96538666000021,0 73.73981401454796,19.96573985287163,0 73.73996394365838,19.96596024890543,0 73.73987348936882,19.96597210987474,0 73.73872897625493,19.96601113153996,0 73.73873344378229,19.96607637878416,0 73.73874282674878,19.96618867252765,0 73.7392358915631,19.96615996737061,0 73.73932222822337,19.9661541180588,0 73.73932676565695,19.96622419570704,0 73.73932737200019,19.96623351800011,0 73.73944443289379,19.96623583482959,0 73.73983080420777,19.96624246885186,0 73.7398831994003,19.96665948807568,0 73.73932925100026,19.96667189400014,0 73.73932925693826,19.96667201081923,0 73.73933266100036,19.96672576700043,0 73.73890405755927,19.96675178295781,0 73.7388409500001,19.96675558600014,0 73.73884095417267,19.96675561288228,0 73.7388391770003,19.96682801550227,0 73.7388251850869,19.96682801721468,0 73.73782195100043,19.96682810400046,0 73.73782194517841,19.96682817599407,0 73.73782190700024,19.96682817600011,0 73.73774772509927,19.96774306644813,0 73.73764184030109,19.96760637519612,0 73.73698006200013,19.96675068600027,0 73.73664171705971,19.96619392223415,0 73.73663416400021,19.96618147850029,0 73.73655878058504,19.96615750919695,0 73.73645109000024,19.96612325000022,0 73.73632633462461,19.96593265464535,0 73.73603995600033,19.96549500100038,0 73.73598637241938,19.96535922336946,0 73.7358374372122,19.96498145253725,0 73.73557516755544,19.96326430981332,0 73.73551992779213,19.96312332112184,0 73.73441269185658,19.96348954136493,0 73.73430139600019,19.96344508000014,0 73.73361967221645,19.9634763357718,0 73.73361953053548,19.96347635032931,0 73.7331818990002,19.96354663500028,0 73.73318175202932,19.96354668059581,0 73.73205140100028,19.96386903900032,0 73.73205140984574,19.96386907114358,0 73.73011601709278,19.964287077001,0 73.72858826823924,19.96483223199754,0 73.72728751472879,19.96490250050941,0 73.72660178622115,19.96499802061227,0 73.72584035111714,19.96554745436427,0 73.72516972034811,19.96571596417929,0 73.7249231123554,19.9654010601644,0 73.7243534923697,19.96594404077247,0 73.72269308962449,19.96635875456843,0 73.72248281600019,19.96640372200016,0 73.72200039800008,19.96645825500032,0 73.72200033000024,19.96645819100031,0 73.72170278000014,19.96649170700025,0 73.72099849600013,19.96657088100022,0 73.7207631486253,19.96663870062037,0 73.71802747900024,19.96742654000023,0 73.71597147300012,19.96769570600012,0 73.71503965050177,19.967924567114,0 73.71503954461225,19.96792460358829,0 73.71419013900018,19.96830623600019,0 73.71419010785363,19.96830626396084,0 73.7127240420001,19.96751193200019,0 73.71179891800013,19.96740300300015,0 73.71023174600013,19.96751922700017,0 73.71046779700021,19.96491253500015,0 73.71015111700012,19.96252206600016,0 73.70962325100014,19.96022484000015,0 73.70962322500014,19.96022480300024,0 73.70892375100017,19.95697389800029,0 73.70892441300023,19.95697338700015,0 73.70879468900016,19.95434864700023,0 73.70879535274548,19.95434865298389,0 73.70829690100018,19.94440932400021,0 73.7098964500001,19.94277279800016,0 73.71016890500017,19.94195980600022,0 73.71152558400024,19.94086125000028,0 73.71174087000011,19.94113153800026,0 73.71244139200017,19.94069177600029,0 73.71535440700023,19.94035256600029,0 73.72168599300026,19.94260734500024,0 73.72333195800012,19.9427497070003,0 73.72388488200021,19.9428753980003,0 73.72540809000012,19.94342224200025,0 73.72563336200011,19.94348513100022,0 73.72638222900017,19.94278454600025,0 73.72646357368333,19.94282978813047,0 73.72638216600025,19.94278445600024,0 73.7289889850002,19.94156588600013,0 73.72899184819219,19.94156823307449,0 73.72917156300021,19.94130916400021,0 73.7297608220002,19.94177370100019,0 73.7300667990002,19.94141778200014,0 73.7300668030002,19.94141774200013,0 73.73201127800024,19.94045698400022,0 73.73205796000019,19.93727098400022,0 73.73108568887655,19.93468413156782,0 73.73269552195701,19.9354807000051,0 73.73504490766116,19.93623639791155,0 73.73599470526949,19.93677464745053,0 73.73801807272289,19.93864675233044,0 73.73917788442735,19.93987589376927,0 73.74057676195878,19.94122920307553,0 73.74148848966534,19.94194625394338,0 73.74343886125602,19.94319356352973,0 73.74579651820892,19.94549825609479,0 73.748535386426,19.94797785185299,0 73.75154549978669,19.95046550287579,0 73.75367621757761,19.95220715775086,0 73.75683134180859,19.9554884123215,0 73.76281200727713,19.96060956143312,0 73.76391998884976,19.96173278700364,0 73.76595933216282,19.96405295954878,0 73.76571906455654,19.96417542126929,0 73.76531856979021,19.96442186040035,0 73.76501436300022,19.96460904433768,0 73.76501425900004,19.96460911400018,0 73.76501428967302,19.96460915025757,0 73.76374669712075,19.96551200325349,0 73.76302238600016,19.96598541400019,0 73.76302208200013,19.96598537200018,0 73.76251149742694,19.96631530865836,0 73.76224487000013,19.96648736700006,0 73.76224356925627,19.96648844221918,0 73.76224088000016,19.96649018000021,0 73.76182516188024,19.96683430555803,0 73.76144195405213,19.96715157927924,0 73.76127473672625,19.96723965368545,0 73.76120313490586,19.96727740164301,0 73.76120309600009,19.96727739400015,0 73.76119379086548,19.96728232775293,0 
						</coordinates>
					</LinearRing>
				</outerBoundaryIs>
			</Polygon>
		</Placemark>
	</Document>
	<Document>
		<name>Ward No. 28.kml</name>
		<StyleMap id="m_ylw-pushpin26">
			<Pair>
				<key>normal</key>
				<styleUrl>#s_ylw-pushpin26</styleUrl>
			</Pair>
			<Pair>
				<key>highlight</key>
				<styleUrl>#s_ylw-pushpin_hl26</styleUrl>
			</Pair>
		</StyleMap>
		<Style id="s_ylw-pushpin26">
			<IconStyle>
				<scale>1.1</scale>
				<Icon>
					<href>http://maps.google.com/mapfiles/kml/pushpin/ylw-pushpin.png</href>
				</Icon>
				<hotSpot x="20" y="2" xunits="pixels" yunits="pixels"/>
			</IconStyle>
			<LineStyle>
				<color>ffffff55</color>
				<width>3</width>
			</LineStyle>
			<PolyStyle>
				<fill>0</fill>
			</PolyStyle>
		</Style>
		<Style id="s_ylw-pushpin_hl26">
			<IconStyle>
				<scale>1.3</scale>
				<Icon>
					<href>http://maps.google.com/mapfiles/kml/pushpin/ylw-pushpin.png</href>
				</Icon>
				<hotSpot x="20" y="2" xunits="pixels" yunits="pixels"/>
			</IconStyle>
			<LineStyle>
				<color>ffffff55</color>
				<width>3</width>
			</LineStyle>
			<PolyStyle>
				<fill>0</fill>
			</PolyStyle>
		</Style>
		<Placemark>
			<name>Ward No. 28.kml</name>
			<styleUrl>#m_ylw-pushpin26</styleUrl>
			<Polygon>
				<tessellate>1</tessellate>
				<outerBoundaryIs>
					<LinearRing>
						<coordinates>
							73.7445327534507,19.9792749034394,0 73.74447289140116,19.9792820069475,0 73.74444796378626,19.97923504894938,0 73.74442920600026,19.97919963000019,0 73.74415707165143,19.97914464326485,0 73.74381866086705,19.97907620862449,0 73.74369608474269,19.97887959003455,0 73.74366723000524,19.97866291501103,0 73.74366729100036,19.97866288400036,0 73.74366722086518,19.97866283351595,0 73.7436672180001,19.97866281200018,0 73.74347205534445,19.97852235212783,0 73.74341867380474,19.97840476157649,0 73.74334934000044,19.97825188800046,0 73.74334006156136,19.97801683589913,0 73.74334005900029,19.97801670600037,0 73.74324127658996,19.97763686506673,0 73.74324125700046,19.97763677500046,0 73.74294308052114,19.97712868884634,0 73.74280238400013,19.97688891500022,0 73.74280232789052,19.97688884777329,0 73.74245223300038,19.97646083100033,0 73.74212279600039,19.97588017800034,0 73.74212276333655,19.97588016791303,0 73.7421227180002,19.97588008800015,0 73.74178473688457,19.97542260220806,0 73.74179621900028,19.97424362600029,0 73.74179616800036,19.97424359500037,0 73.74153206123013,19.97354894801182,0 73.74153200600036,19.97354878700044,0 73.74144849661472,19.97344533331518,0 73.74135435800022,19.97332859800025,0 73.74016947780039,19.97273390598018,0 73.7397460606856,19.97240172377159,0 73.73974604600019,19.97240170500021,0 73.74007192865888,19.9715187602482,0 73.73985366725597,19.9712195732831,0 73.73978915386127,19.97087304008146,0 73.73932644717709,19.97053961335598,0 73.73927491966843,19.97034582320928,0 73.73909983529676,19.97040401996522,0 73.73909994500029,19.97040396800038,0 73.7390541536669,19.97040089723292,0 73.73893580827502,19.97039291559322,0 73.73823983043229,19.96992437677033,0 73.73718756500034,19.96943570200038,0 73.73718738914022,19.96943567705003,0 73.73714535202882,19.969429479948,0 73.73632378000019,19.96930834500024,0 73.73606983847887,19.96941991869958,0 73.73554290357613,19.96926604287799,0 73.73546597448566,19.96912944759659,0 73.73545924248191,19.96902906609188,0 73.73544348600036,19.96879351900045,0 73.73538378929936,19.96850750532575,0 73.73538376900012,19.96850741000014,0 73.7352258850002,19.96828789800027,0 73.73522585298475,19.96828787604077,0 73.73522581700038,19.96828782600044,0 73.73443978807568,19.96774870651619,0 73.73443976013145,19.96774868075626,0 73.73378429807242,19.96695153192567,0 73.73367112105657,19.966485885202,0 73.73339222843371,19.96491878203344,0 73.73339222300019,19.96491872000021,0 73.7333921848889,19.96491877493885,0 73.73322158900615,19.96488268983789,0 73.73313304911962,19.96501959894905,0 73.73313300318152,19.96501957754067,0 73.73225150501159,19.96459620054747,0 73.73205148400019,19.96386907600023,0 73.73205141648104,19.9638690952554,0 73.73205140984574,19.96386907114358,0 73.73318175202932,19.96354668059581,0 73.73318190900019,19.96354671300011,0 73.73361953053548,19.96347635032931,0 73.73361967221645,19.9634763357718,0 73.73430133032514,19.96344513185612,0 73.73441257811888,19.96348962366951,0 73.73551988594529,19.96312338173179,0 73.73557516755544,19.96326430981332,0 73.73557514900016,19.96326480000015,0 73.73583720400025,19.96498086100029,0 73.7358374372122,19.96498145253725,0 73.73583753100037,19.9649820680003,0 73.73598637241938,19.96535922336946,0 73.73603995800015,19.9654951420003,0 73.73632633462461,19.96593265464535,0 73.73645106900032,19.9661232780004,0 73.73655878058504,19.96615750919695,0 73.73663416400021,19.96618147850029,0 73.73664171705971,19.96619392223415,0 73.73698018900041,19.96675222100031,0 73.73764184030109,19.96760637519612,0 73.73774770900015,19.96774326500024,0 73.73774772509927,19.96774306644813,0 73.73774793700034,19.96774334000033,0 73.73782194517841,19.96682817599407,0 73.7388251850869,19.96682801721468,0 73.7388391770003,19.96682801550227,0 73.7388392230004,19.96682801600027,0 73.73884095417267,19.96675561288228,0 73.73890405755927,19.96675178295781,0 73.7393327620001,19.96672594800018,0 73.73932925693826,19.96667201081923,0 73.7398831994003,19.96665948807568,0 73.73983092933069,19.96624348423586,0 73.73983079800045,19.9662424390004,0 73.73944443289379,19.96623583482959,0 73.73932747109009,19.9662335199613,0 73.73932676565695,19.96622419570704,0 73.73932220400012,19.96615406200029,0 73.7392358915631,19.96615996737061,0 73.73874288100042,19.96618861000048,0 73.73873344378229,19.96607637878416,0 73.73872895443883,19.9660111772066,0 73.73987386400029,19.96597211300042,0 73.73996382012497,19.96596025717636,0 73.73981334500034,19.96573877300047,0 73.73961432175065,19.96538666112011,0 73.74096860200045,19.96531741400034,0 73.74142777100035,19.96529392500044,0 73.74167089500038,19.96528149200039,0 73.74166850330528,19.96522141272141,0 73.7416606040649,19.96502182258348,0 73.74254867400009,19.96500582800032,0 73.74350473719609,19.96504989075216,0 73.74350489995807,19.96504989612387,0 73.74506686900017,19.96508103000014,0 73.74506687050012,19.96508100610548,0 73.74506693300036,19.96508103000032,0 73.7450413677754,19.964474588462,0 73.74489073700016,19.96382191700015,0 73.74479507946209,19.96348351732564,0 73.74476445200047,19.96337502000039,0 73.74476449379796,19.96337502084513,0 73.74476450900021,19.96337505800021,0 73.74545344194459,19.96338911122235,0 73.74556858567665,19.9633946726423,0 73.74647024300012,19.96343866700023,0 73.74649066900021,19.96364433850033,0 73.74668580600046,19.96363682800038,0 73.74663724897397,19.96304235150381,0 73.74661174422019,19.96273000413567,0 73.7466055770003,19.96265453600028,0 73.7470480500004,19.96263949400028,0 73.74705154234424,19.96273089602454,0 73.74705404120776,19.96279641582053,0 73.74894079300016,19.96272172800024,0 73.74912238000026,19.96320583000024,0 73.74926206192424,19.96342693827078,0 73.74930192464252,19.96349008523737,0 73.74930194691653,19.96349007977933,0 73.75045837418807,19.96350681796102,0 73.7504807410003,19.96308411900039,0 73.75069170201375,19.96308815881527,0 73.75109323400027,19.96309588100029,0 73.7510935870002,19.96267315100013,0 73.75120588204946,19.96267343628286,0 73.75135960000027,19.96267387600046,0 73.75135960017658,19.9626738267999,0 73.75135967900019,19.96267382700019,0 73.75135890780848,19.96274652876181,0 73.75145371991864,19.96275075461008,0 73.75145176646379,19.96264563806852,0 73.75165269154331,19.96264970070234,0 73.75205072800026,19.96265324600035,0 73.75205039875145,19.96269513943201,0 73.75205013000021,19.96272233800021,0 73.75205018498716,19.96272233790242,0 73.75256737392408,19.96272989921524,0 73.75256742392355,19.9627298997453,0 73.75256742700012,19.96272995900021,0 73.75261994578047,19.9627302392738,0 73.75273866800033,19.9627310190003,0 73.75273708778838,19.96279407038175,0 73.75272912313154,19.96310767146988,0 73.75390851315053,19.9630973634147,0 73.75435606420839,19.96157073834103,0 73.75449306000029,19.96160017800035,0 73.75588299037028,19.9617771445519,0 73.75720714903326,19.96282366308826,0 73.75630078600037,19.96388023500035,0 73.75629928617894,19.96388206364452,0 73.75611374813083,19.96410827928488,0 73.75607005272255,19.96416155452874,0 73.75607017100518,19.9641615417586,0 73.75602882163876,19.96421208133663,0 73.75583266000037,19.96444996000033,0 73.75575872700037,19.96459168400033,0 73.75579449315761,19.96475741406965,0 73.75585135439661,19.96502470787851,0 73.75589446020115,19.96523045284144,0 73.75509342245084,19.9653938642495,0 73.75507805364214,19.96531563889298,0 73.75343721611745,19.9656150751005,0 73.75336742045359,19.96659550539629,0 73.75344014611515,19.96820163580718,0 73.75348275368782,19.96848184681066,0 73.75364082599604,19.96952777847372,0 73.75403423141718,19.97112370862742,0 73.75435178934966,19.97202493047314,0 73.75457915921832,19.97312351267646,0 73.75483149036265,19.97513396094647,0 73.75495091409307,19.97595737089198,0 73.75476848000042,19.97597245600034,0 73.75425615431845,19.97599435869448,0 73.75378116766854,19.97601679459802,0 73.75363481127854,19.97602393835923,0 73.75314869336995,19.9760472359727,0 73.75252834716333,19.97607707065204,0 73.75250889104208,19.97591171393989,0 73.7524848848827,19.97571819696908,0 73.7524848700003,19.97571807700034,0 73.75135715480522,19.97579076835652,0 73.75134829500031,19.97529939000042,0 73.75148943100027,19.97529309900035,0 73.7514789630003,19.97519123800036,0 73.75147696033098,19.97517223230325,0 73.75146622200022,19.9750680430002,0 73.75146598300117,19.97506805543905,0 73.75146597600038,19.97506798900037,0 73.75088539808938,19.97509827071102,0 73.75088502186571,19.97509828904009,0 73.75088475109909,19.97509829618025,0 73.75082665700015,19.97510088300025,0 73.75081769857823,19.97502374363611,0 73.75081188700034,19.97497205500043,0 73.75076592884804,19.97497567955398,0 73.75073096400013,19.97497814900022,0 73.75073088500021,19.97497825500023,0 73.75046773300011,19.97499904200026,0 73.75045193520744,19.97502335793806,0 73.75044725700037,19.97503037300046,0 73.75005899393202,19.97506244833973,0 73.74996068414272,19.97507052884737,0 73.74983950219843,19.97506335764596,0 73.74970494932079,19.97505513549571,0 73.74969111256814,19.97479163914306,0 73.74969085609651,19.97479165419112,0 73.7496496005878,19.97471930908068,0 73.74950539600033,19.97446558800036,0 73.74948048135816,19.97433920471705,0 73.7494501380002,19.97418386800014,0 73.74921603617653,19.97397121593146,0 73.74901937306552,19.97413487964455,0 73.74938765935327,19.97540418578341,0 73.74967783960412,19.97603072914281,0 73.75018989780168,19.97677319345078,0 73.74889065879039,19.97712097786846,0 73.74893624400487,19.97845615158593,0 73.74890516800041,19.97845837800032,0 73.74807706213031,19.97849360901416,0 73.74789601900014,19.97850129200014,0 73.74705583297872,19.97862626449356,0 73.74706751224289,19.97876802463468,0 73.74696484814255,19.97877773314896,0 73.74594317305814,19.97891480345219,0 73.74595809885783,19.9790290027118,0 73.74596819960034,19.97910471371847,0 73.7445327534507,19.9792749034394,0 
						</coordinates>
					</LinearRing>
				</outerBoundaryIs>
			</Polygon>
		</Placemark>
	</Document>
	<Document>
		<name>Ward No. 29.kml</name>
		<StyleMap id="m_ylw-pushpin27">
			<Pair>
				<key>normal</key>
				<styleUrl>#s_ylw-pushpin27</styleUrl>
			</Pair>
			<Pair>
				<key>highlight</key>
				<styleUrl>#s_ylw-pushpin_hl27</styleUrl>
			</Pair>
		</StyleMap>
		<Style id="s_ylw-pushpin27">
			<IconStyle>
				<scale>1.1</scale>
				<Icon>
					<href>http://maps.google.com/mapfiles/kml/pushpin/ylw-pushpin.png</href>
				</Icon>
				<hotSpot x="20" y="2" xunits="pixels" yunits="pixels"/>
			</IconStyle>
			<LineStyle>
				<color>ffffff55</color>
				<width>3</width>
			</LineStyle>
			<PolyStyle>
				<fill>0</fill>
			</PolyStyle>
		</Style>
		<Style id="s_ylw-pushpin_hl27">
			<IconStyle>
				<scale>1.3</scale>
				<Icon>
					<href>http://maps.google.com/mapfiles/kml/pushpin/ylw-pushpin.png</href>
				</Icon>
				<hotSpot x="20" y="2" xunits="pixels" yunits="pixels"/>
			</IconStyle>
			<LineStyle>
				<color>ffffff55</color>
				<width>3</width>
			</LineStyle>
			<PolyStyle>
				<fill>0</fill>
			</PolyStyle>
		</Style>
		<Placemark>
			<name>Ward No. 29.kml</name>
			<styleUrl>#m_ylw-pushpin27</styleUrl>
			<Polygon>
				<tessellate>1</tessellate>
				<outerBoundaryIs>
					<LinearRing>
						<coordinates>
							73.75583515557311,19.97504022001625,0 73.75483147187938,19.97513430515532,0 73.75457938214363,19.97312407449341,0 73.75435152770562,19.97202429843605,0 73.75403395253923,19.97112313002611,0 73.75364107127844,19.96952894509019,0 73.75343997646378,19.96820050543609,0 73.7533673941351,19.96659615284532,0 73.75343726430552,19.96561511903543,0 73.75507808397901,19.96531562805152,0 73.75509328200012,19.96539355500016,0 73.75509333180933,19.96539379228146,0 73.75509345651403,19.96539376685584,0 73.75509346900004,19.96539382000009,0 73.75589446020115,19.96523045284144,0 73.75589509486147,19.96523032343776,0 73.75594809124635,19.96547944930658,0 73.75599257900018,19.96568957300013,0 73.75669934943703,19.96556516796897,0 73.75676610500477,19.96555346938704,0 73.7569140997828,19.96552748116165,0 73.75706969101985,19.96550571025484,0 73.75750157911537,19.96543510000919,0 73.75799577002924,19.96535428713431,0 73.75804830269335,19.96534464724261,0 73.75807702600008,19.96571542900014,0 73.75813791164278,19.96600313406785,0 73.75816101208838,19.9661121117698,0 73.7581610300001,19.96611219100011,0 73.75820172385808,19.96612003944343,0 73.75818344389516,19.96630269953124,0 73.75815205300016,19.96648025900001,0 73.75815972841468,19.96665545223246,0 73.75815973900026,19.96665569600022,0 73.75816373947302,19.96674874388242,0 73.75816555526009,19.96679327233242,0 73.75816534400028,19.96679353000026,0 73.7581503600001,19.96688576100016,0 73.75810018018372,19.96701350528216,0 73.75804731459297,19.96714872559941,0 73.75803029558192,19.96718442935997,0 73.75796259818964,19.96732640838487,0 73.75844640988777,19.96831743218723,0 73.75850150295705,19.96844855840987,0 73.75854927000007,19.96854389700005,0 73.75950026000007,19.96814062900008,0 73.75950031000006,19.96814055500007,0 73.75952048600014,19.96813204400016,0 73.76004948594372,19.96795600958272,0 73.76004897000017,19.96795554000013,0 73.76090531300005,19.96743528400007,0 73.76119379086548,19.96728232775293,0 73.76120313490586,19.96727740164301,0 73.76120416500009,19.96727760400017,0 73.76127473672625,19.96723965368545,0 73.76144202600014,19.96715146000021,0 73.76182516188024,19.96683430555803,0 73.76224356925627,19.96648844221918,0 73.76251149742694,19.96631530865836,0 73.76302292100011,19.96598528000018,0 73.76302303007091,19.96598540914807,0 73.76374669712075,19.96551200325349,0 73.76501428967302,19.96460915025757,0 73.76501436300022,19.96460909800017,0 73.76501436300022,19.96460904433768,0 73.76531856979021,19.96442186040035,0 73.76571907700009,19.96417543600018,0 73.76571906455654,19.96417542126929,0 73.7657191430001,19.96417537300008,0 73.76608541635829,19.96398896934145,0 73.76794806175786,19.96620866478524,0 73.76961126979013,19.96834519202314,0 73.76941775176236,19.96851806276407,0 73.76907914072504,19.96883263212004,0 73.7685455700001,19.96921451800002,0 73.76854552700019,19.96921462600003,0 73.76732513869786,19.96940668407943,0 73.76732461221509,19.96940676638417,0 73.76623552700001,19.96957588400017,0 73.76570836700009,19.96903873200004,0 73.76554642718422,19.9691835625468,0 73.76496619459655,19.96970237200157,0 73.76496428299998,19.9697006160001,0 73.76470614700013,19.96942168100002,0 73.76450379486978,19.96959952226156,0 73.76440655249992,19.96968489027602,0 73.76424877107269,19.96951728309551,0 73.76414540505974,19.96940741332325,0 73.76383468593319,19.9696728285647,0 73.76443415432161,19.97026836193193,0 73.76409158388373,19.97058556595297,0 73.76409154800017,19.97058560100005,0 73.76412773350009,19.9706260090001,0 73.76343753800005,19.97122417200004,0 73.76343760898088,19.97122424132671,0 73.76343761000005,19.97122427700013,0 73.76423270185633,19.97200081107566,0 73.76423273279823,19.97200084132151,0 73.76423275213139,19.9720008590643,0 73.76493681037009,19.9726867507527,0 73.76507106699923,19.97281780444461,0 73.76488805585143,19.9730172005304,0 73.76414102698608,19.97309606110727,0 73.76409616080247,19.97310106000964,0 73.76229442479512,19.97332913303834,0 73.76227745545118,19.97322657988114,0 73.76226016857633,19.97311409339893,0 73.76223811338963,19.97304136236896,0 73.76032051705134,19.97328417768157,0 73.76029906200007,19.97311680400014,0 73.76029906534566,19.97311667517412,0 73.7602990325734,19.97311667947388,0 73.76029414999549,19.97307812771257,0 73.75992546100717,19.97313458467002,0 73.75997902806944,19.97349604607023,0 73.75940991933354,19.97357538500013,0 73.75868101307618,19.97367599278507,0 73.75876295766676,19.97425520025054,0 73.75739569012185,19.97440248922489,0 73.75737528110245,19.97440508620886,0 73.75578573539636,19.97462497086634,0 73.75583515557311,19.97504022001625,0 
						</coordinates>
					</LinearRing>
				</outerBoundaryIs>
			</Polygon>
		</Placemark>
	</Document>
	<Document>
		<name>Ward No. 30.kml</name>
		<StyleMap id="m_ylw-pushpin28">
			<Pair>
				<key>normal</key>
				<styleUrl>#s_ylw-pushpin28</styleUrl>
			</Pair>
			<Pair>
				<key>highlight</key>
				<styleUrl>#s_ylw-pushpin_hl28</styleUrl>
			</Pair>
		</StyleMap>
		<Style id="s_ylw-pushpin28">
			<IconStyle>
				<scale>1.1</scale>
				<Icon>
					<href>http://maps.google.com/mapfiles/kml/pushpin/ylw-pushpin.png</href>
				</Icon>
				<hotSpot x="20" y="2" xunits="pixels" yunits="pixels"/>
			</IconStyle>
			<LineStyle>
				<color>ffffff55</color>
				<width>3</width>
			</LineStyle>
			<PolyStyle>
				<fill>0</fill>
			</PolyStyle>
		</Style>
		<Style id="s_ylw-pushpin_hl28">
			<IconStyle>
				<scale>1.3</scale>
				<Icon>
					<href>http://maps.google.com/mapfiles/kml/pushpin/ylw-pushpin.png</href>
				</Icon>
				<hotSpot x="20" y="2" xunits="pixels" yunits="pixels"/>
			</IconStyle>
			<LineStyle>
				<color>ffffff55</color>
				<width>3</width>
			</LineStyle>
			<PolyStyle>
				<fill>0</fill>
			</PolyStyle>
		</Style>
		<Placemark>
			<name>Ward No. 30.kml</name>
			<styleUrl>#m_ylw-pushpin28</styleUrl>
			<Polygon>
				<tessellate>1</tessellate>
				<outerBoundaryIs>
					<LinearRing>
						<coordinates>
							73.78943610651683,19.97639299189867,0 73.78921842156507,19.97660066551319,0 73.78917350435469,19.97654707281011,0 73.78901274063085,19.97630256827074,0 73.78901268900006,19.97630248400011,0 73.78851459888789,19.97570822544352,0 73.78792401100004,19.97500355300002,0 73.78792387829918,19.97500344920926,0 73.78792377000012,19.97500332000008,0 73.78792373500002,19.97500329200008,0 73.78680432300013,19.97412773600011,0 73.78667157726998,19.97401079833567,0 73.78654931525827,19.97390300347135,0 73.78654924785867,19.97390303655955,0 73.78636802442607,19.97374339417464,0 73.78621997400001,19.97361291400015,0 73.78596303475706,19.97332855377501,0 73.7855608310001,19.97288330900009,0 73.785560762,19.97288330900009,0 73.78536785500012,19.9726697780001,0 73.78482668400001,19.97206896800012,0 73.78172898000004,19.97235252900005,0 73.78178218900018,19.97378058900017,0 73.78178218566214,19.97378062482698,0 73.78179402689777,19.97409954378107,0 73.78179402889297,19.97409957643317,0 73.78179402100844,19.97409961549099,0 73.78180177454013,19.97419238512217,0 73.78184210723855,19.97467476647845,0 73.78184210869641,19.97467483227862,0 73.78184205187617,19.97467483381374,0 73.78186242250011,19.97519742250011,0 73.78186241002929,19.97519745507894,0 73.78185618541146,19.97537403898977,0 73.78105950623591,19.97524824272665,0 73.78028255294248,19.97524101257625,0 73.77996304234605,19.97525321950205,0 73.7772220613133,19.97535753472938,0 73.77697652647315,19.97515384393367,0 73.77697640700018,19.97515384800028,0 73.77686117376309,19.97515632212741,0 73.77671560900009,19.97515942800003,0 73.77669674391669,19.9751736937267,0 73.77652337050688,19.97530458594138,0 73.77638135661748,19.97540494126948,0 73.77431936775339,19.97304048066996,0 73.77345221428662,19.97220261600169,0 73.77344506423236,19.97219678714636,0 73.77196253068418,19.97098529873991,0 73.77112790576058,19.97020703836961,0 73.76961068833502,19.96834452669005,0 73.76794808950103,19.9662087451611,0 73.76776328278666,19.96598848321563,0 73.76796941619534,19.96595386901223,0 73.7689069835979,19.96602709814797,0 73.76890701547462,19.96602711192779,0 73.76934547852379,19.96606137224486,0 73.76934547600003,19.96606139700017,0 73.76969950356604,19.96608903973725,0 73.77049616301574,19.96615129965278,0 73.77258359298924,19.96628704710961,0 73.77262239972342,19.96628957275899,0 73.77262248000009,19.96628958000013,0 73.77295716969073,19.96637323123727,0 73.77323801152167,19.96644345737897,0 73.77323800400004,19.96644355500017,0 73.77325023684979,19.96658806860427,0 73.77325023700007,19.96658810800014,0 73.77342638900008,19.96700693700007,0 73.774502114,19.9673927740001,0 73.77450219405472,19.96739275661605,0 73.77478349200011,19.96732275600017,0 73.77478357500011,19.96732292500028,0 73.77478032077167,19.96731325516912,0 73.77466457800013,19.96696649600018,0 73.77493016197059,19.96706307674714,0 73.77573566686813,19.96735754609658,0 73.77611099755154,19.96749476006983,0 73.77716718457152,19.96791003015819,0 73.77716716123473,19.96790995146807,0 73.77763869582157,19.9680850574218,0 73.77772186574754,19.96811594829486,0 73.77772188079771,19.96811601267297,0 73.778066085738,19.96823864352662,0 73.77806268220704,19.96821364826316,0 73.7778729030001,19.96681816900026,0 73.77772814200011,19.96608945400027,0 73.77772973097547,19.96608930157535,0 73.77771141994269,19.96594974555404,0 73.77766933575154,19.96559703089504,0 73.77969614900015,19.96528346450024,0 73.77988034223011,19.96522368976671,0 73.77842680355076,19.96234749032025,0 73.77761016643056,19.95974078112288,0 73.77738882854958,19.95887526793943,0 73.7770292333305,19.95713638807772,0 73.77601890244975,19.95411257625593,0 73.77607310630709,19.95411390194839,0 73.777560167961,19.95390172861296,0 73.78008599009742,19.95383059566986,0 73.78008599332426,19.95383068879608,0 73.78030045150908,19.95383124791932,0 73.78354222079896,19.95384138719256,0 73.78515942207906,19.95391230110908,0 73.78605526572542,19.95406756546794,0 73.78641242376183,19.95404505024627,0 73.78641246600013,19.95404505700016,0 73.78193370900001,19.955534202,0 73.78193369686856,19.9555342254147,0 73.78193365300018,19.95553424000018,0 73.78166617172377,19.95605057730261,0 73.78166614700008,19.95605061700019,0 73.78179681050018,19.95768206050022,0 73.78212760010705,19.9586037073934,0 73.78263444412251,19.95974016816453,0 73.78311695918629,19.96081684484796,0 73.78320251595294,19.96102428190278,0 73.78382258500015,19.96252837000014,0 73.78400215300027,19.96275715200024,0 73.78413439100019,19.96298448650027,0 73.78452143896547,19.96341233683907,0 73.78479011254686,19.96361068614299,0 73.78840560582327,19.96189350955309,0 73.7884055879065,19.96189347319248,0 73.78967964609575,19.96131530961849,0 73.78968126471024,19.9613145807132,0 73.79007497271199,19.96113863463327,0 73.79123967700012,19.96061845700012,0 73.79125612546147,19.96061078354785,0 73.79125820100023,19.96060985600021,0 73.79172078839279,19.96039401136631,0 73.792465252,19.96004670800016,0 73.79284467520793,19.95985212173407,0 73.79335930881966,19.95948820466028,0 73.79437516967042,19.95871959048379,0 73.79528986133118,19.95811572600599,0 73.79589880070395,19.95781371253634,0 73.7969022997431,19.95845757268722,0 73.79724555254225,19.95867636558062,0 73.79756903436758,19.95943628223502,0 73.79765738800026,19.95964387600022,0 73.79798376400008,19.96281800800013,0 73.7981416615886,19.96433263612589,0 73.79830902920578,19.9659381551208,0 73.79830903700027,19.96593818000019,0 73.80113609382046,19.96541774235725,0 73.80116660825651,19.96567034968786,0 73.80128211247043,19.9666842725394,0 73.80057494099998,19.9681581940002,0 73.79982735197801,19.96821287822121,0 73.79981880953935,19.96816672965772,0 73.79879911249171,19.968248917559,0 73.79839586854605,19.96863191953502,0 73.79817725486257,19.96969174544128,0 73.79804627840242,19.97093190567953,0 73.79752822649337,19.97189994604581,0 73.79664570431633,19.97236105115555,0 73.79468918707256,19.97264030094594,0 73.79214503521473,19.97274437284367,0 73.79173290065124,19.97284220901117,0 73.79085104305703,19.97348226586731,0 73.79066854261893,19.97378092239043,0 73.78975857584172,19.97596256497965,0 73.78943610651683,19.97639299189867,0 
						</coordinates>
					</LinearRing>
				</outerBoundaryIs>
			</Polygon>
		</Placemark>
	</Document>
	<Document>
		<name>Ward No. 31.kml</name>
		<StyleMap id="m_ylw-pushpin29">
			<Pair>
				<key>normal</key>
				<styleUrl>#s_ylw-pushpin29</styleUrl>
			</Pair>
			<Pair>
				<key>highlight</key>
				<styleUrl>#s_ylw-pushpin_hl29</styleUrl>
			</Pair>
		</StyleMap>
		<Style id="s_ylw-pushpin29">
			<IconStyle>
				<scale>1.1</scale>
				<Icon>
					<href>http://maps.google.com/mapfiles/kml/pushpin/ylw-pushpin.png</href>
				</Icon>
				<hotSpot x="20" y="2" xunits="pixels" yunits="pixels"/>
			</IconStyle>
			<LineStyle>
				<color>ffffff55</color>
				<width>3</width>
			</LineStyle>
			<PolyStyle>
				<fill>0</fill>
			</PolyStyle>
		</Style>
		<Style id="s_ylw-pushpin_hl29">
			<IconStyle>
				<scale>1.3</scale>
				<Icon>
					<href>http://maps.google.com/mapfiles/kml/pushpin/ylw-pushpin.png</href>
				</Icon>
				<hotSpot x="20" y="2" xunits="pixels" yunits="pixels"/>
			</IconStyle>
			<LineStyle>
				<color>ffffff55</color>
				<width>3</width>
			</LineStyle>
			<PolyStyle>
				<fill>0</fill>
			</PolyStyle>
		</Style>
		<Placemark>
			<name>Ward No. 31.kml</name>
			<styleUrl>#m_ylw-pushpin29</styleUrl>
			<Polygon>
				<tessellate>1</tessellate>
				<outerBoundaryIs>
					<LinearRing>
						<coordinates>
							73.77806268220704,19.96821364826316,0 73.778066085738,19.96823864352662,0 73.77772194400013,19.96811597200008,0 73.77772186574754,19.96811594829486,0 73.77763869582157,19.9680850574218,0 73.77716713900016,19.96790988200026,0 73.77716716123473,19.96790995146807,0 73.776111133,19.96749477700011,0 73.77573566686813,19.96735754609658,0 73.77573533400007,19.96735588100016,0 73.77493016197059,19.96706307674714,0 73.77466329500011,19.96696551700019,0 73.77478032077167,19.96731325516912,0 73.77478349200011,19.96732275600017,0 73.77450219405472,19.96739275661605,0 73.77342638600017,19.96700689300024,0 73.77325023684979,19.96658806860427,0 73.77323804200022,19.96644346500016,0 73.77323801152167,19.96644345737897,0 73.77323801329642,19.96644343434522,0 73.77295718300016,19.96637320800012,0 73.77295716969073,19.96637323123727,0 73.77262240000009,19.96628952300021,0 73.77262239972342,19.96628957275899,0 73.77258359298924,19.96628704710961,0 73.77215500200013,19.96625913100019,0 73.77215493300004,19.96625913100019,0 73.77049619500011,19.96615124600005,0 73.76969950356604,19.96608903973725,0 73.76934547852379,19.96606137224486,0 73.769345488526,19.96606127413365,0 73.76890701547462,19.96602711192779,0 73.7689069835979,19.96602709814797,0 73.76796938700012,19.96595382900015,0 73.76796941619534,19.96595386901223,0 73.76796928800002,19.96595385900015,0 73.76796935621638,19.96595377408568,0 73.76776384022135,19.96598864238148,0 73.76608531658924,19.96398915959216,0 73.76595919996019,19.96405295472225,0 73.76391877075032,19.96173188733492,0 73.76281377883883,19.9606108576072,0 73.75683000524479,19.95548733478648,0 73.75367671157443,19.95220760782044,0 73.75247985015342,19.95122952999029,0 73.75149462779014,19.95042372088234,0 73.74853823551037,19.94798028815167,0 73.74581884707375,19.94551891276366,0 73.74343895116299,19.94319360281268,0 73.74148729270144,19.94194577588134,0 73.74057769754613,19.94123015580987,0 73.7391805418788,19.93987848224425,0 73.73801617503088,19.93864515376391,0 73.73599465416079,19.93677465887763,0 73.73504517035599,19.936236547962,0 73.73269539005535,19.93548067052514,0 73.73108564550114,19.93468404783129,0 73.73108696600015,19.93448586900026,0 73.73106686000025,19.93419841800019,0 73.73093158200008,19.92747989700021,0 73.73051607500025,19.9211109400002,0 73.73147145000016,19.92069662700011,0 73.73239015700024,19.92000596100017,0 73.73239069400019,19.91796784500028,0 73.74154031400015,19.91693258800016,0 73.74214022015921,19.91725648643694,0 73.74248662400011,19.91685970300026,0 73.74271937500009,19.91663331100018,0 73.74317128700018,19.91659266300019,0 73.7436963090001,19.91653930200013,0 73.74451988600012,19.91640755200024,0 73.74464445400012,19.91618465000027,0 73.74477095800012,19.91613684500013,0 73.74497763700008,19.91606981100027,0 73.74566177000028,19.9159821910003,0 73.74604322600022,19.91596848300024,0 73.74716711500022,19.91590842400015,0 73.74831793400014,19.91588793600023,0 73.74921349500025,19.91585194200027,0 73.74992711700014,19.91576711600018,0 73.75180439800013,19.91568645200026,0 73.75348659900014,19.91553886500022,0 73.75481825500019,19.91544340300013,0 73.75547435300011,19.91543599700023,0 73.75553080700017,19.91629474600014,0 73.75735056100028,19.91627525900022,0 73.75821727900022,19.91575557200012,0 73.76056640100026,19.91544484200016,0 73.76141526900015,19.91540197200017,0 73.76200468700024,19.91579857900021,0 73.76331777900018,19.91754423400014,0 73.76435520200013,19.91816059500025,0 73.76445014000016,19.91883653100022,0 73.76364693600014,19.9193912380002,0 73.76305415300021,19.91977565700029,0 73.76278624700025,19.92078366000012,0 73.76253484100023,19.92137689500027,0 73.7626159080001,19.92146165500017,0 73.76261591600029,19.92146170900018,0 73.76276022000015,19.92161250800031,0 73.7634059590002,19.92204243000018,0 73.76364465600014,19.92220150200019,0 73.76413683700027,19.92292368500017,0 73.76491567800014,19.92342230800013,0 73.76585585600013,19.92348370800023,0 73.76766391500024,19.92319399300015,0 73.7680894410001,19.92339827000027,0 73.76847791100009,19.92415687500024,0 73.76894509900021,19.92477705800031,0 73.76894515500021,19.92477721700023,0 73.76918716400024,19.92494983400022,0 73.7697297500002,19.92513053500016,0 73.77020534600011,19.92505213600015,0 73.77067513700017,19.9244515660002,0 73.77119226300015,19.92306740900016,0 73.77121597000024,19.92274602500022,0 73.77070152800013,19.91651694800023,0 73.77572893600026,19.91673298000016,0 73.77625038200024,19.91595512400028,0 73.77874381100023,19.91658397500018,0 73.77909243400021,19.91140707600021,0 73.78018471600016,19.90576001600015,0 73.78261584100014,19.90627113900025,0 73.7826198460002,19.90581285300017,0 73.78722030335838,19.91009357326075,0 73.78722027700026,19.91009262100025,0 73.79396632600022,19.91563591200016,0 73.79421389600009,19.91652230800014,0 73.79650617000021,19.91769539100012,0 73.7976126210002,19.91816892900022,0 73.79815817400012,19.91862083300013,0 73.79918089244313,19.91991789985566,0 73.79888892755957,19.92021218340945,0 73.79853964100016,19.92056417700017,0 73.79853964403658,19.92056424080468,0 73.79853962400024,19.92056426100017,0 73.79865154169998,19.9229159406789,0 73.79470145900019,19.92325949900025,0 73.79370420699576,19.92345834248157,0 73.79370417600019,19.92345835400027,0 73.79404798064992,19.9270778141285,0 73.79404798950782,19.92707788473433,0 73.79414754230244,19.92771484005838,0 73.79420902400039,19.92810845005444,0 73.79420906151235,19.92810845002362,0 73.79427468967347,19.92850537832069,0 73.79439755422659,19.92924847651905,0 73.79273552657492,19.92974500034493,0 73.79131610362717,19.93011913393413,0 73.78975522344355,19.92941854730169,0 73.78959485244931,19.93006194880902,0 73.78965573472719,19.93231875718913,0 73.78967512731393,19.93428655210603,0 73.78969795241007,19.93439210785182,0 73.78966567578877,19.93725419635341,0 73.78963483632282,19.93808250254142,0 73.78954731430244,19.93866755900995,0 73.78933388448701,19.9424492240683,0 73.79058564064847,19.94277656481569,0 73.79185701643368,19.94287207916273,0 73.79231171292302,19.94290626299396,0 73.79360502125509,19.94300313988231,0 73.79442886112747,19.94306740926789,0 73.79673387104842,19.94325946129773,0 73.79777963241276,19.9431352887091,0 73.79771796850017,19.95052585400021,0 73.79190803300017,19.95213498400013,0 73.78641263079133,19.95404519811343,0 73.78605509677365,19.95406757169,0 73.78515942207906,19.95391230110908,0 73.78357799250935,19.95384271621326,0 73.78354222079896,19.95384138719256,0 73.78349566440524,19.95384146795793,0 73.78030045150908,19.95383124791932,0 73.78008658200021,19.95383057900018,0 73.78008599009742,19.95383059566986,0 73.78008598900007,19.95383056400009,0 73.777560167961,19.95390172861296,0 73.77755982100014,19.95390173700002,0 73.77607316835268,19.95411384552266,0 73.77601898651621,19.95411264628884,0 73.77702928518821,19.95713642411218,0 73.77738911088774,19.95887754839817,0 73.77761085786784,19.95974269484347,0 73.77842618785799,19.96234562999648,0 73.77988032462927,19.96522361839191,0 73.77969614900015,19.96528346450024,0 73.77766906500011,19.96559411000014,0 73.77766899500011,19.96559417500006,0 73.77766933575154,19.96559703089504,0 73.77766522400024,19.96559766700017,0 73.77771141994269,19.96594974555404,0 73.77772807400011,19.96608932600008,0 73.77787130300015,19.966811794,0 73.77806268220704,19.96821364826316,0 
						</coordinates>
					</LinearRing>
				</outerBoundaryIs>
			</Polygon>
		</Placemark>
	</Document>
	<atom:link rel="app" href="https://www.google.com/earth/about/versions/#earth-pro" title="Google Earth Pro 7.3.6.10201"></atom:link>
</Folder>
</kml>
